elapsed_s,total_latency_ms,update_ms,plan_ms,time_to_goal,path_cost,obstacle_checks,queue_operations,collision_count,tree_size,avg_deg_out,avg_deg_in,radius
0.735791,735.285,727.972,7.31314,30,157.893,55273,716,0,746,16.6166,16.6166,20
0.744749,6.81291,0,6.81291,29.98,148.662,478,0,0,748,16.623,16.623,20
0.760359,1.65688,0,1.65688,29.98,148.662,224,1,0,749,16.6248,16.6248,20
0.767725,4.57704,0,4.57704,29.96,148.571,339,0,0,749,16.6248,16.6248,20
0.791226,8.21209,0,8.21209,29.96,148.571,659,23,0,750,16.676,16.676,20
0.798253,4.61974,0,4.61974,29.94,148.479,289,0,0,751,16.6778,16.6778,20
0.815091,1.29022,0,1.29022,29.94,148.479,164,0,0,751,16.6778,16.6778,20
0.820189,3.26869,0,3.26869,29.92,148.388,303,0,0,753,16.66,16.66,20
0.841687,3.91354,0,3.91354,29.92,148.388,365,4,0,755,16.6517,16.6517,20
0.850482,6.99321,0,6.99321,29.9,148.297,549,0,0,756,16.6892,16.6892,20
0.869144,4.8464,0,4.8464,29.9,148.297,432,0,0,758,16.6926,16.6926,20
0.878996,8.1693,0,8.1693,29.88,148.205,645,0,0,760,16.7355,16.7355,20
0.897602,5.5477,0,5.5477,29.88,148.205,367,2,0,761,16.7569,16.7569,20
0.899394,0.063244,0,0.063244,29.86,148.114,89,0,0,761,16.7569,16.7569,20
0.924898,4.67983,0,4.67983,29.86,148.114,258,0,0,762,16.7585,16.7585,20
0.927519,0.331858,0,0.331858,29.84,148.023,89,0,0,762,16.7585,16.7585,20
0.947624,0.111609,0,0.111609,29.84,148.023,89,0,0,762,16.7585,16.7585,20
0.955234,5.90172,0,5.90172,29.82,147.932,442,24,0,763,16.7693,16.7693,20
0.975126,5.02201,0,5.02201,29.82,146.813,371,0,0,764,16.788,16.788,20
0.979663,2.74528,0,2.74528,29.8,146.722,249,0,0,765,16.7869,16.7869,20
1.00068,3.06108,0,3.06108,29.8,146.722,269,0,0,766,16.7885,16.7885,20
1.00608,3.65352,0,3.65352,29.78,146.631,307,1,0,767,16.7979,16.7979,20
1.0241,0.694835,0,0.694835,29.78,146.631,89,0,0,767,16.7979,16.7979,20
1.03785,11.4945,0,11.4945,29.76,146.54,579,2,0,768,16.8398,16.8398,20
1.04663,0.152233,0,0.152233,29.76,146.54,89,0,0,768,16.8398,16.8398,20
1.04914,0.066338,0,0.066338,29.74,146.449,89,0,0,768,16.8398,16.8398,20
1.07564,5.94337,0,5.94337,29.74,146.449,319,2,0,769,16.8479,16.8479,20
1.08543,7.2084,0,7.2084,29.72,146.358,313,7,0,770,16.8571,16.8571,20
1.09888,0.182817,0,0.182817,29.72,146.358,89,0,0,770,16.8571,16.8571,20
1.10345,2.16422,0,2.16422,29.7,146.267,207,0,0,771,16.8703,16.8703,20
1.12705,5.01809,0,5.01809,29.7,146.267,389,0,0,772,16.8873,16.8873,20
1.13172,3.13883,0,3.13883,29.68,146.176,289,0,0,773,16.8913,16.8913,20
1.1563,6.86386,0,6.86386,29.68,146.176,526,2,0,774,16.9341,16.9341,20
1.16295,4.98818,0,4.98818,29.66,146.086,463,9,0,775,16.9665,16.9665,20
1.17918,0.640551,0,0.640551,29.66,146.086,89,0,0,775,16.9665,16.9665,20
1.18846,7.50184,0,7.50184,29.64,145.995,548,0,0,776,17.0142,17.0142,20
1.20421,2.78527,0,2.78527,29.64,145.995,270,0,0,777,17.0077,17.0077,20
1.20624,0.430051,0,0.430051,29.62,145.905,79,0,0,777,17.0077,17.0077,20
1.23838,11.7094,0,11.7094,29.62,145.905,629,0,0,778,17.0566,17.0566,20
1.25385,13.9291,0,13.9291,29.6,145.814,839,7,0,780,17.1103,17.1103,20
1.26464,4.45898,0,4.45898,29.6,145.814,359,0,0,781,17.1242,17.1242,20
1.27672,10.3909,0,10.3909,29.58,145.724,746,8,0,782,17.1893,17.1893,20
1.29029,3.79325,0,3.79325,29.58,145.724,319,0,0,783,17.198,17.198,20
1.30317,11.2961,0,11.2961,29.56,145.633,819,1,0,785,17.2484,17.2484,20
1.3268,14.7572,0,14.7572,29.56,145.633,1021,4,0,787,17.3329,17.3329,20
1.33416,5.61903,0,5.61903,29.54,145.543,469,0,0,788,17.3604,17.3604,20
1.35149,2.76361,0,2.76361,29.54,145.543,219,0,0,789,17.3561,17.3561,20
1.3587,5.65226,0,5.65226,29.52,145.453,464,0,0,790,17.3797,17.3797,20
1.37426,0.579001,0,0.579001,29.52,145.453,79,0,0,790,17.3797,17.3797,20
1.37643,0.264438,0,0.264438,29.5,145.363,79,0,0,790,17.3797,17.3797,20
1.39644,0.169431,0,0.169431,29.5,145.363,79,0,0,790,17.3797,17.3797,20
1.39826,0.307728,0,0.307728,29.48,145.273,79,0,0,790,17.3797,17.3797,20
1.42056,2.06537,0,2.06537,29.48,145.273,189,0,0,791,17.3717,17.3717,20
1.42533,3.29613,0,3.29613,29.46,145.183,189,0,0,792,17.3636,17.3636,20
1.45022,8.02919,0,8.02919,29.46,145.183,571,0,0,794,17.3829,17.3829,20
1.46003,8.09249,0,8.09249,29.44,145.093,569,8,0,796,17.4008,17.4008,20
1.47311,0.715119,0,0.715119,29.44,145.093,79,0,0,796,17.4008,17.4008,20
1.48018,5.59478,0,5.59478,29.42,145.004,459,0,0,797,17.4266,17.4266,20
1.50256,7.22449,0,7.22449,29.42,145.004,395,0,0,798,17.4461,17.4461,20
1.50742,2.84721,0,2.84721,29.4,144.914,349,2,0,799,17.4668,17.4668,20
1.54089,15.8557,0,15.8557,29.4,144.914,899,0,0,801,17.5256,17.5256,20
1.54808,5.50639,0,5.50639,29.38,144.825,460,2,0,802,17.5524,17.5524,20
1.5634,0.027318,0,0.027318,29.38,144.825,86,0,0,802,17.5524,17.5524,20
1.56569,0.011091,0,0.011091,29.36,144.735,87,0,0,802,17.5524,17.5524,20
1.59283,7.18697,0,7.18697,29.36,144.735,569,29,0,803,17.5791,17.5791,20
1.60273,7.91038,0,7.91038,29.34,144.646,478,0,0,804,17.6144,17.6144,20
1.61681,2.04938,0,2.04938,29.34,144.646,167,0,0,805,17.6025,17.6025,20
1.62716,8.71248,0,8.71248,29.32,144.557,637,0,0,807,17.627,17.627,20
1.64002,1.41894,0,1.41894,29.32,144.557,151,0,0,808,17.6188,17.6188,20
1.64353,1.95811,0,1.95811,29.3,144.468,226,0,0,809,17.6143,17.6143,20
1.67067,8.46362,0,8.46362,29.3,144.468,535,0,0,810,17.6494,17.6494,20
1.6743,1.85188,0,1.85188,29.28,144.379,200,0,0,811,17.6424,17.6424,20
1.69752,4.16842,0,4.16842,29.28,144.379,327,0,0,812,17.6502,17.6502,20
1.70799,8.35765,0,8.35765,29.26,144.29,617,2,0,813,17.6937,17.6937,20
1.72034,0.535184,0,0.535184,29.26,144.29,87,0,0,813,17.6937,17.6937,20
1.72713,4.31337,0,4.31337,29.24,144.201,165,0,0,814,17.7015,17.7015,20
1.74715,4.51861,0,4.51861,29.24,144.201,419,2,0,816,17.7047,17.7047,20
1.75066,1.82394,0,1.82394,29.22,144.112,204,0,0,817,17.7013,17.7013,20
1.77243,3.49405,0,3.49405,29.22,144.112,382,2,0,819,17.6947,17.6947,20
1.77962,5.46522,0,5.46522,29.2,144.023,503,8,0,820,17.7256,17.7256,20
1.79915,4.66502,0,4.66502,29.2,144.023,332,0,0,821,17.7369,17.7369,20
1.81105,8.582,0,8.582,29.18,143.934,428,0,0,823,17.7351,17.7351,20
1.82811,6.37858,0,6.37858,29.18,143.934,518,0,0,824,17.7646,17.7646,20
1.83031,0.247313,0,0.247313,29.16,143.845,115,0,0,824,17.7646,17.7646,20
1.85836,7.99946,0,7.99946,29.16,143.845,665,16,0,825,17.8097,17.8097,20
1.86743,7.14106,0,7.14106,29.14,143.756,608,0,0,826,17.8475,17.8475,20
1.88452,4.00985,0,4.00985,29.14,143.756,375,6,0,827,17.8573,17.8573,20
1.88669,0.118341,0,0.118341,29.12,143.667,115,0,0,827,17.8573,17.8573,20
1.90677,0.162333,0,0.162333,29.12,143.667,115,0,0,827,17.8573,17.8573,20
1.91345,4.72515,0,4.72515,29.1,143.578,417,2,0,829,17.8637,17.8637,20
1.92917,0.41545,0,0.41545,29.1,143.578,121,0,0,829,17.8637,17.8637,20
1.93717,6.13082,0,6.13082,29.08,143.489,511,0,0,830,17.8892,17.8892,20
1.95808,6.59795,0,6.59795,29.08,143.489,541,0,0,831,17.9182,17.9182,20
1.96219,2.14223,0,2.14223,29.06,143.4,273,0,0,832,17.9159,17.9159,20
1.98075,0.347148,0,0.347148,29.06,143.4,121,0,0,832,17.9159,17.9159,20
1.98901,6.2282,0,6.2282,29.04,143.311,411,9,0,833,17.9292,17.9292,20
2.00778,4.92523,0,4.92523,29.04,143.311,409,0,0,835,17.9281,17.9281,20
2.01934,9.3825,0,9.3825,29.02,143.222,739,18,0,837,17.9606,17.9606,20
2.03033,0.371228,0,0.371228,29.02,143.222,121,0,0,837,17.9606,17.9606,20
2.03765,5.36356,0,5.36356,29,143.134,455,0,0,839,17.9666,17.9666,20
2.05829,5.70865,0,5.70865,29,143.134,488,0,0,840,17.975,17.975,20
2.07007,9.80774,0,9.80774,28.98,143.045,781,0,0,841,18.0321,18.0321,20
2.09133,10.7745,0,10.7745,28.98,143.045,828,10,0,843,18.0807,18.0807,20
2.09369,0.368459,0,0.368459,28.96,142.956,121,0,0,843,18.0807,18.0807,20
2.1234,9.77485,0,9.77485,28.96,142.956,791,0,0,844,18.1386,18.1386,20
2.12789,2.54677,0,2.54677,28.94,142.867,268,6,0,845,18.1503,18.1503,20
2.14835,2.71087,0,2.71087,28.94,142.867,291,0,0,846,18.1489,18.1489,20
2.15652,6.18542,0,6.18542,28.92,142.778,501,0,0,847,18.1736,18.1736,20
2.17666,6.19361,0,6.19361,28.92,142.778,461,0,0,848,18.1934,18.1934,20
2.17889,0.072411,0,0.072411,28.9,142.689,122,0,0,848,18.1934,18.1934,20
2.1992,0.354427,0,0.354427,28.9,142.689,122,0,0,848,18.1934,18.1934,20
2.20315,1.86532,0,1.86532,28.88,142.6,253,0,0,849,18.1932,18.1932,20
2.2216,0.013402,0,0.013402,28.88,142.6,133,0,0,849,18.1932,18.1932,20
2.22895,5.16644,0,5.16644,28.86,142.511,551,9,0,850,18.2212,18.2212,20
2.24574,1.71744,0,1.71744,28.86,142.511,262,3,0,851,18.2186,18.2186,20
2.2594,11.5046,0,11.5046,28.84,142.422,928,59,0,853,18.2732,18.2732,20
2.26826,0.196169,0,0.196169,28.84,142.422,133,0,0,853,18.2732,18.2732,20
2.27771,7.09823,0,7.09823,28.82,142.333,513,2,0,854,18.2963,18.2963,20
2.29162,1.10373,0,1.10373,28.82,142.333,195,0,0,855,18.2842,18.2842,20
2.3006,6.63909,0,6.63909,28.8,142.244,424,4,0,856,18.2991,18.2991,20
2.33639,21.2916,0,21.2916,28.8,142.244,843,2,0,858,18.338,18.338,20
2.34129,0.888932,0,0.888932,28.78,142.155,143,0,0,858,18.338,18.338,20
2.36451,5.38786,0,5.38786,28.78,142.155,502,3,0,859,18.3586,18.3586,20
2.36806,0.981309,0,0.981309,28.76,142.066,188,0,0,860,18.343,18.343,20
2.39079,3.5102,0,3.5102,28.76,142.066,418,0,0,861,18.3542,18.3542,20
2.39333,0.326436,0,0.326436,28.74,141.977,143,0,0,861,18.3542,18.3542,20
2.42705,12.9688,0,12.9688,28.74,141.977,1008,1,0,863,18.416,18.416,20
2.43043,1.03834,0,1.03834,28.72,141.888,193,0,0,864,18.4005,18.4005,20
2.46961,19.8643,0,19.8643,28.72,141.888,1403,62,0,866,18.5035,18.5035,20
2.47778,5.81101,0,5.81101,28.7,141.799,542,0,0,867,18.5317,18.5317,20
2.49957,7.47034,0,7.47034,28.7,141.799,630,4,0,868,18.568,18.568,20
2.51026,8.42191,0,8.42191,28.68,141.71,723,0,0,870,18.592,18.592,20
2.52196,0.084514,0,0.084514,28.68,141.71,143,0,0,870,18.592,18.592,20
2.53751,13.2887,0,13.2887,28.66,141.621,932,0,0,872,18.6548,18.6548,20
2.55322,8.81123,0,8.81123,28.66,141.621,583,0,0,873,18.6838,18.6838,20
2.5583,0.847509,0,0.847509,28.64,141.532,143,0,0,873,18.6838,18.6838,20
2.5776,0.094754,0,0.094754,28.64,141.532,143,0,0,873,18.6838,18.6838,20
2.58576,5.34394,0,5.34394,28.62,141.444,493,35,0,874,18.7025,18.7025,20
2.60216,2.10841,0,2.10841,28.62,141.444,301,0,0,875,18.7006,18.7006,20
2.61331,8.82619,0,8.82619,28.6,141.355,773,0,0,876,18.75,18.75,20
2.63236,7.78566,0,7.78566,28.6,141.355,673,0,0,877,18.7879,18.7879,20
2.63555,0.256191,0,0.256191,28.58,141.266,153,0,0,877,18.7879,18.7879,20
2.66383,8.50984,0,8.50984,28.58,141.266,673,0,0,879,18.8055,18.8055,20
2.67155,4.74456,0,4.74456,28.56,141.177,469,8,0,880,18.8193,18.8193,20
2.68927,2.43466,0,2.43466,28.56,141.177,256,0,0,881,18.8138,18.8138,20
2.70197,9.98011,0,9.98011,28.54,141.088,821,0,0,883,18.8562,18.8562,20
2.71945,7.23064,0,7.23064,28.54,141.088,629,6,0,884,18.888,18.888,20
2.72584,3.59298,0,3.59298,28.52,140.999,419,0,0,885,18.896,18.896,20
2.74442,1.88114,0,1.88114,28.52,140.999,270,1,0,886,18.8883,18.8883,20
2.75893,11.8752,0,11.8752,28.5,140.91,950,0,0,888,18.9459,18.9459,20
2.77202,4.79037,0,4.79037,28.5,140.91,487,4,0,889,18.9606,18.9606,20
2.77465,0.306952,0,0.306952,28.48,140.821,169,0,0,889,18.9606,18.9606,20
2.80331,8.7864,0,8.7864,28.48,140.821,714,2,0,891,18.9843,18.9843,20
2.82245,15.21,0,15.21,28.46,140.732,735,56,0,893,19.0146,19.0146,20
2.83084,4.57,0,4.57,28.46,140.732,504,0,0,894,19.0336,19.0336,20
2.84454,9.05967,0,9.05967,28.44,140.643,512,4,0,896,19.029,19.029,20
2.85423,0.110537,0,0.110537,28.44,140.643,181,0,0,896,19.029,19.029,20
2.86169,5.0845,0,5.0845,28.42,140.554,551,4,0,897,19.0491,19.0491,20
2.88363,6.63112,0,6.63112,28.42,140.554,585,0,0,899,19.0534,19.0534,20
2.89146,5.01334,0,5.01334,28.4,140.465,481,0,0,900,19.0667,19.0667,20
2.90743,0.583474,0,0.583474,28.4,140.465,171,0,0,900,19.0667,19.0667,20
2.91113,0.824887,0,0.824887,28.38,140.376,171,0,0,900,19.0667,19.0667,20
2.94779,17.1556,0,17.1556,28.38,140.376,1269,0,0,902,19.1497,19.1497,20
2.95059,0.145203,0,0.145203,28.36,140.287,171,0,0,902,19.1497,19.1497,20
2.97245,1.51228,0,1.51228,28.36,140.287,276,0,0,903,19.1406,19.1406,20
2.98568,10.1576,0,10.1576,28.34,140.198,836,61,0,905,19.1834,19.1834,20
2.99918,3.67192,0,3.67192,28.34,140.198,438,1,0,906,19.1965,19.1965,20
3.00459,3.5998,0,3.5998,28.32,140.109,228,6,0,907,19.1974,19.1974,20
3.02645,5.19327,0,5.19327,28.32,140.109,298,0,0,908,19.2203,19.2203,20
3.0379,9.61278,0,9.61278,28.3,140.02,573,0,0,909,19.2607,19.2607,20
3.06117,12.5458,0,12.5458,28.3,140.02,879,4,0,911,19.3205,19.3205,20
3.06604,2.95424,0,2.95424,28.28,139.931,204,0,0,912,19.3377,19.3377,20
3.08325,0.185114,0,0.185114,28.28,139.931,28,0,0,912,19.3377,19.3377,20
3.08978,4.78202,0,4.78202,28.26,139.842,318,0,0,913,19.3483,19.3483,20
3.11067,5.31424,0,5.31424,28.26,139.842,412,3,0,915,19.3585,19.3585,20
3.11689,4.35064,0,4.35064,28.24,139.754,278,255,0,916,19.3646,19.3646,20
3.1378,4.93172,0,4.93172,28.24,137.266,338,0,0,917,19.373,19.373,20
3.14371,4.07487,0,4.07487,28.22,137.177,304,0,0,918,19.3867,19.3867,20
3.1707,10.6803,0,10.6803,28.22,137.177,348,3,0,919,19.4135,19.4135,20
3.19742,24.3294,0,24.3294,28.2,137.088,1068,4,0,921,19.4875,19.4875,20
3.21633,17.2723,0,17.2723,28.18,136.999,1048,111,0,923,19.5558,19.5558,20
3.22115,2.26305,0,2.26305,28.18,136.999,172,0,0,924,19.5519,19.5519,20
3.22442,2.11507,0,2.11507,28.16,136.91,155,0,0,925,19.5568,19.5568,20
3.25068,8.03221,0,8.03221,28.16,136.91,518,41,0,926,19.5886,19.5886,20
3.25821,6.01218,0,6.01218,28.14,136.676,423,0,0,928,19.5938,19.5938,20
3.28153,9.02493,0,9.02493,28.14,136.676,612,0,0,930,19.6183,19.6183,20
3.28612,3.06521,0,3.06521,28.12,136.587,218,12,0,931,19.6165,19.6165,20
3.31007,6.69915,0,6.69915,28.12,136.587,504,0,0,933,19.6249,19.6249,20
3.31202,0.395517,0,0.395517,28.1,136.498,51,0,0,933,19.6249,19.6249,20
3.34099,9.04184,0,9.04184,28.1,136.498,639,6,0,934,19.6724,19.6724,20
3.3444,1.87472,0,1.87472,28.08,136.409,176,0,0,935,19.6727,19.6727,20
3.37206,9.18623,0,9.18623,28.08,136.409,637,4,0,937,19.6937,19.6937,20
3.3736,0.054728,0,0.054728,28.06,136.32,47,0,0,937,19.6937,19.6937,20
3.40029,6.41066,0,6.41066,28.06,136.32,407,0,0,938,19.7111,19.7111,20
3.40525,3.31035,0,3.31035,28.04,136.231,247,1,0,939,19.7125,19.7125,20
3.42235,0.255704,0,0.255704,28.04,136.231,47,0,0,939,19.7125,19.7125,20
3.42493,0.723641,0,0.723641,28.02,136.142,68,0,0,940,19.6947,19.6947,20
3.44493,0.359461,0,0.359461,28.02,136.142,57,0,0,940,19.6947,19.6947,20
3.45363,7.20105,0,7.20105,28,136.053,523,0,0,941,19.7301,19.7301,20
3.46986,3.0731,0,3.0731,28,136.053,207,0,0,942,19.7251,19.7251,20
3.47162,0.053175,0,0.053175,27.98,135.964,57,0,0,942,19.7251,19.7251,20
3.49823,6.24179,0,6.24179,27.98,135.964,445,0,0,943,19.7359,19.7359,20
3.50463,4.2779,0,4.2779,27.96,135.875,376,0,0,944,19.7532,19.7532,20
3.52314,2.48886,0,2.48886,27.96,135.875,219,0,0,945,19.7513,19.7513,20
3.52557,0.103864,0,0.103864,27.94,135.787,57,0,0,945,19.7513,19.7513,20
3.55865,12.3103,0,12.3103,27.94,135.787,490,7,0,946,19.777,19.777,20
3.56926,7.7752,0,7.7752,27.92,135.698,307,1,0,947,19.7825,19.7825,20
3.58207,0.426618,0,0.426618,27.92,135.698,57,0,0,947,19.7825,19.7825,20
3.5847,0.221064,0,0.221064,27.9,135.609,57,0,0,947,19.7825,19.7825,20
3.61067,5.89908,0,5.89908,27.9,135.609,434,0,0,948,19.8228,19.8228,20
3.61993,6.21195,0,6.21195,27.88,135.52,423,0,0,950,19.82,19.82,20
3.63886,5.22939,0,5.22939,27.88,135.52,367,79,0,951,19.8318,19.8318,20
3.64962,9.02573,0,9.02573,27.86,135.225,457,0,0,952,19.8529,19.8529,20
3.66878,7.3691,0,7.3691,27.86,135.225,477,0,0,953,19.8762,19.8762,20
3.6712,0.65799,0,0.65799,27.84,135.136,91,0,0,953,19.8762,19.8762,20
3.70192,11.0008,0,11.0008,27.84,135.136,837,0,0,954,19.9371,19.9371,20
3.7135,9.7524,0,9.7524,27.82,135.047,540,5,0,956,19.9477,19.9477,20
3.72741,3.35342,0,3.35342,27.82,135.047,287,0,0,957,19.953,19.953,20
3.72909,0.170201,0,0.170201,27.8,134.958,57,0,0,957,19.953,19.953,20
3.75506,5.69786,0,5.69786,27.8,134.958,368,0,0,959,19.9447,19.9447,20
3.76545,8.25126,0,8.25126,27.78,134.869,539,0,0,960,19.975,19.975,20
3.78799,10.8812,0,10.8812,27.78,134.869,847,2,0,962,20.0208,20.0208,20
3.79033,0.431559,0,0.431559,27.76,134.78,57,0,0,962,20.0208,20.0208,20
3.80988,0.011384,0,0.011384,27.76,134.78,57,0,0,962,20.0208,20.0208,20
3.81186,0.308309,0,0.308309,27.74,134.691,58,0,0,962,20.0208,20.0208,20
3.83264,0.735612,0,0.735612,27.74,134.691,101,0,0,963,20.0062,20.0062,20
3.83991,5.02132,0,5.02132,27.72,134.602,208,0,0,964,20.0218,20.0218,20
3.85795,3.1925,0,3.1925,27.72,134.602,303,0,0,965,20.0259,20.0259,20
3.87296,13.142,0,13.142,27.7,134.513,786,4,0,966,20.0807,20.0807,20
3.89098,11.0433,0,11.0433,27.7,134.513,875,0,0,968,20.1312,20.1312,20
3.90281,9.80226,0,9.80226,27.68,134.424,511,0,0,970,20.1464,20.1464,20
3.91415,1.13329,0,1.13329,27.68,134.424,64,0,0,970,20.1464,20.1464,20
3.91908,3.41047,0,3.41047,27.66,134.336,314,1,0,971,20.1514,20.1514,20
3.94141,4.90582,0,4.90582,27.66,134.336,416,0,0,972,20.1677,20.1677,20
3.95205,8.81852,0,8.81852,27.64,134.247,614,0,0,973,20.2035,20.2035,20
3.96844,3.99461,0,3.99461,27.64,134.247,245,0,0,974,20.2043,20.2043,20
3.98012,9.75569,0,9.75569,27.62,134.158,678,0,0,976,20.2357,20.2357,20
3.99579,4.63876,0,4.63876,27.62,134.158,284,0,0,977,20.2375,20.2375,20
4.00453,5.77283,0,5.77283,27.6,134.069,439,0,0,978,20.2495,20.2495,20
4.0335,14.9146,0,14.9146,27.6,134.069,826,6,0,980,20.2929,20.2929,20
4.039,3.3817,0,3.3817,27.58,133.98,379,0,0,980,20.2929,20.2929,20
4.06765,11.494,0,11.494,27.58,133.98,613,0,0,981,20.3272,20.3272,20
4.06961,0.059913,0,0.059913,27.56,133.891,73,0,0,981,20.3272,20.3272,20
4.09964,8.83058,0,8.83058,27.56,133.891,458,0,0,982,20.3523,20.3523,20
4.11315,11.5883,0,11.5883,27.54,133.802,801,8,0,984,20.3872,20.3872,20
4.13996,16.928,0,16.928,27.54,133.802,1143,133,0,986,20.4574,20.4574,20
4.14493,3.10854,0,3.10854,27.52,133.713,235,0,0,987,20.4539,20.4539,20
4.16661,4.0262,0,4.0262,27.52,133.713,350,0,0,989,20.4449,20.4449,20
4.1724,3.97644,0,3.97644,27.5,133.624,334,1,0,990,20.4545,20.4545,20
4.1944,4.86831,0,4.86831,27.5,133.624,313,0,0,991,20.4581,20.4581,20
4.19707,0.667946,0,0.667946,27.48,133.535,73,0,0,991,20.4581,20.4581,20
4.22553,8.57345,0,8.57345,27.48,133.535,403,0,0,992,20.4708,20.4708,20
4.22878,0.860088,0,0.860088,27.46,133.446,73,0,0,992,20.4708,20.4708,20
4.25183,4.14326,0,4.14326,27.46,133.446,253,0,0,993,20.4683,20.4683,20
4.26367,8.9378,0,8.9378,27.44,133.357,633,15,0,995,20.4834,20.4834,20
4.28685,12.1838,0,12.1838,27.44,133.357,765,27,0,996,20.5361,20.5361,20
4.29054,1.37446,0,1.37446,27.42,133.268,169,0,0,997,20.5256,20.5256,20
4.31654,7.1094,0,7.1094,27.42,133.268,385,0,0,998,20.5311,20.5311,20
4.32436,4.9776,0,4.9776,27.4,133.179,425,0,0,999,20.5475,20.5475,20
4.33983,0.459072,0,0.459072,27.4,133.179,79,0,0,999,20.5475,20.5475,20
4.35744,15.6833,0,15.6833,27.38,133.09,869,0,0,1001,20.5854,20.5854,20
4.36516,2.56857,0,2.56857,27.38,133.09,232,0,0,1002,20.5918,20.5918,20
4.37367,6.55054,0,6.55054,27.36,133.001,549,0,0,1003,20.6152,20.6152,20
4.39702,9.01012,0,9.01012,27.36,133.001,649,25,0,1004,20.6514,20.6514,20
4.41354,14.6983,0,14.6983,27.34,132.912,879,10,0,1005,20.7104,20.7104,20
4.43364,13.925,0,13.925,27.34,132.912,1030,6,0,1007,20.7676,20.7676,20
4.45013,14.6518,0,14.6518,27.32,132.823,877,0,0,1009,20.8117,20.8117,20
4.46562,9.22545,0,9.22545,27.32,132.823,729,45,0,1010,20.8554,20.8554,20
4.47453,7.0404,0,7.0404,27.3,132.734,578,0,0,1011,20.8863,20.8863,20
4.48854,0.221733,0,0.221733,27.3,132.734,79,0,0,1011,20.8863,20.8863,20
4.4942,3.69167,0,3.69167,27.28,132.646,338,1,0,1012,20.8933,20.8933,20
4.51262,1.89579,0,1.89579,27.28,132.646,174,0,0,1012,20.8933,20.8933,20
4.52105,6.19694,0,6.19694,27.26,132.557,437,2,0,1013,20.9112,20.9112,20
4.53952,4.26281,0,4.26281,27.26,132.557,355,0,0,1014,20.9201,20.9201,20
4.54718,5.24081,0,5.24081,27.24,132.468,379,39,0,1015,20.9291,20.9291,20
4.56877,6.30162,0,6.30162,27.24,132.468,529,0,0,1016,20.9587,20.9587,20
4.5755,4.66932,0,4.66932,27.22,132.379,319,0,0,1017,20.9617,20.9617,20
4.59919,7.6774,0,7.6774,27.22,132.379,599,0,0,1018,20.9921,20.9921,20
4.61648,15.3824,0,15.3824,27.2,132.29,995,0,0,1020,21.0441,21.0441,20
4.63412,12.1997,0,12.1997,27.2,132.29,889,0,0,1022,21.0832,21.0832,20
4.64939,13.2166,0,13.2166,27.18,132.201,898,2,0,1024,21.1348,21.1348,20
4.66428,7.38817,0,7.38817,27.18,132.201,604,0,0,1025,21.1737,21.1737,20
4.67114,4.98498,0,4.98498,27.16,132.112,404,0,0,1026,21.1862,21.1862,20
4.69437,7.47944,0,7.47944,27.16,132.112,629,20,0,1027,21.2201,21.2201,20
4.70692,10.6672,0,10.6672,27.14,132.023,719,0,0,1028,21.2636,21.2636,20
4.72542,8.28576,0,8.28576,27.14,132.023,675,0,0,1029,21.3042,21.3042,20
4.731,3.70266,0,3.70266,27.12,131.934,299,0,0,1030,21.3175,21.3175,20
4.74834,0.257885,0,0.257885,27.12,131.934,59,0,0,1030,21.3175,21.3175,20
4.75693,6.61489,0,6.61489,27.1,131.845,485,0,0,1031,21.3307,21.3307,20
4.78172,11.2448,0,11.2448,27.1,131.845,759,0,0,1032,21.3779,21.3779,20
4.79647,12.4624,0,12.4624,27.08,131.756,848,0,0,1033,21.4327,21.4327,20
4.81091,6.97007,0,6.97007,27.08,131.756,554,0,0,1035,21.4512,21.4512,20
4.81889,5.45802,0,5.45802,27.06,131.667,448,0,0,1036,21.4817,21.4817,20
4.84834,14.9637,0,14.9637,27.06,131.667,1068,1,0,1038,21.5414,21.5414,20
4.85087,0.068924,0,0.068924,27.04,131.578,68,0,0,1038,21.5414,21.5414,20
4.87553,4.83892,0,4.83892,27.04,131.578,408,0,0,1039,21.5534,21.5534,20
4.89498,16.9056,0,16.9056,27.02,131.489,1118,6,0,1041,21.6129,21.6129,20
4.90909,11.2971,0,11.2971,27.02,131.489,868,0,0,1043,21.6577,21.6577,20
4.91657,4.94363,0,4.94363,27,131.4,432,2,0,1045,21.6517,21.6517,20
4.93962,8.20202,0,8.20202,27,131.4,608,0,0,1046,21.6826,21.6826,20
4.94868,6.80586,0,6.80586,26.98,131.311,511,0,0,1048,21.6889,21.6889,20
4.96314,0.63453,0,0.63453,26.98,131.311,78,0,0,1048,21.6889,21.6889,20
4.96711,1.69262,0,1.69262,26.96,131.222,189,0,0,1049,21.6873,21.6873,20
4.98588,0.13377,0,0.13377,26.96,131.222,78,0,0,1049,21.6873,21.6873,20
5.00731,19.1668,0,19.1668,26.94,131.133,778,0,0,1050,21.7333,21.7333,20
5.02196,11.4888,0,11.4888,26.92,131.044,478,16,0,1051,21.7517,21.7517,20
5.0457,14.9701,0,14.9701,26.92,131.044,548,0,0,1052,21.7766,21.7766,20
5.05652,7.22177,0,7.22177,26.9,130.956,378,0,0,1053,21.7854,21.7854,20
5.06863,0.349689,0,0.349689,26.9,130.956,68,0,0,1053,21.7854,21.7854,20
5.07943,9.02714,0,9.02714,26.88,130.867,656,0,0,1055,21.8057,21.8057,20
5.09078,0.058749,0,0.058749,26.88,130.867,68,0,0,1055,21.8057,21.8057,20
5.09729,4.75359,0,4.75359,26.86,130.778,328,6,0,1056,21.8097,21.8097,20
5.12072,7.80102,0,7.80102,26.86,130.778,527,0,0,1057,21.8373,21.8373,20
5.13735,14.4916,0,14.4916,26.84,130.689,978,2,0,1059,21.882,21.882,20
5.14571,2.499,0,2.499,26.84,130.689,219,0,0,1060,21.8868,21.8868,20
5.14842,0.296379,0,0.296379,26.82,130.6,68,0,0,1060,21.8868,21.8868,20
5.17237,3.65534,0,3.65534,26.82,130.6,158,0,0,1061,21.8746,21.8746,20
5.17591,0.351804,0,0.351804,26.8,130.511,68,0,0,1061,21.8746,21.8746,20
5.20085,5.42055,0,5.42055,26.8,130.511,334,0,0,1062,21.8804,21.8804,20
5.21631,13.0535,0,13.0535,26.78,130.422,883,106,0,1064,21.9173,21.9173,20
5.23268,9.23349,0,9.23349,26.78,130.422,668,16,0,1066,21.9325,21.9325,20
5.24061,5.28156,0,5.28156,26.76,130.333,426,4,0,1068,21.9326,21.9326,20
5.25714,0.931941,0,0.931941,26.76,130.333,112,0,0,1068,21.9326,21.9326,20
5.26937,10.0994,0,10.0994,26.74,130.244,757,0,0,1069,21.9785,21.9785,20
5.29067,10.8657,0,10.8657,26.74,130.244,790,0,0,1071,22.0121,22.0121,20
5.29433,1.24699,0,1.24699,26.72,130.155,160,0,0,1071,22.0121,22.0121,20
5.32495,11.5356,0,11.5356,26.72,130.155,888,14,0,1072,22.0662,22.0662,20
5.32752,0.170673,0,0.170673,26.7,130.066,88,0,0,1072,22.0662,22.0662,20
5.36066,12.9262,0,12.9262,26.7,130.066,930,14,0,1074,22.1089,22.1089,20
5.36741,4.34499,0,4.34499,26.68,129.977,358,10,0,1075,22.1135,22.1135,20
5.38399,0.520686,0,0.520686,26.68,129.977,110,0,0,1076,22.0967,22.0967,20
5.3889,2.63372,0,2.63372,26.66,129.888,198,0,0,1077,22.0864,22.0864,20
5.41458,7.71321,0,7.71321,26.66,129.888,538,0,0,1078,22.1076,22.1076,20
5.42245,5.62052,0,5.62052,26.64,129.799,448,0,0,1079,22.1242,22.1242,20
5.44326,6.17906,0,6.17906,26.64,129.799,484,0,0,1080,22.1444,22.1444,20
5.44877,2.90333,0,2.90333,26.62,129.71,248,0,0,1081,22.1388,22.1388,20
5.48566,19.8541,0,19.8541,26.62,129.71,1451,4,0,1083,22.2271,22.2271,20
5.49416,5.99264,0,5.99264,26.6,129.621,488,2,0,1084,22.2435,22.2435,20
5.50892,0.61042,0,0.61042,26.6,129.621,88,0,0,1084,22.2435,22.2435,20
5.51395,2.82994,0,2.82994,26.58,129.532,262,0,0,1085,22.2406,22.2406,20
5.56346,31.1271,0,31.1271,26.58,129.532,1148,0,0,1087,22.2999,22.2999,20
5.57527,8.75224,0,8.75224,26.56,129.443,598,13,0,1088,22.3263,22.3263,20
5.59623,9.6283,0,9.6283,26.56,129.443,696,0,0,1089,22.3655,22.3655,20
5.60385,4.54716,0,4.54716,26.54,129.354,470,2,0,1090,22.3807,22.3807,20
5.62848,8.96985,0,8.96985,26.54,129.354,633,0,0,1091,22.417,22.417,20
5.64617,14.3888,0,14.3888,26.52,129.265,990,0,0,1093,22.4593,22.4593,20
5.66103,8.96997,0,8.96997,26.52,129.265,518,0,0,1094,22.4781,22.4781,20
5.67365,10.0098,0,10.0098,26.5,129.177,718,6,0,1095,22.5151,22.5151,20
5.69769,13.772,0,13.772,26.5,129.177,945,8,0,1097,22.5588,22.5588,20
5.71072,9.67632,0,9.67632,26.48,129.088,494,0,0,1098,22.5683,22.5683,20
5.73512,13.8561,0,13.8561,26.48,129.088,933,2,0,1100,22.6045,22.6045,20
5.73862,0.971339,0,0.971339,26.46,128.999,157,4,0,1101,22.5931,22.5931,20
5.75775,0.117442,0,0.117442,26.46,128.999,88,0,0,1101,22.5931,22.5931,20
5.764,3.8855,0,3.8855,26.44,128.91,258,2,0,1102,22.588,22.588,20
5.7918,10.9686,0,10.9686,26.44,128.91,760,0,0,1103,22.6292,22.6292,20
5.79478,0.573635,0,0.573635,26.42,128.821,88,0,0,1103,22.6292,22.6292,20
5.83209,16.9071,0,16.9071,26.42,128.821,1143,28,0,1105,22.6869,22.6869,20
5.83558,0.488548,0,0.488548,26.4,128.732,94,0,0,1105,22.6869,22.6869,20
5.86732,12.2286,0,12.2286,26.4,128.732,780,0,0,1107,22.7209,22.7209,20
5.87239,1.90824,0,1.90824,26.38,128.643,175,0,0,1107,22.7209,22.7209,20
5.8964,5.84116,0,5.84116,26.38,128.643,501,0,0,1108,22.7419,22.7419,20
5.90663,7.54768,0,7.54768,26.36,128.554,514,6,0,1109,22.7665,22.7665,20
5.93155,11.9953,0,11.9953,26.36,128.554,974,0,0,1111,22.8083,22.8083,20
5.93929,4.67417,0,4.67417,26.34,128.465,318,0,0,1112,22.8282,22.8282,20
5.96092,6.18152,0,6.18152,26.34,128.465,484,0,0,1113,22.8428,22.8428,20
6.30713,343.528,338.557,4.97094,26.32,128.376,26959,829,0,1114,22.8528,22.8528,20
6.31232,2.42781,0,2.42781,26.3,127.25,294,0,0,1114,22.8528,22.8528,20
6.33624,5.70437,0,5.70437,26.3,127.25,448,0,0,1115,22.8691,22.8691,20
6.34478,6.36239,0,6.36239,26.28,127.182,522,0,0,1116,22.8907,22.8907,20
6.36534,6.38561,0,6.38561,26.28,127.182,507,2,0,1118,22.8909,22.8909,20
6.37439,6.39646,0,6.39646,26.26,127.115,518,21,0,1119,22.9088,22.9088,20
6.39652,8.29733,0,8.29733,26.26,127.115,670,2,0,1120,22.9411,22.9411,20
6.4111,11.8548,0,11.8548,26.24,127.047,951,133,0,1122,22.9866,22.9866,20
6.43102,11.6286,0,11.6286,26.24,127.047,865,10,0,1124,23.0196,23.0196,20
6.43379,0.185619,0,0.185619,26.22,126.979,107,0,0,1124,23.0196,23.0196,20
6.45745,3.43292,0,3.43292,26.22,126.979,367,0,0,1125,23.0222,23.0222,20
6.47011,10.2687,0,10.2687,26.2,126.911,775,0,0,1126,23.0604,23.0604,20
6.48757,6.96267,0,6.96267,26.2,126.911,538,0,0,1127,23.0665,23.0665,20
6.49555,5.77024,0,5.77024,26.18,126.843,444,0,0,1128,23.0745,23.0745,20
6.51936,8.66045,0,8.66045,26.18,126.843,674,0,0,1129,23.1027,23.1027,20
6.53309,11.3617,0,11.3617,26.16,126.776,865,0,0,1130,23.1496,23.1496,20
6.54328,0.578236,0,0.578236,26.16,126.776,134,0,0,1130,23.1496,23.1496,20
6.54952,4.01502,0,4.01502,26.14,126.708,334,4,0,1131,23.1468,23.1468,20
6.57116,4.75935,0,4.75935,26.14,126.708,455,0,0,1132,23.1661,23.1661,20
6.57907,5.44269,0,5.44269,26.12,126.64,508,1,0,1134,23.1711,23.1711,20
6.59997,5.48377,0,5.48377,26.12,126.64,490,0,0,1136,23.1725,23.1725,20
6.60848,6.12652,0,6.12652,26.1,126.572,534,0,0,1137,23.1873,23.1873,20
6.62845,5.56254,0,5.56254,26.1,126.572,504,0,0,1138,23.1995,23.1995,20
6.63188,0.558325,0,0.558325,26.08,126.505,142,0,0,1138,23.1995,23.1995,20
6.66057,9.00365,0,9.00365,26.08,126.505,681,0,0,1140,23.2289,23.2289,20
7.08649,422.914,402.946,19.9682,26.06,126.437,35652,948,0,1142,23.3074,23.3074,20
7.09031,0.631679,0,0.631679,26.04,126.369,129,0,0,1142,23.3074,23.3074,20
7.11544,5.35376,0,5.35376,26.04,126.369,538,3,0,1144,23.3138,23.3138,20
7.12373,5.87911,0,5.87911,26.02,126.301,618,0,0,1145,23.3467,23.3467,20
7.16293,24.0181,0,24.0181,26.02,126.301,1749,4,0,1147,23.4464,23.4464,20
7.16898,2.04877,0,2.04877,26,126.234,267,0,0,1148,23.4399,23.4399,20
7.18612,0.704125,0,0.704125,26,126.234,20,0,0,1148,23.4399,23.4399,20
7.2026,14.4924,0,14.4924,25.98,126.166,978,5,0,1150,23.5061,23.5061,20
7.22313,14.9406,0,14.9406,25.98,126.166,990,64,0,1152,23.5495,23.5495,20
7.2324,7.3951,0,7.3951,25.96,126.098,395,1,0,1153,23.5655,23.5655,20
7.24838,3.29169,0,3.29169,25.96,126.098,150,0,0,1154,23.5563,23.5563,20
7.27165,21.5718,0,21.5718,25.94,126.031,1315,0,0,1156,23.6306,23.6306,20
7.58629,312.447,298.493,13.9541,25.92,125.963,29317,982,0,1158,23.6615,23.6615,20
7.59167,2.96496,0,2.96496,25.9,125.895,208,0,0,1159,23.6678,23.6678,20
7.6189,10.2174,0,10.2174,25.9,125.895,494,0,0,1160,23.6914,23.6914,20
7.62564,4.71122,0,4.71122,25.88,125.827,361,5,0,1161,23.7063,23.7063,20
7.659,17.9998,0,17.9998,25.88,125.827,1064,28,0,1163,23.7601,23.7601,20
7.66351,2.57429,0,2.57429,25.86,125.76,197,0,0,1164,23.7577,23.7577,20
7.6928,11.887,0,11.887,25.86,125.76,824,18,0,1166,23.7907,23.7907,20
7.69735,2.48789,0,2.48789,25.84,125.692,147,0,0,1167,23.7858,23.7858,20
7.74189,26.5064,0,26.5064,25.84,125.692,927,2,0,1169,23.8315,23.8315,20
7.76027,16.2321,0,16.2321,25.82,125.624,964,4,0,1171,23.8753,23.8753,20
7.76658,2.19087,0,2.19087,25.82,125.624,155,2,0,1172,23.8703,23.8703,20
7.77408,5.6189,0,5.6189,25.8,125.556,425,4,0,1173,23.8943,23.8943,20
7.79754,8.71387,0,8.71387,25.8,125.556,568,25,0,1175,23.9004,23.9004,20
7.80123,1.81164,0,1.81164,25.78,125.489,176,0,0,1175,23.9004,23.9004,20
7.82015,0.335149,0,0.335149,25.78,125.489,20,0,0,1175,23.9004,23.9004,20
7.82858,6.26749,0,6.26749,25.76,125.421,420,0,0,1177,23.8938,23.8938,20
7.85004,7.53351,0,7.53351,25.76,125.421,485,0,0,1178,23.9134,23.9134,20
7.85987,7.6381,0,7.6381,25.74,125.353,589,7,0,1180,23.9288,23.9288,20
7.88245,10.1946,0,10.1946,25.74,125.353,650,2,0,1181,23.9619,23.9619,20
7.88973,5.28655,0,5.28655,25.72,125.285,370,2,0,1182,23.9712,23.9712,20
7.90846,3.9649,0,3.9649,25.72,125.285,190,0,0,1183,23.9653,23.9653,20
7.93265,22.478,0,22.478,25.7,125.218,1302,7,0,1185,24.0338,24.0338,20
7.93625,0.85344,0,0.85344,25.68,125.15,50,0,0,1185,24.0338,24.0338,20
7.97702,21.579,0,21.579,25.68,125.15,954,27,0,1187,24.0767,24.0767,20
7.98811,9.12082,0,9.12082,25.66,125.082,644,0,0,1188,24.1372,24.1372,20
8.00817,9.11463,0,9.11463,25.66,125.082,613,1,0,1190,24.1471,24.1471,20
8.01156,1.63687,0,1.63687,25.64,125.015,137,0,0,1191,24.1385,24.1385,20
8.03357,3.15908,0,3.15908,25.64,125.015,180,3,0,1192,24.1317,24.1317,20
8.05713,21.652,0,21.652,25.62,124.947,1563,12,0,1194,24.2219,24.2219,20
8.06572,6.93898,0,6.93898,25.6,124.879,460,61,0,1195,24.2385,24.2385,20
8.08027,1.01656,0,1.01656,25.6,124.879,20,0,0,1195,24.2385,24.2385,20
8.08818,6.24407,0,6.24407,25.58,124.811,430,0,0,1196,24.2525,24.2525,20
8.11613,13.8084,0,13.8084,25.58,124.811,912,0,0,1198,24.2871,24.2871,20
8.12475,6.58834,0,6.58834,25.56,124.744,460,0,0,1199,24.3036,24.3036,20
8.1442,5.87528,0,5.87528,25.56,124.744,386,2,0,1200,24.3233,24.3233,20
8.15328,7.14708,0,7.14708,25.54,124.676,552,0,0,1201,24.3356,24.3356,20
8.17393,7.64622,0,7.64622,25.54,124.676,500,0,0,1202,24.3552,24.3552,20
8.18545,9.53831,0,9.53831,25.52,124.608,730,0,0,1204,24.3912,24.3912,20
8.21229,15.7675,0,15.7675,25.52,124.608,1144,0,0,1206,24.4668,24.4668,20
8.21492,0.613186,0,0.613186,25.5,124.54,20,0,0,1206,24.4668,24.4668,20
8.23933,4.88,0,4.88,25.5,124.54,315,0,0,1207,24.4772,24.4772,20
8.24865,7.53342,0,7.53342,25.48,124.473,573,0,0,1208,24.5083,24.5083,20
8.26749,5.6362,0,5.6362,25.48,124.473,367,2,0,1210,24.5165,24.5165,20
8.2722,2.74334,0,2.74334,25.46,124.405,205,3,0,1211,24.5136,24.5136,20
8.28992,0.098758,0,0.098758,25.46,124.405,20,0,0,1211,24.5136,24.5136,20
8.2921,0.302382,0,0.302382,25.44,124.337,20,0,0,1211,24.5136,24.5136,20
8.31907,6.72214,0,6.72214,25.44,124.337,300,9,0,1212,24.5165,24.5165,20
8.33726,16.3879,0,16.3879,25.42,124.269,1201,7,0,1214,24.5832,24.5832,20
8.34487,3.68782,0,3.68782,25.42,124.269,202,0,0,1215,24.5786,24.5786,20
8.79069,442.98,437.399,5.58057,25.4,124.202,40709,1131,0,1216,24.5839,24.5839,20
8.80158,6.8308,0,6.8308,25.38,124.134,578,2,0,1217,24.5949,24.5949,20
8.81535,0.524665,0,0.524665,25.38,124.134,200,0,0,1217,24.5949,24.5949,20
8.8199,1.95103,0,1.95103,25.36,124.066,342,0,0,1218,24.6034,24.6034,20
8.84039,1.52883,0,1.52883,25.36,124.066,320,0,0,1219,24.5956,24.5956,20
8.84814,5.92258,0,5.92258,25.34,123.998,522,2,0,1221,24.6118,24.6118,20
8.86286,0.23155,0,0.23155,25.34,123.998,20,0,0,1221,24.6118,24.6118,20
8.86542,0.558034,0,0.558034,25.32,123.931,20,0,0,1221,24.6118,24.6118,20
8.89059,5.04577,0,5.04577,25.32,123.931,312,1,0,1222,24.6268,24.6268,20
8.90107,7.89038,0,7.89038,25.3,123.863,450,0,0,1224,24.6217,24.6217,20
8.92916,15.4923,0,15.4923,25.3,123.863,909,2,0,1226,24.6705,24.6705,20
8.93905,7.97478,0,7.97478,25.28,123.795,591,0,0,1227,24.7001,24.7001,20
8.96985,17.999,0,17.999,25.28,123.795,1038,0,0,1229,24.7502,24.7502,20
8.98746,15.3316,0,15.3316,25.26,123.728,1221,0,0,1231,24.8197,24.8197,20
9.00124,9.11859,0,9.11859,25.26,123.728,664,0,0,1232,24.8523,24.8523,20
9.01367,10.4797,0,10.4797,25.24,123.66,778,10,0,1234,24.8874,24.8874,20
9.04226,19.0165,0,19.0165,25.24,123.66,1428,0,0,1236,24.9709,24.9709,20
9.05612,11.6747,0,11.6747,25.22,123.592,716,0,0,1238,25.004,25.004,20
9.07907,14.5073,0,14.5073,25.22,123.592,1028,0,0,1240,25.0492,25.0492,20
9.19451,113.207,112.419,0.788474,25.2,123.524,9191,235,0,1240,25.0492,25.0492,20
9.19756,0.156592,0,0.156592,25.18,124.725,158,0,0,1240,25.0492,25.0492,20
9.21938,1.59477,0,1.59477,25.18,124.725,245,1,0,1241,25.0395,25.0395,20
9.22185,0.160596,0,0.160596,25.16,124.443,162,0,0,1241,25.0395,25.0395,20
9.2555,12.1157,0,12.1157,25.16,124.443,846,0,0,1243,25.0555,25.0555,20
9.26202,4.08291,0,4.08291,25.14,124.16,411,0,0,1244,25.0643,25.0643,20
9.28761,8.79759,0,8.79759,25.14,124.16,718,0,0,1245,25.0884,25.0884,20
9.29656,6.50114,0,6.50114,25.12,123.878,618,0,0,1246,25.1043,25.1043,20
9.31839,7.44655,0,7.44655,25.12,123.878,755,0,0,1247,25.1451,25.1451,20
9.33118,10.2835,0,10.2835,25.1,123.596,995,3,0,1249,25.1785,25.1785,20
9.35809,15.9183,0,15.9183,25.1,123.596,1318,7,0,1251,25.2582,25.2582,20
9.36262,2.12763,0,2.12763,25.08,123.314,312,0,0,1251,25.2582,25.2582,20
9.39305,11.5703,0,11.5703,25.08,123.314,1015,4,0,1253,25.2865,25.2865,20
9.408,12.5126,0,12.5126,25.06,123.031,1058,4,0,1255,25.3219,25.3219,20
9.42742,11.0096,0,11.0096,25.06,123.031,980,14,0,1256,25.3694,25.3694,20
9.44583,15.7423,0,15.7423,25.04,122.749,1359,14,0,1258,25.4308,25.4308,20
9.45817,7.11011,0,7.11011,25.04,122.749,767,3,0,1260,25.4444,25.4444,20
9.47334,12.4126,0,12.4126,25.02,122.467,1119,0,0,1262,25.4762,25.4762,20
9.49663,14.5045,0,14.5045,25.02,122.467,1256,1,0,1264,25.5277,25.5277,20
9.50638,6.30358,0,6.30358,25,122.185,598,0,0,1265,25.5368,25.5368,20
9.53451,14.0025,0,14.0025,25,122.185,1248,1,0,1267,25.5872,25.5872,20
9.82511,286.731,285.879,0.852342,24.98,121.902,31243,1252,0,1267,25.5872,25.5872,20
9.83913,10.3292,0,10.3292,24.96,121.62,1042,6,0,1269,25.6399,25.6399,20
9.8584,9.3776,0,9.3776,24.96,121.62,845,9,0,1271,25.6554,25.6554,20
9.87022,8.71439,0,8.71439,24.94,121.338,1008,0,0,1273,25.7046,25.7046,20
9.88241,0.501152,0,0.501152,24.94,121.338,222,0,0,1273,25.7046,25.7046,20
9.89142,5.92716,0,5.92716,24.92,121.056,702,1,0,1274,25.719,25.719,20
9.90676,0.432794,0,0.432794,24.92,121.056,232,0,0,1274,25.719,25.719,20
9.9159,6.2414,0,6.2414,24.9,120.773,638,0,0,1275,25.7302,25.7302,20
9.93281,2.0689,0,2.0689,24.9,120.773,348,4,0,1276,25.7187,25.7187,20
9.94418,8.53208,0,8.53208,24.88,120.491,886,0,0,1277,25.7494,25.7494,20
9.96639,10.0377,0,10.0377,24.88,120.491,963,0,0,1278,25.7895,25.7895,20
9.97561,5.97897,0,5.97897,24.86,120.209,672,3,0,1279,25.8155,25.8155,20
9.99257,2.49711,0,2.49711,24.86,120.209,431,1,0,1280,25.8102,25.8102,20
10.001,5.12993,0,5.12993,24.84,119.927,598,1,0,1282,25.7972,25.7972,20
10.0241,8.1025,0,8.1025,24.84,119.927,849,0,0,1283,25.8153,25.8153,20
10.0366,9.18396,0,9.18396,24.82,119.644,982,5,0,1285,25.8358,25.8358,20
10.0554,7.83477,0,7.83477,24.82,119.644,843,6,0,1286,25.8701,25.8701,20
10.0661,7.31567,0,7.31567,24.8,119.362,810,4,0,1287,25.8974,25.8974,20
10.0822,3.41232,0,3.41232,24.8,119.362,466,2,0,1288,25.8944,25.8944,20
10.0859,0.421457,0,0.421457,24.78,119.08,272,0,0,1288,25.8944,25.8944,20
10.1148,8.23544,0,8.23544,24.78,119.08,763,6,0,1289,25.9341,25.9341,20
10.125,6.71855,0,6.71855,24.76,118.798,870,19,0,1291,25.9512,25.9512,20
10.1437,4.3586,0,4.3586,24.76,118.798,548,0,0,1292,25.9505,25.9505,20
10.1576,10.2656,0,10.2656,24.74,118.515,1073,0,0,1294,25.9845,25.9845,20
10.1689,0.451433,0,0.451433,24.74,118.515,308,0,0,1294,25.9845,25.9845,20
10.1792,6.62877,0,6.62877,24.72,118.233,744,0,0,1295,25.9977,25.9977,20
10.1999,6.8327,0,6.8327,24.72,118.233,756,0,0,1296,26.0162,26.0162,20
10.2091,5.39218,0,5.39218,24.7,117.951,662,0,0,1297,26.0324,26.0324,20
10.2318,7.42307,0,7.42307,24.7,117.951,846,47,0,1298,26.0532,26.0532,20
10.2374,1.69334,0,1.69334,24.68,117.669,401,2,0,1299,26.0477,26.0477,20
10.2698,13.3663,0,13.3663,24.68,117.669,1182,6,0,1300,26.0869,26.0869,20
10.2749,0.667783,0,0.667783,24.66,117.386,346,0,0,1300,26.0869,26.0869,20
10.295,0.269616,0,0.269616,24.66,117.386,346,0,0,1300,26.0869,26.0869,20
10.2995,0.145794,0,0.145794,24.64,117.104,356,0,0,1300,26.0869,26.0869,20
10.3377,18.5341,0,18.5341,24.64,117.104,1654,51,0,1302,26.1528,26.1528,20
10.3507,8.68363,0,8.68363,24.62,116.822,990,1,0,1304,26.171,26.171,20
10.3631,0.332446,0,0.332446,24.62,116.822,382,0,0,1304,26.171,26.171,20
10.382,14.317,0,14.317,24.6,116.54,1459,0,0,1306,26.2282,26.2282,20
10.3886,0.775855,0,0.775855,24.6,116.54,396,0,0,1306,26.2282,26.2282,20
10.407,14.0108,0,14.0108,24.58,116.257,1462,23,0,1308,26.2722,26.2722,20
10.4139,0.477539,0,0.477539,24.58,116.257,410,0,0,1308,26.2722,26.2722,20
10.4181,0.071969,0,0.071969,24.56,115.975,418,0,0,1308,26.2722,26.2722,20
10.4493,10.0231,0,10.0231,24.56,115.975,1093,0,0,1309,26.3086,26.3086,20
10.4514,0.351243,0,0.351243,24.54,115.693,32,0,0,1309,26.3086,26.3086,20
10.4792,7.40139,0,7.40139,24.54,115.693,577,4,0,1310,26.3412,26.3412,20
10.4874,6.47074,0,6.47074,24.52,115.411,597,1,0,1311,26.3768,26.3768,20
10.5096,7.93843,0,7.93843,24.52,115.411,566,0,0,1312,26.407,26.407,20
10.5309,19.3211,0,19.3211,24.5,115.128,1474,0,0,1314,26.4795,26.4795,20
10.7118,178.568,171.772,6.79598,24.48,114.846,17467,434,0,1315,26.4913,26.4913,20
10.718,3.41479,0,3.41479,24.46,114.564,245,1,0,1316,26.4977,26.4977,20
10.7372,2.3021,0,2.3021,24.46,114.564,178,2,0,1317,26.4981,26.4981,20
10.7394,0.400999,0,0.400999,24.44,114.282,30,0,0,1317,26.4981,26.4981,20
10.7631,3.3707,0,3.3707,24.44,114.282,281,0,0,1318,26.5046,26.5046,20
10.7654,0.48896,0,0.48896,24.42,113.999,40,0,0,1318,26.5046,26.5046,20
10.7943,8.6429,0,8.6429,24.42,113.999,660,2,0,1319,26.5315,26.5315,20
10.8059,9.77612,0,9.77612,24.4,113.717,803,0,0,1321,26.5731,26.5731,20
10.8228,5.9485,0,5.9485,24.4,113.717,473,3,0,1323,26.5676,26.5676,20
10.829,4.35745,0,4.35745,24.38,113.435,380,4,0,1324,26.5785,26.5785,20
10.8508,5.98542,0,5.98542,24.38,113.435,438,0,0,1325,26.5962,26.5962,20
10.8543,1.07162,0,1.07162,24.36,113.153,76,0,0,1325,26.5962,26.5962,20
10.8803,6.98549,0,6.98549,24.36,113.153,440,2,0,1326,26.6056,26.6056,20
10.8919,9.26109,0,9.26109,24.34,112.87,729,6,0,1328,26.6212,26.6212,20
10.9066,3.93363,0,3.93363,24.34,112.87,330,0,0,1329,26.6223,26.6223,20
10.9094,0.572322,0,0.572322,24.32,112.588,70,0,0,1329,26.6223,26.6223,20
10.9439,14.2957,0,14.2957,24.32,112.588,1070,181,0,1331,26.6574,26.6574,20
10.9509,4.85351,0,4.85351,24.3,112.306,399,0,0,1333,26.6564,26.6564,20
10.9713,4.44608,0,4.44608,24.3,112.306,409,0,0,1334,26.6694,26.6694,20
10.9939,20.3788,0,20.3788,24.28,112.024,1646,2,0,1336,26.756,26.756,20
11.005,8.93347,0,8.93347,24.26,111.741,820,44,0,1338,26.7735,26.7735,20
11.0194,2.72715,0,2.72715,24.26,111.741,276,4,0,1339,26.7692,26.7692,20
11.0286,7.17238,0,7.17238,24.24,111.459,708,0,0,1341,26.7793,26.7793,20
11.0521,10.3538,0,10.3538,24.24,111.459,779,28,0,1343,26.8131,26.8131,20
11.0713,16.7878,0,16.7878,24.22,111.177,1254,57,0,1345,26.8625,26.8625,20
11.0751,0.403453,0,0.403453,24.22,110.651,77,0,0,1345,26.8625,26.8625,20
11.0888,11.4914,0,11.4914,24.2,110.368,1008,0,0,1347,26.8998,26.8998,20
11.1059,7.64373,0,7.64373,24.2,110.368,627,0,0,1348,26.9206,26.9206,20
11.1158,7.68398,0,7.68398,24.18,110.086,651,16,0,1349,26.9518,26.9518,20
11.1379,8.92623,0,8.92623,24.18,110.086,710,0,0,1350,26.9844,26.9844,20
11.1454,5.29763,0,5.29763,24.16,109.804,555,0,0,1351,27.0059,27.0059,20
11.1627,1.77896,0,1.77896,24.16,109.804,199,0,0,1352,26.9963,26.9963,20
11.1705,5.42422,0,5.42422,24.14,109.522,466,0,0,1353,27.0118,27.0118,20
11.1948,8.99679,0,8.99679,24.14,109.522,700,0,0,1354,27.0606,27.0606,20
11.1973,0.31972,0,0.31972,24.12,109.239,68,0,0,1354,27.0606,27.0606,20
11.2307,12.8898,0,12.8898,24.12,109.239,978,31,0,1356,27.0878,27.0878,20
11.2374,4.48098,0,4.48098,24.1,108.957,413,0,0,1357,27.1076,27.1076,20
11.2554,1.65573,0,1.65573,24.1,108.957,157,0,0,1358,27.0965,27.0965,20
11.2578,0.32915,0,0.32915,24.08,108.675,65,0,0,1358,27.0965,27.0965,20
11.2849,7.00806,0,7.00806,24.08,108.675,485,0,0,1359,27.1074,27.1074,20
11.2974,10.104,0,10.104,24.06,108.393,815,11,0,1361,27.1389,27.1389,20
11.3153,7.8633,0,7.8633,24.06,108.393,597,0,0,1362,27.1593,27.1593,20
11.328,10.2329,0,10.2329,24.04,108.11,735,0,0,1363,27.1886,27.1886,20
11.3569,18.9072,0,18.9072,24.04,108.11,1330,10,0,1365,27.2513,27.2513,20
11.3639,4.26387,0,4.26387,24.02,107.828,384,0,0,1366,27.265,27.265,20
11.3896,9.47492,0,9.47492,24.02,107.828,676,0,0,1367,27.2911,27.2911,20
11.398,5.92564,0,5.92564,24,107.546,560,0,0,1368,27.3143,27.3143,20
11.4184,5.54369,0,5.54369,24,107.546,505,0,0,1369,27.3324,27.3324,20
11.4208,0.126558,0,0.126558,23.98,107.264,65,0,0,1369,27.3324,27.3324,20
11.442,0.948475,0,0.948475,23.98,107.264,65,0,0,1369,27.3324,27.3324,20
11.4499,5.60513,0,5.60513,23.96,106.981,465,0,0,1371,27.3217,27.3217,20
11.4662,1.73754,0,1.73754,23.96,106.981,121,0,0,1371,27.3217,27.3217,20
11.4688,0.401162,0,0.401162,23.94,106.699,72,0,0,1371,27.3217,27.3217,20
11.4898,0.548872,0,0.548872,23.94,106.699,72,0,0,1371,27.3217,27.3217,20
11.5081,15.3758,0,15.3758,23.92,106.417,941,0,0,1373,27.3452,27.3452,20
11.5214,8.14424,0,8.14424,23.92,106.417,573,0,0,1374,27.3668,27.3668,20
11.5374,13.5995,0,13.5995,23.9,106.135,960,1,0,1376,27.4099,27.4099,20
11.5553,10.8017,0,10.8017,23.9,106.135,773,0,0,1377,27.4611,27.4611,20
11.5592,1.61165,0,1.61165,23.88,105.852,201,0,0,1377,27.4611,27.4611,20
11.5903,11.8132,0,11.8132,23.88,105.852,1023,11,0,1379,27.496,27.496,20
11.6032,10.5728,0,10.5728,23.86,105.57,825,2,0,1380,27.5377,27.5377,20
11.6232,10.0756,0,10.0756,23.86,105.57,696,2,0,1382,27.5528,27.5528,20
11.6374,11.8675,0,11.8675,23.84,105.288,909,2,0,1384,27.5947,27.5947,20
11.6481,2.0807,0,2.0807,23.84,105.288,224,0,0,1385,27.5957,27.5957,20
11.6578,7.31501,0,7.31501,23.82,105.006,648,0,0,1386,27.6241,27.6241,20
11.6754,4.44497,0,4.44497,23.82,105.006,302,0,0,1387,27.62,27.62,20
11.6822,3.95675,0,3.95675,23.8,104.723,345,16,0,1388,27.6268,27.6268,20
11.6991,0.870059,0,0.870059,23.8,104.723,82,0,0,1388,27.6268,27.6268,20
11.7227,21.1112,0,21.1112,23.78,104.441,1462,0,0,1390,27.7014,27.7014,20
11.7315,6.05848,0,6.05848,23.76,104.159,523,0,0,1391,27.6937,27.6937,20
11.7506,4.67016,0,4.67016,23.76,104.159,372,6,0,1392,27.6947,27.6947,20
11.7534,0.622823,0,0.622823,23.74,103.877,96,0,0,1392,27.6947,27.6947,20
11.7862,13.1012,0,13.1012,23.74,103.877,1104,0,0,1394,27.7461,27.7461,20
11.7975,8.67978,0,8.67978,23.72,103.594,636,25,0,1395,27.7649,27.7649,20
11.8098,0.386467,0,0.386467,23.72,103.594,96,0,0,1395,27.7649,27.7649,20
11.8188,6.47158,0,6.47158,23.7,103.312,614,3,0,1397,27.7702,27.7702,20
11.833,0.158454,0,0.158454,23.7,103.312,103,0,0,1397,27.7702,27.7702,20
11.8429,7.28059,0,7.28059,23.68,103.03,516,0,0,1398,27.7804,27.7804,20
11.8762,19.7413,0,19.7413,23.68,103.03,1408,0,0,1400,27.8407,27.8407,20
11.8796,0.423218,0,0.423218,23.66,102.748,103,0,0,1400,27.8407,27.8407,20
11.9004,1.12354,0,1.12354,23.66,102.748,103,0,0,1400,27.8407,27.8407,20
11.9095,6.3286,0,6.3286,23.64,102.465,507,0,0,1401,27.858,27.858,20
11.9386,14.5572,0,14.5572,23.64,102.465,1030,0,0,1403,27.8895,27.8895,20
11.9495,8.08893,0,8.08893,23.62,102.183,710,0,0,1404,27.911,27.911,20
11.9725,10.8168,0,10.8168,23.62,102.183,842,4,0,1406,27.9275,27.9275,20
11.9898,14.2147,0,14.2147,23.6,101.901,1048,4,0,1408,27.9545,27.9545,20
11.9956,0.242726,0,0.242726,23.6,101.901,137,0,0,1408,27.9545,27.9545,20
12.0024,3.98158,0,3.98158,23.58,101.619,357,0,0,1409,27.9503,27.9503,20
12.0302,10.8449,0,10.8449,23.58,101.619,897,2,0,1411,27.9738,27.9738,20
12.0379,4.66054,0,4.66054,23.56,101.336,488,0,0,1413,27.9618,27.9618,20
12.0671,12.8166,0,12.8166,23.56,101.336,968,35,0,1415,27.9936,27.9936,20
12.0798,9.94135,0,9.94135,23.54,101.054,935,0,0,1417,28.0311,28.0311,20
12.0972,6.25899,0,6.25899,23.54,101.054,603,0,0,1418,28.043,28.043,20
12.1042,3.97892,0,3.97892,23.52,100.772,469,0,0,1419,28.0451,28.0451,20
12.1264,5.26962,0,5.26962,23.52,100.772,509,1,0,1420,28.0592,28.0592,20
12.1382,8.62947,0,8.62947,23.5,100.49,870,5,0,1421,28.0978,28.0978,20
12.1556,5.00235,0,5.00235,23.5,100.49,468,1,0,1422,28.0992,28.0992,20
12.1624,3.78978,0,3.78978,23.48,100.207,426,0,0,1423,28.1075,28.1075,20
12.1886,9.02952,0,9.02952,23.48,100.207,848,32,0,1425,28.1165,28.1165,20
12.2039,12.1929,0,12.1929,23.46,99.6268,1055,10,0,1426,28.1585,28.1585,20
12.2129,0.40171,0,0.40171,23.46,99.6268,175,0,0,1426,28.1585,28.1585,20
12.2162,0.223433,0,0.223433,23.44,99.3446,182,0,0,1426,28.1585,28.1585,20
12.2386,1.87339,0,1.87339,23.44,99.3446,347,1,0,1427,28.1521,28.1521,20
12.2579,15.9043,0,15.9043,23.42,99.0624,1108,382,0,1429,28.1812,28.1812,20
12.2652,1.01851,0,1.01851,23.42,99.0624,325,0,0,1429,28.1812,28.1812,20
12.2762,6.04249,0,6.04249,23.4,98.7801,739,0,0,1430,28.1895,28.1895,20
12.2941,3.39572,0,3.39572,23.4,98.7801,629,0,0,1431,28.1936,28.1936,20
12.2999,0.500045,0,0.500045,23.38,98.4979,348,0,0,1431,28.1936,28.1936,20
12.3206,0.327823,0,0.327823,23.38,98.4979,348,0,0,1431,28.1936,28.1936,20
12.3272,0.748278,0,0.748278,23.36,98.2156,368,0,0,1431,28.1936,28.1936,20
12.3482,0.647218,0,0.647218,23.36,98.2156,368,0,0,1431,28.1936,28.1936,20
12.3606,6.73088,0,6.73088,23.34,97.9334,799,0,0,1432,28.2053,28.2053,20
12.3934,18.9581,0,18.9581,23.34,97.9334,1641,63,0,1434,28.2601,28.2601,20
12.3995,0.2601,0,0.2601,23.32,97.6511,384,0,0,1434,28.2601,28.2601,20
12.4207,0.621651,0,0.621651,23.32,97.6511,384,0,0,1434,28.2601,28.2601,20
12.4263,0.329422,0,0.329422,23.3,97.3689,370,0,0,1434,28.2601,28.2601,20
12.4498,2.55058,0,2.55058,23.3,97.3689,512,0,0,1435,28.2509,28.2509,20
12.4558,0.157207,0,0.157207,23.28,97.0866,389,0,0,1435,28.2509,28.2509,20
12.4857,8.32683,0,8.32683,23.28,97.0866,961,0,0,1437,28.2533,28.2533,20
12.4957,4.09859,0,4.09859,23.26,96.8044,693,0,0,1438,28.2656,28.2656,20
12.5186,5.58698,0,5.58698,23.26,96.8044,805,2,0,1440,28.2611,28.2611,20
12.5247,0.453841,0,0.453841,23.24,96.5221,389,0,0,1440,28.2611,28.2611,20
12.5529,7.4695,0,7.4695,23.24,96.5221,967,0,0,1441,28.2984,28.2984,20
12.5682,9.66764,0,9.66764,23.22,96.2399,1106,0,0,1442,28.3391,28.3391,20
12.5823,2.46405,0,2.46405,23.22,96.2399,454,0,0,1442,28.3391,28.3391,20
12.5901,1.80971,0,1.80971,23.2,95.9576,501,0,0,1443,28.3278,28.3278,20
12.6142,5.05064,0,5.05064,23.2,95.9576,792,0,0,1444,28.3435,28.3435,20
12.6206,0.588065,0,0.588065,23.18,95.6754,407,0,0,1444,28.3435,28.3435,20
12.6466,5.38305,0,5.38305,23.18,95.6754,840,2,0,1445,28.3647,28.3647,20
12.6666,13.8537,0,13.8537,23.16,95.3931,1476,0,0,1447,28.4216,28.4216,20
12.6753,1.73463,0,1.73463,23.16,95.3931,570,0,0,1447,28.4216,28.4216,20
12.6852,3.77326,0,3.77326,23.14,95.005,674,0,0,1448,28.424,28.424,20
12.7034,0.595438,0,0.595438,23.14,95.005,420,0,0,1448,28.424,28.424,20
12.7127,3.10505,0,3.10505,23.12,94.8435,594,0,0,1448,28.424,28.424,20
12.7362,5.59346,0,5.59346,23.12,94.8435,770,0,0,1449,28.4306,28.4306,20
12.7444,1.74469,0,1.74469,23.1,94.6824,518,0,0,1450,28.42,28.42,20
12.7639,0.442335,0,0.442335,23.1,94.6824,414,0,0,1450,28.42,28.42,20
12.7767,5.99572,0,5.99572,23.08,94.5213,817,0,0,1451,28.4287,28.4287,20
12.792,0.846227,0,0.846227,23.08,94.5213,407,0,0,1451,28.4287,28.4287,20
12.809,10.0809,0,10.0809,23.06,94.3603,1172,2,0,1453,28.4535,28.4535,20
12.8204,0.597318,0,0.597318,23.06,94.3603,427,0,0,1453,28.4535,28.4535,20
12.8325,5.5105,0,5.5105,23.04,94.1993,727,0,0,1454,28.4546,28.4546,20
12.8482,0.472899,0,0.472899,23.04,94.1993,427,0,0,1454,28.4546,28.4546,20
12.8614,6.88616,0,6.88616,23.02,94.0382,1010,0,0,1456,28.4581,28.4581,20
12.8893,9.78963,0,9.78963,23.02,94.0382,807,0,0,1457,28.464,28.464,20
12.9124,12.5513,0,12.5513,23,93.8772,1240,0,0,1459,28.4818,28.4818,20
12.9281,8.93619,0,8.93619,22.98,93.7162,1003,29,0,1460,28.5014,28.5014,20
12.952,12.252,0,12.252,22.98,93.7162,1376,2,0,1462,28.552,28.552,20
12.9654,6.47159,0,6.47159,22.96,93.5552,897,0,0,1463,28.5851,28.5851,20
12.9894,9.89293,0,9.89293,22.96,93.5552,1175,2,0,1464,28.6209,28.6209,20
13.009,12.5468,0,12.5468,22.94,93.3941,1616,0,0,1466,28.6726,28.6726,20
13.0175,0.264139,0,0.264139,22.94,93.3941,486,0,0,1466,28.6726,28.6726,20
13.0383,13.6686,0,13.6686,22.92,93.2331,1581,5,0,1468,28.7221,28.7221,20
13.0554,9.73094,0,9.73094,22.9,93.0721,1183,0,0,1470,28.7537,28.7537,20
13.0674,0.986976,0,0.986976,22.9,93.0721,479,0,0,1470,28.7537,28.7537,20
13.0804,6.09248,0,6.09248,22.88,92.911,974,22,0,1472,28.748,28.748,20
13.0984,3.28736,0,3.28736,22.88,92.911,712,0,0,1473,28.7434,28.7434,20
13.1142,8.0805,0,8.0805,22.86,92.75,1161,1,0,1474,28.7802,28.7802,20
13.1317,5.16434,0,5.16434,22.86,92.75,895,1,0,1475,28.7858,28.7858,20
13.144,4.262,0,4.262,22.84,92.589,840,0,0,1476,28.7886,28.7886,20
13.1697,9.77432,0,9.77432,22.84,92.589,1212,23,0,1477,28.8301,28.8301,20
13.1787,1.14778,0,1.14778,22.82,92.428,528,0,0,1477,28.8301,28.8301,20
13.2063,8.16392,0,8.16392,22.82,92.428,1159,0,0,1478,28.8755,28.8755,20
13.225,10.2003,0,10.2003,22.8,92.2669,1272,0,0,1480,28.9014,28.9014,20
13.2413,5.95599,0,5.95599,22.8,92.2669,1117,2,0,1481,28.9318,28.9318,20
13.2609,11.5431,0,11.5431,22.78,92.1059,1428,4,0,1482,28.9723,28.9723,20
13.2752,5.97104,0,5.97104,22.78,92.1059,1057,0,0,1484,28.9751,28.9751,20
13.2877,4.43835,0,4.43835,22.76,91.9449,908,0,0,1485,28.9859,28.9859,20
13.3068,3.41996,0,3.41996,22.76,91.9449,853,0,0,1486,28.9953,28.9953,20
13.3275,12.2204,0,12.2204,22.74,91.7839,1612,15,0,1488,29.0591,29.0591,20
13.3471,11.9174,0,11.9174,22.72,91.6228,1278,0,0,1490,29.0698,29.0698,20
13.3635,8.64068,0,8.64068,22.72,91.6228,1180,0,0,1491,29.1107,29.1107,20
13.3798,8.88114,0,8.88114,22.7,91.4618,1058,2,0,1492,29.126,29.126,20
13.3954,4.45346,0,4.45346,22.7,91.4618,883,0,0,1492,29.126,29.126,20
13.4056,2.74514,0,2.74514,22.68,91.3008,713,0,0,1493,29.1279,29.1279,20
13.4314,8.10012,0,8.10012,22.68,91.3008,1152,0,0,1494,29.1633,29.1633,20
14.0771,637.241,636.373,0.867445,22.66,91.1397,61854,1366,0,1494,29.1633,29.1633,20
14.0862,4.25026,0,4.25026,22.64,90.9787,564,0,0,1495,29.1679,29.1679,20
14.1126,10.2165,0,10.2165,22.64,90.9787,926,0,0,1496,29.2139,29.2139,20
14.1255,8.57245,0,8.57245,22.62,90.8177,905,10,0,1498,29.223,29.223,20
14.1453,7.43012,0,7.43012,22.62,90.8177,679,0,0,1499,29.2382,29.2382,20
14.1694,20.1127,0,20.1127,22.6,90.6567,1767,0,0,1501,29.3051,29.3051,20
14.187,13.6428,0,13.6428,22.58,90.4956,1251,0,0,1503,29.3407,29.3407,20
14.2033,9.37243,0,9.37243,22.58,90.4956,948,0,0,1505,29.3601,29.3601,20
14.2082,0.679446,0,0.679446,22.56,90.3346,217,0,0,1505,29.3601,29.3601,20
14.2513,22.9151,0,22.9151,22.56,90.3346,1830,14,0,1507,29.4287,29.4287,20
14.2806,24.7894,0,24.7894,22.54,90.1736,2019,0,0,1509,29.5262,29.5262,20
14.2849,0.062927,0,0.062927,22.52,90.0126,210,0,0,1509,29.5262,29.5262,20
14.309,3.79956,0,3.79956,22.52,90.0126,470,0,0,1510,29.5238,29.5238,20
14.3237,10.7009,0,10.7009,22.5,89.8515,1118,4,0,1512,29.5602,29.5602,20
14.3337,0.183028,0,0.183028,22.5,89.8515,210,0,0,1512,29.5602,29.5602,20
14.3478,9.78153,0,9.78153,22.48,89.6905,949,2,0,1514,29.5707,29.5707,20
14.3659,6.41317,0,6.41317,22.48,89.6905,777,0,0,1515,29.5934,29.5934,20
14.3795,9.5277,0,9.5277,22.46,89.5295,900,0,0,1516,29.6194,29.6194,20
14.3991,8.05898,0,8.05898,22.46,89.5295,807,4,0,1518,29.6238,29.6238,20
14.4204,17.0661,0,17.0661,22.44,89.3684,1520,0,0,1520,29.6737,29.6737,20
14.4258,1.48076,0,1.48076,22.42,89.2074,291,0,0,1520,29.6737,29.6737,20
14.4484,3.78141,0,3.78141,22.42,89.2074,483,0,0,1521,29.6752,29.6752,20
14.4544,1.70917,0,1.70917,22.4,89.0464,340,1,0,1522,29.6643,29.6643,20
14.4832,10.1726,0,10.1726,22.4,89.0464,1023,0,0,1523,29.6986,29.6986,20
14.4938,5.99057,0,5.99057,22.38,88.8854,570,4,0,1524,29.7021,29.7021,20
14.5148,6.68859,0,6.68859,22.38,88.8854,794,0,0,1526,29.7018,29.7018,20
14.5294,10.0668,0,10.0668,22.36,88.7243,993,0,0,1527,29.738,29.738,20
14.5553,15.3468,0,15.3468,22.36,88.7243,1357,0,0,1528,29.7932,29.7932,20
14.5629,2.5721,0,2.5721,22.34,88.5633,430,0,0,1529,29.7868,29.7868,20
14.5847,4.41707,0,4.41707,22.34,88.5633,585,0,0,1530,29.802,29.802,20
14.6011,11.4744,0,11.4744,22.32,88.4023,1068,2,0,1531,29.8393,29.8393,20
14.6168,6.90278,0,6.90278,22.32,88.4023,740,30,0,1532,29.8518,29.8518,20
14.6349,12.9714,0,12.9714,22.3,88.2413,1222,0,0,1534,29.8781,29.8781,20
14.6483,6.15269,0,6.15269,22.3,88.2413,700,0,0,1535,29.8977,29.8977,20
14.6563,2.9567,0,2.9567,22.28,88.0802,503,0,0,1536,29.8965,29.8965,20
14.6738,0.359268,0,0.359268,22.28,88.0802,250,0,0,1536,29.8965,29.8965,20
14.6944,16.3162,0,16.3162,22.26,87.9192,1472,0,0,1538,29.9382,29.9382,20
14.7057,6.5965,0,6.5965,22.24,87.7582,876,17,0,1539,29.9649,29.9649,20
14.7241,4.38913,0,4.38913,22.24,87.7582,626,7,0,1540,29.976,29.976,20
14.737,8.33313,0,8.33313,22.22,87.5971,877,4,0,1542,29.9909,29.9909,20
14.7614,11.9377,0,11.9377,22.22,87.5971,1070,0,0,1543,30.0246,30.0246,20
14.7796,13.6442,0,13.6442,22.2,87.4361,1343,1,0,1545,30.0667,30.0667,20
14.7962,8.96762,0,8.96762,22.2,87.4361,917,0,0,1547,30.0724,30.0724,20
14.8096,8.7239,0,8.7239,22.18,87.2751,961,11,0,1549,30.0813,30.0813,20
14.8277,5.76815,0,5.76815,22.18,87.2751,691,0,0,1550,30.0916,30.0916,20
14.8399,7.65672,0,7.65672,22.16,87.1141,787,0,0,1551,30.107,30.107,20
14.8565,2.942,0,2.942,22.16,87.1141,480,0,0,1552,30.1024,30.1024,20
15.5773,715.932,705.275,10.6566,22.14,86.953,73142,1520,0,1554,30.1261,30.1261,20
15.5909,9.52561,0,9.52561,22.12,86.792,804,0,0,1556,30.1324,30.1324,20
15.6076,6.1855,0,6.1855,22.12,86.792,618,1,0,1557,30.1599,30.1599,20
15.6154,4.60331,0,4.60331,22.1,86.631,399,0,0,1558,30.1592,30.1592,20
15.6373,6.35574,0,6.35574,22.1,86.631,604,5,0,1559,30.1802,30.1802,20
15.6414,0.67418,0,0.67418,22.08,86.4699,120,0,0,1559,30.1802,30.1802,20
15.6626,1.5672,0,1.5672,22.08,86.4699,280,1,0,1560,30.1712,30.1712,20
15.6751,9.49178,0,9.49178,22.06,86.3089,897,0,0,1561,30.2037,30.2037,20
15.6961,9.45857,0,9.45857,22.06,86.3089,794,8,0,1562,30.242,30.242,20
15.7106,11.4362,0,11.4362,22.04,86.1479,1153,25,0,1564,30.2864,30.2864,20
15.7242,4.09578,0,4.09578,22.04,86.1479,430,0,0,1565,30.2933,30.2933,20
15.7373,10.0352,0,10.0352,22.02,85.9869,935,101,0,1566,30.3257,30.3257,20
15.7584,10.2182,0,10.2182,22.02,85.9869,871,0,0,1567,30.3452,30.3452,20
15.7715,9.95364,0,9.95364,22,85.8258,873,0,0,1569,30.3811,30.3811,20
15.7876,4.93177,0,4.93177,22,85.8258,490,2,0,1570,30.3854,30.3854,20
15.798,7.43936,0,7.43936,21.98,85.6648,743,0,0,1571,30.4106,30.4106,20
15.8251,13.4714,0,13.4714,21.98,85.6648,1135,0,0,1573,30.4355,30.4355,20
15.8319,3.83244,0,3.83244,21.96,85.5038,539,0,0,1574,30.4422,30.4422,20
15.8533,4.20012,0,4.20012,21.96,85.5038,545,1,0,1575,30.4489,30.4489,20
15.8674,10.8869,0,10.8869,21.94,85.3428,919,49,0,1577,30.4756,30.4756,20
15.8835,6.07245,0,6.07245,21.94,85.3428,776,16,0,1579,30.482,30.482,20
15.897,10.4966,0,10.4966,21.92,85.1817,960,0,0,1580,30.5165,30.5165,20
15.9132,5.53267,0,5.53267,21.92,85.1817,655,1,0,1582,30.5152,30.5152,20
15.9194,3.12395,0,3.12395,21.9,85.0207,406,8,0,1583,30.518,30.518,20
15.9474,9.94281,0,9.94281,21.9,85.0207,1142,18,0,1585,30.5502,30.5502,20
15.9512,0.644217,0,0.644217,21.88,84.8597,140,0,0,1585,30.5502,30.5502,20
15.983,11.3746,0,11.3746,21.88,84.8597,1079,6,0,1587,30.5728,30.5728,20
15.989,2.84288,0,2.84288,21.86,84.6986,405,11,0,1588,30.5705,30.5705,20
16.0177,10.3228,0,10.3228,21.86,84.6986,896,0,0,1590,30.5862,30.5862,20
16.5159,494.835,478.597,16.238,21.84,84.5376,57414,1554,0,1592,30.652,30.652,20
16.5242,4.41884,0,4.41884,21.82,84.3766,441,0,0,1593,30.6798,30.6798,20
16.5452,5.11479,0,5.11479,21.82,84.3766,443,5,0,1594,30.6819,30.6819,20
16.5588,10.2029,0,10.2029,21.8,84.2156,926,0,0,1595,30.7135,30.7135,20
16.5784,8.85991,0,8.85991,21.8,84.2156,690,0,0,1597,30.7095,30.7095,20
16.588,6.14603,0,6.14603,21.78,84.0545,605,2,0,1598,30.719,30.719,20
16.6043,1.31805,0,1.31805,21.78,84.0545,145,0,0,1598,30.719,30.719,20
16.6177,9.46762,0,9.46762,21.76,83.8935,930,1,0,1600,30.7338,30.7338,20
16.6413,12.1527,0,12.1527,21.76,83.8935,952,1,0,1602,30.7634,30.7634,20
16.6551,10.4143,0,10.4143,21.74,83.7325,963,0,0,1603,30.8091,30.8091,20
16.6683,2.62136,0,2.62136,21.74,83.7325,296,1,0,1604,30.8049,30.8049,20
16.6778,5.42847,0,5.42847,21.72,83.5715,631,7,0,1605,30.8262,30.8262,20
16.6955,2.13678,0,2.13678,21.72,83.5715,236,0,0,1605,30.8262,30.8262,20
16.6999,0.66034,0,0.66034,21.7,83.4104,165,0,0,1605,30.8262,30.8262,20
16.7297,9.84109,0,9.84109,21.7,83.4104,1023,2,0,1607,30.8787,30.8787,20
16.738,4.17381,0,4.17381,21.68,83.2494,450,2,0,1608,30.88,30.88,20
16.7576,3.36906,0,3.36906,21.68,83.2494,467,0,0,1609,30.8813,30.8813,20
16.7658,4.05834,0,4.05834,21.66,83.0884,489,0,0,1610,30.8832,30.8832,20
16.7975,15.3707,0,15.3707,21.66,83.0884,1374,91,0,1612,30.9225,30.9225,20
16.8114,9.52431,0,9.52431,21.64,82.9273,1078,28,0,1614,30.9418,30.9418,20
16.8294,7.15198,0,7.15198,21.64,82.9273,668,0,0,1615,30.9542,30.9542,20
16.844,10.1092,0,10.1092,21.62,82.7663,935,2,0,1617,30.9821,30.9821,20
16.8717,17.4511,0,17.4511,21.62,82.7663,1518,9,0,1619,31.0352,31.0352,20
16.8799,3.80255,0,3.80255,21.6,82.6053,456,6,0,1620,31.0457,31.0457,20
16.9062,9.71381,0,9.71381,21.6,82.6053,985,0,0,1622,31.0629,31.0629,20
16.9183,8.10069,0,8.10069,21.58,82.4443,710,0,0,1623,31.0764,31.0764,20
16.9355,4.23175,0,4.23175,21.58,82.4443,506,1,0,1624,31.0825,31.0825,20
16.9444,4.77991,0,4.77991,21.56,82.2832,545,0,0,1625,31.0843,31.0843,20
16.9689,7.88205,0,7.88205,21.56,82.2832,738,0,0,1627,31.0836,31.0836,20
16.9816,8.00056,0,8.00056,21.54,82.1222,823,0,0,1629,31.1001,31.1001,20
17.0024,7.85113,0,7.85113,21.54,82.1222,939,0,0,1630,31.1374,31.1374,20
17.0158,9.02949,0,9.02949,21.52,81.9612,993,10,0,1632,31.152,31.152,20
17.0361,8.22455,0,8.22455,21.52,81.9612,888,1,0,1633,31.18,31.18,20
17.0457,5.29441,0,5.29441,21.5,81.8002,710,7,0,1634,31.1952,31.1952,20
17.0617,0.195954,0,0.195954,21.5,81.8002,235,0,0,1634,31.1952,31.1952,20
17.0692,3.15419,0,3.15419,21.48,81.6391,415,0,0,1635,31.1878,31.1878,20
17.0872,0.722715,0,0.722715,21.48,81.6391,225,0,0,1635,31.1878,31.1878,20
17.1022,10.1253,0,10.1253,21.46,81.4781,1065,0,0,1637,31.2034,31.2034,20
17.1151,2.97368,0,2.97368,21.46,81.4781,434,1,0,1638,31.2021,31.2021,20
17.1316,11.9039,0,11.9039,21.44,81.3171,1271,7,0,1640,31.2354,31.2354,20
17.1487,8.0951,0,8.0951,21.44,81.3171,765,2,0,1641,31.2492,31.2492,20
17.155,1.47826,0,1.47826,21.42,81.156,371,0,0,1642,31.2436,31.2436,20
17.175,0.622845,0,0.622845,21.42,81.156,225,0,0,1642,31.2436,31.2436,20
17.1855,6.32952,0,6.32952,21.4,80.995,731,7,0,1644,31.2409,31.2409,20
17.2148,14.496,0,14.496,21.4,80.995,1433,0,0,1646,31.2861,31.2861,20
17.2256,6.23958,0,6.23958,21.38,80.834,655,13,0,1647,31.2927,31.2927,20
17.241,0.539542,0,0.539542,21.38,80.834,235,0,0,1647,31.2927,31.2927,20
17.2455,0.042795,0,0.042795,21.36,80.673,230,0,0,1647,31.2927,31.2927,20
17.2665,0.185024,0,0.185024,21.36,80.673,230,0,0,1647,31.2927,31.2927,20
17.2832,12.6948,0,12.6948,21.34,80.5119,1316,2,0,1649,31.3329,31.3329,20
17.2968,4.9398,0,4.9398,21.34,80.5119,635,0,0,1650,31.3382,31.3382,20
17.3016,0.420759,0,0.420759,21.32,80.3509,235,0,0,1650,31.3382,31.3382,20
17.3323,10.0093,0,10.0093,21.32,80.3509,979,0,0,1651,31.381,31.381,20
17.3449,8.19076,0,8.19076,21.3,80.1899,805,1,0,1653,31.3848,31.3848,20
17.3586,0.349013,0,0.349013,21.3,80.1899,253,0,0,1653,31.3848,31.3848,20
17.3752,12.0205,0,12.0205,21.28,80.0289,1069,0,0,1654,31.4214,31.4214,20
17.3914,7.6983,0,7.6983,21.28,80.0289,950,2,0,1656,31.4263,31.4263,20
17.414,17.4268,0,17.4268,21.26,79.8678,1514,0,0,1658,31.4632,31.4632,20
17.4328,13.696,0,13.696,21.24,79.7068,1596,0,0,1660,31.5157,31.5157,20
17.4412,1.8719,0,1.8719,21.24,79.7068,333,0,0,1660,31.5157,31.5157,20
17.4587,12.7121,0,12.7121,21.22,79.5458,1340,1,0,1662,31.5548,31.5548,20
17.4703,3.03815,0,3.03815,21.22,79.5458,562,0,0,1663,31.5526,31.5526,20
17.4814,5.6981,0,5.6981,21.2,79.3847,824,0,0,1664,31.5673,31.5673,20
17.5028,6.27143,0,6.27143,21.2,79.3847,664,0,0,1665,31.57,31.57,20
17.5208,12.4721,0,12.4721,21.18,79.2237,1199,2,0,1667,31.5927,31.5927,20
17.5294,0.212631,0,0.212631,21.18,79.2237,304,0,0,1667,31.5927,31.5927,20
17.5419,7.05663,0,7.05663,21.16,79.0628,884,0,0,1668,31.6109,31.6109,20
17.5574,1.82283,0,1.82283,21.16,79.0628,466,0,0,1668,31.6109,31.6109,20
17.5661,3.41682,0,3.41682,21.14,78.9017,551,2,0,1669,31.6099,31.6099,20
17.5996,16.2815,0,16.2815,21.14,78.9017,1545,8,0,1671,31.6493,31.6493,20
17.6069,1.51364,0,1.51364,21.12,78.3613,503,3,0,1672,31.6441,31.6441,20
17.6333,7.06261,0,7.06261,21.12,78.3613,700,1,0,1674,31.638,31.638,20
17.6465,7.61159,0,7.61159,21.1,78.2786,929,3,0,1676,31.6366,31.6366,20
17.6673,7.25166,0,7.25166,21.1,78.2786,814,0,0,1677,31.647,31.647,20
17.6879,15.0288,0,15.0288,21.08,78.1961,1719,0,0,1679,31.7129,31.7129,20
17.6978,3.74589,0,3.74589,21.06,78.1137,605,4,0,1680,31.7101,31.7101,20
17.7208,6.91428,0,6.91428,21.06,78.1137,1039,1,0,1682,31.7158,31.7158,20
17.7388,11.2092,0,11.2092,21.04,78.0313,1254,12,0,1684,31.7387,31.7387,20
17.7633,15.6448,0,15.6448,21.04,77.6531,1457,0,0,1686,31.7687,31.7687,20
17.7834,13.7501,0,13.7501,21.02,77.5707,1344,0,0,1688,31.7891,31.7891,20
17.7993,9.07362,0,9.07362,21,77.4884,1145,0,0,1690,31.8024,31.8024,20
17.8161,5.91471,0,5.91471,21,77.4884,806,6,0,1691,31.8102,31.8102,20
17.8355,12.9791,0,12.9791,20.98,77.406,1442,6,0,1693,31.8523,31.8523,20
17.8481,5.76051,0,5.76051,20.98,77.406,931,1,0,1695,31.8519,31.8519,20
17.8654,11.1647,0,11.1647,20.96,77.3236,1319,7,0,1697,31.8833,31.8833,20
17.8845,10.0393,0,10.0393,20.96,77.3236,1265,12,0,1699,31.9088,31.9088,20
17.8958,4.36271,0,4.36271,20.94,77.2413,700,0,0,1700,31.9094,31.9094,20
17.9146,3.28728,0,3.28728,20.94,77.2413,646,1,0,1701,31.9071,31.9071,20
17.9255,3.82126,0,3.82126,20.92,77.1589,645,2,0,1702,31.9095,31.9095,20
17.9417,0.120916,0,0.120916,20.92,77.1589,384,0,0,1702,31.9095,31.9095,20
17.949,0.520111,0,0.520111,20.9,77.0765,384,0,0,1702,31.9095,31.9095,20
17.9898,21.0134,0,21.0134,20.9,77.0765,1828,13,0,1704,31.9572,31.9572,20
18.0051,8.86221,0,8.86221,20.88,76.9942,1097,0,0,1706,31.9654,31.9654,20
18.0283,11.3578,0,11.3578,20.88,76.9942,1175,10,0,1707,31.9936,31.9936,20
18.0416,7.23379,0,7.23379,20.86,76.9118,1046,0,0,1708,32.0275,32.0275,20
18.0633,7.8602,0,7.8602,20.86,76.9118,1052,1,0,1709,32.0603,32.0603,20
18.0771,7.64989,0,7.64989,20.84,76.8294,954,4,0,1710,32.0749,32.0749,20
18.0915,0.685374,0,0.685374,20.84,76.8294,385,0,0,1710,32.0749,32.0749,20
18.8909,793.03,777.253,15.7771,20.82,76.7471,92408,1848,0,1712,32.1227,32.1227,20
18.9018,5.80468,0,5.80468,20.8,84.9457,772,0,0,1713,32.1448,32.1448,20
18.9303,13.7145,0,13.7145,20.8,84.9457,1350,2,0,1715,32.1802,32.1802,20
18.9416,7.03565,0,7.03565,20.78,84.7658,812,0,0,1716,32.2098,32.2098,20
18.9608,5.02418,0,5.02418,20.78,84.7658,739,1,0,1717,32.2254,32.2254,20
18.972,7.01754,0,7.01754,20.76,84.5859,745,0,0,1718,32.2427,32.2427,20
19.0027,16.5992,0,16.5992,20.76,84.5859,1631,3,0,1720,32.2872,32.2872,20
19.0155,7.40644,0,7.40644,20.74,84.4062,721,0,0,1721,32.3178,32.3178,20
19.0338,5.71183,0,5.71183,20.74,84.4062,745,0,0,1722,32.3409,32.3409,20
19.0454,6.22671,0,6.22671,20.72,84.2265,742,8,0,1723,32.3639,32.3639,20
19.0732,14.2013,0,14.2013,20.72,84.2265,1363,5,0,1725,32.393,32.393,20
19.0838,5.70511,0,5.70511,20.7,84.047,804,0,0,1726,32.4079,32.4079,20
19.0992,0.652765,0,0.652765,20.7,84.047,224,0,0,1726,32.4079,32.4079,20
19.1086,4.00167,0,4.00167,20.68,83.8674,473,3,0,1727,32.4059,32.4059,20
19.1434,19.0731,0,19.0731,20.68,83.8674,1591,2,0,1729,32.4621,32.4621,20
19.1489,0.497173,0,0.497173,20.66,83.6879,224,0,0,1729,32.4621,32.4621,20
19.184,14.8848,0,14.8848,20.66,83.6879,1437,4,0,1731,32.5066,32.5066,20
19.195,6.4804,0,6.4804,20.64,83.5084,678,4,0,1732,32.5139,32.5139,20
19.2193,9.79559,0,9.79559,20.64,83.5084,1082,8,0,1734,32.5456,32.5456,20
19.2409,17.0632,0,17.0632,20.62,83.3289,1425,0,0,1736,32.5795,32.5795,20
19.2527,6.47063,0,6.47063,20.6,83.1494,751,0,0,1738,32.5829,32.5829,20
19.2823,15.7465,0,15.7465,20.6,83.1494,1572,2,0,1740,32.631,32.631,20
19.2972,9.64852,0,9.64852,20.58,82.9699,975,1,0,1741,32.6766,32.6766,19.9988
19.3127,4.65515,0,4.65515,20.58,82.9699,714,7,0,1742,32.6963,32.6963,19.9938
19.3274,9.99072,0,9.99072,20.56,82.7904,983,3,0,1744,32.7041,32.7041,19.9913
19.3545,15.7729,0,15.7729,20.56,82.7904,1438,4,0,1746,32.736,32.736,19.9864
19.3599,0.180803,0,0.180803,20.54,82.6108,236,0,0,1746,32.736,32.736,19.9839
19.3838,3.19997,0,3.19997,20.54,82.6108,451,5,0,1747,32.7373,32.7373,19.9814
19.3931,4.11888,0,4.11888,20.52,82.4313,605,1,0,1748,32.7403,32.7403,19.9814
19.4245,14.705,0,14.705,20.52,82.4313,1491,5,0,1750,32.7834,32.7834,19.9765
19.4387,9.43377,0,9.43377,20.5,82.2518,1096,5,0,1752,32.8082,32.8082,19.9715
19.4582,7.58932,0,7.58932,20.5,82.2518,977,19,0,1754,32.8147,32.8147,19.9666
19.4706,7.70911,0,7.70911,20.48,82.0723,881,0,0,1755,32.8365,32.8365,19.9641
19.4923,8.07181,0,8.07181,20.48,82.0723,815,0,0,1756,32.865,32.865,19.9592
19.4979,0.35497,0,0.35497,20.46,74.188,250,0,0,1756,32.865,32.865,19.9592
19.5228,4.28444,0,4.28444,20.46,74.188,552,9,0,1757,32.8748,32.8748,19.9567
19.5279,0.008391,0,0.008391,20.44,73.9813,250,0,0,1757,32.8748,32.8748,19.9567
19.55,0.787336,0,0.787336,20.44,73.9813,250,0,0,1757,32.8748,32.8748,19.9567
19.7776,222.139,217.863,4.27666,20.42,73.7747,26038,238,0,1758,32.8669,32.8714,19.9567
19.7855,2.44794,0,2.44794,20.4,73.5682,387,0,0,1758,32.8669,32.8714,19.9543
19.8107,6.79874,0,6.79874,20.4,73.5682,803,0,0,1759,32.8857,32.8903,19.9543
19.8159,0.40618,0,0.40618,20.38,73.3616,254,0,0,1759,32.8857,32.8903,19.9518
19.8448,7.79247,0,7.79247,20.38,73.3616,774,0,0,1760,32.8966,32.9011,19.9494
19.8629,13.278,0,13.278,20.36,73.1551,1426,2,0,1762,32.9415,32.9461,19.9469
19.8765,6.08912,0,6.08912,20.36,73.1551,708,4,0,1763,32.9484,32.9529,19.9445
19.8903,8.78369,0,8.78369,20.34,72.9486,1028,17,0,1764,32.9734,32.9779,19.942
19.9063,3.76525,0,3.76525,20.34,72.9486,544,9,0,1765,32.9717,32.9762,19.9396
19.9228,11.4443,0,11.4443,20.32,72.742,1175,1,0,1766,33.0147,33.0193,19.9371
19.933,0.220823,0,0.220823,20.32,72.742,258,0,0,1766,33.0147,33.0193,19.9347
19.9497,11.4848,0,11.4848,20.3,72.5355,1174,0,0,1767,33.0498,33.0543,19.9347
19.959,0.143977,0,0.143977,20.3,72.5355,258,0,0,1767,33.0498,33.0543,19.9322
19.9881,23.2378,0,23.2378,20.28,80.0702,2024,28,0,1769,33.1295,33.134,19.9298
19.9967,3.24323,0,3.24323,20.26,72.1523,494,1,0,1770,33.1277,33.1322,19.9249
20.0199,6.0746,0,6.0746,20.26,72.1523,668,0,0,1771,33.1327,33.1372,19.9225
20.0374,12.653,0,12.653,20.24,71.9454,1180,0,0,1772,33.167,33.1716,19.9225
20.0521,6.08078,0,6.08078,20.24,71.9454,932,0,0,1774,33.1685,33.1731,19.9176
20.0688,11.9355,0,11.9355,20.22,71.7385,1066,0,0,1775,33.1955,33.2,19.9152
20.0787,0.672866,0,0.672866,20.22,71.7385,267,0,0,1775,33.1955,33.2,19.9127
20.0981,14.6646,0,14.6646,20.2,71.5316,1304,0,0,1777,33.2172,33.2217,19.9103
20.1106,6.13377,0,6.13377,20.2,71.5316,779,0,0,1778,33.2362,33.2407,19.9079
20.133,17.7209,0,17.7209,20.18,71.3247,1603,0,0,1780,33.2781,33.2826,19.903
20.1501,11.6746,0,11.6746,20.16,71.1178,1162,0,0,1781,33.3189,33.3234,19.9006
20.1615,2.64296,0,2.64296,20.16,71.1178,380,0,0,1781,33.3189,33.3234,19.8982
20.1802,13.5435,0,13.5435,20.14,70.9109,1443,0,0,1783,33.369,33.3735,19.8958
20.191,3.34195,0,3.34195,20.14,70.9109,446,0,0,1783,33.369,33.3735,19.8934
20.1973,0.537713,0,0.537713,20.12,70.704,282,0,0,1783,33.369,33.3735,19.8934
20.2268,10.317,0,10.317,20.12,70.704,1186,25,0,1785,33.3882,33.3927,19.8909
20.2424,9.44819,0,9.44819,20.1,70.4972,1148,0,0,1787,33.4001,33.4046,19.8861
20.2602,6.92145,0,6.92145,20.1,70.4972,874,0,0,1788,33.4279,33.4323,19.8813
20.2838,17.7922,0,17.7922,20.08,70.2903,1696,0,0,1790,33.4693,33.4737,19.8789
20.2903,0.838599,0,0.838599,20.06,70.0834,294,0,0,1790,33.4693,33.4737,19.8765
20.3169,6.70111,0,6.70111,20.06,70.0834,804,0,0,1791,33.4791,33.4835,19.8741
20.3343,11.9082,0,11.9082,20.04,69.8765,1297,0,0,1792,33.5251,33.5296,19.8741
20.3557,12.1858,0,12.1858,20.04,69.8765,1501,5,0,1794,33.5719,33.5764,19.8693
20.3617,0.102336,0,0.102336,20.02,69.6696,284,0,0,1794,33.5719,33.5764,19.8669
20.394,12.0399,0,12.0399,20.02,69.6696,1210,5,0,1796,33.5958,33.6002,19.8645
20.4171,17.2893,0,17.2893,20,69.4627,1663,0,0,1798,33.6357,33.6402,19.8597
20.9583,535.002,526.973,8.02898,19.98,69.2559,70785,3000,0,1800,33.3633,33.4039,19.8549
20.9754,10.0325,0,10.0325,19.96,82.24,1305,1,0,1802,33.3946,33.4351,19.8501
20.9866,0.355288,0,0.355288,19.96,82.24,306,0,0,1802,33.3946,33.4351,19.8477
20.9999,6.86876,0,6.86876,19.94,82.0674,816,0,0,1803,33.4043,33.4448,19.8477
21.0191,5.92738,0,5.92738,19.94,82.0674,867,2,0,1804,33.4196,33.4601,19.843
21.0393,13.1009,0,13.1009,19.92,81.8948,1437,0,0,1805,33.4637,33.5042,19.8406
21.0494,3.70984,0,3.70984,19.92,81.8948,702,0,0,1806,33.4673,33.5078,19.8406
21.0663,10.2412,0,10.2412,19.9,81.7222,1216,1,0,1808,33.4817,33.5221,19.8358
21.0773,1.47486,0,1.47486,19.9,81.7222,400,0,0,1808,33.4817,33.5221,19.8334
21.0899,5.99441,0,5.99441,19.88,81.5497,762,0,0,1809,33.4881,33.5285,19.8311
21.1111,6.90641,0,6.90641,19.88,81.5497,953,0,0,1811,33.487,33.5273,19.8287
21.1257,7.70035,0,7.70035,19.86,81.3772,865,0,0,1812,33.5006,33.5408,19.8263
21.143,5.0567,0,5.0567,19.86,81.3772,816,0,0,1813,33.5201,33.5604,19.8239
21.156,6.27656,0,6.27656,19.84,81.2047,773,0,0,1814,33.5281,33.5684,19.8216
21.1736,3.74759,0,3.74759,19.84,81.2047,661,2,0,1815,33.5322,33.5725,19.8168
21.1847,5.14205,0,5.14205,19.82,81.0322,600,1,0,1816,33.5319,33.5721,19.8168
21.2115,9.47431,0,9.47431,19.82,81.0322,1327,0,0,1818,33.5534,33.5935,19.8121
21.2299,11.3244,0,11.3244,19.8,80.8597,1147,12,0,1820,33.5621,33.6033,19.8074
21.2508,12.6928,0,12.6928,19.8,80.8597,1181,0,0,1821,33.6013,33.6425,19.8027
21.2635,6.31338,0,6.31338,19.78,80.6872,861,0,0,1822,33.6147,33.6559,19.8003
21.2905,12.6422,0,12.6422,19.78,80.6872,1199,8,0,1824,33.6272,33.6683,19.798
21.3045,7.52954,0,7.52954,19.76,80.5148,939,0,0,1825,33.6553,33.6964,19.7933
21.3214,3.57659,0,3.57659,19.76,80.5148,579,0,0,1825,33.6553,33.6964,19.7933
21.3486,21.5747,0,21.5747,19.74,80.3423,2080,4,0,1827,33.7302,33.7712,19.7909
21.3706,15.7204,0,15.7204,19.72,80.1698,1514,12,0,1829,33.7764,33.8174,19.7862
21.381,3.81226,0,3.81226,19.7,79.9973,564,7,0,1830,33.7787,33.8197,19.7815
21.4041,6.43729,0,6.43729,19.7,79.9973,836,0,0,1831,33.7903,33.8312,19.7792
21.4172,6.73339,0,6.73339,19.68,79.8248,875,0,0,1832,33.81,33.851,19.7792
21.4378,6.45837,0,6.45837,19.68,79.8248,840,1,0,1833,33.8282,33.8691,19.7745
21.4629,18.4835,0,18.4835,19.66,79.6523,1971,2,0,1835,33.8932,33.9341,19.7722
21.4792,9.40031,0,9.40031,19.64,79.4798,1013,5,0,1837,33.8993,33.9401,19.7675
21.4909,0.759428,0,0.759428,19.64,79.4798,328,0,0,1837,33.8993,33.9401,19.7652
21.5139,16.6302,0,16.6302,19.62,79.3073,1594,69,0,1839,33.9282,33.9668,19.7628
21.5299,8.70494,0,8.70494,19.6,75.1544,1253,1,0,1841,33.9408,33.9794,19.7582
21.5528,11.224,0,11.224,19.6,75.1544,1299,1,0,1843,33.9664,34.0049,19.7535
21.5711,10.9826,0,10.9826,19.58,65.7596,1336,0,0,1845,33.9827,34.0211,19.7489
21.5874,6.6079,0,6.6079,19.58,65.7596,1013,2,0,1846,34.0065,34.045,19.7442
21.5943,0.128862,0,0.128862,19.56,65.6897,376,0,0,1846,34.0065,34.045,19.7442
21.6213,5.79367,0,5.79367,19.56,65.6897,820,0,0,1847,34.013,34.0514,19.7419
21.6413,12.7674,0,12.7674,19.54,65.6198,1327,1,0,1848,34.0579,34.0963,19.7396
21.6498,1.06483,0,1.06483,19.54,65.6198,382,0,0,1848,34.0579,34.0963,19.7396
21.6666,10.4881,0,10.4881,19.52,65.5499,1167,0,0,1849,34.0703,34.1087,19.7396
21.6872,10.385,0,10.385,19.52,65.5499,1448,0,0,1851,34.0913,34.1297,19.735
21.7054,10.0395,0,10.0395,19.5,65.4801,1174,3,0,1852,34.115,34.1533,19.7327
21.7263,10.6581,0,10.6581,19.5,65.4801,1326,0,0,1854,34.1321,34.1704,19.7281
21.7382,4.40635,0,4.40635,19.48,65.4105,698,0,0,1855,34.1364,34.1747,19.7257
21.7611,6.16588,0,6.16588,19.48,65.4105,940,0,0,1856,34.1482,34.1864,19.7234
21.7688,0.333922,0,0.333922,19.46,65.3408,386,0,0,1856,34.1482,34.1864,19.7211
21.7907,0.815492,0,0.815492,19.46,65.3408,407,0,0,1856,34.1482,34.1864,19.7211
21.7987,0.590571,0,0.590571,19.44,78.5689,374,0,0,1856,34.1482,34.1864,19.7211
21.8261,6.66604,0,6.66604,19.44,78.5689,770,9,0,1858,34.1389,34.1781,19.7188
21.8483,14.8886,0,14.8886,19.42,65.1075,1608,12,0,1860,34.1737,34.2124,19.7142
21.8639,7.11394,0,7.11394,19.4,65.0383,976,1,0,1862,34.1794,34.218,19.7096
21.8827,6.08748,0,6.08748,19.4,65.0383,952,0,0,1863,34.1927,34.2313,19.7073
21.8919,0.472617,0,0.472617,19.38,64.969,427,0,0,1863,34.1927,34.2313,19.705
21.9189,7.35987,0,7.35987,19.38,64.969,989,1,0,1864,34.2049,34.2436,19.7028
21.9276,0.828221,0,0.828221,19.36,64.8999,429,0,0,1864,34.2049,34.2436,19.7028
21.9556,7.49861,0,7.49861,19.36,64.8999,1135,0,0,1866,34.209,34.2476,19.7005
21.9851,22.0158,0,22.0158,19.34,64.8309,2145,5,0,1868,34.2693,34.3073,19.6959
21.9959,2.77324,0,2.77324,19.32,64.7618,677,0,0,1869,34.2665,34.3044,19.6936
22.0179,3.79236,0,3.79236,19.32,64.7618,724,0,0,1870,34.2668,34.3048,19.689
22.0348,9.46247,0,9.46247,19.3,64.6929,1098,0,0,1871,34.279,34.3169,19.6867
22.0476,0.544694,0,0.544694,19.3,64.6929,411,0,0,1871,34.279,34.3169,19.6867
22.0631,7.70898,0,7.70898,19.28,64.6241,1198,2,0,1872,34.304,34.3419,19.6867
22.0845,7.45173,0,7.45173,19.28,64.6241,1179,2,0,1873,34.33,34.3679,19.6845
22.0987,6.83492,0,6.83492,19.26,64.5552,1072,1,0,1875,34.336,34.3739,19.6799
22.1161,2.86354,0,2.86354,19.26,64.5552,605,0,0,1876,34.3353,34.3731,19.6776
22.1406,17.3092,0,17.3092,19.24,64.4865,1821,2,0,1878,34.3807,34.4185,19.6731
22.1564,8.19072,0,8.19072,19.22,64.4178,1178,0,0,1879,34.4087,34.4465,19.6708
22.1779,9.46263,0,9.46263,19.22,64.4178,1209,0,0,1880,34.4441,34.4819,19.6663
22.1852,0.155735,0,0.155735,19.2,64.3492,351,0,0,1880,34.4441,34.4819,19.6663
22.2191,13.5663,0,13.5663,19.2,64.3492,1361,16,0,1882,34.4708,34.5096,19.664
22.2264,0.189368,0,0.189368,19.18,64.2806,357,0,0,1882,34.4708,34.5096,19.6617
22.2475,0.565767,0,0.565767,19.18,64.2806,375,0,0,1882,34.4708,34.5096,19.6617
22.26,5.6198,0,5.6198,19.16,64.212,776,0,0,1883,34.4758,34.5146,19.6595
22.2845,9.0853,0,9.0853,19.16,64.212,1182,0,0,1884,34.5058,34.5446,19.6572
22.2919,0.659538,0,0.659538,19.14,64.1434,354,0,0,1884,34.5058,34.5446,19.6572
22.3177,5.18926,0,5.18926,19.14,64.1434,783,0,0,1885,34.5167,34.5554,19.655
22.3258,0.75968,0,0.75968,19.12,64.0748,399,0,0,1885,34.5167,34.5554,19.655
22.3589,12.7785,0,12.7785,19.12,64.0748,1688,5,0,1887,34.5564,34.5951,19.6527
22.3869,19.0571,0,19.0571,19.1,64.0062,2018,1,0,1889,34.6204,34.6591,19.6482
22.3969,1.05192,0,1.05192,19.08,63.9376,480,0,0,1889,34.6204,34.6591,19.6459
22.4345,17.5584,0,17.5584,19.08,63.9376,1923,1,0,1891,34.6684,34.707,19.6437
22.4511,6.96493,0,6.96493,19.06,63.869,1020,0,0,1892,34.6771,34.7156,19.6392
22.4733,8.56866,0,8.56866,19.06,63.869,1343,0,0,1894,34.6911,34.7297,19.6369
22.4856,2.72861,0,2.72861,19.04,63.8004,748,3,0,1895,34.6876,34.7261,19.6324
22.5033,0.275825,0,0.275825,19.04,63.8004,544,0,0,1895,34.6876,34.7261,19.6324
22.5238,10.9955,0,10.9955,19.02,63.7318,1542,6,0,1897,34.7032,34.7401,19.6302
22.5384,4.97611,0,4.97611,19,63.6632,1074,0,0,1898,34.7123,34.7492,19.6279
22.5634,8.96449,0,8.96449,19,63.6632,1289,0,0,1900,34.7163,34.7532,19.6234
23.6366,1063.3,1055.9,7.39391,18.98,63.5947,124612,1608,0,1901,34.3367,34.4066,19.619
23.6469,6.10395,0,6.10395,18.96,63.5261,455,0,0,1902,34.3412,34.4111,19.619
23.6674,6.00509,0,6.00509,18.96,63.5261,541,0,0,1903,34.3484,34.4183,19.6167
23.6797,9.24434,0,9.24434,18.94,63.4575,908,3,0,1904,34.3808,34.4506,19.6122
23.6924,0.6667,0,0.6667,18.94,63.4575,64,0,0,1904,34.3808,34.4506,19.6122
23.7046,9.16369,0,9.16369,18.92,63.3889,981,27,0,1905,34.4168,34.4866,19.61
23.7254,9.44971,0,9.44971,18.92,63.3889,1099,3,0,1907,34.4358,34.5055,19.6078
23.7408,11.758,0,11.758,18.9,63.3203,1326,14,0,1909,34.4683,34.538,19.6033
23.7497,0.707641,0,0.707641,18.9,63.3203,64,0,0,1909,34.4683,34.538,19.6011
23.7609,7.63794,0,7.63794,18.88,63.2517,680,0,0,1910,34.4759,34.5455,19.6011
23.7785,5.2618,0,5.2618,18.88,63.2517,468,3,0,1911,34.4793,34.5489,19.5989
23.7961,14.2814,0,14.2814,18.86,63.1831,1290,0,0,1913,34.5238,34.5933,19.5944
23.8114,8.38241,0,8.38241,18.86,63.1831,654,0,0,1914,34.5361,34.6055,19.59
23.8209,6.13101,0,6.13101,18.84,63.1145,684,1,0,1915,34.5499,34.6193,19.5878
23.8366,0.687254,0,0.687254,18.84,63.1145,74,0,0,1915,34.5499,34.6193,19.5878
23.8519,11.714,0,11.714,18.82,63.0459,1007,0,0,1916,34.5913,34.6608,19.5855
23.8616,0.347449,0,0.347449,18.82,63.0459,74,0,0,1916,34.5913,34.6608,19.5855
23.8744,9.70605,0,9.70605,18.8,62.9773,772,2,0,1917,34.6114,34.6808,19.5833
23.8895,3.49365,0,3.49365,18.8,62.9773,294,4,0,1918,34.609,34.6783,19.5811
23.9005,7.87069,0,7.87069,18.78,62.9087,925,13,0,1920,34.6177,34.687,19.5789
23.9236,10.2075,0,10.2075,18.78,62.9087,1140,9,0,1922,34.6389,34.7081,19.5745
23.9373,10.0339,0,10.0339,18.76,62.8401,807,0,0,1924,34.6409,34.71,19.5701
23.9527,5.09885,0,5.09885,18.76,62.8401,542,4,0,1925,34.6473,34.7164,19.5678
23.9623,5.73431,0,5.73431,18.74,62.7716,617,10,0,1926,34.6615,34.7305,19.5656
23.9958,19.0982,0,19.0982,18.74,62.7716,1627,2,0,1928,34.7059,34.7749,19.5612
24.0067,6.58101,0,6.58101,18.72,62.703,604,0,0,1929,34.7154,34.7843,19.5568
24.0286,8.04858,0,8.04858,18.72,62.703,821,6,0,1930,34.7368,34.8057,19.5546
24.0373,4.82051,0,4.82051,18.7,62.6344,467,0,0,1931,34.739,34.8079,19.5524
24.0661,12.4731,0,12.4731,18.7,62.6344,974,4,0,1933,34.7605,34.8288,19.5502
24.0814,11.9114,0,11.9114,18.68,62.5658,1061,3,0,1934,34.7958,34.864,19.548
24.102,11.425,0,11.425,18.68,62.5658,1027,1,0,1935,34.8274,34.8956,19.5458
24.11,4.46459,0,4.46459,18.66,62.4972,507,4,0,1936,34.8321,34.9003,19.5437
24.1366,10.2832,0,10.2832,18.66,62.4972,842,0,0,1937,34.8735,34.9417,19.5393
24.1459,5.79776,0,5.79776,18.64,62.4286,624,5,0,1938,34.8839,34.952,19.5371
24.1688,7.61947,0,7.61947,18.64,62.4286,862,0,0,1940,34.8887,34.9567,19.5349
24.1837,11.1672,0,11.1672,18.62,62.36,956,0,0,1941,34.9279,34.9959,19.5327
24.1945,0.854011,0,0.854011,18.62,62.36,84,0,0,1941,34.9279,34.9959,19.5305
24.202,4.06725,0,4.06725,18.6,62.2914,516,5,0,1942,34.9325,35.0005,19.5305
24.2264,7.31297,0,7.31297,18.6,62.2914,644,9,0,1943,34.947,35.0149,19.5284
24.2349,4.56089,0,4.56089,18.58,62.2228,490,5,0,1944,34.9501,35.018,19.524
24.26,8.20329,0,8.20329,18.58,62.2228,762,0,0,1945,34.9692,35.037,19.524
24.2695,5.62045,0,5.62045,18.56,62.1542,490,0,0,1946,34.9717,35.0396,19.5196
24.29,5.27503,0,5.27503,18.56,62.1542,471,4,0,1947,34.9748,35.0426,19.5175
24.3061,12.3632,0,12.3632,18.54,62.0856,1166,4,0,1949,35.001,35.0688,19.5153
24.3276,13.2347,0,13.2347,18.54,62.0856,1060,0,0,1950,35.0328,35.1005,19.5109
24.3389,7.06735,0,7.06735,18.52,62.0171,903,24,0,1951,35.0564,35.124,19.5109
24.3616,9.36491,0,9.36491,18.52,62.0171,934,11,0,1953,35.0778,35.1454,19.5066
24.3717,6.46978,0,6.46978,18.5,61.9485,787,6,0,1954,35.0957,35.1633,19.5044
24.3937,7.39039,0,7.39039,18.5,61.9485,640,0,0,1956,35.0982,35.1656,19.5001
24.4013,3.97738,0,3.97738,18.48,61.8799,433,0,0,1957,35.0976,35.165,19.4958
24.426,7.66501,0,7.66501,18.48,61.8799,713,4,0,1959,35.0995,35.1669,19.4936
24.4312,0.750767,0,0.750767,18.46,61.8113,103,0,0,1959,35.0995,35.1669,19.4915
24.4644,12.6286,0,12.6286,18.46,61.8113,1129,1,0,1961,35.1209,35.1882,19.4893
24.4833,14.2423,0,14.2423,18.44,61.7427,1492,18,0,1963,35.161,35.2282,19.485
24.4976,8.01277,0,8.01277,18.44,61.7427,705,0,0,1964,35.1741,35.2413,19.4828
24.5017,0.510854,0,0.510854,18.42,61.6741,103,0,0,1964,35.1741,35.2413,19.4807
24.5301,7.57553,0,7.57553,18.42,61.6741,757,3,0,1965,35.1903,35.2575,19.4807
24.5395,5.90587,0,5.90587,18.4,61.6055,641,0,0,1966,35.2075,35.2747,19.4764
24.5559,1.17066,0,1.17066,18.4,61.6055,103,0,0,1966,35.2075,35.2747,19.4764
24.5695,10.0671,0,10.0671,18.38,61.5369,848,0,0,1968,35.2226,35.2896,19.4742
24.5977,16.9166,0,16.9166,18.38,61.5369,1567,43,0,1970,35.2645,35.333,19.4699
24.6098,8.29088,0,8.29088,18.36,61.4683,930,19,0,1971,35.2917,35.3602,19.4656
24.6337,11.1744,0,11.1744,18.36,61.4683,1182,6,0,1973,35.3203,35.3887,19.4635
24.6495,11.8549,0,11.8549,18.34,61.3997,1054,7,0,1974,35.3587,35.4271,19.4613
24.6672,8.47529,0,8.47529,18.34,61.3997,823,10,0,1975,35.3853,35.4537,19.4571
24.6842,13.048,0,13.048,18.32,61.3311,1381,7,0,1977,35.4193,35.4876,19.4549
24.7038,11.9244,0,11.9244,18.32,61.3311,1092,2,0,1979,35.4411,35.5093,19.4507
24.7235,15.6558,0,15.6558,18.3,61.2626,1481,1,0,1981,35.4791,35.5472,19.4464
24.7363,7.40601,0,7.40601,18.3,61.2626,766,0,0,1982,35.4939,35.5621,19.4443
24.7469,6.87007,0,6.87007,18.28,61.194,789,2,0,1983,35.5103,35.5784,19.4421
24.781,19.8063,0,19.8063,18.28,61.194,1629,6,0,1985,35.5698,35.6378,19.4379
24.7971,11.5881,0,11.5881,18.26,61.1254,1151,1,0,1987,35.5929,35.6608,19.4336
24.8227,17.2635,0,17.2635,18.26,61.1254,1642,15,0,1989,35.6315,35.7004,19.4294
24.8353,8.33956,0,8.33956,18.24,61.0568,701,0,0,1990,35.6497,35.7186,19.4251
24.8554,7.89659,0,7.89659,18.24,61.0568,863,2,0,1991,35.6745,35.7433,19.423
24.8705,11.0888,0,11.0888,18.22,60.9882,929,0,0,1992,35.7038,35.7726,19.423
24.8892,8.56118,0,8.56118,18.22,60.9882,958,15,0,1994,35.7141,35.7828,19.4188
25.7801,886.695,873.719,12.9754,18.2,60.9196,107829,1540,0,1996,35.4649,35.5646,19.4146
25.8015,17.8717,0,17.8717,18.18,96.4748,1226,906,0,1998,35.2618,35.3954,19.4103
25.8217,12.6882,0,12.6882,18.16,69.4525,1462,6,0,2000,35.3,35.4335,19.4061
25.832,2.73117,0,2.73117,18.14,69.1377,646,15,0,2001,35.2944,35.4278,19.404
25.8622,12.029,0,12.029,18.14,69.1377,1343,0,0,2002,35.3237,35.457,19.3998
25.8706,0.334869,0,0.334869,18.12,68.8228,440,0,0,2002,35.3237,35.457,19.3998
25.9006,10.1186,0,10.1186,18.12,68.8228,1329,2,0,2004,35.3393,35.4726,19.3977
25.9119,3.00454,0,3.00454,18.1,68.5084,753,11,0,2005,35.3372,35.4703,19.3935
25.9386,9.331,0,9.331,18.1,68.5084,1310,17,0,2007,35.3483,35.4813,19.3914
25.9535,6.40395,0,6.40395,18.08,68.1941,985,0,0,2008,35.3621,35.495,19.3893
25.9768,9.64938,0,9.64938,18.08,68.1941,1279,11,0,2009,35.3838,35.5167,19.3872
25.9879,0.227587,0,0.227587,18.06,66.2717,628,0,0,2009,35.3838,35.5167,19.3851
26.0085,0.661319,0,0.661319,18.06,66.2717,628,0,0,2009,35.3838,35.5167,19.3851
26.0279,9.04401,0,9.04401,18.04,66.1459,1318,1,0,2010,35.401,35.5338,19.383
26.0474,7.97186,0,7.97186,18.04,66.1459,1305,1,0,2011,35.4197,35.5525,19.383
26.0649,7.52976,0,7.52976,18.02,66.02,1204,3,0,2012,35.4304,35.5631,19.3809
26.0888,9.35387,0,9.35387,18.02,66.02,1456,0,0,2014,35.4384,35.571,19.3767
26.1058,6.91123,0,6.91123,18,60.9423,1284,6,0,2015,35.4605,35.5931,19.3726
26.1255,5.45713,0,5.45713,18,60.9423,1204,0,0,2016,35.4697,35.6022,19.3726
26.1485,12.707,0,12.707,17.98,60.7392,1693,0,0,2017,35.5052,35.6376,19.3705
26.1657,7.15013,0,7.15013,17.96,60.5362,1432,3,0,2018,35.5297,35.662,19.3684
26.1851,5.18007,0,5.18007,17.96,60.5362,1250,1,0,2019,35.5428,35.6751,19.3642
26.2014,6.21521,0,6.21521,17.94,60.3332,1402,1,0,2020,35.5634,35.6955,19.3642
26.2295,13.1529,0,13.1529,17.94,60.3332,1829,1,0,2022,35.5989,35.731,19.3601
26.2459,5.31673,0,5.31673,17.92,60.1302,1190,0,0,2023,35.612,35.7439,19.358
26.2751,14.7691,0,14.7691,17.92,60.1302,2168,1,0,2025,35.6563,35.7881,19.3538
26.2897,4.28596,0,4.28596,17.9,59.9273,1093,0,0,2026,35.6599,35.7917,19.3497
26.3152,8.72525,0,8.72525,17.9,59.9273,1613,5,0,2027,35.6892,35.8209,19.3476
26.3432,18.3982,0,18.3982,17.88,59.7245,2220,7,0,2029,35.7339,35.8655,19.3455
26.3577,4.50341,0,4.50341,17.86,59.5218,1023,1,0,2030,35.734,35.8655,19.3414
26.3805,6.84873,0,6.84873,17.86,59.5218,1208,1,0,2032,35.7259,35.8573,19.3393
26.3979,7.94776,0,7.94776,17.84,59.3191,1456,5,0,2034,35.7365,35.8677,19.3352
26.4225,11.0175,0,11.0175,17.84,59.3191,1653,0,0,2035,35.7774,35.9086,19.3311
26.4395,6.15507,0,6.15507,17.82,59.1165,1332,13,0,2037,35.7752,35.9062,19.329
26.4751,22.1468,0,22.1468,17.82,59.1165,2543,3,0,2039,35.8416,35.973,19.3249
26.498,11.7226,0,11.7226,17.8,58.9139,1741,0,0,2041,35.8594,35.9907,19.3208
26.5253,16.9785,0,16.9785,17.78,58.7113,2010,13,0,2043,35.8933,36.0245,19.3166
27.1479,610.976,603.471,7.50564,17.76,58.5087,82533,1768,0,2044,35.6791,35.8655,19.3125
27.1719,17.5567,0,17.5567,17.74,59.0697,2034,30,0,2046,35.7414,35.9277,19.3105
27.1873,9.42014,0,9.42014,17.72,58.8671,1256,23,0,2048,35.7554,35.9414,19.3064
27.2108,11.5265,0,11.5265,17.72,58.8671,1187,0,0,2049,35.7833,35.9693,19.3043
27.2213,5.06178,0,5.06178,17.7,58.6645,660,1,0,2050,35.7829,35.9688,19.3023
27.2378,0.332215,0,0.332215,17.7,58.6645,318,0,0,2050,35.7829,35.9688,19.3002
27.2512,8.29759,0,8.29759,17.68,58.4619,1225,23,0,2052,35.7909,35.9766,19.2982
27.269,5.34797,0,5.34797,17.68,58.4619,754,15,0,2053,35.8091,35.9946,19.2962
27.2963,22.1335,0,22.1335,17.66,58.2592,2131,5,0,2055,35.8696,36.0555,19.2921
27.3065,4.20157,0,4.20157,17.64,58.0566,845,8,0,2056,35.876,36.0618,19.288
27.3239,1.18422,0,1.18422,17.64,58.0566,371,0,0,2056,35.876,36.0618,19.288
27.336,6.33385,0,6.33385,17.62,57.854,1124,22,0,2057,35.895,36.0807,19.288
27.3585,8.55061,0,8.55061,17.62,57.854,1223,6,0,2058,35.9208,36.1064,19.286
27.3756,10.7883,0,10.7883,17.6,57.6514,1600,15,0,2060,35.9471,36.1325,19.2819
27.3894,4.37289,0,4.37289,17.6,57.6514,625,1,0,2061,35.9471,36.1325,19.2799
27.4154,19.5045,0,19.5045,17.58,57.4488,2097,0,0,2063,35.9961,36.1813,19.2758
27.4274,5.50955,0,5.50955,17.56,57.2462,886,2,0,2064,36.0029,36.188,19.2738
27.4466,4.75777,0,4.75777,17.56,57.2462,752,2,0,2065,36.0029,36.1879,19.2717
27.4639,10.546,0,10.546,17.54,57.0436,1204,5,0,2067,36.0082,36.193,19.2677
27.4927,20.0176,0,20.0176,17.54,57.0436,2090,20,0,2069,36.0599,36.2446,19.2636
27.5066,7.7667,0,7.7667,17.52,56.841,1236,9,0,2070,36.0894,36.2739,19.2616
27.5274,7.64884,0,7.64884,17.52,56.841,980,1,0,2071,36.1019,36.2863,19.2576
27.5406,7.58646,0,7.58646,17.5,56.6384,1176,7,0,2072,36.1216,36.306,19.2555
27.5701,15.3641,0,15.3641,17.5,56.6384,1819,20,0,2074,36.175,36.3592,19.2535
27.5786,2.91094,0,2.91094,17.48,56.4357,596,2,0,2075,36.1682,36.3523,19.2495
27.6186,21.8273,0,21.8273,17.48,56.4357,2088,5,0,2077,36.234,36.4179,19.2475
27.6339,8.80693,0,8.80693,17.46,56.2331,1278,18,0,2079,36.2439,36.4276,19.2434
27.6584,13.004,0,13.004,17.46,56.2331,1260,0,0,2080,36.2697,36.4534,19.2414
27.6734,8.56085,0,8.56085,17.44,56.0305,1199,4,0,2081,36.2922,36.4757,19.2394
27.6958,10.0642,0,10.0642,17.44,56.0305,1228,0,0,2082,36.3314,36.5149,19.2354
27.7103,8.3551,0,8.3551,17.42,55.8279,1221,2,0,2083,36.3519,36.5353,19.2354
27.723,0.04136,0,0.04136,17.42,55.8279,431,0,0,2083,36.3519,36.5353,19.2334
27.7387,9.43578,0,9.43578,17.4,54.8972,1304,4,0,2085,36.3612,36.5444,19.2314
27.7534,2.9172,0,2.9172,17.4,54.8972,655,0,0,2086,36.3562,36.5393,19.2294
27.7721,12.0532,0,12.0532,17.38,54.7504,1358,0,0,2087,36.3905,36.5736,19.2254
27.7956,14.8044,0,14.8044,17.38,54.7504,1641,0,0,2089,36.415,36.5979,19.2234
27.8089,5.99174,0,5.99174,17.36,54.604,895,13,0,2090,36.4239,36.6067,19.2214
27.8323,8.81001,0,8.81001,17.36,54.604,1426,1,0,2091,36.4558,36.6385,19.2194
27.8403,0.543897,0,0.543897,17.34,54.4576,468,0,0,2091,36.4558,36.6385,19.2174
27.8763,15.0327,0,15.0327,17.34,54.4576,1791,6,0,2093,36.4864,36.6689,19.2154
27.8946,10.814,0,10.814,17.32,54.3112,1573,3,0,2094,36.522,36.7044,19.2114
27.9139,10.0269,0,10.0269,17.32,54.3112,1429,0,0,2095,36.5513,36.7337,19.2094
27.9273,5.61746,0,5.61746,17.3,54.1649,976,1,0,2096,36.5573,36.7395,19.2094
27.9527,10.9351,0,10.9351,17.3,54.1649,1760,5,0,2098,36.5839,36.766,19.2054
27.97,9.80748,0,9.80748,17.28,54.0186,1374,3,0,2100,36.591,36.7729,19.2014
27.9834,3.37435,0,3.37435,17.28,54.0186,777,0,0,2100,36.591,36.7729,19.1995
27.9941,2.90777,0,2.90777,17.26,53.8722,775,1,0,2101,36.5864,36.7682,19.1975
28.0148,3.54303,0,3.54303,17.26,53.8722,837,4,0,2102,36.5856,36.7674,19.1955
28.0354,12.8387,0,12.8387,17.24,53.7259,1525,1,0,2103,36.5887,36.7703,19.1935
28.0432,0.628793,0,0.628793,17.22,53.5796,497,0,0,2103,36.5887,36.7703,19.1935
28.0697,4.45011,0,4.45011,17.22,53.5796,947,26,0,2104,36.5927,36.7742,19.1935
28.0847,7.68308,0,7.68308,17.2,53.4333,1116,57,0,2105,36.601,36.7796,19.1915
28.1049,6.60389,0,6.60389,17.2,53.4333,1244,21,0,2106,36.6187,36.7972,19.1876
28.1132,1.02935,0,1.02935,17.18,53.2869,606,0,0,2106,36.6187,36.7972,19.1876
28.1345,0.961417,0,0.961417,17.18,53.2869,506,0,0,2106,36.6187,36.7972,19.1876
28.1499,8.06131,0,8.06131,17.16,53.1406,1167,2,0,2107,36.6346,36.813,19.1856
28.1724,8.88565,0,8.88565,17.16,53.1406,1447,9,0,2108,36.6632,36.8416,19.1856
28.1865,5.77166,0,5.77166,17.14,52.9943,993,0,0,2109,36.6757,36.854,19.1816
28.211,10.0284,0,10.0284,17.14,52.9943,1303,0,0,2110,36.6962,36.8744,19.1816
28.2307,11.3661,0,11.3661,17.12,52.8479,1381,3,0,2111,36.7205,36.8986,19.1796
28.2515,13.2471,0,13.2471,17.12,52.8479,1792,19,0,2113,36.7487,36.9266,19.1757
28.2675,6.70459,0,6.70459,17.1,52.7016,1007,0,0,2114,36.7526,36.9305,19.1737
28.2862,5.51616,0,5.51616,17.1,52.7016,923,5,0,2115,36.7598,36.9376,19.1698
28.3003,5.66389,0,5.66389,17.08,52.5553,1184,9,0,2116,36.7722,36.9499,19.1678
28.329,12.8069,0,12.8069,17.08,52.5553,1588,1,0,2118,36.7861,36.9636,19.1658
28.3479,11.2689,0,11.2689,17.06,50.7807,1509,5,0,2119,36.8188,36.9962,19.1619
28.3648,7.26659,0,7.26659,17.06,50.7807,1115,0,0,2120,36.8307,37.008,19.1599
28.3767,3.70544,0,3.70544,17.04,50.7017,785,0,0,2121,36.8265,37.0038,19.158
28.4104,16.1259,0,16.1259,17.04,50.7017,1922,1,0,2123,36.8714,37.0485,19.156
28.4318,11.5473,0,11.5473,17.02,50.6229,1790,27,0,2125,36.8974,37.0744,19.1521
28.4467,6.63622,0,6.63622,17,50.5439,1257,0,0,2126,36.9111,37.088,19.1501
28.4624,0.87858,0,0.87858,17,50.5439,597,0,0,2126,36.9111,37.088,19.1482
28.4717,0.559068,0,0.559068,16.98,50.4652,598,0,0,2126,36.9111,37.088,19.1482
28.5063,12.5353,0,12.5353,16.98,50.4652,1466,0,0,2127,36.9422,37.1189,19.1462
28.5171,0.340163,0,0.340163,16.96,50.3866,608,0,0,2127,36.9422,37.1189,19.1462
28.5443,8.3238,0,8.3238,16.96,50.3866,1431,12,0,2128,36.9648,37.1414,19.1443
28.5615,7.95736,0,7.95736,16.94,50.308,1310,9,0,2129,36.993,37.1696,19.1423
28.5828,9.16652,0,9.16652,16.94,50.308,1353,5,0,2131,37,37.1764,19.1404
28.5927,0.541752,0,0.541752,16.92,50.2295,600,0,0,2131,37,37.1764,19.1384
28.6128,0.230693,0,0.230693,16.92,50.2295,600,0,0,2131,37,37.1764,19.1384
28.6381,16.6457,0,16.6457,16.9,50.1511,1994,15,0,2133,37.0441,37.2203,19.1365
28.648,0.627785,0,0.627785,16.88,50.0727,610,0,0,2133,37.0441,37.2203,19.1345
28.6818,12.9455,0,12.9455,16.88,50.0727,1881,7,0,2135,37.0749,37.2511,19.1326
28.6963,4.97577,0,4.97577,16.86,49.9944,1226,12,0,2136,37.0899,37.2659,19.1287
28.7197,8.04895,0,8.04895,16.86,49.9944,1210,0,0,2138,37.1001,37.276,19.1267
28.7359,7.44959,0,7.44959,16.84,49.916,1428,8,0,2140,37.1033,37.279,19.1228
28.757,6.92659,0,6.92659,16.84,49.916,1108,0,0,2141,37.1088,37.2844,19.1189
28.769,3.09756,0,3.09756,16.82,49.8377,960,0,0,2142,37.1078,37.2834,19.117
28.7908,3.64191,0,3.64191,16.82,49.8377,890,4,0,2143,37.1073,37.2828,19.117
28.8025,2.20916,0,2.20916,16.8,49.7593,740,0,0,2143,37.1073,37.2828,19.1151
28.8274,6.19753,0,6.19753,16.8,49.7593,1257,8,0,2144,37.1199,37.2952,19.1131
28.8449,7.93345,0,7.93345,16.78,49.681,1417,20,0,2146,37.1221,37.2973,19.1112
28.8592,1.27746,0,1.27746,16.78,49.681,637,0,0,2146,37.1221,37.2973,19.1092
28.8706,0.76316,0,0.76316,16.76,49.6026,638,0,0,2146,37.1221,37.2973,19.1092
28.9041,14.5231,0,14.5231,16.76,49.6026,1860,1,0,2148,37.1466,37.3217,19.1073
28.9179,4.30001,0,4.30001,16.74,49.5243,1058,0,0,2149,37.1494,37.3243,19.1054
28.9405,7.01051,0,7.01051,16.74,49.5243,1476,5,0,2151,37.1548,37.3296,19.1015
28.9631,12.754,0,12.754,16.72,49.4459,1669,0,0,2153,37.1797,37.3544,19.0976
28.9791,6.96394,0,6.96394,16.7,49.3676,1480,9,0,2155,37.187,37.3615,19.0938
28.9978,4.16513,0,4.16513,16.7,49.3676,1113,9,0,2156,37.1925,37.3669,19.0899
29.0192,11.9299,0,11.9299,16.68,49.2893,1981,16,0,2158,37.2224,37.3967,19.088
29.0376,9.15854,0,9.15854,16.66,49.2109,1321,1,0,2159,37.2543,37.4284,19.0861
29.0634,13.5534,0,13.5534,16.66,49.2109,1816,1,0,2161,37.2758,37.4498,19.0822
29.0869,12.926,0,12.926,16.64,49.1326,1747,0,0,2163,37.2945,37.4683,19.0784
29.1057,9.73889,0,9.73889,16.62,49.0542,1557,3,0,2164,37.3221,37.4958,19.0765
29.1248,6.89843,0,6.89843,16.62,49.0542,1285,2,0,2165,37.339,37.5127,19.0746
29.1341,0.473807,0,0.473807,16.6,48.9759,624,0,0,2165,37.339,37.5127,19.0727
29.1595,4.48881,0,4.48881,16.6,48.9759,972,7,0,2166,37.344,37.5175,19.0727
29.1721,3.85294,0,3.85294,16.58,48.8975,893,1,0,2167,37.3461,37.5196,19.0707
29.2015,11.9653,0,11.9653,16.58,48.8975,1585,1,0,2168,37.3732,37.5466,19.0688
29.2116,0.568085,0,0.568085,16.56,48.8192,643,0,0,2168,37.3732,37.5466,19.0669
29.2385,7.28909,0,7.28909,16.56,48.8192,1393,25,0,2169,37.3942,37.5675,19.065
29.2652,16.2941,0,16.2941,16.54,48.7408,2171,3,0,2171,37.4344,37.6076,19.0631
29.2785,1.20653,0,1.20653,16.52,48.6625,662,0,0,2171,37.4344,37.6076,19.0612
29.3019,6.89952,0,6.89952,16.52,48.6625,1342,0,0,2172,37.4484,37.6215,19.0593
29.3191,6.93476,0,6.93476,16.5,48.5841,1217,9,0,2173,37.4634,37.6364,19.0593
29.3404,8.5373,0,8.5373,16.5,48.5841,1532,0,0,2175,37.469,37.6418,19.0555
29.3534,2.48922,0,2.48922,16.48,48.5058,911,0,0,2176,37.4628,37.6356,19.0516
29.3845,13.6899,0,13.6899,16.48,48.5058,2069,8,0,2178,37.4931,37.6657,19.0497
29.4063,12.5751,0,12.5751,16.46,48.4275,1925,5,0,2180,37.5183,37.6908,19.0459
29.4213,4.36348,0,4.36348,16.44,48.3491,981,0,0,2181,37.5241,37.6965,19.0421
29.4423,4.9118,0,4.9118,16.44,48.3491,1144,1,0,2182,37.5266,37.6989,19.0421
29.4524,0.392675,0,0.392675,16.42,48.2708,691,0,0,2182,37.5266,37.6989,19.0402
29.4745,1.01892,0,1.01892,16.42,48.2708,691,0,0,2182,37.5266,37.6989,19.0402
29.4934,8.50502,0,8.50502,16.4,48.1924,1415,10,0,2184,37.5435,37.7157,19.0383
29.5158,8.97817,0,8.97817,16.4,48.1924,1338,3,0,2185,37.5574,37.7295,19.0364
29.5344,9.09507,0,9.09507,16.38,48.1141,1581,3,0,2187,37.5652,37.7371,19.0327
29.5581,11.5935,0,11.5935,16.38,48.1141,1823,8,0,2189,37.5934,37.7652,19.0289
29.5687,0.21096,0,0.21096,16.36,48.0357,681,0,0,2189,37.5934,37.7652,19.027
29.5881,0.248104,0,0.248104,16.36,48.0357,681,0,0,2189,37.5934,37.7652,19.027
29.6058,8.04956,0,8.04956,16.34,47.9574,1240,0,0,2190,37.6096,37.7813,19.0251
29.6407,21.62,0,21.62,16.34,47.9574,2642,11,0,2192,37.6761,37.8476,19.0232
29.6564,5.68122,0,5.68122,16.32,47.879,1339,2,0,2193,37.6881,37.8596,19.0213
29.6826,10.9113,0,10.9113,16.32,47.879,1477,2,0,2194,37.7078,37.8792,19.0194
29.7053,13.0147,0,13.0147,16.3,47.8007,1698,2,0,2196,37.7186,37.8898,19.0157
29.7329,17.2457,0,17.2457,16.28,47.7223,2140,9,0,2198,37.7593,37.9304,19.0119
29.7584,15.3078,0,15.3078,16.26,47.644,2081,1,0,2200,37.79,37.9609,19.0081
30.6644,892.862,891.51,1.35158,16.24,47.5656,127752,1069,0,2200,37.4455,37.6773,19.0062
30.6887,17.9694,0,17.9694,16.22,47.4873,1985,9,0,2202,37.4932,37.7248,19.0044
30.6979,2.25627,0,2.25627,16.2,47.409,467,0,0,2203,37.4843,37.7158,19.0025
30.7255,9.87729,0,9.87729,16.2,47.409,1226,17,0,2205,37.4952,37.7265,18.9987
30.736,5.27805,0,5.27805,16.18,47.3306,707,0,0,2206,37.4973,37.7285,18.9969
30.758,6.8875,0,6.8875,16.18,47.3306,1068,43,0,2207,37.5193,37.7503,18.995
30.7654,2.6376,0,2.6376,16.16,47.2523,557,0,0,2208,37.5145,37.7455,18.9912
30.7887,5.59441,0,5.59441,16.16,47.2523,847,10,0,2209,37.5229,37.7537,18.9912
30.7983,4.18822,0,4.18822,16.14,47.1739,747,16,0,2211,37.5093,37.7399,18.9875
30.823,9.12426,0,9.12426,16.14,47.1739,1213,7,0,2212,37.5366,37.7672,18.9856
30.8346,6.38573,0,6.38573,16.12,47.0956,849,4,0,2213,37.5499,37.7804,18.9819
30.8625,14.2943,0,14.2943,16.12,47.0956,1581,5,0,2215,37.5747,37.805,18.98
30.8688,0.842986,0,0.842986,16.1,47.0172,301,0,0,2215,37.5747,37.805,18.9782
30.8955,6.93599,0,6.93599,16.1,47.0172,1013,14,0,2216,37.5903,37.8204,18.9782
30.9084,8.15116,0,8.15116,16.08,46.9389,1079,23,0,2217,37.6008,37.8309,18.9763
30.9321,10.5262,0,10.5262,16.08,46.9389,1202,1,0,2219,37.6196,37.8495,18.9726
30.9432,6.51233,0,6.51233,16.06,46.8605,867,0,0,2220,37.6284,37.8581,18.9689
30.9622,4.27429,0,4.27429,16.06,46.8605,790,11,0,2221,37.6348,37.8645,18.9689
30.975,8.15566,0,8.15566,16.04,46.7822,1132,14,0,2222,37.6598,37.8893,18.967
31.0029,14.8716,0,14.8716,16.04,46.7822,1622,1,0,2224,37.7019,37.9312,18.9633
31.009,0.824039,0,0.824039,16.02,46.7038,297,0,0,2224,37.7019,37.9312,18.9614
31.0349,5.79441,0,5.79441,16.02,46.7038,797,24,0,2226,37.6905,37.9196,18.9596
31.0496,9.29012,0,9.29012,16,46.6255,1357,7,0,2228,37.7029,37.9318,18.9559
31.0747,13.2455,0,13.2455,16,46.6255,1640,17,0,2230,37.7283,37.957,18.9522
31.0861,6.47855,0,6.47855,15.98,46.5471,993,6,0,2231,37.7445,37.9731,18.9503
31.1122,10.8888,0,10.8888,15.98,46.5471,1217,0,0,2232,37.7675,37.996,18.9466
31.1249,6.99048,0,6.99048,15.96,46.4688,1077,0,0,2233,37.7837,38.0121,18.9448
31.1383,0.409847,0,0.409847,15.96,46.4688,337,0,0,2233,37.7837,38.0121,18.9448
31.1588,15.3561,0,15.3561,15.94,46.3905,1576,0,0,2235,37.8107,38.0389,18.9429
31.1742,9.69963,0,9.69963,15.92,46.3121,1232,0,0,2236,37.8354,38.0635,18.9393
31.1944,9.26974,0,9.26974,15.92,46.3121,1208,26,0,2238,37.8409,38.0688,18.9374
31.2076,7.63124,0,7.63124,15.9,46.2338,1150,0,0,2239,37.8678,38.0956,18.9356
31.2279,6.82444,0,6.82444,15.9,46.2338,833,6,0,2240,37.8835,38.1112,18.9337
31.2444,10.7787,0,10.7787,15.88,46.1554,1257,0,0,2241,37.9108,38.1383,18.9319
31.2655,10.6557,0,10.6557,15.88,46.1554,1263,17,0,2243,37.9198,38.1471,18.9282
31.2777,6.49463,0,6.49463,15.86,46.0771,1116,21,0,2244,37.9372,38.1644,18.9245
31.3049,12.4429,0,12.4429,15.86,46.0771,1679,2,0,2246,37.9639,38.191,18.9227
31.3189,8.84667,0,8.84667,15.84,45.9987,1154,1,0,2247,37.9866,38.2136,18.919
31.3425,10.7502,0,10.7502,15.84,45.9987,1476,2,0,2248,38.0209,38.2478,18.919
31.3535,4.98702,0,4.98702,15.82,45.9204,856,2,0,2249,38.0262,38.253,18.9154
31.3696,0.957415,0,0.957415,15.82,45.9204,356,0,0,2249,38.0262,38.253,18.9154
31.3853,10.1832,0,10.1832,15.8,45.842,1259,8,0,2251,38.0386,38.2652,18.9135
31.4096,13.3027,0,13.3027,15.8,45.842,1844,33,0,2253,38.0728,38.2992,18.9099
31.4274,11.5052,0,11.5052,15.78,45.7637,1505,11,0,2255,38.0914,38.3175,18.9062
31.4515,15.4232,0,15.4232,15.78,45.7637,1839,13,0,2257,38.1267,38.3527,18.9026
31.4595,1.1726,0,1.1726,15.76,45.6853,393,0,0,2257,38.1267,38.3527,18.9008
31.4788,0.314941,0,0.314941,15.76,45.6853,393,0,0,2257,38.1267,38.3527,18.9008
31.4936,8.711,0,8.711,15.74,45.607,1374,26,0,2258,38.1546,38.3804,18.8989
31.514,9.14309,0,9.14309,15.74,45.607,1056,5,0,2260,38.1624,38.3881,18.8971
31.5294,8.08143,0,8.08143,15.72,45.5286,1282,2,0,2262,38.1684,38.3939,18.8935
31.5471,6.54509,0,6.54509,15.72,45.5286,961,24,0,2263,38.1785,38.4039,18.8898
31.5673,10.1384,0,10.1384,15.7,45.4503,1189,4,0,2265,38.189,38.4141,18.888
31.5862,11.5814,0,11.5814,15.68,45.372,1461,4,0,2266,38.2198,38.4448,18.8862
31.5987,2.77692,0,2.77692,15.68,45.372,553,0,0,2267,38.2091,38.4341,18.8844
31.6205,15.8677,0,15.8677,15.66,45.2936,1777,1,0,2269,38.2389,38.4636,18.8808
31.8466,219.308,217.785,1.52358,15.64,45.2153,31692,165,0,2269,38.1534,38.3989,18.879
31.8745,20.2479,0,20.2479,15.62,45.1369,2028,97,0,2271,38.188,38.4373,18.8772
31.8844,2.87576,0,2.87576,15.6,45.0586,652,0,0,2272,38.1805,38.4296,18.8753
31.9156,13.6475,0,13.6475,15.6,45.0586,1839,23,0,2274,38.2124,38.4613,18.8717
31.9379,14.9379,0,14.9379,15.58,44.9802,1694,1,0,2276,38.2364,38.4851,18.8681
31.9548,9.68896,0,9.68896,15.56,44.9019,1248,15,0,2278,38.2458,38.4943,18.8645
31.9727,7.18601,0,7.18601,15.56,44.9019,1312,26,0,2279,38.2672,38.5156,18.8609
31.9873,7.36539,0,7.36539,15.54,44.8235,1315,12,0,2281,38.2731,38.5213,18.8591
32.0135,13.4452,0,13.4452,15.54,44.8235,1786,14,0,2283,38.3005,38.5484,18.8555
32.0249,3.90704,0,3.90704,15.52,44.7452,825,2,0,2284,38.3012,38.549,18.8537
32.0495,7.91905,0,7.91905,15.52,44.7452,1092,0,0,2285,38.3125,38.5602,18.8519
32.0776,21.4128,0,21.4128,15.5,44.6668,2280,0,0,2287,38.3664,38.6139,18.8483
32.0966,11.3674,0,11.3674,15.48,44.5885,1354,4,0,2289,38.3757,38.623,18.8447
32.1115,6.60581,0,6.60581,15.48,44.5885,1122,0,0,2290,38.3873,38.6345,18.8411
32.1368,17.481,0,17.481,15.46,44.5102,2037,1,0,2292,38.4258,38.6728,18.8394
32.1591,14.7452,0,14.7452,15.44,44.4318,1831,0,0,2294,38.4555,38.7023,18.8358
32.1821,15.3109,0,15.3109,15.42,44.3535,1854,9,0,2296,38.4891,38.7356,18.8322
32.201,10.6188,0,10.6188,15.4,44.2751,1454,4,0,2298,38.5035,38.7498,18.8286
32.2174,7.26752,0,7.26752,15.4,44.2751,1150,3,0,2300,38.4991,38.7452,18.8251
32.2335,7.99132,0,7.99132,15.38,44.1968,1349,8,0,2301,38.5202,38.7662,18.8233
32.2591,12.8187,0,12.8187,15.38,44.1968,1560,2,0,2303,38.5341,38.7799,18.8197
32.2773,11.0002,0,11.0002,15.36,44.1184,1573,11,0,2305,38.5536,38.7991,18.8162
32.3017,13.91,0,13.91,15.36,44.1184,1790,9,0,2307,38.5813,38.8266,18.8126
32.3196,9.7381,0,9.7381,15.34,44.0401,1506,1,0,2309,38.5925,38.8376,18.8091
32.334,3.8726,0,3.8726,15.34,44.0401,925,0,0,2310,38.5952,38.8403,18.8055
33.1663,824.445,814.653,9.79193,15.32,43.9617,105809,1221,0,2312,38.247,38.5606,18.8037
33.1792,6.93522,0,6.93522,15.3,43.8834,964,2,0,2313,38.2629,38.5763,18.802
33.2007,7.72375,0,7.72375,15.3,43.8834,958,8,0,2314,38.2783,38.5916,18.7984
33.2188,13.9005,0,13.9005,15.28,43.805,1518,42,0,2316,38.3117,38.6248,18.7967
33.2364,10.1904,0,10.1904,15.28,43.805,1201,2,0,2317,38.35,38.6629,18.7931
33.244,3.43607,0,3.43607,15.26,43.7267,480,1,0,2318,38.3529,38.6657,18.7931
33.2663,4.33497,0,4.33497,15.26,43.7267,720,0,0,2319,38.3566,38.6693,18.7896
33.2822,11.5516,0,11.5516,15.24,43.6483,1365,18,0,2321,38.3761,38.6885,18.7878
33.3018,9.66501,0,9.66501,15.24,43.6483,1239,12,0,2322,38.4027,38.7149,18.7843
33.3187,12.533,0,12.533,15.22,43.57,1734,36,0,2324,38.438,38.75,18.7825
33.3284,0.995311,0,0.995311,15.22,43.57,250,0,0,2324,38.438,38.75,18.7808
33.3457,12.9526,0,12.9526,15.2,43.4917,1597,3,0,2326,38.4768,38.7885,18.779
33.3536,0.209555,0,0.209555,15.2,43.4917,230,0,0,2326,38.4768,38.7885,18.7773
33.3641,5.45164,0,5.45164,15.18,43.4133,770,5,0,2327,38.483,38.7946,18.7755
33.3899,11.0295,0,11.0295,15.18,43.4133,1126,2,0,2329,38.5028,38.8141,18.7738
33.4091,13.8207,0,13.8207,15.16,43.335,1591,15,0,2331,38.5354,38.8464,18.7702
33.4232,7.72377,0,7.72377,15.16,43.335,1118,23,0,2332,38.5553,38.8662,18.7685
33.4295,0.669713,0,0.669713,15.14,43.2566,290,0,0,2332,38.5553,38.8662,18.7667
33.4546,5.57571,0,5.57571,15.14,43.2566,880,5,0,2333,38.5641,38.8748,18.7667
33.4711,10.8402,0,10.8402,15.12,43.1783,1270,13,0,2335,38.5782,38.8887,18.7632
33.4898,9.37429,0,9.37429,15.12,43.1783,1310,19,0,2336,38.6049,38.9152,18.7597
33.505,9.23342,0,9.23342,15.1,43.0999,1010,0,0,2337,38.6277,38.938,18.758
33.5225,6.64544,0,6.64544,15.1,43.0999,974,4,0,2339,38.6233,38.9333,18.7562
33.5318,3.42579,0,3.42579,15.08,43.0216,554,0,0,2339,38.6233,38.9333,18.7545
33.5572,8.63477,0,8.63477,15.08,43.0216,1332,18,0,2340,38.65,38.9598,18.7527
33.5645,1.02136,0,1.02136,15.06,42.9432,340,0,0,2340,38.65,38.9598,18.7527
33.5837,0.351273,0,0.351273,15.06,42.9432,340,0,0,2340,38.65,38.9598,18.7527
33.5983,8.69445,0,8.69445,15.04,42.8649,1209,14,0,2341,38.6724,38.9821,18.7527
33.6157,5.94327,0,5.94327,15.04,42.8649,872,10,0,2342,38.6802,38.9898,18.7493
33.6249,3.81984,0,3.81984,15.02,42.7865,630,0,0,2343,38.6761,38.9855,18.7493
33.6523,10.0233,0,10.0233,15.02,42.7865,1610,26,0,2345,38.6972,39.0064,18.7458
33.6728,14.4636,0,14.4636,15,42.7082,1808,6,0,2347,38.7333,39.0422,18.7423
34.2577,579.379,569.201,10.1777,14.98,42.6298,101521,902,0,2348,38.589,38.9008,18.7406
34.2703,6.40221,0,6.40221,14.96,42.5515,1055,30,0,2349,38.6058,38.9174,18.7388
34.288,3.52156,0,3.52156,14.96,42.5515,567,3,0,2350,38.6055,38.917,18.7353
34.3005,8.06667,0,8.06667,14.94,42.4732,1273,16,0,2352,38.6165,38.9277,18.7336
34.3185,5.19093,0,5.19093,14.94,42.4732,797,23,0,2353,38.6218,38.9329,18.7301
34.3302,6.34347,0,6.34347,14.92,42.3948,1007,22,0,2354,38.6359,38.9469,18.7284
34.3508,6.99069,0,6.99069,14.92,42.3948,1049,25,0,2356,38.6358,38.9465,18.7267
34.3566,0.435411,0,0.435411,14.9,42.3165,299,0,0,2356,38.6358,38.9465,18.7249
34.3883,11.933,0,11.933,14.9,42.3165,1328,20,0,2358,38.6556,38.9661,18.7232
34.3987,5.08265,0,5.08265,14.88,42.2381,549,0,0,2359,38.6507,38.961,18.7197
34.4221,7.71979,0,7.71979,14.88,42.2381,983,0,0,2360,38.675,38.9852,18.718
34.4382,11.3475,0,11.3475,14.86,42.1598,1552,7,0,2362,38.6952,39.0051,18.7163
34.4486,0.486846,0,0.486846,14.86,42.1598,302,0,0,2362,38.6952,39.0051,18.7146
34.4581,4.77697,0,4.77697,14.84,42.0814,906,12,0,2363,38.705,39.0148,18.7146
34.4819,7.84167,0,7.84167,14.84,42.0814,1232,10,0,2365,38.7125,39.022,18.7111
34.4943,6.91554,0,6.91554,14.82,42.0031,1172,42,0,2366,38.7325,39.0418,18.7094
34.5135,5.8613,0,5.8613,14.82,42.0031,813,4,0,2367,38.7372,39.0465,18.7077
34.5203,0.243651,0,0.243651,14.8,41.9247,312,0,0,2367,38.7372,39.0465,18.706
34.548,8.64707,0,8.64707,14.8,41.9247,1202,5,0,2369,38.7434,39.0523,18.7042
34.5593,5.75742,0,5.75742,14.78,41.8464,722,3,0,2370,38.7443,39.0532,18.7025
34.5741,0.865476,0,0.865476,14.78,41.8464,312,0,0,2370,38.7443,39.0532,18.7008
34.5816,1.83224,0,1.83224,14.76,41.768,354,0,0,2371,38.7381,39.0468,18.7008
34.6029,3.20412,0,3.20412,14.76,41.768,642,0,0,2372,38.7357,39.0443,18.6974
34.6142,6.24387,0,6.24387,14.74,41.6897,961,6,0,2373,38.7472,39.0556,18.6974
34.6458,16.22,0,16.22,14.74,41.6897,2077,0,0,2375,38.7941,39.1023,18.6939
34.6578,6.15162,0,6.15162,14.72,41.6113,705,0,0,2376,38.7992,39.1073,18.6905
34.6757,4.22354,0,4.22354,14.72,41.6113,798,15,0,2377,38.804,39.1119,18.6888
34.6905,9.14393,0,9.14393,14.7,41.533,1130,1,0,2379,38.8092,39.1169,18.6871
34.7085,7.17998,0,7.17998,14.7,41.533,1157,22,0,2381,38.8144,39.1218,18.6836
34.7256,11.1962,0,11.1962,14.68,41.4547,1312,1,0,2383,38.8242,39.1313,18.6802
34.7434,9.12096,0,9.12096,14.68,41.4547,1552,18,0,2385,38.844,39.1509,18.6768
34.7573,7.88238,0,7.88238,14.66,41.3763,1026,4,0,2386,38.8537,39.1605,18.6751
34.78,10.6487,0,10.6487,14.66,41.3763,1517,40,0,2387,38.886,39.1927,18.6734
34.799,12.8167,0,12.8167,14.64,41.298,1410,6,0,2389,38.9058,39.2122,18.67
34.8104,4.61599,0,4.61599,14.64,41.298,802,0,0,2390,38.9105,39.2167,18.6666
34.8203,3.82253,0,3.82253,14.62,41.2196,662,0,0,2391,38.9088,39.215,18.6649
34.8423,5.66374,0,5.66374,14.62,41.2196,962,10,0,2392,38.9197,39.2258,18.6632
34.8524,4.07643,0,4.07643,14.6,41.1413,702,1,0,2393,38.9198,39.2257,18.6615
34.8822,13.9505,0,13.9505,14.6,41.1413,1515,13,0,2395,38.9482,39.2539,18.6598
34.8998,11.8824,0,11.8824,14.58,41.0629,1752,18,0,2397,38.9758,39.2812,18.6564
34.9163,8.09614,0,8.09614,14.58,41.0629,1200,27,0,2399,38.9808,39.286,18.653
34.9256,3.35634,0,3.35634,14.56,40.9846,672,10,0,2400,38.9792,39.2842,18.6496
34.9512,8.41702,0,8.41702,14.56,40.9846,1218,25,0,2402,38.985,39.2898,18.6479
34.9566,0.166991,0,0.166991,14.54,40.9062,332,0,0,2402,38.985,39.2898,18.6462
34.9781,0.628093,0,0.628093,14.54,40.9062,332,0,0,2402,38.985,39.2898,18.6462
34.9892,5.93007,0,5.93007,14.52,40.8279,959,3,0,2404,38.98,39.2845,18.6445
35.0134,9.17272,0,9.17272,14.52,40.8279,1362,9,0,2406,38.9909,39.2951,18.6412
35.0214,2.11076,0,2.11076,14.5,40.7495,602,2,0,2407,38.9859,39.29,18.6378
35.0439,4.94287,0,4.94287,14.5,40.7495,862,0,0,2408,38.9917,39.2957,18.6361
35.0629,13.0146,0,13.0146,14.48,40.6712,1573,28,0,2410,39.0183,39.322,18.6344
35.0735,3.99903,0,3.99903,14.48,40.6712,742,0,0,2411,39.0191,39.3227,18.6327
35.0851,5.32458,0,5.32458,14.46,40.5929,961,19,0,2413,39.0145,39.3179,18.6294
35.1106,10.8055,0,10.8055,14.46,40.5929,1415,0,0,2415,39.0447,39.3478,18.626
35.1243,7.52707,0,7.52707,14.44,40.5145,989,2,0,2417,39.0468,39.3496,18.6226
35.1461,9.80734,0,9.80734,14.44,40.5145,1189,9,0,2419,39.0537,39.3563,18.6193
35.1704,18.0906,0,18.0906,14.42,40.4362,2102,0,0,2421,39.0958,39.3982,18.6159
35.183,6.1662,0,6.1662,14.4,40.3578,949,18,0,2423,39.0896,39.3917,18.6126
35.2128,15.8342,0,15.8342,14.4,40.3578,1872,12,0,2425,39.1353,39.4371,18.6092
35.2316,12.4821,0,12.4821,14.38,40.2795,1812,15,0,2427,39.1632,39.4648,18.6059
35.2471,7.20231,0,7.20231,14.38,40.2795,1162,0,0,2428,39.1804,39.4819,18.6042
35.2618,9.10822,0,9.10822,14.36,40.2011,1068,1,0,2429,39.198,39.4994,18.6025
35.2782,4.17077,0,4.17077,14.36,40.2011,616,0,0,2430,39.2086,39.5099,18.5992
35.2919,8.13112,0,8.13112,14.34,40.1228,1242,0,0,2432,39.2134,39.5144,18.5975
35.31,5.15474,0,5.15474,14.34,40.1228,961,15,0,2433,39.2244,39.5253,18.5942
35.3312,15.0147,0,15.0147,14.32,40.0444,1778,10,0,2435,39.2583,39.5589,18.5925
35.3371,0.116303,0,0.116303,14.3,39.9661,342,0,0,2435,39.2583,39.5589,18.5909
35.3615,3.47758,0,3.47758,14.3,39.9661,687,4,0,2436,39.2607,39.5612,18.5892
36.2884,921.3,916.563,4.73677,14.28,39.8877,133138,1250,0,2437,38.9975,39.3771,18.5892
36.3036,8.54228,0,8.54228,14.26,39.8094,1329,27,0,2439,39.007,39.3862,18.5859
36.3233,8.40574,0,8.40574,14.26,39.8094,1019,9,0,2441,39.0037,39.3826,18.5826
36.3458,16.7256,0,16.7256,14.24,39.731,1841,36,0,2443,39.0499,39.4286,18.5792
36.3576,6.49232,0,6.49232,14.22,39.6527,1049,7,0,2444,39.0634,39.4419,18.5776
36.3805,7.72025,0,7.72025,14.22,39.6527,953,1,0,2445,39.0753,39.4536,18.5759
36.3921,6.39894,0,6.39894,14.2,39.5744,890,1,0,2446,39.0826,39.4608,18.5743
36.4071,0.491004,0,0.491004,14.2,39.5744,332,0,0,2446,39.0826,39.4608,18.5726
36.418,5.66259,0,5.66259,14.18,39.496,829,0,0,2447,39.087,39.4651,18.5726
36.4343,0.675188,0,0.675188,14.18,39.496,349,0,0,2447,39.087,39.4651,18.571
36.4499,10.69,0,10.69,14.16,39.4177,1484,32,0,2449,39.1017,39.4794,18.5693
36.4693,8.38773,0,8.38773,14.16,39.4177,1089,4,0,2450,39.1196,39.4971,18.5677
36.4847,10.123,0,10.123,14.14,39.3393,1297,4,0,2452,39.1264,39.5037,18.5643
36.5017,5.7221,0,5.7221,14.14,39.3393,989,5,0,2453,39.1362,39.5132,18.561
36.5143,7.29834,0,7.29834,14.12,39.261,1169,36,0,2454,39.1532,39.5302,18.561
36.5406,12.2651,0,12.2651,14.12,39.261,1899,18,0,2456,39.184,39.5607,18.5578
36.5566,10.0612,0,10.0612,14.1,39.1826,1439,12,0,2458,39.1961,39.5724,18.5545
36.5736,5.78559,0,5.78559,14.1,39.1826,1059,15,0,2459,39.2086,39.5848,18.5512
36.5795,0.292305,0,0.292305,14.08,39.1043,349,0,0,2459,39.2086,39.5848,18.5512
36.6084,6.96658,0,6.96658,14.08,39.1043,1069,16,0,2460,39.222,39.598,18.5512
36.6198,5.76215,0,5.76215,14.06,39.0259,835,0,0,2461,39.2263,39.6022,18.5479
36.6382,2.77251,0,2.77251,14.06,39.0259,445,1,0,2462,39.2149,39.5906,18.5462
36.6531,9.20486,0,9.20486,14.04,38.9476,1322,5,0,2463,39.2387,39.6143,18.5462
36.6778,12.4331,0,12.4331,14.04,38.9476,1456,3,0,2465,39.2527,39.628,18.543
36.6878,4.7165,0,4.7165,14.02,38.8692,909,9,0,2466,39.2595,39.6346,18.5397
36.7126,8.24545,0,8.24545,14.02,38.8692,1160,2,0,2468,39.2622,39.637,18.538
36.7299,12.0316,0,12.0316,14,38.7909,1546,24,0,2470,39.2862,39.6607,18.5348
36.7454,5.77494,0,5.77494,14,38.7909,1017,15,0,2471,39.2979,39.6722,18.5331
36.7584,7.39323,0,7.39323,13.98,38.7125,1214,15,0,2473,39.3049,39.6789,18.5299
36.785,12.2636,0,12.2636,13.98,38.7125,1625,17,0,2475,39.3325,39.7063,18.5266
36.8066,15.2913,0,15.2913,13.96,38.6342,1680,8,0,2477,39.3662,39.7396,18.5233
36.827,14.5087,0,14.5087,13.94,38.5559,2010,9,0,2479,39.4006,39.7737,18.5201
36.8349,0.860151,0,0.860151,13.92,38.4775,420,0,0,2479,39.4006,39.7737,18.5184
36.8662,12.2465,0,12.2465,13.92,38.4775,1660,12,0,2481,39.4236,39.7965,18.5168
36.8745,1.54314,0,1.54314,13.9,38.3992,443,0,0,2481,39.4236,39.7965,18.5152
36.9032,9.34634,0,9.34634,13.9,38.3992,1389,0,0,2483,39.4317,39.8043,18.5136
36.9159,6.55268,0,6.55268,13.88,38.3208,1219,13,0,2484,39.4489,39.8213,18.5119
36.9347,4.1242,0,4.1242,13.88,38.3208,869,2,0,2485,39.4519,39.8241,18.5087
36.9499,8.74279,0,8.74279,13.86,38.2425,1362,37,0,2486,39.4779,39.85,18.5071
36.9674,5.22197,0,5.22197,13.86,38.2425,1009,6,0,2488,39.4699,39.8416,18.5054
36.9737,0.051439,0,0.051439,13.84,38.1641,429,0,0,2488,39.4699,39.8416,18.5038
37.0064,11.5275,0,11.5275,13.84,38.1641,1843,35,0,2490,39.4952,39.8667,18.5022
37.0207,7.94431,0,7.94431,13.82,38.0858,1319,1,0,2492,39.4992,39.8704,18.499
37.037,2.83652,0,2.83652,13.82,38.0858,779,9,0,2493,39.4974,39.8684,18.4957
37.0472,3.98785,0,3.98785,13.8,38.0074,838,4,0,2495,39.4854,39.8561,18.4941
37.0677,3.29231,0,3.29231,13.8,38.0074,620,5,0,2496,39.4776,39.8482,18.4909
37.0819,8.10882,0,8.10882,13.78,37.9291,1151,0,0,2497,39.497,39.8674,18.4909
37.1006,5.18051,0,5.18051,13.78,37.9291,985,13,0,2498,39.5036,39.8739,18.4876
37.1132,6.26191,0,6.26191,13.76,37.8507,1249,11,0,2500,39.5044,39.8744,18.486
37.1359,7.4077,0,7.4077,13.76,37.8507,1236,8,0,2501,39.5218,39.8916,18.4844
37.1616,18.9412,0,18.9412,13.74,37.7724,2629,17,0,2503,39.5777,39.9473,18.4812
37.1722,3.31744,0,3.31744,13.72,37.694,609,0,0,2504,39.5747,39.9441,18.4796
37.1933,3.62419,0,3.62419,13.72,37.694,723,13,0,2505,39.5725,39.9417,18.478
37.8705,670.361,663.274,7.08657,13.7,37.6157,110523,5902,0,2506,37.9589,38.5495,18.4764
37.8877,8.06659,0,8.06659,13.68,51.039,929,0,0,2507,37.9745,38.5648,18.4731
37.9061,5.8431,0,5.8431,13.68,51.039,857,0,0,2508,37.9841,38.5742,18.4731
37.9156,0.521691,0,0.521691,13.66,50.6393,237,0,0,2508,37.9841,38.5742,18.4715
37.9451,10.2011,0,10.2011,13.66,50.6393,1487,6,0,2509,38.0187,38.6086,18.4699
37.9611,7.52564,0,7.52564,13.64,50.2397,783,0,0,2510,38.0275,38.6171,18.4699
37.9802,6.95236,0,6.95236,13.64,50.2397,955,0,0,2511,38.0414,38.6308,18.4683
37.9973,9.34543,0,9.34543,13.62,49.8401,1306,0,0,2512,38.0693,38.6584,18.4651
38.0122,4.09164,0,4.09164,13.62,49.8401,696,3,0,2513,38.0728,38.6618,18.4635
38.0304,10.1726,0,10.1726,13.6,49.4405,1378,0,0,2515,38.0883,38.6767,18.4619
38.0477,7.57802,0,7.57802,13.6,49.4405,962,0,0,2516,38.1041,38.6924,18.4603
38.0586,2.85185,0,2.85185,13.58,49.0409,562,0,0,2517,38.1021,38.6901,18.4571
38.0769,1.10249,0,1.10249,13.58,49.0409,236,0,0,2517,38.1021,38.6901,18.4571
38.0849,0.048191,0,0.048191,13.56,48.6413,228,0,0,2517,38.1021,38.6901,18.4571
38.1098,4.89331,0,4.89331,13.56,48.6413,648,0,0,2518,38.1037,38.6914,18.4555
38.1265,8.96913,0,8.96913,13.54,48.2417,1117,0,0,2520,38.1155,38.7028,18.4539
38.1438,6.33998,0,6.33998,13.54,48.2417,754,1,0,2521,38.1238,38.7108,18.4507
38.1555,3.82384,0,3.82384,13.52,47.842,578,0,0,2522,38.1229,38.7098,18.4491
38.1848,13.5366,0,13.5366,13.52,47.842,1410,0,0,2524,38.1561,38.7425,18.4475
38.204,11.6185,0,11.6185,13.5,47.4424,1421,0,0,2526,38.1758,38.7617,18.4443
38.2166,4.27381,0,4.27381,13.5,47.4424,524,0,0,2527,38.1812,38.7669,18.4428
38.5305,307.283,298.174,9.10912,13.48,47.0428,54713,56,0,2529,38.1613,38.7576,18.4396
38.5489,10.6327,0,10.6327,13.46,46.6432,1370,1,0,2531,38.1766,38.7724,18.4364
38.5704,11.362,0,11.362,13.46,46.6432,1576,1,0,2533,38.1998,38.7951,18.4332
38.5795,1.13742,0,1.13742,13.44,46.2436,220,0,0,2533,38.1998,38.7951,18.4316
38.6069,9.10669,0,9.10669,13.44,46.2436,1095,1,0,2535,38.2063,38.8012,18.43
38.6275,12.8086,0,12.8086,13.42,45.844,1287,0,0,2537,38.2255,38.8199,18.4269
38.6404,5.66107,0,5.66107,13.4,45.4444,816,1,0,2538,38.234,38.8282,18.4237
38.6672,11.3854,0,11.3854,13.4,45.4444,1260,0,0,2540,38.2461,38.8398,18.4221
38.6776,3.05822,0,3.05822,13.38,45.0448,381,0,0,2541,38.2349,38.8284,18.419
38.6952,0.892912,0,0.892912,13.38,45.0448,214,0,0,2541,38.2349,38.8284,18.419
38.7092,4.6476,0,4.6476,13.36,44.6452,434,0,0,2542,38.229,38.8222,18.419
38.7404,14.8846,0,14.8846,13.36,44.6452,1184,1,0,2544,38.2374,38.8302,18.4158
38.759,7.62646,0,7.62646,13.34,44.2456,899,5,0,2545,38.2519,38.8444,18.4142
38.7701,2.23943,0,2.23943,13.34,44.2456,315,0,0,2546,38.2435,38.8358,18.4126
38.7844,7.04786,0,7.04786,13.32,43.846,931,0,0,2547,38.2603,38.8524,18.4095
38.8029,6.16754,0,6.16754,13.32,43.846,900,1,0,2548,38.2771,38.8689,18.4079
38.8152,5.05168,0,5.05168,13.3,43.4464,584,1,0,2549,38.2778,38.8694,18.4063
38.8394,9.1221,0,9.1221,13.3,43.4464,1265,4,0,2551,38.2897,38.8808,18.4048
38.8501,3.03371,0,3.03371,13.28,43.0468,397,0,0,2552,38.2821,38.873,18.4016
38.8789,12.2839,0,12.2839,13.28,43.0468,1258,2,0,2554,38.307,38.8974,18.4
38.9017,15.1463,0,15.1463,13.26,42.6472,1771,0,0,2556,38.3404,38.9304,18.3969
38.9161,6.64829,0,6.64829,13.24,42.2476,1082,1,0,2558,38.3436,38.9332,18.3938
38.9412,12.2807,0,12.2807,13.24,42.2476,1436,0,0,2560,38.3711,38.9602,18.3906
38.9647,15.6514,0,15.6514,13.22,41.8479,1780,0,0,2562,38.418,39.0066,18.3875
38.9844,11.6943,0,11.6943,13.2,41.4483,1334,10,0,2563,38.4471,39.0355,18.3843
38.9997,7.35679,0,7.35679,13.2,41.4483,814,0,0,2564,38.4633,39.0515,18.3843
39.0278,19.9327,0,19.9327,13.18,41.0487,2332,6,0,2566,38.5183,39.106,18.3812
39.0421,5.76398,0,5.76398,13.16,40.6491,1000,0,0,2567,38.5282,39.1157,18.3781
39.0633,6.95933,0,6.95933,13.16,40.6491,1150,0,0,2568,38.544,39.1312,18.3781
39.0798,7.71244,0,7.71244,13.14,40.2495,1124,0,0,2569,38.5648,39.1518,18.3765
39.0977,5.81543,0,5.81543,13.14,40.2495,770,0,0,2570,38.5794,39.1661,18.3734
39.1141,6.8183,0,6.8183,13.12,39.8499,1186,2,0,2571,38.5935,39.1801,18.3734
39.1362,9.03539,0,9.03539,13.12,39.8499,1166,1,0,2572,38.6069,39.1932,18.3719
39.1503,3.353,0,3.353,13.1,39.4503,1016,2,0,2573,38.6102,39.1963,18.3703
39.1796,12.5698,0,12.5698,13.1,39.4503,1737,0,0,2575,38.6388,39.2245,18.3672
39.2024,10.4713,0,10.4713,13.08,32.5263,1932,0,0,2577,38.6542,39.2394,18.3641
39.2303,15.2879,0,15.2879,13.06,32.4716,2236,2,0,2579,38.6883,39.273,18.361
39.25,6.67394,0,6.67394,13.04,32.4169,1636,0,0,2580,38.705,39.2895,18.3594
39.2633,0.239836,0,0.239836,13.04,32.4169,816,0,0,2580,38.705,39.2895,18.3579
39.288,11.6064,0,11.6064,13.02,32.3622,2159,2,0,2582,38.7324,39.3164,18.3563
39.3002,0.012315,0,0.012315,13,32.3076,840,0,0,2582,38.7324,39.3164,18.3548
39.3302,8.97214,0,8.97214,13,32.3076,1880,0,0,2584,38.7426,39.3262,18.3532
39.3496,6.29186,0,6.29186,12.98,32.2531,1618,0,0,2585,38.7574,39.3408,18.3517
39.3679,4.42926,0,4.42926,12.98,32.2531,1068,2,0,2586,38.751,39.3341,18.3501
39.382,0.496858,0,0.496858,12.96,31.5109,890,0,0,2586,38.751,39.3341,18.3486
39.4108,9.68592,0,9.68592,12.96,31.5109,2139,1,0,2588,38.7697,39.3524,18.347
39.4344,10.1399,0,10.1399,12.94,31.452,1939,0,0,2589,38.798,39.3805,18.3455
39.4584,11.0245,0,11.0245,12.92,31.3931,2034,1,0,2591,38.8132,39.3952,18.3424
39.4763,4.72034,0,4.72034,12.9,32.0305,1365,1,0,2592,38.8179,39.3997,18.3408
39.5021,10.5126,0,10.5126,12.9,32.0305,2087,1,0,2594,38.8346,39.416,18.3377
39.5204,4.94759,0,4.94759,12.88,31.9758,1442,0,0,2595,38.8408,39.422,18.3346
39.5361,0.831203,0,0.831203,12.88,31.9758,892,0,0,2595,38.8408,39.422,18.3346
39.5504,0.741631,0,0.741631,12.86,31.9213,906,0,0,2595,38.8408,39.422,18.3346
39.5785,8.31459,0,8.31459,12.86,31.9213,1682,0,0,2596,38.8617,39.4426,18.3331
39.5996,7.85032,0,7.85032,12.84,31.8668,1781,1,0,2598,38.8707,39.4511,18.3316
39.6137,0.201831,0,0.201831,12.82,31.8123,930,0,0,2598,38.8707,39.4511,18.33
39.6338,0.785624,0,0.785624,12.82,31.8123,936,0,0,2598,38.8707,39.4511,18.33
39.6594,11.5454,0,11.5454,12.8,31.7578,2006,2,0,2600,38.8908,39.4708,18.3285
39.6842,10.7521,0,10.7521,12.78,31.7034,2170,0,0,2602,38.9062,39.4858,18.3254
39.7039,6.23114,0,6.23114,12.76,31.649,1662,0,0,2603,38.9178,39.4971,18.3239
39.7194,0.295233,0,0.295233,12.76,31.649,990,0,0,2603,38.9178,39.4971,18.3223
39.7402,7.7724,0,7.7724,12.74,31.5946,1810,0,0,2604,38.9401,39.5192,18.3208
39.7651,10.4405,0,10.4405,12.72,31.5402,2173,0,0,2606,38.9566,39.5353,18.3193
39.7875,7.19555,0,7.19555,12.7,31.4858,1740,0,0,2608,38.9555,39.5337,18.3162
39.802,0.306734,0,0.306734,12.68,31.4314,990,0,0,2608,38.9555,39.5337,18.3147
39.838,16.2907,0,16.2907,12.68,31.4314,2860,8,0,2610,39.0019,39.5797,18.3131
39.862,9.36127,0,9.36127,12.66,31.377,2148,0,0,2612,39.0199,39.5972,18.3101
39.8872,10.7988,0,10.7988,12.64,31.3226,2240,2,0,2614,39.0383,39.6151,18.307
39.9109,9.46142,0,9.46142,12.62,31.2682,2030,4,0,2616,39.0489,39.6254,18.304
39.9331,9.13035,0,9.13035,12.6,31.2138,1893,0,0,2618,39.0577,39.6337,18.3009
39.954,6.58445,0,6.58445,12.58,31.1594,1780,0,0,2620,39.0592,39.6347,18.2979
39.9804,12.2423,0,12.2423,12.56,31.105,2340,0,0,2622,39.0824,39.6575,18.2948
39.9999,6.36242,0,6.36242,12.54,31.0506,1610,3,0,2623,39.0926,39.6676,18.2933
40.0199,5.37393,0,5.37393,12.54,31.0506,1690,0,0,2624,39.1059,39.6806,18.2902
40.0515,17.0569,0,17.0569,12.52,30.9962,2725,2,0,2626,39.1497,39.7239,18.2887
40.0744,8.18143,0,8.18143,12.5,30.9417,1900,0,0,2627,39.1698,39.7438,18.2872
40.1007,12.9053,0,12.9053,12.48,30.8873,2418,5,0,2629,39.1951,39.7687,18.2842
40.1247,9.39084,0,9.39084,12.46,30.8329,2200,0,0,2631,39.2117,39.7849,18.2811
40.1498,9.0284,0,9.0284,12.44,30.7785,1975,0,0,2632,39.2382,39.8112,18.2781
40.171,5.1427,0,5.1427,12.42,30.7241,1540,1,0,2633,39.245,39.8177,18.2766
40.1967,10.51,0,10.51,12.4,30.6697,2203,0,0,2635,39.2634,39.8357,18.2751
40.218,5.26839,0,5.26839,12.38,30.6153,1658,0,0,2636,39.275,39.8471,18.2735
40.2416,7.52568,0,7.52568,12.36,30.5609,1960,4,0,2638,39.2828,39.8544,18.2705
40.2592,2.31683,0,2.31683,12.34,30.5065,1096,0,0,2639,39.2747,39.8462,18.269
40.2859,7.92311,0,7.92311,12.34,30.5065,1890,2,0,2641,39.2791,39.8501,18.266
40.3071,4.86342,0,4.86342,12.32,30.4521,1600,0,0,2642,39.2869,39.8577,18.2645
40.3225,0.445757,0,0.445757,12.3,30.3977,1000,0,0,2642,39.2869,39.8577,18.263
40.3484,4.7149,0,4.7149,12.3,30.3977,1366,0,0,2643,39.2868,39.8574,18.2615
40.3652,1.83425,0,1.83425,12.28,30.3433,1170,0,0,2644,39.278,39.8483,18.26
40.3961,12.6806,0,12.6806,12.28,30.3433,2369,1,0,2646,39.3012,39.8711,18.2584
40.4168,6.08064,0,6.08064,12.26,30.2889,1608,1,0,2648,39.2953,39.8648,18.2554
40.4319,0.736022,0,0.736022,12.24,30.2345,980,0,0,2648,39.2953,39.8648,18.2539
40.4595,8.28045,0,8.28045,12.24,30.2345,2002,0,0,2650,39.3049,39.874,18.2524
40.4791,5.08928,0,5.08928,12.22,30.1801,1480,0,0,2651,39.3093,39.8782,18.2509
40.5014,7.09933,0,7.09933,12.22,30.1801,1860,3,0,2652,39.3281,39.8967,18.2479
40.5248,9.72738,0,9.72738,12.2,30.1257,2130,0,0,2654,39.344,39.9122,18.2464
40.5395,0.467215,0,0.467215,12.18,30.0713,970,0,0,2654,39.344,39.9122,18.2449
40.5767,17.8949,0,17.8949,12.18,30.0713,3010,2,0,2656,39.3946,39.9623,18.2434
40.599,7.56687,0,7.56687,12.16,30.0169,1700,0,0,2657,39.4163,39.9838,18.2404
40.6146,1.31788,0,1.31788,12.14,29.9625,960,0,0,2657,39.4163,39.9838,18.2404
40.6522,18.4194,0,18.4194,12.14,29.9625,2960,0,0,2659,39.4618,40.029,18.2389
40.6719,5.3518,0,5.3518,12.12,29.9081,1499,0,0,2660,39.468,40.035,18.2374
40.6997,13.9034,0,13.9034,12.12,29.9081,2760,1,0,2662,39.5064,40.0729,18.2344
40.7145,0.344694,0,0.344694,12.1,29.8537,950,0,0,2662,39.5064,40.0729,18.2329
40.7467,11.8374,0,11.8374,12.1,29.8537,2327,0,0,2664,39.5327,40.0987,18.2314
40.766,5.44206,0,5.44206,12.08,29.7993,1640,0,0,2665,39.5437,40.1096,18.2299
40.7911,10.427,0,10.427,12.08,29.7993,2070,0,0,2667,39.5561,40.1215,18.227
40.8121,6.52313,0,6.52313,12.06,29.7449,1710,0,0,2669,39.5553,40.1203,18.224
40.8357,9.92285,0,9.92285,12.04,29.6904,2054,1,0,2671,39.5698,40.1344,18.221
40.8663,17.1655,0,17.1655,12.02,29.636,2684,3,0,2673,39.6169,40.1811,18.218
40.8875,7.24494,0,7.24494,12,29.5816,1634,0,0,2674,39.6301,40.1941,18.215
40.9079,6.19147,0,6.19147,11.98,29.5272,1389,0,0,2675,39.6366,40.2004,18.2135
40.9304,9.45433,0,9.45433,11.96,29.4728,2180,0,0,2677,39.653,40.2163,18.2121
40.9497,5.38562,0,5.38562,11.94,29.4184,1227,0,0,2678,39.6662,40.2293,18.2091
40.9702,5.21943,0,5.21943,11.94,29.4184,1500,1,0,2680,39.6582,40.2209,18.2076
40.9984,14.9071,0,14.9071,11.92,29.364,2660,9,0,2682,39.6943,40.2565,18.2046
41.0237,11.2747,0,11.2747,11.9,29.3096,2184,2,0,2684,39.712,40.2738,18.2017
41.0422,4.03504,0,4.03504,11.88,29.2552,1340,1,0,2685,39.7125,40.2741,18.1987
41.0628,4.03295,0,4.03295,11.88,29.2552,1250,0,0,2686,39.7096,40.271,18.1972
41.0835,7.56408,0,7.56408,11.86,29.2008,1690,0,0,2688,39.7087,40.2697,18.1958
41.1002,2.18261,0,2.18261,11.84,29.1464,1170,0,0,2689,39.7032,40.264,18.1943
41.1245,7.01306,0,7.01306,11.84,29.1464,1750,0,0,2691,39.7046,40.265,18.1913
41.15,11.0989,0,11.0989,11.82,29.092,2402,3,0,2693,39.7304,40.2904,18.1884
41.1786,14.3041,0,14.3041,11.8,29.0376,2659,0,0,2695,39.7666,40.3262,18.1854
41.2007,6.4832,0,6.4832,11.78,28.9832,1630,0,0,2696,39.7789,40.3383,18.1839
41.2243,10.3102,0,10.3102,11.76,28.9288,2170,0,0,2698,39.7965,40.3554,18.181
41.2387,0.455661,0,0.455661,11.74,28.8744,910,0,0,2698,39.7965,40.3554,18.1795
41.2625,3.35772,0,3.35772,11.74,28.8744,1149,0,0,2699,39.7981,40.3568,18.1781
41.2849,8.76367,0,8.76367,11.72,28.82,1630,0,0,2700,39.8256,40.3841,18.1766
41.3021,3.13311,0,3.13311,11.7,28.7656,1330,0,0,2701,39.826,40.3843,18.1751
41.3332,13.4558,0,13.4558,11.7,28.7656,2630,5,0,2703,39.8598,40.4177,18.1737
41.3567,9.98531,0,9.98531,11.68,28.7112,1813,4,0,2704,39.8787,40.4364,18.1707
42.8635,1492.47,1480.92,11.5543,11.66,28.6568,263383,1932,0,2706,39.5831,40.2036,18.1692
42.8755,7.6871,0,7.6871,11.64,30.5066,1080,13,0,2707,39.6055,40.2257,18.1663
42.894,6.24508,0,6.24508,11.64,30.5066,830,0,0,2708,39.6185,40.2386,18.1663
42.9076,9.13035,0,9.13035,11.62,30.4523,1060,31,0,2709,39.6445,40.2643,18.1649
42.9279,10.0836,0,10.0836,11.62,30.4523,1332,24,0,2711,39.6617,40.2811,18.1619
42.935,2.36309,0,2.36309,11.6,30.3981,470,24,0,2712,39.6615,40.2806,18.159
42.9526,0.272205,0,0.272205,11.6,30.3981,80,0,0,2712,39.6615,40.2806,18.159
42.9648,8.43364,0,8.43364,11.58,30.344,1250,10,0,2714,39.6754,40.294,18.1575
42.9846,7.0167,0,7.0167,11.58,30.344,880,35,0,2715,39.6902,40.3087,18.1546
42.9961,7.77984,0,7.77984,11.56,30.2899,1003,26,0,2716,39.7139,40.3321,18.1532
43.0215,12.0723,0,12.0723,11.56,30.2899,1634,35,0,2718,39.7425,40.3602,18.1517
43.0315,5.38634,0,5.38634,11.54,30.2357,760,0,0,2720,39.7382,40.3555,18.1488
43.0592,13.484,0,13.484,11.54,30.2357,1665,15,0,2722,39.77,40.3868,18.1459
43.0667,2.8465,0,2.8465,11.52,30.1815,308,3,0,2723,39.7635,40.3801,18.143
43.087,3.39788,0,3.39788,11.52,30.1815,430,7,0,2724,39.7617,40.3781,18.143
43.0929,1.14529,0,1.14529,11.5,30.1275,96,0,0,2724,39.7617,40.3781,18.1415
43.1119,0.381755,0,0.381755,11.5,30.1275,80,0,0,2724,39.7617,40.3781,18.1415
43.1204,4.45449,0,4.45449,11.48,30.0735,506,2,0,2725,39.7629,40.3791,18.1415
43.1481,11.1883,0,11.1883,11.48,30.0735,1530,27,0,2727,39.7869,40.4026,18.1386
43.1598,7.76134,0,7.76134,11.46,30.0193,1090,12,0,2729,39.7948,40.41,18.1357
43.1791,5.59241,0,5.59241,11.46,30.0193,750,8,0,2730,39.8048,40.4198,18.1328
43.1959,12.8264,0,12.8264,11.44,29.9653,1690,39,0,2732,39.8346,40.4491,18.1313
43.2088,4.73827,0,4.73827,11.44,29.9653,610,12,0,2733,39.8394,40.4537,18.1284
43.2222,9.46107,0,9.46107,11.42,29.9113,1220,19,0,2735,39.8519,40.4658,18.127
43.2441,10.3073,0,10.3073,11.42,29.9113,1465,5,0,2737,39.8791,40.4925,18.1241
43.2481,0.206963,0,0.206963,11.4,29.8574,80,0,0,2737,39.8791,40.4925,18.1226
43.2799,10.7003,0,10.7003,11.4,29.8574,1500,30,0,2739,39.9069,40.5199,18.1212
43.2845,0.505276,0,0.505276,11.38,29.8034,92,0,0,2739,39.9069,40.5199,18.1198
43.311,5.28225,0,5.28225,11.38,29.8034,493,3,0,2740,39.9117,40.5245,18.1183
43.3244,9.49051,0,9.49051,11.36,29.7494,1330,8,0,2742,39.9282,40.5405,18.1169
43.3423,6.04333,0,6.04333,11.36,29.7494,880,3,0,2744,39.9282,40.5401,18.114
43.351,4.62721,0,4.62721,11.34,29.6955,670,17,0,2745,39.9352,40.5468,18.1111
43.3759,8.10444,0,8.10444,11.34,29.6955,956,1,0,2747,39.9414,40.5526,18.1097
43.3928,12.9252,0,12.9252,11.32,29.6417,1710,22,0,2749,39.9716,40.5824,18.1068
43.4111,9.78879,0,9.78879,11.32,29.6417,1160,6,0,2751,39.9818,40.5921,18.1039
43.4255,10.2539,0,10.2539,11.3,29.5878,1376,31,0,2753,40,40.6099,18.101
43.4431,6.47205,0,6.47205,11.3,29.5878,801,21,0,2755,39.9975,40.6069,18.0981
43.4608,13.6453,0,13.6453,11.28,29.534,1316,10,0,2757,40.0316,40.6406,18.0953
43.4814,12.562,0,12.562,11.28,29.534,1437,28,0,2759,40.0667,40.6752,18.0924
43.4963,10.4513,0,10.4513,11.26,29.4802,961,15,0,2761,40.0916,40.6997,18.0895
43.517,9.7293,0,9.7293,11.26,29.4802,1100,0,0,2763,40.1136,40.7213,18.0867
43.5277,5.54498,0,5.54498,11.24,29.4265,534,4,0,2764,40.1194,40.7268,18.0838
43.5571,15.1833,0,15.1833,11.24,29.4265,1629,23,0,2766,40.1602,40.7672,18.0824
43.5746,12.2652,0,12.2652,11.22,29.3729,1790,30,0,2768,40.1929,40.7995,18.0795
43.5915,9.85869,0,9.85869,11.22,29.3729,1180,19,0,2770,40.2036,40.8097,18.0767
43.6045,7.74052,0,7.74052,11.2,29.3191,800,2,0,2771,40.2147,40.8206,18.0738
43.617,0.786519,0,0.786519,11.2,29.3191,110,0,0,2771,40.2147,40.8206,18.0738
43.6237,1.1447,0,1.1447,11.18,29.2655,100,0,0,2771,40.2147,40.8206,18.0738
43.6432,0.938538,0,0.938538,11.18,29.2655,106,0,0,2771,40.2147,40.8206,18.0738
43.6532,5.10058,0,5.10058,11.16,29.2119,650,0,0,2773,40.2056,40.811,18.0724
43.6757,6.07636,0,6.07636,11.16,29.2119,820,6,0,2774,40.217,40.8223,18.0696
43.6867,6.30734,0,6.30734,11.14,29.1584,835,0,0,2775,40.2295,40.8346,18.0681
43.7057,4.01366,0,4.01366,11.14,29.1584,640,4,0,2776,40.2345,40.8393,18.0681
43.7125,2.01878,0,2.01878,11.12,29.1048,360,0,0,2777,40.2294,40.834,18.0653
43.7368,4.73829,0,4.73829,11.12,29.1048,650,0,0,2778,40.2347,40.8391,18.0639
43.7515,9.9023,0,9.9023,11.1,29.0513,1354,19,0,2780,40.2514,40.8554,18.0625
43.7686,5.6602,0,5.6602,11.1,29.0513,723,11,0,2782,40.2462,40.8497,18.0596
43.7816,8.21112,0,8.21112,11.08,28.9979,904,7,0,2784,40.2486,40.8517,18.0568
43.8069,12.1424,0,12.1424,11.08,28.9979,1270,37,0,2786,40.2706,40.8733,18.0539
43.8173,5.72249,0,5.72249,11.06,28.9445,900,0,0,2788,40.2704,40.8727,18.0511
43.834,0.864138,0,0.864138,11.06,28.9445,100,0,0,2788,40.2704,40.8727,18.0497
43.8489,10.1521,0,10.1521,11.04,28.8911,1325,18,0,2790,40.2857,40.8875,18.0483
43.8603,0.266787,0,0.266787,11.04,28.8911,100,0,0,2790,40.2857,40.8875,18.0469
43.8782,13.7587,0,13.7587,11.02,28.8377,1890,8,0,2792,40.3209,40.9223,18.0455
43.8996,13.5099,0,13.5099,11.02,28.8377,1562,13,0,2794,40.3454,40.9463,18.0426
43.9092,4.53449,0,4.53449,11,28.7844,432,0,0,2795,40.3417,40.9424,18.0398
43.9302,4.13656,0,4.13656,11,28.7844,417,0,0,2796,40.3476,40.9481,18.0398
43.9399,4.95313,0,4.95313,10.98,28.7312,506,12,0,2797,40.3489,40.9492,18.037
43.9617,5.26657,0,5.26657,10.98,28.7312,650,0,0,2797,40.3489,40.9492,18.037
43.979,12.4949,0,12.4949,10.96,28.6779,1639,13,0,2799,40.3758,40.9757,18.0356
43.9883,0.38508,0,0.38508,10.96,28.6779,100,0,0,2799,40.3758,40.9757,18.0342
44.0026,9.9056,0,9.9056,10.94,28.6247,991,1,0,2801,40.3841,40.9836,18.0328
44.0191,5.79777,0,5.79777,10.94,28.6247,682,0,0,2802,40.3904,40.9897,18.03
44.0249,0.408852,0,0.408852,10.92,28.5716,100,0,0,2802,40.3904,40.9897,18.03
44.0545,10.2262,0,10.2262,10.92,28.5716,1370,8,0,2804,40.4069,41.0057,18.0286
44.0711,11.3233,0,11.3233,10.9,28.5185,1173,24,0,2806,40.4216,41.02,18.0257
44.0829,3.28866,0,3.28866,10.9,28.5185,470,7,0,2807,40.4204,41.0185,18.0243
44.0965,8.24361,0,8.24361,10.88,28.4654,1042,20,0,2808,40.4395,41.0374,18.0229
44.1084,0.358188,0,0.358188,10.88,28.4654,100,0,0,2808,40.4395,41.0374,18.0215
44.2912,178.167,168.767,9.39957,10.86,28.4123,34171,95,0,2809,40.4464,41.0491,18.0215
44.3059,8.88617,0,8.88617,10.84,28.3593,1070,34,0,2811,40.4539,41.0562,18.0187
44.3273,9.97651,0,9.97651,10.84,28.3593,1440,8,0,2813,40.4721,41.0739,18.0159
44.333,0.96882,0,0.96882,10.82,28.3064,124,0,0,2813,40.4721,41.0739,18.0145
44.3638,10.5453,0,10.5453,10.82,28.3064,1290,14,0,2815,40.4849,41.086,18.0131
44.3731,4.45561,0,4.45561,10.8,28.2534,750,0,0,2816,40.4925,41.0934,18.0103
44.3909,0.658371,0,0.658371,10.8,28.2534,130,0,0,2816,40.4925,41.0934,18.0103
44.396,0.19684,0,0.19684,10.78,28.2005,130,0,0,2816,40.4925,41.0934,18.0103
44.4232,6.18297,0,6.18297,10.78,28.2005,713,1,0,2817,40.5023,41.1029,18.0103
44.4345,6.36255,0,6.36255,10.76,28.1477,900,8,0,2819,40.5009,41.1011,18.0075
44.4516,2.4182,0,2.4182,10.76,28.1477,360,0,0,2820,40.4947,41.0947,18.0061
44.4627,5.8438,0,5.8438,10.74,28.0949,950,4,0,2822,40.495,41.0946,18.0034
44.4811,4.0438,0,4.0438,10.74,28.0949,580,15,0,2823,40.4966,41.096,18.002
44.4936,6.3955,0,6.3955,10.72,28.0421,890,20,0,2824,40.5092,41.1084,17.9992
44.5129,5.93896,0,5.93896,10.72,28.0421,780,0,0,2825,40.5179,41.1168,17.9978
44.5266,7.46358,0,7.46358,10.7,27.9894,1050,0,0,2827,40.5214,41.1199,17.9964
44.5521,13.2024,0,13.2024,10.7,27.9894,1699,21,0,2829,40.5497,41.1478,17.9936
44.5654,7.31044,0,7.31044,10.68,27.9367,850,0,0,2831,40.5539,41.1515,17.9908
44.5792,0.934599,0,0.934599,10.68,27.9367,140,0,0,2831,40.5539,41.1515,17.9894
44.5848,0.282083,0,0.282083,10.66,27.8841,140,0,0,2831,40.5539,41.1515,17.9894
44.6123,7.61825,0,7.61825,10.66,27.8841,880,1,0,2832,40.5657,41.1631,17.988
44.6251,6.4494,0,6.4494,10.64,27.8314,810,0,0,2834,40.5607,41.1577,17.9867
44.6496,11.7147,0,11.7147,10.64,27.8314,1475,17,0,2836,40.5839,41.1805,17.9839
44.6655,9.95123,0,9.95123,10.62,27.7788,1421,4,0,2838,40.6032,41.1994,17.9811
44.6802,5.28572,0,5.28572,10.62,27.7788,526,5,0,2840,40.5944,41.1901,17.9783
44.69,3.54288,0,3.54288,10.6,27.7263,280,0,0,2841,40.585,41.1806,17.9756
44.719,13.3902,0,13.3902,10.6,27.7263,1860,49,0,2843,40.6215,41.2167,17.9742
44.7366,11.8096,0,11.8096,10.58,27.6738,1425,2,0,2845,40.6464,41.2411,17.9714
44.7468,1.13485,0,1.13485,10.58,27.6738,140,0,0,2845,40.6464,41.2411,17.9701
44.7643,12.3267,0,12.3267,10.56,27.6213,1718,6,0,2847,40.6737,41.268,17.9687
44.7762,3.45045,0,3.45045,10.56,27.6213,390,0,0,2848,40.6678,41.2619,17.9659
44.784,1.58248,0,1.58248,10.54,27.5689,194,0,0,2848,40.6678,41.2619,17.9659
44.8084,6.75946,0,6.75946,10.54,27.5689,930,0,0,2849,40.6809,41.2748,17.9659
44.8232,8.07896,0,8.07896,10.52,27.5165,1161,14,0,2850,40.7025,41.2961,17.9632
44.8449,10.638,0,10.638,10.52,27.5165,1610,13,0,2852,40.7248,41.318,17.9618
44.8633,12.4016,0,12.4016,10.5,27.4641,1690,32,0,2854,40.7509,41.3437,17.959
44.8771,6.25444,0,6.25444,10.5,27.4641,920,11,0,2855,40.7608,41.3534,17.9563
44.8912,7.8483,0,7.8483,10.48,27.4117,1090,1,0,2856,40.7791,41.3715,17.9549
44.9119,8.67035,0,8.67035,10.48,27.4117,1027,13,0,2858,40.7841,41.3761,17.9535
44.9288,10.5861,0,10.5861,10.46,27.3593,1445,5,0,2860,40.8007,41.3923,17.9508
44.9438,5.69752,0,5.69752,10.46,27.3593,714,0,0,2861,40.8064,41.3978,17.9494
44.962,11.8876,0,11.8876,10.44,27.3069,1462,4,0,2863,40.8236,41.4146,17.9467
44.9803,10.3929,0,10.3929,10.44,27.3069,1481,18,0,2865,40.8415,41.4321,17.9439
45.002,15.4552,0,15.4552,10.42,27.2545,2015,10,0,2867,40.8818,41.4719,17.9412
45.0119,3.72296,0,3.72296,10.4,27.2021,590,1,0,2868,40.8825,41.4725,17.9385
45.0338,6.2158,0,6.2158,10.4,27.2021,800,0,0,2869,40.8906,41.4803,17.9371
45.0472,7.32729,0,7.32729,10.38,27.1497,1180,1,0,2870,40.9118,41.5014,17.9357
45.0599,0.622902,0,0.622902,10.38,27.1497,168,0,0,2870,40.9118,41.5014,17.9357
45.0688,3.26497,0,3.26497,10.36,27.0973,365,3,0,2871,40.9042,41.4936,17.9357
45.0927,6.092,0,6.092,10.36,27.0973,1023,23,0,2872,40.9203,41.5094,17.933
45.8332,734.843,728.362,6.48103,10.34,27.0449,135533,526,0,2873,40.7769,41.4048,17.9316
45.8499,10.1769,0,10.1769,10.32,26.9925,1197,1,0,2875,40.785,41.4125,17.9303
45.8697,10.7123,0,10.7123,10.32,26.9925,1540,10,0,2877,40.805,41.432,17.9275
45.8785,1.23699,0,1.23699,10.3,26.9401,202,0,0,2877,40.805,41.432,17.9262
45.9028,5.78155,0,5.78155,10.3,26.9401,980,14,0,2878,40.8193,41.4461,17.9262
45.9126,3.68442,0,3.68442,10.28,26.8877,600,0,0,2879,40.8204,41.447,17.9234
45.9352,6.54165,0,6.54165,10.28,26.8877,891,17,0,2881,40.8244,41.4505,17.9221
45.9451,3.86653,0,3.86653,10.26,26.8353,513,0,0,2882,40.8213,41.4473,17.9194
45.9696,8.36524,0,8.36524,10.26,26.8353,1300,1,0,2884,40.8322,41.4577,17.918
45.9794,3.76169,0,3.76169,10.24,26.7829,591,1,0,2885,40.8329,41.4582,17.9166
46.0067,11.33,0,11.33,10.24,26.7829,1706,17,0,2887,40.858,41.4829,17.9139
46.0251,12.0052,0,12.0052,10.22,26.7305,1764,10,0,2889,40.8851,41.5095,17.9112
46.0409,7.24078,0,7.24078,10.22,26.7305,1270,8,0,2891,40.8948,41.5189,17.9085
46.0545,7.88645,0,7.88645,10.2,26.6781,1040,7,0,2892,40.9108,41.5346,17.9058
46.0685,0.351397,0,0.351397,10.2,26.6781,170,0,0,2892,40.9108,41.5346,17.9058
46.0839,10.3419,0,10.3419,10.18,26.6257,1352,14,0,2893,40.9378,41.5614,17.9044
46.0946,0.358587,0,0.358587,10.18,26.6257,170,0,0,2893,40.9378,41.5614,17.9044
46.1147,13.8481,0,13.8481,10.16,26.5733,1928,13,0,2895,40.9713,41.5945,17.9031
46.1251,4.8566,0,4.8566,10.14,26.5209,810,0,0,2896,40.9789,41.6019,17.9017
46.1507,8.98078,0,8.98078,10.14,26.5209,1296,6,0,2898,40.9896,41.6121,17.899
46.1595,3.24779,0,3.24779,10.12,26.4685,600,0,0,2899,40.99,41.6123,17.8963
46.1826,5.22123,0,5.22123,10.12,26.4685,638,4,0,2900,40.9924,41.6145,17.895
46.1929,4.79872,0,4.79872,10.1,26.4161,780,15,0,2901,40.9986,41.6205,17.8936
46.2189,9.62464,0,9.62464,10.1,26.4161,1152,8,0,2903,41.0121,41.6335,17.8923
46.2308,6.2335,0,6.2335,10.08,26.3637,723,18,0,2904,41.0179,41.6391,17.8909
46.2558,10.1001,0,10.1001,10.08,26.3637,1460,0,0,2906,41.0334,41.6542,17.8882
46.2663,4.12939,0,4.12939,10.06,26.3113,710,5,0,2907,41.0372,41.6577,17.8869
46.2901,8.07925,0,8.07925,10.06,26.3113,1231,8,0,2909,41.0481,41.6683,17.8842
46.3004,4.11641,0,4.11641,10.04,26.2589,670,0,0,2910,41.0505,41.6704,17.8829
46.3239,7.5625,0,7.5625,10.04,26.2589,996,2,0,2911,41.0684,41.6881,17.8815
46.338,7.59257,0,7.59257,10.02,26.2065,934,3,0,2913,41.0666,41.6859,17.8788
46.3592,8.98868,0,8.98868,10.02,26.2065,1332,18,0,2915,41.0786,41.6974,17.8762
46.3739,7.73322,0,7.73322,10,26.1541,1063,8,0,2916,41.0974,41.716,17.8735
46.3943,8.66107,0,8.66107,10,26.1541,1440,6,0,2917,41.1262,41.7446,17.8735
46.9,498.792,489.045,9.74714,9.98,26.1017,113502,856,0,2919,40.9935,41.6362,17.8708
46.9123,4.42111,0,4.42111,9.96,26.0493,613,18,0,2920,40.9966,41.639,17.8681
46.9339,5.92812,0,5.92812,9.96,26.0493,710,0,0,2921,41.0014,41.6436,17.8681
46.9466,6.21817,0,6.21817,9.94,25.9969,1000,0,0,2922,41.0154,41.6574,17.8668
46.965,3.35219,0,3.35219,9.94,25.9969,514,0,0,2923,41.0133,41.6551,17.8654
46.9748,4.87354,0,4.87354,9.92,25.9445,495,0,0,2924,41.0144,41.656,17.8628
46.9979,6.28642,0,6.28642,9.92,25.9445,811,12,0,2925,41.0246,41.666,17.8628
47.0048,1.77244,0,1.77244,9.9,25.8921,254,0,0,2926,41.0161,41.6572,17.8601
47.0292,4.78216,0,4.78216,9.9,25.8921,740,1,0,2927,41.0215,41.6625,17.8588
47.0404,5.90765,0,5.90765,9.88,25.8397,860,2,0,2928,41.0304,41.6711,17.8588
47.0632,7.1879,0,7.1879,9.88,25.8397,1150,2,0,2930,41.0352,41.6754,17.8561
47.082,13.3175,0,13.3175,9.86,25.7873,1840,15,0,2932,41.0628,41.7026,17.8534
47.1004,10.393,0,10.393,9.86,25.7873,1592,34,0,2934,41.0825,41.7219,17.8508
47.1067,0.801054,0,0.801054,9.84,25.7349,211,0,0,2934,41.0825,41.7219,17.8494
47.143,15.6541,0,15.6541,9.84,25.7349,2052,21,0,2936,41.1175,41.7565,17.8481
47.1522,3.75211,0,3.75211,9.82,25.6825,770,12,0,2937,41.1226,41.7613,17.8468
47.1833,13.5962,0,13.5962,9.82,25.6825,2030,13,0,2939,41.1565,41.7948,17.8441
47.2023,12.8456,0,12.8456,9.8,25.6301,1486,25,0,2941,41.1833,41.8211,17.8415
47.2128,3.27803,0,3.27803,9.8,25.6301,545,5,0,2942,41.1829,41.8205,17.8401
47.2223,3.25353,0,3.25353,9.78,25.5777,483,8,0,2943,41.1828,41.8203,17.8375
47.2397,0.490293,0,0.490293,9.78,25.5777,210,0,0,2943,41.1828,41.8203,17.8375
47.2462,0.966081,0,0.966081,9.76,25.5253,210,0,0,2943,41.1828,41.8203,17.8375
47.2756,9.10012,0,9.10012,9.76,25.5253,1290,8,0,2945,41.1915,41.8285,17.8362
47.2895,8.46537,0,8.46537,9.74,25.4729,1490,4,0,2946,41.2206,41.8574,17.8335
47.3132,9.92624,0,9.92624,9.74,25.4729,1540,0,0,2948,41.2374,41.8738,17.8322
47.3318,12.3375,0,12.3375,9.72,25.4205,1839,0,0,2950,41.2705,41.9064,17.8295
47.3484,9.06279,0,9.06279,9.72,25.4205,1365,0,0,2952,41.2818,41.9173,17.8269
47.3552,0.304032,0,0.304032,9.7,25.3681,220,0,0,2952,41.2818,41.9173,17.8256
47.3814,6.88211,0,6.88211,9.7,25.3681,933,4,0,2953,41.2926,41.9279,17.8256
47.3964,8.49536,0,8.49536,9.68,25.3157,1082,4,0,2954,41.3121,41.9472,17.8243
47.4114,4.01841,0,4.01841,9.68,25.3157,710,4,0,2955,41.3147,41.9496,17.8229
47.4209,2.91685,0,2.91685,9.66,25.2633,490,15,0,2956,41.3099,41.9445,17.8203
47.4445,6.79785,0,6.79785,9.66,25.2633,1047,27,0,2958,41.31,41.9442,17.819
47.4573,6.23191,0,6.23191,9.64,25.2109,1040,8,0,2959,41.3238,41.9578,17.8163
47.4751,4.4193,0,4.4193,9.64,25.2109,627,4,0,2960,41.3257,41.9595,17.815
48.0388,558.031,544.246,13.7843,9.62,25.1585,126624,1638,0,2962,41.2421,41.8876,17.8137
48.0522,8.38079,0,8.38079,9.6,25.1061,1240,15,0,2964,41.2534,41.8984,17.8111
48.071,8.09434,0,8.09434,9.6,25.1061,960,21,0,2965,41.2691,41.914,17.8098
48.085,9.70539,0,9.70539,9.58,25.0537,1490,38,0,2967,41.2885,41.9329,17.8071
48.104,9.4526,0,9.4526,9.58,25.0537,1272,39,0,2969,41.3031,41.9471,17.8045
48.1157,7.38705,0,7.38705,9.56,25.0013,1000,29,0,2970,41.3199,41.9636,17.8019
48.1289,1.33744,0,1.33744,9.56,25.0013,108,0,0,2970,41.3199,41.9636,17.8019
48.1378,5.36887,0,5.36887,9.54,24.9489,750,37,0,2971,41.3204,41.964,17.8019
48.1596,5.5563,0,5.5563,9.54,24.9489,566,7,0,2972,41.324,41.9674,17.7993
48.1712,7.8354,0,7.8354,9.52,24.8965,1094,32,0,2974,41.3305,41.9734,17.798
48.1944,9.6265,0,9.6265,9.52,24.8965,1340,18,0,2976,41.3444,41.9869,17.7953
48.2084,10.2652,0,10.2652,9.5,24.8441,1390,28,0,2978,41.36,42.002,17.7927
48.2233,3.61097,0,3.61097,9.5,24.8441,450,0,0,2979,41.3578,41.9997,17.7914
48.2345,7.22424,0,7.22424,9.48,24.7917,984,43,0,2980,41.3738,42.0154,17.7888
48.2562,7.37935,0,7.37935,9.48,24.7917,770,45,0,2982,41.3709,42.0121,17.7875
48.2716,11.5934,0,11.5934,9.46,24.7393,1680,22,0,2984,41.3961,42.0369,17.7849
48.2822,0.650523,0,0.650523,9.46,24.7393,100,0,0,2984,41.3961,42.0369,17.7836
48.2869,0.758709,0,0.758709,9.44,24.6869,100,0,0,2984,41.3961,42.0369,17.7836
48.3165,8.77337,0,8.77337,9.44,24.6869,1330,52,0,2986,41.4096,42.0499,17.7823
48.3319,11.6476,0,11.6476,9.42,24.6345,1386,4,0,2988,41.4311,42.071,17.7797
48.3439,2.02391,0,2.02391,9.42,24.6345,183,0,0,2989,41.4222,42.0619,17.7771
48.3488,1.15941,0,1.15941,9.4,24.5821,140,0,0,2989,41.4222,42.0619,17.7771
48.3721,3.90433,0,3.90433,9.4,24.5821,477,0,0,2990,41.4144,42.0538,17.7758
48.3875,10.811,0,10.811,9.38,24.5297,1365,38,0,2992,41.4301,42.0692,17.7745
48.399,2.63777,0,2.63777,9.38,24.5297,480,15,0,2993,41.429,42.0678,17.7732
48.4087,5.84082,0,5.84082,9.36,24.4774,850,17,0,2994,41.4402,42.0788,17.7719
48.4252,0.644504,0,0.644504,9.36,24.4774,100,0,0,2994,41.4402,42.0788,17.7706
48.43,1.07349,0,1.07349,9.34,24.425,116,0,0,2994,41.4402,42.0788,17.7706
48.4589,8.71579,0,8.71579,9.34,24.425,980,24,0,2995,41.4551,42.0935,17.7693
48.4695,6.61318,0,6.61318,9.32,24.3726,980,25,0,2997,41.4568,42.0948,17.768
48.4888,4.2126,0,4.2126,9.32,24.3726,540,2,0,2999,41.4438,42.0814,17.7654
48.5027,10.0195,0,10.0195,9.3,24.3202,1600,61,0,3001,41.4662,42.1033,17.7628
48.528,14.172,0,14.172,9.3,24.3202,1768,78,0,3003,41.4985,42.1352,17.7602
48.5367,4.62037,0,4.62037,9.28,24.2678,580,15,0,3004,41.498,42.1345,17.7576
48.5604,6.65914,0,6.65914,9.28,24.2678,676,3,0,3005,41.5095,42.1458,17.7563
48.5654,0.834963,0,0.834963,9.26,24.2154,110,0,0,3005,41.5095,42.1458,17.7563
48.5909,4.68537,0,4.68537,9.26,24.2154,690,16,0,3006,41.515,42.151,17.755
48.6036,8.72009,0,8.72009,9.24,24.163,1337,46,0,3007,41.5377,42.1736,17.755
48.6244,7.85184,0,7.85184,9.24,24.163,1122,10,0,3009,41.5464,42.1818,17.7524
48.6327,4.24446,0,4.24446,9.22,24.1106,485,14,0,3010,41.5442,42.1794,17.7512
48.6556,5.41272,0,5.41272,9.22,24.1106,820,31,0,3011,41.554,42.189,17.7486
48.6681,8.33314,0,8.33314,9.2,24.0582,1270,31,0,3013,41.5649,42.1995,17.7473
48.6856,4.25995,0,4.25995,9.2,24.0582,710,3,0,3014,41.571,42.2054,17.746
48.6919,2.27473,0,2.27473,9.18,24.0058,410,6,0,3015,41.5672,42.2013,17.7434
48.7277,16.4695,0,16.4695,9.18,24.0058,2106,11,0,3017,41.6059,42.2396,17.7421
48.7397,7.00079,0,7.00079,9.16,23.9534,1114,18,0,3018,41.6252,42.2588,17.7396
48.7595,5.4888,0,5.4888,9.16,23.9534,950,26,0,3019,41.639,42.2723,17.7383
48.7769,11.7418,0,11.7418,9.14,23.901,1390,42,0,3021,41.6534,42.2863,17.737
48.7969,11.2533,0,11.2533,9.14,23.901,1180,26,0,3022,41.6747,42.3074,17.7357
48.8105,6.71802,0,6.71802,9.12,23.8486,764,16,0,3024,41.6779,42.3102,17.7331
48.8282,5.03514,0,5.03514,9.12,23.8486,737,12,0,3026,41.6735,42.3054,17.7306
48.8426,9.65379,0,9.65379,9.1,23.7962,1106,43,0,3028,41.682,42.3134,17.728
48.8622,7.69271,0,7.69271,9.1,23.7962,920,16,0,3030,41.6809,42.3119,17.7254
48.8797,11.8997,0,11.8997,9.08,23.7438,1640,40,0,3032,41.7035,42.3341,17.7229
48.8877,0.858732,0,0.858732,9.08,23.7438,140,0,0,3032,41.7035,42.3341,17.7216
48.9012,8.8399,0,8.8399,9.06,23.6914,1177,41,0,3033,41.725,42.3554,17.7203
48.923,9.70097,0,9.70097,9.06,23.6914,1252,42,0,3034,41.7399,42.3701,17.7203
48.9377,9.90442,0,9.90442,9.04,23.639,1564,54,0,3036,41.7602,42.39,17.7178
48.9579,8.41644,0,8.41644,9.04,23.639,1190,28,0,3037,41.7817,42.4113,17.7152
48.9633,0.654152,0,0.654152,9.02,23.5866,120,0,0,3037,41.7817,42.4113,17.7152
48.9846,0.318405,0,0.318405,9.02,23.5866,120,0,0,3037,41.7817,42.4113,17.7152
48.9908,1.16237,0,1.16237,9,23.5342,190,0,0,3037,41.7817,42.4113,17.7152
49.0186,7.47237,0,7.47237,9,23.5342,1128,19,0,3038,41.8012,42.4305,17.7139
49.0367,13.0238,0,13.0238,8.98,23.4818,1771,47,0,3040,41.8286,42.4576,17.7127
49.0506,5.73668,0,5.73668,8.98,23.4818,817,21,0,3041,41.8379,42.4666,17.7101
49.0645,8.89603,0,8.89603,8.96,23.4294,1220,29,0,3043,41.8465,42.4749,17.7088
49.0776,0.320906,0,0.320906,8.96,23.4294,120,0,0,3043,41.8465,42.4749,17.7076
49.0917,9.50272,0,9.50272,8.94,23.377,1343,18,0,3045,41.8604,42.4883,17.7063
49.1086,4.58296,0,4.58296,8.94,23.377,552,2,0,3047,41.8487,42.4762,17.7038
49.1187,5.53529,0,5.53529,8.92,23.3246,720,31,0,3048,41.8547,42.482,17.7025
49.1399,5.13581,0,5.13581,8.92,23.3246,717,24,0,3049,41.8603,42.4874,17.7012
49.1521,7.50686,0,7.50686,8.9,23.2722,1061,13,0,3050,41.8777,42.5046,17.6987
49.1741,8.13516,0,8.13516,8.9,23.2722,1037,43,0,3052,41.8827,42.5092,17.6974
49.1819,3.24791,0,3.24791,8.88,23.2198,460,7,0,3053,41.8791,42.5054,17.6961
49.2044,3.41344,0,3.41344,8.88,23.2198,560,13,0,3054,41.8798,42.5059,17.6949
49.2097,0.679751,0,0.679751,8.86,23.1674,120,0,0,3054,41.8798,42.5059,17.6936
49.2398,8.99677,0,8.99677,8.86,23.1674,1430,31,0,3056,41.8953,42.5209,17.6923
49.2512,5.65728,0,5.65728,8.84,23.115,636,11,0,3057,41.9006,42.526,17.6911
49.2806,13.7648,0,13.7648,8.84,23.115,2050,15,0,3059,41.9363,42.5613,17.6885
49.2917,5.9139,0,5.9139,8.82,23.0626,820,24,0,3060,41.9454,42.5703,17.6873
49.3088,1.70187,0,1.70187,8.82,23.0626,120,0,0,3060,41.9454,42.5703,17.686
49.3289,15.2961,0,15.2961,8.8,23.0102,1939,61,0,3062,41.9781,42.6025,17.6847
49.3353,0.709226,0,0.709226,8.78,22.9578,120,0,0,3062,41.9781,42.6025,17.6835
49.3599,5.52495,0,5.52495,8.78,22.9578,840,15,0,3063,41.9879,42.6121,17.6822
49.3805,14.7553,0,14.7553,8.76,22.9054,1849,33,0,3065,42.0232,42.647,17.6809
49.3927,7.00793,0,7.00793,8.74,22.853,1090,9,0,3066,42.0411,42.6647,17.6784
49.4143,7.31307,0,7.31307,8.74,22.853,831,4,0,3068,42.0434,42.6666,17.6772
49.4281,8.69251,0,8.69251,8.72,22.8006,1470,32,0,3070,42.0599,42.6827,17.6746
49.4535,12.8697,0,12.8697,8.72,22.8006,1677,17,0,3072,42.0833,42.7057,17.6721
49.4592,0.858886,0,0.858886,8.7,22.7482,120,0,0,3072,42.0833,42.7057,17.6709
49.4803,0.39836,0,0.39836,8.7,22.7482,120,0,0,3072,42.0833,42.7057,17.6709
49.4904,5.21956,0,5.21956,8.68,22.6958,890,17,0,3073,42.0944,42.7166,17.6709
49.5069,0.469234,0,0.469234,8.68,22.6958,130,0,0,3073,42.0944,42.7166,17.6696
49.5161,3.98469,0,3.98469,8.66,22.6434,620,2,0,3074,42.0966,42.7186,17.6696
49.5341,0.558926,0,0.558926,8.66,22.6434,130,0,0,3074,42.0966,42.7186,17.6683
49.5423,3.13747,0,3.13747,8.64,22.591,480,0,0,3075,42.0943,42.7161,17.6671
49.5695,8.80593,0,8.80593,8.64,22.591,1118,17,0,3077,42.1001,42.7215,17.6658
49.5799,5.23891,0,5.23891,8.62,22.5386,860,16,0,3078,42.1101,42.7313,17.6646
49.6031,6.89477,0,6.89477,8.62,22.5386,960,22,0,3080,42.1097,42.7305,17.6621
49.6173,8.69392,0,8.69392,8.6,22.4862,1350,6,0,3082,42.122,42.7424,17.6595
49.6364,6.35709,0,6.35709,8.6,22.4862,980,2,0,3083,42.1359,42.7561,17.657
49.6446,2.85741,0,2.85741,8.58,22.4338,450,6,0,3084,42.1326,42.7526,17.657
49.665,2.02738,0,2.02738,8.58,22.4338,152,0,0,3084,42.1326,42.7526,17.6558
49.6741,4.04117,0,4.04117,8.56,22.3814,650,1,0,3085,42.1358,42.7556,17.6558
49.6953,4.65814,0,4.65814,8.56,22.3814,690,20,0,3086,42.1397,42.7592,17.6533
49.7083,6.69748,0,6.69748,8.54,22.329,900,38,0,3087,42.151,42.7703,17.652
49.7289,7.84966,0,7.84966,8.54,22.329,1180,37,0,3089,42.1577,42.7766,17.6508
49.7417,6.52494,0,6.52494,8.52,22.2766,1050,26,0,3091,42.1601,42.7787,17.6483
49.7635,8.68987,0,8.68987,8.52,22.2766,850,8,0,3093,42.1633,42.7814,17.6458
49.7705,0.633876,0,0.633876,8.5,22.2242,130,0,0,3093,42.1633,42.7814,17.6445
49.7932,4.03479,0,4.03479,8.5,22.2242,640,0,0,3094,42.1661,42.7841,17.6445
49.8098,10.2476,0,10.2476,8.48,22.1718,1590,35,0,3096,42.186,42.8036,17.642
49.8254,6.40491,0,6.40491,8.48,22.1718,975,26,0,3097,42.1995,42.8169,17.6395
49.8406,8.57854,0,8.57854,8.46,22.1194,1034,33,0,3099,42.203,42.8199,17.6383
49.8569,5.86544,0,5.86544,8.46,22.1194,920,15,0,3100,42.2139,42.8306,17.6358
49.8663,3.01062,0,3.01062,8.44,22.067,510,1,0,3101,42.2096,42.8262,17.6345
49.8919,9.04695,0,9.04695,8.44,22.067,1300,12,0,3103,42.2201,42.8363,17.6333
49.9038,5.51572,0,5.51572,8.42,22.0146,870,16,0,3104,42.2303,42.8463,17.6308
49.9239,6.36222,0,6.36222,8.42,22.0146,970,28,0,3105,42.2438,42.8596,17.6296
49.9374,7.08966,0,7.08966,8.4,21.9622,1002,16,0,3107,42.2469,42.8622,17.6283
49.9648,15.1612,0,15.1612,8.4,21.9622,2180,58,0,3109,42.2856,42.9006,17.6258
49.9804,9.57508,0,9.57508,8.38,21.9098,1269,3,0,3111,42.2954,42.91,17.6234
49.9984,6.84563,0,6.84563,8.38,21.9098,970,0,0,3113,42.2955,42.9097,17.6209
50.0071,3.79712,0,3.79712,8.36,21.8574,510,0,0,3114,42.2945,42.9085,17.6184
50.0342,8.94898,0,8.94898,8.36,21.8574,1292,21,0,3116,42.3052,42.9188,17.6172
50.0396,0.318485,0,0.318485,8.34,21.805,120,0,0,3116,42.3052,42.9188,17.6159
50.071,10.1633,0,10.1633,8.34,21.805,1400,22,0,3118,42.3191,42.9323,17.6147
50.0806,4.23724,0,4.23724,8.32,21.7526,650,4,0,3119,42.3222,42.9352,17.6122
50.1106,12.8472,0,12.8472,8.32,21.7526,1751,35,0,3121,42.3496,42.9622,17.611
50.1299,14.1511,0,14.1511,8.3,21.7002,1940,19,0,3123,42.3804,42.9926,17.6085
50.145,7.83662,0,7.83662,8.3,21.7002,1120,9,0,3124,42.3985,43.0106,17.606
50.1632,12.8208,0,12.8208,8.28,21.6478,1643,19,0,3126,42.4216,43.0333,17.6048
50.1792,7.48805,0,7.48805,8.28,21.6478,944,3,0,3127,42.4352,43.0467,17.6036
50.1901,5.47309,0,5.47309,8.26,21.5954,840,5,0,3128,42.4444,43.0556,17.6023
50.2185,12.5149,0,12.5149,8.26,21.5954,1786,33,0,3130,42.4706,43.0815,17.5999
50.2291,4.48654,0,4.48654,8.24,21.543,670,0,0,3131,42.4743,43.085,17.5986
50.2559,12.0467,0,12.0467,8.24,21.543,1698,44,0,3133,42.4979,43.1082,17.5962
50.2626,0.549429,0,0.549429,8.22,21.4906,130,0,0,3133,42.4979,43.1082,17.595
50.2853,3.54677,0,3.54677,8.22,21.4906,480,7,0,3134,42.4955,43.1056,17.5937
50.3028,11.4034,0,11.4034,8.2,21.4382,1500,21,0,3136,42.5121,43.1218,17.5925
50.3199,8.74902,0,8.74902,8.2,21.4382,1120,3,0,3138,42.5194,43.1287,17.59
50.3329,6.77938,0,6.77938,8.18,21.3858,1020,23,0,3139,42.5342,43.1434,17.5888
50.3518,6.00361,0,6.00361,8.18,21.3858,970,22,0,3140,42.5475,43.1564,17.5876
50.3632,5.2619,0,5.2619,8.16,21.3334,820,19,0,3141,42.5559,43.1646,17.5851
50.3887,11.1585,0,11.1585,8.16,21.3334,1860,25,0,3143,42.5838,43.1922,17.5839
50.4082,13.4628,0,13.4628,8.14,21.281,1760,16,0,3145,42.6086,43.2165,17.5815
50.4245,10.3888,0,10.3888,8.14,21.281,1430,10,0,3147,42.6231,43.2307,17.579
50.4411,10.0526,0,10.0526,8.12,21.2286,1450,13,0,3149,42.638,43.2452,17.5766
50.462,10.3051,0,10.3051,8.12,21.2286,1048,29,0,3150,42.6597,43.2667,17.5753
50.4723,4.94005,0,4.94005,8.1,21.1762,670,2,0,3151,42.6633,43.2701,17.5741
50.4967,7.83195,0,7.83195,8.1,21.1762,1230,37,0,3153,42.6711,43.2775,17.5717
50.5088,6.17211,0,6.17211,8.08,24.7086,910,12,0,3154,42.6823,43.2885,17.5692
50.5314,7.41372,0,7.41372,8.08,24.7086,846,8,0,3155,42.6922,43.2983,17.568
50.546,8.88032,0,8.88032,8.06,24.6476,1560,36,0,3157,42.7105,43.3161,17.5668
50.5659,7.49941,0,7.49941,8.06,24.6476,950,20,0,3158,42.722,43.3274,17.5644
50.5785,6.89221,0,6.89221,8.04,24.5865,740,15,0,3159,42.7303,43.3355,17.5644
50.596,3.13991,0,3.13991,8.04,24.5865,309,0,0,3160,42.7253,43.3304,17.5631
50.6104,8.96122,0,8.96122,8.02,24.5255,1402,26,0,3162,42.7385,43.3431,17.5607
50.6256,2.91317,0,2.91317,8.02,24.5255,512,1,0,3163,42.737,43.3414,17.5583
50.6454,13.9199,0,13.9199,8,24.4645,1556,34,0,3165,42.7615,43.3656,17.5571
50.661,8.17574,0,8.17574,8,24.4645,1076,5,0,3166,42.7776,43.3816,17.5546
51.4757,808.829,800.578,8.25094,7.98,24.4034,175829,1390,0,3168,42.5612,43.2049,17.5534
51.4943,11.7478,0,11.7478,7.96,24.3424,1649,40,0,3170,42.5836,43.2268,17.551
51.5128,11.0545,0,11.0545,7.96,24.3424,1689,75,0,3172,42.6081,43.2509,17.5486
51.5295,9.3741,0,9.3741,7.94,24.2814,1045,24,0,3174,42.6128,43.2552,17.5461
51.5413,0.955768,0,0.955768,7.94,24.2814,90,0,0,3174,42.6128,43.2552,17.5449
51.5534,7.79014,0,7.79014,7.92,24.2203,1190,16,0,3175,42.634,43.2762,17.5449
51.5746,8.40295,0,8.40295,7.92,24.2203,1039,5,0,3177,42.6377,43.2795,17.5425
51.5874,7.25863,0,7.25863,7.9,24.1592,1300,42,0,3179,42.6489,43.2903,17.5401
51.6034,3.82694,0,3.82694,7.9,24.1592,630,28,0,3180,42.6525,43.2937,17.5389
51.6166,7.70284,0,7.70284,7.88,24.0982,780,0,0,3182,42.6596,43.3004,17.5365
51.6355,6.9414,0,6.9414,7.88,24.0982,980,24,0,3183,42.6739,43.3145,17.5341
51.6413,0.351751,0,0.351751,7.86,24.0372,100,0,0,3183,42.6739,43.3145,17.5341
51.666,5.47762,0,5.47762,7.86,24.0372,820,1,0,3184,42.6831,43.3235,17.5329
51.6778,7.10966,0,7.10966,7.84,23.9762,1000,23,0,3186,42.6846,43.3245,17.5316
51.7004,8.082,0,8.082,7.84,23.9762,1250,44,0,3188,42.6939,43.3334,17.5292
51.7105,4.3426,0,4.3426,7.82,23.9151,496,5,0,3189,42.6946,43.334,17.5268
51.7362,10.4695,0,10.4695,7.82,23.9151,1398,9,0,3191,42.7086,43.3475,17.5256
51.7491,6.95832,0,6.95832,7.8,23.8542,990,27,0,3192,42.7231,43.3618,17.5244
51.7717,10.1451,0,10.1451,7.8,23.8542,1570,35,0,3194,42.7423,43.3807,17.522
51.7856,7.92909,0,7.92909,7.78,23.7933,1110,8,0,3196,42.7472,43.3852,17.5196
51.8103,13.1728,0,13.1728,7.78,23.7933,1696,40,0,3198,42.7733,43.4109,17.5172
51.8164,0.325497,0,0.325497,7.76,23.7323,100,0,0,3198,42.7733,43.4109,17.516
51.8411,5.70224,0,5.70224,7.76,23.7323,491,3,0,3200,42.7644,43.4016,17.5148
51.8611,14.0212,0,14.0212,7.74,23.6713,2042,33,0,3202,42.7998,43.4366,17.5124
51.88,13.7559,0,13.7559,7.72,23.6105,1880,26,0,3204,42.8283,43.4647,17.51
51.8906,2.8714,0,2.8714,7.72,23.6105,450,5,0,3205,42.8256,43.4618,17.5088
51.901,5.69485,0,5.69485,7.7,23.5495,750,3,0,3206,42.8322,43.4682,17.5064
51.9256,8.55968,0,8.55968,7.7,23.5495,1266,18,0,3208,42.8423,43.4779,17.5052
51.9341,3.88078,0,3.88078,7.68,23.4886,504,5,0,3209,42.8417,43.4771,17.504
51.9559,3.87912,0,3.87912,7.68,23.4886,650,0,0,3210,42.8452,43.4804,17.5028
51.969,8.44537,0,8.44537,7.66,23.4277,1180,10,0,3211,42.8652,43.5002,17.5005
51.9864,4.00929,0,4.00929,7.66,23.4277,581,30,0,3212,42.8671,43.5019,17.5005
51.992,0.779271,0,0.779271,7.64,23.367,118,0,0,3212,42.8671,43.5019,17.4993
52.0253,12.3628,0,12.3628,7.64,23.367,1930,39,0,3214,42.897,43.5314,17.4981
52.0429,12.4037,0,12.4037,7.62,23.3061,1760,63,0,3216,42.9238,43.5578,17.4957
52.0627,10.3796,0,10.3796,7.62,23.3061,1388,8,0,3218,42.9369,43.5705,17.4933
52.0728,3.646,0,3.646,7.6,23.2453,570,9,0,3219,42.9366,43.5701,17.4909
52.0932,4.6845,0,4.6845,7.6,23.2453,640,25,0,3220,42.9394,43.5727,17.4909
52.1071,8.83742,0,8.83742,7.58,23.1846,1330,13,0,3222,42.9507,43.5835,17.4885
52.1295,9.50755,0,9.50755,7.58,23.1846,1278,17,0,3224,42.9612,43.5937,17.4862
52.14,4.44367,0,4.44367,7.56,23.1238,503,0,0,3225,42.956,43.5882,17.4838
52.1692,14.4649,0,14.4649,7.56,23.1238,2039,50,0,3227,42.9895,43.6213,17.4826
52.187,11.9129,0,11.9129,7.54,23.0631,1960,16,0,3229,43.0201,43.6516,17.4802
52.2032,8.9047,0,8.9047,7.54,23.0631,1380,1,0,3230,43.0461,43.6774,17.4779
52.2096,0.5543,0,0.5543,7.52,23.0024,120,0,0,3230,43.0461,43.6774,17.4779
52.229,0.411706,0,0.411706,7.52,23.0024,110,0,0,3230,43.0461,43.6774,17.4779
52.2381,3.071,0,3.071,7.5,22.9418,439,0,0,3231,43.0433,43.6744,17.4779
52.2625,8.25432,0,8.25432,7.5,22.9418,1089,24,0,3233,43.047,43.6777,17.4755
52.2786,9.59158,0,9.59158,7.48,22.8812,1400,20,0,3235,43.0603,43.6906,17.4731
52.2911,3.16125,0,3.16125,7.48,22.8812,600,22,0,3236,43.0621,43.6922,17.4708
52.3048,8.00046,0,8.00046,7.46,22.8206,1074,22,0,3238,43.0692,43.6989,17.4696
52.325,6.92005,0,6.92005,7.46,22.8206,918,21,0,3239,43.0846,43.7141,17.4672
52.3408,10.665,0,10.665,7.44,22.7601,1458,22,0,3241,43.1009,43.73,17.466
52.3609,9.46378,0,9.46378,7.44,22.7601,1220,17,0,3243,43.1085,43.7373,17.4637
52.3759,9.07621,0,9.07621,7.42,22.6997,1410,6,0,3245,43.122,43.7504,17.4613
52.3949,8.90586,0,8.90586,7.42,22.6997,1250,8,0,3246,43.1439,43.772,17.4601
52.4018,0.880203,0,0.880203,7.4,22.6392,110,0,0,3246,43.1439,43.772,17.4589
52.4288,8.71082,0,8.71082,7.4,22.6392,1224,16,0,3247,43.1651,43.793,17.4589
52.4401,5.36329,0,5.36329,7.38,22.5788,602,0,0,3248,43.1767,43.8045,17.4578
52.4545,0.198646,0,0.198646,7.38,22.5788,110,0,0,3248,43.1767,43.8045,17.4566
52.4625,2.78705,0,2.78705,7.36,22.5185,331,0,0,3249,43.1745,43.8021,17.4554
52.4814,0.314173,0,0.314173,7.36,22.5185,110,0,0,3249,43.1745,43.8021,17.4554
52.4936,6.93164,0,6.93164,7.34,22.4581,1120,11,0,3250,43.1923,43.8197,17.4542
52.5163,8.1257,0,8.1257,7.34,22.4581,978,0,0,3252,43.2005,43.8275,17.4531
52.5268,5.11708,0,5.11708,7.32,22.3978,750,7,0,3254,43.1936,43.8202,17.4507
52.5533,10.248,0,10.248,7.32,22.3978,1480,23,0,3256,43.2092,43.8354,17.4484
52.5587,0.454904,0,0.454904,7.3,22.3376,110,0,0,3256,43.2092,43.8354,17.4472
52.5925,13.0056,0,13.0056,7.3,22.3376,1597,9,0,3258,43.233,43.8588,17.446
52.6028,4.26928,0,4.26928,7.28,22.2775,457,6,0,3259,43.2304,43.8561,17.4437
52.6272,9.05878,0,9.05878,7.28,22.2775,1354,2,0,3261,43.2423,43.8675,17.4425
52.6367,3.58439,0,3.58439,7.26,22.2173,361,0,0,3262,43.2431,43.8682,17.4401
52.6637,10.8963,0,10.8963,7.26,22.2173,1360,7,0,3264,43.2595,43.8842,17.439
52.6705,0.267404,0,0.267404,7.24,22.1572,110,0,0,3264,43.2595,43.8842,17.4378
52.6928,3.12589,0,3.12589,7.24,22.1572,520,0,0,3265,43.2588,43.8833,17.4378
52.7116,12.7389,0,12.7389,7.22,22.0972,1687,25,0,3267,43.2822,43.9063,17.4355
52.722,3.64666,0,3.64666,7.22,22.0972,530,15,0,3268,43.2818,43.9058,17.4343
52.7359,7.79112,0,7.79112,7.2,22.0372,1300,12,0,3270,43.2917,43.9153,17.432
52.7549,7.1661,0,7.1661,7.2,22.0372,1160,24,0,3271,43.3106,43.934,17.4308
52.7701,8.55346,0,8.55346,7.18,21.9772,1300,27,0,3273,43.3205,43.9435,17.4285
52.7915,10.5248,0,10.5248,7.18,21.9772,1750,3,0,3275,43.3441,43.9667,17.4261
52.8099,11.8196,0,11.8196,7.16,21.9173,1690,8,0,3277,43.3659,43.9881,17.4238
52.8273,9.8071,0,9.8071,7.16,21.9173,1500,3,0,3279,43.3818,44.0037,17.4215
52.8445,10.734,0,10.734,7.14,21.8575,1716,57,0,3281,43.4048,44.0262,17.4191
52.8631,9.84772,0,9.84772,7.14,21.8575,1233,16,0,3283,43.4167,44.0378,17.4168
52.8712,1.72575,0,1.72575,7.12,21.7977,110,0,0,3283,43.4167,44.0378,17.4156
52.8949,5.95157,0,5.95157,7.12,21.7977,890,15,0,3284,43.4272,44.0481,17.4145
52.9083,7.10452,0,7.10452,7.1,21.7379,980,9,0,3285,43.4399,44.0606,17.4133
52.9209,0.270028,0,0.270028,7.1,21.7379,110,0,0,3285,43.4399,44.0606,17.4133
53.5115,584.044,573.668,10.3753,7.08,21.6783,153244,497,0,3287,43.2942,43.9477,17.4122
53.5295,8.55788,0,8.55788,7.06,21.6185,1270,43,0,3289,43.3031,43.9562,17.4098
53.548,8.77049,0,8.77049,7.06,21.6185,1157,26,0,3291,43.3127,43.9654,17.4075
53.5652,10.2855,0,10.2855,7.04,21.5589,1529,18,0,3293,43.3304,43.9827,17.4052
53.5797,5.3288,0,5.3288,7.04,21.5589,770,1,0,3294,43.3373,43.9894,17.404
53.5959,9.85455,0,9.85455,7.02,21.4994,1550,14,0,3296,43.3547,44.0064,17.4017
53.6149,9.2806,0,9.2806,7.02,21.4994,1530,22,0,3298,43.3714,44.0227,17.3994
53.626,4.84763,0,4.84763,7,21.44,718,13,0,3299,43.3789,44.03,17.3971
53.6472,6.54312,0,6.54312,7,21.44,960,25,0,3300,43.3915,44.0424,17.3959
53.661,7.56995,0,7.56995,6.98,21.3805,1050,8,0,3301,43.4068,44.0576,17.3959
53.681,7.89023,0,7.89023,6.98,21.3805,1170,8,0,3302,43.4258,44.0763,17.3936
53.6883,0.637915,0,0.637915,6.96,21.3211,110,0,0,3302,43.4258,44.0763,17.3936
53.715,7.84774,0,7.84774,6.96,21.3211,1140,15,0,3304,43.4307,44.0808,17.3925
53.7325,11.2713,0,11.2713,6.94,21.2618,1560,51,0,3306,43.4483,44.098,17.3902
53.7449,4.03887,0,4.03887,6.94,21.2618,506,0,0,3307,43.4554,44.1049,17.3879
53.7571,5.92944,0,5.92944,6.92,21.2026,910,19,0,3308,43.4664,44.1158,17.3879
53.7776,6.79562,0,6.79562,6.92,21.2026,1010,3,0,3309,43.4805,44.1296,17.3867
53.7851,2.45555,0,2.45555,6.9,21.1433,306,8,0,3310,43.4734,44.1224,17.3856
53.8141,9.75232,0,9.75232,6.9,21.1433,1670,27,0,3312,43.4943,44.1428,17.3833
53.8282,7.84999,0,7.84999,6.88,21.0842,1050,8,0,3314,43.4964,44.1445,17.381
53.8475,7.68048,0,7.68048,6.88,21.0842,1200,11,0,3315,43.5161,44.1641,17.3798
53.864,9.5465,0,9.5465,6.86,21.0251,1384,23,0,3317,43.53,44.1776,17.3775
53.8762,2.43651,0,2.43651,6.86,21.0251,450,10,0,3318,43.5271,44.1745,17.3752
53.8852,3.95027,0,3.95027,6.84,20.966,630,0,0,3319,43.5297,44.1769,17.3752
53.9093,6.47065,0,6.47065,6.84,20.966,830,3,0,3320,43.5383,44.1852,17.3729
53.9149,0.351375,0,0.351375,6.82,20.907,110,0,0,3320,43.5383,44.1852,17.3729
53.9415,5.41254,0,5.41254,6.82,20.907,1030,34,0,3321,43.5528,44.1996,17.3729
53.9585,11.8292,0,11.8292,6.8,20.848,1520,23,0,3323,43.5739,44.2203,17.3706
53.9774,8.97006,0,8.97006,6.8,20.848,1410,8,0,3325,43.5868,44.2328,17.3683
53.9956,11.0653,0,11.0653,6.78,20.7892,1820,40,0,3327,43.612,44.2576,17.3661
54.0071,3.12543,0,3.12543,6.78,20.7892,520,0,0,3328,43.6112,44.2566,17.3649
54.0183,5.76341,0,5.76341,6.76,20.7303,900,22,0,3329,43.6218,44.267,17.3626
54.039,4.90526,0,4.90526,6.76,20.7303,810,12,0,3330,43.6297,44.2748,17.3626
54.0466,2.00533,0,2.00533,6.74,20.6715,161,0,0,3330,43.6297,44.2748,17.3615
54.0667,0.591643,0,0.591643,6.74,20.6715,120,0,0,3330,43.6297,44.2748,17.3615
54.0773,5.38128,0,5.38128,6.72,20.6127,820,2,0,3331,43.6379,44.2828,17.3615
54.0989,5.24522,0,5.24522,6.72,20.6127,870,15,0,3333,43.6346,44.279,17.3592
54.11,5.61364,0,5.61364,6.7,20.554,920,10,0,3334,43.6455,44.2897,17.3569
54.1332,7.18961,0,7.18961,6.7,20.554,1020,21,0,3335,43.6594,44.3034,17.3569
54.1462,7.52197,0,7.52197,6.68,20.4953,979,2,0,3337,43.6593,44.303,17.3546
54.1714,10.947,0,10.947,6.68,20.4953,1790,9,0,3339,43.6828,44.3261,17.3523
54.1806,2.95373,0,2.95373,6.66,20.4366,520,2,0,3340,43.6814,44.3246,17.3501
54.2042,4.66467,0,4.66467,6.66,20.4366,790,19,0,3341,43.6881,44.331,17.3501
54.2138,3.64207,0,3.64207,6.64,20.378,650,1,0,3342,43.6906,44.3333,17.3489
54.2372,5.53411,0,5.53411,6.64,20.378,810,0,0,3343,43.6976,44.3401,17.3467
54.2471,4.14168,0,4.14168,6.62,20.3194,534,1,0,3344,43.6977,44.34,17.3455
54.2734,8.88613,0,8.88613,6.62,20.3194,1136,0,0,3346,43.7059,44.3479,17.3444
54.281,0.45908,0,0.45908,6.6,20.2607,150,0,0,3346,43.7059,44.3479,17.3432
54.3095,9.83503,0,9.83503,6.6,20.2607,1460,5,0,3348,43.7192,44.3608,17.3421
54.3212,4.971,0,4.971,6.58,20.2021,900,24,0,3349,43.7289,44.3703,17.3398
54.3416,6.20803,0,6.20803,6.58,20.2021,960,9,0,3351,43.7272,44.3682,17.3387
54.3504,1.68377,0,1.68377,6.56,20.1434,310,2,0,3352,43.7193,44.3601,17.3364
54.3723,4.50999,0,4.50999,6.56,20.1434,790,5,0,3353,43.7256,44.3662,17.3364
54.3826,3.14198,0,3.14198,6.54,20.0848,570,0,0,3354,43.7254,44.3658,17.3342
54.4036,5.02227,0,5.02227,6.54,20.0848,634,4,0,3355,43.7252,44.3654,17.3342
54.4162,6.64863,0,6.64863,6.52,20.0262,853,2,0,3356,43.7351,44.3751,17.3319
54.441,10.1714,0,10.1714,6.52,20.0262,1500,32,0,3358,43.7496,44.3892,17.3308
54.4582,10.3944,0,10.3944,6.5,19.9675,1504,3,0,3360,43.7646,44.4039,17.3285
54.4733,6.4502,0,6.4502,6.5,19.9675,948,14,0,3362,43.7629,44.4018,17.3262
54.4825,2.41698,0,2.41698,6.48,19.9089,380,6,0,3363,43.7571,44.3958,17.3251
54.5004,1.21712,0,1.21712,6.48,19.9089,140,0,0,3363,43.7571,44.3958,17.324
54.5103,4.13849,0,4.13849,6.46,19.8502,542,0,0,3364,43.7568,44.3954,17.3229
54.5369,9.41232,0,9.41232,6.46,19.8502,1405,46,0,3366,43.7686,44.4067,17.3217
54.5538,10.0457,0,10.0457,6.44,19.7916,1710,14,0,3368,43.7892,44.427,17.3195
54.57,7.09959,0,7.09959,6.44,19.7916,1090,4,0,3370,43.7914,44.4288,17.3172
55.1032,526.251,525.103,1.14754,6.42,19.733,135855,800,0,3370,43.7175,44.3727,17.3161
55.1177,7.12746,0,7.12746,6.4,19.6743,1210,31,0,3372,43.7233,44.3781,17.315
55.1356,5.58102,0,5.58102,6.4,19.6743,1030,29,0,3374,43.7238,44.3782,17.3127
55.1485,6.41628,0,6.41628,6.38,19.6157,1080,11,0,3375,43.7381,44.3923,17.3105
55.1723,10.6058,0,10.6058,6.38,19.6157,1890,9,0,3377,43.764,44.4178,17.3093
55.1847,5.70791,0,5.70791,6.36,19.557,1020,6,0,3379,43.7641,44.4176,17.3071
55.201,2.88671,0,2.88671,6.36,19.557,670,1,0,3380,43.7669,44.4201,17.3049
55.2178,10.1457,0,10.1457,6.34,19.4984,1604,36,0,3382,43.7871,44.44,17.3037
55.2283,1.15656,0,1.15656,6.34,19.4984,140,0,0,3382,43.7871,44.44,17.3026
55.2419,7.92809,0,7.92809,6.32,19.4398,1160,10,0,3384,43.797,44.4495,17.3015
55.2599,4.2792,0,4.2792,6.32,19.4398,680,0,0,3385,43.8,44.4523,17.2992
55.2717,6.08215,0,6.08215,6.3,19.3811,1022,18,0,3386,43.8133,44.4654,17.2992
55.2996,12.3179,0,12.3179,6.3,19.3811,1900,12,0,3388,43.8394,44.4911,17.297
55.3109,4.38519,0,4.38519,6.28,19.3225,680,13,0,3389,43.8424,44.494,17.2948
55.3324,6.85769,0,6.85769,6.28,19.3225,1160,0,0,3391,43.8467,44.4978,17.2936
55.3508,11.4988,0,11.4988,6.26,19.2638,1900,48,0,3393,43.8727,44.5234,17.2914
55.3619,3.49149,0,3.49149,6.26,19.2638,630,9,0,3394,43.8742,44.5247,17.2903
55.3754,6.68678,0,6.68678,6.24,19.2052,1070,1,0,3395,43.8887,44.539,17.2892
55.3922,4.45684,0,4.45684,6.24,19.2052,870,36,0,3396,43.8972,44.5474,17.2869
55.402,4.19925,0,4.19925,6.22,19.1466,680,4,0,3397,43.9002,44.5502,17.2858
55.4237,4.06667,0,4.06667,6.22,19.1466,451,8,0,3398,43.9041,44.5539,17.2858
55.436,6.51925,0,6.51925,6.2,19.0879,1140,2,0,3400,43.9076,44.5571,17.2836
55.4588,7.69782,0,7.69782,6.2,19.0879,1190,12,0,3402,43.9127,44.5617,17.2814
55.4726,8.05533,0,8.05533,6.18,19.0293,1439,17,0,3404,43.9257,44.5743,17.2791
55.4966,10.4736,0,10.4736,6.18,19.0293,1720,4,0,3406,43.9463,44.5945,17.2769
55.5136,10.6387,0,10.6387,6.16,18.9706,1688,19,0,3408,43.9707,44.6185,17.2747
55.5283,6.2139,0,6.2139,6.16,18.9706,1040,12,0,3409,43.9842,44.6319,17.2736
55.5387,3.98576,0,3.98576,6.14,18.912,660,22,0,3410,43.9865,44.634,17.2725
55.5595,5.60991,0,5.60991,6.14,18.912,826,2,0,3411,43.9962,44.6435,17.2702
55.5731,7.95257,0,7.95257,6.12,18.8534,1226,13,0,3413,44.0023,44.6493,17.2691
55.5911,4.58975,0,4.58975,6.12,18.8534,600,1,0,3414,44.0029,44.6497,17.2669
55.6106,13.7447,0,13.7447,6.1,18.7947,2280,40,0,3416,44.0398,44.6862,17.2658
55.6264,8.36424,0,8.36424,6.1,18.7947,1154,5,0,3417,44.0594,44.7056,17.2647
55.7404,107.344,105.927,1.41674,6.08,18.7361,30291,33,0,3417,44.0512,44.6986,17.2636
55.755,7.80738,0,7.80738,6.06,18.6774,1222,18,0,3419,44.0573,44.7043,17.2625
55.7759,8.13886,0,8.13886,6.06,18.6774,1355,12,0,3421,44.0687,44.7153,17.2603
55.7872,5.53031,0,5.53031,6.04,18.6188,850,16,0,3423,44.0637,44.7099,17.2581
55.8089,5.43964,0,5.43964,6.04,18.6188,640,3,0,3424,44.0654,44.7114,17.257
55.8213,6.39987,0,6.39987,6.02,18.5602,1220,4,0,3425,44.0838,44.7296,17.2547
55.8422,5.6494,0,5.6494,6.02,18.5602,953,24,0,3426,44.0966,44.7423,17.2536
55.8494,1.17359,0,1.17359,6,18.5015,150,0,0,3426,44.0966,44.7423,17.2536
55.8702,0.637967,0,0.637967,6,18.5015,150,0,0,3426,44.0966,44.7423,17.2536
55.8769,1.03679,0,1.03679,5.98,18.4429,160,0,0,3426,44.0966,44.7423,17.2536
55.9009,3.3375,0,3.3375,5.98,18.4429,324,0,0,3427,44.089,44.7345,17.2536
55.915,8.18313,0,8.18313,5.96,18.3842,1318,1,0,3429,44.0986,44.7437,17.2514
55.9382,10.768,0,10.768,5.96,18.3842,1451,2,0,3431,44.1157,44.7604,17.2492
55.9483,2.981,0,2.981,5.94,18.3256,690,7,0,3432,44.1186,44.7631,17.2481
55.973,7.44675,0,7.44675,5.94,18.3256,1162,28,0,3434,44.1241,44.7682,17.2459
55.9794,0.576003,0,0.576003,5.92,18.267,150,0,0,3434,44.1241,44.7682,17.2448
56.0053,5.22853,0,5.22853,5.92,18.267,699,1,0,3435,44.1351,44.779,17.2437
56.0152,3.74754,0,3.74754,5.9,13.2289,500,2,0,3436,44.1324,44.7762,17.2426
56.0353,2.51695,0,2.51695,5.9,13.2289,350,8,0,3437,44.1251,44.7687,17.2415
56.0493,8.0408,0,8.0408,5.88,13.1828,1220,2,0,3438,44.1434,44.7868,17.2415
56.0665,3.85281,0,3.85281,5.88,13.1828,700,11,0,3439,44.1466,44.7898,17.2404
56.0758,3.53694,0,3.53694,5.86,13.1368,650,1,0,3440,44.1483,44.7913,17.2382
56.0955,3.01715,0,3.01715,5.86,13.1368,520,1,0,3441,44.1462,44.789,17.2382
56.1088,6.24597,0,6.24597,5.84,13.0906,1188,14,0,3442,44.1644,44.8071,17.236
56.1291,7.04596,0,7.04596,5.84,13.0906,1006,9,0,3443,44.1769,44.8193,17.236
56.1429,6.65306,0,6.65306,5.82,13.0445,1060,14,0,3444,44.1905,44.8328,17.2338
56.1614,5.74723,0,5.74723,5.82,13.0445,993,5,0,3446,44.1895,44.8314,17.2327
56.1792,10.5933,0,10.5933,5.8,12.9984,1770,11,0,3448,44.2108,44.8524,17.2305
56.1943,6.43688,0,6.43688,5.8,12.9984,1030,6,0,3449,44.2235,44.8649,17.2283
56.2064,5.06415,0,5.06415,5.78,12.9523,820,5,0,3450,44.2301,44.8713,17.2272
56.2277,7.24638,0,7.24638,5.78,12.9523,1046,11,0,3452,44.2335,44.8743,17.2261
56.2354,0.487176,0,0.487176,5.76,12.9062,150,0,0,3452,44.2335,44.8743,17.2251
56.2601,6.14396,0,6.14396,5.76,12.9062,1009,0,0,3453,44.2462,44.8868,17.2251
56.2766,9.06716,0,9.06716,5.74,12.8601,1590,33,0,3455,44.2622,44.9025,17.2229
56.2902,3.69959,0,3.69959,5.74,12.8601,484,0,0,3456,44.2633,44.9034,17.2218
56.3035,5.90795,0,5.90795,5.72,12.8139,1050,12,0,3458,44.2637,44.9034,17.2196
56.3169,0.394337,0,0.394337,5.72,12.8139,150,0,0,3458,44.2637,44.9034,17.2185
56.323,0.169713,0,0.169713,5.7,12.7678,140,0,0,3458,44.2637,44.9034,17.2185
56.3489,4.1509,0,4.1509,5.7,12.7678,840,5,0,3459,44.2712,44.9107,17.2185
56.3649,9.9838,0,9.9838,5.68,12.7217,1710,31,0,3461,44.291,44.9301,17.2163
56.3821,5.58882,0,5.58882,5.68,12.7217,760,16,0,3463,44.2833,44.922,17.2141
56.3909,2.95381,0,2.95381,5.66,12.6756,680,7,0,3464,44.2861,44.9247,17.213
56.4113,1.48251,0,1.48251,5.66,12.6756,140,0,0,3464,44.2861,44.9247,17.212
56.4214,4.00897,0,4.00897,5.64,12.6295,590,0,0,3465,44.2866,44.925,17.2109
56.4466,7.42389,0,7.42389,5.64,12.6295,1160,6,0,3467,44.2907,44.9288,17.2098
56.4618,9.21708,0,9.21708,5.62,12.5833,1142,16,0,3469,44.3061,44.9438,17.2076
56.4837,9.52442,0,9.52442,5.62,12.5833,1420,22,0,3471,44.3178,44.9551,17.2054
56.4982,7.36969,0,7.36969,5.6,12.5372,1053,20,0,3473,44.319,44.9559,17.2032
56.5223,12.2871,0,12.2871,5.6,12.5372,1875,19,0,3475,44.3447,44.9813,17.2011
56.5331,3.93346,0,3.93346,5.58,12.4911,800,17,0,3476,44.3513,44.9876,17.2
56.5529,4.72088,0,4.72088,5.58,12.4911,673,10,0,3477,44.3543,44.9905,17.1989
56.5658,5.87242,0,5.87242,5.56,12.4449,920,5,0,3479,44.3515,44.9874,17.1967
56.5853,6.42213,0,6.42213,5.56,12.4449,960,20,0,3480,44.3624,44.998,17.1946
56.992,399.599,390.92,8.67924,5.54,12.3988,120359,818,0,3482,44.2343,44.8802,17.1935
56.9999,1.04332,0,1.04332,5.52,12.3527,40,0,0,3482,44.2343,44.8802,17.1924
57.0245,4.87229,0,4.87229,5.52,12.3527,680,8,0,3483,44.24,44.8857,17.1913
57.0359,6.65776,0,6.65776,5.5,12.3065,950,2,0,3484,44.2537,44.8993,17.1902
57.0583,8.63165,0,8.63165,5.5,12.3065,1260,6,0,3486,44.2636,44.9088,17.1891
57.0714,7.13149,0,7.13149,5.48,12.2604,1137,20,0,3487,44.2845,44.9295,17.187
57.0917,6.91154,0,6.91154,5.48,12.2604,1060,4,0,3489,44.2886,44.9332,17.1859
57.0998,3.25118,0,3.25118,5.46,12.2143,330,3,0,3490,44.2845,44.9289,17.1837
57.1266,8.68154,0,8.68154,5.46,12.2143,1330,29,0,3491,44.3091,44.9533,17.1827
57.138,6.67486,0,6.67486,5.44,12.1682,1040,0,0,3492,44.3245,44.9685,17.1816
57.1543,1.53442,0,1.53442,5.44,12.1682,70,0,0,3492,44.3245,44.9685,17.1816
57.165,6.0805,0,6.0805,5.42,12.1221,1020,29,0,3493,44.3401,44.984,17.1805
57.1831,3.87517,0,3.87517,5.42,12.1221,540,2,0,3494,44.342,44.9857,17.1794
57.2013,12.2895,0,12.2895,5.4,12.0759,1830,9,0,3496,44.3678,45.0112,17.1783
57.216,7.7464,0,7.7464,5.4,12.0759,1040,1,0,3498,44.3711,45.014,17.1762
57.2236,1.31241,0,1.31241,5.38,22.8375,20,0,0,3498,44.3711,45.014,17.1751
57.2529,11.481,0,11.481,5.38,22.8375,1840,9,0,3500,44.3971,45.04,17.174
57.2697,10.3379,0,10.3379,5.36,12.3975,1867,15,0,3502,44.4229,45.0654,17.1719
57.2839,5.42634,0,5.42634,5.36,12.3975,820,0,0,3503,44.4313,45.0737,17.1697
57.3014,10.9341,0,10.9341,5.34,12.3498,1687,35,0,3505,44.4536,45.0956,17.1687
57.3137,4.13381,0,4.13381,5.34,12.3498,470,0,0,3506,44.4521,45.0938,17.1665
57.3288,8.4384,0,8.4384,5.32,12.3021,1297,30,0,3508,44.4615,45.1029,17.1654
57.3487,9.44818,0,9.44818,5.32,12.3021,1560,46,0,3510,44.4783,45.1194,17.1633
57.356,0.802325,0,0.802325,5.3,12.2545,90,0,0,3510,44.4783,45.1194,17.1622
57.3829,8.61169,0,8.61169,5.3,12.2545,1330,0,0,3512,44.4886,45.1293,17.1611
57.3944,5.20012,0,5.20012,5.28,12.2068,770,0,0,3513,44.4953,45.1358,17.159
57.4108,2.53258,0,2.53258,5.28,12.2068,490,11,0,3514,44.4943,45.1346,17.159
57.4234,5.71272,0,5.71272,5.26,12.1592,1110,16,0,3516,44.4983,45.1382,17.1569
57.4411,4.39956,0,4.39956,5.26,12.1592,840,0,0,3517,44.5073,45.147,17.1558
57.4534,5.74522,0,5.74522,5.24,12.1115,930,0,0,3518,44.519,45.1586,17.1547
57.4713,4.54368,0,4.54368,5.24,12.1115,740,14,0,3519,44.5254,45.1648,17.1536
57.484,7.57833,0,7.57833,5.22,12.0639,1165,37,0,3521,44.5314,45.1704,17.1515
57.5073,8.9717,0,8.9717,5.22,12.0639,1350,46,0,3523,44.5424,45.1811,17.1494
57.5238,9.57554,0,9.57554,5.2,12.0162,1370,9,0,3525,44.554,45.1923,17.1472
57.5412,8.05495,0,8.05495,5.2,12.0162,1370,1,0,3527,44.5656,45.2036,17.1451
57.5504,2.49557,0,2.49557,5.18,11.9686,390,7,0,3528,44.5621,45.1998,17.144
57.5677,0.862732,0,0.862732,5.18,11.9686,70,0,0,3528,44.5621,45.1998,17.143
57.5801,7.011,0,7.011,5.16,11.9209,1103,2,0,3529,44.5789,45.2165,17.143
57.6009,6.11146,0,6.11146,5.16,11.9209,930,24,0,3530,44.5907,45.228,17.1408
57.6096,3.41048,0,3.41048,5.14,11.8732,550,2,0,3531,44.5916,45.2288,17.1398
57.629,1.17453,0,1.17453,5.14,11.8732,70,0,0,3531,44.5916,45.2288,17.1398
57.6459,11.6685,0,11.6685,5.12,11.8256,1940,37,0,3533,44.6193,45.2562,17.1387
57.6616,5.51468,0,5.51468,5.12,11.8256,562,0,0,3534,44.6203,45.2569,17.1376
57.6743,7.20078,0,7.20078,5.1,11.7779,1350,21,0,3536,44.6312,45.2675,17.1355
57.6951,6.4248,0,6.4248,5.1,11.7779,1120,19,0,3537,44.6483,45.2844,17.1345
57.7089,8.49706,0,8.49706,5.08,11.7303,1261,10,0,3538,44.6665,45.3024,17.1323
57.7257,3.48838,0,3.48838,5.08,11.7303,520,2,0,3539,44.6666,45.3023,17.1313
57.7349,3.71945,0,3.71945,5.06,11.6827,680,8,0,3540,44.6712,45.3068,17.1302
57.7648,12.2589,0,12.2589,5.06,11.6827,2000,28,0,3542,44.7005,45.3357,17.1291
57.7716,1.1256,0,1.1256,5.04,11.635,100,0,0,3542,44.7005,45.3357,17.1281
57.794,2.27204,0,2.27204,5.04,11.635,310,6,0,3543,44.6946,45.3297,17.1281
57.8004,0.788811,0,0.788811,5.02,11.5874,70,0,0,3543,44.6946,45.3297,17.127
57.8216,0.659211,0,0.659211,5.02,11.5874,70,0,0,3543,44.6946,45.3297,17.127
57.8368,9.98949,0,9.98949,5,11.5398,1490,6,0,3545,44.7094,45.3441,17.126
57.8498,1.32561,0,1.32561,5,11.5398,80,0,0,3545,44.7094,45.3441,17.1249
58.1817,326.125,323.983,2.14204,4.98,11.4923,109201,283,0,3546,44.6105,45.2673,17.1238
58.1955,7.46882,0,7.46882,4.96,11.4447,1140,4,0,3548,44.6156,45.272,17.1228
58.2088,0.321864,0,0.321864,4.96,11.4447,70,0,0,3548,44.6156,45.272,17.1217
58.2223,8.16229,0,8.16229,4.94,11.3971,1370,35,0,3550,44.627,45.2831,17.1207
58.2403,5.6231,0,5.6231,4.94,11.3971,870,25,0,3551,44.637,45.2929,17.1185
58.2529,5.91602,0,5.91602,4.92,11.3495,930,1,0,3552,44.6486,45.3043,17.1185
58.2739,7.6324,0,7.6324,4.92,11.3495,1250,30,0,3554,44.6567,45.312,17.1164
58.286,5.19892,0,5.19892,4.9,11.302,1030,2,0,3555,44.6712,45.3263,17.1143
58.3039,3.93466,0,3.93466,4.9,11.302,570,0,0,3556,44.6727,45.3276,17.1133
58.3202,9.66541,0,9.66541,4.88,11.2545,1500,30,0,3558,44.6877,45.3423,17.1122
58.3303,0.482722,0,0.482722,4.88,11.2545,70,0,0,3558,44.6877,45.3423,17.1111
58.3373,1.18358,0,1.18358,4.86,11.207,140,0,0,3558,44.6877,45.3423,17.1111
58.3642,6.31904,0,6.31904,4.86,11.207,1010,1,0,3559,44.7016,45.356,17.1101
58.3727,1.72786,0,1.72786,4.84,11.1594,70,0,0,3559,44.7016,45.356,17.1101
58.3923,1.96309,0,1.96309,4.84,11.1594,110,0,0,3559,44.7016,45.356,17.1101
58.4052,7.04208,0,7.04208,4.82,11.112,960,7,0,3560,44.714,45.3683,17.1101
58.43,10.0699,0,10.0699,4.82,11.112,1660,19,0,3562,44.7336,45.3874,17.108
58.4366,0.907193,0,0.907193,4.8,11.0645,70,0,0,3562,44.7336,45.3874,17.1069
58.4637,6.4366,0,6.4366,4.8,11.0645,1030,0,0,3563,44.7474,45.4011,17.1069
58.4805,10.2246,0,10.2246,4.78,11.0171,1685,24,0,3565,44.7677,45.421,17.1048
58.4992,9.69069,0,9.69069,4.78,11.0171,1370,5,0,3567,44.7791,45.432,17.1027
58.5116,5.63945,0,5.63945,4.76,10.9696,810,0,0,3568,44.7873,45.44,17.1006
58.5362,11.3358,0,11.3358,4.76,10.9696,2050,10,0,3570,44.8176,45.47,17.0996
58.5463,3.53478,0,3.53478,4.74,10.9222,590,0,0,3571,44.8197,45.4719,17.0985
58.5716,9.78467,0,9.78467,4.74,10.9222,1659,39,0,3573,44.8402,45.492,17.0964
58.5909,12.6007,0,12.6007,4.72,10.8748,2100,32,0,3575,44.8719,45.5234,17.0943
58.5981,0.478904,0,0.478904,4.72,10.8748,70,0,0,3575,44.8719,45.5234,17.0933
58.6078,2.96353,0,2.96353,4.7,10.8274,540,4,0,3576,44.8725,45.5238,17.0933
58.6341,10.2958,0,10.2958,4.7,10.8274,1590,3,0,3578,44.8899,45.5408,17.0912
58.6469,6.16844,0,6.16844,4.68,10.78,1090,5,0,3579,44.9058,45.5566,17.0901
58.6614,1.62098,0,1.62098,4.68,10.78,240,4,0,3580,44.898,45.5486,17.088
58.6774,9.06021,0,9.06021,4.66,10.7326,1510,20,0,3582,44.9132,45.5634,17.087
58.6968,9.47018,0,9.47018,4.66,10.7326,1520,0,0,3584,44.9286,45.5784,17.0849
58.704,0.603607,0,0.603607,4.64,10.6853,80,0,0,3584,44.9286,45.5784,17.0838
58.7272,4.71435,0,4.71435,4.64,10.6853,695,0,0,3585,44.9319,45.5816,17.0838
58.7474,13.401,0,13.401,4.62,10.638,2150,30,0,3587,44.9649,45.6142,17.0817
58.7538,0.758275,0,0.758275,4.6,10.5907,100,0,0,3587,44.9649,45.6142,17.0807
58.7752,0.35446,0,0.35446,4.6,10.5907,70,0,0,3587,44.9649,45.6142,17.0807
58.7816,0.841623,0,0.841623,4.58,10.5434,70,0,0,3587,44.9649,45.6142,17.0807
58.8087,5.93086,0,5.93086,4.58,10.5434,960,1,0,3588,44.976,45.6251,17.0797
58.8176,3.00727,0,3.00727,4.56,10.4961,530,9,0,3589,44.9766,45.6255,17.0797
58.8367,0.638766,0,0.638766,4.56,10.4961,60,0,0,3589,44.9766,45.6255,17.0786
58.8498,5.76701,0,5.76701,4.54,10.4489,790,5,0,3590,44.9844,45.6331,17.0776
58.8721,7.78898,0,7.78898,4.54,10.4489,1140,1,0,3592,44.9894,45.6378,17.0765
58.8841,4.99984,0,4.99984,4.52,10.4017,780,12,0,3593,44.9969,45.6451,17.0744
58.9105,10.6038,0,10.6038,4.52,10.4017,1560,6,0,3595,45.0136,45.6615,17.0734
58.9293,11.2707,0,11.2707,4.5,10.3546,1740,9,0,3597,45.0353,45.6828,17.0713
58.9464,6.84052,0,6.84052,4.5,10.3546,950,8,0,3599,45.035,45.6821,17.0692
58.9639,11.7351,0,11.7351,4.48,10.3073,1959,34,0,3601,45.0628,45.7095,17.0671
58.9769,3.56337,0,3.56337,4.48,10.3073,760,29,0,3602,45.0697,45.7163,17.0661
58.992,9.63859,0,9.63859,4.46,10.2602,1225,3,0,3604,45.0782,45.7245,17.064
59.0105,6.48224,0,6.48224,4.46,10.2602,890,2,0,3606,45.0763,45.7221,17.0619
59.0172,0.661774,0,0.661774,4.44,10.2131,60,0,0,3606,45.0763,45.7221,17.0609
59.0467,9.13737,0,9.13737,4.44,10.2131,1310,22,0,3608,45.0859,45.7314,17.0599
59.0536,1.1007,0,1.1007,4.42,10.166,100,0,0,3608,45.0859,45.7314,17.0588
59.0776,3.74234,0,3.74234,4.42,10.166,570,24,0,3609,45.0876,45.7329,17.0578
59.0908,7.16082,0,7.16082,4.4,10.119,1140,1,0,3610,45.105,45.7501,17.0568
59.1098,4.95653,0,4.95653,4.4,10.119,760,2,0,3611,45.1108,45.7557,17.0557
59.1208,4.70182,0,4.70182,4.38,10.0719,710,0,0,3612,45.1163,45.7611,17.0547
59.1483,10.8968,0,10.8968,4.38,10.0719,1790,19,0,3614,45.1392,45.7836,17.0536
59.1606,7.06963,0,7.06963,4.36,10.0249,1060,11,0,3616,45.1419,45.786,17.0516
59.1805,4.92086,0,4.92086,4.36,10.0249,496,1,0,3617,45.1432,45.7871,17.0505
59.1939,8.04325,0,8.04325,4.34,9.97792,1390,9,0,3619,45.155,45.7986,17.0485
59.2183,10.5137,0,10.5137,4.34,9.97792,1820,1,0,3621,45.1787,45.8219,17.0464
59.6255,401.559,391.878,9.68125,4.32,9.931,125790,300,0,3623,45.1101,45.7648,17.0443
59.638,6.19606,0,6.19606,4.3,9.88399,1200,10,0,3625,45.1175,45.7719,17.0423
59.6622,11.3893,0,11.3893,4.3,9.88399,1850,9,0,3627,45.1428,45.7968,17.0402
59.6783,9.92652,0,9.92652,4.28,9.83704,1540,22,0,3629,45.1595,45.8132,17.0381
59.6888,1.23439,0,1.23439,4.28,9.83704,30,0,0,3629,45.1595,45.8132,17.0371
59.6987,3.59388,0,3.59388,4.26,9.79016,640,3,0,3630,45.1639,45.8174,17.0371
59.7213,7.16936,0,7.16936,4.26,9.79016,1070,2,0,3631,45.1798,45.8331,17.0351
59.7323,4.36601,0,4.36601,4.24,9.74333,690,14,0,3632,45.1856,45.8387,17.0351
59.7586,11.716,0,11.716,4.24,9.74333,1990,32,0,3634,45.2146,45.8674,17.033
59.7746,9.78195,0,9.78195,4.22,9.69655,1496,21,0,3636,45.2329,45.8853,17.0309
59.7907,6.6904,0,6.6904,4.22,9.69655,1220,19,0,3638,45.2408,45.8928,17.0289
59.801,3.89661,0,3.89661,4.2,9.64969,650,0,0,3639,45.2454,45.8972,17.0268
59.8205,4.1922,0,4.1922,4.2,9.64969,770,16,0,3640,45.2533,45.9049,17.0268
59.8277,0.685993,0,0.685993,4.18,9.60289,30,0,0,3640,45.2533,45.9049,17.0258
59.8512,5.10463,0,5.10463,4.18,9.60289,560,2,0,3641,45.2546,45.9061,17.0258
59.8675,9.88159,0,9.88159,4.16,9.55615,1660,5,0,3643,45.2745,45.9256,17.0237
59.8815,4.75913,0,4.75913,4.16,9.55615,820,21,0,3644,45.2838,45.9347,17.0227
59.8873,0.547964,0,0.547964,4.14,9.50947,30,0,0,3644,45.2838,45.9347,17.0217
59.9164,7.81213,0,7.81213,4.14,9.50947,1260,2,0,3646,45.2926,45.9432,17.0207
59.9269,3.22166,0,3.22166,4.12,9.46285,470,0,0,3647,45.2923,45.9427,17.0196
59.9435,0.821534,0,0.821534,4.12,9.46285,30,0,0,3647,45.2923,45.9427,17.0186
59.9602,11.3063,0,11.3063,4.1,9.41614,1860,2,0,3649,45.3176,45.9677,17.0176
59.9762,5.91637,0,5.91637,4.1,9.41614,860,1,0,3650,45.3279,45.9778,17.0166
59.9864,4.95599,0,4.95599,4.08,9.3695,880,9,0,3651,45.3388,45.9885,17.0155
60.0035,0.608217,0,0.608217,4.08,9.3695,30,0,0,3651,45.3388,45.9885,17.0145
60.0205,11.5625,0,11.5625,4.06,9.32291,1831,16,0,3653,45.3638,46.0131,17.0135
60.039,8.7274,0,8.7274,4.06,9.32291,1360,10,0,3655,45.3754,46.0244,17.0115
60.0476,3.11099,0,3.11099,4.04,9.27639,370,0,0,3656,45.3723,46.0211,17.0094
60.0738,7.89712,0,7.89712,4.04,9.27639,1444,22,0,3658,45.3863,46.0347,17.0084
60.0881,9.15586,0,9.15586,4.02,9.22992,1500,34,0,3660,45.4016,46.0497,17.0063
60.1102,9.87017,0,9.87017,4.02,9.22992,1740,19,0,3662,45.4235,46.0713,17.0043
60.1155,0.505296,0,0.505296,4,9.18337,30,0,0,3662,45.4235,46.0713,17.0033
60.1381,1.21753,0,1.21753,4,9.18337,30,0,0,3662,45.4235,46.0713,17.0033
60.1533,10.124,0,10.124,3.98,9.13688,1810,36,0,3664,45.4473,46.0947,17.0023
60.1713,6.03336,0,6.03336,3.98,9.13688,900,8,0,3666,45.4463,46.0933,17.0002
60.1892,12.6487,0,12.6487,3.96,9.09046,2000,15,0,3668,45.4752,46.1219,16.9982
60.2007,2.6999,0,2.6999,3.96,9.09046,410,0,0,3669,45.4732,46.1197,16.9962
60.2106,4.93522,0,4.93522,3.94,9.04409,750,8,0,3670,45.4804,46.1267,16.9962
60.2323,5.03566,0,5.03566,3.94,9.04409,478,5,0,3671,45.4808,46.1269,16.9951
60.2447,7.15271,0,7.15271,3.92,8.99777,1250,8,0,3673,45.4892,46.135,16.9931
60.2592,0.307749,0,0.307749,3.92,8.99777,30,0,0,3673,45.4892,46.135,16.9921
60.2692,4.30195,0,4.30195,3.9,8.95139,622,0,0,3674,45.4932,46.1388,16.9921
60.2922,5.69365,0,5.69365,3.9,8.95139,920,4,0,3675,45.505,46.1505,16.9911
60.3023,4.75768,0,4.75768,3.88,8.90506,560,7,0,3676,45.5071,46.1523,16.9891
60.3256,6.65864,0,6.65864,3.88,8.90506,800,12,0,3677,45.5178,46.1629,16.988
60.3375,6.23449,0,6.23449,3.86,8.85879,1010,8,0,3678,45.5321,46.177,16.987
60.3602,7.40773,0,7.40773,3.86,8.85879,1025,3,0,3680,45.5345,46.1791,16.986
60.3752,9.56367,0,9.56367,3.84,8.81257,1478,13,0,3682,45.55,46.1942,16.984
60.3962,9.1157,0,9.1157,3.84,8.81257,1540,27,0,3684,45.5662,46.2101,16.982
60.407,5.47358,0,5.47358,3.82,8.76629,930,1,0,3685,45.5783,46.222,16.9809
60.4265,3.56877,0,3.56877,3.82,8.76629,650,0,0,3686,45.5827,46.2263,16.9789
60.4389,6.58141,0,6.58141,3.8,8.72007,785,0,0,3688,45.5786,46.2218,16.9779
60.4597,6.03431,0,6.03431,3.8,8.72007,870,2,0,3689,45.589,46.232,16.9759
60.4765,11.27,0,11.27,3.78,8.6739,1718,0,0,3691,45.6109,46.2536,16.9749
60.4955,9.02667,0,9.02667,3.78,8.6739,1549,29,0,3693,45.6309,46.2732,16.9729
60.508,7.3271,0,7.3271,3.76,8.62779,1160,2,0,3695,45.6368,46.2788,16.9708
60.5335,11.0667,0,11.0667,3.76,8.62779,1680,8,0,3697,45.6567,46.2984,16.9688
60.5433,4.31774,0,4.31774,3.74,8.58171,540,3,0,3698,45.6582,46.2996,16.9678
60.5668,5.74003,0,5.74003,3.74,8.58171,830,2,0,3699,45.6675,46.3087,16.9658
60.5842,11.9919,0,11.9919,3.72,8.53559,1830,14,0,3701,45.6914,46.3323,16.9648
60.6061,12.0347,0,12.0347,3.72,8.53559,1920,10,0,3703,45.7178,46.3584,16.9628
60.613,0.988418,0,0.988418,3.7,8.48953,30,0,0,3703,45.7178,46.3584,16.9618
60.6427,8.97059,0,8.97059,3.7,8.48953,1192,11,0,3705,45.7247,46.3649,16.9608
60.6574,8.15105,0,8.15105,3.68,8.44351,1430,4,0,3707,45.7378,46.3777,16.9588
60.6756,7.44017,0,7.44017,3.68,8.44351,1210,13,0,3709,45.7449,46.3845,16.9568
60.6856,3.42316,0,3.42316,3.66,8.39753,470,2,0,3710,45.7445,46.3838,16.9547
60.7064,5.28253,0,5.28253,3.66,8.39753,770,0,0,3711,45.7521,46.3913,16.9547
60.7167,5.03871,0,5.03871,3.64,8.35159,745,18,0,3712,45.7586,46.3976,16.9537
60.7371,3.88493,0,3.88493,3.64,8.35159,430,0,0,3713,45.7571,46.3959,16.9517
60.7509,8.43329,0,8.43329,3.62,8.30562,1274,15,0,3715,45.7674,46.4059,16.9507
60.7697,5.61726,0,5.61726,3.62,8.30562,750,5,0,3716,45.7742,46.4125,16.9487
60.7792,3.82081,0,3.82081,3.6,8.2597,590,6,0,3717,45.777,46.4151,16.9487
60.8039,6.97386,0,6.97386,3.6,8.2597,970,0,0,3718,45.7899,46.4279,16.9467
60.8153,6.03621,0,6.03621,3.58,8.2138,1030,7,0,3719,45.8045,46.4423,16.9467
60.8362,5.43304,0,5.43304,3.58,8.2138,910,8,0,3720,45.8159,46.4535,16.9457
60.8485,6.84773,0,6.84773,3.56,8.16791,1000,5,0,3721,45.8296,46.4671,16.9447
60.8706,7.383,0,7.383,3.56,8.16791,1200,9,0,3723,45.8364,46.4735,16.9427
60.8795,3.54794,0,3.54794,3.54,8.12202,530,0,0,3724,45.8375,46.4745,16.9407
60.9018,4.13749,0,4.13749,3.54,8.12202,640,1,0,3725,45.8416,46.4784,16.9397
60.9169,9.62335,0,9.62335,3.52,8.07613,1730,5,0,3727,45.8626,46.4991,16.9387
60.9371,8.17004,0,8.17004,3.52,8.07613,1250,11,0,3729,45.8707,46.5068,16.9367
60.9485,5.79857,0,5.79857,3.5,8.03024,910,17,0,3730,45.882,46.518,16.9357
60.9688,4.17945,0,4.17945,3.5,8.03024,590,4,0,3731,45.8847,46.5205,16.9337
60.983,8.76496,0,8.76496,3.48,7.98436,1272,1,0,3733,45.8958,46.5312,16.9327
61.0068,10.7935,0,10.7935,3.48,7.98436,1614,14,0,3735,45.9149,46.5499,16.9308
61.0181,4.77264,0,4.77264,3.46,7.93847,660,2,0,3736,45.9192,46.5541,16.9288
61.0418,9.33048,0,9.33048,3.46,7.93847,1389,1,0,3738,45.931,46.5655,16.9278
61.0574,9.00822,0,9.00822,3.44,7.89258,1240,11,0,3740,45.9388,46.573,16.9258
61.0738,6.13276,0,6.13276,3.44,7.89258,810,4,0,3741,45.9455,46.5795,16.9238
61.0817,1.26731,0,1.26731,3.42,7.8467,34,0,0,3741,45.9455,46.5795,16.9238
61.1047,5.09153,0,5.09153,3.42,7.8467,730,13,0,3742,45.9519,46.5858,16.9228
61.1214,10.0529,0,10.0529,3.4,7.80081,1380,0,0,3744,45.9634,46.597,16.9218
61.136,5.55615,0,5.55615,3.4,7.80081,709,3,0,3745,45.9693,46.6027,16.9198
61.1443,1.43119,0,1.43119,3.38,7.75492,40,0,0,3745,45.9693,46.6027,16.9198
61.1691,7.15349,0,7.15349,3.38,7.75492,1200,0,0,3746,45.988,46.6212,16.9188
61.1871,12.4237,0,12.4237,3.36,7.70904,1800,25,0,3748,46.0107,46.6435,16.9178
61.2046,8.45955,0,8.45955,3.36,7.70904,1330,15,0,3750,46.0208,46.6533,16.9159
61.2241,13.057,0,13.057,3.34,7.66315,1980,22,0,3752,46.0482,46.6804,16.9139
61.2366,6.64611,0,6.64611,3.34,7.66315,1120,12,0,3754,46.0527,46.6846,16.9119
61.2492,6.1248,0,6.1248,3.32,7.61726,910,1,0,3755,46.0639,46.6956,16.9099
61.2694,7.39679,0,7.39679,3.32,7.61726,1024,1,0,3757,46.0684,46.6998,16.9089
61.279,2.97692,0,2.97692,3.3,7.57137,530,0,0,3758,46.0695,46.7006,16.9079
61.2981,2.8991,0,2.8991,3.3,7.57137,460,1,0,3759,46.0686,46.6997,16.9069
61.31,6.42234,0,6.42234,3.28,7.52549,1030,20,0,3760,46.083,46.7138,16.906
61.3293,3.96189,0,3.96189,3.28,7.52549,710,14,0,3761,46.0888,46.7195,16.904
61.343,7.51909,0,7.51909,3.26,7.4796,1060,25,0,3763,46.0917,46.722,16.903
61.3642,6.87064,0,6.87064,3.26,7.4796,1150,0,0,3765,46.0969,46.727,16.901
61.3776,8,0,8,3.24,7.43371,1130,4,0,3766,46.1136,46.7435,16.8991
61.4012,9.68323,0,9.68323,3.24,7.43371,1690,30,0,3768,46.1332,46.7627,16.8981
61.4136,4.57282,0,4.57282,3.22,7.38783,820,28,0,3769,46.1419,46.7713,16.8961
61.4365,8.47203,0,8.47203,3.22,7.38783,1220,20,0,3771,46.149,46.778,16.8951
61.4539,9.84,0,9.84,3.2,7.34194,1760,7,0,3773,46.1704,46.7991,16.8931
61.4668,3.58744,0,3.58744,3.2,7.34194,520,1,0,3774,46.1712,46.7997,16.8922
61.4821,7.55243,0,7.55243,3.18,7.29605,1310,0,0,3776,46.1806,46.8088,16.8902
61.4997,6.12581,0,6.12581,3.18,7.29605,920,15,0,3777,46.192,46.82,16.8892
61.5077,0.096995,0,0.096995,3.16,7.25016,30,0,0,3777,46.192,46.82,16.8882
61.5363,9.65589,0,9.65589,3.16,7.25016,1162,18,0,3779,46.1998,46.8275,16.8872
61.5499,6.39172,0,6.39172,3.14,7.20428,880,2,0,3780,46.2103,46.8378,16.8853
61.5657,3.15012,0,3.15012,3.14,7.20428,370,0,0,3781,46.2074,46.8347,16.8843
61.5746,1.23412,0,1.23412,3.12,7.15839,40,0,0,3781,46.2074,46.8347,16.8843
61.604,11.2518,0,11.2518,3.12,7.15839,1680,2,0,3783,46.2268,46.8538,16.8833
61.6182,7.52856,0,7.52856,3.1,7.1125,1315,19,0,3785,46.2367,46.8634,16.8814
61.6398,10.2461,0,10.2461,3.1,7.1125,1480,14,0,3787,46.2509,46.8772,16.8794
61.6472,0.652578,0,0.652578,3.08,7.06662,20,0,0,3787,46.2509,46.8772,16.8784
61.6703,4.68344,0,4.68344,3.08,7.06662,534,0,0,3788,46.2518,46.878,16.8774
61.6809,3.81238,0,3.81238,3.06,7.02073,550,0,0,3789,46.2531,46.8791,16.8774
61.7064,10.4505,0,10.4505,3.06,7.02073,1302,2,0,3791,46.2712,46.8969,16.8755
61.7218,8.68702,0,8.68702,3.04,6.97484,1390,6,0,3793,46.2829,46.9083,16.8735
61.7395,7.27876,0,7.27876,3.04,6.97484,920,0,0,3795,46.2822,46.9072,16.8716
61.7506,4.26204,0,4.26204,3.02,6.92895,592,1,0,3796,46.2856,46.9104,16.8706
61.7767,11.1916,0,11.1916,3.02,6.92895,2090,20,0,3798,46.3157,46.9402,16.8686
61.7874,4.00549,0,4.00549,3,6.88307,740,1,0,3799,46.3225,46.9468,16.8667
61.8082,4.05006,0,4.05006,3,6.88307,620,0,0,3800,46.3261,46.9503,16.8657
61.82,6.42429,0,6.42429,2.98,6.83718,920,8,0,3801,46.3375,46.9616,16.8647
61.8387,4.85645,0,4.85645,2.98,6.83718,440,0,0,3802,46.3364,46.9603,16.8638
61.854,8.56458,0,8.56458,2.96,6.79129,1300,17,0,3804,46.3457,46.9692,16.8628
61.866,1.44015,0,1.44015,2.96,6.79129,20,0,0,3804,46.3457,46.9692,16.8618
61.8768,3.85541,0,3.85541,2.94,6.74541,450,1,0,3805,46.3448,46.9682,16.8618
61.8963,4.31138,0,4.31138,2.94,6.74541,420,4,0,3807,46.331,46.954,16.8599
61.9138,10.6377,0,10.6377,2.92,6.69952,2050,21,0,3809,46.3599,46.9827,16.8579
61.9277,5.62411,0,5.62411,2.92,6.69952,810,8,0,3810,46.3685,46.9911,16.856
61.9335,0.446541,0,0.446541,2.9,6.65363,20,0,0,3810,46.3685,46.9911,16.856
61.9586,3.76216,0,3.76216,2.9,6.65363,390,0,0,3811,46.366,46.9885,16.855
61.9702,6.22728,0,6.22728,2.88,6.60774,980,18,0,3812,46.3791,47.0013,16.855
61.9863,0.64265,0,0.64265,2.88,6.60774,20,0,0,3812,46.3791,47.0013,16.854
61.9962,4.08769,0,4.08769,2.86,6.56186,660,10,0,3813,46.3837,47.0058,16.854
62.0223,8.51967,0,8.51967,2.86,6.56186,1400,4,0,3815,46.3955,47.0173,16.8521
62.0283,0.499027,0,0.499027,2.84,6.51597,20,0,0,3815,46.3955,47.0173,16.8511
62.0575,8.1371,0,8.1371,2.84,6.51597,1270,0,0,3817,46.404,47.0254,16.8502
62.07,7.00912,0,7.00912,2.82,6.47008,1150,22,0,3819,46.4093,47.0304,16.8482
62.0923,7.41816,0,7.41816,2.82,6.47008,1220,0,0,3821,46.4164,47.0372,16.8463
62.1025,4.80413,0,4.80413,2.8,6.4242,750,3,0,3822,46.4233,47.044,16.8443
62.1252,5.57741,0,5.57741,2.8,6.4242,960,8,0,3823,46.4358,47.0562,16.8443
62.1394,8.87544,0,8.87544,2.78,6.37831,1540,15,0,3825,46.4512,47.0714,16.8424
62.1634,10.9016,0,10.9016,2.78,6.37831,1780,8,0,3827,46.473,47.0928,16.8405
62.1755,5.74702,0,5.74702,2.76,6.33242,1000,5,0,3828,46.4864,47.1061,16.8395
62.195,5.9502,0,5.9502,2.76,6.33242,1030,0,0,3830,46.4885,47.1078,16.8376
62.2066,4.87945,0,4.87945,2.74,6.28653,747,0,0,3831,46.4954,47.1146,16.8366
62.2269,6.11806,0,6.11806,2.74,6.28653,960,8,0,3832,46.5078,47.1268,16.8356
62.2391,5.27442,0,5.27442,2.72,6.24065,610,0,0,3833,46.5111,47.1299,16.8347
62.2565,3.52557,0,3.52557,2.72,6.24065,280,3,0,3834,46.5057,47.1244,16.8337
62.2703,8.22871,0,8.22871,2.7,6.19476,1410,4,0,3836,46.5177,47.1361,16.8318
62.2932,9.31326,0,9.31326,2.7,6.19476,1330,15,0,3838,46.5276,47.1456,16.8299
62.3011,0.966909,0,0.966909,2.68,6.14887,20,0,0,3838,46.5276,47.1456,16.8289
62.3272,8.1512,0,8.1512,2.68,6.14887,1190,10,0,3840,46.5339,47.1516,16.8279
62.3418,6.88987,0,6.88987,2.66,6.10299,970,5,0,3841,46.546,47.1635,16.826
62.3628,8.70643,0,8.70643,2.66,6.10299,1431,10,0,3843,46.5587,47.1759,16.825
62.3742,3.39337,0,3.39337,2.64,6.0571,254,0,0,3844,46.5593,47.1764,16.8231
62.4004,10.5931,0,10.5931,2.64,6.0571,1550,3,0,3846,46.5749,47.1916,16.8222
62.4169,9.28695,0,9.28695,2.62,6.01121,1750,19,0,3848,46.5956,47.2121,16.8202
62.4384,11.7433,0,11.7433,2.62,6.01121,1745,12,0,3850,46.6164,47.2325,16.8183
62.4468,1.49023,0,1.49023,2.6,5.96532,20,0,0,3850,46.6164,47.2325,16.8174
62.4708,5.07546,0,5.07546,2.6,5.96532,960,6,0,3851,46.6287,47.2446,16.8174
62.4817,5.03181,0,5.03181,2.58,5.91944,570,0,0,3852,46.6308,47.2466,16.8164
62.5026,4.42801,0,4.42801,2.58,5.91944,640,3,0,3853,46.6348,47.2505,16.8154
62.5128,4.52593,0,4.52593,2.56,5.87355,672,5,0,3854,46.6401,47.2556,16.8145
62.5415,11.7721,0,11.7721,2.56,5.87355,2010,2,0,3856,46.6675,47.2827,16.8126
62.5563,8.08348,0,8.08348,2.54,5.82766,1099,3,0,3858,46.6713,47.2862,16.8106
62.5757,5.69888,0,5.69888,2.54,5.82766,970,0,0,3860,46.6718,47.2863,16.8087
62.5861,4.91513,0,4.91513,2.52,5.78178,680,14,0,3862,46.6647,47.2789,16.8068
62.6112,8.24234,0,8.24234,2.52,5.78178,1310,20,0,3864,46.6739,47.2878,16.8049
62.6227,6.03352,0,6.03352,2.5,5.73589,950,0,0,3865,46.6859,47.2996,16.8039
62.6491,10.6553,0,10.6553,2.5,5.73589,1560,4,0,3867,46.7016,47.315,16.802
63.0977,441.931,439.065,2.86604,2.48,5.69,191658,296,0,3868,46.6197,47.2492,16.8001
63.1156,7.74015,0,7.74015,2.46,5.64411,1530,31,0,3870,46.6346,47.2638,16.7992
63.1373,9.2966,0,9.2966,2.46,5.64411,1560,9,0,3872,46.6503,47.2792,16.7973
63.1537,10.4654,0,10.4654,2.44,5.59823,1920,15,0,3874,46.6753,47.3038,16.7954
63.1699,5.07646,0,5.07646,2.44,5.59823,740,0,0,3876,46.6698,47.298,16.7935
63.1808,5.05121,0,5.05121,2.42,5.55234,910,2,0,3878,46.6686,47.2965,16.7916
63.1988,1.47205,0,1.47205,2.42,5.55234,190,0,0,3879,46.661,47.2887,16.7906
63.2146,9.65981,0,9.65981,2.4,5.50645,1760,30,0,3881,46.6818,47.3092,16.7887
63.2339,7.05898,0,7.05898,2.4,5.50645,1190,0,0,3883,46.6879,47.315,16.7868
63.2483,8.26581,0,8.26581,2.38,5.46057,1710,2,0,3885,46.7073,47.3341,16.7849
63.2661,4.48322,0,4.48322,2.38,5.46057,730,2,0,3887,46.7016,47.328,16.783
63.2739,2.03478,0,2.03478,2.36,5.41468,230,6,0,3888,46.695,47.3212,16.7811
63.3006,7.24482,0,7.24482,2.36,5.41468,1130,9,0,3890,46.6995,47.3254,16.7802
63.3103,3.86289,0,3.86289,2.34,5.36879,610,0,0,3891,46.7026,47.3285,16.7783
63.3304,2.36662,0,2.36662,2.34,5.36879,240,4,0,3892,46.6963,47.3219,16.7783
63.3445,8.0371,0,8.0371,2.32,5.32291,1470,0,0,3894,46.7096,47.3349,16.7764
63.3642,5.90537,0,5.90537,2.32,5.32291,940,9,0,3896,46.7092,47.3342,16.7745
63.3805,10.2587,0,10.2587,2.3,5.27702,2010,16,0,3898,46.7363,47.361,16.7726
63.3951,3.35092,0,3.35092,2.3,5.27702,430,0,0,3899,46.7345,47.3591,16.7716
63.4072,6.16652,0,6.16652,2.28,5.23113,1090,5,0,3900,46.75,47.3744,16.7697
63.4304,6.10781,0,6.10781,2.28,5.23113,1110,12,0,3902,46.754,47.378,16.7688
63.4364,0.203422,0,0.203422,2.26,5.18524,20,0,0,3902,46.754,47.378,16.7679
63.4626,4.85108,0,4.85108,2.26,5.18524,750,2,0,3904,46.7487,47.3724,16.7669
63.4716,3.15609,0,3.15609,2.24,5.13936,370,6,0,3905,46.7457,47.3693,16.766
63.4907,0.494984,0,0.494984,2.24,5.13936,20,0,0,3905,46.7457,47.3693,16.765
63.5011,4.72337,0,4.72337,2.22,5.09347,650,3,0,3907,46.7379,47.3611,16.7641
63.5168,0.319729,0,0.319729,2.22,5.09347,20,0,0,3907,46.7379,47.3611,16.7631
63.5316,6.2642,0,6.2642,2.2,5.04758,1150,1,0,3908,46.7549,47.3779,16.7631
63.5521,8.53173,0,8.53173,2.2,5.04758,1610,0,0,3910,46.7716,47.3944,16.7612
63.5612,1.11892,0,1.11892,2.18,5.0017,20,0,0,3910,46.7716,47.3944,16.7603
63.5803,1.34126,0,1.34126,2.18,5.0017,20,0,0,3910,46.7716,47.3944,16.7603
63.5947,6.54285,0,6.54285,2.16,4.95581,1240,11,0,3911,46.7908,47.4134,16.7594
63.6117,4.54644,0,4.54644,2.16,4.95581,504,1,0,3912,46.7917,47.4141,16.7584
63.6256,5.57484,0,5.57484,2.14,4.90992,1030,13,0,3913,46.8055,47.4278,16.7575
63.6397,0.63124,0,0.63124,2.14,4.90992,20,0,0,3913,46.8055,47.4278,16.7575
63.6528,6.3645,0,6.3645,2.12,4.86403,1080,2,0,3915,46.8087,47.4307,16.7565
63.6724,4.12004,0,4.12004,2.12,4.86403,790,15,0,3916,46.8164,47.4382,16.7556
63.6885,9.52951,0,9.52951,2.1,4.81815,1670,10,0,3918,46.8346,47.4561,16.7537
63.7016,0.915254,0,0.915254,2.1,4.81815,20,0,0,3918,46.8346,47.4561,16.7528
63.7157,8.45779,0,8.45779,2.08,4.77226,1480,1,0,3920,46.848,47.4691,16.7518
63.7327,3.53755,0,3.53755,2.08,4.77226,550,9,0,3921,46.8495,47.4705,16.75
63.7479,9.48324,0,9.48324,2.06,4.72637,1290,8,0,3923,46.858,47.4787,16.749
63.7644,4.1512,0,4.1512,2.06,4.72637,670,6,0,3924,46.8626,47.4832,16.7481
63.775,4.70615,0,4.70615,2.04,4.68049,760,2,0,3925,46.8696,47.4899,16.7471
63.7946,2.42684,0,2.42684,2.04,4.68049,360,3,0,3926,46.8663,47.4865,16.7453
63.8004,0.05797,0,0.05797,2.02,4.6346,20,0,0,3926,46.8663,47.4865,16.7453
63.8279,5.58278,0,5.58278,2.02,4.6346,1040,4,0,3927,46.8803,47.5004,16.7453
63.8338,0.289271,0,0.289271,2,4.58871,20,0,0,3927,46.8803,47.5004,16.7443
63.859,3.6317,0,3.6317,2,4.58871,620,7,0,3928,46.8837,47.5036,16.7434
63.866,1.28222,0,1.28222,1.98,4.54282,20,0,0,3928,46.8837,47.5036,16.7434
63.8884,1.82925,0,1.82925,1.98,4.54282,180,7,0,3929,46.8758,47.4955,16.7434
63.9022,8.12198,0,8.12198,1.96,4.49694,1160,0,0,3931,46.8809,47.5004,16.7415
63.9211,5.27507,0,5.27507,1.96,4.49694,870,0,0,3933,46.8787,47.4978,16.7396
63.9306,3.78554,0,3.78554,1.94,4.45105,370,0,0,3934,46.8757,47.4947,16.7387
63.9543,5.6128,0,5.6128,1.94,4.45105,1080,1,0,3936,46.8788,47.4975,16.7368
63.9708,10.5577,0,10.5577,1.92,4.40516,2090,11,0,3938,46.9076,47.5259,16.735
63.9921,9.92561,0,9.92561,1.92,4.40516,1850,0,0,3940,46.9302,47.5482,16.7331
64.0086,9.69688,0,9.69688,1.9,4.35928,1690,0,0,3942,46.9488,47.5665,16.7312
64.0286,7.91011,0,7.91011,1.9,4.35928,1120,10,0,3944,46.9528,47.5702,16.7294
64.0361,0.60196,0,0.60196,1.88,4.31339,20,0,0,3944,46.9528,47.5702,16.7284
64.0597,2.35544,0,2.35544,1.88,4.31339,440,0,0,3945,46.9516,47.5688,16.7284
64.0739,7.48605,0,7.48605,1.86,4.2675,1130,5,0,3947,46.9559,47.5728,16.7266
64.0938,5.45735,0,5.45735,1.86,4.2675,850,0,0,3948,46.965,47.5818,16.7247
64.1009,0.265367,0,0.265367,1.84,4.22161,20,0,0,3948,46.965,47.5818,16.7247
64.1308,8.42782,0,8.42782,1.84,4.22161,1430,12,0,3950,46.977,47.5934,16.7238
64.1375,0.765052,0,0.765052,1.82,4.17573,20,0,0,3950,46.977,47.5934,16.7229
64.1622,3.50258,0,3.50258,1.82,4.17573,600,0,0,3951,46.9798,47.5961,16.7219
64.1718,3.81922,0,3.81922,1.8,4.12984,420,4,0,3952,46.981,47.5972,16.7219
64.1959,6.33251,0,6.33251,1.8,4.12984,1060,0,0,3953,46.9954,47.6114,16.721
64.2138,11.7783,0,11.7783,1.78,4.08395,2114,13,0,3955,47.025,47.6407,16.7191
64.2296,6.12693,0,6.12693,1.78,4.08395,920,9,0,3956,47.0359,47.6514,16.7173
64.2448,9.17142,0,9.17142,1.76,4.03807,1560,0,0,3958,47.051,47.6662,16.7163
64.2623,5.19653,0,5.19653,1.76,4.03807,960,5,0,3959,47.0629,47.6779,16.7145
64.2688,0.710423,0,0.710423,1.74,3.99218,20,0,0,3959,47.0629,47.6779,16.7145
64.2951,5.38054,0,5.38054,1.74,3.99218,910,5,0,3960,47.0735,47.6884,16.7145
64.3033,2.25597,0,2.25597,1.72,3.94629,370,0,0,3961,47.0704,47.6852,16.7126
64.3273,4.51067,0,4.51067,1.72,3.94629,800,10,0,3962,47.0782,47.6928,16.7117
64.3392,5.76281,0,5.76281,1.7,3.9004,1010,12,0,3963,47.0913,47.7058,16.7117
64.3624,7.04544,0,7.04544,1.7,3.9004,1200,1,0,3964,47.1092,47.7235,16.7108
64.3758,7.07699,0,7.07699,1.68,3.85452,1230,0,0,3966,47.116,47.73,16.7089
64.3914,0.764075,0,0.764075,1.68,3.85452,20,0,0,3966,47.116,47.73,16.708
64.3999,2.71915,0,2.71915,1.66,3.80863,360,0,0,3967,47.1127,47.7265,16.708
64.4271,8.0121,0,8.0121,1.66,3.80863,1450,0,0,3969,47.125,47.7385,16.7061
64.4351,2.19959,0,2.19959,1.64,3.76274,160,3,0,3970,47.1166,47.73,16.7043
64.4562,1.32099,0,1.32099,1.64,3.76274,20,0,0,3970,47.1166,47.73,16.7043
64.472,9.99586,0,9.99586,1.62,3.71686,1830,21,0,3972,47.1385,47.7515,16.7034
64.4915,7.50187,0,7.50187,1.62,3.71686,1420,10,0,3974,47.15,47.7627,16.7015
64.502,4.67199,0,4.67199,1.6,3.67097,680,0,0,3975,47.1547,47.7673,16.6997
64.526,6.82296,0,6.82296,1.6,3.67097,1270,4,0,3977,47.1624,47.7747,16.6988
64.5404,8.29696,0,8.29696,1.58,3.62508,1450,18,0,3979,47.1747,47.7866,16.6969
64.5558,2.2915,0,2.2915,1.58,3.62508,270,3,0,3980,47.1691,47.7809,16.696
64.5735,11.7611,0,11.7611,1.56,3.57919,2000,1,0,3982,47.1951,47.8066,16.6941
64.5873,3.58243,0,3.58243,1.56,3.57919,630,3,0,3983,47.1986,47.8099,16.6932
64.5999,6.73115,0,6.73115,1.54,3.53331,1390,0,0,3985,47.2093,47.8203,16.6914
64.6223,7.22361,0,7.22361,1.54,3.53331,1570,11,0,3987,47.2245,47.8352,16.6895
64.6308,2.89969,0,2.89969,1.52,3.48742,500,2,0,3988,47.2247,47.8353,16.6886
64.6551,5.24906,0,5.24906,1.52,3.48742,810,20,0,3990,47.2208,47.8311,16.6868
64.6615,0.755844,0,0.755844,1.5,3.44153,20,0,0,3990,47.2208,47.8311,16.6859
64.6855,2.90014,0,2.90014,1.5,3.44153,480,0,0,3991,47.2205,47.8306,16.6849
64.7768,85.845,84.6065,1.23849,1.48,3.39565,46662,226,0,3991,47.1391,47.7592,16.6849
64.7918,8.30836,0,8.30836,1.46,3.34976,1590,15,0,3993,47.1548,47.7746,16.684
64.8108,8.18673,0,8.18673,1.46,3.34976,1480,10,0,3995,47.1677,47.7872,16.6822
64.8287,10.2248,0,10.2248,1.44,3.30387,1830,2,0,3997,47.1894,47.8086,16.6803
64.8439,4.71443,0,4.71443,1.44,3.30387,690,1,0,3999,47.1825,47.8015,16.6785
64.8527,2.62277,0,2.62277,1.42,3.25799,470,2,0,4000,47.182,47.8008,16.6767
64.8785,8.13848,0,8.13848,1.42,3.25799,1700,30,0,4002,47.2004,47.8188,16.6758
64.8935,7.48869,0,7.48869,1.4,3.2121,1320,1,0,4004,47.2093,47.8274,16.6739
64.9143,7.95008,0,7.95008,1.4,3.2121,1390,12,0,4006,47.2199,47.8377,16.6721
64.9255,4.9622,0,4.9622,1.38,3.16621,740,0,0,4007,47.2261,47.8438,16.6703
64.9477,5.4664,0,5.4664,1.38,3.16621,920,5,0,4009,47.225,47.8424,16.6693
64.9587,5.01772,0,5.01772,1.36,3.12032,590,3,0,4010,47.2274,47.8446,16.6684
64.9829,7.49348,0,7.49348,1.36,3.12032,1130,2,0,4011,47.2433,47.8604,16.6675
64.9964,7.5916,0,7.5916,1.34,3.07444,1410,0,0,4013,47.2544,47.8712,16.6657
65.0152,4.36447,0,4.36447,1.34,3.07444,720,4,0,4014,47.2601,47.8767,16.6648
65.0272,5.48885,0,5.48885,1.32,3.02855,770,0,0,4015,47.267,47.8834,16.6639
65.0516,8.2969,0,8.2969,1.32,3.02855,1280,1,0,4017,47.2748,47.891,16.662
65.0819,23.8346,21.2756,2.559,1.3,2.98266,12389,2,0,4018,47.272,47.888,16.6611
65.1014,11.9117,0,11.9117,1.28,2.93678,2080,47,0,4020,47.2998,47.9154,16.6593
65.1134,3.2171,0,3.2171,1.28,2.93678,560,0,0,4021,47.3014,47.9169,16.6575
65.1266,6.44562,0,6.44562,1.26,2.89089,1040,9,0,4023,47.3033,47.9185,16.6566
65.1501,8.14025,0,8.14025,1.26,2.89089,1380,3,0,4025,47.3135,47.9284,16.6548
65.163,6.83073,0,6.83073,1.24,2.845,1520,7,0,4027,47.3273,47.9419,16.6529
65.185,6.91235,0,6.91235,1.24,2.845,1160,14,0,4029,47.3321,47.9464,16.6511
65.1964,5.18714,0,5.18714,1.22,2.79911,1030,0,0,4030,47.3454,47.9596,16.6502
65.2173,4.28316,0,4.28316,1.22,2.79911,700,0,0,4031,47.3505,47.9645,16.6493
65.2295,6.14168,0,6.14168,1.2,2.75323,1110,5,0,4032,47.3658,47.9797,16.6484
65.2522,7.16639,0,7.16639,1.2,2.75323,1260,4,0,4034,47.3731,47.9866,16.6466
65.2614,3.34116,0,3.34116,1.18,2.70734,710,12,0,4035,47.3784,47.9918,16.6448
65.2804,0.755262,0,0.755262,1.18,2.70734,30,0,0,4035,47.3784,47.9918,16.6448
65.2884,1.61115,0,1.61115,1.16,2.66145,190,8,0,4036,47.3709,47.9841,16.6448
65.3178,9.38266,0,9.38266,1.16,2.66145,1760,0,0,4038,47.3905,48.0035,16.6429
65.3239,0.342181,0,0.342181,1.14,2.61563,20,0,0,4038,47.3905,48.0035,16.642
65.3508,5.43112,0,5.43112,1.14,2.61563,780,2,0,4040,47.3859,47.9985,16.6411
65.3642,7.35201,0,7.35201,1.12,2.56969,1440,18,0,4042,47.3976,48.0099,16.6393
65.3815,2.91651,0,2.91651,1.12,2.56969,490,6,0,4043,47.3975,48.0096,16.6375
65.3907,3.18267,0,3.18267,1.1,2.5238,440,1,0,4044,47.3961,48.0082,16.6366
65.4144,5.18788,0,5.18788,1.1,2.5238,930,10,0,4045,47.4069,48.0188,16.6357
65.4235,2.93286,0,2.93286,1.08,2.47791,480,0,0,4046,47.4066,48.0183,16.6357
65.4446,2.28062,0,2.28062,1.08,2.47791,300,2,0,4047,47.4018,48.0133,16.6348
65.4543,3.41901,0,3.41901,1.06,2.43203,530,0,0,4048,47.4027,48.0141,16.633
65.4774,4.79503,0,4.79503,1.06,2.43203,740,2,0,4050,47.397,48.0081,16.6321
65.4889,5.10986,0,5.10986,1.04,2.38614,1040,10,0,4052,47.3988,48.0096,16.6303
65.5063,0.897895,0,0.897895,1.04,2.38614,20,0,0,4052,47.3988,48.0096,16.6294
65.5138,0.601698,0,0.601698,1.02,2.34025,20,0,0,4052,47.3988,48.0096,16.6294
65.5433,8.51001,0,8.51001,1.02,2.34025,1680,19,0,4054,47.4164,48.0269,16.6285
65.5559,6.31354,0,6.31354,1,14.6649,1080,1,0,4056,47.4191,48.0293,16.6267
65.5754,4.22566,0,4.22566,1,14.6649,700,0,0,4057,47.4242,48.0343,16.6258
65.5829,1.77269,0,1.77269,0.98,14.3699,240,4,0,4058,47.4179,48.0278,16.624
65.6113,8.29793,0,8.29793,0.98,14.3699,1410,0,0,4060,47.4288,48.0384,16.6231
65.6275,9.77597,0,9.77597,0.96,14.0751,1710,9,0,4062,47.4471,48.0564,16.6213
65.6417,2.23322,0,2.23322,0.96,14.0751,490,0,0,4063,47.447,48.0561,16.6204
65.6502,2.847,0,2.847,0.94,13.7804,410,4,0,4064,47.4449,48.0539,16.6186
65.6794,9.9918,0,9.9918,0.94,13.7804,1790,14,0,4066,47.4651,48.0738,16.6177
65.6954,9.74256,0,9.74256,0.92,13.4864,1660,6,0,4068,47.4821,48.0905,16.6159
65.7108,3.51398,0,3.51398,0.92,13.4864,580,0,0,4069,47.4841,48.0924,16.6141
65.7218,5.20996,0,5.20996,0.9,13.1926,930,6,0,4071,47.4832,48.0911,16.6132
65.7481,9.5532,0,9.5532,0.9,13.1926,1640,15,0,4073,47.4996,48.1073,16.6114
