elapsed_s,total_latency_ms,update_ms,plan_ms,time_to_goal,path_cost,obstacle_checks,queue_operations,collision_count,tree_size,avg_deg_out,avg_deg_in,radius
1.20586,1205.55,1205.33,0.218727,20,138.283,955433,5290,0,2505,74.38,77.1082,14.7088
1.20988,1.4687,0,1.4687,19.98,140.149,1288,2,0,2506,74.4098,77.1369,14.7088
1.22943,0.718721,0,0.718721,19.98,140.149,595,0,0,2507,74.4128,77.1388,14.7071
1.23323,1.648,0,1.648,19.96,140.04,1450,0,0,2508,74.4418,77.1667,14.7054
1.25362,1.59749,0,1.59749,19.96,140.04,1415,0,0,2509,74.4807,77.2045,14.7037
1.25685,1.18036,0,1.18036,19.94,139.932,1154,0,0,2510,74.5032,77.2259,14.702
1.2764,0.582666,0,0.582666,19.94,139.932,491,0,0,2511,74.5193,77.2409,14.7003
1.27861,0.021551,0,0.021551,19.92,139.823,20,0,0,2511,74.5193,77.2409,14.6986
1.29907,0.078145,0,0.078145,19.92,139.823,20,0,0,2511,74.5193,77.2409,14.6986
1.30277,1.28926,0,1.28926,19.9,139.714,1323,0,0,2512,74.5442,77.2647,14.6986
1.32194,0.011321,0,0.011321,19.9,139.714,20,0,0,2512,74.5442,77.2647,14.6969
1.32581,1.53112,0,1.53112,19.88,139.605,1369,0,0,2513,74.5722,77.2917,14.6969
1.34588,1.37229,0,1.37229,19.88,139.605,901,0,0,2514,74.5784,77.2967,14.6952
1.34941,1.15359,0,1.15359,19.86,139.496,1090,0,0,2514,74.5784,77.2967,14.6935
1.37011,1.78118,0,1.78118,19.86,139.496,1178,0,0,2515,74.5984,77.3157,14.6935
1.3729,0.059294,0,0.059294,19.84,139.387,20,0,0,2515,74.5984,77.3157,14.6918
1.39479,1.62535,0,1.62535,19.84,139.387,851,0,0,2516,74.6025,77.3188,14.6918
1.398,0.542536,0,0.542536,19.82,139.278,435,0,0,2517,74.5963,77.3115,14.6901
1.42055,2.64096,0,2.64096,19.82,139.278,1057,0,0,2518,74.6088,77.3229,14.6884
1.42474,0.072565,0,0.072565,19.8,139.17,20,0,0,2518,74.6088,77.3229,14.6867
1.44562,0.889203,0,0.889203,19.8,139.17,714,0,0,2519,74.6209,77.3339,14.6867
1.44821,0.014203,0,0.014203,19.78,139.061,20,0,0,2519,74.6209,77.3339,14.685
1.47043,2.23833,0,2.23833,19.78,139.061,759,0,0,2520,74.627,77.3389,14.685
1.47611,1.6788,0,1.6788,19.76,138.952,968,0,0,2521,74.6422,77.353,14.6833
1.49942,4.29801,0,4.29801,19.76,138.952,1468,0,0,2522,74.6709,77.3807,14.6816
1.50553,0.150684,0,0.150684,19.74,138.843,20,0,0,2522,74.6709,77.3807,14.6799
1.52601,0.21913,0,0.21913,19.74,138.843,20,0,0,2522,74.6709,77.3807,14.6799
1.53049,0.198639,0,0.198639,19.72,138.734,21,0,0,2522,74.6709,77.3807,14.6799
1.55402,3.3163,0,3.3163,19.72,138.734,957,0,0,2523,74.6797,77.3884,14.6799
1.56006,0.102605,0,0.102605,19.7,138.625,21,0,0,2523,74.6797,77.3884,14.6782
1.58065,0.346793,0,0.346793,19.7,138.625,21,0,0,2523,74.6797,77.3884,14.6782
1.59035,5.2118,0,5.2118,19.68,138.517,1344,0,0,2524,74.7029,77.4105,14.6782
1.60515,0.028321,0,0.028321,19.68,138.517,21,0,0,2524,74.7029,77.4105,14.6766
1.60973,1.8276,0,1.8276,19.66,138.408,1627,2,0,2525,74.741,77.4475,14.6766
1.63009,1.71145,0,1.71145,19.66,138.408,624,0,0,2526,74.7617,77.4671,14.6749
1.63811,2.51692,0,2.51692,19.64,138.299,1453,0,0,2527,74.7922,77.4966,14.6732
1.65604,0.127505,0,0.127505,19.64,138.299,22,0,0,2527,74.7922,77.4966,14.6715
1.66115,0.100869,0,0.100869,19.62,138.19,22,0,0,2527,74.7922,77.4966,14.6715
1.68366,2.33301,0,2.33301,19.62,138.19,1616,2,0,2528,74.8263,77.5297,14.6715
1.68641,0.134732,0,0.134732,19.6,138.081,22,0,0,2528,74.8263,77.5297,14.6698
1.7064,0.045678,0,0.045678,19.6,138.081,22,0,0,2528,74.8263,77.5297,14.6698
1.71323,3.93394,0,3.93394,19.58,137.972,1922,0,0,2529,74.8778,77.5801,14.6698
1.73324,3.44885,0,3.44885,19.58,137.972,1699,2,0,2530,74.9178,77.6186,14.6681
1.73855,1.40137,0,1.40137,19.56,137.863,630,0,0,2531,74.9285,77.6282,14.6664
1.75893,1.67554,0,1.67554,19.56,137.863,1432,0,0,2532,74.9542,77.6528,14.6647
1.7638,2.2401,0,2.2401,19.54,137.755,903,0,0,2533,74.9593,77.6569,14.6631
1.78346,1.5953,0,1.5953,19.54,137.755,702,0,0,2533,74.9593,77.6569,14.6614
1.78948,2.77815,0,2.77815,19.52,137.646,1145,18,0,2534,74.9787,77.674,14.6614
1.80687,0.065196,0,0.065196,19.52,137.646,32,0,0,2534,74.9787,77.674,14.6597
1.81391,2.24431,0,2.24431,19.5,137.537,1973,0,0,2535,75.0304,77.7247,14.6597
1.83414,2.37073,0,2.37073,19.5,137.537,1797,4,0,2536,75.0737,77.7662,14.658
1.83722,0.916099,0,0.916099,19.48,137.428,1035,0,0,2537,75.0922,77.7836,14.6563
1.85783,0.910159,0,0.910159,19.48,137.428,477,0,0,2538,75.0883,77.7786,14.6546
1.86252,1.64675,0,1.64675,19.46,137.319,1736,0,0,2539,75.1335,77.8228,14.653
1.8836,2.37425,0,2.37425,19.46,137.319,2098,0,0,2540,75.1925,77.8807,14.6513
1.88586,0.140542,0,0.140542,19.44,137.21,42,0,0,2540,75.1925,77.8807,14.6496
1.90581,0.012302,0,0.012302,19.44,137.21,42,0,0,2540,75.1925,77.8807,14.6496
1.90822,0.072215,0,0.072215,19.42,137.101,42,0,0,2540,75.1925,77.8807,14.6496
1.92868,0.044374,0,0.044374,19.42,137.101,42,0,0,2540,75.1925,77.8807,14.6496
1.93173,0.86295,0,0.86295,19.4,136.993,748,0,0,2541,75.1932,77.8804,14.6496
1.95624,4.53959,0,4.53959,19.4,136.993,1379,0,0,2542,75.2203,77.9064,14.6479
1.96152,2.45152,0,2.45152,19.38,136.884,2146,0,0,2543,75.2741,77.9591,14.6463
1.97948,0.099059,0,0.099059,19.38,136.884,42,0,0,2543,75.2741,77.9591,14.6446
1.98473,1.18968,0,1.18968,19.36,136.775,952,0,0,2544,75.2814,77.9654,14.6446
2.00615,2.3985,0,2.3985,19.36,136.775,1602,0,0,2545,75.3132,77.9961,14.6429
2.00838,0.330776,0,0.330776,19.34,136.666,433,0,0,2546,75.3083,77.9902,14.6412
2.02826,0.013393,0,0.013393,19.34,136.666,42,0,0,2546,75.3083,77.9902,14.6396
2.03419,1.85113,0,1.85113,19.32,136.557,680,0,0,2547,75.3059,77.9867,14.6396
2.05515,2.16058,0,2.16058,19.32,136.557,1325,0,0,2548,75.3297,78.0094,14.6379
2.05709,0.057399,0,0.057399,19.3,136.448,42,0,0,2548,75.3297,78.0094,14.6362
2.08275,4.59297,0,4.59297,19.3,136.448,1172,0,0,2549,75.3444,78.0231,14.6362
2.0882,1.79398,0,1.79398,19.28,136.34,1585,0,0,2550,75.3792,78.0569,14.6345
2.11181,4.98371,0,4.98371,19.28,136.34,1542,0,0,2551,75.4085,78.0851,14.6329
2.1159,1.02023,0,1.02023,19.26,136.231,851,0,0,2552,75.4228,78.0984,14.6312
2.1367,1.7343,0,1.7343,19.26,136.231,1362,0,0,2553,75.445,78.1195,14.6295
2.13952,0.904563,0,0.904563,19.24,136.122,765,0,0,2554,75.455,78.1284,14.6279
2.16094,1.95395,0,1.95395,19.24,136.122,1242,0,0,2555,75.4724,78.1448,14.6262
2.16297,0.033856,0,0.033856,19.22,136.013,42,0,0,2555,75.4724,78.1448,14.6245
2.18555,2.17,0,2.17,19.22,136.013,1673,0,0,2556,75.5102,78.1815,14.6245
2.18722,0.017978,0,0.017978,19.2,135.904,43,0,0,2556,75.5102,78.1815,14.6229
2.20754,0.009617,0,0.009617,19.2,135.904,43,0,0,2556,75.5102,78.1815,14.6229
2.21087,1.45376,0,1.45376,19.18,135.795,1444,0,0,2557,75.5385,78.2088,14.6229
2.23192,2.22442,0,2.22442,19.18,135.795,1727,0,0,2558,75.5837,78.2529,14.6212
2.23491,1.06418,0,1.06418,19.16,135.686,647,0,0,2559,75.5823,78.2505,14.6196
2.25729,2.87005,0,2.87005,19.16,135.686,1069,2,0,2560,75.5984,78.2656,14.6179
2.26097,0.063335,0,0.063335,19.14,135.578,43,0,0,2560,75.5984,78.2656,14.6162
2.28174,0.017805,0,0.017805,19.14,135.578,43,0,0,2560,75.5984,78.2656,14.6162
2.2865,0.111514,0,0.111514,19.12,135.469,43,0,0,2560,75.5984,78.2656,14.6162
2.31115,4.14243,0,4.14243,19.12,135.469,1449,0,0,2561,75.6263,78.2925,14.6162
2.31761,4.15329,0,4.15329,19.1,135.36,1388,4,0,2562,75.6522,78.3165,14.6146
2.33391,0.203138,0,0.203138,19.1,135.36,53,0,0,2562,75.6522,78.3165,14.6129
2.34199,2.96598,0,2.96598,19.08,135.251,1279,0,0,2563,75.6715,78.3348,14.6129
2.36006,1.27536,0,1.27536,19.08,135.251,747,2,0,2564,75.6751,78.3284,14.6113
2.36539,3.03045,0,3.03045,19.06,135.142,1074,8,0,2565,75.6854,78.3376,14.6096
2.38582,2.83223,0,2.83223,19.06,135.142,1794,0,0,2566,75.7276,78.3788,14.6079
2.39139,3.38582,0,3.38582,19.04,135.033,1379,0,0,2567,75.7507,78.4009,14.6063
2.41203,3.71009,0,3.71009,19.04,135.033,2019,0,0,2568,75.8022,78.4513,14.6046
2.41735,3.11722,0,3.11722,19.02,134.925,1390,0,0,2569,75.8299,78.478,14.603
2.43466,0.231362,0,0.231362,19.02,134.925,53,0,0,2569,75.8299,78.478,14.6013
2.43963,1.73035,0,1.73035,19,134.816,1053,0,0,2570,75.8405,78.4875,14.6013
2.45812,0.254683,0,0.254683,19,134.816,53,0,0,2570,75.8405,78.4875,14.5997
2.46652,4.15623,0,4.15623,18.98,134.707,1556,0,0,2571,75.872,78.5181,14.5997
2.48691,3.62125,0,3.62125,18.98,134.707,954,0,0,2572,75.8775,78.5226,14.598
2.49383,1.63212,0,1.63212,18.96,134.598,715,0,0,2573,75.8752,78.5192,14.5964
2.51262,0.186499,0,0.186499,18.96,134.598,63,0,0,2573,75.8752,78.5192,14.5947
2.52261,5.62957,0,5.62957,18.94,134.489,1633,4,0,2574,75.9079,78.5509,14.5947
2.53819,1.00351,0,1.00351,18.94,134.489,814,2,0,2575,75.9157,78.5573,14.5931
2.54013,0.005547,0,0.005547,18.92,134.38,73,0,0,2575,75.9157,78.5573,14.5914
2.5639,3.52922,0,3.52922,18.92,134.38,1911,0,0,2576,75.9589,78.5994,14.5914
2.5667,0.78788,0,0.78788,18.9,134.271,786,0,0,2577,75.9697,78.6092,14.5898
2.59002,3.31798,0,3.31798,18.9,134.271,1113,0,0,2578,75.9806,78.6191,14.5881
2.59618,1.81735,0,1.81735,18.88,134.163,1296,0,0,2579,76.007,78.6444,14.5865
2.61647,1.67649,0,1.67649,18.88,134.163,1226,0,0,2580,76.0291,78.6655,14.5848
2.62116,0.121649,0,0.121649,18.86,134.054,83,0,0,2580,76.0291,78.6655,14.5832
2.64332,2.10279,0,2.10279,18.86,134.054,1266,4,0,2581,76.0465,78.6819,14.5832
2.64667,1.3416,0,1.3416,18.84,133.945,1518,0,0,2582,76.074,78.7084,14.5815
2.66568,0.041357,0,0.041357,18.84,133.945,93,0,0,2582,76.074,78.7084,14.5799
2.66976,1.582,0,1.582,18.82,133.836,1444,4,0,2583,76.0976,78.7317,14.5799
2.69105,2.48337,0,2.48337,18.82,133.836,1029,0,0,2584,76.1049,78.738,14.5783
2.69338,0.059382,0,0.059382,18.8,133.727,93,0,0,2584,76.1049,78.738,14.5766
2.71367,0.075466,0,0.075466,18.8,133.727,93,0,0,2584,76.1049,78.738,14.5766
2.71656,1.0475,0,1.0475,18.78,133.618,1316,0,0,2585,76.1253,78.7574,14.5766
2.73603,0.122299,0,0.122299,18.78,133.618,94,0,0,2585,76.1253,78.7574,14.575
2.73927,1.10085,0,1.10085,18.76,133.51,1344,0,0,2586,76.1524,78.7834,14.575
2.76087,2.45363,0,2.45363,18.76,133.51,1835,0,0,2587,76.1956,78.8257,14.5733
2.76332,0.435702,0,0.435702,18.74,133.401,570,0,0,2588,76.2094,78.8385,14.5717
2.78425,0.874719,0,0.874719,18.74,133.401,785,0,0,2589,76.2136,78.8416,14.5701
2.78708,0.423223,0,0.423223,18.72,133.292,527,0,0,2590,76.2305,78.8575,14.5684
2.81097,3.89141,0,3.89141,18.72,133.292,1656,0,0,2591,76.2632,78.8892,14.5668
2.81529,0.083215,0,0.083215,18.7,133.183,84,0,0,2591,76.2632,78.8892,14.5651
2.83695,1.52219,0,1.52219,18.7,133.183,1172,0,0,2592,76.2766,78.9016,14.5651
2.83875,0.004452,0,0.004452,18.68,133.074,84,0,0,2592,76.2766,78.9016,14.5635
2.86137,2.09244,0,2.09244,18.68,133.074,1284,2,0,2593,76.2935,78.9171,14.5635
2.86479,1.41475,0,1.41475,18.66,132.965,1244,0,0,2594,76.3088,78.9314,14.5619
2.88398,0.126751,0,0.126751,18.66,132.965,84,0,0,2594,76.3088,78.9314,14.5602
2.88629,0.039456,0,0.039456,18.64,132.856,84,0,0,2594,76.3088,78.9314,14.5602
2.90671,0.104086,0,0.104086,18.64,132.856,84,0,0,2594,76.3088,78.9314,14.5602
2.911,2.24926,0,2.24926,18.62,132.748,2102,0,0,2595,76.3595,78.9811,14.5602
2.93003,0.8104,0,0.8104,18.62,132.748,348,0,0,2595,76.3595,78.9811,14.5586
2.93849,3.90632,0,3.90632,18.6,132.639,1308,4,0,2596,76.376,78.9988,14.5586
2.95866,4.05281,0,4.05281,18.6,132.639,1474,0,0,2597,76.4012,79.0231,14.557
2.96254,0.948873,0,0.948873,18.58,132.53,1052,0,0,2598,76.413,79.0339,14.5553
2.98327,1.20209,0,1.20209,18.58,132.53,1025,0,0,2599,76.4309,79.0508,14.5537
2.98529,0.029053,0,0.029053,18.56,132.421,84,0,0,2599,76.4309,79.0508,14.5521
3.00794,2.16401,0,2.16401,18.56,132.421,931,0,0,2600,76.4435,79.0623,14.5521
3.01043,0.075319,0,0.075319,18.54,132.312,84,0,0,2600,76.4435,79.0623,14.5505
3.03076,0.051716,0,0.051716,18.54,132.312,84,0,0,2600,76.4435,79.0623,14.5505
3.03361,0.61946,0,0.61946,18.52,132.203,774,0,0,2601,76.4402,79.0581,14.5505
3.05337,0.131807,0,0.131807,18.52,132.203,94,0,0,2601,76.4402,79.0581,14.5488
3.05559,0.036059,0,0.036059,18.5,132.094,94,0,0,2601,76.4402,79.0581,14.5488
3.07778,1.70017,0,1.70017,18.5,132.094,1238,4,0,2602,76.4608,79.0772,14.5488
3.08102,1.15895,0,1.15895,18.48,131.986,1195,0,0,2603,76.4745,79.0899,14.5472
3.10074,0.567401,0,0.567401,18.48,131.986,562,0,0,2604,76.4708,79.0853,14.5456
3.10496,2.28811,0,2.28811,18.46,131.877,1997,0,0,2605,76.5163,79.1298,14.5439
3.12333,0.258277,0,0.258277,18.46,131.877,90,0,0,2605,76.5163,79.1298,14.5423
3.13,2.81179,0,2.81179,18.44,131.768,1470,0,0,2606,76.5422,79.1546,14.5423
3.14961,1.75007,0,1.75007,18.44,131.768,665,0,0,2607,76.5347,79.1461,14.5407
3.15839,4.1746,0,4.1746,18.42,131.659,1759,2,0,2608,76.5713,79.1814,14.5391
3.175,0.14258,0,0.14258,18.42,131.659,96,0,0,2608,76.5713,79.1814,14.5375
3.17906,1.2427,0,1.2427,18.4,131.55,1300,0,0,2609,76.5899,79.1989,14.5375
3.19973,1.48375,0,1.48375,18.4,131.55,1358,0,0,2610,76.6123,79.2203,14.5358
3.2028,0.732593,0,0.732593,18.38,131.441,944,0,0,2611,76.6159,79.2229,14.5342
3.22395,1.3595,0,1.3595,18.38,131.441,632,0,0,2612,76.611,79.2171,14.5326
3.23148,3.35336,0,3.35336,18.36,131.333,1213,2,0,2613,76.6261,79.2312,14.531
3.24897,0.219226,0,0.219226,18.36,131.333,86,0,0,2613,76.6261,79.2312,14.5294
3.25932,5.99611,0,5.99611,18.34,131.224,2164,0,0,2614,76.6779,79.2819,14.5294
3.27667,2.68614,0,2.68614,18.34,131.224,1224,0,0,2615,76.6937,79.2967,14.5277
3.27894,0.054732,0,0.054732,18.32,131.115,92,0,0,2615,76.6937,79.2967,14.5261
3.29995,0.637251,0,0.637251,18.32,131.115,575,0,0,2616,76.6919,79.294,14.5261
3.30276,0.714308,0,0.714308,18.3,131.006,823,0,0,2617,76.6905,79.2916,14.5245
3.32279,0.230176,0,0.230176,18.3,131.006,102,0,0,2617,76.6905,79.2916,14.5229
3.32817,0.019188,0,0.019188,18.28,130.897,102,0,0,2617,76.6905,79.2916,14.5229
3.34823,0.121036,0,0.121036,18.28,130.897,102,0,0,2617,76.6905,79.2916,14.5229
3.35329,0.155046,0,0.155046,18.26,130.788,102,0,0,2617,76.6905,79.2916,14.5229
3.37613,2.26255,0,2.26255,18.26,130.788,991,0,0,2618,76.7051,79.3052,14.5229
3.37834,0.056954,0,0.056954,18.24,130.679,140,0,0,2618,76.7051,79.3052,14.5213
3.40076,1.4577,0,1.4577,18.24,130.679,570,0,0,2619,76.7068,79.3058,14.5213
3.40886,2.70503,0,2.70503,18.22,130.571,864,6,0,2620,76.7187,79.3168,14.5197
3.42615,0.1029,0,0.1029,18.22,130.571,92,0,0,2620,76.7187,79.3168,14.518
3.42967,1.00892,0,1.00892,18.2,130.462,1032,0,0,2621,76.7306,79.3277,14.518
3.45152,2.46775,0,2.46775,18.2,130.462,828,0,0,2622,76.7551,79.3513,14.5164
3.46056,3.93327,0,3.93327,18.18,130.353,810,0,0,2623,76.7583,79.3534,14.5148
3.47708,0.658349,0,0.658349,18.18,130.353,563,0,0,2624,76.7732,79.3674,14.5132
3.48106,1.94237,0,1.94237,18.16,130.244,1291,0,0,2625,76.7943,79.3874,14.5116
3.50043,0.135018,0,0.135018,18.16,130.244,98,0,0,2625,76.7943,79.3874,14.51
3.50489,0.115937,0,0.115937,18.14,130.135,98,0,0,2625,76.7943,79.3874,14.51
3.52486,0.013678,0,0.013678,18.14,130.135,98,0,0,2625,76.7943,79.3874,14.51
3.52806,0.788772,0,0.788772,18.12,130.026,941,0,0,2626,76.805,79.3972,14.51
3.5529,5.26212,0,5.26212,18.12,130.026,1778,0,0,2627,76.8394,79.4305,14.5084
3.55743,0.078268,0,0.078268,18.1,129.918,108,0,0,2627,76.8394,79.4305,14.5068
3.57796,0.373774,0,0.373774,18.1,129.918,440,0,0,2628,76.8295,79.4197,14.5068
3.57999,0.007299,0,0.007299,18.08,129.809,118,0,0,2628,76.8295,79.4197,14.5052
3.60112,0.19327,0,0.19327,18.08,129.809,118,0,0,2628,76.8295,79.4197,14.5052
3.60951,3.8173,0,3.8173,18.06,129.7,2047,0,0,2629,76.879,79.4682,14.5052
3.62679,0.929659,0,0.929659,18.06,129.7,740,0,0,2630,76.8738,79.462,14.5036
3.62904,0.105316,0,0.105316,18.04,129.591,127,0,0,2630,76.8738,79.462,14.502
3.65131,2.41108,0,2.41108,18.04,129.591,1299,0,0,2631,76.8959,79.4831,14.502
3.65388,0.051735,0,0.051735,18.02,129.482,127,0,0,2631,76.8959,79.4831,14.5004
3.6752,0.224114,0,0.224114,18.02,129.482,127,0,0,2631,76.8959,79.4831,14.5004
3.68988,8.06147,0,8.06147,18,129.373,1557,0,0,2632,76.9214,79.5076,14.5004
3.70972,7.63484,0,7.63484,18,129.373,1952,0,0,2633,76.9658,79.5511,14.4988
3.7127,0.061037,0,0.061037,17.98,129.264,127,0,0,2633,76.9658,79.5511,14.4972
3.73306,0.132192,0,0.132192,17.98,129.264,127,0,0,2633,76.9658,79.5511,14.4972
3.73779,2.39632,0,2.39632,17.96,129.156,1337,0,0,2634,76.9852,79.5695,14.4972
3.75898,3.2705,0,3.2705,17.96,129.156,1821,0,0,2635,77.03,79.6133,14.4956
3.76169,0.331114,0,0.331114,17.94,129.047,462,0,0,2636,77.0205,79.6028,14.494
3.7818,0.132116,0,0.132116,17.94,129.047,137,0,0,2636,77.0205,79.6028,14.4924
3.78424,0.006723,0,0.006723,17.92,128.938,137,0,0,2636,77.0205,79.6028,14.4924
3.80623,0.541544,0,0.541544,17.92,128.938,253,0,0,2636,77.0205,79.6028,14.4924
3.81883,6.31316,0,6.31316,17.9,128.829,2105,0,0,2637,77.0667,79.6481,14.4924
3.8416,9.26003,0,9.26003,17.9,128.829,2203,0,0,2638,77.1179,79.6983,14.4908
3.848,1.70515,0,1.70515,17.88,128.72,1145,0,0,2639,77.1269,79.7063,14.4892
3.86972,3.38601,0,3.38601,17.88,128.72,1665,0,0,2640,77.1663,79.7447,14.4876
3.87548,2.0447,0,2.0447,17.86,128.611,1497,0,0,2641,77.1882,79.7656,14.486
3.89555,1.64722,0,1.64722,17.86,128.611,1441,0,0,2642,77.2157,79.7922,14.4844
3.90387,4.90821,0,4.90821,17.84,128.502,1791,0,0,2643,77.252,79.8275,14.4828
3.92454,5.37717,0,5.37717,17.84,128.502,2033,0,0,2644,77.2954,79.8699,14.4812
3.92798,0.743492,0,0.743492,17.82,128.394,492,0,0,2645,77.2877,79.8612,14.4796
3.94705,0.067001,0,0.067001,17.82,128.394,143,0,0,2645,77.2877,79.8612,14.478
3.94976,0.069768,0,0.069768,17.8,128.285,153,0,0,2645,77.2877,79.8612,14.478
3.97257,2.61979,0,2.61979,17.8,128.285,1412,0,0,2646,77.3084,79.881,14.478
3.97533,0.048276,0,0.048276,17.78,128.176,153,0,0,2646,77.3084,79.881,14.4764
4.00068,4.73493,0,4.73493,17.78,128.176,1833,4,0,2647,77.3434,79.9161,14.4764
4.00672,2.20697,0,2.20697,17.76,128.067,1654,2,0,2648,77.3807,79.9505,14.4748
4.028,3.21573,0,3.21573,17.76,128.067,1620,0,0,2649,77.4073,79.9762,14.4732
4.03472,2.26212,0,2.26212,17.74,127.958,1310,2,0,2650,77.4226,79.9909,14.4716
4.05312,0.742994,0,0.742994,17.74,127.958,750,0,0,2651,77.4263,79.9936,14.47
4.05697,1.45058,0,1.45058,17.72,127.849,1183,0,0,2652,77.4359,80.0023,14.4684
4.07688,1.22413,0,1.22413,17.72,127.849,1193,0,0,2653,77.4493,80.0147,14.4668
4.07948,0.494796,0,0.494796,17.7,127.741,790,0,0,2654,77.4484,80.0128,14.4653
4.10343,3.49878,0,3.49878,17.7,127.741,2157,0,0,2655,77.4998,80.0633,14.4637
4.10857,2.25042,0,2.25042,17.68,127.632,1339,2,0,2656,77.5166,80.0787,14.4621
4.12641,0.442831,0,0.442831,17.68,127.632,669,0,0,2657,77.5126,80.0738,14.4605
4.1301,1.57243,0,1.57243,17.66,127.523,1548,0,0,2658,77.5376,80.0978,14.4589
4.1504,1.57605,0,1.57605,17.66,127.523,1308,2,0,2659,77.5619,80.1211,14.4573
4.15283,0.011714,0,0.011714,17.64,127.414,159,0,0,2659,77.5619,80.1211,14.4558
4.17632,3.29698,0,3.29698,17.64,127.414,1951,0,0,2660,77.603,80.1613,14.4558
4.18495,4.72661,0,4.72661,17.62,127.305,2257,0,0,2661,77.6569,80.2142,14.4542
4.20246,1.98614,0,1.98614,17.62,127.305,1575,0,0,2662,77.6818,80.2382,14.4526
4.20561,1.22468,0,1.22468,17.6,127.196,1486,0,0,2663,77.7033,80.2587,14.451
4.22832,3.17598,0,3.17598,17.6,127.196,1775,0,0,2664,77.7406,80.295,14.4494
4.23219,1.5632,0,1.5632,17.58,127.087,1536,2,0,2665,77.7629,80.3159,14.4479
4.25342,2.45481,0,2.45481,17.58,127.087,1157,0,0,2666,77.7712,80.3233,14.4463
4.25756,0.00847,0,0.00847,17.56,126.979,166,0,0,2666,77.7712,80.3233,14.4447
4.27947,2.03555,0,2.03555,17.56,126.979,1630,2,0,2667,77.7972,80.348,14.4447
4.28327,0.060308,0,0.060308,17.54,126.87,166,0,0,2667,77.7972,80.348,14.4431
4.30418,0.178108,0,0.178108,17.54,126.87,166,0,0,2667,77.7972,80.348,14.4431
4.31112,2.93541,0,2.93541,17.52,126.761,1366,0,0,2668,77.813,80.3628,14.4431
4.32918,0.567373,0,0.567373,17.52,126.761,547,0,0,2668,77.813,80.3628,14.4415
4.3313,0.050796,0,0.050796,17.5,126.652,172,0,0,2668,77.813,80.3628,14.4415
4.35585,3.57491,0,3.57491,17.5,126.652,1159,0,0,2669,77.8243,80.3732,14.4415
4.35889,0.855024,0,0.855024,17.48,126.543,1003,9,0,2670,77.8315,80.3816,14.44
4.38064,2.46504,0,2.46504,17.48,126.543,1284,0,0,2671,77.8547,80.404,14.4384
4.3874,2.18081,0,2.18081,17.46,126.434,1377,0,0,2672,77.8716,80.4199,14.4368
4.40755,2.34913,0,2.34913,17.46,126.434,1044,2,0,2673,77.8807,80.428,14.4352
4.41186,0.115979,0,0.115979,17.44,126.349,162,0,0,2673,77.8807,80.428,14.4337
4.43267,0.1472,0,0.1472,17.44,126.349,172,0,0,2673,77.8807,80.428,14.4337
4.43779,0.078273,0,0.078273,17.42,126.317,181,0,0,2673,77.8807,80.428,14.4337
4.45951,1.64625,0,1.64625,17.42,126.317,1428,4,0,2674,77.9009,80.4465,14.4337
4.46231,0.717573,0,0.717573,17.4,126.285,931,0,0,2675,77.9073,80.452,14.4321
4.4825,0.654924,0,0.654924,17.4,126.285,530,0,0,2676,77.9212,80.4649,14.4305
4.48694,1.87126,0,1.87126,17.38,126.252,2159,0,0,2677,77.9709,80.5136,14.429
4.5052,0.076957,0,0.076957,17.38,126.252,190,0,0,2677,77.9709,80.5136,14.4274
4.50778,0.066117,0,0.066117,17.36,126.22,190,0,0,2677,77.9709,80.5136,14.4274
4.52969,1.44549,0,1.44549,17.36,126.22,724,0,0,2678,77.9638,80.5056,14.4274
4.54033,5.7022,0,5.7022,17.34,126.188,2107,0,0,2679,78.0078,80.5487,14.4258
4.55585,1.09291,0,1.09291,17.34,126.188,1017,2,0,2680,78.0168,80.5575,14.4243
4.55861,0.723694,0,0.723694,17.32,126.156,948,0,0,2681,78.0216,80.5614,14.4227
4.5796,1.44805,0,1.44805,17.32,126.156,1161,4,0,2682,78.0373,80.5768,14.4211
4.58491,3.0605,0,3.0605,17.3,126.123,2093,0,0,2683,78.0831,80.6217,14.4196
4.60225,0.105373,0,0.105373,17.3,126.123,190,0,0,2683,78.0831,80.6217,14.418
4.60676,0.168299,0,0.168299,17.28,126.091,190,0,0,2683,78.0831,80.6217,14.418
4.6287,1.8632,0,1.8632,17.28,126.091,1825,0,0,2684,78.1162,80.6539,14.418
4.63117,0.118194,0,0.118194,17.26,126.059,190,0,0,2684,78.1162,80.6539,14.4164
4.65207,0.84606,0,0.84606,17.26,126.059,827,0,0,2685,78.1166,80.6533,14.4164
4.65416,0.036275,0,0.036275,17.24,126.027,190,0,0,2685,78.1166,80.6533,14.4149
4.6748,0.022124,0,0.022124,17.24,126.027,190,0,0,2685,78.1166,80.6533,14.4149
4.67984,1.22947,0,1.22947,17.22,125.995,1000,0,0,2686,78.1176,80.6534,14.4149
4.70354,4.0041,0,4.0041,17.22,125.995,1160,0,0,2687,78.1247,80.6595,14.4133
4.71034,3.08498,0,3.08498,17.2,125.962,1897,0,0,2688,78.1648,80.6987,14.4117
4.72791,0.016057,0,0.016057,17.2,125.962,190,0,0,2688,78.1648,80.6987,14.4102
4.73102,0.04019,0,0.04019,17.18,125.93,190,0,0,2688,78.1648,80.6987,14.4102
4.75378,2.44915,0,2.44915,17.18,125.93,1640,0,0,2689,78.1897,80.7226,14.4102
4.75593,0.02216,0,0.02216,17.16,125.898,190,0,0,2689,78.1897,80.7226,14.4086
4.77699,0.799082,0,0.799082,17.16,125.898,770,0,0,2690,78.1926,80.7245,14.4086
4.77943,0.327334,0,0.327334,17.14,125.866,644,0,0,2690,78.1926,80.7245,14.4071
4.8002,0.135102,0,0.135102,17.14,125.866,196,0,0,2690,78.1926,80.7245,14.4071
4.80462,0.045806,0,0.045806,17.12,125.833,196,0,0,2690,78.1926,80.7245,14.4071
4.83049,4.90493,0,4.90493,17.12,125.833,1671,0,0,2691,78.2248,80.7559,14.4071
4.83774,1.83381,0,1.83381,17.1,125.801,852,0,0,2692,78.2359,80.766,14.4055
4.85672,0.134662,0,0.134662,17.1,125.801,201,0,0,2692,78.2359,80.766,14.4039
4.86161,0.01892,0,0.01892,17.08,125.769,201,0,0,2692,78.2359,80.766,14.4039
4.88318,1.49429,0,1.49429,17.08,125.769,1545,0,0,2693,78.2633,80.7924,14.4039
4.88504,0.028573,0,0.028573,17.06,125.737,201,0,0,2693,78.2633,80.7924,14.4024
4.90604,0.183568,0,0.183568,17.06,125.737,201,0,0,2693,78.2633,80.7924,14.4024
4.91327,4.08456,0,4.08456,17.04,125.704,1503,0,0,2694,78.2914,80.8196,14.4024
4.93476,4.80737,0,4.80737,17.04,125.704,1586,0,0,2695,78.3176,80.8449,14.4008
4.93764,0.250427,0,0.250427,17.02,125.672,491,0,0,2696,78.2993,80.8257,14.3993
4.96427,5.9527,0,5.9527,17.02,125.672,1666,0,0,2697,78.3255,80.8509,14.3977
4.96785,0.046948,0,0.046948,17,125.64,200,0,0,2697,78.3255,80.8509,14.3962
4.98796,0.087711,0,0.087711,17,125.64,200,0,0,2697,78.3255,80.8509,14.3962
4.99363,1.42372,0,1.42372,16.98,125.608,1188,0,0,2698,78.3336,80.858,14.3962
5.01938,6.41091,0,6.41091,16.98,125.608,1959,15,0,2699,78.3727,80.8963,14.3946
5.02525,0.215093,0,0.215093,16.96,125.576,200,0,0,2699,78.3727,80.8963,14.3931
5.04523,0.106039,0,0.106039,16.96,125.576,200,0,0,2699,78.3727,80.8963,14.3931
5.05018,2.81744,0,2.81744,16.94,125.543,1989,0,0,2700,78.4133,80.9359,14.3931
5.0688,1.03579,0,1.03579,16.94,125.543,929,0,0,2701,78.4239,80.9456,14.3915
5.07199,0.973569,0,0.973569,16.92,125.511,1296,0,0,2702,78.4423,80.963,14.39
5.0917,0.04581,0,0.04581,16.92,125.511,200,0,0,2702,78.4423,80.963,14.3884
5.0962,1.67657,0,1.67657,16.9,125.479,1571,2,0,2703,78.4676,80.9889,14.3884
5.11961,4.29894,0,4.29894,16.9,125.479,1803,0,0,2704,78.5011,81.0214,14.3869
5.12372,0.008971,0,0.008971,16.88,125.447,200,0,0,2704,78.5011,81.0214,14.3853
5.14423,0.063326,0,0.063326,16.88,125.447,200,0,0,2704,78.5011,81.0214,14.3853
5.14878,2.26701,0,2.26701,16.86,125.414,2096,4,0,2705,78.5431,81.0636,14.3853
5.16694,0.091031,0,0.091031,16.86,125.414,174,0,0,2705,78.5431,81.0636,14.3838
5.16911,0.003766,0,0.003766,16.84,125.382,174,0,0,2705,78.5431,81.0636,14.3838
5.19546,5.56057,0,5.56057,16.84,125.382,2066,0,0,2706,78.5843,81.1038,14.3838
5.19997,0.112263,0,0.112263,16.82,125.35,174,0,0,2706,78.5843,81.1038,14.3822
5.22186,1.80017,0,1.80017,16.82,125.35,1727,0,0,2707,78.6147,81.1334,14.3822
5.22482,0.972938,0,0.972938,16.8,125.318,1176,0,0,2708,78.6263,81.144,14.3807
5.24622,1.42783,0,1.42783,16.8,125.318,852,0,0,2709,78.6357,81.1525,14.3791
5.25108,0.077874,0,0.077874,16.78,125.286,174,0,0,2709,78.6357,81.1525,14.3776
5.27205,1.07215,0,1.07215,16.78,125.286,920,0,0,2710,78.638,81.1539,14.3776
5.27496,0.664475,0,0.664475,16.76,125.253,528,0,0,2711,78.6234,81.1383,14.376
5.295,0.079139,0,0.079139,16.76,125.253,184,0,0,2711,78.6234,81.1383,14.3745
5.29738,0.421958,0,0.421958,16.74,125.221,676,0,0,2711,78.6234,81.1383,14.3745
5.31775,0.012625,0,0.012625,16.74,125.221,184,0,0,2711,78.6234,81.1383,14.3745
5.32382,2.98922,0,2.98922,16.72,125.189,2360,0,0,2712,78.6755,81.1895,14.3745
5.34452,2.8648,0,2.8648,16.72,125.189,1387,0,0,2713,78.6996,81.2127,14.3729
5.34922,0.095388,0,0.095388,16.7,125.157,184,0,0,2713,78.6996,81.2127,14.3714
5.36933,0.06561,0,0.06561,16.7,125.157,184,0,0,2713,78.6996,81.2127,14.3714
5.38006,5.39014,0,5.39014,16.68,125.124,1826,0,0,2714,78.7343,81.2465,14.3714
5.39662,2.57225,0,2.57225,16.68,125.124,2106,0,0,2715,78.7779,81.2891,14.3699
5.40094,1.8965,0,1.8965,16.66,125.092,799,2,0,2716,78.7721,81.2824,14.3683
5.4194,0.120793,0,0.120793,16.66,125.092,184,0,0,2716,78.7721,81.2824,14.3668
5.42165,0.040824,0,0.040824,16.64,125.06,184,0,0,2716,78.7721,81.2824,14.3668
5.44481,2.06746,0,2.06746,16.64,125.06,1085,0,0,2717,78.7865,81.2959,14.3668
5.4491,0.701221,0,0.701221,16.62,125.028,767,0,0,2718,78.7958,81.3043,14.3652
5.47097,2.31504,0,2.31504,16.62,125.028,1035,0,0,2719,78.7985,81.306,14.3637
5.47721,0.704663,0,0.704663,16.6,124.996,699,0,0,2720,78.8026,81.3092,14.3622
5.49672,0.411591,0,0.411591,16.6,124.996,469,0,0,2721,78.7868,81.2925,14.3606
5.50226,0.358681,0,0.358681,16.58,124.963,299,0,0,2721,78.7868,81.2925,14.3591
5.52253,0.116621,0,0.116621,16.58,124.963,184,0,0,2721,78.7868,81.2925,14.3591
5.5253,0.145484,0,0.145484,16.56,124.931,184,0,0,2721,78.7868,81.2925,14.3591
5.54666,1.39299,0,1.39299,16.56,124.931,1453,0,0,2722,78.8101,81.3148,14.3591
5.54877,0.029322,0,0.029322,16.54,124.899,188,0,0,2722,78.8101,81.3148,14.3575
5.56923,0.201876,0,0.201876,16.54,124.899,188,0,0,2722,78.8101,81.3148,14.3575
5.57318,0.292708,0,0.292708,16.52,124.867,461,0,0,2723,78.8035,81.3074,14.3575
5.59295,0.045054,0,0.045054,16.52,124.867,188,0,0,2723,78.8035,81.3074,14.356
5.60552,6.5893,0,6.5893,16.5,124.834,1996,0,0,2724,78.8451,81.348,14.356
5.61978,0.804659,0,0.804659,16.5,124.834,815,0,0,2725,78.8462,81.3483,14.3545
5.62274,0.847307,0,0.847307,16.48,124.802,1059,0,0,2726,78.8496,81.3507,14.3529
5.64399,1.57888,0,1.57888,16.48,124.802,1238,4,0,2727,78.8592,81.3594,14.3514
5.64616,0.051456,0,0.051456,16.46,124.77,194,0,0,2727,78.8592,81.3594,14.3499
5.66869,2.27316,0,2.27316,16.46,124.77,2125,0,0,2728,78.908,81.4073,14.3499
5.67245,1.55032,0,1.55032,16.44,124.738,1727,9,0,2729,78.9373,81.4357,14.3483
5.69475,3.80425,0,3.80425,16.44,124.738,1912,0,0,2730,78.9733,81.4707,14.3468
5.70064,2.17255,0,2.17255,16.42,124.706,2222,0,0,2731,79.0238,81.5203,14.3453
5.71902,0.01186,0,0.01186,16.42,124.706,194,0,0,2731,79.0238,81.5203,14.3437
5.72749,5.31232,0,5.31232,16.4,124.673,2350,0,0,2732,79.0787,81.5743,14.3437
5.74488,2.38742,0,2.38742,16.4,124.673,1175,0,0,2733,79.0904,81.5851,14.3422
5.75214,2.59663,0,2.59663,16.38,124.641,1079,0,0,2734,79.0962,81.59,14.3407
5.77187,1.88515,0,1.88515,16.38,124.641,1027,0,0,2735,79.1064,81.5993,14.3392
5.77658,1.54419,0,1.54419,16.36,124.609,855,0,0,2736,79.1086,81.6005,14.3376
5.79567,0.674619,0,0.674619,16.36,124.609,584,0,0,2737,79.0957,81.5868,14.3361
5.79822,0.066953,0,0.066953,16.34,124.577,182,0,0,2737,79.0957,81.5868,14.3346
5.82332,4.44076,0,4.44076,16.34,124.577,1684,0,0,2738,79.1289,81.6191,14.3346
6.24656,419.741,419.694,0.047034,16.32,124.544,326687,3785,0,2738,77.5811,80.4839,14.3331
6.2499,0.277185,0,0.277185,16.3,124.512,490,0,0,2738,77.5811,80.4839,14.3331
6.27123,1.43309,0,1.43309,16.3,124.512,1390,0,0,2739,77.5999,80.5016,14.3331
6.27533,1.39835,0,1.39835,16.28,124.48,1656,0,0,2740,77.631,80.5318,14.3315
6.29428,0.134539,0,0.134539,16.28,124.48,100,0,0,2740,77.631,80.5318,14.33
6.29851,1.54555,0,1.54555,16.26,124.448,1473,0,0,2741,77.6571,80.5567,14.33
6.31823,0.649609,0,0.649609,16.26,124.448,504,0,0,2742,77.6528,80.5514,14.3285
6.3206,0.025331,0,0.025331,16.24,124.415,108,0,0,2742,77.6528,80.5514,14.327
6.34121,0.048971,0,0.048971,16.24,124.415,108,0,0,2742,77.6528,80.5514,14.327
6.34479,1.21164,0,1.21164,16.22,124.383,1492,0,0,2743,77.6839,80.5815,14.327
6.36458,0.581935,0,0.581935,16.22,124.383,592,0,0,2744,77.6753,80.5718,14.3254
6.36818,1.40729,0,1.40729,16.2,124.351,1426,2,0,2745,77.6947,80.5894,14.3239
6.38838,1.3736,0,1.3736,16.2,124.351,1160,0,0,2746,77.7047,80.5983,14.3224
6.39062,0.150354,0,0.150354,16.18,124.319,326,0,0,2746,77.7047,80.5983,14.3209
6.41177,0.683042,0,0.683042,16.18,124.319,690,0,0,2747,77.6975,80.5901,14.3209
6.4138,0.027535,0,0.027535,16.16,124.287,118,0,0,2747,77.6975,80.5901,14.3194
6.43461,0.237282,0,0.237282,16.16,124.287,118,0,0,2747,77.6975,80.5901,14.3194
6.43734,0.035839,0,0.035839,16.14,124.254,118,0,0,2747,77.6975,80.5901,14.3194
6.45756,0.021702,0,0.021702,16.14,124.254,118,0,0,2747,77.6975,80.5901,14.3194
6.46577,3.28471,0,3.28471,16.12,124.222,1918,0,0,2748,77.7347,80.6263,14.3194
6.48395,1.18448,0,1.18448,16.12,124.222,938,0,0,2749,77.7363,80.6268,14.3178
6.48764,1.65339,0,1.65339,16.1,124.19,1674,0,0,2750,77.7655,80.6549,14.3163
6.50868,2.09514,0,2.09514,16.1,124.19,1866,0,0,2751,77.8019,80.6903,14.3148
6.51157,0.883318,0,0.883318,16.08,124.158,1195,6,0,2752,77.8172,80.7039,14.3133
6.53129,0.085475,0,0.085475,16.08,124.158,124,0,0,2752,77.8172,80.7039,14.3118
6.99895,464.825,464.256,0.568812,16.06,124.125,369837,4263,0,2753,77.2245,80.235,14.3118
7.00148,0.057879,0,0.057879,16.04,124.093,124,0,0,2753,77.2245,80.235,14.3103
7.02153,0.011689,0,0.011689,16.04,124.093,124,0,0,2753,77.2245,80.235,14.3103
7.02406,0.020621,0,0.020621,16.02,124.061,133,0,0,2753,77.2245,80.235,14.3103
7.04675,2.5696,0,2.5696,16.02,124.061,2139,0,0,2754,77.2698,80.2792,14.3103
7.04968,0.85252,0,0.85252,16,124.029,1075,0,0,2755,77.2857,80.294,14.3088
7.07017,0.926182,0,0.926182,16,124.029,992,0,0,2756,77.2972,80.3044,14.3072
7.07281,0.566898,0,0.566898,15.98,123.997,825,0,0,2757,77.2978,80.304,14.3057
7.09297,0.110245,0,0.110245,15.98,123.997,137,0,0,2757,77.2978,80.304,14.3042
7.09733,1.66761,0,1.66761,15.96,123.964,1429,0,0,2758,77.3231,80.3281,14.3042
7.11736,1.40902,0,1.40902,15.96,123.964,989,0,0,2759,77.3345,80.3385,14.3027
7.12003,0.038222,0,0.038222,15.94,123.932,150,0,0,2759,77.3345,80.3385,14.3012
7.14197,1.41964,0,1.41964,15.94,123.932,861,0,0,2760,77.3486,80.3514,14.3012
7.4514,305.305,303.609,1.69551,15.92,123.9,273406,3703,0,2761,77.038,80.0246,14.2997
7.4542,0.552892,0,0.552892,15.9,123.868,774,2,0,2762,77.0579,80.0434,14.2982
7.47492,1.17846,0,1.17846,15.9,123.868,1182,0,0,2763,77.0789,80.0633,14.2967
7.47774,0.688973,0,0.688973,15.88,123.835,920,0,0,2764,77.089,80.0724,14.2952
7.49771,0.038718,0,0.038718,15.88,123.835,150,0,0,2764,77.089,80.0724,14.2937
7.5001,0.095943,0,0.095943,15.86,123.803,224,0,0,2764,77.089,80.0724,14.2937
7.52217,1.55822,0,1.55822,15.86,123.803,1280,0,0,2765,77.102,80.0843,14.2937
7.52418,0.040999,0,0.040999,15.84,123.771,150,0,0,2765,77.102,80.0843,14.2922
7.5445,0.115369,0,0.115369,15.84,123.771,150,0,0,2765,77.102,80.0843,14.2922
7.54826,1.11417,0,1.11417,15.82,123.739,1050,0,0,2765,77.102,80.0843,14.2922
7.56788,0.141277,0,0.141277,15.82,123.739,150,0,0,2765,77.102,80.0843,14.2922
7.57002,0.005804,0,0.005804,15.8,123.707,150,0,0,2765,77.102,80.0843,14.2922
7.59085,0.107674,0,0.107674,15.8,123.707,150,0,0,2765,77.102,80.0843,14.2922
7.59521,0.588402,0,0.588402,15.78,123.674,580,1,0,2766,77.1005,80.0817,14.2922
7.61748,2.55842,0,2.55842,15.78,123.674,1236,0,0,2767,77.125,80.1052,14.2906
7.62238,1.25706,0,1.25706,15.76,123.642,1157,0,0,2768,77.1358,80.1149,14.2891
7.64456,3.45209,0,3.45209,15.76,123.642,1571,0,0,2769,77.1712,80.1492,14.2876
7.65273,3.248,0,3.248,15.74,123.61,1609,2,0,2770,77.1975,80.1744,14.2861
7.67174,1.8867,0,1.8867,15.74,123.61,1053,0,0,2771,77.2176,80.1934,14.2846
7.67709,0.180048,0,0.180048,15.72,123.578,150,0,0,2771,77.2176,80.1934,14.2831
7.69841,1.23375,0,1.23375,15.72,123.578,962,26,0,2772,77.2262,80.2006,14.2831
7.70269,2.02734,0,2.02734,15.7,123.545,1202,0,0,2773,77.2402,80.2135,14.2816
7.72123,0.131871,0,0.131871,15.7,123.545,150,0,0,2773,77.2402,80.2135,14.2801
7.72429,0.95216,0,0.95216,15.68,123.513,1455,0,0,2774,77.2844,80.2567,14.2801
7.74685,2.90891,0,2.90891,15.68,123.513,1967,0,0,2775,77.3323,80.3034,14.2786
7.74945,0.437897,0,0.437897,15.66,123.481,627,0,0,2776,77.3238,80.2939,14.2771
7.77431,4.24256,0,4.24256,15.66,123.481,1671,2,0,2777,77.3705,80.3396,14.2756
7.77939,1.03301,0,1.03301,15.64,123.449,646,1,0,2778,77.3737,80.3416,14.2741
7.80047,1.6611,0,1.6611,15.64,123.449,1646,0,0,2779,77.4131,80.38,14.2726
7.80973,5.05796,0,5.05796,15.62,123.417,1683,2,0,2780,77.441,80.4068,14.2711
7.82537,0.022141,0,0.022141,15.62,123.417,150,0,0,2780,77.441,80.4068,14.2696
7.83514,4.89284,0,4.89284,15.6,123.384,2044,0,0,2781,77.4847,80.4495,14.2696
7.85161,0.88493,0,0.88493,15.6,123.384,541,0,0,2781,77.4847,80.4495,14.2682
7.85439,0.409834,0,0.409834,15.58,123.352,809,0,0,2782,77.4896,80.4533,14.2682
7.8747,0.142216,0,0.142216,15.58,123.352,150,0,0,2782,77.4896,80.4533,14.2667
7.8784,0.046932,0,0.046932,15.56,123.32,150,0,0,2782,77.4896,80.4533,14.2667
7.9019,2.4131,0,2.4131,15.56,123.32,1062,0,0,2783,77.4984,80.461,14.2667
7.90954,2.32283,0,2.32283,15.54,123.288,899,2,0,2784,77.5104,80.472,14.2652
7.92748,0.053764,0,0.053764,15.54,123.288,150,0,0,2784,77.5104,80.472,14.2637
7.9341,2.13741,0,2.13741,15.52,123.255,787,0,0,2785,77.5077,80.4682,14.2637
7.95382,1.61253,0,1.61253,15.52,123.255,1656,0,0,2786,77.5499,80.5093,14.2622
7.95646,0.721853,0,0.721853,15.5,123.223,1202,0,0,2787,77.5834,80.5418,14.2607
7.97761,1.57556,0,1.57556,15.5,123.223,1068,21,0,2788,77.6008,80.5574,14.2592
7.97977,0.057989,0,0.057989,15.48,123.191,140,0,0,2788,77.6008,80.5574,14.2577
8.00186,1.72685,0,1.72685,15.48,123.191,1764,6,0,2789,77.6318,80.588,14.2577
8.00413,0.059462,0,0.059462,15.46,123.159,140,0,0,2789,77.6318,80.588,14.2562
8.02491,0.141283,0,0.141283,15.46,123.159,140,0,0,2789,77.6318,80.588,14.2562
8.03399,4.10433,0,4.10433,15.44,123.127,1522,0,0,2790,77.6613,80.6165,14.2562
8.05096,0.237942,0,0.237942,15.44,123.127,140,0,0,2790,77.6613,80.6165,14.2547
8.05346,0.060407,0,0.060407,15.42,123.094,140,0,0,2790,77.6613,80.6165,14.2547
8.07521,1.48264,0,1.48264,15.42,123.094,1348,0,0,2791,77.6843,80.6385,14.2547
8.51604,438.725,438.646,0.078694,15.4,123.062,413345,4442,0,2791,77.2999,80.3895,14.2532
8.51855,0.065809,0,0.065809,15.38,123.03,130,0,0,2791,77.2999,80.3895,14.2532
8.53839,0.010593,0,0.010593,15.38,123.03,130,0,0,2791,77.2999,80.3895,14.2532
8.54061,0.074755,0,0.074755,15.36,122.998,130,0,0,2791,77.2999,80.3895,14.2532
8.56265,1.49351,0,1.49351,15.36,122.998,1331,0,0,2792,77.3155,80.404,14.2532
8.56462,0.056811,0,0.056811,15.34,122.965,130,0,0,2792,77.3155,80.404,14.2518
8.58518,0.010819,0,0.010819,15.34,122.965,130,0,0,2792,77.3155,80.404,14.2518
8.58745,0.033026,0,0.033026,15.32,122.933,130,0,0,2792,77.3155,80.404,14.2518
8.60985,1.89459,0,1.89459,15.32,122.933,1744,0,0,2793,77.3613,80.4486,14.2518
8.61303,0.741458,0,0.741458,15.3,122.901,925,2,0,2794,77.3726,80.4588,14.2503
8.63464,2.2221,0,2.2221,15.3,122.901,1698,0,0,2795,77.4225,80.5077,14.2488
8.63768,0.098737,0,0.098737,15.28,122.869,130,0,0,2795,77.4225,80.5077,14.2473
8.65905,0.956986,0,0.956986,15.28,122.869,1106,0,0,2796,77.4388,80.5229,14.2473
8.66123,0.060933,0,0.060933,15.26,122.836,130,0,0,2796,77.4388,80.5229,14.2458
8.68271,0.940511,0,0.940511,15.26,122.836,927,0,0,2797,77.4591,80.542,14.2458
8.68601,1.19356,0,1.19356,15.24,122.804,1093,0,0,2798,77.4678,80.5497,14.2443
8.70631,1.07865,0,1.07865,15.24,122.804,611,0,0,2799,77.4898,80.5706,14.2428
8.70981,0.793886,0,0.793886,15.22,122.772,881,0,0,2800,77.4893,80.5689,14.2414
8.7309,1.79091,0,1.79091,15.22,122.772,953,0,0,2801,77.4913,80.5698,14.2399
8.83339,98.1472,97.1556,0.991636,15.2,122.74,95699,831,0,2802,77.4475,80.5418,14.2384
8.83574,0.050099,0,0.050099,15.18,121.395,86,0,0,2802,77.4475,80.5418,14.2369
8.85752,1.45303,0,1.45303,15.18,121.395,1106,0,0,2803,77.4616,80.5548,14.2369
8.86008,0.406893,0,0.406893,15.16,121.017,719,0,0,2804,77.4593,80.5514,14.2354
8.88019,0.011508,0,0.011508,15.16,121.017,96,0,0,2804,77.4593,80.5514,14.234
8.88427,1.71589,0,1.71589,15.14,120.64,1722,4,0,2805,77.4891,80.58,14.234
8.90434,1.53071,0,1.53071,15.14,120.64,1316,4,0,2806,77.5175,80.6073,14.2325
8.90766,0.608765,0,0.608765,15.12,120.262,925,0,0,2807,77.5401,80.6288,14.231
8.92705,0.06774,0,0.06774,15.12,120.262,116,0,0,2807,77.5401,80.6288,14.2295
8.93142,1.78447,0,1.78447,15.1,119.884,1325,0,0,2808,77.5602,80.6478,14.2295
8.95121,0.902448,0,0.902448,15.1,119.884,832,0,0,2809,77.5749,80.6614,14.228
8.95523,0.666107,0,0.666107,15.08,119.507,648,0,0,2810,77.5744,80.6598,14.2266
8.97559,0.05748,0,0.05748,15.08,119.507,122,0,0,2810,77.5744,80.6598,14.2251
8.98008,0.718102,0,0.718102,15.06,119.129,972,1,0,2811,77.5859,80.6702,14.2251
8.99969,0.091754,0,0.091754,15.06,119.129,122,0,0,2811,77.5859,80.6702,14.2236
9.00201,0.040136,0,0.040136,15.04,118.752,122,0,0,2811,77.5859,80.6702,14.2236
9.02545,2.38711,0,2.38711,15.04,118.752,964,0,0,2812,77.5982,80.6814,14.2236
9.03072,0.963354,0,0.963354,15.02,118.374,1185,0,0,2813,77.6171,80.6993,14.2221
9.05035,0.103812,0,0.103812,15.02,118.374,128,0,0,2813,77.6171,80.6993,14.2207
9.05596,2.95404,0,2.95404,15,117.997,1470,0,0,2814,77.6528,80.7338,14.2207
9.07614,2.28917,0,2.28917,15,117.997,1001,0,0,2815,77.6742,80.7542,14.2192
9.35621,274.665,273.879,0.786542,14.98,117.619,274670,4586,0,2816,77.4261,80.5394,14.2177
9.35985,1.15152,0,1.15152,14.96,117.241,1190,12,0,2817,77.4505,80.5627,14.2163
9.37899,0.056912,0,0.056912,14.96,117.241,60,0,0,2817,77.4505,80.5627,14.2148
9.38212,0.882846,0,0.882846,14.94,116.864,1194,0,0,2818,77.4727,80.5837,14.2148
9.40204,0.418093,0,0.418093,14.94,116.864,464,0,0,2819,77.4714,80.5814,14.2133
9.40481,0.603479,0,0.603479,14.92,116.486,953,0,0,2820,77.477,80.5858,14.2118
9.4246,0.107957,0,0.107957,14.92,116.486,72,0,0,2820,77.477,80.5858,14.2104
9.42769,0.481138,0,0.481138,14.9,116.109,911,2,0,2821,77.4871,80.5948,14.2104
9.44794,0.098297,0,0.098297,14.9,116.109,72,0,0,2821,77.4871,80.5948,14.2089
9.45123,1.06791,0,1.06791,14.88,115.731,1257,0,0,2822,77.5255,80.6322,14.2089
9.4716,0.807572,0,0.807572,14.88,115.731,623,0,0,2823,77.5306,80.6362,14.2074
9.47504,0.656339,0,0.656339,14.86,115.353,907,0,0,2824,77.5506,80.6551,14.206
9.49598,1.33076,0,1.33076,14.86,115.353,1220,6,0,2825,77.577,80.68,14.2045
9.49982,0.046535,0,0.046535,14.84,114.976,72,0,0,2825,77.577,80.68,14.203
9.52002,0.441583,0,0.441583,14.84,114.976,588,1,0,2826,77.5757,80.6776,14.203
9.52266,0.533111,0,0.533111,14.82,114.598,761,2,0,2827,77.5893,80.6901,14.2016
9.54381,1.04737,0,1.04737,14.82,114.598,1217,0,0,2828,77.6128,80.7125,14.2001
9.54639,0.473556,0,0.473556,14.8,114.221,865,2,0,2829,77.6221,80.7207,14.1987
9.56837,2.01204,0,2.01204,14.8,114.221,1186,0,0,2830,77.6445,80.742,14.1972
9.57295,0.863892,0,0.863892,14.78,113.843,770,0,0,2831,77.6521,80.7485,14.1957
9.59322,0.977872,0,0.977872,14.78,113.843,542,0,0,2831,77.6521,80.7485,14.1943
9.59829,0.113496,0,0.113496,14.76,113.465,90,0,0,2831,77.6521,80.7485,14.1943
9.61906,1.25135,0,1.25135,14.76,113.465,1190,0,0,2832,77.6773,80.7726,14.1943
9.622,0.845516,0,0.845516,14.74,113.088,1388,0,0,2833,77.7088,80.803,14.1928
9.64672,4.37976,0,4.37976,14.74,113.088,1807,0,0,2834,77.7512,80.8444,14.1913
9.65113,0.836662,0,0.836662,14.72,112.71,774,12,0,2835,77.7619,80.854,14.1899
9.6718,0.737963,0,0.737963,14.72,112.71,779,0,0,2835,77.7619,80.854,14.1884
9.67461,0.561071,0,0.561071,14.7,112.333,748,0,0,2836,77.7595,80.8505,14.1884
9.6956,1.37124,0,1.37124,14.7,112.333,998,4,0,2837,77.78,80.8699,14.187
9.70074,1.50636,0,1.50636,14.68,111.955,1406,0,0,2838,77.8006,80.8894,14.1855
9.71986,0.662068,0,0.662068,14.68,111.955,779,0,0,2839,77.8031,80.8908,14.1841
9.72794,3.25601,0,3.25601,14.66,111.578,1438,20,0,2840,77.8539,80.9394,14.1826
9.74573,0.233853,0,0.233853,14.66,111.578,136,0,0,2840,77.8539,80.9394,14.1811
9.75126,1.42023,0,1.42023,14.64,111.2,1491,0,0,2841,77.8997,80.9842,14.1811
9.77075,0.294898,0,0.294898,14.64,111.2,492,5,0,2842,77.8846,80.968,14.1797
9.77401,1.09233,0,1.09233,14.62,110.822,1565,0,0,2843,77.9159,80.9982,14.1782
9.79686,3.45122,0,3.45122,14.62,110.822,1688,0,0,2844,77.943,81.0243,14.1768
9.80181,1.15335,0,1.15335,14.6,110.445,621,4,0,2845,77.9395,81.02,14.1753
9.82182,1.45817,0,1.45817,14.6,110.445,702,0,0,2846,77.9568,81.0362,14.1739
9.82697,0.150901,0,0.150901,14.58,109.963,154,0,0,2846,77.9568,81.0362,14.1724
9.8481,0.177919,0,0.177919,14.58,109.963,164,0,0,2846,77.9568,81.0362,14.1724
9.85083,0.00731,0,0.00731,14.56,109.902,164,0,0,2846,77.9568,81.0362,14.1724
9.87537,3.86979,0,3.86979,14.56,109.902,1472,4,0,2847,77.9916,81.0699,14.1724
9.8815,0.19811,0,0.19811,14.54,109.841,164,0,0,2847,77.9916,81.0699,14.171
9.90261,1.08642,0,1.08642,14.54,109.841,1438,0,0,2848,78.0137,81.0909,14.171
9.90523,0.157797,0,0.157797,14.52,109.78,164,0,0,2848,78.0137,81.0909,14.1695
9.92506,0.092393,0,0.092393,14.52,109.78,164,0,0,2848,78.0137,81.0909,14.1695
9.92771,0.059543,0,0.059543,14.5,109.718,174,0,0,2848,78.0137,81.0909,14.1695
9.94828,0.160411,0,0.160411,14.5,109.718,174,0,0,2848,78.0137,81.0909,14.1695
10.107,153.428,153.208,0.220505,14.48,109.657,151347,1462,0,2848,77.902,81.0123,14.1695
10.1098,0.025082,0,0.025082,14.46,109.596,104,0,0,2848,77.902,81.0123,14.1695
10.1302,0.053945,0,0.053945,14.46,109.596,104,0,0,2848,77.902,81.0123,14.1695
10.1332,0.797189,0,0.797189,14.44,109.535,886,4,0,2849,77.9105,81.0193,14.1695
10.1538,1.04099,0,1.04099,14.44,109.535,831,0,0,2850,77.9112,81.0189,14.1681
10.1565,0.728052,0,0.728052,14.42,109.474,1176,0,0,2851,77.9232,81.0298,14.1666
10.1773,1.10963,0,1.10963,14.42,109.474,1222,0,0,2852,77.9376,81.0431,14.1652
10.1816,2.03358,0,2.03358,14.4,109.412,1718,0,0,2853,77.9898,81.0943,14.1637
10.2003,0.141776,0,0.141776,14.4,109.412,104,0,0,2853,77.9898,81.0943,14.1623
10.2031,0.090141,0,0.090141,14.38,109.351,94,0,0,2853,77.9898,81.0943,14.1623
10.2238,0.560996,0,0.560996,14.38,109.351,532,0,0,2854,77.9807,81.0841,14.1623
10.2275,0.880803,0,0.880803,14.36,109.29,622,0,0,2855,77.9734,81.0757,14.1608
10.2468,0.171571,0,0.171571,14.36,109.29,100,0,0,2855,77.9734,81.0757,14.1594
10.249,0.036854,0,0.036854,14.34,109.229,104,0,0,2855,77.9734,81.0757,14.1594
10.2711,1.08588,0,1.08588,14.34,109.229,810,0,0,2856,77.9797,81.0809,14.1594
10.2755,0.920935,0,0.920935,14.32,109.168,803,0,0,2857,77.9951,81.0952,14.1579
10.2953,0.106317,0,0.106317,14.32,109.168,108,0,0,2857,77.9951,81.0952,14.1565
10.2993,0.083681,0,0.083681,14.3,109.106,108,0,0,2857,77.9951,81.0952,14.1565
10.322,2.76783,0,2.76783,14.3,109.106,1394,0,0,2858,78.0472,81.1463,14.1565
10.3308,2.92173,0,2.92173,14.28,109.045,1510,0,0,2859,78.0787,81.1766,14.1551
10.3491,1.60129,0,1.60129,14.28,109.045,1373,0,0,2860,78.1126,81.2094,14.1536
10.3552,0.215628,0,0.215628,14.26,108.984,112,0,0,2860,78.1126,81.2094,14.1522
10.3751,0.011167,0,0.011167,14.26,108.984,112,0,0,2860,78.1126,81.2094,14.1522
10.3781,0.076181,0,0.076181,14.24,108.923,122,0,0,2860,78.1126,81.2094,14.1522
10.4026,3.26483,0,3.26483,14.24,108.923,1549,0,0,2861,78.151,81.2468,14.1522
10.4079,0.024741,0,0.024741,14.22,108.862,122,0,0,2861,78.151,81.2468,14.1507
10.4289,0.12195,0,0.12195,14.22,108.862,122,0,0,2861,78.151,81.2468,14.1507
10.4345,0.0969,0,0.0969,14.2,108.801,126,0,0,2861,78.151,81.2468,14.1507
10.4577,2.92925,0,2.92925,14.2,108.801,976,0,0,2862,78.1782,81.2729,14.1507
10.4653,0.704243,0,0.704243,14.18,108.739,466,0,0,2863,78.1624,81.256,14.1493
10.4838,0.011581,0,0.011581,14.18,108.739,136,0,0,2863,78.1624,81.256,14.1479
10.4897,0.173756,0,0.173756,14.16,108.678,136,0,0,2863,78.1624,81.256,14.1479
10.5088,0.076446,0,0.076446,14.16,108.678,136,0,0,2863,78.1624,81.256,14.1479
10.5119,0.638563,0,0.638563,14.14,108.617,824,0,0,2864,78.161,81.2535,14.1479
10.5364,3.61607,0,3.61607,14.14,108.617,1591,0,0,2865,78.1965,81.288,14.1464
10.5413,1.14484,0,1.14484,14.12,108.556,962,0,0,2866,78.2017,81.292,14.145
10.5632,2.9688,0,2.9688,14.12,108.556,1306,0,0,2867,78.2246,81.3139,14.1435
10.5684,1.1324,0,1.1324,14.1,108.495,1396,2,0,2868,78.2538,81.3424,14.1421
10.5874,0.087,0,0.087,14.1,108.495,140,0,0,2868,78.2538,81.3424,14.1407
10.5939,0.115912,0,0.115912,14.08,108.433,140,0,0,2868,78.2538,81.3424,14.1407
10.6135,0.696834,0,0.696834,14.08,108.433,905,0,0,2869,78.26,81.3475,14.1407
10.617,1.05374,0,1.05374,14.06,108.372,1328,0,0,2870,78.285,81.3714,14.1392
10.6375,1.04533,0,1.04533,14.06,108.372,1316,0,0,2871,78.303,81.3884,14.1378
10.6407,0.912575,0,0.912575,14.04,108.311,786,8,0,2872,78.3127,81.3973,14.1363
10.6618,0.921857,0,0.921857,14.04,108.311,550,7,0,2873,78.3014,81.385,14.1349
10.666,0.071454,0,0.071454,14.02,108.25,130,0,0,2873,78.3014,81.385,14.1335
10.6914,5.40056,0,5.40056,14.02,108.25,1459,0,0,2874,78.3406,81.4231,14.1335
10.6995,2.79491,0,2.79491,14,108.189,946,0,0,2875,78.3478,81.4292,14.132
10.7159,0.083832,0,0.083832,14,108.189,130,0,0,2875,78.3478,81.4292,14.1306
10.7221,1.78074,0,1.78074,13.98,108.127,1197,0,0,2876,78.3703,81.4506,14.1306
10.74,0.06552,0,0.06552,13.98,108.127,130,0,0,2876,78.3703,81.4506,14.1292
10.7425,0.007249,0,0.007249,13.96,108.066,130,0,0,2876,78.3703,81.4506,14.1292
10.7636,0.117259,0,0.117259,13.96,108.066,130,0,0,2876,78.3703,81.4506,14.1292
10.7676,0.819891,0,0.819891,13.94,108.005,766,0,0,2877,78.3757,81.455,14.1292
10.7878,0.710547,0,0.710547,13.94,108.005,855,0,0,2878,78.3822,81.4604,14.1277
10.7933,2.11919,0,2.11919,13.92,107.944,1356,0,0,2879,78.413,81.4901,14.1263
10.8113,0.030622,0,0.030622,13.92,107.944,130,0,0,2879,78.413,81.4901,14.1249
10.8133,0.054498,0,0.054498,13.9,107.883,137,0,0,2879,78.413,81.4901,14.1249
10.8347,0.754528,0,0.754528,13.9,107.883,1007,0,0,2880,78.4243,81.5003,14.1249
10.838,1.04216,0,1.04216,13.88,107.822,1378,0,0,2881,78.4512,81.5262,14.1235
10.8596,1.88966,0,1.88966,13.88,107.822,830,0,0,2882,78.4594,81.5333,14.122
10.8643,0.296156,0,0.296156,13.86,107.76,390,0,0,2882,78.4594,81.5333,14.1206
10.8883,3.99158,0,3.99158,13.86,107.76,2096,0,0,2883,78.5026,81.5754,14.1206
10.8946,3.02697,0,3.02697,13.84,107.699,1156,0,0,2884,78.5212,81.5929,14.1192
10.9113,0.169651,0,0.169651,13.84,107.699,127,0,0,2884,78.5212,81.5929,14.1177
10.9181,2.06018,0,2.06018,13.82,107.638,1546,8,0,2885,78.5619,81.6343,14.1177
10.938,1.48896,0,1.48896,13.82,107.638,941,4,0,2886,78.5641,81.6355,14.1163
10.9433,0.118935,0,0.118935,13.8,107.577,127,0,0,2886,78.5641,81.6355,14.1149
10.9639,0.030362,0,0.030362,13.8,107.577,127,0,0,2886,78.5641,81.6355,14.1149
10.966,0.029484,0,0.029484,13.78,107.516,127,0,0,2886,78.5641,81.6355,14.1149
10.9875,0.045385,0,0.045385,13.78,107.516,127,0,0,2886,78.5641,81.6355,14.1149
10.993,0.019249,0,0.019249,13.76,107.454,127,0,0,2886,78.5641,81.6355,14.1149
11.013,0.124662,0,0.124662,13.76,107.454,127,0,0,2886,78.5641,81.6355,14.1149
11.0159,0.360189,0,0.360189,13.74,107.393,556,0,0,2887,78.566,81.6363,14.1149
11.0402,3.56711,0,3.56711,13.74,107.393,1217,0,0,2888,78.5762,81.6454,14.1135
11.0447,0.224479,0,0.224479,13.72,107.332,137,0,0,2888,78.5762,81.6454,14.112
11.0657,1.09356,0,1.09356,13.72,107.332,1126,0,0,2889,78.5891,81.6573,14.112
11.0741,2.51372,0,2.51372,13.7,107.271,800,0,0,2890,78.59,81.6571,14.1106
11.0919,0.068683,0,0.068683,13.7,107.271,137,0,0,2890,78.59,81.6571,14.1092
11.0949,0.62003,0,0.62003,13.68,107.21,943,2,0,2891,78.5925,81.6586,14.1092
11.1146,0.011969,0,0.011969,13.68,107.21,137,0,0,2891,78.5925,81.6586,14.1078
11.118,0.862159,0,0.862159,13.66,107.148,1208,0,0,2892,78.6127,81.6777,14.1078
11.1391,1.72535,0,1.72535,13.66,107.148,976,2,0,2893,78.6236,81.6875,14.1064
11.1418,0.052017,0,0.052017,13.64,107.087,137,0,0,2893,78.6236,81.6875,14.1049
11.1665,3.92546,0,3.92546,13.64,107.087,1266,45,0,2894,78.6434,81.7063,14.1049
11.175,3.41769,0,3.41769,13.62,107.026,1810,0,0,2895,78.677,81.7389,14.1035
11.1981,5.60847,0,5.60847,13.62,107.026,2155,0,0,2896,78.7213,81.7821,14.1021
11.2035,0.144406,0,0.144406,13.6,106.965,137,0,0,2896,78.7213,81.7821,14.1007
11.2267,2.87833,0,2.87833,13.6,106.965,1306,6,0,2897,78.7377,81.7977,14.1007
11.2348,3.01533,0,3.01533,13.58,106.904,1311,0,0,2898,78.7785,81.8375,14.0992
11.2521,0.04502,0,0.04502,13.58,106.904,137,0,0,2898,78.7785,81.8375,14.0978
11.2554,1.21912,0,1.21912,13.56,106.843,1238,0,0,2899,78.793,81.851,14.0978
11.276,1.48001,0,1.48001,13.56,106.843,1354,0,0,2900,78.8117,81.8686,14.0964
11.2789,0.599992,0,0.599992,13.54,106.781,1143,0,0,2901,78.8276,81.8835,14.095
11.2996,0.119749,0,0.119749,13.54,106.781,137,0,0,2901,78.8276,81.8835,14.0936
11.3037,0.040514,0,0.040514,13.52,106.72,137,0,0,2901,78.8276,81.8835,14.0936
11.3263,1.5659,0,1.5659,13.52,106.72,875,2,0,2902,78.8374,81.8925,14.0936
11.3322,0.313657,0,0.313657,13.5,106.659,263,0,0,2902,78.8374,81.8925,14.0922
11.3523,0.119981,0,0.119981,13.5,106.659,137,0,0,2902,78.8374,81.8925,14.0922
11.3576,0.089884,0,0.089884,13.48,106.598,127,0,0,2902,78.8374,81.8925,14.0922
11.3778,0.431527,0,0.431527,13.48,106.598,642,0,0,2903,78.8309,81.8849,14.0922
11.3805,0.054965,0,0.054965,13.46,106.537,127,0,0,2903,78.8309,81.8849,14.0907
11.4013,0.725878,0,0.725878,13.46,106.537,916,0,0,2904,78.8509,81.9039,14.0907
11.4038,0.045586,0,0.045586,13.44,106.475,127,0,0,2904,78.8509,81.9039,14.0893
11.4254,0.288655,0,0.288655,13.44,106.475,127,0,0,2904,78.8509,81.9039,14.0893
11.4311,0.08609,0,0.08609,13.42,106.414,127,0,0,2904,78.8509,81.9039,14.0893
11.4551,4.08218,0,4.08218,13.42,106.414,1409,0,0,2905,78.8685,81.9205,14.0893
11.46,0.567975,0,0.567975,13.4,106.353,869,0,0,2906,78.8672,81.9181,14.0879
11.481,0.935744,0,0.935744,13.4,106.353,1249,0,0,2907,78.8875,81.9374,14.0865
11.4865,0.227854,0,0.227854,13.38,106.292,147,0,0,2907,78.8875,81.9374,14.0851
11.5063,0.059306,0,0.059306,13.38,106.292,147,0,0,2907,78.8875,81.9374,14.0851
11.5092,0.150693,0,0.150693,13.36,106.231,150,0,0,2907,78.8875,81.9374,14.0851
11.5305,0.847153,0,0.847153,13.36,106.231,891,0,0,2908,78.8862,81.935,14.0851
11.5333,0.108877,0,0.108877,13.34,106.169,150,0,0,2908,78.8862,81.935,14.0837
11.5596,5.55785,0,5.55785,13.34,106.169,2000,6,0,2909,78.9189,81.9684,14.0837
11.564,0.86694,0,0.86694,13.32,106.108,1040,2,0,2910,78.9467,81.9955,14.0823
11.5836,0.137273,0,0.137273,13.32,106.108,150,0,0,2910,78.9467,81.9955,14.0809
11.5871,0.060863,0,0.060863,13.3,106.047,150,0,0,2910,78.9467,81.9955,14.0809
11.6093,2.12285,0,2.12285,13.3,106.047,1571,0,0,2911,78.9842,82.0319,14.0809
11.618,3.5243,0,3.5243,13.28,105.986,1573,6,0,2912,79.0223,82.0694,14.0794
11.6368,3.05993,0,3.05993,13.28,105.986,1313,0,0,2913,79.0594,82.1054,14.078
11.6417,0.175716,0,0.175716,13.26,105.925,150,0,0,2913,79.0594,82.1054,14.0766
11.6619,0.013208,0,0.013208,13.26,105.925,150,0,0,2913,79.0594,82.1054,14.0766
11.6643,0.057792,0,0.057792,13.24,105.864,150,0,0,2913,79.0594,82.1054,14.0766
11.6851,0.139302,0,0.139302,13.24,105.864,150,0,0,2913,79.0594,82.1054,14.0766
11.6872,0.006203,0,0.006203,13.22,105.802,150,0,0,2913,79.0594,82.1054,14.0766
11.7105,3.06581,0,3.06581,13.22,105.802,1373,0,0,2914,79.0772,82.1222,14.0766
11.7184,2.6519,0,2.6519,13.2,105.741,1948,64,0,2915,79.1122,82.1592,14.0752
11.7372,1.50325,0,1.50325,13.2,105.741,1197,7,0,2916,79.1355,82.1818,14.0738
11.7433,0.045264,0,0.045264,13.18,105.68,150,0,0,2916,79.1355,82.1818,14.0724
11.764,1.41407,0,1.41407,13.18,105.68,1276,16,0,2917,79.1601,82.205,14.0724
11.7671,0.963261,0,0.963261,13.16,105.619,1364,23,0,2918,79.1868,82.2327,14.071
11.787,0.130112,0,0.130112,13.16,105.619,150,0,0,2918,79.1868,82.2327,14.0696
11.7892,0.031219,0,0.031219,13.14,105.558,150,0,0,2918,79.1868,82.2327,14.0696
11.81,0.121279,0,0.121279,13.14,105.558,150,0,0,2918,79.1868,82.2327,14.0696
11.8133,1.1213,0,1.1213,13.12,105.496,1043,2,0,2919,79.1922,82.2371,14.0696
11.8327,0.189394,0,0.189394,13.12,105.496,160,0,0,2919,79.1922,82.2371,14.0682
11.8396,1.84547,0,1.84547,13.1,105.435,780,10,0,2920,79.1918,82.2353,14.0682
11.8584,0.297927,0,0.297927,13.1,105.435,552,5,0,2921,79.1787,82.2212,14.0668
11.8629,0.513581,0,0.513581,13.08,105.374,815,0,0,2922,79.1828,82.2242,14.0654
11.8831,0.078277,0,0.078277,13.08,105.374,160,0,0,2922,79.1828,82.2242,14.064
11.886,0.570423,0,0.570423,13.06,105.313,1072,0,0,2923,79.196,82.2364,14.064
11.9061,0.157604,0,0.157604,13.06,105.313,160,0,0,2923,79.196,82.2364,14.0626
11.9092,0.174201,0,0.174201,13.04,105.252,304,0,0,2923,79.196,82.2364,14.0626
11.9323,2.87884,0,2.87884,13.04,105.252,1555,0,0,2924,79.2189,82.2582,14.0626
11.9408,3.08353,0,3.08353,13.02,105.549,1147,0,0,2925,79.2352,82.2735,14.0612
11.9605,2.35354,0,2.35354,13.02,105.549,882,0,0,2926,79.2522,82.2895,14.0598
11.966,0.158173,0,0.158173,13,105.231,150,0,0,2926,79.2522,82.2895,14.0584
11.9862,0.091006,0,0.091006,13,105.231,150,0,0,2926,79.2522,82.2895,14.0584
11.9893,0.186274,0,0.186274,12.98,104.912,150,0,0,2926,79.2522,82.2895,14.0584
12.0103,0.957812,0,0.957812,12.98,104.912,1034,0,0,2927,79.2764,82.3126,14.0584
12.0137,1.09404,0,1.09404,12.96,104.593,1310,0,0,2928,79.3159,82.3511,14.057
12.0356,2.47813,0,2.47813,12.96,104.593,1120,0,0,2929,79.3479,82.382,14.0556
12.0416,1.53572,0,1.53572,12.94,104.274,814,0,0,2930,79.3608,82.3939,14.0542
12.0648,5.18729,0,5.18729,12.94,104.274,1280,137,0,2931,79.3705,82.4019,14.0528
12.0695,0.866431,0,0.866431,12.92,103.956,875,0,0,2932,79.3687,82.399,14.0514
12.0891,0.013778,0,0.013778,12.92,103.956,170,0,0,2932,79.3687,82.399,14.05
12.0969,2.36188,0,2.36188,12.9,103.637,1328,0,0,2933,79.3812,82.4105,14.05
12.1161,1.32794,0,1.32794,12.9,103.637,1242,10,0,2934,79.4022,82.4301,14.0486
12.1243,2.88305,0,2.88305,12.88,103.318,1548,2,0,2935,79.433,82.46,14.0472
12.144,2.18255,0,2.18255,12.88,103.318,1382,0,0,2936,79.4591,82.485,14.0458
12.147,0.043739,0,0.043739,12.86,103,200,0,0,2936,79.4591,82.485,14.0444
12.1674,0.060087,0,0.060087,12.86,103,200,0,0,2936,79.4591,82.485,14.0444
12.17,0.097703,0,0.097703,12.84,102.681,200,0,0,2936,79.4591,82.485,14.0444
12.1912,0.175813,0,0.175813,12.84,102.681,200,0,0,2936,79.4591,82.485,14.0444
12.1972,1.13906,0,1.13906,12.82,102.362,1228,0,0,2937,79.4692,82.494,14.0444
12.2167,0.023987,0,0.023987,12.82,102.362,220,0,0,2937,79.4692,82.494,14.043
12.2233,0.214252,0,0.214252,12.8,102.044,220,0,0,2937,79.4692,82.494,14.043
12.2436,0.591606,0,0.591606,12.8,102.044,935,0,0,2938,79.468,82.4918,14.043
12.2458,0.222904,0,0.222904,12.78,101.725,698,0,0,2939,79.4604,82.4832,14.0416
12.2676,1.56987,0,1.56987,12.78,101.725,1281,0,0,2940,79.4793,82.501,14.0402
12.272,1.79136,0,1.79136,12.76,101.406,1241,0,0,2941,79.4998,82.5206,14.0388
12.2924,1.39191,0,1.39191,12.76,101.406,1512,0,0,2942,79.5384,82.5581,14.0374
12.2952,0.101314,0,0.101314,12.74,101.087,230,0,0,2942,79.5384,82.5581,14.036
12.318,1.90841,0,1.90841,12.74,101.087,892,0,0,2943,79.5447,82.5634,14.036
12.3257,1.97518,0,1.97518,12.72,100.769,1060,1,0,2944,79.5577,82.5754,14.0346
12.3452,1.09887,0,1.09887,12.72,100.769,1029,0,0,2945,79.5633,82.58,14.0332
12.3545,5.26363,0,5.26363,12.7,100.45,2100,0,0,2946,79.6025,82.6181,14.0319
12.3734,3.99664,0,3.99664,12.7,100.45,1637,0,0,2947,79.6288,82.6434,14.0305
12.3775,0.05387,0,0.05387,12.68,100.131,240,0,0,2947,79.6288,82.6434,14.0291
12.3974,0.322289,0,0.322289,12.68,100.131,562,0,0,2948,79.6133,82.6269,14.0291
12.9085,508.359,506.415,1.94397,12.66,99.8127,487042,4789,0,2949,78.7443,81.9322,14.0277
12.9118,0.712436,0,0.712436,12.64,99.494,1290,0,0,2950,78.7837,81.9705,14.0263
12.9332,1.71097,0,1.71097,12.64,99.494,1568,0,0,2951,78.8133,81.999,14.0249
12.9353,0.00587,0,0.00587,12.62,99.1753,93,0,0,2951,78.8133,81.999,14.0235
12.956,0.513732,0,0.513732,12.62,99.1753,898,0,0,2952,78.8215,82.0061,14.0235
12.9591,0.773969,0,0.773969,12.6,98.8566,1358,0,0,2953,78.8476,82.0312,14.0221
12.9792,0.16637,0,0.16637,12.6,98.8566,93,0,0,2953,78.8476,82.0312,14.0208
12.9817,0.00633,0,0.00633,12.58,98.5379,93,0,0,2953,78.8476,82.0312,14.0208
13.0025,0.172553,0,0.172553,12.58,98.5379,93,0,0,2953,78.8476,82.0312,14.0208
13.0047,0.005504,0,0.005504,12.56,98.2192,103,0,0,2953,78.8476,82.0312,14.0208
13.0252,0.175684,0,0.175684,12.56,98.2192,103,0,0,2953,78.8476,82.0312,14.0208
13.0284,0.568707,0,0.568707,12.54,97.9005,823,1,0,2954,78.8578,82.0403,14.0208
13.0486,0.068525,0,0.068525,12.54,97.9005,103,0,0,2954,78.8578,82.0403,14.0194
13.0531,1.5183,0,1.5183,12.52,97.5818,1063,0,0,2955,78.8636,82.045,14.0194
13.0722,0.123205,0,0.123205,12.52,97.5818,103,0,0,2955,78.8636,82.045,14.018
13.0752,0.056603,0,0.056603,12.5,97.2631,103,0,0,2955,78.8636,82.045,14.018
13.0969,1.56483,0,1.56483,12.5,97.2631,1259,0,0,2956,78.8772,82.0575,14.018
13.1,0.584708,0,0.584708,12.48,96.9444,1255,0,0,2957,78.9141,82.0933,14.0166
13.1199,0.130137,0,0.130137,12.48,96.9444,113,0,0,2957,78.9141,82.0933,14.0152
13.126,0.797663,0,0.797663,12.46,96.6257,663,0,0,2958,78.9361,82.1143,14.0152
13.1461,0.124539,0,0.124539,12.46,96.6257,123,0,0,2958,78.9361,82.1143,14.0138
13.1521,0.433999,0,0.433999,12.44,96.307,435,0,0,2959,78.924,82.101,14.0138
13.1746,2.0338,0,2.0338,12.44,96.307,1237,0,0,2960,78.9456,82.1216,14.0125
13.178,0.629385,0,0.629385,12.42,95.9883,1213,1,0,2961,78.9588,82.1337,14.0111
13.1992,1.11735,0,1.11735,12.42,95.9883,1088,0,0,2962,78.9818,82.1556,14.0097
13.2015,0.064557,0,0.064557,12.4,95.6696,143,0,0,2962,78.9818,82.1556,14.0083
13.2221,0.258255,0,0.258255,12.4,95.6696,328,0,0,2962,78.9818,82.1556,14.0083
13.2263,1.14463,0,1.14463,12.38,95.3509,983,0,0,2963,78.9875,82.1603,14.0083
13.2467,1.34462,0,1.34462,12.38,95.3509,1139,0,0,2964,78.9956,82.1673,14.0069
13.2512,0.108843,0,0.108843,12.36,95.0322,153,0,0,2964,78.9956,82.1673,14.0056
13.2746,2.62725,0,2.62725,12.36,95.0322,1273,0,0,2965,79.0189,82.1895,14.0056
13.2829,2.66216,0,2.66216,12.34,94.7135,1236,0,0,2966,79.0293,82.1989,14.0042
13.3011,0.599033,0,0.599033,12.34,94.7135,880,0,0,2967,79.0276,82.1962,14.0028
13.3039,0.548392,0,0.548392,12.32,94.3948,795,0,0,2968,79.0448,82.2123,14.0014
13.3239,0.094239,0,0.094239,12.32,94.3948,153,0,0,2968,79.0448,82.2123,14.0001
13.3283,1.39463,0,1.39463,12.3,94.0887,871,0,0,2969,79.0529,82.2193,14.0001
13.3482,1.28234,0,1.28234,12.3,94.0887,954,0,0,2970,79.0606,82.2259,13.9987
13.3527,0.708697,0,0.708697,12.28,93.8597,1162,0,0,2971,79.0804,82.2447,13.9973
13.3751,1.86467,0,1.86467,12.28,93.8597,813,0,0,2972,79.0895,82.2527,13.9959
13.3811,1.10006,0,1.10006,12.26,93.6308,1111,0,0,2973,79.1012,82.2634,13.9946
13.4011,0.111887,0,0.111887,12.26,93.6308,153,0,0,2973,79.1012,82.2634,13.9932
13.4077,0.909333,0,0.909333,12.24,93.4018,837,0,0,2974,79.1029,82.264,13.9932
13.4271,0.048137,0,0.048137,12.24,93.4018,153,0,0,2974,79.1029,82.264,13.9918
13.4294,0.040371,0,0.040371,12.22,93.1729,153,0,0,2974,79.1029,82.264,13.9918
13.4508,1.04239,0,1.04239,12.22,93.1729,1368,0,0,2975,79.1301,82.2901,13.9918
13.4536,0.544922,0,0.544922,12.2,92.944,1149,3,0,2976,79.1472,82.3061,13.9904
13.4751,1.24425,0,1.24425,12.2,92.944,1134,0,0,2977,79.1683,82.3262,13.9891
13.4787,1.33007,0,1.33007,12.18,92.715,1328,0,0,2978,79.185,82.3418,13.9877
13.4991,0.639664,0,0.639664,12.18,92.715,613,0,0,2979,79.1735,82.3293,13.9863
13.5045,0.187831,0,0.187831,12.16,92.4861,163,0,0,2979,79.1735,82.3293,13.985
13.5247,0.175515,0,0.175515,12.16,92.4861,163,0,0,2979,79.1735,82.3293,13.985
14.0473,518.824,518.216,0.607895,12.14,92.2572,542166,4539,0,2980,78.8678,82.0849,13.985
14.0506,0.616307,0,0.616307,12.12,95.5067,1259,1,0,2981,78.892,82.108,13.9836
14.0721,1.78422,0,1.78422,12.12,95.5067,1656,0,0,2982,78.9192,82.1341,13.9822
14.0744,0.039532,0,0.039532,12.1,95.2778,70,0,0,2982,78.9192,82.1341,13.9809
14.0953,0.285983,0,0.285983,12.1,95.2778,232,0,0,2982,78.9192,82.1341,13.9809
14.0988,1.42956,0,1.42956,12.08,95.0488,1732,0,0,2983,78.9668,82.1807,13.9809
14.1182,0.541754,0,0.541754,12.08,95.0488,757,0,0,2984,78.9682,82.181,13.9795
14.1213,0.432729,0,0.432729,12.06,94.8199,949,0,0,2985,78.9745,82.1863,13.9781
14.1417,0.921749,0,0.921749,12.06,94.8199,872,5,0,2986,78.9843,82.1942,13.9768
14.1446,0.665585,0,0.665585,12.04,94.591,681,2,0,2987,78.997,82.2059,13.9754
14.1654,0.818633,0,0.818633,12.04,94.591,1286,0,0,2988,79.0197,82.2276,13.974
14.1676,0.055754,0,0.055754,12.02,94.362,85,0,0,2988,79.0197,82.2276,13.9727
14.1888,0.547749,0,0.547749,12.02,94.362,635,0,0,2988,79.0197,82.2276,13.9727
14.191,0.049901,0,0.049901,12,94.1331,90,0,0,2988,79.0197,82.2276,13.9727
14.2127,1.49482,0,1.49482,12,94.1331,1004,0,0,2989,79.0281,82.2349,13.9727
14.2148,0.006536,0,0.006536,11.98,93.9042,90,0,0,2989,79.0281,82.2349,13.9713
14.2356,0.102425,0,0.102425,11.98,93.9042,90,0,0,2989,79.0281,82.2349,13.9713
14.2413,1.57889,0,1.57889,11.96,93.6752,1578,0,0,2990,79.0652,82.2709,13.9713
14.261,0.851338,0,0.851338,11.96,93.6752,992,0,0,2991,79.0769,82.2815,13.9699
14.2651,0.116851,0,0.116851,11.94,93.4463,100,0,0,2991,79.0769,82.2815,13.9686
14.2867,1.25733,0,1.25733,11.94,93.4463,1559,0,0,2992,79.1016,82.3051,13.9686
14.2899,0.843825,0,0.843825,11.92,93.2174,959,0,0,2993,79.1039,82.3064,13.9672
14.3092,0.068709,0,0.068709,11.92,93.2174,100,0,0,2993,79.1039,82.3064,13.9659
14.313,1.18073,0,1.18073,11.9,92.9884,1222,0,0,2994,79.1253,82.3267,13.9659
14.3337,1.16604,0,1.16604,11.9,92.9884,1220,3,0,2995,79.1439,82.3442,13.9645
14.3381,0.068771,0,0.068771,11.88,92.7595,105,0,0,2995,79.1439,82.3442,13.9631
14.3596,0.969604,0,0.969604,11.88,92.7595,975,3,0,2996,79.1552,82.3545,13.9631
14.3639,0.156093,0,0.156093,11.86,92.5306,105,0,0,2996,79.1552,82.3545,13.9618
14.3876,2.99193,0,2.99193,11.86,92.5306,1021,0,0,2997,79.1668,82.365,13.9618
14.7768,384.376,381.482,2.89406,11.84,92.3016,432694,5043,0,2998,78.9867,82.2098,13.9604
14.7796,0.324776,0,0.324776,11.82,92.0727,359,0,0,2998,78.9867,82.2098,13.9591
14.8001,0.874281,0,0.874281,11.82,92.0727,1037,0,0,2999,79.0007,82.2227,13.9591
14.8032,0.821225,0,0.821225,11.8,91.8438,1604,0,0,3000,79.037,82.258,13.9577
14.8232,0.041932,0,0.041932,11.8,91.8438,95,0,0,3000,79.037,82.258,13.9563
14.826,0.435628,0,0.435628,11.78,91.6148,734,2,0,3001,79.0497,82.2696,13.9563
14.8465,0.519308,0,0.519308,11.78,91.6148,1081,0,0,3002,79.068,82.2868,13.955
14.8499,0.98461,0,0.98461,11.76,91.3859,1382,0,0,3003,79.1052,82.323,13.9536
14.8696,0.546014,0,0.546014,11.76,91.3859,1086,4,0,3004,79.1225,82.3392,13.9523
14.872,0.083197,0,0.083197,11.74,91.157,115,0,0,3004,79.1225,82.3392,13.9509
14.8926,0.115082,0,0.115082,11.74,91.157,115,0,0,3004,79.1225,82.3392,13.9509
14.8949,0.03956,0,0.03956,11.72,90.928,115,0,0,3004,79.1225,82.3392,13.9509
14.917,1.4603,0,1.4603,11.72,90.928,1460,0,0,3005,79.1561,82.3717,13.9509
14.9201,1.00234,0,1.00234,11.7,90.6991,1654,7,0,3006,79.1946,82.4088,13.9496
14.9405,0.981764,0,0.981764,11.7,90.6991,983,0,0,3007,79.1982,82.4114,13.9482
14.9488,3.72222,0,3.72222,11.68,90.4701,2368,2,0,3008,79.2477,82.4598,13.9469
14.965,0.112415,0,0.112415,11.68,90.4701,135,0,0,3008,79.2477,82.4598,13.9455
14.9694,0.426828,0,0.426828,11.66,90.2412,378,0,0,3008,79.2477,82.4598,13.9455
14.9913,1.74297,0,1.74297,11.66,90.2412,1703,0,0,3009,79.2925,82.5035,13.9455
14.9952,0.093763,0,0.093763,11.64,90.0123,150,0,0,3009,79.2925,82.5035,13.9441
15.0176,1.7818,0,1.7818,11.64,90.0123,1413,0,0,3010,79.3136,82.5236,13.9441
15.0232,0.422773,0,0.422773,11.62,89.7833,344,0,0,3010,79.3136,82.5236,13.9428
15.044,0.631608,0,0.631608,11.62,89.7833,695,1,0,3011,79.3099,82.5188,13.9428
15.0463,0.007764,0,0.007764,11.6,89.5544,150,0,0,3011,79.3099,82.5188,13.9414
15.0666,0.088176,0,0.088176,11.6,89.5544,150,0,0,3011,79.3099,82.5188,13.9414
15.069,0.069585,0,0.069585,11.58,89.3255,150,0,0,3011,79.3099,82.5188,13.9414
15.0906,0.845771,0,0.845771,11.58,89.3255,1427,0,0,3012,79.3347,82.5425,13.9414
15.093,0.294916,0,0.294916,11.56,89.0965,889,0,0,3013,79.3375,82.5443,13.9401
15.1145,1.11052,0,1.11052,11.56,89.0965,980,0,0,3014,79.348,82.5537,13.9387
15.1168,0.04407,0,0.04407,11.54,88.8676,165,0,0,3014,79.348,82.5537,13.9374
15.1371,0.068206,0,0.068206,11.54,88.8676,160,0,0,3014,79.348,82.5537,13.9374
15.1432,1.71049,0,1.71049,11.52,88.6387,1248,17,0,3015,79.3602,82.5648,13.9374
15.1647,2.42577,0,2.42577,11.52,88.6387,1560,0,0,3016,79.3893,82.5928,13.936
15.1703,0.594486,0,0.594486,11.5,88.4097,920,0,0,3017,79.3941,82.5966,13.9347
15.1912,0.80978,0,0.80978,11.5,88.4097,787,0,0,3018,79.3983,82.5997,13.9334
15.1975,2.03937,0,2.03937,11.48,88.1808,1450,0,0,3019,79.4213,82.6217,13.932
15.2177,1.60148,0,1.60148,11.48,88.1808,1221,0,0,3020,79.4308,82.6301,13.9307
15.2242,0.601518,0,0.601518,11.46,87.9519,810,0,0,3021,79.4257,82.624,13.9293
15.2443,0.108573,0,0.108573,11.46,87.9519,170,0,0,3021,79.4257,82.624,13.928
15.2466,0.040971,0,0.040971,11.44,87.7229,175,0,0,3021,79.4257,82.624,13.928
15.2676,0.635778,0,0.635778,11.44,87.7229,1057,1,0,3022,79.4312,82.6284,13.928
15.2721,0.069092,0,0.069092,11.42,87.494,180,0,0,3022,79.4312,82.6284,13.9266
15.2934,0.02519,0,0.02519,11.42,87.494,180,0,0,3022,79.4312,82.6284,13.9266
15.2996,0.156931,0,0.156931,11.4,87.2651,180,0,0,3022,79.4312,82.6284,13.9266
15.3222,1.31984,0,1.31984,11.4,87.2651,840,0,0,3023,79.4267,82.6229,13.9266
15.3286,1.27747,0,1.27747,11.38,87.0361,1051,1,0,3024,79.4358,82.631,13.9253
15.3476,0.108549,0,0.108549,11.38,87.0361,190,0,0,3024,79.4358,82.631,13.9239
15.3506,0.658568,0,0.658568,11.36,86.8072,1084,0,0,3025,79.4397,82.6337,13.9239
15.3709,0.642904,0,0.642904,11.36,86.8072,827,3,0,3026,79.4428,82.6358,13.9226
15.375,1.4264,0,1.4264,11.34,86.5783,1774,0,0,3027,79.4694,82.6614,13.9212
15.3957,1.78223,0,1.78223,11.34,86.5783,1507,0,0,3028,79.4894,82.6803,13.9199
15.4014,1.98028,0,1.98028,11.32,86.3493,2102,10,0,3029,79.5276,82.7164,13.9186
15.4214,1.21523,0,1.21523,11.32,86.3493,1139,0,0,3030,79.5436,82.7314,13.9172
15.4264,0.077679,0,0.077679,11.3,86.1301,185,0,0,3030,79.5436,82.7314,13.9159
15.4487,1.66557,0,1.66557,11.3,86.1301,1096,0,0,3031,79.549,82.7357,13.9159
15.4566,2.18675,0,2.18675,11.28,86.0365,1153,0,0,3032,79.5673,82.753,13.9145
15.4778,2.65853,0,2.65853,11.28,86.0365,1162,0,0,3033,79.5875,82.7722,13.9132
15.4891,5.13446,0,5.13446,11.26,85.9429,1839,0,0,3034,79.6272,82.8108,13.9119
15.5043,0.190412,0,0.190412,11.26,85.9429,200,0,0,3034,79.6272,82.8108,13.9105
15.5097,1.3945,0,1.3945,11.24,85.8494,1622,0,0,3035,79.6623,82.8448,13.9105
15.5287,0.14305,0,0.14305,11.24,85.8494,210,0,0,3035,79.6623,82.8448,13.9092
15.5324,1.00189,0,1.00189,11.22,85.7558,1515,0,0,3036,79.6947,82.8762,13.9092
15.5528,0.13758,0,0.13758,11.22,85.7558,210,0,0,3036,79.6947,82.8762,13.9079
15.5577,0.574603,0,0.574603,11.2,85.6623,924,0,0,3037,79.6948,82.8752,13.9079
15.5796,1.36888,0,1.36888,11.2,85.6623,1795,0,0,3038,79.7281,82.9075,13.9065
15.584,0.010029,0,0.010029,11.18,85.5687,210,0,0,3038,79.7281,82.9075,13.9052
15.6053,0.228463,0,0.228463,11.18,85.5687,210,0,0,3038,79.7281,82.9075,13.9052
15.6083,0.180767,0,0.180767,11.16,85.4752,440,0,0,3038,79.7281,82.9075,13.9052
15.6295,1.05076,0,1.05076,11.16,85.4752,1426,0,0,3039,79.746,82.9243,13.9052
15.6327,0.853746,0,0.853746,11.14,85.3816,1682,2,0,3040,79.7845,82.9622,13.9038
15.6534,0.0882,0,0.0882,11.14,85.3816,200,0,0,3040,79.7845,82.9622,13.9025
15.6584,1.10956,0,1.10956,11.12,85.288,1010,0,0,3041,79.7941,82.9707,13.9025
15.6813,3.0477,0,3.0477,11.12,85.288,1628,4,0,3042,79.8159,82.9911,13.9012
15.6846,0.542142,0,0.542142,11.1,85.1945,1130,7,0,3043,79.8294,83.0036,13.8998
15.706,1.30271,0,1.30271,11.1,85.1945,1232,0,0,3044,79.8584,83.0315,13.8985
15.7089,0.329429,0,0.329429,11.08,85.1009,919,0,0,3045,79.8562,83.0282,13.8972
15.7292,0.087152,0,0.087152,11.08,85.1009,205,0,0,3045,79.8562,83.0282,13.8958
15.7339,0.039047,0,0.039047,11.06,85.0074,205,0,0,3045,79.8562,83.0282,13.8958
15.7554,0.23368,0,0.23368,11.06,85.0074,205,0,0,3045,79.8562,83.0282,13.8958
15.7592,1.07014,0,1.07014,11.04,84.9138,1274,0,0,3046,79.8674,83.0384,13.8958
15.7796,0.675576,0,0.675576,11.04,84.9138,1080,2,0,3047,79.8812,83.0512,13.8945
15.7832,0.483526,0,0.483526,11.02,84.8202,964,6,0,3048,79.8816,83.0505,13.8932
15.805,1.2564,0,1.2564,11.02,84.8202,1341,0,0,3049,79.8937,83.0617,13.8919
15.8115,1.76452,0,1.76452,11,84.7267,1672,0,0,3050,79.9262,83.0931,13.8905
15.832,1.8347,0,1.8347,11,84.7267,1367,2,0,3051,79.9387,83.1039,13.8892
15.8398,1.4026,0,1.4026,10.98,84.6331,1129,0,0,3052,79.9509,83.115,13.8879
15.8583,0.716989,0,0.716989,10.98,84.6331,1260,0,0,3053,79.9656,83.1287,13.8865
15.861,0.42875,0,0.42875,10.96,84.5396,1271,0,0,3054,79.9804,83.1424,13.8852
15.882,0.040149,0,0.040149,10.96,84.5396,225,0,0,3054,79.9804,83.1424,13.8839
15.8873,0.116489,0,0.116489,10.94,84.446,225,0,0,3054,79.9804,83.1424,13.8839
15.9106,2.49311,0,2.49311,10.94,84.446,1971,0,0,3055,80.017,83.1781,13.8839
15.9134,0.057309,0,0.057309,10.92,84.3525,225,0,0,3055,80.017,83.1781,13.8826
15.9349,0.163048,0,0.163048,10.92,84.3525,225,0,0,3055,80.017,83.1781,13.8826
15.9406,0.121007,0,0.121007,10.9,84.2589,215,0,0,3055,80.017,83.1781,13.8826
15.9613,0.944752,0,0.944752,10.9,84.2589,945,5,0,3056,80.0167,83.1767,13.8826
15.9709,2.40303,0,2.40303,10.88,84.1653,1148,1,0,3057,80.0317,83.1907,13.8812
15.9882,0.73387,0,0.73387,10.88,84.1653,1237,12,0,3058,80.0451,83.2031,13.8799
15.9907,0.055845,0,0.055845,10.86,84.0718,220,0,0,3058,80.0451,83.2031,13.8786
16.0123,0.899316,0,0.899316,10.86,84.0718,1477,0,0,3059,80.066,83.2229,13.8786
16.0175,2.38143,0,2.38143,10.84,83.9782,1603,0,0,3060,80.0964,83.2523,13.8773
16.0363,0.157945,0,0.157945,10.84,83.9782,220,0,0,3060,80.0964,83.2523,13.8759
16.5147,474.769,473.82,0.948648,10.82,83.8847,577286,4744,0,3061,79.6782,82.9356,13.8759
16.5186,1.02288,0,1.02288,10.8,94.0308,1278,0,0,3062,79.6868,82.9432,13.8746
16.538,0.069945,0,0.069945,10.8,94.0308,218,0,0,3062,79.6868,82.9432,13.8733
16.5405,0.028937,0,0.028937,10.78,93.8098,218,0,0,3062,79.6868,82.9432,13.8733
16.5611,0.012557,0,0.012557,10.78,93.8098,218,0,0,3062,79.6868,82.9432,13.8733
16.5633,0.049303,0,0.049303,10.76,93.5887,218,0,0,3062,79.6868,82.9432,13.8733
16.5842,0.559218,0,0.559218,10.76,93.5887,922,0,0,3063,79.6885,82.9438,13.8733
16.5867,0.036419,0,0.036419,10.74,93.3677,217,0,0,3063,79.6885,82.9438,13.872
16.6074,0.052865,0,0.052865,10.74,93.3677,217,0,0,3063,79.6885,82.9438,13.872
16.6102,0.067915,0,0.067915,10.72,93.1467,217,0,0,3063,79.6885,82.9438,13.872
16.6315,0.627922,0,0.627922,10.72,93.1467,1125,1,0,3064,79.6922,82.9465,13.872
16.6352,0.839475,0,0.839475,10.7,92.9256,1541,0,0,3065,79.7194,82.9726,13.8706
16.6547,0.014943,0,0.014943,10.7,92.9256,217,0,0,3065,79.7194,82.9726,13.8693
16.6583,0.154619,0,0.154619,10.68,92.7046,222,0,0,3065,79.7194,82.9726,13.8693
16.6791,0.188255,0,0.188255,10.68,92.7046,222,0,0,3065,79.7194,82.9726,13.8693
16.6839,0.078548,0,0.078548,10.66,92.4835,221,0,0,3065,79.7194,82.9726,13.8693
16.7048,0.022238,0,0.022238,10.66,92.4835,221,0,0,3065,79.7194,82.9726,13.8693
16.712,2.78708,0,2.78708,10.64,92.2625,1696,0,0,3066,79.7658,83.0179,13.8693
16.7305,0.191372,0,0.191372,10.64,92.2625,220,0,0,3066,79.7658,83.0179,13.868
16.7354,0.018553,0,0.018553,10.62,88.8085,229,0,0,3066,79.7658,83.0179,13.868
16.757,1.39318,0,1.39318,10.62,88.8085,863,1,0,3067,79.7832,83.0342,13.868
16.7643,1.68927,0,1.68927,10.6,88.6792,1627,0,0,3068,79.8139,83.0639,13.8667
16.7855,3.24853,0,3.24853,10.6,88.6792,2243,16,0,3069,79.8609,83.1088,13.8654
16.7884,0.293437,0,0.293437,10.58,88.5499,1007,28,0,3070,79.8625,83.1094,13.8641
16.8099,0.979771,0,0.979771,10.58,88.5499,1429,8,0,3071,79.8759,83.1218,13.8627
16.8133,0.970273,0,0.970273,10.56,88.4206,1196,0,0,3072,79.8923,83.137,13.8614
16.8333,0.211859,0,0.211859,10.56,88.4206,414,0,0,3072,79.8923,83.137,13.8601
16.8361,0.301032,0,0.301032,10.54,88.2913,938,8,0,3073,79.8894,83.1331,13.8601
16.8574,1.17944,0,1.17944,10.54,88.2913,1119,1,0,3074,79.8926,83.1353,13.8588
16.8645,1.75057,0,1.75057,10.52,88.162,1860,0,0,3075,79.9259,83.1675,13.8575
16.8838,1.65906,0,1.65906,10.52,88.162,1331,0,0,3076,79.9431,83.1837,13.8562
16.8862,0.057595,0,0.057595,10.5,88.0327,228,0,0,3076,79.9431,83.1837,13.8548
16.9072,0.543338,0,0.543338,10.5,88.0327,919,0,0,3077,79.9591,83.1986,13.8548
16.9093,0.005533,0,0.005533,10.48,87.9034,223,0,0,3077,79.9591,83.1986,13.8535
16.9308,0.68046,0,0.68046,10.48,87.9034,1299,0,0,3078,79.9711,83.2096,13.8535
16.9329,0.048693,0,0.048693,10.46,87.7741,223,0,0,3078,79.9711,83.2096,13.8522
16.9533,0.130277,0,0.130277,10.46,87.7741,223,0,0,3078,79.9711,83.2096,13.8522
16.9557,0.029742,0,0.029742,10.44,87.6448,223,0,0,3078,79.9711,83.2096,13.8522
16.9765,0.066524,0,0.066524,10.44,87.6448,223,0,0,3078,79.9711,83.2096,13.8522
17.0628,83.92,83.2828,0.637189,10.42,87.5156,134678,361,0,3079,79.9367,83.1809,13.8522
17.0653,0.02645,0,0.02645,10.4,87.3863,213,0,0,3079,79.9367,83.1809,13.8509
17.0858,0.639202,0,0.639202,10.4,87.3863,1379,0,0,3080,79.9594,83.2026,13.8509
17.0885,0.423197,0,0.423197,10.38,87.257,1383,3,0,3081,79.9714,83.2136,13.8496
17.1089,0.012359,0,0.012359,10.38,87.257,213,0,0,3081,79.9714,83.2136,13.8483
17.1118,0.567908,0,0.567908,10.36,87.1277,1554,0,0,3082,79.9971,83.2382,13.8483
17.1331,0.978485,0,0.978485,10.36,87.1277,1749,0,0,3083,80.0305,83.2705,13.847
17.1353,0.004633,0,0.004633,10.34,86.9984,213,0,0,3083,80.0305,83.2705,13.8456
17.1568,0.683802,0,0.683802,10.34,86.9984,1046,8,0,3084,80.0412,83.2802,13.8456
17.1592,0.052013,0,0.052013,10.32,86.8691,213,0,0,3084,80.0412,83.2802,13.8443
17.1794,0.085387,0,0.085387,10.32,86.8691,213,0,0,3084,80.0412,83.2802,13.8443
17.1825,0.04533,0,0.04533,10.3,86.7398,218,0,0,3084,80.0412,83.2802,13.8443
17.2054,1.80933,0,1.80933,10.3,86.7398,1978,12,0,3085,80.0716,83.3063,13.8443
17.2075,0.049634,0,0.049634,10.28,86.6105,213,0,0,3085,80.0716,83.3063,13.843
17.2283,0.030835,0,0.030835,10.28,86.6105,213,0,0,3085,80.0716,83.3063,13.843
17.2317,1.0624,0,1.0624,10.26,86.4812,1365,0,0,3086,80.0898,83.3234,13.843
17.2519,0.794498,0,0.794498,10.26,86.4812,1089,0,0,3087,80.0926,83.3252,13.8417
17.255,0.07833,0,0.07833,10.24,86.3519,198,0,0,3087,80.0926,83.3252,13.8404
17.2763,1.37073,0,1.37073,10.24,86.3519,1380,0,0,3088,80.1059,83.3374,13.8404
17.2819,0.194377,0,0.194377,10.22,86.2227,198,0,0,3088,80.1059,83.3374,13.8391
17.3029,0.83854,0,0.83854,10.22,86.2227,1202,0,0,3089,80.1211,83.3516,13.8391
17.3101,2.03869,0,2.03869,10.2,86.0934,1266,0,0,3090,80.1324,83.3618,13.8378
17.3286,0.566143,0,0.566143,10.2,86.0934,1151,0,0,3091,80.1388,83.3672,13.8365
17.3315,0.751349,0,0.751349,10.18,85.9641,1720,0,0,3092,80.1746,83.402,13.8352
17.3521,1.04988,0,1.04988,10.18,85.9641,1186,1,0,3093,80.1998,83.4261,13.8339
17.355,0.04206,0,0.04206,10.16,85.8348,183,0,0,3093,80.1998,83.4261,13.8326
17.3787,3.53186,0,3.53186,10.16,85.8348,1458,10,0,3094,80.2172,83.4428,13.8326
17.3829,0.087862,0,0.087862,10.14,83.1528,203,0,0,3094,80.2172,83.4428,13.8313
17.4044,0.739943,0,0.739943,10.14,83.1528,1437,1,0,3095,80.2394,83.464,13.8313
17.4097,0.164955,0,0.164955,10.12,83.0856,375,0,0,3095,80.2394,83.464,13.83
17.4302,0.041417,0,0.041417,10.12,83.0856,251,0,0,3095,80.2394,83.464,13.83
17.4328,0.016747,0,0.016747,10.1,83.0184,279,0,0,3095,80.2394,83.464,13.83
17.4545,1.01015,0,1.01015,10.1,83.0184,1594,0,0,3096,80.2749,83.4984,13.83
17.4604,3.09678,0,3.09678,10.08,82.9512,1377,2,0,3097,80.3006,83.5231,13.8287
17.4777,0.533713,0,0.533713,10.08,82.9512,663,0,0,3098,80.3037,83.5252,13.8274
17.4817,0.043076,0,0.043076,10.06,82.8841,294,0,0,3098,80.3037,83.5252,13.826
17.5033,0.182466,0,0.182466,10.06,82.8841,294,0,0,3098,80.3037,83.5252,13.826
17.5089,0.016065,0,0.016065,10.04,82.8169,294,0,0,3098,80.3037,83.5252,13.826
17.5314,1.44392,0,1.44392,10.04,82.8169,1416,0,0,3099,80.3224,83.5428,13.826
17.5379,0.171609,0,0.171609,10.02,82.7497,294,0,0,3099,80.3224,83.5428,13.8247
17.5591,1.12945,0,1.12945,10.02,82.7497,1734,11,0,3100,80.3468,83.5661,13.8247
17.5642,1.37766,0,1.37766,10,82.6825,1411,0,0,3101,80.3628,83.5811,13.8234
17.5827,0.084486,0,0.084486,10,82.6825,294,0,0,3101,80.3628,83.5811,13.8221
17.9164,329.222,329.168,0.053985,9.98,82.6153,409898,3527,0,3101,80.1461,83.397,13.8221
17.9195,0.217399,0,0.217399,9.96,82.5481,266,0,0,3101,80.1461,83.397,13.8221
17.9401,1.13695,0,1.13695,9.96,82.5481,1099,1,0,3102,80.1628,83.4126,13.8221
17.9422,0.047345,0,0.047345,9.94,82.4809,146,0,0,3102,80.1628,83.4126,13.8208
17.964,0.978642,0,0.978642,9.94,82.4809,1855,0,0,3103,80.1998,83.4486,13.8208
17.9661,0.048363,0,0.048363,9.92,82.4137,146,0,0,3103,80.1998,83.4486,13.8195
17.9868,0.051399,0,0.051399,9.92,82.4137,146,0,0,3103,80.1998,83.4486,13.8195
17.9894,0.38586,0,0.38586,9.9,82.3465,1060,0,0,3104,80.2046,83.4523,13.8195
18.0093,0.009935,0,0.009935,9.9,82.3465,150,0,0,3104,80.2046,83.4523,13.8182
18.0125,0.551241,0,0.551241,9.88,82.2793,1271,0,0,3105,80.2177,83.4644,13.8182
18.0336,0.719332,0,0.719332,9.88,82.2793,1356,0,0,3106,80.2357,83.4813,13.8169
18.0377,1.76825,0,1.76825,9.86,82.2121,2051,0,0,3107,80.2745,83.5192,13.8156
18.0574,0.821814,0,0.821814,9.86,82.2121,1393,0,0,3108,80.2934,83.537,13.8143
18.0596,0.039415,0,0.039415,9.84,82.1449,154,0,0,3108,80.2934,83.537,13.8131
18.0815,0.76476,0,0.76476,9.84,82.1449,894,0,0,3109,80.2914,83.5339,13.8131
18.0853,0.830911,0,0.830911,9.82,82.0777,1348,0,0,3110,80.3055,83.5469,13.8118
18.1057,1.26027,0,1.26027,9.82,82.0777,1440,0,0,3111,80.3282,83.5686,13.8105
18.109,0.891708,0,0.891708,9.8,82.0105,1131,0,0,3112,80.3406,83.58,13.8092
18.1309,1.58292,0,1.58292,9.8,82.0105,879,0,0,3113,80.3402,83.5785,13.8079
18.1369,1.40819,0,1.40819,9.78,81.9433,1660,0,0,3114,80.3773,83.6146,13.8066
18.156,0.012032,0,0.012032,9.78,81.9433,164,0,0,3114,80.3773,83.6146,13.8053
18.1595,0.911927,0,0.911927,9.76,81.8761,988,3,0,3115,80.3791,83.6154,13.8053
18.1802,0.848462,0,0.848462,9.76,81.8761,1394,23,0,3116,80.4034,83.6386,13.804
18.183,0.016218,0,0.016218,9.74,81.8089,164,0,0,3116,80.4034,83.6386,13.8027
18.2047,1.82694,0,1.82694,9.74,81.8089,2167,36,0,3117,80.4482,83.6808,13.8027
18.207,0.039652,0,0.039652,9.72,81.7417,164,0,0,3117,80.4482,83.6808,13.8014
18.2279,0.048681,0,0.048681,9.72,81.7417,164,0,0,3117,80.4482,83.6808,13.8014
18.2306,0.03974,0,0.03974,9.7,81.6745,164,0,0,3117,80.4482,83.6808,13.8014
18.2518,0.627257,0,0.627257,9.7,81.6745,1040,0,0,3118,80.4506,83.6822,13.8014
18.2556,1.27673,0,1.27673,9.68,81.6073,1394,0,0,3119,80.47,83.7005,13.8001
18.2768,2.14047,0,2.14047,9.68,81.6073,1793,0,0,3120,80.5103,83.7397,13.7988
18.2835,2.96798,0,2.96798,9.66,81.5402,1962,2,0,3121,80.5495,83.778,13.7975
18.3005,0.47465,0,0.47465,9.66,81.5402,558,0,0,3122,80.5362,83.7636,13.7962
18.3058,0.109967,0,0.109967,9.64,81.473,168,0,0,3122,80.5362,83.7636,13.7949
18.3271,0.878771,0,0.878771,9.64,81.473,1416,0,0,3123,80.5527,83.7791,13.7949
18.3321,1.17745,0,1.17745,9.62,81.4058,747,7,0,3124,80.556,83.7814,13.7937
18.3515,0.107326,0,0.107326,9.62,81.4058,168,0,0,3124,80.556,83.7814,13.7924
18.3542,0.074313,0,0.074313,9.6,81.3386,168,0,0,3124,80.556,83.7814,13.7924
18.3747,0.565948,0,0.565948,9.6,81.3386,918,0,0,3125,80.5542,83.7786,13.7924
18.3795,0.093879,0,0.093879,9.58,81.2714,168,0,0,3125,80.5542,83.7786,13.7911
18.3991,0.155472,0,0.155472,9.58,81.2714,168,0,0,3125,80.5542,83.7786,13.7911
18.4065,2.32867,0,2.32867,9.56,81.2042,1965,33,0,3126,80.594,83.8167,13.7911
18.4255,0.815895,0,0.815895,9.56,81.2042,1207,8,0,3127,80.6156,83.8372,13.7898
18.4319,0.119569,0,0.119569,9.54,81.137,168,0,0,3127,80.6156,83.8372,13.7885
18.4536,1.53453,0,1.53453,9.54,81.137,1481,2,0,3128,80.6355,83.8561,13.7885
18.4558,0.024105,0,0.024105,9.52,81.0698,164,0,0,3128,80.6355,83.8561,13.7872
18.4772,0.663627,0,0.663627,9.52,81.0698,1412,2,0,3129,80.651,83.8706,13.7872
18.4798,0.443587,0,0.443587,9.5,81.0026,1225,0,0,3130,80.6626,83.8812,13.7859
18.5001,0.115375,0,0.115375,9.5,81.0026,164,0,0,3130,80.6626,83.8812,13.7846
18.505,0.905071,0,0.905071,9.48,80.9354,1572,2,0,3131,80.6905,83.908,13.7846
18.5266,1.31002,0,1.31002,9.48,80.9354,1059,77,0,3132,80.6935,83.91,13.7834
18.5326,1.08123,0,1.08123,9.46,80.8682,1404,0,0,3133,80.7073,83.9228,13.7821
18.5523,0.056908,0,0.056908,9.46,80.8682,164,0,0,3133,80.7073,83.9228,13.7808
18.5569,0.173104,0,0.173104,9.44,80.801,164,0,0,3133,80.7073,83.9228,13.7808
18.5772,0.119402,0,0.119402,9.44,80.801,164,0,0,3133,80.7073,83.9228,13.7808
18.5797,0.047045,0,0.047045,9.42,80.7338,164,0,0,3133,80.7073,83.9228,13.7808
18.6002,0.183955,0,0.183955,9.42,80.7338,164,0,0,3133,80.7073,83.9228,13.7808
18.604,0.44973,0,0.44973,9.4,80.6666,1182,3,0,3134,80.7157,83.9301,13.7808
18.6246,0.046329,0,0.046329,9.4,80.6666,164,0,0,3134,80.7157,83.9301,13.7795
18.6284,1.23063,0,1.23063,9.38,80.5994,1544,0,0,3135,80.734,83.9474,13.7795
18.648,0.052123,0,0.052123,9.38,80.5994,164,0,0,3135,80.734,83.9474,13.7782
18.6532,0.117006,0,0.117006,9.36,80.5322,164,0,0,3135,80.734,83.9474,13.7782
18.6736,0.157152,0,0.157152,9.36,80.5322,164,0,0,3135,80.734,83.9474,13.7782
18.6776,1.25727,0,1.25727,9.34,80.465,1380,0,0,3136,80.7481,83.9605,13.7782
18.6981,1.77386,0,1.77386,9.34,80.465,1608,0,0,3137,80.7769,83.9882,13.7769
18.7044,1.65966,0,1.65966,9.32,80.3978,1449,0,0,3138,80.7945,84.0048,13.7757
18.7248,0.967676,0,0.967676,9.32,80.3978,879,0,0,3139,80.7945,84.0038,13.7744
18.7307,1.35953,0,1.35953,9.3,80.3306,1450,0,0,3140,80.8169,84.0252,13.7731
18.7542,3.77542,0,3.77542,9.3,80.3306,1430,0,0,3141,80.8367,84.0439,13.7718
18.7637,3.39413,0,3.39413,9.28,80.2634,1432,0,0,3142,80.8647,84.071,13.7705
18.7811,0.114524,0,0.114524,9.28,80.2634,160,0,0,3142,80.8647,84.071,13.7692
18.785,0.077287,0,0.077287,9.26,80.1963,160,0,0,3142,80.8647,84.071,13.7692
18.8064,0.913264,0,0.913264,9.26,80.1963,973,17,0,3143,80.8788,84.084,13.7692
18.8102,0.096044,0,0.096044,9.24,80.1291,160,0,0,3143,80.8788,84.084,13.768
18.8303,0.1353,0,0.1353,9.24,80.1291,160,0,0,3143,80.8788,84.084,13.768
18.8335,0.101963,0,0.101963,9.22,80.0619,170,0,0,3143,80.8788,84.084,13.768
18.8541,0.077397,0,0.077397,9.22,80.0619,170,0,0,3143,80.8788,84.084,13.768
18.8588,1.74295,0,1.74295,9.2,79.9947,1267,0,0,3144,80.9059,84.1101,13.768
18.8776,0.062585,0,0.062585,9.2,79.9947,170,0,0,3144,80.9059,84.1101,13.7667
18.8799,0.070479,0,0.070479,9.18,79.9275,170,0,0,3144,80.9059,84.1101,13.7667
18.9,0.01072,0,0.01072,9.18,79.9275,170,0,0,3144,80.9059,84.1101,13.7667
18.9025,0.06186,0,0.06186,9.16,79.8603,170,0,0,3144,80.9059,84.1101,13.7667
18.9231,0.083517,0,0.083517,9.16,79.8603,180,0,0,3144,80.9059,84.1101,13.7667
18.9259,0.055403,0,0.055403,9.14,79.7931,170,0,0,3144,80.9059,84.1101,13.7667
18.9474,0.82922,0,0.82922,9.14,79.7931,1320,23,0,3145,80.9167,84.1199,13.7667
18.9498,0.031997,0,0.031997,9.12,79.7259,170,0,0,3145,80.9167,84.1199,13.7654
18.9706,0.354855,0,0.354855,9.12,79.7259,870,0,0,3146,80.9139,84.116,13.7654
18.9731,0.050449,0,0.050449,9.1,79.6587,170,0,0,3146,80.9139,84.116,13.7641
18.9939,0.594318,0,0.594318,9.1,79.6587,1310,1,0,3147,80.9244,84.1255,13.7641
18.9965,0.425884,0,0.425884,9.08,79.5915,956,1,0,3148,80.9314,84.1315,13.7629
19.017,0.132768,0,0.132768,9.08,79.5915,170,0,0,3148,80.9314,84.1315,13.7616
19.023,2.27205,0,2.27205,9.06,79.5243,1114,0,0,3149,80.9432,84.1423,13.7616
19.0416,0.045648,0,0.045648,9.06,79.5243,180,0,0,3149,80.9432,84.1423,13.7603
19.0459,0.764553,0,0.764553,9.04,79.4571,1478,0,0,3150,80.9587,84.1568,13.7603
19.0668,1.39429,0,1.39429,9.04,79.4571,1737,0,0,3151,80.9841,84.1812,13.759
19.0719,0.109305,0,0.109305,9.02,79.3899,180,0,0,3151,80.9841,84.1812,13.7578
19.0913,0.047219,0,0.047219,9.02,79.3899,180,0,0,3151,80.9841,84.1812,13.7578
19.0941,0.247468,0,0.247468,9,79.3227,904,1,0,3152,80.9826,84.1786,13.7578
19.116,1.34632,0,1.34632,9,79.3227,1882,0,0,3153,81.0162,84.2112,13.7565
19.5931,474.071,473.667,0.403998,8.98,79.2555,673962,5648,0,3154,80.4743,83.7533,13.7552
19.5965,0.054961,0,0.054961,8.96,79.1883,170,0,0,3154,80.4743,83.7533,13.7539
19.6174,0.478659,0,0.478659,8.96,79.1883,1090,5,0,3155,80.478,83.7559,13.7539
19.6206,0.593032,0,0.593032,8.94,79.1211,1646,0,0,3156,80.5025,83.7795,13.7527
19.6417,0.773318,0,0.773318,8.94,79.1211,1536,2,0,3157,80.5226,83.7985,13.7514
19.6454,1.2756,0,1.2756,8.92,79.0539,2144,0,0,3158,80.5595,83.8344,13.7501
19.665,0.033882,0,0.033882,8.92,79.0539,174,0,0,3158,80.5595,83.8344,13.7488
19.6678,0.407526,0,0.407526,8.9,78.9867,1318,14,0,3159,80.5714,83.8452,13.7488
19.6886,0.869054,0,0.869054,8.9,78.9867,773,0,0,3160,80.5902,83.863,13.7476
19.691,0.11256,0,0.11256,8.88,78.9195,302,0,0,3160,80.5902,83.863,13.7463
19.7116,0.039921,0,0.039921,8.88,78.9195,174,0,0,3160,80.5902,83.863,13.7463
19.7141,0.044931,0,0.044931,8.86,78.8523,172,0,0,3160,80.5902,83.863,13.7463
19.7358,0.933642,0,0.933642,8.86,78.8523,1536,0,0,3161,80.6096,83.8814,13.7463
19.7382,0.050224,0,0.050224,8.84,78.7852,172,0,0,3161,80.6096,83.8814,13.745
19.7589,0.472849,0,0.472849,8.84,78.7852,1042,15,0,3162,80.6116,83.8824,13.745
19.7619,0.01914,0,0.01914,8.82,78.718,176,0,0,3162,80.6116,83.8824,13.7438
19.7821,0.108025,0,0.108025,8.82,78.718,176,0,0,3162,80.6116,83.8824,13.7438
19.7863,0.885092,0,0.885092,8.8,78.6508,1384,11,0,3163,80.6247,83.8944,13.7438
19.8063,0.376563,0,0.376563,8.8,78.6508,816,1,0,3164,80.6195,83.8881,13.7425
19.8101,1.38037,0,1.38037,8.78,78.5836,1713,2,0,3165,80.6591,83.9267,13.7412
19.8296,0.114349,0,0.114349,8.78,78.5836,176,0,0,3165,80.6591,83.9267,13.74
19.8335,0.729794,0,0.729794,8.76,78.5164,936,0,0,3166,80.6589,83.9255,13.74
19.8533,0.340468,0,0.340468,8.76,78.5164,347,0,0,3166,80.6589,83.9255,13.7387
19.8561,0.115124,0,0.115124,8.74,78.4492,180,0,0,3166,80.6589,83.9255,13.7387
19.8773,0.564966,0,0.564966,8.74,78.4492,870,0,0,3167,80.6552,83.9207,13.7387
19.8814,0.527682,0,0.527682,8.72,78.382,1300,30,0,3168,80.6651,83.9296,13.7374
19.9027,0.685247,0,0.685247,8.72,78.382,890,24,0,3169,80.662,83.9255,13.7362
19.9082,0.655331,0,0.655331,8.7,78.3148,856,3,0,3170,80.658,83.9205,13.7349
19.9281,0.010817,0,0.010817,8.7,78.3148,176,0,0,3170,80.658,83.9205,13.7336
19.9325,0.009857,0,0.009857,8.68,78.2476,180,0,0,3170,80.658,83.9205,13.7336
19.9529,0.274773,0,0.274773,8.68,78.2476,640,13,0,3171,80.6471,83.9085,13.7336
19.9559,0.326709,0,0.326709,8.66,78.1804,1132,0,0,3172,80.6513,83.9117,13.7324
19.9772,0.160767,0,0.160767,8.66,78.1804,192,0,0,3172,80.6513,83.9117,13.7311
19.9849,1.65222,0,1.65222,8.64,78.1132,1625,0,0,3173,80.7003,83.9597,13.7311
20.0077,3.04855,0,3.04855,8.64,78.1132,2051,4,0,3174,80.7439,84.0022,13.7298
20.0126,1.13477,0,1.13477,8.62,78.046,1279,0,0,3175,80.7559,84.0132,13.7286
20.0333,0.396416,0,0.396416,8.62,78.046,554,0,0,3176,80.7409,83.9972,13.7273
20.0392,0.502732,0,0.502732,8.6,77.9788,1314,4,0,3177,80.7498,84.005,13.726
20.0601,0.020367,0,0.020367,8.6,77.9788,224,0,0,3177,80.7498,84.005,13.7248
20.0661,0.145653,0,0.145653,8.58,77.9116,224,0,0,3177,80.7498,84.005,13.7248
20.086,0.085752,0,0.085752,8.58,77.9116,224,0,0,3177,80.7498,84.005,13.7248
20.0927,0.062856,0,0.062856,8.56,77.8444,222,0,0,3177,80.7498,84.005,13.7248
20.1119,0.213006,0,0.213006,8.56,77.8444,505,0,0,3177,80.7498,84.005,13.7248
20.1146,0.528606,0,0.528606,8.54,77.7525,1491,25,0,3178,80.7653,84.0195,13.7248
20.135,0.011117,0,0.011117,8.54,77.7525,216,0,0,3178,80.7653,84.0195,13.7235
20.1377,0.309898,0,0.309898,8.52,77.5772,1071,0,0,3179,80.7679,84.0211,13.7235
20.1584,0.361663,0,0.361663,8.52,77.5772,1116,0,0,3180,80.7708,84.023,13.7223
20.1612,0.412253,0,0.412253,8.5,77.4019,1336,11,0,3181,80.7806,84.0318,13.721
20.1822,0.954288,0,0.954288,8.5,77.4019,1096,23,0,3182,80.7828,84.033,13.7197
20.1858,0.2292,0,0.2292,8.48,77.2265,511,0,0,3182,80.7828,84.033,13.7185
20.2066,0.176127,0,0.176127,8.48,77.2265,216,0,0,3182,80.7828,84.033,13.7185
20.2094,0.445838,0,0.445838,8.46,77.0512,1536,0,0,3183,80.7989,84.0481,13.7185
20.2301,0.098276,0,0.098276,8.46,77.0512,216,0,0,3183,80.7989,84.0481,13.7172
20.2338,0.406089,0,0.406089,8.44,76.8758,1218,0,0,3184,80.8053,84.0534,13.7172
20.2539,0.017367,0,0.017367,8.44,76.8758,208,0,0,3184,80.8053,84.0534,13.716
20.261,0.877484,0,0.877484,8.42,76.7005,1743,0,0,3185,80.8314,84.0785,13.716
20.2813,1.64799,0,1.64799,8.42,76.7005,1878,0,0,3186,80.8619,84.108,13.7147
20.2857,1.13208,0,1.13208,8.4,76.5251,2150,0,0,3187,80.9015,84.1465,13.7135
20.3053,0.110814,0,0.110814,8.4,76.5251,202,0,0,3187,80.9015,84.1465,13.7122
20.3107,0.016911,0,0.016911,8.38,76.3498,212,0,0,3187,80.9015,84.1465,13.7122
20.3316,0.342922,0,0.342922,8.38,76.3498,792,6,0,3188,80.8943,84.1383,13.7122
20.3339,0.059525,0,0.059525,8.36,76.1745,212,0,0,3188,80.8943,84.1383,13.7109
20.3541,0.008834,0,0.008834,8.36,76.1745,212,0,0,3188,80.8943,84.1383,13.7109
20.358,0.400781,0,0.400781,8.34,75.9991,1207,34,0,3189,80.9003,84.1433,13.7109
20.3787,1.04723,0,1.04723,8.34,75.9991,1147,0,0,3190,80.906,84.148,13.7097
20.3836,0.209746,0,0.209746,8.32,72.7488,224,0,0,3190,80.906,84.148,13.7084
20.4054,1.22861,0,1.22861,8.32,72.7488,1786,0,0,3191,80.937,84.178,13.7084
20.4101,0.193687,0,0.193687,8.3,72.5693,234,0,0,3191,80.937,84.178,13.7072
20.4327,1.61926,0,1.61926,8.3,72.5693,1463,0,0,3192,80.9511,84.1911,13.7072
20.4351,0.048279,0,0.048279,8.28,72.3898,248,0,0,3192,80.9511,84.1911,13.7059
20.4572,0.985776,0,0.985776,8.28,72.3898,1288,11,0,3193,80.9583,84.1973,13.7059
20.4605,0.06857,0,0.06857,8.26,72.2104,278,0,0,3193,80.9583,84.1973,13.7047
20.483,1.85869,0,1.85869,8.26,72.2104,1515,44,0,3194,80.9721,84.2101,13.7047
20.488,0.072948,0,0.072948,8.24,72.0309,278,0,0,3194,80.9721,84.2101,13.7034
20.5085,0.224683,0,0.224683,8.24,72.0309,278,0,0,3194,80.9721,84.2101,13.7034
20.5159,0.723352,0,0.723352,8.22,71.8514,470,0,0,3194,80.9721,84.2101,13.7034
20.5357,0.022889,0,0.022889,8.22,71.8514,278,0,0,3194,80.9721,84.2101,13.7034
20.8791,336.766,335.474,1.29116,8.2,71.672,538816,1950,0,3195,80.7878,84.056,13.7034
20.8829,0.796463,0,0.796463,8.18,71.9616,1604,0,0,3196,80.8223,84.0895,13.7022
20.9026,0.135464,0,0.135464,8.18,71.9616,30,0,0,3196,80.8223,84.0895,13.7009
20.9049,0.039962,0,0.039962,8.16,71.7821,30,0,0,3196,80.8223,84.0895,13.7009
20.9256,0.008154,0,0.008154,8.16,71.7821,30,0,0,3196,80.8223,84.0895,13.7009
20.9278,0.037885,0,0.037885,8.14,71.6027,30,0,0,3196,80.8223,84.0895,13.7009
20.948,0.108259,0,0.108259,8.14,71.6027,30,0,0,3196,80.8223,84.0895,13.7009
20.9506,0.055044,0,0.055044,8.12,71.4232,30,0,0,3196,80.8223,84.0895,13.7009
20.9714,0.878773,0,0.878773,8.12,71.4232,1517,12,0,3197,80.8474,84.1135,13.7009
20.9744,0.696949,0,0.696949,8.1,71.2437,1516,1,0,3198,80.8693,84.1345,13.6997
20.9953,0.85584,0,0.85584,8.1,71.2437,1761,0,0,3199,80.9056,84.1697,13.6984
20.9978,0.281472,0,0.281472,8.08,71.0642,960,1,0,3200,80.9094,84.1725,13.6972
21.0188,0.70829,0,0.70829,8.08,71.0642,1556,8,0,3201,80.9394,84.2015,13.6959
21.0216,0.350064,0,0.350064,8.06,70.8848,1000,0,0,3202,80.9444,84.2055,13.6947
21.0416,0.084978,0,0.084978,8.06,70.8848,30,0,0,3202,80.9444,84.2055,13.6934
21.0441,0.042281,0,0.042281,8.04,70.7053,30,0,0,3202,80.9444,84.2055,13.6934
21.0649,0.026653,0,0.026653,8.04,70.7053,30,0,0,3202,80.9444,84.2055,13.6934
21.0677,0.426047,0,0.426047,8.02,70.5258,1256,5,0,3203,80.9588,84.2189,13.6934
21.0887,0.132805,0,0.132805,8.02,70.5258,30,0,0,3203,80.9588,84.2189,13.6922
21.0941,1.09518,0,1.09518,8,70.3464,1724,1,0,3204,80.9997,84.2587,13.6922
21.1135,0.018863,0,0.018863,8,70.3464,30,0,0,3204,80.9997,84.2587,13.6909
21.1172,0.570459,0,0.570459,7.98,70.1669,1458,1,0,3205,81.0243,84.2824,13.6909
21.1366,0.010498,0,0.010498,7.98,70.1669,30,0,0,3205,81.0243,84.2824,13.6897
21.1391,0.056039,0,0.056039,7.96,69.9874,30,0,0,3205,81.0243,84.2824,13.6897
21.1608,0.701642,0,0.701642,7.96,69.9874,1038,6,0,3206,81.0328,84.2898,13.6897
21.1639,0.495841,0,0.495841,7.94,69.8079,1518,0,0,3207,81.0611,84.3171,13.6884
21.1847,0.666032,0,0.666032,7.94,69.8079,1656,0,0,3208,81.0951,84.3501,13.6872
21.1877,0.603793,0,0.603793,7.92,69.6285,604,4,0,3209,81.1,84.354,13.6859
21.2078,0.219103,0,0.219103,7.92,69.6285,30,0,0,3209,81.1,84.354,13.6847
21.2121,0.168997,0,0.168997,7.9,69.449,30,0,0,3209,81.1,84.354,13.6847
21.2326,0.064297,0,0.064297,7.9,69.449,30,0,0,3209,81.1,84.354,13.6847
21.2354,0.559954,0,0.559954,7.88,69.2695,1370,0,0,3210,81.1165,84.3695,13.6847
21.256,0.17219,0,0.17219,7.88,69.2695,30,0,0,3210,81.1165,84.3695,13.6834
21.2593,0.049252,0,0.049252,7.86,69.09,40,0,0,3210,81.1165,84.3695,13.6834
21.2818,1.06253,0,1.06253,7.86,69.09,1130,2,0,3211,81.1252,84.3771,13.6834
21.2871,0.086435,0,0.086435,7.84,68.9106,40,0,0,3211,81.1252,84.3771,13.6822
21.311,3.72315,0,3.72315,7.84,68.9106,1692,0,0,3212,81.1516,84.4026,13.6822
21.3181,0.608097,0,0.608097,7.82,68.7311,1349,10,0,3213,81.1668,84.4167,13.6809
21.3372,0.288895,0,0.288895,7.82,68.7311,49,0,0,3213,81.1668,84.4167,13.6797
21.3434,0.557685,0,0.557685,7.8,68.5516,629,1,0,3214,81.1596,84.4085,13.6797
21.3634,0.011447,0,0.011447,7.8,68.5516,49,0,0,3214,81.1596,84.4085,13.6785
21.3665,0.552056,0,0.552056,7.78,68.3722,1523,3,0,3215,81.1823,84.4302,13.6785
21.3871,0.160183,0,0.160183,7.78,68.3722,49,0,0,3215,81.1823,84.4302,13.6772
21.6545,261.672,260.931,0.741519,7.76,68.1927,414111,3432,0,3216,81.0379,84.3094,13.6772
21.6573,0.211449,0,0.211449,7.74,68.0132,329,0,0,3216,81.0379,84.3094,13.676
21.6775,0.122517,0,0.122517,7.74,68.0132,49,0,0,3216,81.0379,84.3094,13.676
21.6799,0.063599,0,0.063599,7.72,67.8337,58,0,0,3216,81.0379,84.3094,13.676
21.7009,0.73992,0,0.73992,7.72,67.8337,1508,25,0,3217,81.0578,84.3283,13.676
21.7033,0.067982,0,0.067982,7.7,67.6543,77,0,0,3217,81.0578,84.3283,13.6747
21.7245,0.662987,0,0.662987,7.7,67.6543,878,0,0,3218,81.0634,84.3328,13.6747
21.7277,0.987684,0,0.987684,7.68,67.4748,1035,0,0,3219,81.068,84.3364,13.6735
21.748,0.547397,0,0.547397,7.68,67.4748,1226,88,0,3220,81.0786,84.346,13.6722
21.7503,0.046292,0,0.046292,7.66,67.2953,76,0,0,3220,81.0786,84.346,13.671
21.7715,0.858155,0,0.858155,7.66,67.2953,1526,0,0,3221,81.1028,84.3691,13.671
21.7753,0.066548,0,0.066548,7.64,67.1158,76,0,0,3221,81.1028,84.3691,13.6698
21.7959,1.07928,0,1.07928,7.64,67.1158,1158,0,0,3222,81.1276,84.3929,13.6698
21.7984,0.353964,0,0.353964,7.62,66.9364,1246,51,0,3223,81.1387,84.403,13.6685
21.8189,0.01211,0,0.01211,7.62,66.9364,76,0,0,3223,81.1387,84.403,13.6673
21.8232,1.0148,0,1.0148,7.6,66.7569,962,0,0,3224,81.1635,84.4268,13.6673
21.843,0.07275,0,0.07275,7.6,66.7569,76,0,0,3224,81.1635,84.4268,13.6661
21.8463,1.02382,0,1.02382,7.58,66.5774,1328,0,0,3225,81.1836,84.4459,13.6661
21.8663,0.697635,0,0.697635,7.58,66.5774,478,2,0,3226,81.1844,84.4458,13.6648
21.8689,0.351477,0,0.351477,7.56,66.398,1235,0,0,3227,81.1946,84.4549,13.6636
21.8895,0.162167,0,0.162167,7.56,66.398,95,0,0,3227,81.1946,84.4549,13.6623
21.8924,0.59114,0,0.59114,7.54,66.2185,1943,0,0,3228,81.2283,84.4876,13.6623
21.9132,0.590866,0,0.590866,7.54,66.2185,1305,0,0,3229,81.2409,84.4992,13.6611
21.9161,0.471581,0,0.471581,7.52,66.039,1257,54,0,3230,81.2526,84.5099,13.6599
21.9374,1.52041,0,1.52041,7.52,66.039,814,0,0,3231,81.2742,84.5305,13.6586
21.9447,1.02069,0,1.02069,7.5,65.8595,1281,35,0,3232,81.2856,84.5408,13.6574
21.9629,0.067631,0,0.067631,7.5,65.8595,105,0,0,3232,81.2856,84.5408,13.6562
21.9656,0.277886,0,0.277886,7.48,65.6801,955,42,0,3233,81.2867,84.541,13.6562
21.9867,0.448084,0,0.448084,7.48,65.6801,825,13,0,3234,81.2839,84.5371,13.6549
21.9909,0.306085,0,0.306085,7.46,65.5006,831,5,0,3235,81.2813,84.5335,13.6537
22.0152,3.05249,0,3.05249,7.46,65.5006,1717,0,0,3236,81.3062,84.5575,13.6525
22.0208,0.219334,0,0.219334,7.44,65.3211,105,0,0,3236,81.3062,84.5575,13.6512
22.042,0.248186,0,0.248186,7.44,65.3211,105,0,0,3236,81.3062,84.5575,13.6512
22.0485,0.888121,0,0.888121,7.42,65.1416,1063,13,0,3237,81.3117,84.5619,13.6512
22.0681,0.195636,0,0.195636,7.42,65.1416,105,0,0,3237,81.3117,84.5619,13.65
22.0755,0.211064,0,0.211064,7.4,64.9622,114,0,0,3237,81.3117,84.5619,13.65
22.0949,0.746544,0,0.746544,7.4,64.9622,1584,24,0,3238,81.332,84.5812,13.65
22.1,0.676159,0,0.676159,7.38,64.7827,714,8,0,3239,81.3254,84.5736,13.6488
22.1202,0.380852,0,0.380852,7.38,64.7827,784,11,0,3240,81.321,84.5682,13.6475
22.123,0.20592,0,0.20592,7.36,64.6032,194,0,0,3240,81.321,84.5682,13.6463
22.1455,1.3332,0,1.3332,7.36,64.6032,1106,0,0,3241,81.3295,84.5757,13.6463
22.152,0.623454,0,0.623454,7.34,64.4238,1444,1,0,3242,81.3455,84.5907,13.6451
22.1732,0.27265,0,0.27265,7.34,64.4238,114,0,0,3242,81.3455,84.5907,13.6438
22.1794,0.170454,0,0.170454,7.32,64.2443,114,0,0,3242,81.3455,84.5907,13.6438
22.2014,2.15551,0,2.15551,7.32,64.2443,1123,0,0,3243,81.366,84.6102,13.6438
22.2114,1.9621,0,1.9621,7.3,64.0648,1732,11,0,3244,81.3912,84.6344,13.6426
22.2287,0.109829,0,0.109829,7.3,64.0648,114,0,0,3244,81.3912,84.6344,13.6414
22.2317,0.351065,0,0.351065,7.28,63.8853,1124,0,0,3245,81.4009,84.6431,13.6414
22.2534,0.662517,0,0.662517,7.28,63.8853,1448,3,0,3246,81.4181,84.6593,13.6402
22.256,0.357254,0,0.357254,7.26,63.7059,1384,1,0,3247,81.4321,84.6723,13.6389
22.2771,0.588985,0,0.588985,7.26,63.7059,1188,7,0,3248,81.4424,84.6817,13.6377
22.2799,0.23143,0,0.23143,7.24,63.5264,114,0,0,3248,81.4424,84.6817,13.6365
22.3004,0.261336,0,0.261336,7.24,63.5264,114,0,0,3248,81.4424,84.6817,13.6365
22.3093,1.3738,0,1.3738,7.22,63.3469,1320,59,0,3249,81.4552,84.6934,13.6365
22.328,1.1667,0,1.1667,7.22,63.3469,1734,4,0,3250,81.48,84.7172,13.6353
22.3348,0.741229,0,0.741229,7.2,63.1675,826,0,0,3251,81.4771,84.7133,13.634
22.3546,0.060455,0,0.060455,7.2,63.1675,114,0,0,3251,81.4771,84.7133,13.6328
22.357,0.013807,0,0.013807,7.18,62.988,114,0,0,3251,81.4771,84.7133,13.6328
22.3784,0.536224,0,0.536224,7.18,62.988,1404,3,0,3252,81.4917,84.7269,13.6328
22.3839,0.02434,0,0.02434,7.16,62.8085,124,0,0,3252,81.4917,84.7269,13.6316
22.4071,1.55222,0,1.55222,7.16,62.8085,1382,30,0,3253,81.5088,84.743,13.6316
22.413,0.577511,0,0.577511,7.14,62.629,1372,25,0,3254,81.5218,84.7551,13.6304
22.4329,0.553977,0,0.553977,7.14,62.629,1218,1,0,3255,81.5373,84.7696,13.6291
22.4365,0.099062,0,0.099062,7.12,62.4496,132,0,0,3255,81.5373,84.7696,13.6279
22.4585,2.08109,0,2.08109,7.12,62.4496,1505,4,0,3256,81.559,84.7902,13.6279
22.4665,2.23367,0,2.23367,7.1,62.2701,1041,0,0,3257,81.5757,84.806,13.6267
22.4871,1.59169,0,1.59169,7.1,62.2701,1493,0,0,3258,81.6022,84.8315,13.6255
22.494,1.13521,0,1.13521,7.08,62.0906,1357,51,0,3259,81.6146,84.8429,13.6242
22.5152,1.21034,0,1.21034,7.08,62.0906,1403,46,0,3260,81.6288,84.8561,13.623
22.5227,1.84275,0,1.84275,7.06,61.9111,1906,0,0,3261,81.6654,84.8918,13.6218
22.5416,0.06841,0,0.06841,7.06,61.9111,141,0,0,3261,81.6654,84.8918,13.6206
22.544,0.077198,0,0.077198,7.04,61.7317,141,0,0,3261,81.6654,84.8918,13.6206
22.5646,0.050544,0,0.050544,7.04,61.7317,141,0,0,3261,81.6654,84.8918,13.6206
22.5697,0.586739,0,0.586739,7.02,61.5522,1231,44,0,3262,81.6738,84.8991,13.6206
22.5891,0.398515,0,0.398515,7.02,61.5522,1241,11,0,3263,81.6825,84.9068,13.6194
22.5916,0.043034,0,0.043034,7,61.3727,141,0,0,3263,81.6825,84.9068,13.6181
22.6126,0.109574,0,0.109574,7,61.3727,141,0,0,3263,81.6825,84.9068,13.6181
22.615,0.073318,0,0.073318,6.98,61.1933,141,0,0,3263,81.6825,84.9068,13.6181
22.6369,0.796188,0,0.796188,6.98,61.1933,921,8,0,3264,81.6814,84.9047,13.6181
22.6426,0.19906,0,0.19906,6.96,61.0138,140,0,0,3264,81.6814,84.9047,13.6169
22.6626,0.067835,0,0.067835,6.96,61.0138,140,0,0,3264,81.6814,84.9047,13.6169
22.6676,0.086815,0,0.086815,6.94,60.8343,140,0,0,3264,81.6814,84.9047,13.6169
22.6877,0.135549,0,0.135549,6.94,60.8343,140,0,0,3264,81.6814,84.9047,13.6169
22.6943,0.098488,0,0.098488,6.92,60.6548,130,0,0,3264,81.6814,84.9047,13.6169
22.7157,1.26372,0,1.26372,6.92,60.6548,1931,0,0,3265,81.7142,84.9366,13.6169
22.7181,0.027023,0,0.027023,6.9,60.4754,130,0,0,3265,81.7142,84.9366,13.6157
22.7404,1.44219,0,1.44219,6.9,60.4754,1266,31,0,3266,81.725,84.9455,13.6157
22.7434,0.789636,0,0.789636,6.88,60.2959,2035,5,0,3267,81.7643,84.9841,13.6145
22.7643,1.41919,0,1.41919,6.88,60.2959,1708,0,0,3268,81.7962,85.015,13.6133
22.7682,0.432512,0,0.432512,6.86,60.1164,659,15,0,3269,81.7871,85.0049,13.612
22.7877,0.757955,0,0.757955,6.86,60.1164,919,8,0,3270,81.7969,85.0138,13.6108
22.7914,1.32925,0,1.32925,6.84,59.9369,2053,2,0,3271,81.8322,85.048,13.6096
22.8116,0.160355,0,0.160355,6.84,59.9369,139,0,0,3271,81.8322,85.048,13.6084
22.8176,0.982635,0,0.982635,6.82,59.7575,1283,2,0,3272,81.8423,85.0572,13.6084
22.8373,0.079193,0,0.079193,6.82,59.7575,139,0,0,3272,81.8423,85.0572,13.6072
22.84,0.445497,0,0.445497,6.8,59.5776,1339,0,0,3273,81.8546,85.0684,13.6072
22.8624,2.30323,0,2.30323,6.8,59.5776,1539,0,0,3274,81.8751,85.088,13.606
22.8676,1.8829,0,1.8829,6.78,59.3349,2238,0,0,3275,81.9197,85.1316,13.6048
22.8856,0.60619,0,0.60619,6.78,59.3349,1279,33,0,3276,81.9298,85.1407,13.6035
22.8896,0.696418,0,0.696418,6.76,59.0923,1725,2,0,3277,81.9567,85.1666,13.6023
22.9103,0.128384,0,0.128384,6.76,59.0923,130,0,0,3277,81.9567,85.1666,13.6011
22.9163,0.898465,0,0.898465,6.74,58.8496,928,3,0,3278,81.9692,85.1782,13.6011
22.9361,0.096838,0,0.096838,6.74,58.8496,130,0,0,3278,81.9692,85.1782,13.5999
22.9405,0.052452,0,0.052452,6.72,58.607,130,0,0,3278,81.9692,85.1782,13.5999
22.9606,0.140231,0,0.140231,6.72,58.607,130,0,0,3278,81.9692,85.1782,13.5999
22.9645,0.472074,0,0.472074,6.7,58.3643,450,0,0,3279,81.9756,85.1836,13.5999
22.9848,0.918924,0,0.918924,6.7,58.3643,1697,18,0,3280,81.9994,85.2064,13.5987
22.9876,0.351687,0,0.351687,6.68,58.1217,1247,19,0,3281,82.0085,85.2146,13.5975
23.008,0.138007,0,0.138007,6.68,58.1217,181,0,0,3281,82.0085,85.2146,13.5963
23.0106,0.039153,0,0.039153,6.66,57.879,131,0,0,3281,82.0085,85.2146,13.5963
23.0323,0.89687,0,0.89687,6.66,57.879,1983,0,0,3282,82.0405,85.2456,13.5963
23.0353,0.552851,0,0.552851,6.64,57.6364,1507,17,0,3283,82.0597,85.2638,13.5951
23.0558,0.476822,0,0.476822,6.64,57.6364,611,2,0,3284,82.0493,85.2524,13.5938
23.0614,0.434817,0,0.434817,6.62,57.3937,1101,14,0,3285,82.0539,85.256,13.5926
23.0818,0.062392,0,0.062392,6.62,57.3937,131,0,0,3285,82.0539,85.256,13.5914
23.0849,0.622227,0,0.622227,6.6,57.1511,739,0,0,3286,82.0703,85.2715,13.5914
23.1061,0.829985,0,0.829985,6.6,57.1511,1549,3,0,3287,82.094,85.2942,13.5902
23.1088,0.222696,0,0.222696,6.58,56.9084,761,13,0,3288,82.0879,85.2871,13.589
23.1304,0.184646,0,0.184646,6.58,56.9084,141,0,0,3288,82.0879,85.2871,13.5878
23.1359,0.137901,0,0.137901,6.56,56.6658,141,0,0,3288,82.0879,85.2871,13.5878
23.156,0.282311,0,0.282311,6.56,56.6658,337,0,0,3288,82.0879,85.2871,13.5878
23.1589,0.357403,0,0.357403,6.54,56.4231,1339,0,0,3289,82.0994,85.2977,13.5878
23.1801,0.645471,0,0.645471,6.54,56.4231,1522,0,0,3290,82.117,85.3143,13.5866
23.185,0.917443,0,0.917443,6.52,56.1805,1727,3,0,3291,82.1407,85.337,13.5854
23.2051,0.105844,0,0.105844,6.52,56.1805,144,0,0,3291,82.1407,85.337,13.5842
23.2083,0.495752,0,0.495752,6.5,55.9378,1438,39,0,3292,82.1552,85.3505,13.5842
23.229,0.548519,0,0.548519,6.5,55.9378,1452,0,0,3293,82.1722,85.3665,13.583
23.2316,0.00701,0,0.00701,6.48,55.6952,144,0,0,3293,82.1722,85.3665,13.5818
23.253,1.07289,0,1.07289,6.48,55.6952,1086,0,0,3294,82.1761,85.3695,13.5818
23.2559,0.554577,0,0.554577,6.46,55.4525,1680,0,0,3295,82.2064,85.3988,13.5806
23.2776,0.681162,0,0.681162,6.46,55.4525,1331,5,0,3296,82.2175,85.409,13.5794
23.28,0.005489,0,0.005489,6.44,55.2099,145,0,0,3296,82.2175,85.409,13.5782
23.3012,0.010915,0,0.010915,6.44,55.2099,145,0,0,3296,82.2175,85.409,13.5782
23.306,0.594408,0,0.594408,6.42,54.9672,1453,0,0,3297,82.2323,85.4228,13.5782
23.3291,2.29217,0,2.29217,6.42,54.9672,2005,4,0,3298,82.2717,85.4603,13.577
23.334,0.065843,0,0.065843,6.4,54.7246,145,0,0,3298,82.2717,85.4603,13.5758
23.3572,2.82622,0,2.82622,6.4,54.7246,2241,8,0,3299,82.3177,85.5059,13.5758
23.3641,1.96378,0,1.96378,6.38,54.4819,2119,0,0,3300,82.3561,85.5433,13.5746
23.3829,1.26591,0,1.26591,6.38,54.4819,1486,28,0,3301,82.3717,85.558,13.5733
23.3862,0.047519,0,0.047519,6.36,54.2393,156,0,0,3301,82.3717,85.558,13.5721
23.4071,0.070487,0,0.070487,6.36,54.2393,156,0,0,3301,82.3717,85.558,13.5721
23.4121,0.926071,0,0.926071,6.34,53.9966,958,0,0,3302,82.3764,85.5618,13.5721
23.4334,1.04206,0,1.04206,6.34,53.9966,1370,35,0,3303,82.389,85.5734,13.5709
23.4366,0.344202,0,0.344202,6.32,53.754,1086,9,0,3304,82.3923,85.5757,13.5697
23.457,0.122287,0,0.122287,6.32,53.754,156,0,0,3304,82.3923,85.5757,13.5685
23.4636,0.938609,0,0.938609,6.3,53.5113,1866,0,0,3305,82.4203,85.6027,13.5685
23.4827,0.197729,0,0.197729,6.3,53.5113,156,0,0,3305,82.4203,85.6027,13.5673
23.4895,0.698971,0,0.698971,6.28,53.2687,816,18,0,3306,82.4153,85.5968,13.5673
23.5094,0.011918,0,0.011918,6.28,53.2687,156,0,0,3306,82.4153,85.5968,13.5661
23.5119,0.055185,0,0.055185,6.26,53.026,168,0,0,3306,82.4153,85.5968,13.5661
23.5349,1.92112,0,1.92112,6.26,53.026,1684,0,0,3307,82.446,85.6265,13.5661
23.8163,275.395,275.157,0.237131,6.24,52.7834,522333,819,0,3307,82.0396,85.3411,13.5649
23.8205,0.709583,0,0.709583,6.22,52.5407,1626,0,0,3308,82.0593,85.3597,13.5649
23.8402,0.044213,0,0.044213,6.22,52.5407,159,0,0,3308,82.0593,85.3597,13.5638
23.8432,0.50774,0,0.50774,6.2,52.2981,1786,0,0,3309,82.0837,85.3832,13.5638
23.8643,0.720807,0,0.720807,6.2,52.2981,1576,37,0,3310,82.1021,85.4006,13.5626
23.8676,0.825581,0,0.825581,6.18,52.0554,917,8,0,3311,82.1069,85.4041,13.5614
23.8882,0.482141,0,0.482141,6.18,52.0554,1259,0,0,3312,82.1147,85.4109,13.5602
23.8915,0.754574,0,0.754574,6.16,51.8128,2235,0,0,3313,82.157,85.4522,13.559
23.9119,0.720688,0,0.720688,6.16,51.8128,1160,0,0,3314,82.1617,85.4559,13.5578
23.9147,0.282247,0,0.282247,6.14,51.5701,960,3,0,3315,82.1608,85.454,13.5566
23.936,0.915522,0,0.915522,6.14,51.5701,2163,4,0,3316,82.1978,85.4916,13.5554
23.9389,0.282745,0,0.282745,6.12,51.3275,1070,0,0,3317,82.2002,85.4929,13.5542
23.9599,0.306236,0,0.306236,6.12,51.3275,720,3,0,3318,82.192,85.4837,13.553
23.9651,1.68544,0,1.68544,6.1,51.0848,1826,0,0,3319,82.2227,85.5134,13.5518
23.9854,1.58503,0,1.58503,6.1,51.0848,1332,8,0,3320,82.237,85.5268,13.5506
23.9883,0.005435,0,0.005435,6.08,50.8422,160,0,0,3320,82.237,85.5268,13.5494
24.0083,0.074638,0,0.074638,6.08,50.8422,160,0,0,3320,82.237,85.5268,13.5494
24.0116,0.658699,0,0.658699,6.06,50.5995,1427,6,0,3321,82.2502,85.539,13.5494
24.0332,0.894201,0,0.894201,6.06,50.5995,1266,1,0,3322,82.2583,85.5461,13.5482
24.038,0.502777,0,0.502777,6.04,50.3569,1330,13,0,3323,82.2684,85.5552,13.547
24.059,0.076473,0,0.076473,6.04,50.3569,170,0,0,3323,82.2684,85.5552,13.5458
24.0656,1.06358,0,1.06358,6.02,50.1142,1529,2,0,3324,82.2852,85.571,13.5458
24.0874,1.40786,0,1.40786,6.02,50.1142,1646,7,0,3325,82.305,85.5898,13.5446
24.0934,0.519107,0,0.519107,6,49.8716,1376,3,0,3326,82.3166,85.6004,13.5434
24.1131,0.057367,0,0.057367,6,49.8716,170,0,0,3326,82.3166,85.6004,13.5423
24.1162,0.365389,0,0.365389,5.98,49.6289,1350,0,0,3327,82.3276,85.6105,13.5423
24.1371,0.089856,0,0.089856,5.98,49.6289,160,0,0,3327,82.3276,85.6105,13.5411
24.1408,0.335474,0,0.335474,5.96,49.3863,920,14,0,3328,82.326,85.6079,13.5411
24.1642,2.02438,0,2.02438,5.96,49.3863,1266,9,0,3329,82.3557,85.6368,13.5399
24.168,0.026603,0,0.026603,5.94,49.4762,130,0,0,3329,82.3557,85.6368,13.5387
24.1886,0.00927,0,0.00927,5.94,49.4762,140,0,0,3329,82.3557,85.6368,13.5387
24.1914,0.429935,0,0.429935,5.92,49.3342,1280,8,0,3330,82.3655,85.6456,13.5387
24.2113,0.011791,0,0.011791,5.92,49.3342,150,0,0,3330,82.3655,85.6456,13.5375
24.2201,1.92807,0,1.92807,5.9,49.1923,907,3,0,3331,82.3642,85.6434,13.5375
24.2372,0.047835,0,0.047835,5.9,49.1923,160,0,0,3331,82.3642,85.6434,13.5363
24.2417,1.28014,0,1.28014,5.88,49.0503,1564,22,0,3332,82.3821,85.6603,13.5363
24.2627,0.90535,0,0.90535,5.88,49.0503,1548,16,0,3333,82.3993,85.6766,13.5351
24.2656,0.007396,0,0.007396,5.86,48.9084,150,0,0,3333,82.3993,85.6766,13.5339
24.2886,1.24497,0,1.24497,5.86,48.9084,1420,1,0,3334,82.4127,85.689,13.5339
24.2948,0.587927,0,0.587927,5.84,48.7665,1600,2,0,3335,82.4315,85.7067,13.5328
24.3161,1.24429,0,1.24429,5.84,48.7665,1272,22,0,3336,82.4406,85.7149,13.5316
24.326,2.22162,0,2.22162,5.82,48.6245,1325,2,0,3337,82.4627,85.7357,13.5304
24.3433,0.77574,0,0.77574,5.82,48.6245,1599,8,0,3338,82.4817,85.7537,13.5292
24.3473,0.738274,0,0.738274,5.8,48.4826,960,0,0,3339,82.4816,85.7526,13.528
24.3678,0.631979,0,0.631979,5.8,48.4826,1600,0,0,3340,82.5006,85.7707,13.5268
24.3707,0.52659,0,0.52659,5.78,48.3406,1845,0,0,3341,82.5274,85.7965,13.5256
24.3917,0.433638,0,0.433638,5.78,48.3406,1210,10,0,3342,82.5347,85.8028,13.5245
24.3945,0.445344,0,0.445344,5.76,48.1987,1590,7,0,3343,82.5531,85.8202,13.5233
24.4153,0.641259,0,0.641259,5.76,48.1987,870,2,0,3344,82.5499,85.8161,13.5221
24.4224,0.898719,0,0.898719,5.74,48.0568,1960,0,0,3345,82.5895,85.8547,13.5209
24.4424,1.27955,0,1.27955,5.74,48.0568,1519,21,0,3346,82.607,85.8712,13.5197
24.4452,0.057706,0,0.057706,5.72,47.9148,160,0,0,3346,82.607,85.8712,13.5186
24.467,0.851656,0,0.851656,5.72,47.9148,1852,0,0,3347,82.6349,85.8981,13.5186
24.4697,0.346357,0,0.346357,5.7,47.7729,1130,14,0,3348,82.6392,85.9014,13.5174
24.4909,0.065598,0,0.065598,5.7,47.7729,160,0,0,3348,82.6392,85.9014,13.5162
24.4946,0.497272,0,0.497272,5.68,47.6309,1440,0,0,3349,82.6527,85.914,13.5162
24.5151,0.044413,0,0.044413,5.68,47.6309,160,0,0,3349,82.6527,85.914,13.515
24.5176,0.082199,0,0.082199,5.66,47.489,160,0,0,3349,82.6527,85.914,13.515
24.5383,0.121485,0,0.121485,5.66,47.489,160,0,0,3349,82.6527,85.914,13.515
24.5997,55.336,54.698,0.637943,5.64,47.3471,104279,365,0,3350,82.5675,85.843,13.515
24.6025,0.038956,0,0.038956,5.62,47.2051,160,0,0,3350,82.5675,85.843,13.5138
24.6236,0.557687,0,0.557687,5.62,47.2051,1430,1,0,3351,82.5807,85.8553,13.5138
24.6265,0.536522,0,0.536522,5.6,47.0632,2041,4,0,3352,82.6146,85.8881,13.5127
24.6471,0.128942,0,0.128942,5.6,47.0632,160,0,0,3352,82.6146,85.8881,13.5115
24.6495,0.025505,0,0.025505,5.58,46.9212,190,0,0,3352,82.6146,85.8881,13.5115
24.67,0.134453,0,0.134453,5.58,46.9212,190,0,0,3352,82.6146,85.8881,13.5115
24.6736,0.059545,0,0.059545,5.56,46.7793,190,0,0,3352,82.6146,85.8881,13.5115
24.6957,1.03584,0,1.03584,5.56,46.7793,1763,0,0,3353,82.6454,85.918,13.5115
24.7002,0.542576,0,0.542576,5.54,46.6374,1050,19,0,3354,82.6464,85.918,13.5103
24.7211,0.103757,0,0.103757,5.54,46.6374,190,0,0,3354,82.6464,85.918,13.5091
24.7257,0.538111,0,0.538111,5.52,46.4954,1560,0,0,3355,82.6626,85.9332,13.5091
24.7462,0.151274,0,0.151274,5.52,46.4954,210,0,0,3355,82.6626,85.9332,13.5079
24.7528,1.63982,0,1.63982,5.5,46.3535,870,0,0,3356,82.6818,85.9514,13.5079
24.7713,0.097357,0,0.097357,5.5,46.3535,200,0,0,3356,82.6818,85.9514,13.5068
24.7739,0.051985,0,0.051985,5.48,46.2116,200,0,0,3356,82.6818,85.9514,13.5068
24.797,1.25303,0,1.25303,5.48,46.2116,1569,1,0,3357,82.6985,85.9672,13.5068
24.8038,0.93747,0,0.93747,5.46,46.0696,1220,37,0,3358,82.7043,85.972,13.5056
24.8244,1.0036,0,1.0036,5.46,46.0696,1430,14,0,3359,82.7163,85.983,13.5044
24.8278,0.424122,0,0.424122,5.44,45.9277,1370,14,0,3360,82.7265,85.9923,13.5032
24.8495,0.402234,0,0.402234,5.44,45.9277,335,0,0,3360,82.7265,85.9923,13.5021
24.8565,1.33318,0,1.33318,5.42,45.7857,1429,3,0,3361,82.7385,86.0033,13.5021
24.8752,0.094196,0,0.094196,5.42,45.7857,200,0,0,3361,82.7385,86.0033,13.5009
24.8783,0.047815,0,0.047815,5.4,45.6438,200,0,0,3361,82.7385,86.0033,13.5009
24.8989,0.662934,0,0.662934,5.4,45.6438,1380,1,0,3362,82.749,86.0128,13.5009
24.9022,0.568059,0,0.568059,5.38,45.5019,1150,0,0,3363,82.7526,86.0155,13.4997
24.9248,1.40182,0,1.40182,5.38,45.5019,1710,13,0,3364,82.7729,86.0348,13.4985
24.9324,1.61703,0,1.61703,5.36,45.3599,1882,1,0,3365,82.8053,86.0663,13.4974
24.9514,0.068855,0,0.068855,5.36,45.3599,200,0,0,3365,82.8053,86.0663,13.4962
24.9575,0.192481,0,0.192481,5.34,45.218,180,0,0,3365,82.8053,86.0663,13.4962
24.9786,0.419546,0,0.419546,5.34,45.218,910,5,0,3366,82.8024,86.0624,13.4962
25.2404,259.035,258.967,0.067542,5.32,45.076,373086,7566,0,3366,82.093,85.4225,13.495
25.245,0.410778,0,0.410778,5.3,48.774,1510,0,0,3367,82.1087,85.4372,13.495
25.2651,0.932973,0,0.932973,5.3,48.774,2188,0,0,3368,82.1452,85.4727,13.4939
25.2683,0.356938,0,0.356938,5.28,48.7235,1330,0,0,3369,82.1555,85.482,13.4927
25.2899,0.985404,0,0.985404,5.28,48.7235,2336,0,0,3370,82.1976,85.5231,13.4915
25.2929,0.452416,0,0.452416,5.26,48.673,657,1,0,3371,82.1922,85.5168,13.4903
25.3144,0.961522,0,0.961522,5.26,48.673,1768,3,0,3372,82.2227,85.5463,13.4892
25.3169,0.069744,0,0.069744,5.24,48.6225,140,0,0,3372,82.2227,85.5463,13.488
25.3375,0.352442,0,0.352442,5.24,48.6225,850,0,0,3373,82.2194,85.542,13.488
25.3416,0.009728,0,0.009728,5.22,48.572,140,0,0,3373,82.2194,85.542,13.4868
25.3619,0.814759,0,0.814759,5.22,48.572,1671,0,0,3374,82.2418,85.5634,13.4868
25.365,0.456053,0,0.456053,5.2,48.5215,1799,0,0,3375,82.2681,85.5887,13.4857
25.3856,0.123692,0,0.123692,5.2,48.5215,140,0,0,3375,82.2681,85.5887,13.4845
25.3886,0.451736,0,0.451736,5.18,48.4711,1390,0,0,3376,82.2808,85.6004,13.4845
25.4097,0.116889,0,0.116889,5.18,48.4711,140,0,0,3376,82.2808,85.6004,13.4833
25.4131,0.034211,0,0.034211,5.16,48.4206,140,0,0,3376,82.2808,85.6004,13.4833
25.4352,1.60167,0,1.60167,5.16,48.4206,1747,2,0,3377,82.3207,85.6393,13.4833
25.4426,0.80753,0,0.80753,5.14,48.3701,1230,0,0,3378,82.3286,85.6462,13.4822
25.4614,0.59118,0,0.59118,5.14,48.3701,1460,0,0,3379,82.3433,85.66,13.481
25.4647,0.053391,0,0.053391,5.12,48.3196,140,0,0,3379,82.3433,85.66,13.4798
25.4879,1.74577,0,1.74577,5.12,48.3196,1815,0,0,3380,82.3737,85.6893,13.4798
25.492,0.086359,0,0.086359,5.1,48.2691,130,0,0,3380,82.3737,85.6893,13.4787
25.5131,0.105103,0,0.105103,5.1,48.2691,130,0,0,3380,82.3737,85.6893,13.4787
25.5172,0.012096,0,0.012096,5.08,48.2186,130,0,0,3380,82.3737,85.6893,13.4787
25.5393,0.4778,0,0.4778,5.08,48.2186,660,0,0,3381,82.365,85.6797,13.4787
25.5444,0.009582,0,0.009582,5.06,48.1681,130,0,0,3381,82.365,85.6797,13.4775
25.565,0.027696,0,0.027696,5.06,48.1681,130,0,0,3381,82.365,85.6797,13.4775
25.5744,1.53678,0,1.53678,5.04,48.1176,1796,0,0,3382,82.3921,85.7058,13.4775
25.5917,0.044469,0,0.044469,5.04,48.1176,120,0,0,3382,82.3921,85.7058,13.4763
25.5949,0.335258,0,0.335258,5.02,48.0672,1221,0,0,3383,82.4005,85.7133,13.4763
25.6181,2.75538,0,2.75538,5.02,48.0672,1504,0,0,3384,82.4211,85.7329,13.4752
25.625,0.131576,0,0.131576,5,48.0167,120,0,0,3384,82.4211,85.7329,13.474
25.6485,2.21523,0,2.21523,5,48.0167,1037,1,0,3385,82.439,85.7498,13.474
25.8055,150.488,149.611,0.877352,4.98,47.9662,331644,166,0,3386,82.4126,85.725,13.4728
25.8091,0.370969,0,0.370969,4.96,47.9157,1300,1,0,3387,82.4231,85.7346,13.4717
25.8291,0.585776,0,0.585776,4.96,47.9157,1390,0,0,3388,82.4362,85.7468,13.4705
25.8323,0.589318,0,0.589318,4.94,47.8652,1666,0,0,3389,82.4577,85.7672,13.4694
25.853,0.620212,0,0.620212,4.94,47.8652,1574,0,0,3390,82.4767,85.7853,13.4682
25.856,0.525325,0,0.525325,4.92,47.8147,1633,0,0,3391,82.4999,85.8074,13.467
25.8765,0.101911,0,0.101911,4.92,47.8147,120,0,0,3391,82.4999,85.8074,13.4659
25.879,0.044161,0,0.044161,4.9,47.7642,120,0,0,3391,82.4999,85.8074,13.4659
25.8995,0.092903,0,0.092903,4.9,47.7642,120,0,0,3391,82.4999,85.8074,13.4659
25.9026,0.04418,0,0.04418,4.88,47.7138,120,0,0,3391,82.4999,85.8074,13.4659
25.9228,0.306604,0,0.306604,4.88,47.7138,710,0,0,3392,82.4929,85.7995,13.4659
25.926,0.409548,0,0.409548,4.86,47.6633,1320,1,0,3393,82.504,85.8096,13.4647
25.947,0.142841,0,0.142841,4.86,47.6633,120,0,0,3393,82.504,85.8096,13.4635
25.953,1.17186,0,1.17186,4.84,47.6128,1436,1,0,3394,82.5197,85.8244,13.4635
25.9731,0.512742,0,0.512742,4.84,47.6128,1200,0,0,3395,82.5272,85.8309,13.4624
25.977,1.28016,0,1.28016,4.82,47.5623,1412,0,0,3396,82.5412,85.8439,13.4612
25.9961,0.129429,0,0.129429,4.82,47.5623,120,0,0,3396,82.5412,85.8439,13.4601
25.9992,0.039718,0,0.039718,4.8,47.5118,120,0,0,3396,82.5412,85.8439,13.4601
26.0199,0.61846,0,0.61846,4.8,47.5118,1250,1,0,3397,82.5502,85.8519,13.4601
26.0228,0.287571,0,0.287571,4.78,47.4613,1080,0,0,3398,82.5541,85.8549,13.4589
26.0451,0.996817,0,0.996817,4.78,47.4613,1340,1,0,3399,82.5658,85.8655,13.4578
26.0508,0.064159,0,0.064159,4.76,47.4108,120,0,0,3399,82.5658,85.8655,13.4566
26.073,0.807935,0,0.807935,4.76,47.4108,880,1,0,3400,82.5638,85.8626,13.4566
26.0791,1.04788,0,1.04788,4.74,47.3604,1675,0,0,3401,82.5854,85.8833,13.4554
26.099,0.357538,0,0.357538,4.74,47.3604,640,1,0,3402,82.5764,85.8733,13.4543
26.1037,0.298189,0,0.298189,4.72,47.3099,550,0,0,3403,82.5648,85.8607,13.4531
26.1242,0.664584,0,0.664584,4.72,47.3099,1690,0,0,3404,82.5867,85.8816,13.452
26.1268,0.038376,0,0.038376,4.7,47.2594,120,0,0,3404,82.5867,85.8816,13.4508
26.1481,0.129986,0,0.129986,4.7,47.2594,120,0,0,3404,82.5867,85.8816,13.4508
26.152,0.760787,0,0.760787,4.68,47.2089,1924,0,0,3405,82.6159,85.9098,13.4508
26.1728,0.674002,0,0.674002,4.68,47.2089,1360,0,0,3406,82.628,85.921,13.4497
26.1784,1.56482,0,1.56482,4.66,47.1584,1418,0,0,3407,82.6434,85.9354,13.4485
26.1999,1.73363,0,1.73363,4.66,47.1584,1226,0,0,3408,82.6593,85.9504,13.4473
26.2067,1.16059,0,1.16059,4.64,47.1079,1527,1,0,3409,82.6764,85.9666,13.4462
26.2266,1.01323,0,1.01323,4.64,47.1079,2075,0,0,3410,82.7117,86.0009,13.445
26.2353,1.16341,0,1.16341,4.62,47.0574,1409,1,0,3411,82.7253,86.0135,13.4439
26.2535,0.574009,0,0.574009,4.62,47.0574,1370,0,0,3412,82.7377,86.0249,13.4427
26.2567,0.253289,0,0.253289,4.6,47.0069,870,0,0,3413,82.7354,86.0217,13.4416
26.2786,0.677794,0,0.677794,4.6,47.0069,1440,0,0,3414,82.7499,86.0351,13.4404
26.2821,0.493136,0,0.493136,4.58,46.9565,1845,0,0,3415,82.7766,86.0609,13.4393
26.3033,0.190841,0,0.190841,4.58,46.9565,120,0,0,3415,82.7766,86.0609,13.4381
26.3097,0.947694,0,0.947694,4.56,46.906,1429,0,0,3416,82.791,86.0744,13.4381
26.3303,0.092919,0,0.092919,4.56,46.906,110,0,0,3416,82.791,86.0744,13.437
26.337,1.04743,0,1.04743,4.54,46.8555,1350,0,0,3417,82.803,86.0855,13.437
26.3561,0.152562,0,0.152562,4.54,46.8555,110,0,0,3417,82.803,86.0855,13.4358
26.3591,0.347073,0,0.347073,4.52,46.805,1270,1,0,3418,82.8128,86.0942,13.4358
26.3798,0.011252,0,0.011252,4.52,46.805,110,0,0,3418,82.8128,86.0942,13.4347
26.3823,0.022628,0,0.022628,4.5,46.7545,110,0,0,3418,82.8128,86.0942,13.4347
26.4036,0.13347,0,0.13347,4.5,46.7545,110,0,0,3418,82.8128,86.0942,13.4347
26.406,0.01229,0,0.01229,4.48,46.704,110,0,0,3418,82.8128,86.0942,13.4347
26.4263,0.045178,0,0.045178,4.48,46.704,110,0,0,3418,82.8128,86.0942,13.4347
26.4348,1.74433,0,1.74433,4.46,46.6535,2072,0,0,3419,82.8488,86.1293,13.4347
26.4526,0.288523,0,0.288523,4.46,46.6535,100,0,0,3419,82.8488,86.1293,13.4335
26.4583,1.26334,0,1.26334,4.44,46.6031,1760,0,0,3420,82.8731,86.1526,13.4335
26.4783,0.462118,0,0.462118,4.44,46.6031,1210,0,0,3421,82.8813,86.1599,13.4324
26.4809,0.368521,0,0.368521,4.42,46.5526,1520,0,0,3422,82.8986,86.1762,13.4312
26.5022,0.104089,0,0.104089,4.42,46.5526,100,0,0,3422,82.8986,86.1762,13.4301
26.506,0.087508,0,0.087508,4.4,46.5021,110,0,0,3422,82.8986,86.1762,13.4301
26.5265,0.098708,0,0.098708,4.4,46.5021,100,0,0,3422,82.8986,86.1762,13.4301
26.5341,0.090601,0,0.090601,4.38,46.4516,100,0,0,3422,82.8986,86.1762,13.4301
26.5543,1.09914,0,1.09914,4.38,46.4516,1430,0,0,3423,82.9132,86.1899,13.4301
26.5614,0.149293,0,0.149293,4.36,46.4011,100,0,0,3423,82.9132,86.1899,13.4289
26.5826,2.2126,0,2.2126,4.36,46.4011,2254,0,0,3424,82.9524,86.2281,13.4289
26.5899,1.93179,0,1.93179,4.34,46.3506,1162,0,0,3425,82.9696,86.2444,13.4278
26.6093,0.434255,0,0.434255,4.34,46.3506,490,0,0,3425,82.9696,86.2444,13.4266
26.6139,1.86516,0,1.86516,4.32,46.3001,1582,2,0,3426,82.9895,86.263,13.4266
26.6328,0.111297,0,0.111297,4.32,46.3001,80,0,0,3426,82.9895,86.263,13.4255
26.6388,0.539351,0,0.539351,4.3,46.2497,1430,0,0,3427,83.0047,86.2772,13.4255
26.6596,0.994043,0,0.994043,4.3,46.2497,1386,0,0,3428,83.0187,86.2903,13.4244
26.867,201.569,201.098,0.471753,4.28,46.1992,386211,888,0,3429,82.8752,86.1925,13.4232
26.8702,0.035602,0,0.035602,4.26,46.1487,80,0,0,3429,82.8752,86.1925,13.4221
26.8912,0.469123,0,0.469123,4.26,46.1487,1140,0,0,3430,82.8819,86.1983,13.4221
26.8942,0.440015,0,0.440015,4.24,46.0818,1672,1,0,3431,82.905,86.2203,13.4209
26.9143,0.127398,0,0.127398,4.24,46.0818,70,0,0,3431,82.905,86.2203,13.4198
26.9171,0.074994,0,0.074994,4.22,45.9189,70,0,0,3431,82.905,86.2203,13.4198
26.9384,0.49478,0,0.49478,4.22,45.9189,1100,13,0,3432,82.9108,86.2252,13.4198
26.9415,0.398098,0,0.398098,4.2,45.7559,937,2,0,3433,82.9199,86.2333,13.4186
26.9625,0.355794,0,0.355794,4.2,45.7559,850,0,0,3434,82.9185,86.2309,13.4175
26.966,0.075391,0,0.075391,4.18,45.5929,70,0,0,3434,82.9185,86.2309,13.4164
26.9869,0.648526,0,0.648526,4.18,45.5929,1460,0,0,3435,82.9348,86.2463,13.4164
26.9915,1.02643,0,1.02643,4.16,45.4299,2202,1,0,3436,82.9741,86.2846,13.4152
27.01,0.011973,0,0.011973,4.16,45.4299,70,0,0,3436,82.9741,86.2846,13.4141
27.0136,0.509055,0,0.509055,4.14,45.267,1727,0,0,3437,82.9977,86.3072,13.4141
27.034,0.045434,0,0.045434,4.14,45.267,90,0,0,3437,82.9977,86.3072,13.4129
27.0369,0.135012,0,0.135012,4.12,45.104,450,0,0,3438,82.984,86.2926,13.4129
27.0584,0.849815,0,0.849815,4.12,45.104,2183,0,0,3439,83.0227,86.3303,13.4118
27.0608,0.060988,0,0.060988,4.1,44.941,80,0,0,3439,83.0227,86.3303,13.4106
27.0821,1.02825,0,1.02825,4.1,44.941,1494,2,0,3440,83.0401,86.3465,13.4106
27.085,0.191509,0,0.191509,4.08,44.7781,670,0,0,3441,83.0331,86.3386,13.4095
27.106,0.090472,0,0.090472,4.08,44.7781,80,0,0,3441,83.0331,86.3386,13.4084
27.1093,0.522563,0,0.522563,4.06,44.6151,2110,0,0,3442,83.0691,86.3736,13.4084
27.1297,0.050726,0,0.050726,4.06,44.6151,80,0,0,3442,83.0691,86.3736,13.4072
27.1329,0.253631,0,0.253631,4.04,44.4521,780,1,0,3443,83.0653,86.3689,13.4072
27.1541,1.11094,0,1.11094,4.04,44.4521,1720,0,0,3444,83.0889,86.3914,13.4061
27.1577,0.394983,0,0.394983,4.02,44.2891,1490,0,0,3445,83.1057,86.4073,13.4049
27.1774,0.10522,0,0.10522,4.02,44.2891,80,0,0,3445,83.1057,86.4073,13.4038
27.1807,0.476006,0,0.476006,4,44.1262,1830,0,0,3446,83.1323,86.433,13.4038
27.2028,1.17035,0,1.17035,4,44.1262,1700,0,0,3447,83.1552,86.4549,13.4027
27.2081,1.2489,0,1.2489,3.98,43.9632,1859,0,0,3448,83.1839,86.4826,13.4015
27.2281,0.121684,0,0.121684,3.98,43.9632,80,0,0,3448,83.1839,86.4826,13.4004
27.235,1.20846,0,1.20846,3.96,43.8002,1704,5,0,3449,83.207,86.5048,13.4004
27.2556,0.903772,0,0.903772,3.96,43.8002,2126,2,0,3450,83.2426,86.5394,13.3993
27.2622,1.12949,0,1.12949,3.94,43.6373,1670,0,0,3451,83.2646,86.5604,13.3981
27.2811,0.092771,0,0.092771,3.94,43.6373,80,0,0,3451,83.2646,86.5604,13.397
27.2881,0.407487,0,0.407487,3.92,43.4743,1070,0,0,3452,83.2691,86.564,13.397
27.3072,0.093185,0,0.093185,3.92,43.4743,80,0,0,3452,83.2691,86.564,13.3959
27.312,1.76604,0,1.76604,3.9,43.3113,2026,1,0,3453,83.309,86.603,13.3959
27.3322,0.688197,0,0.688197,3.9,43.3113,1570,1,0,3454,83.328,86.621,13.3947
27.3388,1.0436,0,1.0436,3.88,43.1483,1530,0,0,3455,83.3459,86.6379,13.3936
27.3587,0.509349,0,0.509349,3.88,43.1483,1420,0,0,3456,83.3605,86.6516,13.3925
27.3614,0.077015,0,0.077015,3.86,42.9854,80,0,0,3456,83.3605,86.6516,13.3913
27.3826,0.958782,0,0.958782,3.86,42.9854,1320,0,0,3457,83.3723,86.6624,13.3913
27.3875,0.153569,0,0.153569,3.84,42.8224,80,0,0,3457,83.3723,86.6624,13.3902
27.4066,0.152615,0,0.152615,3.84,42.8224,80,0,0,3457,83.3723,86.6624,13.3902
27.4119,1.3599,0,1.3599,3.82,42.6594,1480,0,0,3458,83.3887,86.6778,13.3902
27.4314,0.013928,0,0.013928,3.82,42.6594,80,0,0,3458,83.3887,86.6778,13.3891
27.4349,0.561857,0,0.561857,3.8,42.4964,1840,3,0,3459,83.4166,86.7048,13.3891
27.4571,1.2151,0,1.2151,3.8,42.4964,1610,0,0,3460,83.4367,86.724,13.3879
27.4627,0.521599,0,0.521599,3.78,42.3335,1000,0,0,3461,83.4392,86.7255,13.3868
27.4827,0.110134,0,0.110134,3.78,42.3335,80,0,0,3461,83.4392,86.7255,13.3857
27.4901,0.63057,0,0.63057,3.76,42.1705,840,0,0,3462,83.437,86.7224,13.3857
27.5086,0.063186,0,0.063186,3.76,42.1705,80,0,0,3462,83.437,86.7224,13.3845
27.5123,0.616657,0,0.616657,3.74,42.0075,950,0,0,3463,83.4381,86.7225,13.3845
27.5345,1.40892,0,1.40892,3.74,42.0075,1760,0,0,3464,83.4625,86.746,13.3834
27.5398,0.947176,0,0.947176,3.72,41.8446,1280,0,0,3465,83.4733,86.7558,13.3823
27.5599,0.126879,0,0.126879,3.72,41.8446,70,0,0,3465,83.4733,86.7558,13.3811
27.7297,166.392,165.837,0.554854,3.7,41.6816,314326,1684,0,3466,83.29,86.6065,13.3811
27.7326,0.028225,0,0.028225,3.68,41.5186,20,0,0,3466,83.29,86.6065,13.38
27.7538,0.791649,0,0.791649,3.68,41.5186,840,2,0,3467,83.2896,86.6051,13.38
27.7566,0.383505,0,0.383505,3.66,41.3556,1590,0,0,3468,83.3108,86.6254,13.3789
27.7769,0.392331,0,0.392331,3.66,41.3556,830,1,0,3469,83.3102,86.6238,13.3778
27.7798,0.267081,0,0.267081,3.64,41.1927,880,35,0,3470,83.311,86.6236,13.3766
27.8009,0.450248,0,0.450248,3.64,41.1927,1050,12,0,3471,83.3166,86.6283,13.3755
27.8044,0.321923,0,0.321923,3.62,41.0297,750,19,0,3472,83.3137,86.6244,13.3744
27.8251,0.139362,0,0.139362,3.62,41.0297,20,0,0,3472,83.3137,86.6244,13.3732
27.8282,0.041658,0,0.041658,3.6,40.8667,20,0,0,3472,83.3137,86.6244,13.3732
27.8493,0.128188,0,0.128188,3.6,40.8667,20,0,0,3472,83.3137,86.6244,13.3732
27.854,0.486311,0,0.486311,3.58,40.7038,1370,4,0,3473,83.3285,86.6384,13.3732
27.8749,0.994515,0,0.994515,3.58,40.7038,1550,0,0,3474,83.3486,86.6575,13.3721
27.8786,0.089776,0,0.089776,3.56,40.5408,30,0,0,3474,83.3486,86.6575,13.371
27.9001,0.127114,0,0.127114,3.56,40.5408,30,0,0,3474,83.3486,86.6575,13.371
27.9064,0.775352,0,0.775352,3.54,40.3778,1530,0,0,3475,83.3678,86.6757,13.371
27.9265,0.067209,0,0.067209,3.54,40.3778,30,0,0,3475,83.3678,86.6757,13.3699
27.9305,0.818104,0,0.818104,3.52,40.2148,1350,0,0,3476,83.3818,86.6887,13.3699
27.9505,0.0244,0,0.0244,3.52,40.2148,30,0,0,3476,83.3818,86.6887,13.3687
27.9547,0.088287,0,0.088287,3.5,40.0519,30,0,0,3476,83.3818,86.6887,13.3687
27.9754,0.580651,0,0.580651,3.5,40.0519,1630,35,0,3477,83.4038,86.7098,13.3687
28.0356,55.4833,55.0801,0.403219,3.48,39.8889,101751,218,0,3478,83.3367,86.6512,13.3676
28.0391,0.140006,0,0.140006,3.46,39.7259,380,6,0,3479,83.3228,86.6364,13.3665
28.0593,0.107053,0,0.107053,3.46,39.7259,30,0,0,3479,83.3228,86.6364,13.3654
28.0623,0.261904,0,0.261904,3.44,39.5629,830,0,0,3480,83.3218,86.6345,13.3654
28.0835,0.563374,0,0.563374,3.44,39.5629,1180,0,0,3481,83.3309,86.6426,13.3642
28.0866,0.359384,0,0.359384,3.42,39.4,1360,5,0,3482,83.3452,86.6559,13.3631
28.1066,0.072041,0,0.072041,3.42,39.4,30,0,0,3482,83.3452,86.6559,13.362
28.1095,0.14748,0,0.14748,3.4,39.237,410,5,0,3483,83.3322,86.642,13.362
28.1307,0.471291,0,0.471291,3.4,39.237,1070,1,0,3484,83.3381,86.647,13.3609
28.134,0.665763,0,0.665763,3.38,39.074,1889,0,0,3485,83.3676,86.6755,13.3598
28.1547,0.591549,0,0.591549,3.38,39.074,1410,0,0,3486,83.3832,86.6902,13.3586
28.1586,0.495331,0,0.495331,3.36,38.9111,1250,0,0,3487,83.3943,86.7003,13.3575
28.1797,0.21323,0,0.21323,3.36,38.9111,30,0,0,3487,83.3943,86.7003,13.3564
28.1848,0.091735,0,0.091735,3.34,38.7481,30,0,0,3487,83.3943,86.7003,13.3564
28.2053,0.458161,0,0.458161,3.34,38.7481,850,32,0,3488,83.3939,86.699,13.3564
28.2081,0.044786,0,0.044786,3.32,38.5851,30,0,0,3488,83.3939,86.699,13.3553
28.2292,0.075505,0,0.075505,3.32,38.5851,30,0,0,3488,83.3939,86.699,13.3553
28.2346,1.16065,0,1.16065,3.3,38.4221,1260,2,0,3489,83.405,86.7091,13.3553
28.2553,0.58554,0,0.58554,3.3,38.4221,940,3,0,3490,83.4069,86.71,13.3542
28.2605,0.099119,0,0.099119,3.28,38.2592,40,0,0,3490,83.4069,86.71,13.353
28.2828,1.18559,0,1.18559,3.28,38.2592,1810,0,0,3491,83.4337,86.7359,13.353
28.2892,1.02811,0,1.02811,3.26,38.0962,1770,0,0,3492,83.4593,86.7606,13.3519
28.309,0.741684,0,0.741684,3.26,38.0962,1780,0,0,3493,83.4853,86.7856,13.3508
28.314,1.02189,0,1.02189,3.24,37.9332,1420,7,0,3494,83.5009,86.8002,13.3497
28.3325,0.515583,0,0.515583,3.24,37.9332,1120,0,0,3495,83.5079,86.8063,13.3486
28.3351,0.036721,0,0.036721,3.22,37.7703,40,0,0,3495,83.5079,86.8063,13.3474
28.3578,1.05239,0,1.05239,3.22,37.7703,1790,0,0,3496,83.534,86.8315,13.3474
28.3617,0.4388,0,0.4388,3.2,37.6073,1440,1,0,3497,83.5502,86.8467,13.3463
28.3838,0.864343,0,0.864343,3.2,37.6073,1130,24,0,3498,83.5575,86.8531,13.3452
28.3873,0.759739,0,0.759739,3.18,37.4443,1340,4,0,3499,83.5707,86.8654,13.3441
28.4069,0.013036,0,0.013036,3.18,37.4443,50,0,0,3499,83.5707,86.8654,13.343
28.4138,0.990554,0,0.990554,3.16,37.2813,1620,0,0,3500,83.5917,86.8854,13.343
28.4336,1.51214,0,1.51214,3.16,37.2813,1937,0,0,3501,83.6218,86.9146,13.3419
28.4377,0.127148,0,0.127148,3.14,37.1184,50,0,0,3501,83.6218,86.9146,13.3408
28.4592,0.266211,0,0.266211,3.14,37.1184,50,0,0,3501,83.6218,86.9146,13.3408
28.4668,1.5701,0,1.5701,3.12,36.9554,2240,0,0,3502,83.6602,86.952,13.3408
28.4868,0.080514,0,0.080514,3.12,36.9554,60,0,0,3502,83.6602,86.952,13.3396
28.4904,0.468812,0,0.468812,3.1,36.7924,1500,15,0,3503,83.6774,86.9683,13.3396
28.5104,0.046465,0,0.046465,3.1,36.7924,60,0,0,3503,83.6774,86.9683,13.3385
28.5135,0.112773,0,0.112773,3.08,36.6295,80,0,0,3503,83.6774,86.9683,13.3385
28.5337,0.013921,0,0.013921,3.08,36.6295,80,0,0,3503,83.6774,86.9683,13.3385
28.5367,0.041395,0,0.041395,3.06,36.4665,80,0,0,3503,83.6774,86.9683,13.3385
28.5576,0.082723,0,0.082723,3.06,36.4665,80,0,0,3503,83.6774,86.9683,13.3385
28.5601,0.076576,0,0.076576,3.04,36.3035,90,0,0,3503,83.6774,86.9683,13.3385
28.5814,0.340797,0,0.340797,3.04,36.3035,910,9,0,3504,83.6772,86.9672,13.3385
28.5852,0.033754,0,0.033754,3.02,36.1405,80,0,0,3504,83.6772,86.9672,13.3374
28.6053,0.010481,0,0.010481,3.02,36.1405,80,0,0,3504,83.6772,86.9672,13.3374
28.6119,0.528774,0,0.528774,3,35.9776,1300,2,0,3505,83.6882,86.9772,13.3374
28.6306,0.087638,0,0.087638,3,35.9776,80,0,0,3505,83.6882,86.9772,13.3363
28.6353,0.210923,0,0.210923,2.98,35.8146,80,0,0,3505,83.6882,86.9772,13.3363
28.6569,0.915503,0,0.915503,2.98,35.8146,1130,7,0,3506,83.6942,86.9823,13.3363
28.6651,1.47608,0,1.47608,2.96,35.6516,1900,1,0,3507,83.7226,87.0097,13.3352
28.6851,0.755039,0,0.755039,2.96,35.6516,1810,4,0,3508,83.7483,87.0345,13.3341
28.6897,1.49069,0,1.49069,2.94,35.4886,1628,0,0,3509,83.7692,87.0544,13.333
28.7101,0.993151,0,0.993151,2.94,35.4886,1350,13,0,3510,83.7818,87.0661,13.3318
28.7138,0.171819,0,0.171819,2.92,35.3257,70,0,0,3510,83.7818,87.0661,13.3307
28.734,0.176524,0,0.176524,2.92,35.3257,70,0,0,3510,83.7818,87.0661,13.3307
28.7413,0.1902,0,0.1902,2.9,35.1627,90,0,0,3510,83.7818,87.0661,13.3307
28.7615,1.47915,0,1.47915,2.9,35.1627,1436,0,0,3511,83.8003,87.0837,13.3307
28.7681,0.872985,0,0.872985,2.88,34.9997,1270,0,0,3512,83.8106,87.0931,13.3296
28.7887,0.117792,0,0.117792,2.88,34.9997,70,0,0,3512,83.8106,87.0931,13.3285
28.7935,1.03165,0,1.03165,2.86,34.8368,1550,5,0,3513,83.8289,87.1104,13.3285
28.8138,0.325345,0,0.325345,2.86,34.8368,790,0,0,3514,83.8256,87.1061,13.3274
28.818,0.055312,0,0.055312,2.84,34.6738,70,0,0,3514,83.8256,87.1061,13.3263
28.8398,0.671005,0,0.671005,2.84,34.6738,1288,15,0,3515,83.8364,87.1161,13.3263
28.8446,0.414968,0,0.414968,2.82,34.5108,1190,12,0,3516,83.8444,87.1232,13.3252
28.866,1.36393,0,1.36393,2.82,34.5108,1690,21,0,3517,83.8666,87.1444,13.3241
28.8721,0.042196,0,0.042196,2.8,34.3478,70,0,0,3517,83.8666,87.1444,13.323
28.8935,1.53682,0,1.53682,2.8,34.3478,2000,5,0,3518,83.8977,87.1745,13.323
28.901,0.970411,0,0.970411,2.78,34.1849,1370,5,0,3519,83.9108,87.1867,13.3219
28.9224,1.48797,0,1.48797,2.78,34.1849,1584,0,0,3520,83.9327,87.2077,13.3208
28.9296,0.98071,0,0.98071,2.76,34.0219,1420,1,0,3521,83.9472,87.2212,13.3196
28.95,0.446396,0,0.446396,2.76,34.0219,460,17,0,3522,83.9344,87.2076,13.3185
28.9569,1.02509,0,1.02509,2.74,33.8589,1290,16,0,3523,83.9452,87.2174,13.3174
28.977,0.23457,0,0.23457,2.74,33.8589,70,0,0,3523,83.9452,87.2174,13.3163
28.9836,0.011417,0,0.011417,2.72,33.696,70,0,0,3523,83.9452,87.2174,13.3163
29.0052,0.681696,0,0.681696,2.72,33.696,1350,0,0,3524,83.9577,87.229,13.3163
29.0076,0.049718,0,0.049718,2.7,33.5145,50,0,0,3524,83.9577,87.229,13.3152
29.0279,0.080866,0,0.080866,2.7,33.5145,60,0,0,3524,83.9577,87.229,13.3152
29.0321,0.692862,0,0.692862,2.68,33.2347,1800,0,0,3525,83.9833,87.2536,13.3152
29.0526,0.548025,0,0.548025,2.68,33.2347,1590,11,0,3526,84.0028,87.2723,13.3141
29.0554,0.078927,0,0.078927,2.66,32.9549,130,0,0,3526,84.0028,87.2723,13.313
29.0764,0.095329,0,0.095329,2.66,32.9549,60,0,0,3526,84.0028,87.2723,13.313
29.0793,0.33863,0,0.33863,2.64,32.6751,1200,10,0,3527,84.0113,87.2798,13.313
29.1007,1.35731,0,1.35731,2.64,32.6751,1954,0,0,3528,84.0439,87.3115,13.3119
29.1048,0.080428,0,0.080428,2.62,32.3953,60,0,0,3528,84.0439,87.3115,13.3108
29.1258,1.77795,0,1.77795,2.62,32.3953,2246,0,0,3529,84.0827,87.3494,13.3108
29.1293,0.556494,0,0.556494,2.6,32.1155,1900,3,0,3530,84.111,87.3768,13.3097
29.1505,0.144721,0,0.144721,2.6,32.1155,60,0,0,3530,84.111,87.3768,13.3086
29.1564,0.150135,0,0.150135,2.58,31.8357,60,0,0,3530,84.111,87.3768,13.3086
29.1777,0.697843,0,0.697843,2.58,31.8357,1630,1,0,3531,84.1317,87.3965,13.3086
29.182,0.705928,0,0.705928,2.56,31.5559,1810,2,0,3532,84.1574,87.4213,13.3075
29.2039,1.64053,0,1.64053,2.56,31.5559,2298,0,0,3533,84.1978,87.4608,13.3064
29.2096,0.106931,0,0.106931,2.54,31.2761,60,0,0,3533,84.1978,87.4608,13.3053
29.2296,0.05976,0,0.05976,2.54,31.2761,60,0,0,3533,84.1978,87.4608,13.3053
29.2348,0.081138,0,0.081138,2.52,30.9964,60,0,0,3533,84.1978,87.4608,13.3053
29.2549,0.647659,0,0.647659,2.52,30.9964,1320,4,0,3534,84.2097,87.4717,13.3053
29.2583,0.452157,0,0.452157,2.5,30.7166,1610,2,0,3535,84.2297,87.4908,13.3042
29.2808,1.26141,0,1.26141,2.5,30.7166,1620,3,0,3536,84.25,87.5102,13.3031
29.2865,0.010528,0,0.010528,2.48,30.4368,60,0,0,3536,84.25,87.5102,13.302
29.3072,0.03931,0,0.03931,2.48,30.4368,60,0,0,3536,84.25,87.5102,13.302
29.31,0.082808,0,0.082808,2.46,30.157,60,0,0,3536,84.25,87.5102,13.302
29.3308,0.594716,0,0.594716,2.46,30.157,1070,26,0,3537,84.2547,87.514,13.302
29.334,0.006532,0,0.006532,2.44,29.8772,60,0,0,3537,84.2547,87.514,13.3009
29.3546,0.814667,0,0.814667,2.44,29.8772,1990,0,0,3538,84.2855,87.5438,13.3009
29.3576,0.443832,0,0.443832,2.42,29.5974,1570,0,0,3539,84.3043,87.5617,13.2998
29.3784,0.146518,0,0.146518,2.42,29.5974,60,0,0,3539,84.3043,87.5617,13.2987
29.3816,0.58623,0,0.58623,2.4,29.3176,1700,2,0,3540,84.3268,87.5833,13.2987
29.403,0.186241,0,0.186241,2.4,29.3176,82,0,0,3540,84.3268,87.5833,13.2976
29.4087,0.091884,0,0.091884,2.38,29.0378,60,0,0,3540,84.3268,87.5833,13.2976
29.429,0.111331,0,0.111331,2.38,29.0378,60,0,0,3540,84.3268,87.5833,13.2976
29.4333,0.797887,0,0.797887,2.36,28.758,1150,5,0,3541,84.3338,87.5894,13.2976
29.4531,0.935264,0,0.935264,2.36,28.758,2066,0,0,3542,84.367,87.6217,13.2965
29.4567,0.81511,0,0.81511,2.34,28.4782,1370,0,0,3543,84.3802,87.6339,13.2954
29.4777,0.830317,0,0.830317,2.34,28.4782,1200,0,0,3544,84.3885,87.6414,13.2943
29.4813,0.693604,0,0.693604,2.32,28.1984,2250,7,0,3545,84.4265,87.6784,13.2932
29.503,0.972313,0,0.972313,2.32,28.1984,1540,0,0,3546,84.4444,87.6954,13.2921
29.5089,0.148586,0,0.148586,2.3,27.9186,80,0,0,3546,84.4444,87.6954,13.291
29.529,0.021026,0,0.021026,2.3,27.9186,70,0,0,3546,84.4444,87.6954,13.291
29.5363,0.123325,0,0.123325,2.28,27.6389,70,0,0,3546,84.4444,87.6954,13.291
29.5555,0.378291,0,0.378291,2.28,27.6389,930,0,0,3547,84.4449,87.695,13.291
29.5587,0.538489,0,0.538489,2.26,27.3591,1970,0,0,3548,84.4746,87.7238,13.2899
29.5793,0.08132,0,0.08132,2.26,27.3591,70,0,0,3548,84.4746,87.7238,13.2888
29.5848,0.584324,0,0.584324,2.24,27.0793,1780,8,0,3549,84.4993,87.7475,13.2888
29.6058,0.124329,0,0.124329,2.24,27.0793,70,0,0,3549,84.4993,87.7475,13.2877
29.6109,0.835436,0,0.835436,2.22,26.7995,1970,1,0,3550,84.5293,87.7766,13.2877
29.6329,1.22075,0,1.22075,2.22,26.7995,1820,5,0,3551,84.5551,87.8015,13.2866
29.6385,0.031317,0,0.031317,2.2,26.5197,60,0,0,3551,84.5551,87.8015,13.2855
29.6603,1.37475,0,1.37475,2.2,26.5197,1870,0,0,3552,84.5822,87.8277,13.2855
29.6681,0.164159,0,0.164159,2.18,26.2399,60,0,0,3552,84.5822,87.8277,13.2844
29.687,0.117742,0,0.117742,2.18,26.2399,60,0,0,3552,84.5822,87.8277,13.2844
29.6923,0.061992,0,0.061992,2.16,25.9601,60,0,0,3552,84.5822,87.8277,13.2844
29.7148,0.925928,0,0.925928,2.16,25.9601,1200,0,0,3553,84.5905,87.8351,13.2844
29.7188,0.051519,0,0.051519,2.14,25.6803,60,0,0,3553,84.5905,87.8351,13.2833
29.7404,0.248864,0,0.248864,2.14,25.6803,100,0,0,3553,84.5905,87.8351,13.2833
29.7438,0.466749,0,0.466749,2.12,25.4005,1620,13,0,3554,84.6106,87.8542,13.2833
29.7653,0.160623,0,0.160623,2.12,25.4005,60,0,0,3554,84.6106,87.8542,13.2822
29.7698,0.018888,0,0.018888,2.1,25.1207,70,0,0,3554,84.6106,87.8542,13.2822
29.7913,1.19016,0,1.19016,2.1,25.1207,1300,12,0,3555,84.6214,87.8641,13.2822
29.797,0.114396,0,0.114396,2.08,24.9283,50,0,0,3555,84.6214,87.8641,13.2812
29.8169,0.611006,0,0.611006,2.08,24.9283,1230,0,0,3556,84.6305,87.8723,13.2812
29.8238,0.838955,0,0.838955,2.06,24.7502,1200,4,0,3557,84.6387,87.8797,13.2801
29.8457,1.23896,0,1.23896,2.06,24.7502,1450,5,0,3558,84.654,87.894,13.279
29.8512,0.083452,0,0.083452,2.04,24.5722,60,0,0,3558,84.654,87.894,13.2779
29.8722,0.087118,0,0.087118,2.04,24.5722,60,0,0,3558,84.654,87.894,13.2779
29.8801,1.08037,0,1.08037,2.02,24.3941,1360,14,0,3559,84.6668,87.9059,13.2779
29.9005,0.648649,0,0.648649,2.02,24.3941,1300,1,0,3560,84.6778,87.916,13.2768
29.9034,0.379883,0,0.379883,2,24.216,1800,1,0,3561,84.7029,87.9402,13.2757
29.9248,1.27099,0,1.27099,2,24.216,1690,10,0,3562,84.7249,87.9613,13.2746
29.9302,0.61629,0,0.61629,1.98,24.038,1690,0,0,3563,84.7468,87.9823,13.2735
29.9492,0.151043,0,0.151043,1.98,24.038,60,0,0,3563,84.7468,87.9823,13.2724
29.9563,0.951085,0,0.951085,1.96,23.8599,1380,9,0,3564,84.7601,87.9947,13.2724
29.9777,1.51368,0,1.51368,1.96,23.8599,2110,0,0,3565,84.7938,88.0275,13.2713
29.982,0.07508,0,0.07508,1.94,23.6818,70,0,0,3565,84.7938,88.0275,13.2702
30.0029,0.097038,0,0.097038,1.94,23.6818,70,0,0,3565,84.7938,88.0275,13.2702
30.006,0.409496,0,0.409496,1.92,23.5038,1630,1,0,3566,84.8141,88.0468,13.2702
30.0285,1.20615,0,1.20615,1.92,23.5038,1850,0,0,3567,84.8405,88.0723,13.2692
30.0342,0.509317,0,0.509317,1.9,23.3257,1420,0,0,3568,84.8548,88.0858,13.2681
30.055,1.00606,0,1.00606,1.9,23.3257,1454,1,0,3569,84.8703,88.1003,13.267
30.0588,0.016394,0,0.016394,1.88,23.1476,60,0,0,3569,84.8703,88.1003,13.2659
30.0783,0.533307,0,0.533307,1.88,23.1476,1740,1,0,3570,84.8936,88.1227,13.2659
30.0822,0.393119,0,0.393119,1.86,22.9696,1310,9,0,3571,84.9051,88.1333,13.2648
30.1029,0.081474,0,0.081474,1.86,22.9696,50,0,0,3571,84.9051,88.1333,13.2637
30.1077,0.178267,0,0.178267,1.84,22.7915,50,0,0,3571,84.9051,88.1333,13.2637
30.129,0.597967,0,0.597967,1.84,22.7915,1370,0,0,3572,84.9183,88.1456,13.2637
30.1334,0.673787,0,0.673787,1.82,22.6134,1800,10,0,3573,84.9435,88.1699,13.2626
30.1539,1.01349,0,1.01349,1.82,22.6134,2308,0,0,3574,84.9838,88.2093,13.2615
30.1575,0.489972,0,0.489972,1.8,22.4353,1510,0,0,3575,85.0008,88.2255,13.2605
30.1776,0.625883,0,0.625883,1.8,22.4353,770,0,0,3576,84.9972,88.2209,13.2594
30.1842,1.27458,0,1.27458,1.78,22.2573,2116,0,0,3577,85.0321,88.255,13.2583
30.2047,0.22181,0,0.22181,1.78,22.2573,70,0,0,3577,85.0321,88.255,13.2572
30.2103,0.167737,0,0.167737,1.76,22.0792,50,0,0,3577,85.0321,88.255,13.2572
30.2325,0.611962,0,0.611962,1.76,22.0792,780,1,0,3578,85.0288,88.2507,13.2572
30.2377,0.102509,0,0.102509,1.74,21.9011,40,0,0,3578,85.0288,88.2507,13.2561
30.2612,1.86474,0,1.86474,1.74,21.9011,1492,0,0,3579,85.0461,88.2671,13.2561
30.2671,0.042029,0,0.042029,1.72,21.7231,50,0,0,3579,85.0461,88.2671,13.255
30.288,0.777633,0,0.777633,1.72,21.7231,1820,3,0,3580,85.0718,88.2919,13.255
30.2913,0.064935,0,0.064935,1.7,21.545,50,0,0,3580,85.0718,88.2919,13.2539
30.312,0.844788,0,0.844788,1.7,21.545,1970,2,0,3581,85.1016,88.3209,13.2539
30.3149,0.443188,0,0.443188,1.68,21.3669,1750,0,0,3582,85.1253,88.3437,13.2529
30.3367,0.649457,0,0.649457,1.68,21.3669,800,3,0,3583,85.1225,88.3399,13.2518
30.5298,186.847,185.914,0.933809,1.66,21.1889,397962,206,0,3584,84.9157,88.2168,13.2507
30.5332,0.040902,0,0.040902,1.64,21.0108,50,0,0,3584,84.9157,88.2168,13.2496
30.5535,0.060322,0,0.060322,1.64,21.0108,50,0,0,3584,84.9157,88.2168,13.2496
30.5563,0.060315,0,0.060315,1.62,20.8327,50,0,0,3584,84.9157,88.2168,13.2496
30.5766,0.062539,0,0.062539,1.62,20.8327,50,0,0,3584,84.9157,88.2168,13.2496
30.5799,0.508284,0,0.508284,1.6,20.6546,2120,0,0,3585,84.9498,88.2499,13.2496
30.6008,0.34038,0,0.34038,1.6,20.6546,870,0,0,3586,84.949,88.2482,13.2485
30.6043,0.092949,0,0.092949,1.58,20.4766,50,0,0,3586,84.949,88.2482,13.2475
30.6259,0.742444,0,0.742444,1.58,20.4766,1500,1,0,3587,84.9657,88.264,13.2475
30.6292,0.743562,0,0.743562,1.56,20.2985,2281,0,0,3588,85.0047,88.3021,13.2464
30.6496,0.870155,0,0.870155,1.56,20.2985,2250,0,0,3589,85.0426,88.3391,13.2453
30.6555,0.626465,0,0.626465,1.54,20.1204,1350,3,0,3590,85.0554,88.351,13.2442
30.6742,0.104359,0,0.104359,1.54,20.1204,40,0,0,3590,85.0554,88.351,13.2431
30.6774,0.285019,0,0.285019,1.52,19.9424,930,27,0,3591,85.0565,88.3512,13.2431
30.6989,0.633188,0,0.633188,1.52,19.9424,1680,4,0,3592,85.0785,88.3722,13.2421
30.7018,0.22497,0,0.22497,1.5,19.7643,960,3,0,3593,85.0802,88.3729,13.241
30.724,0.926731,0,0.926731,1.5,19.7643,1560,3,0,3594,85.0985,88.3904,13.2399
30.7289,0.933143,0,0.933143,1.48,19.5862,1680,0,0,3595,85.1202,88.4111,13.2388
30.7484,0.188396,0,0.188396,1.48,19.5862,50,0,0,3595,85.1202,88.4111,13.2377
30.7527,0.659099,0,0.659099,1.46,19.4082,2092,1,0,3596,85.1549,88.4449,13.2377
30.7719,0.109988,0,0.109988,1.46,19.4082,40,0,0,3596,85.1549,88.4449,13.2367
30.7753,0.679244,0,0.679244,1.44,19.2301,1190,0,0,3597,85.1632,88.4523,13.2367
30.797,1.1762,0,1.1762,1.44,19.2301,1720,0,0,3598,85.1862,88.4744,13.2356
30.8007,0.300972,0,0.300972,1.42,19.052,1110,26,0,3599,85.1923,88.4796,13.2345
30.8233,1.24726,0,1.24726,1.42,19.052,1896,0,0,3600,85.2219,88.5083,13.2334
30.8264,0.058273,0,0.058273,1.4,18.8739,40,0,0,3600,85.2219,88.5083,13.2324
30.8481,1.47788,0,1.47788,1.4,18.8739,2140,2,0,3601,85.2566,88.5421,13.2324
30.8548,0.053472,0,0.053472,1.38,18.6959,40,0,0,3601,85.2566,88.5421,13.2313
30.8742,0.052225,0,0.052225,1.38,18.6959,40,0,0,3601,85.2566,88.5421,13.2313
30.8804,0.213823,0,0.213823,1.36,18.5178,40,0,0,3601,85.2566,88.5421,13.2313
30.9011,0.098369,0,0.098369,1.36,18.5178,40,0,0,3601,85.2566,88.5421,13.2313
30.9049,0.996972,0,0.996972,1.34,18.3397,1400,0,0,3602,85.2707,88.5552,13.2313
30.925,0.075972,0,0.075972,1.34,18.3397,40,0,0,3602,85.2707,88.5552,13.2302
30.932,0.485564,0,0.485564,1.32,18.1617,1450,0,0,3603,85.2862,88.5698,13.2302
30.9526,0.119331,0,0.119331,1.32,18.1617,40,0,0,3603,85.2862,88.5698,13.2291
30.9555,0.257071,0,0.257071,1.3,17.9836,840,0,0,3604,85.285,88.5677,13.2291
30.976,0.232208,0,0.232208,1.3,17.9836,30,0,0,3604,85.285,88.5677,13.2281
30.9835,0.452886,0,0.452886,1.28,17.8055,1500,0,0,3605,85.3021,88.5839,13.2281
31.0029,0.156278,0,0.156278,1.28,17.8055,30,0,0,3605,85.3021,88.5839,13.227
31.0093,0.018864,0,0.018864,1.26,17.6275,30,0,0,3605,85.3021,88.5839,13.227
31.0307,0.548558,0,0.548558,1.26,17.6275,1340,1,0,3606,85.3148,88.5957,13.227
31.0362,1.53073,0,1.53073,1.24,17.4494,1722,2,0,3607,85.3391,88.6191,13.2259
31.0568,0.653366,0,0.653366,1.24,17.4494,820,0,0,3608,85.3373,88.6164,13.2248
31.0616,0.601079,0,0.601079,1.22,17.2713,1310,0,0,3609,85.3491,88.6273,13.2238
31.0823,0.464878,0,0.464878,1.22,17.2713,1060,0,0,3610,85.354,88.6313,13.2227
31.0852,0.39964,0,0.39964,1.2,17.0933,1598,0,0,3611,85.3739,88.6502,13.2216
31.1054,0.28833,0,0.28833,1.2,17.0933,600,0,0,3612,85.366,88.6415,13.2206
31.1095,0.017464,0,0.017464,1.18,16.9152,30,0,0,3612,85.366,88.6415,13.2195
31.132,1.25259,0,1.25259,1.18,16.9152,1970,0,0,3613,85.3963,88.6709,13.2195
31.1389,0.967659,0,0.967659,1.16,16.7371,2230,0,0,3614,85.4336,88.7072,13.2184
31.1593,0.522932,0,0.522932,1.16,16.7371,1420,0,0,3615,85.4484,88.7212,13.2173
31.1661,1.13077,0,1.13077,1.14,16.559,1430,11,0,3616,85.4635,88.7353,13.2163
31.1871,1.15133,0,1.15133,1.14,16.559,1460,5,0,3617,85.4794,88.7503,13.2152
31.1948,1.20571,0,1.20571,1.12,16.381,1800,3,0,3618,85.505,88.775,13.2141
31.2147,0.073346,0,0.073346,1.12,16.381,20,0,0,3618,85.505,88.775,13.2131
31.2178,0.362356,0,0.362356,1.1,16.2029,1290,5,0,3619,85.5164,88.7856,13.2131
31.2389,1.17544,0,1.17544,1.1,16.2029,2086,0,0,3620,85.5508,88.8191,13.212
31.242,0.131921,0,0.131921,1.08,16.0248,20,0,0,3620,85.5508,88.8191,13.2109
31.2647,1.14888,0,1.14888,1.08,16.0248,1470,4,0,3621,85.5672,88.8346,13.2109
31.27,0.428069,0,0.428069,1.06,15.8468,860,5,0,3622,85.5668,88.8332,13.2099
31.2923,1.08083,0,1.08083,1.06,15.8468,1500,0,0,3623,85.584,88.8496,13.2088
31.2986,0.255442,0,0.255442,1.04,15.6687,20,0,0,3623,85.584,88.8496,13.2077
31.3198,0.536887,0,0.536887,1.04,15.6687,1410,9,0,3624,85.5988,88.8634,13.2077
31.3261,0.577984,0,0.577984,1.02,15.4906,800,0,0,3625,85.5967,88.8604,13.2067
31.3474,0.143255,0,0.143255,1.02,15.4906,20,0,0,3625,85.5967,88.8604,13.2056
31.3514,1.05812,0,1.05812,1,15.3126,1440,3,0,3626,85.6122,88.8751,13.2056
31.3713,0.720868,0,0.720868,1,15.3126,1020,0,0,3627,85.6162,88.8781,13.2045
31.3745,0.243655,0,0.243655,0.98,15.1345,30,0,0,3627,85.6162,88.8781,13.2035
31.3962,0.588127,0,0.588127,0.98,15.1345,1370,0,0,3628,85.6298,88.8908,13.2035
31.4006,0.448291,0,0.448291,0.96,14.9564,1390,5,0,3629,85.644,88.9041,13.2024
31.4229,1.02045,0,1.02045,0.96,14.9564,1430,1,0,3630,85.6592,88.9185,13.2013
31.4295,0.112548,0,0.112548,0.94,14.7783,20,0,0,3630,85.6592,88.9185,13.2003
31.4502,0.120387,0,0.120387,0.94,14.7783,20,0,0,3630,85.6592,88.9185,13.2003
31.4533,0.457213,0,0.457213,0.92,14.6003,1610,2,0,3631,85.6794,88.9378,13.2003
31.4736,0.266021,0,0.266021,0.92,14.6003,20,0,0,3631,85.6794,88.9378,13.1992
31.4813,1.07012,0,1.07012,0.9,14.4222,1660,2,0,3632,85.701,88.9584,13.1992
31.4999,0.619022,0,0.619022,0.9,14.4222,1060,0,0,3633,85.706,88.9626,13.1981
31.5062,0.16118,0,0.16118,0.88,14.2441,50,0,0,3633,85.706,88.9626,13.1971
31.5271,0.096392,0,0.096392,0.88,14.2441,20,0,0,3633,85.706,88.9626,13.1971
31.5601,28.4379,27.9598,0.478112,0.86,14.0661,31929,14,0,3634,85.7012,88.9568,13.1971
31.5645,0.148481,0,0.148481,0.84,13.888,20,0,0,3634,85.7012,88.9568,13.196
31.5849,0.164096,0,0.164096,0.84,13.888,20,0,0,3634,85.7012,88.9568,13.196
31.5887,0.595654,0,0.595654,0.82,13.7099,1120,29,0,3635,85.7078,88.9626,13.196
31.6089,0.651587,0,0.651587,0.82,13.7099,1260,2,0,3636,85.7184,88.9722,13.1949
31.6163,1.02511,0,1.02511,0.8,13.5319,1740,0,0,3637,85.7421,88.9951,13.1939
31.6345,0.145638,0,0.145638,0.8,13.5319,20,0,0,3637,85.7421,88.9951,13.1928
31.6377,0.318058,0,0.318058,0.78,13.3538,1110,15,0,3638,85.7485,89.0005,13.1928
31.6587,0.201567,0,0.201567,0.78,13.3538,20,0,0,3638,85.7485,89.0005,13.1918
31.664,0.010883,0,0.010883,0.76,13.1757,30,0,0,3638,85.7485,89.0005,13.1918
31.6859,0.243937,0,0.243937,0.76,13.1757,30,0,0,3638,85.7485,89.0005,13.1918
31.6918,1.40013,0,1.40013,0.74,12.9977,2374,0,0,3639,85.7901,89.0412,13.1918
31.7127,0.72362,0,0.72362,0.74,12.9977,1110,1,0,3640,85.7962,89.0464,13.1907
31.7187,0.524373,0,0.524373,0.72,12.8196,1270,2,0,3641,85.8066,89.056,13.1896
31.7398,1.20133,0,1.20133,0.72,12.8196,1490,7,0,3642,85.8232,89.0717,13.1886
31.7494,1.61933,0,1.61933,0.7,12.6415,2270,0,0,3643,85.8633,89.1109,13.1875
31.7671,0.473789,0,0.473789,0.7,12.6415,1001,1,0,3644,85.8666,89.1133,13.1865
31.773,0.620053,0,0.620053,0.68,12.4634,320,0,0,3645,85.8664,89.1122,13.1854
31.7932,0.012086,0,0.012086,0.68,12.4634,30,0,0,3645,85.8664,89.1122,13.1843
31.7974,0.03907,0,0.03907,0.66,12.2854,30,0,0,3645,85.8664,89.1122,13.1843
31.8198,1.33251,0,1.33251,0.66,12.2854,1980,5,0,3646,85.8963,89.1413,13.1843
31.8264,0.895738,0,0.895738,0.64,12.1073,1580,10,0,3647,85.9153,89.1593,13.1833
31.8476,0.513775,0,0.513775,0.64,12.1073,1130,3,0,3648,85.9219,89.165,13.1822
31.8518,0.408401,0,0.408401,0.62,11.8354,1410,3,0,3649,85.9367,89.179,13.1812
31.8721,0.348903,0,0.348903,0.62,11.8354,370,3,0,3650,85.9227,89.1641,13.1801
31.8797,0.466954,0,0.466954,0.6,11.4536,1320,0,0,3651,85.9348,89.1753,13.1791
31.8989,0.214151,0,0.214151,0.6,11.4536,20,0,0,3651,85.9348,89.1753,13.178
31.9065,1.30492,0,1.30492,0.58,11.0718,1845,0,0,3652,85.9614,89.201,13.178
31.9266,0.559903,0,0.559903,0.58,11.0718,1550,0,0,3653,85.9797,89.2185,13.1769
31.9307,0.539914,0,0.539914,0.56,10.69,1440,0,0,3654,85.9951,89.2329,13.1759
31.9513,0.044825,0,0.044825,0.56,10.69,20,0,0,3654,85.9951,89.2329,13.1748
31.9541,0.317452,0,0.317452,0.54,10.3082,1220,2,0,3655,86.0044,89.2413,13.1748
31.9755,0.588271,0,0.588271,0.54,10.3082,1410,2,0,3656,86.0189,89.2549,13.1738
31.9787,0.416224,0,0.416224,0.52,9.92644,1360,2,0,3657,86.0331,89.2683,13.1727
31.9985,0.103981,0,0.103981,0.52,9.92644,20,0,0,3657,86.0331,89.2683,13.1717
32.0047,0.890767,0,0.890767,0.5,9.54466,2196,0,0,3658,86.0692,89.3034,13.1717
32.0267,1.23579,0,1.23579,0.5,9.54466,2090,0,0,3659,86.1022,89.3356,13.1706
32.0327,0.015563,0,0.015563,0.48,9.16287,20,0,0,3659,86.1022,89.3356,13.1696
32.0541,0.52655,0,0.52655,0.48,9.16287,1450,9,0,3660,86.1178,89.3503,13.1696
32.0576,1.03823,0,1.03823,0.46,8.78108,1690,3,0,3661,86.1399,89.3715,13.1685
32.0789,1.20733,0,1.20733,0.46,8.78108,1800,3,0,3662,86.1649,89.3957,13.1674
32.0822,0.053405,0,0.053405,0.44,8.3993,20,0,0,3662,86.1649,89.3957,13.1664
32.1026,0.022965,0,0.022965,0.44,8.3993,20,0,0,3662,86.1649,89.3957,13.1664
32.109,0.642952,0,0.642952,0.42,8.01751,1440,7,0,3663,86.1802,89.41,13.1664
32.1276,0.072146,0,0.072146,0.42,8.01751,20,0,0,3663,86.1802,89.41,13.1653
32.1319,0.385051,0,0.385051,0.4,7.63573,1050,0,0,3664,86.1848,89.4138,13.1653
32.1537,1.22475,0,1.22475,0.4,7.63573,1900,2,0,3665,86.2126,89.4407,13.1643
32.1599,0.971417,0,0.971417,0.38,7.25394,1480,0,0,3666,86.2289,89.4561,13.1632
32.1803,0.494455,0,0.494455,0.38,7.25394,1170,4,0,3667,86.2367,89.463,13.1622
32.1834,0.511802,0,0.511802,0.36,6.87215,2290,0,0,3668,86.2751,89.5005,13.1611
32.2043,0.277602,0,0.277602,0.36,6.87215,710,0,0,3669,86.2704,89.495,13.1601
32.2692,62.0729,61.7298,0.343113,0.34,6.49037,60983,189,0,3670,86.1049,89.3965,13.159
32.2724,0.059613,0,0.059613,0.32,6.10858,20,0,0,3670,86.1049,89.3965,13.158
32.2922,0.163708,0,0.163708,0.32,6.10858,20,0,0,3670,86.1049,89.3965,13.158
32.2951,0.061462,0,0.061462,0.3,5.72679,20,0,0,3670,86.1049,89.3965,13.158
32.3159,0.083582,0,0.083582,0.3,5.72679,20,0,0,3670,86.1049,89.3965,13.158
32.3192,0.392529,0,0.392529,0.28,5.34501,1570,1,0,3671,86.1248,89.4154,13.158
32.3399,0.053744,0,0.053744,0.28,5.34501,20,0,0,3671,86.1248,89.4154,13.1569
32.343,0.198697,0,0.198697,0.26,4.96322,770,0,0,3672,86.1217,89.4115,13.1569
32.3639,0.81987,0,0.81987,0.26,4.96322,2178,0,0,3673,86.1579,89.4468,13.1559
32.367,0.220688,0,0.220688,0.24,4.58144,890,4,0,3674,86.1581,89.4461,13.1548
32.3878,0.070859,0,0.070859,0.24,4.58144,20,0,0,3674,86.1581,89.4461,13.1538
32.3909,0.337891,0,0.337891,0.22,4.19965,1320,5,0,3675,86.1701,89.4571,13.1538
32.4129,0.789488,0,0.789488,0.22,4.19965,1330,4,0,3676,86.1823,89.4684,13.1527
32.4189,0.690276,0,0.690276,0.2,3.81786,1160,2,0,3677,86.1898,89.4751,13.1517
32.4399,0.142585,0,0.142585,0.2,3.81786,20,0,0,3677,86.1898,89.4751,13.1507
32.4454,0.015232,0,0.015232,0.18,3.43608,20,0,0,3677,86.1898,89.4751,13.1507
32.4661,0.585972,0,0.585972,0.18,3.43608,1410,4,0,3678,86.2042,89.4886,13.1507
32.4712,0.780592,0,0.780592,0.16,3.05429,1280,0,0,3679,86.215,89.4985,13.1496
32.4897,0.428549,0,0.428549,0.16,3.05429,1050,0,0,3680,86.2196,89.5022,13.1486
32.4933,0.762566,0,0.762566,0.14,2.6725,1300,0,0,3681,86.2309,89.5126,13.1475
32.5156,1.53927,0,1.53927,0.14,2.6725,2290,0,0,3682,86.2691,89.55,13.1465
32.5212,0.109961,0,0.109961,0.12,2.29072,20,0,0,3682,86.2691,89.55,13.1454
32.5441,1.38183,0,1.38183,0.12,2.29072,2150,0,0,3683,86.3036,89.5835,13.1454
32.5505,0.242167,0,0.242167,0.1,1.90893,20,0,0,3683,86.3036,89.5835,13.1444
32.5731,1.56529,0,1.56529,0.1,1.90893,2388,1,0,3684,86.3453,89.6243,13.1444
32.5808,0.960007,0,0.960007,0.08,1.52715,1460,1,0,3685,86.3609,89.6391,13.1433
32.601,0.12482,0,0.12482,0.08,1.52715,20,0,0,3685,86.3609,89.6391,13.1423
32.6087,0.952117,0,0.952117,0.06,1.14536,1490,7,0,3686,86.3774,89.6546,13.1423
32.6291,1.12279,0,1.12279,0.06,1.14536,1650,0,0,3687,86.3982,89.6745,13.1412
32.6362,0.581384,0,0.581384,0.04,0.763573,690,0,0,3688,86.3929,89.6684,13.1402
32.6551,0.630592,0,0.630592,0.04,0.763573,1390,2,0,3689,86.4066,89.6812,13.1392
