elapsed_s,total_latency_ms,update_ms,plan_ms,time_to_goal,path_cost,obstacle_checks,queue_operations,collision_count,tree_size,avg_deg_out,avg_deg_in,radius
0.109476,109.067,42.2106,66.8563,30,156.373,10214,664,0,793,16.0517,16.0517,20
0.112859,1.68105,0,1.68105,29.98,156.31,48,2,0,794,16.0756,16.0756,20
0.132938,1.44899,0,1.44899,29.98,156.31,57,4,0,796,16.0691,16.0691,20
0.136522,2.35223,0,2.35223,29.96,148.541,106,5,0,798,16.094,16.094,20
0.155636,1.33975,0,1.33975,29.96,148.541,82,14,0,799,16.0926,16.0926,20
0.158259,1.30734,0,1.30734,29.94,148.485,52,4,0,801,16.0949,16.0949,20
0.178707,1.26196,0,1.26196,29.94,148.485,48,2,0,802,16.101,16.101,20
0.180232,0.306998,0,0.306998,29.92,148.428,30,0,0,802,16.101,16.101,20
0.200722,0.243198,0,0.243198,29.92,148.428,40,1,0,803,16.0847,16.0847,20
0.203978,1.83989,0,1.83989,29.9,148.371,50,2,0,804,16.107,16.107,20
0.222604,0.070504,0,0.070504,29.9,148.371,40,0,0,804,16.107,16.107,20
0.225334,1.04197,0,1.04197,29.88,148.315,66,2,0,805,16.1118,16.1118,20
0.251097,6.20124,0,6.20124,29.88,148.315,223,18,0,807,16.171,16.171,20
0.255534,2.80438,0,2.80438,29.86,148.258,120,6,0,808,16.1968,16.1968,20
0.273866,0.629906,0,0.629906,29.86,148.258,50,2,0,809,16.1817,16.1817,20
0.277982,2.40669,0,2.40669,29.84,148.202,70,8,0,810,16.1938,16.1938,20
0.300503,4.46689,0,4.46689,29.84,148.202,101,4,0,812,16.2365,16.2365,20
0.302659,0.260139,0,0.260139,29.82,148.145,40,0,0,812,16.2365,16.2365,20
0.323983,1.35337,0,1.35337,29.82,148.145,60,4,0,813,16.2485,16.2485,20
0.327961,0.904553,0,0.904553,29.8,148.089,40,0,0,813,16.2485,16.2485,20
0.348935,1.75386,0,1.75386,29.8,148.089,40,0,0,813,16.2485,16.2485,20
0.354026,2.19227,0,2.19227,29.78,148.032,90,14,0,815,16.2638,16.2638,20
0.373861,2.18893,0,2.18893,29.78,148.032,53,2,0,816,16.2855,16.2855,20
0.377434,2.13583,0,2.13583,29.76,147.976,68,2,0,818,16.2922,16.2922,20
0.397022,1.06077,0,1.06077,29.76,147.976,50,2,0,819,16.2894,16.2894,20
0.398634,0.148695,0,0.148695,29.74,147.919,40,0,0,819,16.2894,16.2894,20
0.419214,0.575374,0,0.575374,29.74,147.919,50,1,0,820,16.2744,16.2744,20
0.422234,1.60647,0,1.60647,29.72,147.863,88,4,0,822,16.2774,16.2774,20
0.445501,4.09322,0,4.09322,29.72,147.863,60,3,0,824,16.3107,16.3107,20
0.449635,2.0075,0,2.0075,29.7,147.806,65,2,0,825,16.3333,16.3333,20
0.484469,15.6831,0,15.6831,29.7,147.806,579,39,0,827,16.3628,16.3628,20
0.488698,2.67764,0,2.67764,29.68,147.75,98,6,0,829,16.4101,16.4101,20
0.514496,7.46007,0,7.46007,29.68,147.75,202,10,0,831,16.4513,16.4513,20
0.521081,4.48508,0,4.48508,29.66,147.694,171,0,0,832,16.4663,16.4663,20
0.546053,9.09694,0,9.09694,29.66,147.694,213,30,0,834,16.5276,16.5276,20
0.548843,1.29397,0,1.29397,29.64,147.637,88,6,0,835,16.5329,16.5329,20
0.569892,1.39495,0,1.39495,29.64,147.637,50,2,0,836,16.5371,16.5371,20
0.574743,2.23522,0,2.23522,29.62,147.581,75,4,0,838,16.5274,16.5274,20
0.596093,3.17821,0,3.17821,29.62,147.581,95,2,0,839,16.5352,16.5352,20
0.602745,4.06482,0,4.06482,29.6,147.525,126,6,0,841,16.5636,16.5636,20
0.621621,2.97052,0,2.97052,29.6,147.525,70,6,0,843,16.6216,16.6216,20
0.623776,0.604613,0,0.604613,29.58,147.468,50,2,0,844,16.6185,16.6185,20
0.646669,3.21574,0,3.21574,29.58,147.468,97,4,0,846,16.6797,16.6797,20
0.652485,3.23389,0,3.23389,29.56,147.412,60,4,0,847,16.6919,16.6919,20
0.672574,2.88299,0,2.88299,29.56,147.412,72,2,0,848,16.7182,16.7182,20
0.67593,1.73647,0,1.73647,29.54,147.356,60,4,0,849,16.7326,16.7326,20
0.695228,0.487426,0,0.487426,29.54,147.356,40,0,0,849,16.7326,16.7326,20
0.698566,2.03012,0,2.03012,29.52,147.3,79,4,0,851,16.7497,16.7497,20
0.718066,0.766621,0,0.766621,29.52,147.3,40,0,0,851,16.7497,16.7497,20
0.721634,1.2234,0,1.2234,29.5,147.244,65,2,0,852,16.7535,16.7535,20
0.749227,8.07367,0,8.07367,29.5,147.244,87,4,0,854,16.829,16.829,20
0.754645,2.8655,0,2.8655,29.48,147.188,80,6,0,856,16.8306,16.8306,20
0.777533,5.26318,0,5.26318,29.48,147.188,181,10,0,857,16.8565,16.8565,20
0.785377,5.23348,0,5.23348,29.46,147.132,147,2,0,859,16.8719,16.8719,20
0.803782,3.54667,0,3.54667,29.46,147.132,50,2,0,860,16.9233,16.9233,20
0.807032,1.32923,0,1.32923,29.44,147.076,50,1,0,861,16.9245,16.9245,20
0.833044,6.81753,0,6.81753,29.44,147.076,104,4,0,863,16.9791,16.9791,20
0.83722,2.09468,0,2.09468,29.42,147.02,62,2,0,864,16.9884,16.9884,20
0.862762,7.1943,0,7.1943,29.42,147.02,196,14,0,866,17.0127,17.0127,20
0.869009,3.7558,0,3.7558,29.4,146.964,84,4,0,867,17.0415,17.0415,20
0.888056,2.60074,0,2.60074,29.4,146.964,60,4,0,869,17.0345,17.0345,20
0.894134,3.2683,0,3.2683,29.38,146.908,50,2,0,870,17.0713,17.0713,20
0.910446,0.129821,0,0.129821,29.38,146.908,40,0,0,870,17.0713,17.0713,20
0.913215,1.36316,0,1.36316,29.36,146.852,77,2,0,871,17.0804,17.0804,20
0.93508,2.62375,0,2.62375,29.36,146.852,60,4,0,873,17.1054,17.1054,20
0.937368,0.801563,0,0.801563,29.34,146.796,80,2,0,874,17.1121,17.1121,20
0.961885,4.11139,0,4.11139,29.34,146.796,68,2,0,875,17.1383,17.1383,20
0.9693,4.98004,0,4.98004,29.32,146.74,185,16,0,877,17.1916,17.1916,20
0.986712,2.71352,0,2.71352,29.32,146.74,78,2,0,878,17.2153,17.2153,20
0.992688,2.92229,0,2.92229,29.3,146.684,50,2,0,879,17.2332,17.2332,20
1.01096,1.45249,0,1.45249,29.3,146.684,70,6,0,881,17.2293,17.2293,20
1.01464,2.26848,0,2.26848,29.28,146.629,60,4,0,883,17.2593,17.2593,20
1.03507,2.02993,0,2.02993,29.28,146.629,125,0,0,884,17.2613,17.2613,20
1.0391,1.85284,0,1.85284,29.26,146.573,70,6,0,885,17.2791,17.2791,20
1.06105,3.25581,0,3.25581,29.26,146.573,60,4,0,887,17.3078,17.3078,20
1.06266,0.091443,0,0.091443,29.24,146.517,40,0,0,887,17.3078,17.3078,20
1.08534,2.54037,0,2.54037,29.24,146.517,50,2,0,888,17.3052,17.3052,20
1.09102,2.80041,0,2.80041,29.22,146.462,100,4,0,890,17.3404,17.3404,20
1.10952,0.714141,0,0.714141,29.22,146.462,40,0,0,890,17.3404,17.3404,20
1.12153,8.87886,0,8.87886,29.2,146.406,206,7,0,892,17.3655,17.3655,20
1.13381,1.18205,0,1.18205,29.2,146.406,50,2,0,893,17.3583,17.3583,20
1.13805,2.21274,0,2.21274,29.18,146.351,50,2,0,894,17.3669,17.3669,20
1.16189,6.07932,0,6.07932,29.18,146.351,473,92,0,895,17.3777,17.3777,20
1.16669,3.44616,0,3.44616,29.16,146.295,94,6,0,897,17.4348,17.4348,20
1.18445,0.48425,0,0.48425,29.16,146.295,40,0,0,897,17.4348,17.4348,20
1.18698,0.919661,0,0.919661,29.14,146.24,59,2,0,898,17.441,17.441,20
1.21056,4.10807,0,4.10807,29.14,146.24,163,2,0,900,17.4789,17.4789,20
1.21796,4.72617,0,4.72617,29.12,146.184,82,3,0,902,17.4978,17.4978,20
1.23603,2.73135,0,2.73135,29.12,146.184,76,4,0,904,17.5055,17.5055,20
1.24034,2.61872,0,2.61872,29.1,146.129,156,2,0,906,17.5055,17.5055,20
1.26204,3.81315,0,3.81315,29.1,146.129,123,10,0,908,17.5529,17.5529,20
1.26484,1.45052,0,1.45052,29.08,146.074,105,4,0,909,17.5699,17.5699,20
1.28887,4.89733,0,4.89733,29.08,146.074,171,4,0,911,17.5939,17.5939,20
1.2936,2.93386,0,2.93386,29.06,146.018,63,4,0,912,17.614,17.614,20
1.31108,0.214062,0,0.214062,29.06,146.018,40,0,0,912,17.614,17.614,20
1.31668,3.35041,0,3.35041,29.04,145.963,127,6,0,913,17.6407,17.6407,20
1.3377,3.57431,0,3.57431,29.04,145.963,74,2,0,914,17.6565,17.6565,20
1.34596,5.27784,0,5.27784,29.02,145.908,50,2,0,915,17.6929,17.6929,20
1.36346,2.7243,0,2.7243,29.02,145.908,140,20,0,916,17.7041,17.7041,20
1.36711,2.28312,0,2.28312,29,145.853,50,2,0,917,17.7415,17.7415,20
1.39023,4.51394,0,4.51394,29,145.853,139,6,0,919,17.8096,17.8096,20
1.39303,1.50979,0,1.50979,28.98,145.798,50,2,0,920,17.8337,17.8337,20
1.41426,2.3296,0,2.3296,28.98,145.798,95,2,0,921,17.874,17.874,20
1.42055,4.77276,0,4.77276,28.96,145.743,206,2,0,923,17.9155,17.9155,20
1.43875,2.6114,0,2.6114,28.96,145.743,65,2,0,924,17.9297,17.9297,20
1.4429,2.27235,0,2.27235,28.94,145.688,144,0,0,925,17.9438,17.9438,20
1.46916,7.82542,0,7.82542,28.94,145.688,295,16,0,926,17.987,17.987,20
1.4743,2.59613,0,2.59613,28.92,145.633,50,2,0,927,17.9946,17.9946,20
1.49514,3.021,0,3.021,28.92,145.633,50,2,0,928,18.0097,18.0097,20
1.50028,2.78168,0,2.78168,28.9,145.578,50,2,0,929,18.0118,18.0118,20
1.52329,5.22577,0,5.22577,28.9,145.578,195,11,0,931,18.044,18.044,20
1.5285,3.53892,0,3.53892,28.88,145.523,112,5,0,932,18.0633,18.0633,20
1.54648,1.43536,0,1.43536,28.88,145.523,70,2,0,933,18.0815,18.0815,20
1.54808,0.005306,0,0.005306,28.86,145.468,40,0,0,933,18.0815,18.0815,20
1.57157,3.08169,0,3.08169,28.86,145.468,100,2,0,934,18.1006,18.1006,20
1.57833,3.72545,0,3.72545,28.84,145.413,50,2,0,935,18.1262,18.1262,20
1.59813,3.05406,0,3.05406,28.84,145.413,50,2,0,936,18.1325,18.1325,20
1.60245,1.99644,0,1.99644,28.82,145.359,50,2,0,937,18.1718,18.1718,20
1.62375,2.42359,0,2.42359,28.82,145.359,67,3,0,939,18.148,18.148,20
1.63205,5.3969,0,5.3969,28.8,145.304,82,7,0,941,18.1594,18.1594,20
1.6528,5.51879,0,5.51879,28.8,145.304,123,2,0,942,18.1815,18.1815,20
1.65771,3.36183,0,3.36183,28.78,145.249,96,4,0,944,18.2468,18.2468,20
1.67858,3.53566,0,3.53566,28.78,145.249,82,2,0,945,18.2582,18.2582,20
1.68522,3.44557,0,3.44557,28.76,145.194,69,2,0,946,18.2822,18.2822,20
1.70491,3.51938,0,3.51938,28.76,145.194,124,4,0,948,18.3217,18.3217,20
1.70857,2.2551,0,2.2551,28.74,145.139,50,2,0,949,18.3541,18.3541,20
1.72894,1.56161,0,1.56161,28.74,145.139,40,0,0,949,18.3541,18.3541,20
1.73205,1.3559,0,1.3559,28.72,145.085,70,6,0,950,18.3547,18.3547,20
1.75484,2.9769,0,2.9769,28.72,145.085,84,7,0,951,18.3617,18.3617,20
1.76224,4.04207,0,4.04207,28.7,144.371,60,4,0,953,18.3725,18.3725,20
1.78551,6.74842,0,6.74842,28.7,144.371,118,6,0,955,18.3832,18.3832,20
1.79595,7.13515,0,7.13515,28.68,144.316,140,21,0,957,18.4044,18.4044,20
1.81006,1.30374,0,1.30374,28.68,144.316,40,0,0,957,18.4044,18.4044,20
1.81371,0.558517,0,0.558517,28.66,144.261,40,0,0,957,18.4044,18.4044,20
1.86027,27.4215,0,27.4215,28.66,144.261,1664,249,0,959,18.4453,18.4453,20
1.86495,2.81295,0,2.81295,28.64,144.207,70,6,0,960,18.4729,18.4729,20
1.885,2.56024,0,2.56024,28.64,144.207,61,2,0,961,18.4787,18.4787,20
1.88918,2.11213,0,2.11213,28.62,144.152,60,2,0,962,18.4938,18.4938,20
1.90989,2.55059,0,2.55059,28.62,144.152,110,15,0,964,18.5187,18.5187,20
1.91204,0.541141,0,0.541141,28.6,144.097,40,0,0,964,18.5187,18.5187,20
1.93241,0.698179,0,0.698179,28.6,144.097,50,2,0,965,18.5078,18.5078,20
1.93734,3.15064,0,3.15064,28.58,144.042,174,41,0,967,18.5191,18.5191,20
1.96004,5.47851,0,5.47851,28.58,144.042,241,16,0,969,18.5955,18.5955,20
1.96275,1.38674,0,1.38674,28.56,143.988,88,4,0,970,18.6175,18.6175,20
1.98574,3.45785,0,3.45785,28.56,143.988,98,4,0,971,18.6416,18.6416,20
1.99324,4.77057,0,4.77057,28.54,143.933,69,4,0,972,18.6739,18.6739,20
2.01071,1.83619,0,1.83619,28.54,143.933,50,2,0,973,18.6691,18.6691,20
2.01712,3.70985,0,3.70985,28.52,143.878,113,4,0,974,18.6899,18.6899,20
2.0423,8.85468,0,8.85468,28.52,143.878,258,2,0,976,18.7111,18.7111,20
2.04634,1.00717,0,1.00717,28.5,143.823,50,2,0,977,18.7011,18.7011,20
2.06683,1.92308,0,1.92308,28.5,143.823,51,2,0,978,18.7035,18.7035,20
2.07133,1.79442,0,1.79442,28.48,143.769,50,1,0,979,18.6987,18.6987,20
2.09079,0.428913,0,0.428913,28.48,143.769,50,0,0,979,18.6987,18.6987,20
2.0964,2.82354,0,2.82354,28.46,143.714,60,2,0,980,18.7082,18.7082,20
2.11509,1.39167,0,1.39167,28.46,143.714,50,0,0,980,18.7082,18.7082,20
2.11764,0.827105,0,0.827105,28.44,143.659,50,0,0,980,18.7082,18.7082,20
2.14159,3.53648,0,3.53648,28.44,143.659,60,2,0,981,18.7095,18.7095,20
2.15079,4.90285,0,4.90285,28.42,143.604,130,8,0,983,18.7721,18.7721,20
2.16699,1.90224,0,1.90224,28.42,143.604,69,2,0,984,18.7825,18.7825,20
2.1699,1.24191,0,1.24191,28.4,143.549,60,2,0,985,18.7949,18.7949,20
2.19099,1.6197,0,1.6197,28.4,143.549,90,0,0,986,18.789,18.789,20
2.19259,0.0572,0,0.0572,28.38,143.495,50,0,0,986,18.789,18.789,20
2.21554,1.69176,0,1.69176,28.38,143.495,60,2,0,987,18.7953,18.7953,20
2.21788,0.279505,0,0.279505,28.36,143.44,50,0,0,987,18.7953,18.7953,20
2.23752,0.136449,0,0.136449,28.36,143.44,50,0,0,987,18.7953,18.7953,20
2.24042,0.501651,0,0.501651,28.34,143.385,60,1,0,988,18.7804,18.7804,20
2.26275,2.82589,0,2.82589,28.34,143.385,100,8,0,990,18.796,18.796,20
2.27271,6.99676,0,6.99676,28.32,143.33,183,0,0,991,18.8063,18.8063,20
2.28825,2.92301,0,2.92301,28.32,143.33,181,1,0,993,18.8056,18.8056,20
2.29379,3.82309,0,3.82309,28.3,143.276,83,4,0,995,18.8754,18.8754,20
2.31466,3.63923,0,3.63923,28.3,143.276,70,2,0,996,18.8946,18.8946,20
2.32134,3.6706,0,3.6706,28.28,143.221,146,6,0,998,18.9499,18.9499,20
2.34082,2.96838,0,2.96838,28.28,143.221,82,4,0,1000,18.957,18.957,20
2.34831,4.05303,0,4.05303,28.26,143.166,168,0,0,1001,18.958,18.958,20
2.3729,8.63725,0,8.63725,28.26,143.166,384,18,0,1003,18.9801,18.9801,20
2.37623,1.39001,0,1.39001,28.24,143.111,70,2,0,1004,18.995,18.995,20
2.40467,9.36135,0,9.36135,28.24,143.111,579,30,0,1005,19.0179,19.0179,20
2.4081,0.377916,0,0.377916,28.22,143.057,60,0,0,1005,19.0179,19.0179,20
2.43354,5.89723,0,5.89723,28.22,143.057,80,4,0,1007,19.0556,19.0556,20
2.44058,3.87103,0,3.87103,28.2,143.002,106,5,0,1009,19.0575,19.0575,20
2.46544,8.5813,0,8.5813,28.2,143.002,349,17,0,1011,19.0712,19.0712,20
2.47068,2.68247,0,2.68247,28.18,142.947,120,8,0,1012,19.1047,19.1047,20
2.49092,1.95434,0,1.95434,28.18,142.947,85,2,0,1013,19.1037,19.1037,20
2.49879,4.88666,0,4.88666,28.16,142.892,113,8,0,1015,19.1389,19.1389,20
2.51613,1.65886,0,1.65886,28.16,142.892,62,2,0,1016,19.1358,19.1358,20
2.52158,2.46042,0,2.46042,28.14,142.838,77,3,0,1018,19.1336,19.1336,20
2.54249,2.90468,0,2.90468,28.14,142.838,127,6,0,1020,19.1578,19.1578,20
2.54623,1.89179,0,1.89179,28.12,142.783,154,50,0,1021,19.1704,19.1704,20
2.56803,2.68117,0,2.68117,28.12,142.783,116,4,0,1022,19.182,19.182,20
2.57153,1.29456,0,1.29456,28.1,142.728,92,2,0,1023,19.1867,19.1867,20
2.59454,3.52735,0,3.52735,28.1,142.728,128,3,0,1025,19.1912,19.1912,20
2.59961,2.35566,0,2.35566,28.08,142.673,80,4,0,1026,19.2018,19.2018,20
2.62122,3.96206,0,3.96206,28.08,142.673,114,6,0,1027,19.2337,19.2337,20
2.62809,3.72556,0,3.72556,28.06,142.618,80,4,0,1029,19.2945,19.2945,20
2.64901,4.21908,0,4.21908,28.06,142.618,200,2,0,1031,19.3181,19.3181,20
2.65525,4.23448,0,4.23448,28.04,142.564,103,2,0,1032,19.3527,19.3527,20
2.68176,10.0034,0,10.0034,28.04,142.564,429,44,0,1034,19.3801,19.3801,20
2.688,3.13767,0,3.13767,28.02,142.509,114,2,0,1035,19.4048,19.4048,20
2.70524,0.217122,0,0.217122,28.02,142.509,60,0,0,1035,19.4048,19.4048,20
2.70767,0.594544,0,0.594544,28,142.454,60,0,0,1035,19.4048,19.4048,20
2.72885,1.12813,0,1.12813,28,142.454,91,2,0,1036,19.4073,19.4073,20
2.73309,2.35143,0,2.35143,27.98,142.399,195,1,0,1038,19.3998,19.3998,20
2.75377,1.8742,0,1.8742,27.98,142.399,70,2,0,1039,19.411,19.411,20
2.75718,0.602287,0,0.602287,27.96,142.345,70,1,0,1040,19.4019,19.4019,20
2.78364,6.93806,0,6.93806,27.96,142.345,335,12,0,1042,19.405,19.405,20
2.78967,2.74247,0,2.74247,27.94,142.29,124,4,0,1044,19.4301,19.4301,20
2.81387,6.09384,0,6.09384,27.94,142.29,223,11,0,1045,19.4526,19.4526,20
2.81823,0.772466,0,0.772466,27.92,142.235,70,0,0,1045,19.4526,19.4526,20
2.84464,6.26722,0,6.26722,27.92,142.235,159,6,0,1046,19.4904,19.4904,20
2.8515,3.09556,0,3.09556,27.9,142.18,102,5,0,1048,19.5143,19.5143,20
2.87071,2.30031,0,2.30031,27.9,142.18,123,6,0,1050,19.5314,19.5314,20
2.88666,12.6128,0,12.6128,27.88,142.126,702,38,0,1052,19.5694,19.5694,20
2.89792,4.13814,0,4.13814,27.88,142.126,167,8,0,1054,19.5939,19.5939,20
2.90459,3.51233,0,3.51233,27.86,142.071,231,5,0,1056,19.6089,19.6089,20
2.93296,11.5644,0,11.5644,27.86,142.071,729,61,0,1057,19.6556,19.6556,20
2.94235,5.60496,0,5.60496,27.84,142.016,147,6,0,1059,19.695,19.695,20
2.95895,2.71073,0,2.71073,27.84,142.016,111,4,0,1061,19.7154,19.7154,20
2.96131,0.227368,0,0.227368,27.82,141.961,80,0,0,1061,19.7154,19.7154,20
2.9873,5.37921,0,5.37921,27.82,141.961,255,6,0,1063,19.7789,19.7789,20
2.99124,1.69807,0,1.69807,27.8,141.907,110,4,0,1064,19.8111,19.8111,20
3.01202,1.51175,0,1.51175,27.8,141.907,100,2,0,1065,19.8207,19.8207,20
3.01575,1.68202,0,1.68202,27.78,141.852,128,6,0,1066,19.8396,19.8396,20
3.0358,0.861374,0,0.861374,27.78,141.852,80,0,0,1066,19.8396,19.8396,20
3.04074,2.23052,0,2.23052,27.76,141.797,118,6,0,1067,19.865,19.865,20
3.06038,1.09341,0,1.09341,27.76,141.797,80,0,0,1067,19.865,19.865,20
3.06652,2.75718,0,2.75718,27.74,141.742,90,2,0,1068,19.8783,19.8783,20
3.09435,10.3156,0,10.3156,27.74,141.742,556,104,0,1070,19.9093,19.9093,20
3.10165,3.58348,0,3.58348,27.72,141.688,154,6,0,1071,19.916,19.916,20
3.11923,1.59131,0,1.59131,27.72,141.688,142,1,0,1072,19.9151,19.9151,20
3.12494,2.38051,0,2.38051,27.7,141.633,103,2,0,1073,19.9245,19.9245,20
3.14482,2.23403,0,2.23403,27.7,141.633,153,2,0,1074,19.9507,19.9507,20
3.14904,1.31652,0,1.31652,27.68,141.578,90,1,0,1075,19.9386,19.9386,20
3.17016,2.1653,0,2.1653,27.68,141.578,90,2,0,1076,19.96,19.96,20
3.17663,3.16419,0,3.16419,27.66,141.523,90,2,0,1077,19.9629,19.9629,20
3.20016,6.43592,0,6.43592,27.66,141.523,170,15,0,1079,19.9917,19.9917,20
3.20909,5.77202,0,5.77202,27.64,141.468,305,12,0,1081,20.0231,20.0231,20
3.22442,0.672098,0,0.672098,27.64,141.468,90,0,0,1081,20.0231,20.0231,20
3.23248,5.15099,0,5.15099,27.62,141.414,139,4,0,1083,20.0462,20.0462,20
3.24768,0.041178,0,0.041178,27.62,141.414,90,0,0,1083,20.0462,20.0462,20
3.25565,4.87805,0,4.87805,27.6,141.359,110,4,0,1085,20.0673,20.0673,20
3.27391,3.13537,0,3.13537,27.6,141.359,110,4,0,1086,20.1169,20.1169,20
3.28143,3.82656,0,3.82656,27.58,141.304,165,0,0,1087,20.1205,20.1205,20
3.30019,2.01973,0,2.01973,27.58,141.304,100,2,0,1088,20.1268,20.1268,20
3.30715,3.40632,0,3.40632,27.56,141.249,134,2,0,1089,20.1423,20.1423,20
3.33896,15.0422,0,15.0422,27.56,141.249,991,42,0,1091,20.187,20.187,20
3.3493,7.16038,0,7.16038,27.54,141.195,120,6,0,1093,20.258,20.258,20
3.36683,4.49963,0,4.49963,27.54,141.195,155,4,0,1095,20.3059,20.3059,20
3.37183,2.78878,0,2.78878,27.52,141.14,119,2,0,1097,20.3318,20.3318,20
3.39156,1.81993,0,1.81993,27.52,141.14,100,2,0,1098,20.3506,20.3506,20
3.40333,8.92354,0,8.92354,27.5,141.085,860,119,0,1099,20.3521,20.3521,20
3.41909,4.09545,0,4.09545,27.5,141.085,155,6,0,1101,20.3724,20.3724,20
3.42535,3.00797,0,3.00797,27.48,141.03,112,2,0,1102,20.3984,20.3984,20
3.45379,10.98,0,10.98,27.48,141.03,772,54,0,1104,20.4393,20.4393,20
3.45856,1.89347,0,1.89347,27.46,140.976,128,4,0,1105,20.4661,20.4661,20
3.48017,2.76283,0,2.76283,27.46,140.976,110,2,0,1106,20.4873,20.4873,20
3.48715,3.91238,0,3.91238,27.44,140.921,235,14,0,1107,20.5023,20.5023,20
3.50827,4.38834,0,4.38834,27.44,140.921,203,2,0,1108,20.5298,20.5298,20
3.5149,3.69315,0,3.69315,27.42,140.866,177,2,0,1109,20.5356,20.5356,20
3.53251,0.657295,0,0.657295,27.42,140.866,90,0,0,1109,20.5356,20.5356,20
3.53712,2.30371,0,2.30371,27.4,140.811,100,2,0,1110,20.5721,20.5721,20
3.5561,0.530427,0,0.530427,27.4,140.811,90,0,0,1110,20.5721,20.5721,20
3.56372,4.63449,0,4.63449,27.38,140.757,135,4,0,1112,20.6061,20.6061,20
3.58281,3.22004,0,3.22004,27.38,140.757,132,4,0,1114,20.64,20.64,20
3.58533,0.198614,0,0.198614,27.36,140.702,90,0,0,1114,20.64,20.64,20
3.6078,1.69309,0,1.69309,27.36,140.702,100,2,0,1115,20.6565,20.6565,20
3.61214,1.96687,0,1.96687,27.34,140.647,120,5,0,1116,20.6559,20.6559,20
3.63409,2.98643,0,2.98643,27.34,140.647,110,4,0,1118,20.6843,20.6843,20
3.63938,2.32214,0,2.32214,27.32,140.592,100,2,0,1119,20.6979,20.6979,20
3.66007,2.69509,0,2.69509,27.32,140.592,139,2,0,1120,20.7268,20.7268,20
3.66484,2.30662,0,2.30662,27.3,140.537,100,2,0,1121,20.7484,20.7484,20
3.68548,2.45691,0,2.45691,27.3,140.537,196,4,0,1123,20.7507,20.7507,20
3.6883,0.338298,0,0.338298,27.28,140.483,90,0,0,1123,20.7507,20.7507,20
3.71342,4.52772,0,4.52772,27.28,140.483,146,8,0,1125,20.8027,20.8027,20
3.71999,3.65253,0,3.65253,27.26,140.428,247,10,0,1126,20.8348,20.8348,20
3.74047,3.08029,0,3.08029,27.26,140.428,147,6,0,1128,20.8493,20.8493,20
3.75001,6.20338,0,6.20338,27.24,140.373,311,17,0,1130,20.8735,20.8735,20
3.76774,3.32596,0,3.32596,27.24,140.373,161,6,0,1132,20.8887,20.8887,20
3.77318,2.63711,0,2.63711,27.22,140.318,134,4,0,1134,20.9039,20.9039,20
3.79374,2.41967,0,2.41967,27.22,140.318,148,6,0,1135,20.9181,20.9181,20
3.79856,1.47796,0,1.47796,27.2,140.264,116,2,0,1136,20.9199,20.9199,20
3.82006,2.89682,0,2.89682,27.2,140.264,240,16,0,1137,20.9367,20.9367,20
3.82575,2.4234,0,2.4234,27.18,140.209,126,4,0,1139,20.9438,20.9438,20
3.84765,3.90672,0,3.90672,27.18,140.209,359,64,0,1140,20.9553,20.9553,20
3.85378,2.82062,0,2.82062,27.16,140.154,116,2,0,1141,20.9851,20.9851,20
3.87436,2.73303,0,2.73303,27.16,140.154,183,4,0,1142,21.0079,21.0079,20
3.88497,7.1918,0,7.1918,27.14,140.099,200,4,0,1144,21.0577,21.0577,20
3.90253,4.22533,0,4.22533,27.14,140.099,184,2,0,1145,21.0838,21.0838,20
3.92217,16.2121,0,16.2121,27.12,140.045,1106,120,0,1146,21.1134,21.1134,20
3.92814,1.50099,0,1.50099,27.12,140.045,116,2,0,1147,21.116,21.116,20
3.93322,2.24499,0,2.24499,27.1,139.99,132,4,0,1148,21.1307,21.1307,20
3.95167,0.257834,0,0.257834,27.1,139.99,106,0,0,1148,21.1307,21.1307,20
3.96034,5.40935,0,5.40935,27.08,139.935,220,20,0,1150,21.1565,21.1565,20
3.97769,1.95233,0,1.95233,27.08,139.935,116,2,0,1151,21.1625,21.1625,20
3.98925,7.86648,0,7.86648,27.06,139.88,350,22,0,1153,21.2012,21.2012,20
4.00434,2.50619,0,2.50619,27.06,139.88,126,2,0,1154,21.2088,21.2088,20
4.00926,1.63788,0,1.63788,27.04,139.826,185,5,0,1156,21.2111,21.2111,20
4.02998,1.9142,0,1.9142,27.04,139.826,146,7,0,1158,21.2176,21.2176,20
4.03449,1.39155,0,1.39155,27.02,139.771,116,2,0,1159,21.2209,21.2209,20
4.05743,3.65212,0,3.65212,27.02,139.771,233,2,0,1161,21.2283,21.2283,20
4.06164,1.20847,0,1.20847,27,139.716,146,2,0,1163,21.2132,21.2132,20
4.08503,3.70097,0,3.70097,27,139.716,136,6,0,1165,21.2163,21.2163,20
4.09647,6.98592,0,6.98592,26.98,139.661,232,8,0,1167,21.2348,21.2348,20
4.11187,2.29106,0,2.29106,26.98,139.661,117,2,0,1168,21.2474,21.2474,20
4.11649,0.700427,0,0.700427,26.96,139.607,106,0,0,1168,21.2474,21.2474,20
4.1369,0.858538,0,0.858538,26.96,139.607,116,2,0,1169,21.2395,21.2395,20
4.13961,0.126829,0,0.126829,26.94,139.552,106,0,0,1169,21.2395,21.2395,20
4.16455,3.30978,0,3.30978,26.94,139.552,135,4,0,1171,21.2699,21.2699,20
4.17415,5.91433,0,5.91433,26.92,139.497,176,18,0,1173,21.312,21.312,20
4.19499,6.17394,0,6.17394,26.92,139.497,202,8,0,1175,21.3626,21.3626,20
4.20213,4.01289,0,4.01289,26.9,139.442,176,14,0,1177,21.4002,21.4002,20
4.22156,2.86849,0,2.86849,26.9,139.442,217,2,0,1178,21.4236,21.4236,20
4.2253,0.195189,0,0.195189,26.88,139.387,106,0,0,1178,21.4236,21.4236,20
4.24747,2.21662,0,2.21662,26.88,139.387,184,3,0,1180,21.4297,21.4297,20
4.25251,2.24879,0,2.24879,26.86,139.333,142,4,0,1181,21.4547,21.4547,20
4.27764,6.45445,0,6.45445,26.86,139.333,420,58,0,1183,21.4675,21.4675,20
4.28561,3.78119,0,3.78119,26.84,139.278,146,6,0,1185,21.4937,21.4937,20
4.30322,1.26561,0,1.26561,26.84,139.278,116,2,0,1186,21.4941,21.4941,20
4.30749,1.62999,0,1.62999,26.82,139.223,116,2,0,1187,21.5105,21.5105,20
4.33105,3.79635,0,3.79635,26.82,139.223,155,4,0,1189,21.5248,21.5248,20
4.33633,1.37012,0,1.37012,26.8,139.168,126,3,0,1190,21.5235,21.5235,20
4.35536,0.245072,0,0.245072,26.8,139.168,106,0,0,1190,21.5235,21.5235,20
4.35956,1.4686,0,1.4686,26.78,139.114,144,4,0,1191,21.5374,21.5374,20
4.38479,5.64769,0,5.64769,26.78,139.114,136,6,0,1193,21.5717,21.5717,20
4.39024,2.16607,0,2.16607,26.76,139.059,126,4,0,1195,21.5824,21.5824,20
4.41198,3.12086,0,3.12086,26.76,139.059,146,9,0,1196,21.5962,21.5962,20
4.41982,3.81176,0,3.81176,26.74,139.004,157,2,0,1197,21.6082,21.6082,20
4.43723,0.693578,0,0.693578,26.74,139.004,106,0,0,1197,21.6082,21.6082,20
4.44985,8.69155,0,8.69155,26.72,138.949,381,8,0,1199,21.6597,21.6597,20
4.46446,2.87023,0,2.87023,26.72,138.949,125,2,0,1200,21.6683,21.6683,20
4.47129,3.10909,0,3.10909,26.7,138.895,189,2,0,1201,21.6828,21.6828,20
4.49202,3.3894,0,3.3894,26.7,138.895,120,2,0,1202,21.7063,21.7063,20
4.50087,4.74176,0,4.74176,26.68,138.84,209,2,0,1203,21.7481,21.7481,20
4.51862,2.83212,0,2.83212,26.68,138.84,120,2,0,1204,21.7566,21.7566,20
4.52535,2.30528,0,2.30528,26.66,138.785,120,2,0,1205,21.7734,21.7734,20
4.55728,14.3059,0,14.3059,26.66,138.785,829,157,0,1207,21.8036,21.8036,20
4.56843,6.74227,0,6.74227,26.64,138.73,335,19,0,1209,21.8445,21.8445,20
4.58376,2.20795,0,2.20795,26.64,138.73,157,4,0,1210,21.8488,21.8488,20
4.58979,2.44939,0,2.44939,26.62,138.676,148,4,0,1212,21.8465,21.8465,20
4.60957,2.6198,0,2.6198,26.62,138.676,150,15,0,1214,21.8534,21.8534,20
4.63222,19.8422,0,19.8422,26.6,138.621,1685,170,0,1216,21.9301,21.9301,20
4.63606,0.643585,0,0.643585,26.58,138.566,110,0,0,1216,21.9301,21.9301,20
4.65886,2.88609,0,2.88609,26.58,138.566,176,6,0,1218,21.9442,21.9442,20
4.66451,2.54214,0,2.54214,26.56,138.511,154,6,0,1220,21.9623,21.9623,20
4.68853,5.87357,0,5.87357,26.56,138.511,318,15,0,1222,22.0188,22.0188,20
4.69462,3.18514,0,3.18514,26.54,138.457,130,4,0,1224,22.0449,22.0449,20
4.7122,0.162985,0,0.162985,26.54,138.457,110,0,0,1224,22.0449,22.0449,20
4.71709,1.49757,0,1.49757,26.52,138.402,158,0,0,1225,22.0343,22.0343,20
4.7362,0.577129,0,0.577129,26.52,138.402,110,0,0,1225,22.0343,22.0343,20
4.74263,3.26972,0,3.26972,26.5,138.347,242,4,0,1226,22.0506,22.0506,20
4.76176,1.63954,0,1.63954,26.5,138.347,144,2,0,1227,22.0538,22.0538,20
4.77076,5.70318,0,5.70318,26.48,138.292,408,12,0,1229,22.0911,22.0911,20
4.78739,1.582,0,1.582,26.48,138.292,120,2,0,1230,22.0992,22.0992,20
4.79119,0.774945,0,0.774945,26.46,138.237,120,1,0,1231,22.0926,22.0926,20
4.81565,4.05107,0,4.05107,26.46,138.237,146,4,0,1233,22.1322,22.1322,20
4.82614,6.14072,0,6.14072,26.44,138.183,244,4,0,1235,22.1652,22.1652,20
4.84447,4.55435,0,4.55435,26.44,138.183,140,2,0,1236,22.2015,22.2015,20
4.8507,2.07603,0,2.07603,26.42,138.128,155,4,0,1237,22.2264,22.2264,20
4.87267,3.64515,0,3.64515,26.42,138.128,174,4,0,1239,22.2607,22.2607,20
4.88183,4.52375,0,4.52375,26.4,138.073,200,14,0,1241,22.274,22.274,20
4.90143,3.72362,0,3.72362,26.4,138.073,198,4,0,1243,22.3081,22.3081,20
4.91036,4.90206,0,4.90206,26.38,138.018,209,10,0,1244,22.3344,22.3344,20
4.93032,4.50451,0,4.50451,26.38,138.018,257,2,0,1246,22.3451,22.3451,20
4.93634,2.95199,0,2.95199,26.36,137.964,264,20,0,1247,22.3649,22.3649,20
4.96096,6.11493,0,6.11493,26.36,137.964,184,4,0,1249,22.4059,22.4059,20
4.96716,2.80256,0,2.80256,26.34,137.909,182,6,0,1251,22.4428,22.4428,20
4.98863,3.6951,0,3.6951,26.34,137.909,150,4,0,1253,22.4789,22.4789,20
5.1288,136.598,16.9918,119.606,26.32,137.854,14543,1214,0,1253,22.4789,22.4789,20
5.13438,1.98893,0,1.98893,26.3,137.799,182,4,0,1255,22.4837,22.4837,20
5.15649,3.2957,0,3.2957,26.3,137.799,187,4,0,1257,22.5243,22.5243,20
5.16583,5.32594,0,5.32594,26.28,137.745,259,14,0,1259,22.5687,22.5687,20
5.18204,1.68207,0,1.68207,26.28,137.745,150,2,0,1260,22.569,22.569,20
5.18977,4.3485,0,4.3485,26.26,137.69,201,4,0,1262,22.6109,22.6109,20
5.21773,11.487,0,11.487,26.26,137.69,725,66,0,1264,22.6748,22.6748,20
5.22222,1.0124,0,1.0124,26.24,137.635,160,2,0,1265,22.6743,22.6743,20
5.24202,0.292772,0,0.292772,26.24,137.635,150,0,0,1265,22.6743,22.6743,20
5.24814,2.51634,0,2.51634,26.22,137.58,180,6,0,1267,22.6867,22.6867,20
5.26945,3.27346,0,3.27346,26.22,137.58,180,6,0,1269,22.7155,22.7155,20
5.2808,8.12916,0,8.12916,26.2,137.526,726,76,0,1270,22.7244,22.7244,20
5.29814,4.21414,0,4.21414,26.2,137.526,219,4,0,1272,22.7618,22.7618,20
5.30267,0.662165,0,0.662165,26.18,137.471,150,0,0,1272,22.7618,22.7618,20
5.32444,2.03063,0,2.03063,26.18,137.471,170,4,0,1273,22.7659,22.7659,20
5.33037,1.99574,0,1.99574,26.16,137.416,160,2,0,1274,22.7763,22.7763,20
5.35203,3.23078,0,3.23078,26.16,137.416,261,16,0,1275,22.829,22.829,20
5.35699,1.80579,0,1.80579,26.14,137.361,160,2,0,1276,22.8331,22.8331,20
5.37946,3.48449,0,3.48449,26.14,137.361,160,2,0,1277,22.8794,22.8794,20
5.3842,0.944633,0,0.944633,26.12,137.306,156,2,0,1278,22.8764,22.8764,20
5.40679,3.33926,0,3.33926,26.12,137.306,160,4,0,1280,22.8844,22.8844,20
5.41163,0.67192,0,0.67192,26.1,137.252,140,0,0,1280,22.8844,22.8844,20
5.43391,2.69941,0,2.69941,26.1,137.252,160,4,0,1281,22.8946,22.8946,20
5.44039,2.63368,0,2.63368,26.08,137.197,184,6,0,1283,22.9057,22.9057,20
5.462,3.5187,0,3.5187,26.08,137.197,150,2,0,1284,22.9431,22.9431,20
5.63693,171.049,17.3943,153.655,26.06,137.142,18967,1375,0,1286,22.9697,22.9697,20
5.64122,0.751434,0,0.751434,26.04,137.087,150,0,0,1286,22.9697,22.9697,20
5.66305,2.38635,0,2.38635,26.04,137.087,166,2,0,1287,22.986,22.986,20
5.66758,1.20374,0,1.20374,26.02,137.033,172,2,0,1288,22.9852,22.9852,20
5.68774,0.342218,0,0.342218,26.02,137.033,150,0,0,1288,22.9852,22.9852,20
5.69115,0.216071,0,0.216071,26,136.978,150,0,0,1288,22.9852,22.9852,20
5.71598,3.9175,0,3.9175,26,136.978,205,9,0,1290,23.0357,23.0357,20
5.72149,2.40112,0,2.40112,25.98,136.923,182,4,0,1291,23.0713,23.0713,20
5.74401,3.83039,0,3.83039,25.98,136.923,206,4,0,1293,23.1114,23.1114,20
5.75333,6.11629,0,6.11629,25.96,136.868,549,22,0,1295,23.1637,23.1637,20
5.7729,4.38973,0,4.38973,25.96,136.868,244,6,0,1296,23.1898,23.1898,20
5.778,0.76659,0,0.76659,25.94,136.814,160,1,0,1297,23.1827,23.1827,20
5.82209,24.766,0,24.766,25.94,136.814,2658,132,0,1298,23.2196,23.2196,20
5.94069,114.954,8.29772,106.656,25.92,136.759,13420,999,0,1299,23.2125,23.2125,20
5.94652,2.25499,0,2.25499,25.9,136.704,160,2,0,1300,23.2223,23.2223,20
5.96537,0.665165,0,0.665165,25.9,136.704,150,0,0,1300,23.2223,23.2223,20
5.96979,0.060467,0,0.060467,25.88,136.649,160,0,0,1300,23.2223,23.2223,20
5.99308,3.52315,0,3.52315,25.88,136.649,316,4,0,1301,23.2552,23.2552,20
6.00145,4.88374,0,4.88374,25.86,136.595,401,14,0,1302,23.2919,23.2919,20
6.02048,2.93142,0,2.93142,25.86,136.595,180,4,0,1304,23.3067,23.3067,20
6.02641,2.63347,0,2.63347,25.84,136.54,170,2,0,1305,23.3517,23.3517,20
6.04961,4.73511,0,4.73511,25.84,136.54,234,4,0,1307,23.3956,23.3956,20
6.05482,1.78027,0,1.78027,25.82,136.485,177,2,0,1308,23.4106,23.4106,20
6.07773,3.68521,0,3.68521,25.82,136.485,209,4,0,1310,23.4458,23.4458,20
6.08273,1.18997,0,1.18997,25.8,136.43,186,2,0,1311,23.45,23.45,20
6.11871,16.3534,0,16.3534,25.8,136.43,1550,101,0,1313,23.489,23.489,20
6.1243,2.0767,0,2.0767,25.78,136.376,190,6,0,1314,23.5053,23.5053,20
6.14906,6.31688,0,6.31688,25.78,136.376,455,40,0,1316,23.5471,23.5471,20
6.157,4.57035,0,4.57035,25.76,136.321,240,4,0,1318,23.6123,23.6123,20
6.17704,3.81398,0,3.81398,25.76,136.321,239,2,0,1319,23.6368,23.6368,20
6.18506,4.52113,0,4.52113,25.74,136.266,274,10,0,1321,23.6821,23.6821,20
6.20351,1.88973,0,1.88973,25.74,136.266,183,2,0,1322,23.6921,23.6921,20
6.21006,2.7672,0,2.7672,25.72,136.211,170,2,0,1323,23.7317,23.7317,20
6.23241,4.50317,0,4.50317,25.72,136.211,378,2,0,1325,23.7434,23.7434,20
6.23681,0.586353,0,0.586353,25.7,136.156,160,0,0,1325,23.7434,23.7434,20
6.25902,2.38512,0,2.38512,25.7,136.156,276,26,0,1326,23.7609,23.7609,20
6.2631,0.60126,0,0.60126,25.68,136.102,160,0,0,1326,23.7609,23.7609,20
6.28386,0.379267,0,0.379267,25.68,136.102,160,0,0,1326,23.7609,23.7609,20
6.28846,1.33484,0,1.33484,25.66,136.047,197,2,0,1327,23.7626,23.7626,20
6.31312,3.96137,0,3.96137,25.66,136.047,186,4,0,1329,23.7818,23.7818,20
6.32169,3.89916,0,3.89916,25.64,135.992,252,1,0,1330,23.785,23.785,20
6.34104,3.55085,0,3.55085,25.64,135.992,261,6,0,1331,23.8272,23.8272,20
6.34747,2.21048,0,2.21048,25.62,135.937,170,2,0,1332,23.8408,23.8408,20
6.37001,4.39059,0,4.39059,25.62,135.937,243,2,0,1333,23.8702,23.8702,20
6.37748,1.43369,0,1.43369,25.6,135.883,179,2,0,1334,23.8666,23.8666,20
6.39764,1.92686,0,1.92686,25.6,135.883,170,2,0,1335,23.8592,23.8592,20
6.40538,3.01927,0,3.01927,25.58,135.828,217,6,0,1336,23.8585,23.8585,20
6.43104,8.79567,0,8.79567,25.58,135.828,385,30,0,1338,23.9088,23.9088,20
6.44433,7.65709,0,7.65709,25.56,135.773,583,31,0,1339,23.9268,23.9268,20
6.45952,3.23079,0,3.23079,25.56,135.773,181,2,0,1340,23.9507,23.9507,20
6.46632,2.00732,0,2.00732,25.54,135.718,207,2,0,1341,23.9709,23.9709,20
6.48558,0.882207,0,0.882207,25.54,135.718,170,0,0,1341,23.9709,23.9709,20
6.49107,0.702107,0,0.702107,25.52,135.664,170,0,0,1341,23.9709,23.9709,20
6.51353,2.31114,0,2.31114,25.52,135.664,196,2,0,1342,23.9881,23.9881,20
6.52383,4.79153,0,4.79153,25.5,135.609,200,6,0,1344,24,24,20
6.54461,5.09724,0,5.09724,25.5,135.609,247,6,0,1346,24.0253,24.0253,20
6.55428,4.94492,0,4.94492,25.48,135.554,320,0,0,1347,24.0349,24.0349,20
6.57016,0.845815,0,0.845815,25.48,135.554,170,0,0,1347,24.0349,24.0349,20
6.5792,3.05904,0,3.05904,25.46,135.499,204,2,0,1348,24.0608,24.0608,20
6.60271,7.90193,0,7.90193,25.46,135.499,282,6,0,1350,24.1274,24.1274,20
6.60841,0.806312,0,0.806312,25.44,135.445,170,0,0,1350,24.1274,24.1274,20
6.63305,5.53305,0,5.53305,25.44,135.445,361,24,0,1352,24.179,24.179,20
6.63984,1.85062,0,1.85062,25.42,135.39,200,12,0,1353,24.1833,24.1833,20
6.65854,1.24625,0,1.24625,25.42,135.39,190,1,0,1354,24.1861,24.1861,20
6.87497,212.248,19.8676,192.381,25.4,135.335,23435,1624,0,1356,24.1954,24.1954,20
6.88175,2.33928,0,2.33928,25.38,135.28,215,6,0,1357,24.2189,24.2189,20
6.90076,0.663774,0,0.663774,25.38,135.28,180,0,0,1357,24.2189,24.2189,20
6.90609,1.84499,0,1.84499,25.36,135.225,224,3,0,1359,24.2156,24.2156,20
6.92745,2.38027,0,2.38027,25.36,135.225,210,4,0,1361,24.2226,24.2226,20
6.93336,2.0279,0,2.0279,25.34,135.171,190,2,0,1362,24.2423,24.2423,20
6.95526,3.43638,0,3.43638,25.34,135.171,321,2,0,1363,24.2722,24.2722,20
6.95977,0.61885,0,0.61885,25.32,135.116,180,0,0,1363,24.2722,24.2722,20
6.98134,2.16507,0,2.16507,25.32,135.116,199,2,0,1364,24.2852,24.2852,20
6.98978,4.46619,0,4.46619,25.3,135.061,249,6,0,1366,24.3236,24.3236,20
7.0088,3.15881,0,3.15881,25.3,135.061,229,0,0,1367,24.3694,24.3694,20
7.01593,3.23542,0,3.23542,25.28,135.006,281,4,0,1369,24.3879,24.3879,20
7.0379,4.20409,0,4.20409,25.28,135.006,323,19,0,1371,24.423,24.423,20
7.04673,4.54371,0,4.54371,25.26,134.952,244,6,0,1373,24.469,24.469,20
7.07122,8.04289,0,8.04289,25.26,134.952,629,33,0,1375,24.5127,24.5127,20
7.07687,1.54983,0,1.54983,25.24,134.897,200,2,0,1376,24.5203,24.5203,20
7.09813,1.92618,0,1.92618,25.24,134.897,210,4,0,1378,24.5123,24.5123,20
7.1063,4.17103,0,4.17103,25.22,134.842,272,6,0,1380,24.5362,24.5362,20
7.12481,2.1138,0,2.1138,25.22,134.842,220,6,0,1381,24.5395,24.5395,20
7.20084,71.9335,5.22139,66.7121,25.2,134.787,8078,585,0,1383,24.5568,24.5568,20
7.21284,7.93024,0,7.93024,25.18,134.733,548,10,0,1385,24.6123,24.6123,20
7.23162,5.91249,0,5.91249,25.18,134.733,347,8,0,1387,24.6669,24.6669,20
7.23733,1.84918,0,1.84918,25.16,134.678,186,4,0,1388,24.6794,24.6794,20
7.2621,5.94713,0,5.94713,25.16,134.678,419,2,0,1390,24.7036,24.7036,20
7.27147,4.83437,0,4.83437,25.14,134.623,258,4,0,1392,24.7478,24.7478,20
7.28942,2.50988,0,2.50988,25.14,134.623,186,4,0,1394,24.7582,24.7582,20
7.29673,3.1338,0,3.1338,25.12,134.568,236,2,0,1395,24.7828,24.7828,20
7.31722,3.49058,0,3.49058,25.12,134.568,315,16,0,1396,24.8023,24.8023,20
7.32283,2.03008,0,2.03008,25.1,134.514,191,2,0,1397,24.8139,24.8139,20
7.34613,4.43279,0,4.43279,25.1,134.514,273,3,0,1399,24.8485,24.8485,20
7.3516,1.804,0,1.804,25.08,134.459,196,2,0,1400,24.8593,24.8593,20
7.37386,2.98363,0,2.98363,25.08,134.459,186,2,0,1401,24.8979,24.8979,20
7.38004,2.48083,0,2.48083,25.06,134.404,231,13,0,1403,24.9081,24.9081,20
7.40309,4.47526,0,4.47526,25.06,134.404,282,6,0,1405,24.9523,24.9523,20
7.40965,2.72775,0,2.72775,25.04,134.349,199,4,0,1407,24.9687,24.9687,20
7.43021,2.63328,0,2.63328,25.04,134.349,216,4,0,1409,24.9702,24.9702,20
7.43684,3.00976,0,3.00976,25.02,134.295,213,2,0,1410,25.0007,25.0007,20
7.45825,3.32592,0,3.32592,25.02,134.295,248,2,0,1411,25.0262,25.0262,20
7.46386,0.716729,0,0.716729,25,134.24,186,0,0,1411,25.0262,25.0262,20
7.48396,0.409713,0,0.409713,25,134.24,186,0,0,1411,25.0262,25.0262,20
7.67948,190.304,10.0869,180.218,24.98,134.185,21550,1365,0,1411,25.0262,25.0262,20
7.68563,1.8209,0,1.8209,24.96,134.13,196,2,0,1412,25.0354,25.0354,20
7.70796,3.35692,0,3.35692,24.96,134.13,278,2,0,1413,25.0602,25.0602,20
7.71449,1.82221,0,1.82221,24.94,134.075,196,2,0,1414,25.0686,25.0686,20
7.73737,4.5099,0,4.5099,24.94,134.075,249,8,0,1416,25.1059,25.1059,20
7.74229,0.799074,0,0.799074,24.92,134.021,186,0,0,1416,25.1059,25.1059,20
7.76698,4.67058,0,4.67058,24.92,134.021,429,20,0,1418,25.1509,25.1509,20
7.77347,2.63803,0,2.63803,24.9,133.966,207,2,0,1419,25.1846,25.1846,20
7.79546,3.778,0,3.778,24.9,133.966,216,6,0,1421,25.2139,25.2139,20
7.80253,3.21675,0,3.21675,24.88,133.911,196,2,0,1422,25.2468,25.2468,20
7.82229,2.03866,0,2.03866,24.88,133.911,220,4,0,1424,25.2521,25.2521,20
7.82805,1.88249,0,1.88249,24.86,133.856,196,2,0,1425,25.2618,25.2618,20
7.85411,7.37127,0,7.37127,24.86,133.856,544,16,0,1427,25.335,25.335,20
7.86306,4.81689,0,4.81689,24.84,133.802,402,6,0,1429,25.38,25.38,20
7.88271,3.93764,0,3.93764,24.84,133.802,242,4,0,1431,25.4088,25.4088,20
7.88842,1.60734,0,1.60734,24.82,133.747,196,2,0,1432,25.4211,25.4211,20
7.91054,3.13791,0,3.13791,24.82,133.747,249,2,0,1433,25.4522,25.4522,20
7.918,3.616,0,3.616,24.8,133.692,223,4,0,1435,25.4746,25.4746,20
7.93789,2.32705,0,2.32705,24.8,133.692,196,4,0,1436,25.4875,25.4875,20
7.94524,3.44025,0,3.44025,24.78,133.637,200,4,0,1438,25.5063,25.5063,20
7.96642,3.25438,0,3.25438,24.78,133.637,180,2,0,1439,25.5316,25.5316,20
7.97236,1.51477,0,1.51477,24.76,133.583,206,3,0,1440,25.5312,25.5312,20
7.99407,2.07108,0,2.07108,24.76,133.583,190,4,0,1441,25.5378,25.5378,20
8.00397,5.08975,0,5.08975,24.74,133.528,258,19,0,1443,25.5662,25.5662,20
8.02547,5.72584,0,5.72584,24.74,133.337,232,2,0,1444,25.6115,25.6115,20
8.03446,4.1574,0,4.1574,24.72,133.282,196,2,0,1445,25.6464,25.6464,20
8.06459,13.5393,0,13.5393,24.72,133.282,992,39,0,1447,25.6738,25.6738,20
8.07111,2.0318,0,2.0318,24.7,133.227,180,2,0,1448,25.6747,25.6747,20
8.09559,5.58785,0,5.58785,24.7,133.227,296,28,0,1449,25.695,25.695,20
8.10333,3.70534,0,3.70534,24.68,133.172,309,8,0,1450,25.7138,25.7138,20
8.12376,3.19687,0,3.19687,24.68,133.172,230,12,0,1452,25.7417,25.7417,20
8.12822,0.258451,0,0.258451,24.66,133.118,170,0,0,1452,25.7417,25.7417,20
8.14909,0.502979,0,0.502979,24.66,133.118,170,0,0,1452,25.7417,25.7417,20
8.15807,5.01808,0,5.01808,24.64,133.063,251,3,0,1454,25.7765,25.7765,20
8.17478,1.11993,0,1.11993,24.64,133.063,174,2,0,1455,25.7753,25.7753,20
8.18077,2.14933,0,2.14933,24.62,133.008,190,2,0,1456,25.796,25.796,20
8.20336,3.13995,0,3.13995,24.62,133.008,180,4,0,1458,25.8038,25.8038,20
8.20862,0.348666,0,0.348666,24.6,132.953,160,0,0,1458,25.8038,25.8038,20
8.23067,2.12113,0,2.12113,24.6,132.953,170,2,0,1459,25.8218,25.8218,20
8.23514,0.683104,0,0.683104,24.58,132.899,160,0,0,1459,25.8218,25.8218,20
8.25863,2.65138,0,2.65138,24.58,132.899,202,4,0,1461,25.8248,25.8248,20
8.26622,3.78893,0,3.78893,24.56,132.844,235,10,0,1463,25.8503,25.8503,20
8.28804,3.84366,0,3.84366,24.56,132.844,189,4,0,1465,25.8587,25.8587,20
8.29524,2.58527,0,2.58527,24.54,132.789,170,2,0,1466,25.8813,25.8813,20
8.33493,21.0812,0,21.0812,24.54,132.789,1918,77,0,1467,25.9291,25.9291,20
8.34156,2.79152,0,2.79152,24.52,132.734,208,4,0,1469,25.9476,25.9476,20
8.36232,2.69907,0,2.69907,24.52,132.734,241,3,0,1471,25.9579,25.9579,20
8.36951,3.52667,0,3.52667,24.5,132.68,303,4,0,1472,25.9776,25.9776,20
8.38868,1.60774,0,1.60774,24.5,132.68,183,2,0,1473,25.9898,25.9898,20
8.52295,129.883,7.39787,122.485,24.48,132.625,15385,964,0,1475,26.042,26.042,20
8.53107,3.80165,0,3.80165,24.46,132.57,421,46,0,1476,26.0698,26.0698,20
8.55137,3.42156,0,3.42156,24.46,132.57,191,4,0,1478,26.0853,26.0853,20
8.55839,3.29376,0,3.29376,24.44,132.515,221,3,0,1480,26.1014,26.1014,20
8.5764,0.750224,0,0.750224,24.44,132.515,170,0,0,1480,26.1014,26.1014,20
8.58317,2.58955,0,2.58955,24.42,132.46,208,2,0,1481,26.1222,26.1222,20
8.6035,2.5626,0,2.5626,24.42,132.46,202,4,0,1482,26.139,26.139,20
8.60995,2.19359,0,2.19359,24.4,132.406,234,2,0,1483,26.1672,26.1672,20
8.63192,3.32606,0,3.32606,24.4,132.406,275,2,0,1484,26.1968,26.1968,20
8.64038,4.46448,0,4.46448,24.38,132.351,219,2,0,1485,26.231,26.231,20
8.65787,1.2041,0,1.2041,24.38,132.351,180,0,0,1485,26.231,26.231,20
8.6657,4.06214,0,4.06214,24.36,132.296,214,4,0,1487,26.2677,26.2677,20
8.68315,0.687446,0,0.687446,24.36,132.296,180,0,0,1487,26.2677,26.2677,20
8.69337,5.58034,0,5.58034,24.34,132.241,250,8,0,1489,26.3123,26.3123,20
8.71072,2.69384,0,2.69384,24.34,132.241,190,2,0,1490,26.3383,26.3383,20
8.7203,4.61532,0,4.61532,24.32,132.187,244,3,0,1492,26.3592,26.3592,20
8.73644,0.866009,0,0.866009,24.32,132.187,170,0,0,1492,26.3592,26.3592,20
8.7416,1.04703,0,1.04703,24.3,132.132,170,0,0,1492,26.3592,26.3592,20
8.76647,4.65251,0,4.65251,24.3,132.132,253,3,0,1494,26.3782,26.3782,20
8.77421,3.13144,0,3.13144,24.28,132.077,220,6,0,1496,26.3944,26.3944,20
8.79412,2.24696,0,2.24696,24.28,132.077,234,2,0,1497,26.4088,26.4088,20
8.80073,1.75818,0,1.75818,24.26,132.022,207,2,0,1498,26.4079,26.4079,20
8.82121,1.64453,0,1.64453,24.26,132.022,200,2,0,1499,26.4116,26.4116,20
8.82609,0.375454,0,0.375454,24.24,131.968,190,0,0,1499,26.4116,26.4116,20
8.84829,1.73369,0,1.73369,24.24,131.968,200,2,0,1500,26.4187,26.4187,20
8.85272,0.235249,0,0.235249,24.22,131.913,190,0,0,1500,26.4187,26.4187,20
8.87713,3.973,0,3.973,24.22,131.913,261,6,0,1501,26.4637,26.4637,20
8.88883,7.00021,0,7.00021,24.2,131.858,514,46,0,1503,26.4904,26.4904,20
8.90599,3.61315,0,3.61315,24.2,131.858,392,21,0,1504,26.5086,26.5086,20
8.91638,5.52557,0,5.52557,24.18,131.803,380,10,0,1506,26.5611,26.5611,20
8.9336,2.02676,0,2.02676,24.18,131.803,200,2,0,1507,26.5727,26.5727,20
8.94164,3.56106,0,3.56106,24.16,131.749,334,4,0,1509,26.5958,26.5958,20
8.96215,3.14305,0,3.14305,24.16,131.749,262,10,0,1511,26.6155,26.6155,20
8.9714,4.75067,0,4.75067,24.14,131.694,563,27,0,1512,26.6415,26.6415,20
8.99234,4.69714,0,4.69714,24.14,131.694,234,4,0,1514,26.6764,26.6764,20
9.0033,6.37604,0,6.37604,24.12,131.639,379,12,0,1516,26.7302,26.7302,20
9.02517,7.38002,0,7.38002,24.12,131.639,491,2,0,1518,26.7681,26.7681,20
9.03287,3.37373,0,3.37373,24.1,131.584,242,4,0,1520,26.7803,26.7803,20
9.05333,2.53951,0,2.53951,24.1,131.584,208,2,0,1521,26.7962,26.7962,20
9.06024,2.15804,0,2.15804,24.08,131.53,228,4,0,1523,26.8004,26.8004,20
9.08018,0.917597,0,0.917597,24.08,131.53,190,0,0,1523,26.8004,26.8004,20
9.091,6.48373,0,6.48373,24.06,131.475,335,8,0,1525,26.8393,26.8393,20
9.10859,3.27261,0,3.27261,24.06,131.475,234,4,0,1526,26.8604,26.8604,20
9.11779,4.91814,0,4.91814,24.04,131.42,397,0,0,1527,26.8821,26.8821,20
9.1372,3.52332,0,3.52332,24.04,131.42,216,4,0,1529,26.8947,26.8947,20
9.17023,28.6799,0,28.6799,24.02,131.365,3024,182,0,1530,26.9314,26.9314,20
9.17863,3.98283,0,3.98283,24,131.31,260,3,0,1532,26.9693,26.9693,20
9.1973,2.22858,0,2.22858,24,131.31,207,2,0,1533,26.9843,26.9843,20
9.20496,3.217,0,3.217,23.98,131.256,224,2,0,1534,27.0241,27.0241,20
9.22243,0.002178,0,0.002178,23.98,131.256,180,0,0,1534,27.0241,27.0241,20
9.23035,3.72429,0,3.72429,23.96,131.201,384,8,0,1535,27.0404,27.0404,20
9.25146,3.7546,0,3.7546,23.96,131.201,210,6,0,1537,27.0579,27.0579,20
9.25656,0.89049,0,0.89049,23.94,131.146,180,0,0,1537,27.0579,27.0579,20
9.28068,3.82828,0,3.82828,23.94,131.146,234,2,0,1538,27.0943,27.0943,20
9.29127,6.22675,0,6.22675,23.92,131.091,602,22,0,1539,27.1215,27.1215,20
9.31019,4.04408,0,4.04408,23.92,131.091,220,8,0,1541,27.1428,27.1428,20
9.31803,3.35913,0,3.35913,23.9,131.037,246,8,0,1543,27.1704,27.1704,20
9.3447,9.16128,0,9.16128,23.9,131.037,614,20,0,1545,27.2052,27.2052,20
9.35536,6.10457,0,6.10457,23.88,130.982,357,24,0,1547,27.2676,27.2676,20
9.36999,0.019312,0,0.019312,23.88,130.982,180,0,0,1547,27.2676,27.2676,20
9.37839,3.88008,0,3.88008,23.86,130.927,273,16,0,1549,27.2924,27.2924,20
9.39628,1.42344,0,1.42344,23.86,130.927,233,1,0,1550,27.2916,27.2916,20
9.40303,2.45035,0,2.45035,23.84,130.872,215,2,0,1551,27.2946,27.2946,20
9.42435,2.49167,0,2.49167,23.84,130.872,224,2,0,1552,27.3112,27.3112,20
9.4304,1.70911,0,1.70911,23.82,130.818,190,2,0,1553,27.3104,27.3104,20
9.45446,4.21534,0,4.21534,23.82,130.818,292,16,0,1554,27.3263,27.3263,20
9.46039,1.5903,0,1.5903,23.8,130.763,220,2,0,1555,27.3305,27.3305,20
9.48998,9.49432,0,9.49432,23.8,130.763,617,27,0,1557,27.3738,27.3738,20
9.4959,1.6329,0,1.6329,23.78,129.226,190,2,0,1558,27.3806,27.3806,20
9.52019,4.69432,0,4.69432,23.78,129.226,483,28,0,1560,27.3859,27.3859,20
9.52591,1.63432,0,1.63432,23.76,129.171,190,2,0,1561,27.4004,27.4004,20
9.54621,0.897893,0,0.897893,23.76,129.171,180,0,0,1561,27.4004,27.4004,20
9.55775,7.38279,0,7.38279,23.74,129.116,409,14,0,1563,27.4734,27.4734,20
9.57383,2.31174,0,2.31174,23.74,129.116,247,2,0,1564,27.4885,27.4885,20
9.57873,0.702765,0,0.702765,23.72,129.061,190,0,0,1564,27.4885,27.4885,20
9.59961,1.1517,0,1.1517,23.72,129.061,200,1,0,1565,27.4831,27.4831,20
9.60982,5.40958,0,5.40958,23.7,129.007,321,4,0,1567,27.522,27.522,20
9.63007,5.1914,0,5.1914,23.7,129.007,340,0,0,1568,27.5523,27.5523,20
9.63695,2.06194,0,2.06194,23.68,128.952,220,10,0,1569,27.5634,27.5634,20
9.65923,3.94424,0,3.94424,23.68,128.952,248,4,0,1571,27.5863,27.5863,20
9.66448,0.305534,0,0.305534,23.66,128.897,190,0,0,1571,27.5863,27.5863,20
9.69,5.4277,0,5.4277,23.66,128.897,382,4,0,1573,27.6186,27.6186,20
9.69663,1.70996,0,1.70996,23.64,128.842,220,6,0,1574,27.6182,27.6182,20
9.72591,10.328,0,10.328,23.64,128.842,803,34,0,1576,27.6777,27.6777,20
9.73456,4.01661,0,4.01661,23.62,128.787,246,3,0,1578,27.6965,27.6965,20
9.75616,4.613,0,4.613,23.62,128.787,210,4,0,1580,27.7285,27.7285,20
9.76459,3.52593,0,3.52593,23.6,128.733,228,6,0,1582,27.7541,27.7541,20
9.78471,2.63922,0,2.63922,23.6,128.733,264,12,0,1583,27.7764,27.7764,20
9.7904,1.20388,0,1.20388,23.58,128.678,190,0,0,1583,27.7764,27.7764,20
9.81508,5.0828,0,5.0828,23.58,128.678,413,5,0,1585,27.8076,27.8076,20
9.82336,3.29046,0,3.29046,23.56,128.623,259,8,0,1586,27.819,27.819,20
9.8453,4.21856,0,4.21856,23.56,128.623,289,4,0,1588,27.8608,27.8608,20
9.8558,5.69306,0,5.69306,23.54,128.568,300,2,0,1590,27.9044,27.9044,20
9.87325,2.18686,0,2.18686,23.54,128.568,249,12,0,1591,27.9114,27.9114,20
9.89107,13.067,0,13.067,23.52,128.514,1554,83,0,1592,27.9322,27.9322,20
9.9021,3.13679,0,3.13679,23.52,128.514,300,20,0,1593,27.9454,27.9454,20
9.91028,3.41132,0,3.41132,23.5,128.459,246,4,0,1595,27.9824,27.9824,20
9.92959,2.02325,0,2.02325,23.5,128.459,210,2,0,1596,28,28,20
9.93653,2.10815,0,2.10815,23.48,128.404,210,4,0,1597,28.0175,28.0175,20
9.96009,4.98174,0,4.98174,23.48,128.404,276,4,0,1599,28.0569,28.0569,20
9.96813,3.261,0,3.261,23.46,128.349,329,2,0,1601,28.0768,28.0768,20
9.98975,4.66266,0,4.66266,23.46,128.349,292,6,0,1603,28.1073,28.1073,20
9.9967,2.40657,0,2.40657,23.44,128.295,224,2,0,1604,28.1259,28.1259,20
10.0186,3.44295,0,3.44295,23.44,128.295,369,26,0,1605,28.1526,28.1526,20
10.0266,3.45288,0,3.45288,23.42,128.24,237,4,0,1607,28.173,28.173,20
10.0484,4.43096,0,4.43096,23.42,128.24,226,4,0,1609,28.2076,28.2076,20
10.0581,5.20716,0,5.20716,23.4,128.185,268,12,0,1611,28.252,28.252,20
10.0861,12.042,0,12.042,23.4,128.185,916,79,0,1613,28.2951,28.2951,20
10.0934,2.49121,0,2.49121,23.38,128.13,212,4,0,1614,28.311,28.311,20
10.1168,4.80414,0,4.80414,23.38,128.13,252,4,0,1616,28.3509,28.3509,20
10.1332,11.6275,0,11.6275,23.36,128.076,1066,33,0,1618,28.398,28.398,20
10.1484,6.30084,0,6.30084,23.36,128.076,461,42,0,1620,28.4204,28.4204,20
10.1585,5.47796,0,5.47796,23.34,128.021,340,4,0,1622,28.4821,28.4821,20
10.1832,9.48241,0,9.48241,23.34,128.021,756,0,0,1624,28.5351,28.5351,20
10.1902,2.38886,0,2.38886,23.32,127.966,206,2,0,1625,28.5563,28.5563,20
10.2124,3.58392,0,3.58392,23.32,127.966,275,2,0,1626,28.5898,28.5898,20
10.2175,0.40208,0,0.40208,23.3,127.911,190,0,0,1626,28.5898,28.5898,20
10.2422,4.24345,0,4.24345,23.3,127.911,287,8,0,1628,28.6198,28.6198,20
10.2508,4.02947,0,4.02947,23.28,127.857,426,0,0,1629,28.6354,28.6354,20
10.2723,4.24206,0,4.24206,23.28,127.857,241,5,0,1631,28.6701,28.6701,20
10.2781,1.15016,0,1.15016,23.26,127.802,224,4,0,1632,28.6673,28.6673,20
10.3073,9.37131,0,9.37131,23.26,127.802,846,80,0,1633,28.6963,28.6963,20
10.318,6.02219,0,6.02219,23.24,127.747,461,16,0,1635,28.7309,28.7309,20
10.336,2.86014,0,2.86014,23.24,127.747,288,2,0,1636,28.7427,28.7427,20
10.3432,2.64207,0,2.64207,23.22,127.692,217,2,0,1637,28.7642,28.7642,20
10.365,3.40982,0,3.40982,23.22,127.692,279,2,0,1638,28.7784,28.7784,20
10.3733,3.34527,0,3.34527,23.2,127.637,286,2,0,1639,28.8109,28.8109,20
10.3935,2.84067,0,2.84067,23.2,127.637,210,2,0,1640,28.8378,28.8378,20
10.4018,2.56986,0,2.56986,23.18,127.583,210,2,0,1641,28.8611,28.8611,20
10.4198,0.476472,0,0.476472,23.18,127.583,200,0,0,1641,28.8611,28.8611,20
10.4325,7.22336,0,7.22336,23.16,127.528,486,18,0,1642,28.9032,28.9032,20
10.4496,4.19473,0,4.19473,23.16,127.528,264,2,0,1643,28.9264,28.9264,20
10.4639,9.18961,0,9.18961,23.14,127.473,584,14,0,1645,28.9775,28.9775,20
10.4772,1.81137,0,1.81137,23.14,127.473,221,2,0,1646,28.9848,28.9848,20
10.488,6.27514,0,6.27514,23.12,127.418,398,4,0,1648,29.0437,29.0437,20
10.5079,4.97464,0,4.97464,23.12,127.418,341,2,0,1650,29.0776,29.0776,20
10.5166,4.10768,0,4.10768,23.1,127.364,262,10,0,1652,29.1005,29.1005,20
10.5393,5.92021,0,5.92021,23.1,127.364,273,4,0,1654,29.1499,29.1499,20
10.5479,4.40659,0,4.40659,23.08,127.309,283,2,0,1655,29.1849,29.1849,20
10.5695,4.95815,0,4.95815,23.08,127.309,302,4,0,1657,29.2269,29.2269,20
10.5746,0.62797,0,0.62797,23.06,127.254,190,0,0,1657,29.2269,29.2269,20
10.5955,0.389968,0,0.389968,23.06,127.254,190,0,0,1657,29.2269,29.2269,20
10.6018,1.95083,0,1.95083,23.04,127.199,222,4,0,1658,29.2376,29.2376,20
10.621,0.644489,0,0.644489,23.04,127.199,200,1,0,1659,29.226,29.226,20
10.629,2.75733,0,2.75733,23.02,127.145,212,2,0,1660,29.244,29.244,20
10.6481,1.67099,0,1.67099,23.02,127.145,200,2,0,1661,29.2486,29.2486,20
10.6573,4.37514,0,4.37514,23,127.09,235,4,0,1663,29.2736,29.2736,20
10.676,2.36357,0,2.36357,23,127.09,190,2,0,1664,29.2885,29.2885,20
10.6883,7.41814,0,7.41814,22.98,127.036,341,18,0,1666,29.3211,29.3211,20
10.7033,1.43228,0,1.43228,22.98,127.036,196,2,0,1667,29.3257,29.3257,20
10.7117,4.03673,0,4.03673,22.96,126.98,229,4,0,1669,29.3571,29.3571,20
10.7346,5.79725,0,5.79725,22.96,126.98,247,22,0,1671,29.4051,29.4051,20
10.7448,5.39109,0,5.39109,22.94,126.926,322,2,0,1673,29.4579,29.4579,20
10.7602,0.212153,0,0.212153,22.94,126.926,180,0,0,1673,29.4579,29.4579,20
10.7676,2.85976,0,2.85976,22.92,126.871,216,2,0,1674,29.4821,29.4821,20
10.7897,4.27104,0,4.27104,22.92,126.871,250,4,0,1676,29.4976,29.4976,20
10.7962,1.70797,0,1.70797,22.9,126.816,214,4,0,1677,29.4979,29.4979,20
10.8156,0.463897,0,0.463897,22.9,126.816,190,0,0,1677,29.4979,29.4979,20
10.8539,32.6228,0,32.6228,22.88,126.761,3079,367,0,1679,29.5104,29.5104,20
10.8622,3.28365,0,3.28365,22.86,126.707,231,6,0,1681,29.5289,29.5289,20
10.8817,2.5224,0,2.5224,22.86,126.707,235,2,0,1682,29.5499,29.5499,20
10.8888,1.7689,0,1.7689,22.84,126.652,200,2,0,1683,29.5502,29.5502,20
10.9101,2.56697,0,2.56697,22.84,126.652,210,4,0,1684,29.5665,29.5665,20
10.9201,5.29929,0,5.29929,22.82,126.597,506,0,0,1685,29.5881,29.5881,20
10.9401,3.85284,0,3.85284,22.82,126.597,220,4,0,1687,29.6034,29.6034,20
10.948,2.57698,0,2.57698,22.8,126.542,220,4,0,1688,29.6191,29.6191,20
10.9715,5.34802,0,5.34802,22.8,126.542,297,6,0,1690,29.6527,29.6527,20
10.9806,3.89473,0,3.89473,22.78,126.487,383,19,0,1692,29.6602,29.6602,20
11.0003,2.81795,0,2.81795,22.78,126.487,326,5,0,1693,29.681,29.681,20
11.0092,3.84828,0,3.84828,22.76,126.433,281,0,0,1694,29.7072,29.7072,20
11.0268,0.034202,0,0.034202,22.76,126.433,200,0,0,1694,29.7072,29.7072,20
11.0345,0.420536,0,0.420536,22.74,126.37,190,0,0,1694,29.7072,29.7072,20
11.0551,1.77677,0,1.77677,22.74,126.37,220,6,0,1695,29.7097,29.7097,20
11.0629,2.97997,0,2.97997,22.72,126.294,210,2,0,1696,29.7317,29.7317,20
11.083,2.44434,0,2.44434,22.72,126.294,230,4,0,1697,29.746,29.746,20
11.0886,0.310868,0,0.310868,22.7,126.218,210,0,0,1697,29.746,29.746,20
11.1151,6.80436,0,6.80436,22.7,126.218,594,55,0,1699,29.7964,29.7964,20
11.1232,2.9565,0,2.9565,22.68,126.143,283,2,0,1700,29.8165,29.8165,20
11.1447,4.43357,0,4.43357,22.68,126.143,327,3,0,1702,29.8367,29.8367,20
11.3726,222.86,20.4649,202.395,22.66,126.067,27483,1813,0,1703,29.8685,29.8685,20
11.3791,2.33877,0,2.33877,22.64,129.012,355,18,0,1703,29.8685,29.8685,20
11.3994,1.74666,0,1.74666,22.64,129.012,161,2,0,1704,29.8791,29.8791,20
11.4073,3.62153,0,3.62153,22.62,128.837,224,12,0,1706,29.8968,29.8968,20
11.4295,4.86201,0,4.86201,22.62,128.837,213,4,0,1708,29.9297,29.9297,20
11.4359,2.21942,0,2.21942,22.6,128.662,143,2,0,1709,29.938,29.938,20
11.4606,6.07367,0,6.07367,22.6,128.662,274,5,0,1711,29.9755,29.9755,20
11.4674,2.57463,0,2.57463,22.58,128.487,157,4,0,1713,29.9825,29.9825,20
11.4921,6.50414,0,6.50414,22.58,128.487,240,3,0,1715,30.0344,30.0344,20
11.4977,1.01485,0,1.01485,22.56,128.312,127,0,0,1715,30.0344,30.0344,20
11.5224,4.97806,0,4.97806,22.56,128.312,262,2,0,1716,30.0752,30.0752,20
11.5446,17.9029,0,17.9029,22.54,128.137,1692,81,0,1718,30.1315,30.1315,20
11.5568,7.77632,0,7.77632,22.52,127.963,428,18,0,1720,30.1797,30.1797,20
11.5713,1.73473,0,1.73473,22.52,127.963,138,2,0,1721,30.179,30.179,20
11.5793,3.63225,0,3.63225,22.5,127.788,206,2,0,1722,30.2096,30.2096,20
11.6014,4.64928,0,4.64928,22.5,127.788,305,2,0,1724,30.232,30.232,20
11.6059,0.329152,0,0.329152,22.48,127.613,128,0,0,1724,30.232,30.232,20
11.6299,3.2635,0,3.2635,22.48,127.613,149,2,0,1725,30.2638,30.2638,20
11.6363,2.08416,0,2.08416,22.46,127.439,138,1,0,1726,30.2717,30.2717,20
11.6601,4.98144,0,4.98144,22.46,127.439,202,4,0,1728,30.305,30.305,20
11.6671,2.9069,0,2.9069,22.44,127.264,178,8,0,1730,30.3127,30.3127,20
11.689,3.48345,0,3.48345,22.44,127.264,293,19,0,1732,30.3112,30.3112,20
11.694,0.726579,0,0.726579,22.42,127.089,138,0,0,1732,30.3112,30.3112,20
11.723,8.71614,0,8.71614,22.42,127.089,644,41,0,1734,30.3651,30.3651,20
11.7298,2.42432,0,2.42432,22.4,126.915,232,2,0,1735,30.3804,30.3804,20
11.7531,4.7747,0,4.7747,22.4,126.915,196,4,0,1737,30.4168,30.4168,20
11.7621,4.70653,0,4.70653,22.38,126.74,202,4,0,1739,30.4434,30.4434,20
11.7813,2.90491,0,2.90491,22.38,126.74,187,0,0,1740,30.469,30.469,19.9988
11.7871,1.30693,0,1.30693,22.36,126.566,188,6,0,1741,30.4721,30.4721,19.9963
11.8116,5.41569,0,5.41569,22.36,126.566,438,0,0,1742,30.5046,30.5046,19.9938
11.8254,8.83886,0,8.83886,22.34,126.391,718,27,0,1744,30.5499,30.5499,19.9889
11.8397,2.82977,0,2.82977,22.34,126.391,178,3,0,1746,30.5556,30.5556,19.9839
11.8464,1.65317,0,1.65317,22.32,126.217,168,1,0,1747,30.5529,30.5529,19.9814
11.8689,3.80959,0,3.80959,22.32,126.217,214,6,0,1748,30.5732,30.5732,19.979
11.8792,5.36341,0,5.36341,22.3,126.042,359,19,0,1750,30.5954,30.5954,19.974
11.8962,1.26988,0,1.26988,22.3,126.042,168,2,0,1751,30.5974,30.5974,19.9715
11.9047,3.79019,0,3.79019,22.28,125.868,238,2,0,1753,30.6127,30.6127,19.9666
11.9271,5.36225,0,5.36225,22.28,125.868,329,8,0,1755,30.6593,30.6598,19.9617
11.9345,2.79972,0,2.79972,22.26,125.694,199,8,0,1756,30.6771,30.6771,19.9592
11.9533,0.645596,0,0.645596,22.26,125.694,159,0,0,1756,30.6771,30.6771,19.9592
11.9584,0.56802,0,0.56802,22.24,125.519,159,0,0,1756,30.6771,30.6771,19.9592
11.9861,7.24723,0,7.24723,22.24,125.519,386,14,0,1758,30.7304,30.7298,19.9543
11.9953,4.89005,0,4.89005,22.22,125.345,549,1,0,1760,30.7392,30.7386,19.9494
12.0147,3.13705,0,3.13705,22.22,125.345,199,5,0,1762,30.7469,30.7457,19.9445
12.0201,0.93758,0,0.93758,22.2,125.17,169,0,0,1762,30.7469,30.7457,19.9445
12.0417,1.69662,0,1.69662,22.2,125.17,179,1,0,1763,30.7476,30.7465,19.942
12.0522,5.32291,0,5.32291,22.18,124.996,260,4,0,1765,30.7943,30.7932,19.9371
12.0737,6.44905,0,6.44905,22.18,124.996,568,17,0,1766,30.8279,30.8239,19.9347
12.082,3.19179,0,3.19179,22.16,124.821,215,2,0,1767,30.8483,30.8444,19.9322
12.1003,1.09886,0,1.09886,22.16,124.821,181,2,0,1768,30.8411,30.8371,19.9298
12.3616,256.431,21.8788,234.552,22.14,124.647,34023,2376,0,1769,30.7015,30.7055,19.9274
12.37,3.45296,0,3.45296,22.12,134.641,269,0,0,1770,30.7102,30.7141,19.9249
12.3918,4.56827,0,4.56827,22.12,134.641,307,24,0,1772,30.7404,30.7449,19.92
12.399,2.58961,0,2.58961,22.1,134.457,157,4,0,1774,30.7407,30.7452,19.9152
12.42,2.20399,0,2.20399,22.1,134.457,166,2,0,1775,30.7561,30.7606,19.9127
12.4272,2.536,0,2.536,22.08,134.272,159,4,0,1777,30.7535,30.7586,19.9079
12.4487,3.26732,0,3.26732,22.08,134.272,179,6,0,1779,30.7555,30.7605,19.903
12.4562,2.83237,0,2.83237,22.06,134.088,188,2,0,1780,30.7736,30.7815,19.9006
12.4749,0.480094,0,0.480094,22.06,134.088,137,0,0,1780,30.7736,30.7815,19.9006
12.483,2.97538,0,2.97538,22.04,133.904,147,2,0,1781,30.7956,30.8035,19.8982
12.5045,3.93997,0,3.93997,22.04,133.904,159,4,0,1783,30.8194,30.8273,19.8934
12.5097,0.19344,0,0.19344,22.02,133.719,137,0,0,1783,30.8194,30.8273,19.8934
12.533,3.24877,0,3.24877,22.02,133.719,193,4,0,1784,30.8475,30.8554,19.8909
12.5406,2.61218,0,2.61218,22,133.535,150,2,0,1785,30.8689,30.8768,19.8885
12.5623,4.15321,0,4.15321,22,133.535,173,4,0,1787,30.8914,30.8993,19.8837
12.5693,2.34193,0,2.34193,21.98,133.351,178,8,0,1788,30.9094,30.9172,19.8813
12.5904,2.37271,0,2.37271,21.98,133.351,158,4,0,1789,30.9145,30.9223,19.8789
12.5953,0.249046,0,0.249046,21.96,133.166,138,0,0,1789,30.9145,30.9223,19.8789
12.6178,1.85707,0,1.85707,21.96,133.166,148,2,0,1790,30.914,30.9218,19.8765
12.6417,19.2485,0,19.2485,21.94,132.982,2140,150,0,1791,30.9269,30.9397,19.8741
12.6482,1.3723,0,1.3723,21.92,132.798,148,2,0,1792,30.9263,30.9392,19.8717
12.6715,4.25709,0,4.25709,21.92,132.798,214,4,0,1794,30.961,30.9738,19.8669
12.677,0.600274,0,0.600274,21.9,132.614,138,0,0,1794,30.961,30.9738,19.8669
12.6993,2.56145,0,2.56145,21.9,132.614,182,3,0,1795,30.9777,30.9905,19.8645
12.7103,5.54873,0,5.54873,21.88,132.43,339,52,0,1797,30.9983,31.0111,19.8597
12.7281,3.59241,0,3.59241,21.88,132.43,248,6,0,1799,31.0145,31.0272,19.8549
12.7361,3.11394,0,3.11394,21.86,128.565,168,4,0,1801,31.0128,31.0255,19.8501
12.7571,3.34035,0,3.34035,21.86,128.565,338,33,0,1802,31.0311,31.045,19.8477
12.9566,194.746,11.8133,182.932,21.84,128.291,25218,1795,0,1803,30.9157,30.9479,19.8453
12.9629,1.40187,0,1.40187,21.82,128.018,163,1,0,1804,30.9152,30.9473,19.843
12.9828,0.593249,0,0.593249,21.82,128.018,148,0,0,1804,30.9152,30.9473,19.843
12.9895,2.1686,0,2.1686,21.8,127.745,153,1,0,1805,30.9147,30.9468,19.8406
13.0128,4.61461,0,4.61461,21.8,127.745,394,38,0,1806,30.9524,30.9839,19.8382
13.0229,5.6987,0,5.6987,21.78,127.472,177,6,0,1808,30.9967,31.0282,19.8334
13.0402,1.94673,0,1.94673,21.78,127.472,175,3,0,1810,30.9989,31.0304,19.8287
13.05,5.31695,0,5.31695,21.76,127.199,218,4,0,1812,31.0386,31.0701,19.8239
13.0732,7.37824,0,7.37824,21.76,127.199,436,25,0,1814,31.086,31.118,19.8192
13.0805,2.84447,0,2.84447,21.74,126.926,197,8,0,1815,31.1003,31.1333,19.8168
13.0993,0.516267,0,0.516267,21.74,126.926,157,0,0,1815,31.1003,31.1333,19.8168
13.1072,3.40477,0,3.40477,21.72,126.652,208,4,0,1817,31.1222,31.1547,19.8121
13.132,7.53992,0,7.53992,21.72,126.652,642,69,0,1819,31.1594,31.1919,19.8074
13.1426,5.54221,0,5.54221,21.7,126.379,236,8,0,1821,31.2004,31.2334,19.8027
13.1599,2.38933,0,2.38933,21.7,126.379,259,5,0,1822,31.2217,31.2547,19.8003
13.1722,7.06785,0,7.06785,21.68,119.458,362,7,0,1824,31.2752,31.3076,19.7956
13.1857,0.439465,0,0.439465,21.68,119.458,169,0,0,1824,31.2752,31.3076,19.7956
13.196,5.71075,0,5.71075,21.66,119.217,252,6,0,1826,31.3143,31.3467,19.7909
13.2155,3.90302,0,3.90302,21.66,119.217,183,3,0,1828,31.3337,31.366,19.7862
13.2225,2.24546,0,2.24546,21.64,118.975,220,2,0,1829,31.3554,31.3876,19.7839
13.2539,12.6193,0,12.6193,21.64,118.975,826,63,0,1831,31.4113,31.4407,19.7792
13.2622,3.04974,0,3.04974,21.62,118.734,199,2,0,1832,31.434,31.4634,19.7768
13.2805,0.420659,0,0.420659,21.62,118.734,172,0,0,1832,31.434,31.4634,19.7768
13.2873,2.00194,0,2.00194,21.6,118.493,172,2,0,1833,31.4337,31.4632,19.7745
13.3086,2.53761,0,2.53761,21.6,118.493,184,2,0,1834,31.4493,31.4787,19.7722
13.3223,7.94528,0,7.94528,21.58,118.253,578,2,0,1836,31.4847,31.5142,19.7675
13.3407,5.70158,0,5.70158,21.58,118.253,191,3,0,1838,31.519,31.5484,19.7628
13.35,3.60561,0,3.60561,21.56,118.012,198,3,0,1840,31.5321,31.5614,19.7582
13.3703,2.94889,0,2.94889,21.56,118.012,272,8,0,1841,31.5546,31.5839,19.7559
13.422,46.5049,0,46.5049,21.54,117.771,5849,258,0,1842,31.5494,31.5803,19.7535
13.432,4.81144,0,4.81144,21.52,117.531,395,8,0,1843,31.5735,31.6028,19.7512
13.4513,3.25527,0,3.25527,21.52,117.531,318,1,0,1844,31.59,31.6193,19.7489
13.4595,3.07851,0,3.07851,21.5,117.29,212,3,0,1846,31.6062,31.6354,19.7442
13.48,2.65418,0,2.65418,21.5,117.29,224,1,0,1847,31.6291,31.6584,19.7419
13.487,2.18957,0,2.18957,21.48,117.05,201,2,0,1848,31.6374,31.6667,19.7396
13.5114,5.4119,0,5.4119,21.48,117.05,419,30,0,1849,31.6668,31.6961,19.7373
13.5204,3.59821,0,3.59821,21.46,116.809,265,12,0,1851,31.6775,31.7061,19.7327
13.5387,1.07169,0,1.07169,21.46,116.809,205,2,0,1852,31.6793,31.7079,19.7304
13.5455,1.81122,0,1.81122,21.44,116.568,205,2,0,1853,31.6816,31.7102,19.7281
13.5682,2.94296,0,2.94296,21.44,116.568,232,2,0,1854,31.6931,31.7222,19.7257
13.5768,3.82557,0,3.82557,21.42,116.328,245,3,0,1856,31.7161,31.7452,19.7211
13.5974,3.14295,0,3.14295,21.42,116.328,262,2,0,1857,31.7351,31.7641,19.7188
13.6076,5.2305,0,5.2305,21.4,116.087,205,4,0,1859,31.7789,31.808,19.7142
13.6283,5.33093,0,5.33093,21.4,116.087,279,9,0,1861,31.8082,31.8366,19.7096
13.6386,4.5465,0,4.5465,21.38,115.847,235,6,0,1863,31.8309,31.8599,19.705
13.6598,5.19142,0,5.19142,21.38,115.847,205,4,0,1865,31.8627,31.8917,19.7005
13.6658,0.291208,0,0.291208,21.36,115.606,157,0,0,1865,31.8627,31.8917,19.7005
13.692,6.54544,0,6.54544,21.36,115.606,261,6,0,1867,31.9009,31.9282,19.6959
13.7051,7.57953,0,7.57953,21.34,115.366,407,2,0,1869,31.9567,31.9829,19.6913
13.7253,7.67963,0,7.67963,21.34,115.366,465,3,0,1871,31.9968,32.0224,19.6867
13.7347,4.1321,0,4.1321,21.32,115.125,260,1,0,1872,32.0278,32.0534,19.6845
13.759,8.20376,0,8.20376,21.32,115.125,354,8,0,1874,32.0758,32.0966,19.6799
13.7698,5.5638,0,5.5638,21.3,114.884,407,6,0,1875,32.0981,32.1205,19.6776
13.7913,6.93292,0,6.93292,21.3,114.884,473,25,0,1877,32.106,32.1268,19.6731
13.8,3.94039,0,3.94039,21.28,114.644,206,12,0,1879,32.1118,32.1325,19.6685
13.8235,6.83877,0,6.83877,21.28,114.644,430,17,0,1881,32.1606,32.1813,19.664
13.8314,2.75189,0,2.75189,21.26,114.403,194,2,0,1883,32.163,32.1837,19.6595
13.8631,13.9298,0,13.9298,21.26,114.403,1281,48,0,1884,32.1799,32.1959,19.6572
13.869,0.559554,0,0.559554,21.24,114.163,192,0,0,1884,32.1799,32.1959,19.6572
13.8936,4.95618,0,4.95618,21.24,114.163,279,4,0,1886,32.2004,32.2153,19.6527
13.9002,1.09728,0,1.09728,21.22,113.922,201,0,0,1886,32.2004,32.2153,19.6527
13.9205,1.23201,0,1.23201,21.22,113.922,201,0,0,1886,32.2004,32.2153,19.6527
13.9294,3.62899,0,3.62899,21.2,113.682,349,0,0,1887,32.2231,32.2379,19.6504
13.9532,6.99718,0,6.99718,21.2,113.682,278,6,0,1889,32.2721,32.2864,19.6459
13.9607,2.23977,0,2.23977,21.18,113.441,247,1,0,1890,32.291,32.3053,19.6437
13.9799,0.849176,0,0.849176,21.18,113.441,201,0,0,1890,32.291,32.3053,19.6437
13.986,0.614643,0,0.614643,21.16,113.2,210,0,0,1890,32.291,32.3053,19.6437
14.0115,5.37226,0,5.37226,21.16,113.2,272,5,0,1892,32.3166,32.3277,19.6392
14.0202,2.57964,0,2.57964,21.14,112.96,309,2,0,1893,32.3391,32.3476,19.6369
14.0434,5.17228,0,5.17228,21.14,112.96,355,5,0,1895,32.3815,32.3905,19.6324
14.0534,4.06493,0,4.06493,21.12,112.719,239,3,0,1897,32.4085,32.4175,19.6279
14.0759,5.54764,0,5.54764,21.12,112.719,362,10,0,1899,32.4265,32.4387,19.6234
14.0848,2.87273,0,2.87273,21.1,112.479,224,2,0,1900,32.4384,32.4505,19.6212
14.1048,1.73719,0,1.73719,21.1,112.479,224,1,0,1901,32.4382,32.4503,19.619
14.1135,2.64342,0,2.64342,21.08,112.238,229,1,0,1902,32.4469,32.459,19.6167
14.134,2.14544,0,2.14544,21.08,112.238,229,1,0,1903,32.4551,32.4672,19.6145
14.1415,1.38509,0,1.38509,21.06,111.997,238,1,0,1904,32.4554,32.4674,19.6122
14.1644,3.71141,0,3.71141,21.06,111.997,271,8,0,1906,32.4559,32.469,19.6078
14.1714,0.998993,0,0.998993,21.04,111.757,226,0,0,1906,32.4559,32.469,19.6078
14.1981,6.49958,0,6.49958,21.04,111.757,452,2,0,1908,32.4796,32.4927,19.6033
14.2098,5.32276,0,5.32276,21.02,111.516,411,6,0,1909,32.5018,32.5128,19.6011
14.229,3.79729,0,3.79729,21.02,111.516,297,2,0,1910,32.5162,32.5257,19.5989
14.239,4.28976,0,4.28976,21,111.276,299,4,0,1912,32.5309,32.5408,19.5944
14.2599,3.91461,0,3.91461,21,111.276,295,2,0,1913,32.5619,32.5724,19.5922
14.2698,3.36397,0,3.36397,20.98,111.035,342,2,0,1914,32.5752,32.5873,19.59
14.2903,3.00047,0,3.00047,20.98,111.035,295,3,0,1916,32.5892,32.6013,19.5855
14.3016,5.40486,0,5.40486,20.96,110.795,450,2,0,1917,32.6187,32.6312,19.5833
14.3189,2.08136,0,2.08136,20.96,110.795,294,1,0,1918,32.6157,32.6283,19.5811
14.3299,4.55462,0,4.55462,20.94,110.554,323,4,0,1920,32.6516,32.6641,19.5767
14.3483,2.41687,0,2.41687,20.94,110.554,304,1,0,1921,32.67,32.6825,19.5745
14.3589,4.18587,0,4.18587,20.92,110.313,383,2,0,1922,32.692,32.705,19.5723
14.3786,3.42722,0,3.42722,20.92,110.313,411,2,0,1923,32.6989,32.7119,19.5701
14.3893,4.50183,0,4.50183,20.9,110.073,323,4,0,1925,32.7221,32.7351,19.5656
14.4065,0.492488,0,0.492488,20.9,110.073,303,0,0,1925,32.7221,32.7351,19.5656
14.4154,3.18546,0,3.18546,20.88,109.832,318,4,0,1926,32.7368,32.7492,19.5634
14.4371,3.59275,0,3.59275,20.88,109.832,326,2,0,1927,32.7649,32.7774,19.5612
14.4466,2.88915,0,2.88915,20.86,109.592,329,2,0,1928,32.7889,32.8003,19.559
14.4661,1.38468,0,1.38468,20.86,109.592,317,1,0,1929,32.7942,32.8056,19.5568
14.4796,6.80078,0,6.80078,20.84,109.351,388,4,0,1931,32.8446,32.8529,19.5524
14.4992,5.16461,0,5.16461,20.84,109.351,328,4,0,1933,32.867,32.8748,19.548
14.7739,268.421,21.4983,246.923,20.82,109.111,36512,2833,0,1935,32.3793,32.4718,19.5437
14.7814,0.226474,0,0.226474,20.8,114.915,322,0,0,1935,32.3793,32.4718,19.5437
14.8041,2.35746,0,2.35746,20.8,114.915,332,1,0,1936,32.39,32.4824,19.5415
14.8121,1.75081,0,1.75081,20.78,114.777,332,2,0,1937,32.3867,32.4791,19.5393
14.835,3.20942,0,3.20942,20.78,114.777,339,2,0,1938,32.4092,32.5015,19.5371
14.8433,2.08354,0,2.08354,20.76,114.64,332,1,0,1939,32.4157,32.508,19.5349
14.8635,1.21785,0,1.21785,20.76,114.64,332,1,0,1940,32.4067,32.499,19.5327
14.8741,4.249,0,4.249,20.74,114.503,351,4,0,1942,32.4382,32.5304,19.5284
14.8938,2.95227,0,2.95227,20.74,114.503,333,2,0,1943,32.4596,32.5517,19.5262
14.9042,4.42398,0,4.42398,20.72,114.366,341,6,0,1945,32.4823,32.5728,19.5218
14.9233,2.49115,0,2.49115,20.72,114.366,331,3,0,1947,32.49,32.5804,19.5175
14.9365,7.10178,0,7.10178,20.7,114.229,629,7,0,1949,32.531,32.6213,19.5131
14.9523,1.79882,0,1.79882,20.7,114.229,335,3,0,1950,32.5241,32.6144,19.5109
14.9655,7.19765,0,7.19765,20.68,114.091,926,134,0,1951,32.511,32.5941,19.5088
14.983,3.77762,0,3.77762,20.68,114.091,336,5,0,1953,32.5197,32.6027,19.5044
14.9924,2.83588,0,2.83588,20.66,113.954,326,3,0,1955,32.5223,32.6051,19.5001
15.0141,4.40737,0,4.40737,20.66,113.954,464,1,0,1956,32.5496,32.6324,19.4979
15.0227,2.11977,0,2.11977,20.64,113.817,316,4,0,1957,32.5565,32.6392,19.4958
15.0421,1.42498,0,1.42498,20.64,113.817,306,1,0,1958,32.5618,32.6445,19.4936
15.0512,2.33073,0,2.33073,20.62,113.68,356,1,0,1959,32.5743,32.657,19.4915
15.082,13.3001,0,13.3001,20.62,113.68,1226,41,0,1961,32.6288,32.7078,19.4871
15.0925,4.19241,0,4.19241,20.6,113.543,316,4,0,1963,32.6409,32.7198,19.4828
15.1137,5.07941,0,5.07941,20.6,113.543,336,8,0,1965,32.6763,32.7527,19.4785
15.121,0.835767,0,0.835767,20.58,113.406,301,0,0,1965,32.6763,32.7527,19.4785
15.1417,0.905562,0,0.905562,20.58,113.406,311,1,0,1966,32.6745,32.7508,19.4764
15.152,3.76066,0,3.76066,20.56,113.269,336,2,0,1968,32.6961,32.7724,19.4721
15.1711,2.79461,0,2.79461,20.56,113.269,392,1,0,1969,32.7171,32.7933,19.4699
15.1779,0.32998,0,0.32998,20.54,113.132,311,0,0,1969,32.7171,32.7933,19.4699
15.2036,5.64776,0,5.64776,20.54,113.132,380,3,0,1971,32.7357,32.8113,19.4656
15.2136,3.97735,0,3.97735,20.52,112.995,348,3,0,1973,32.7603,32.8358,19.4613
15.2356,4.61351,0,4.61351,20.52,112.995,350,2,0,1974,32.7989,32.8744,19.4592
15.2466,4.98677,0,4.98677,20.5,112.858,399,3,0,1976,32.8219,32.8968,19.4549
15.2671,4.33526,0,4.33526,20.5,112.858,345,2,0,1977,32.8558,32.9307,19.4528
15.2782,5.13577,0,5.13577,20.48,112.722,341,4,0,1979,32.8909,32.9666,19.4485
15.301,6.93797,0,6.93797,20.48,112.722,631,34,0,1980,32.9126,32.9899,19.4464
15.3124,5.60747,0,5.60747,20.46,112.585,529,0,0,1981,32.944,33.0212,19.4443
15.3317,3.88307,0,3.88307,20.46,112.585,331,5,0,1983,32.9491,33.0262,19.44
15.3432,5.25163,0,5.25163,20.44,112.449,363,10,0,1985,32.9945,33.071,19.4358
15.3675,8.42891,0,8.42891,20.44,112.449,653,27,0,1987,33.0096,33.0876,19.4315
15.4591,85.5063,6.71335,78.7929,20.42,112.312,12072,647,0,1989,32.9583,33.0377,19.4273
15.4669,2.14921,0,2.14921,20.4,112.176,233,1,0,1990,32.9658,33.0452,19.4251
15.4922,6.66536,0,6.66536,20.4,112.176,265,16,0,1992,33.011,33.0894,19.4209
15.5006,2.98874,0,2.98874,20.38,112.04,320,6,0,1993,33.0306,33.1089,19.4188
15.5217,3.29915,0,3.29915,20.38,112.04,266,2,0,1995,33.0381,33.1163,19.4146
15.5312,4.13222,0,4.13222,20.36,111.904,330,6,0,1997,33.0546,33.1327,19.4103
15.5524,3.80872,0,3.80872,20.36,111.904,258,3,0,1999,33.062,33.1401,19.4061
15.5627,4.7738,0,4.7738,20.34,111.769,318,6,0,2001,33.078,33.1529,19.4019
15.5858,6.56805,0,6.56805,20.34,111.769,323,4,0,2003,33.1238,33.1987,19.3977
15.5974,6.33683,0,6.33683,20.32,111.633,487,2,0,2005,33.1681,33.2429,19.3935
15.6137,1.38855,0,1.38855,20.32,111.633,237,0,0,2005,33.1681,33.2429,19.3935
15.6233,4.22397,0,4.22397,20.3,111.497,283,2,0,2006,33.1979,33.2737,19.3914
15.646,5.53852,0,5.53852,20.3,111.497,274,3,0,2008,33.239,33.3147,19.3872
15.6577,6.01314,0,6.01314,20.28,111.362,387,4,0,2010,33.2756,33.3522,19.383
15.6755,2.93118,0,2.93118,20.28,111.362,269,2,0,2011,33.2984,33.3749,19.3809
15.6818,0.555463,0,0.555463,20.26,111.227,242,0,0,2011,33.2984,33.3749,19.3809
15.7057,3.76851,0,3.76851,20.26,111.227,450,70,0,2013,33.3065,33.38,19.3767
15.7163,4.28788,0,4.28788,20.24,111.092,321,2,0,2014,33.3371,33.4106,19.3746
15.7342,1.89581,0,1.89581,20.24,111.092,257,2,0,2015,33.3459,33.4194,19.3726
15.7516,10.0903,0,10.0903,20.22,110.957,911,30,0,2017,33.348,33.4214,19.3684
15.7663,5.94721,0,5.94721,20.22,110.957,566,45,0,2018,33.3662,33.4381,19.3663
15.7771,3.08524,0,3.08524,20.2,110.822,256,1,0,2019,33.3789,33.4507,19.3642
15.7979,5.44741,0,5.44741,20.2,110.822,277,3,0,2021,33.4236,33.4953,19.3601
15.808,3.63597,0,3.63597,20.18,110.687,259,2,0,2022,33.4238,33.4955,19.358
15.8297,5.42198,0,5.42198,20.18,110.687,291,4,0,2024,33.4575,33.5301,19.3538
15.8372,1.72494,0,1.72494,20.16,110.552,241,0,0,2024,33.4575,33.5301,19.3538
15.8565,0.540562,0,0.540562,20.16,110.552,241,0,0,2024,33.4575,33.5301,19.3538
15.8619,0.321768,0,0.321768,20.14,110.418,241,0,0,2024,33.4575,33.5301,19.3538
15.8877,4.92368,0,4.92368,20.14,110.418,412,3,0,2026,33.4872,33.5592,19.3497
15.8935,0.764115,0,0.764115,20.12,110.283,241,0,0,2026,33.4872,33.5592,19.3497
15.9168,2.76056,0,2.76056,20.12,110.283,251,2,0,2027,33.4953,33.5673,19.3476
15.9246,2.82763,0,2.82763,20.1,110.148,274,2,0,2028,33.5089,33.5809,19.3455
15.9495,6.52477,0,6.52477,20.1,110.148,557,37,0,2030,33.5399,33.6138,19.3414
15.9558,1.33167,0,1.33167,20.08,110.014,256,1,0,2031,33.5401,33.614,19.3393
15.9804,4.73325,0,4.73325,20.08,110.014,275,3,0,2033,33.5701,33.6439,19.3352
15.9895,4.07587,0,4.07587,20.06,109.879,417,11,0,2034,33.59,33.6608,19.3331
16.0102,3.5551,0,3.5551,20.06,109.879,280,2,0,2035,33.6098,33.6826,19.3311
16.016,0.773397,0,0.773397,20.04,109.744,231,0,0,2035,33.6098,33.6826,19.3311
16.0386,1.99211,0,1.99211,20.04,109.744,279,9,0,2036,33.6169,33.6891,19.329
16.0465,2.95276,0,2.95276,20.02,109.609,241,2,0,2037,33.6274,33.6996,19.3269
16.0681,3.51004,0,3.51004,20.02,109.609,312,12,0,2038,33.6541,33.7233,19.3249
16.077,3.37689,0,3.37689,20,109.475,251,4,0,2039,33.6851,33.7543,19.3228
16.1004,4.68467,0,4.68467,20,109.475,368,4,0,2040,33.7025,33.7711,19.3208
16.3503,243.971,12.9259,231.045,19.98,109.34,32774,2266,0,2041,33.3787,33.4753,19.3187
16.3588,2.58361,0,2.58361,19.96,109.205,273,1,0,2042,33.4016,33.498,19.3166
16.3771,0.260231,0,0.260231,19.96,109.205,241,0,0,2042,33.4016,33.498,19.3166
16.3885,3.98892,0,3.98892,19.94,109.071,283,5,0,2044,33.4207,33.5171,19.3125
16.4082,4.47874,0,4.47874,19.94,109.071,364,4,0,2046,33.4409,33.5367,19.3084
16.4203,4.52648,0,4.52648,19.92,108.936,459,18,0,2047,33.4548,33.5506,19.3064
16.4421,7.04262,0,7.04262,19.92,108.936,518,2,0,2049,33.4802,33.5759,19.3023
16.451,1.9899,0,1.9899,19.9,108.801,256,4,0,2050,33.4824,33.5771,19.3002
16.4706,1.61095,0,1.61095,19.9,108.801,266,1,0,2051,33.49,33.5846,19.2982
16.4823,4.98738,0,4.98738,19.88,108.666,266,5,0,2053,33.4959,33.5899,19.2941
16.5023,5.80892,0,5.80892,19.88,108.666,474,14,0,2054,33.5316,33.6232,19.2921
16.5142,6.28494,0,6.28494,19.86,108.532,424,5,0,2056,33.5632,33.6552,19.288
16.5324,4.27696,0,4.27696,19.86,108.532,341,3,0,2058,33.5743,33.6676,19.2839
16.5387,0.741387,0,0.741387,19.84,108.397,236,0,0,2058,33.5743,33.6676,19.2839
16.5634,4.8738,0,4.8738,19.84,108.397,415,0,0,2059,33.5954,33.6887,19.2819
16.5722,3.29337,0,3.29337,19.82,108.262,266,2,0,2060,33.6146,33.7078,19.2799
16.5907,1.38449,0,1.38449,19.82,108.262,246,1,0,2061,33.6075,33.7006,19.2778
16.6,3.705,0,3.705,19.8,108.128,296,13,0,2063,33.6219,33.714,19.2738
16.6262,9.50318,0,9.50318,19.8,108.128,858,33,0,2065,33.6373,33.7278,19.2697
16.6335,1.32113,0,1.32113,19.78,107.191,246,0,0,2065,33.6373,33.7278,19.2697
16.658,5.81334,0,5.81334,19.78,107.191,352,32,0,2067,33.6628,33.7547,19.2656
16.6648,1.17779,0,1.17779,19.76,107.056,276,1,0,2068,33.6654,33.7573,19.2636
16.6907,6.64068,0,6.64068,19.76,107.056,338,10,0,2070,33.7121,33.8043,19.2596
16.7171,20.2369,0,20.2369,19.74,106.922,2244,111,0,2072,33.7186,33.819,19.2555
16.7288,5.79239,0,5.79239,19.72,104.519,323,4,0,2074,33.7618,33.8621,19.2515
16.7456,1.25698,0,1.25698,19.72,104.519,303,0,0,2074,33.7618,33.8621,19.2515
16.758,6.41026,0,6.41026,19.7,104.382,420,6,0,2076,33.7972,33.8984,19.2475
16.7776,4.77284,0,4.77284,19.7,104.382,328,3,0,2078,33.8282,33.9293,19.2434
16.7893,5.59538,0,5.59538,19.68,104.245,452,6,0,2080,33.8563,33.9562,19.2394
16.8133,8.29786,0,8.29786,19.68,104.245,631,15,0,2082,33.8996,33.9971,19.2354
16.8227,3.23835,0,3.23835,19.66,104.109,362,2,0,2083,33.9184,34.0158,19.2334
16.8444,3.8811,0,3.8811,19.66,104.109,344,2,0,2084,33.9448,34.0422,19.2314
16.8528,2.20329,0,2.20329,19.64,103.972,347,1,0,2085,33.9559,34.0532,19.2294
16.8773,5.29426,0,5.29426,19.64,103.972,413,7,0,2087,33.9837,34.081,19.2254
16.8872,3.57871,0,3.57871,19.62,103.835,412,11,0,2088,33.9976,34.0977,19.2234
16.9065,1.68859,0,1.68859,19.62,103.835,352,1,0,2089,34.0086,34.1087,19.2214
16.9138,0.521658,0,0.521658,19.6,103.699,342,0,0,2089,34.0086,34.1087,19.2214
16.9351,0.820617,0,0.820617,19.6,103.699,342,0,0,2089,34.0086,34.1087,19.2214
16.9441,2.92792,0,2.92792,19.58,103.563,457,1,0,2090,34.0306,34.1306,19.2194
16.9672,4.73193,0,4.73193,19.58,103.563,360,3,0,2092,34.0569,34.1563,19.2154
16.9762,2.62145,0,2.62145,19.56,103.426,350,2,0,2093,34.0635,34.1634,19.2134
16.9998,5.03552,0,5.03552,19.56,103.426,363,6,0,2095,34.0907,34.1905,19.2094
17.0086,2.28274,0,2.28274,19.54,103.291,342,1,0,2096,34.104,34.2037,19.2074
17.0328,5.29206,0,5.29206,19.54,103.291,407,4,0,2098,34.1373,34.2364,19.2034
17.044,4.48754,0,4.48754,19.52,103.155,352,3,0,2100,34.159,34.2581,19.1995
17.0659,5.20768,0,5.20768,19.52,103.155,464,18,0,2101,34.1875,34.2827,19.1975
17.0759,3.31923,0,3.31923,19.5,103.019,373,3,0,2103,34.1897,34.2848,19.1935
17.1016,8.31498,0,8.31498,19.5,103.019,1122,90,0,2104,34.1892,34.2861,19.1915
17.1123,3.87,0,3.87,19.48,102.883,409,2,0,2106,34.2104,34.3072,19.1876
17.1351,5.72469,0,5.72469,19.48,102.883,365,4,0,2108,34.2367,34.3335,19.1836
17.1463,4.79575,0,4.79575,19.46,102.747,431,3,0,2110,34.2564,34.3521,19.1796
17.1661,2.99285,0,2.99285,19.46,102.747,350,1,0,2111,34.2729,34.3685,19.1777
17.1757,3.06298,0,3.06298,19.44,102.612,370,4,0,2112,34.2884,34.384,19.1757
17.2008,6.9404,0,6.9404,19.44,102.612,549,3,0,2114,34.3269,34.4229,19.1718
17.2087,1.28086,0,1.28086,19.42,102.476,360,1,0,2115,34.3234,34.4194,19.1698
17.231,2.19004,0,2.19004,19.42,102.476,360,2,0,2116,34.3223,34.4182,19.1678
17.2429,5.08248,0,5.08248,19.4,102.341,391,3,0,2118,34.3513,34.4481,19.1639
17.2641,5.04308,0,5.04308,19.4,102.341,603,0,0,2119,34.3756,34.4724,19.1619
17.2803,9.63044,0,9.63044,19.38,102.206,1040,22,0,2121,34.3975,34.4974,19.158
17.2956,3.81908,0,3.81908,19.38,102.206,360,2,0,2122,34.4057,34.5057,19.156
17.3044,1.77197,0,1.77197,19.36,102.071,370,1,0,2123,34.4164,34.5163,19.1541
17.328,4.82955,0,4.82955,19.36,102.071,426,3,0,2125,34.4456,34.5459,19.1501
17.3397,4.88129,0,4.88129,19.34,101.936,428,2,0,2126,34.469,34.5687,19.1482
17.3576,2.37616,0,2.37616,19.34,101.936,360,1,0,2127,34.4852,34.5849,19.1462
17.3686,4.10055,0,4.10055,19.32,101.801,370,3,0,2129,34.4988,34.5984,19.1423
17.3894,4.5844,0,4.5844,19.32,101.801,389,2,0,2131,34.5209,34.6204,19.1384
17.3983,1.85855,0,1.85855,19.3,101.665,364,1,0,2132,34.5267,34.6262,19.1365
17.4202,3.67198,0,3.67198,19.3,101.665,545,41,0,2133,34.534,34.6334,19.1345
17.435,7.76119,0,7.76119,19.28,101.53,865,35,0,2135,34.5358,34.6314,19.1306
17.4479,0.610812,0,0.610812,19.28,101.53,360,1,0,2136,34.5304,34.6259,19.1287
17.4582,4.07986,0,4.07986,19.26,101.395,586,5,0,2137,34.5367,34.6313,19.1267
17.4867,11.2129,0,11.2129,19.26,101.395,1211,182,0,2139,34.5493,34.6554,19.1228
17.499,5.23974,0,5.23974,19.24,101.26,400,2,0,2140,34.5706,34.6762,19.1209
17.5182,4.27267,0,4.27267,19.24,101.26,480,2,0,2141,34.5871,34.6955,19.1189
17.5318,6.624,0,6.624,19.22,101.125,525,13,0,2143,34.6323,34.7401,19.1151
17.5482,2.70543,0,2.70543,19.22,101.125,350,1,0,2144,34.6469,34.7547,19.1131
17.5578,2.53096,0,2.53096,19.2,100.99,378,2,0,2145,34.669,34.7767,19.1112
17.58,4.18531,0,4.18531,19.2,100.99,381,3,0,2147,34.6796,34.7871,19.1073
17.5925,5.9293,0,5.9293,19.18,100.855,458,4,0,2149,34.7087,34.8171,19.1034
17.6098,2.19534,0,2.19534,19.18,100.855,380,1,0,2150,34.7177,34.826,19.1015
17.6219,5.44176,0,5.44176,19.16,100.719,442,6,0,2152,34.7579,34.8657,19.0976
17.6415,3.9354,0,3.9354,19.16,100.719,390,3,0,2154,34.7725,34.8802,19.0938
17.6521,3.74001,0,3.74001,19.14,100.584,390,3,0,2156,34.775,34.8827,19.0899
17.6716,2.20052,0,2.20052,19.14,100.584,390,3,0,2158,34.7669,34.8744,19.0861
17.679,0.718442,0,0.718442,19.12,100.449,380,1,0,2159,34.7578,34.8652,19.0842
17.7007,0.891695,0,0.891695,19.12,100.449,370,0,0,2159,34.7578,34.8652,19.0842
17.7093,1.76043,0,1.76043,19.1,100.314,370,1,0,2160,34.7606,34.8681,19.0822
17.7323,2.46663,0,2.46663,19.1,100.314,380,3,0,2162,34.7623,34.8696,19.0784
17.7416,2.65976,0,2.65976,19.08,100.179,388,2,0,2164,34.762,34.8692,19.0746
17.7651,1.7483,0,1.7483,19.08,100.179,370,1,0,2165,34.7686,34.8758,19.0727
17.7761,3.89066,0,3.89066,19.06,100.044,420,7,0,2167,34.7753,34.8819,19.0688
17.8006,6.20836,0,6.20836,19.06,100.044,451,6,0,2169,34.8156,34.9235,19.065
17.8122,4.54069,0,4.54069,19.04,99.9086,425,2,0,2171,34.8434,34.9512,19.0612
17.8332,4.71648,0,4.71648,19.04,99.9086,430,6,0,2173,34.8679,34.9761,19.0574
17.8453,4.91649,0,4.91649,19.02,99.7735,442,7,0,2175,34.8832,34.9917,19.0535
17.8687,7.5155,0,7.5155,19.02,99.7735,513,6,0,2177,34.9352,35.0455,19.0497
17.8785,2.46328,0,2.46328,19,99.6384,449,13,0,2178,34.933,35.045,19.0478
17.903,5.96031,0,5.96031,19,99.6384,480,5,0,2180,34.9642,35.0757,19.044
18.1506,239.903,34.9841,204.919,18.98,99.5032,32106,2814,0,2181,34.4159,34.5557,19.0421
18.1628,5.88309,0,5.88309,18.96,99.3474,404,20,0,2183,34.4361,34.5754,19.0383
18.1813,3.68069,0,3.68069,18.96,99.3474,293,2,0,2185,34.4627,34.6018,19.0345
18.1893,2.1789,0,2.1789,18.94,99.2122,280,1,0,2186,34.4726,34.6116,19.0327
18.2137,4.98447,0,4.98447,18.94,99.2122,290,4,0,2188,34.5018,34.6408,19.0289
18.2211,1.5718,0,1.5718,18.92,99.0771,280,1,0,2189,34.4998,34.6386,19.027
18.2451,4.35451,0,4.35451,18.92,99.0771,317,2,0,2191,34.5189,34.6577,19.0232
18.2569,5.85846,0,5.85846,18.9,98.942,375,4,0,2193,34.5627,34.7022,19.0194
18.2789,6.56911,0,6.56911,18.9,98.942,419,6,0,2195,34.6023,34.7403,19.0157
18.2876,2.87238,0,2.87238,18.88,98.8068,290,1,0,2196,34.6216,34.7596,19.0138
18.3059,0.419809,0,0.419809,18.88,98.8068,280,0,0,2196,34.6216,34.7596,19.0138
18.3167,5.13288,0,5.13288,18.86,98.6717,385,4,0,2198,34.6415,34.7793,19.01
18.3361,0.97195,0,0.97195,18.86,98.6717,290,0,0,2198,34.6415,34.7793,19.01
18.3469,5.31084,0,5.31084,18.84,98.5366,394,19,0,2200,34.6691,34.8073,19.0062
18.3687,5.30811,0,5.30811,18.84,98.5366,380,12,0,2201,34.6861,34.8255,19.0044
18.3766,1.66697,0,1.66697,18.82,98.4014,300,1,0,2202,34.6807,34.8202,19.0025
18.4016,4.92916,0,4.92916,18.82,98.4014,322,3,0,2204,34.6987,34.838,18.9987
18.412,4.55238,0,4.55238,18.8,98.2663,318,3,0,2206,34.7244,34.8636,18.995
18.4366,7.59657,0,7.59657,18.8,98.2663,384,4,0,2208,34.7668,34.9049,18.9912
18.4466,4.15805,0,4.15805,18.78,98.1311,446,2,0,2210,34.7697,34.9077,18.9875
18.4704,6.90731,0,6.90731,18.78,98.1311,491,3,0,2212,34.8015,34.9394,18.9838
18.4813,5.12102,0,5.12102,18.76,97.996,369,5,0,2214,34.8306,34.9693,18.98
18.5001,2.53984,0,2.53984,18.76,97.996,298,2,0,2215,34.8348,34.9734,18.9782
18.515,8.64568,0,8.64568,18.74,97.8609,560,4,0,2217,34.8935,35.032,18.9744
18.5337,6.39955,0,6.39955,18.74,97.8609,427,4,0,2219,34.9099,35.0505,18.9707
18.5445,4.67463,0,4.67463,18.72,97.7257,332,5,0,2221,34.9334,35.0743,18.967
18.5651,3.85342,0,3.85342,18.72,97.7257,390,2,0,2222,34.9595,35.1008,18.9652
18.5741,3.21945,0,3.21945,18.7,97.5906,324,2,0,2223,34.9829,35.1242,18.9633
18.5975,5.1535,0,5.1535,18.7,97.5906,430,11,0,2225,35,35.1407,18.9596
18.6082,4.56508,0,4.56508,18.68,97.4554,777,49,0,2226,34.9942,35.1334,18.9577
18.6262,0.974276,0,0.974276,18.68,97.4554,320,0,0,2226,34.9942,35.1334,18.9577
18.6344,2.26745,0,2.26745,18.66,97.3203,336,2,0,2227,35.0108,35.15,18.9559
18.6588,5.27905,0,5.27905,18.66,97.3203,449,6,0,2228,35.0417,35.1809,18.954
18.6663,1.50789,0,1.50789,18.64,97.1852,332,1,0,2229,35.0422,35.1812,18.9522
18.6877,1.34216,0,1.34216,18.64,97.1852,322,0,0,2229,35.0422,35.1812,18.9522
18.7011,6.98337,0,6.98337,18.62,97.05,498,6,0,2231,35.0704,35.2071,18.9485
18.7216,5.99803,0,5.99803,18.62,97.05,368,5,0,2233,35.107,35.2432,18.9448
18.7305,2.73035,0,2.73035,18.6,96.9149,324,1,0,2234,35.1298,35.2659,18.9429
18.7535,4.10784,0,4.10784,18.6,96.9149,338,3,0,2236,35.1369,35.2728,18.9393
18.7649,5.31321,0,5.31321,18.58,96.7798,324,3,0,2238,35.1604,35.2962,18.9356
18.7848,3.69899,0,3.69899,18.58,96.7798,314,2,0,2239,35.1742,35.31,18.9337
18.7976,6.5492,0,6.5492,18.56,96.6446,492,27,0,2241,35.2088,35.3458,18.93
18.8165,4.10939,0,4.10939,18.56,96.6446,412,4,0,2242,35.2226,35.3595,18.9282
18.8265,3.63538,0,3.63538,18.54,96.5095,332,2,0,2243,35.2403,35.3781,18.9264
18.8486,4.37985,0,4.37985,18.54,96.5095,404,2,0,2244,35.2647,35.402,18.9245
18.8577,2.96802,0,2.96802,18.52,96.3743,360,2,0,2245,35.2771,35.4143,18.9227
18.8821,6.07925,0,6.07925,18.52,96.3743,402,13,0,2247,35.3049,35.4419,18.919
18.8906,2.18894,0,2.18894,18.5,96.2392,324,1,0,2248,35.306,35.4431,18.9172
18.9141,4.19479,0,4.19479,18.5,96.2392,395,7,0,2249,35.3233,35.4629,18.9154
18.926,5.63875,0,5.63875,18.48,96.1041,374,5,0,2251,35.3603,35.5002,18.9117
18.9452,3.37503,0,3.37503,18.48,96.1041,354,4,0,2252,35.3637,35.5053,18.9099
18.9538,2.31292,0,2.31292,18.46,95.9689,344,1,0,2253,35.3746,35.5162,18.9081
18.9762,3.89933,0,3.89933,18.46,95.9689,354,2,0,2255,35.38,35.5215,18.9044
18.987,3.78861,0,3.78861,18.44,95.8338,382,3,0,2257,35.3926,35.5339,18.9008
19.0081,4.35511,0,4.35511,18.44,95.8338,364,2,0,2259,35.4037,35.5449,18.8971
19.016,0.802016,0,0.802016,18.42,95.6987,354,0,0,2259,35.4037,35.5449,18.8971
19.0418,6.35307,0,6.35307,18.42,95.6987,374,3,0,2261,35.4352,35.5763,18.8935
19.0571,7.96889,0,7.96889,18.4,95.5635,786,60,0,2263,35.4414,35.5815,18.8898
19.0747,4.92064,0,4.92064,18.4,95.5635,373,2,0,2265,35.464,35.604,18.8862
19.0878,6.03897,0,6.03897,18.38,95.4284,464,12,0,2267,35.491,35.6295,18.8826
19.1105,8.18376,0,8.18376,18.38,95.4284,848,21,0,2269,35.4923,35.6316,18.879
19.1223,4.04057,0,4.04057,18.36,95.2932,413,5,0,2271,35.4958,35.6345,18.8753
19.1388,0.782025,0,0.782025,18.36,95.2932,377,0,0,2271,35.4958,35.6345,18.8753
19.1521,5.64081,0,5.64081,18.34,95.1581,453,4,0,2273,35.524,35.6626,18.8717
19.1719,5.17108,0,5.17108,18.34,95.1581,540,3,0,2275,35.5459,35.6866,18.8681
19.1873,7.661,0,7.661,18.32,95.023,846,61,0,2277,35.5564,35.7097,18.8645
19.2058,5.81879,0,5.81879,18.32,95.023,507,13,0,2279,35.584,35.7337,18.8609
19.2195,5.89107,0,5.89107,18.3,94.8878,688,1,0,2281,35.5993,35.7488,18.8573
19.2377,4.02011,0,4.02011,18.3,94.8878,503,2,0,2282,35.6166,35.7682,18.8555
19.256,10.5104,0,10.5104,18.28,94.7527,1046,68,0,2284,35.6633,35.8144,18.8519
19.2784,12.8072,0,12.8072,18.28,94.7527,1586,137,0,2286,35.668,35.8185,18.8483
19.29,3.97548,0,3.97548,18.26,94.6176,463,2,0,2288,35.6761,35.8265,18.8447
19.3133,6.10991,0,6.10991,18.26,94.6176,476,4,0,2290,35.7144,35.8646,18.8411
19.3241,3.31194,0,3.31194,18.24,94.4824,470,2,0,2291,35.7298,35.88,18.8394
19.3479,5.72453,0,5.72453,18.24,94.4824,615,24,0,2293,35.7549,35.9058,18.8358
19.3584,3.09972,0,3.09972,18.22,94.3473,463,2,0,2294,35.7694,35.9202,18.834
19.379,2.42986,0,2.42986,18.22,94.3473,473,2,0,2296,35.7705,35.9212,18.8304
19.617,230.529,27.8291,202.699,18.2,94.2121,35645,3062,0,2298,35.3216,35.5148,18.8268
19.6279,3.90186,0,3.90186,18.18,97.4842,502,0,0,2299,35.3362,35.5294,18.8251
19.6468,2.02015,0,2.02015,18.18,97.4842,312,1,0,2300,35.343,35.5361,18.8233
19.6553,2.40133,0,2.40133,18.16,97.349,326,1,0,2301,35.3585,35.5515,18.8215
19.6799,5.56337,0,5.56337,18.16,97.349,390,3,0,2303,35.3752,35.568,18.8179
19.6908,4.62321,0,4.62321,18.14,97.2139,359,3,0,2305,35.3883,35.5809,18.8144
19.7125,5.03958,0,5.03958,18.14,97.2139,358,3,0,2307,35.4131,35.6055,18.8108
19.7239,5.1393,0,5.1393,18.12,97.0787,549,2,0,2308,35.4424,35.6334,18.8091
19.7412,0.95685,0,0.95685,18.12,97.0787,321,0,0,2308,35.4424,35.6334,18.8091
19.7526,4.93762,0,4.93762,18.1,96.9436,376,7,0,2310,35.474,35.6649,18.8055
19.773,4.20906,0,4.20906,18.1,96.9436,346,3,0,2312,35.4801,35.6708,18.802
19.7825,2.80844,0,2.80844,18.08,96.8085,339,2,0,2313,35.4868,35.677,18.8002
19.8037,2.65609,0,2.65609,18.08,96.8085,336,2,0,2314,35.4888,35.6789,18.7984
19.8144,3.90477,0,3.90477,18.06,96.6733,361,3,0,2316,35.5043,35.6921,18.7949
19.8372,5.52206,0,5.52206,18.06,96.6733,393,6,0,2318,35.5237,35.7114,18.7914
19.8557,11.6186,0,11.6186,18.04,96.5382,1391,61,0,2320,35.5496,35.7418,18.7878
19.8664,0.933569,0,0.933569,18.04,96.5382,341,0,0,2320,35.5496,35.7418,18.7878
19.8757,2.36885,0,2.36885,18.02,96.4031,351,2,0,2321,35.5502,35.7424,18.7861
19.896,2.55815,0,2.55815,18.02,96.4031,351,2,0,2322,35.5655,35.7575,18.7843
19.9088,5.24357,0,5.24357,18,96.2679,394,6,0,2324,35.5861,35.7788,18.7808
19.9313,7.91287,0,7.91287,18,96.2679,1157,82,0,2325,35.5927,35.7841,18.779
19.9405,1.59089,0,1.59089,17.98,96.1328,360,1,0,2326,35.5877,35.779,18.7773
19.9602,1.50834,0,1.50834,17.98,96.1328,360,1,0,2327,35.581,35.7722,18.7755
19.9687,0.865877,0,0.865877,17.96,95.9976,355,0,0,2327,35.581,35.7722,18.7755
19.995,7.47699,0,7.47699,17.96,95.9976,495,3,0,2329,35.6217,35.8128,18.772
20.0054,2.67578,0,2.67578,17.94,95.8625,370,2,0,2330,35.6288,35.8197,18.7702
20.0236,0.64307,0,0.64307,17.94,95.8625,360,0,0,2330,35.6288,35.8197,18.7702
20.0382,7.07691,0,7.07691,17.92,95.7274,476,2,0,2332,35.6728,35.8641,18.7667
20.0561,5.20816,0,5.20816,17.92,95.7274,624,10,0,2334,35.6735,35.8642,18.7632
20.0674,3.67271,0,3.67271,17.9,95.5922,378,3,0,2336,35.6824,35.8729,18.7597
20.0861,2.53219,0,2.53219,17.9,95.5922,368,2,0,2337,35.6945,35.8849,18.758
20.0958,2.8045,0,2.8045,17.88,95.4571,368,1,0,2338,35.6959,35.8862,18.7562
20.118,4.002,0,4.002,17.88,95.4571,438,2,0,2339,35.7084,35.9,18.7545
20.1284,3.39329,0,3.39329,17.86,95.3219,434,2,0,2340,35.7162,35.9073,18.7527
20.1497,3.63943,0,3.63943,17.86,95.3219,387,4,0,2341,35.7407,35.9325,18.751
20.1567,0.262898,0,0.262898,17.84,95.1868,357,0,0,2341,35.7407,35.9325,18.751
20.181,3.60563,0,3.60563,17.84,95.1868,407,2,0,2342,35.757,35.9488,18.7493
20.1891,1.51307,0,1.51307,17.82,95.0498,347,1,0,2343,35.7546,35.9462,18.7475
20.2124,3.23004,0,3.23004,17.82,95.0498,367,2,0,2344,35.7683,35.9599,18.7458
20.2225,3.01441,0,3.01441,17.8,94.817,379,2,0,2345,35.7761,35.9676,18.744
20.2441,3.38429,0,3.38429,17.8,94.817,376,2,0,2347,35.7976,35.9889,18.7406
20.2533,2.15238,0,2.15238,17.78,94.5845,357,2,0,2348,35.7956,35.9868,18.7388
20.2735,1.12879,0,1.12879,17.78,94.5845,357,1,0,2349,35.7944,35.9855,18.7371
20.445,164.169,15.2207,148.948,17.76,94.3521,25442,2259,0,2349,35.5658,35.7671,18.7371
20.4582,5.4958,0,5.4958,17.74,94.1197,405,6,0,2351,35.5938,35.7975,18.7336
20.4766,3.40774,0,3.40774,17.74,94.1197,340,1,0,2352,35.6148,35.8185,18.7319
20.4861,2.60332,0,2.60332,17.72,93.8875,347,1,0,2353,35.6362,35.8398,18.7301
20.5133,8.37073,0,8.37073,17.72,93.8875,535,36,0,2355,35.6773,35.8811,18.7267
20.5208,0.642062,0,0.642062,17.7,93.6554,337,0,0,2355,35.6773,35.8811,18.7267
20.5471,5.56553,0,5.56553,17.7,93.6554,357,4,0,2357,35.6983,35.902,18.7232
20.5602,6.82204,0,6.82204,17.68,93.4235,466,3,0,2359,35.7346,35.939,18.7197
20.576,1.22894,0,1.22894,17.68,93.4235,322,0,0,2359,35.7346,35.939,18.7197
20.5854,2.70076,0,2.70076,17.66,93.1918,337,1,0,2360,35.7441,35.9483,18.718
20.6064,1.99828,0,1.99828,17.66,93.1918,337,1,0,2361,35.7416,35.9458,18.7163
20.6177,4.1997,0,4.1997,17.64,92.9603,413,3,0,2362,35.7655,35.9699,18.7146
20.6384,3.58061,0,3.58061,17.64,92.9603,337,1,0,2363,35.7791,35.9835,18.7128
20.6483,2.82022,0,2.82022,17.62,92.729,347,1,0,2364,35.797,36.0013,18.7111
20.6722,5.30532,0,5.30532,17.62,92.729,363,2,0,2366,35.8246,36.0287,18.7077
20.684,4.87293,0,4.87293,17.6,92.4978,352,3,0,2368,35.8408,36.0448,18.7042
20.7019,1.30809,0,1.30809,17.6,92.4978,332,0,0,2368,35.8408,36.0448,18.7042
20.7115,2.35066,0,2.35066,17.58,92.2665,327,1,0,2369,35.8413,36.0452,18.7025
20.7335,3.40476,0,3.40476,17.58,92.2665,343,2,0,2370,35.8506,36.0544,18.7008
20.7443,3.91746,0,3.91746,17.56,92.0353,297,3,0,2372,35.8512,36.0548,18.6974
20.7646,2.76026,0,2.76026,17.56,92.0353,287,1,0,2373,35.858,36.0615,18.6956
20.7758,4.37021,0,4.37021,17.54,91.8041,292,2,0,2375,35.8762,36.0796,18.6922
20.7981,5.71488,0,5.71488,17.54,91.8041,292,2,0,2377,35.9133,36.1165,18.6888
20.8065,1.701,0,1.701,17.52,91.5729,282,1,0,2378,35.9159,36.119,18.6871
20.8269,0.56679,0,0.56679,17.52,91.5729,272,0,0,2378,35.9159,36.119,18.6871
20.8366,2.73565,0,2.73565,17.5,91.3417,282,1,0,2379,35.9235,36.1265,18.6854
20.856,1.5647,0,1.5647,17.5,91.3417,282,1,0,2380,35.9265,36.1294,18.6836
20.8658,3.45953,0,3.45953,17.48,91.1105,277,2,0,2381,35.9324,36.1352,18.6819
20.8848,1.72524,0,1.72524,17.48,91.1105,277,1,0,2382,35.9324,36.1352,18.6802
20.8945,2.81798,0,2.81798,17.46,90.8793,381,9,0,2383,35.9371,36.1389,18.6785
20.9188,7.13541,0,7.13541,17.46,90.8793,297,6,0,2385,35.9765,36.1778,18.6751
20.9306,4.6649,0,4.6649,17.44,90.6481,292,3,0,2387,35.9736,36.1747,18.6717
20.9484,2.62631,0,2.62631,17.44,90.6481,282,2,0,2388,35.9711,36.1721,18.67
20.9619,6.69646,0,6.69646,17.42,90.4169,379,10,0,2390,35.995,36.1954,18.6666
20.9811,5.81624,0,5.81624,17.42,90.4169,392,3,0,2392,36.0217,36.2216,18.6632
20.9886,0.789475,0,0.789475,17.4,90.1857,282,0,0,2392,36.0217,36.2216,18.6632
21.0174,9.53243,0,9.53243,17.4,90.1857,997,88,0,2394,36.0409,36.2439,18.6598
21.0325,7.61967,0,7.61967,17.38,89.9545,688,83,0,2396,36.0526,36.2563,18.6564
21.0458,1.50723,0,1.50723,17.38,89.9545,292,1,0,2397,36.0551,36.2587,18.6547
21.0586,6.0466,0,6.0466,17.36,89.7233,372,11,0,2399,36.0792,36.2843,18.6513
21.076,3.42138,0,3.42138,17.36,89.7233,301,2,0,2400,36.1013,36.3062,18.6496
21.0828,0.781133,0,0.781133,17.34,89.4921,287,0,0,2400,36.1013,36.3062,18.6496
21.107,3.57162,0,3.57162,17.34,89.4921,307,3,0,2402,36.1124,36.3172,18.6462
21.1152,2.06072,0,2.06072,17.32,89.2609,302,1,0,2403,36.1161,36.3208,18.6445
21.1353,1.16415,0,1.16415,17.32,89.2609,302,1,0,2404,36.1077,36.3124,18.6428
21.145,3.09645,0,3.09645,17.3,89.0297,315,2,0,2405,36.1198,36.3243,18.6412
21.1646,1.4683,0,1.4683,17.3,89.0297,297,1,0,2406,36.1114,36.3159,18.6395
21.1733,2.70517,0,2.70517,17.28,88.7985,287,1,0,2407,36.1188,36.3232,18.6378
21.194,2.32682,0,2.32682,17.28,88.7985,287,1,0,2408,36.1283,36.3326,18.6361
21.2047,4.76117,0,4.76117,17.26,88.5673,282,2,0,2410,36.1515,36.3556,18.6327
21.2261,4.73483,0,4.73483,17.26,88.5673,282,3,0,2412,36.175,36.3789,18.6294
21.2363,4.46867,0,4.46867,17.24,88.3361,277,2,0,2414,36.1955,36.3993,18.626
21.2542,0.759676,0,0.759676,17.24,88.3361,262,0,0,2414,36.1955,36.3993,18.626
21.267,6.73615,0,6.73615,17.22,88.1049,341,6,0,2416,36.243,36.4454,18.6226
21.2819,0.639587,0,0.639587,17.22,88.1049,267,0,0,2416,36.243,36.4454,18.6226
21.2965,7.91089,0,7.91089,17.2,87.8737,699,64,0,2418,36.2696,36.4731,18.6193
21.313,4.04009,0,4.04009,17.2,87.8737,287,2,0,2420,36.2731,36.4764,18.6159
21.3235,3.75777,0,3.75777,17.18,87.6425,327,2,0,2421,36.2871,36.4911,18.6142
21.3461,6.1713,0,6.1713,17.18,87.6425,329,3,0,2423,36.317,36.5208,18.6109
21.3586,5.78223,0,5.78223,17.16,87.4113,374,3,0,2425,36.3419,36.5447,18.6075
21.3767,3.54724,0,3.54724,17.16,87.4113,284,1,0,2426,36.3495,36.5523,18.6059
21.3859,2.15686,0,2.15686,17.14,87.1801,311,2,0,2427,36.3519,36.5558,18.6042
21.4043,0.305324,0,0.305324,17.14,87.1801,289,0,0,2427,36.3519,36.5558,18.6042
21.4157,4.08863,0,4.08863,17.12,86.9489,419,2,0,2428,36.3723,36.5762,18.6025
21.4394,6.49252,0,6.49252,17.12,86.9489,458,21,0,2430,36.4058,36.6099,18.5992
21.4476,0.568042,0,0.568042,17.1,86.7177,350,0,0,2430,36.4058,36.6099,18.5992
21.4779,9.20985,0,9.20985,17.1,86.7177,756,93,0,2432,36.428,36.6312,18.5959
21.4868,0.677056,0,0.677056,17.08,86.4865,404,0,0,2432,36.428,36.6312,18.5959
21.5099,3.49047,0,3.49047,17.08,86.4865,439,2,0,2434,36.4396,36.6426,18.5925
21.5264,7.76861,0,7.76861,17.06,86.2553,561,15,0,2436,36.4799,36.6819,18.5892
21.5436,4.78832,0,4.78832,17.06,86.2553,575,11,0,2438,36.491,36.694,18.5859
21.5549,2.72095,0,2.72095,17.04,86.0241,439,2,0,2440,36.4975,36.7004,18.5826
21.5788,6.14165,0,6.14165,17.04,86.0241,456,4,0,2442,36.5242,36.7236,18.5792
21.5924,4.81565,0,4.81565,17.02,85.7928,449,3,0,2444,36.5495,36.7488,18.5759
21.6133,5.47317,0,5.47317,17.02,85.7928,449,3,0,2446,36.5781,36.7772,18.5726
21.6285,6.44151,0,6.44151,17,85.5616,492,7,0,2448,36.616,36.8141,18.5693
21.6499,7.7188,0,7.7188,17,85.5616,742,15,0,2450,36.6408,36.8367,18.566
21.6636,4.92825,0,4.92825,16.98,85.3304,581,1,0,2452,36.6538,36.8495,18.5627
21.6795,0.673852,0,0.673852,16.98,85.3304,434,0,0,2452,36.6538,36.8495,18.5627
21.6903,2.17806,0,2.17806,16.96,83.1563,542,16,0,2453,36.6519,36.8479,18.561
21.7127,4.61488,0,4.61488,16.96,83.1563,466,2,0,2455,36.6766,36.8725,18.5578
21.7222,0.688547,0,0.688547,16.94,83.0066,457,0,0,2455,36.6766,36.8725,18.5578
21.7455,3.39855,0,3.39855,16.94,83.0066,467,1,0,2456,36.6918,36.8876,18.5561
21.7607,6.13885,0,6.13885,16.92,82.8574,507,3,0,2458,36.7148,36.9105,18.5528
21.7781,3.46625,0,3.46625,16.92,82.8574,496,2,0,2459,36.7344,36.9301,18.5512
21.7887,1.98411,0,1.98411,16.9,82.7083,455,1,0,2460,36.7333,36.9289,18.5495
21.8125,5.67595,0,5.67595,16.9,82.7083,483,2,0,2462,36.7677,36.963,18.5462
21.8273,5.85921,0,5.85921,16.88,82.5591,528,9,0,2464,36.7837,36.9797,18.543
21.8435,2.45498,0,2.45498,16.88,82.5591,445,1,0,2465,36.7992,36.9951,18.5413
21.8581,5.84592,0,5.84592,16.86,82.4099,485,8,0,2467,36.8253,37.0203,18.538
21.8784,5.95762,0,5.95762,16.86,82.4099,524,3,0,2469,36.8554,37.0506,18.5348
21.891,3.08889,0,3.08889,16.84,82.2612,474,2,0,2470,36.8753,37.07,18.5331
21.9086,1.39391,0,1.39391,16.84,82.2612,465,1,0,2471,36.879,37.0737,18.5315
21.9242,6.19435,0,6.19435,16.82,82.1124,516,2,0,2473,36.909,37.1035,18.5282
21.9434,5.67048,0,5.67048,16.82,82.1124,491,4,0,2475,36.9418,37.1354,18.525
21.959,5.54269,0,5.54269,16.8,81.9637,504,4,0,2477,36.9705,37.1639,18.5217
21.9734,0.712078,0,0.712078,16.8,81.9637,461,0,0,2477,36.9705,37.1639,18.5217
21.9841,1.16836,0,1.16836,16.78,81.815,484,0,0,2477,36.9705,37.1639,18.5217
22.006,3.33263,0,3.33263,16.78,81.815,514,2,0,2478,36.9895,37.1832,18.5201
22.0207,4.24492,0,4.24492,16.76,83.1654,656,16,0,2479,36.9915,37.1908,18.5184
22.0423,6.90128,0,6.90128,16.76,83.1654,822,1,0,2481,37.0109,37.21,18.5152
22.0542,1.4887,0,1.4887,16.74,83.1046,507,1,0,2482,37.0093,37.2083,18.5136
22.0761,4.05844,0,4.05844,16.74,83.1046,627,25,0,2483,37.0173,37.2147,18.5119
22.0881,2.03413,0,2.03413,16.72,83.0439,507,2,0,2485,37.0177,37.2149,18.5087
22.1083,2.44066,0,2.44066,16.72,83.0439,497,1,0,2486,37.0185,37.2156,18.5071
22.124,5.72996,0,5.72996,16.7,82.9833,558,8,0,2488,37.0382,37.2343,18.5038
22.1381,0.002416,0,0.002416,16.7,82.9833,487,0,0,2488,37.0382,37.2343,18.5038
22.1548,6.61526,0,6.61526,16.68,82.9227,517,6,0,2490,37.0847,37.2815,18.5006
22.1749,7.3667,0,7.3667,16.68,82.9227,534,3,0,2492,37.1208,37.3174,18.4973
22.187,2.80125,0,2.80125,16.66,82.8621,487,1,0,2493,37.1408,37.3373,18.4957
22.2089,4.12753,0,4.12753,16.66,82.8621,503,1,0,2494,37.1568,37.3532,18.4941
22.2183,0.363128,0,0.363128,16.64,82.8016,477,0,0,2494,37.1568,37.3532,18.4941
22.2434,4.87793,0,4.87793,16.64,82.8016,559,1,0,2495,37.1719,37.3683,18.4925
22.2597,7.23578,0,7.23578,16.62,82.7411,1002,73,0,2497,37.1618,37.3596,18.4893
22.2795,6.33226,0,6.33226,16.62,82.7411,611,3,0,2499,37.1905,37.3882,18.486
22.2897,1.15655,0,1.15655,16.6,82.6807,477,1,0,2500,37.1844,37.382,18.4844
22.3105,0.928604,0,0.928604,16.6,82.6807,467,0,0,2500,37.1844,37.382,18.4844
22.3268,7.91044,0,7.91044,16.58,82.6203,607,4,0,2502,37.2218,37.4193,18.4812
22.3423,2.78252,0,2.78252,16.58,82.6203,473,2,0,2503,37.2321,37.4295,18.4796
22.3543,2.85513,0,2.85513,16.56,82.5599,470,1,0,2504,37.2296,37.4269,18.478
22.376,4.51215,0,4.51215,16.56,82.5599,506,3,0,2506,37.2462,37.4441,18.4748
22.389,3.929,0,3.929,16.54,82.4995,495,1,0,2507,37.2712,37.4691,18.4731
22.4113,6.14727,0,6.14727,16.54,82.4995,771,0,0,2509,37.2818,37.4795,18.4699
22.4274,6.85716,0,6.85716,16.52,82.4391,610,3,0,2511,37.3218,37.5169,18.4667
22.4439,2.75577,0,2.75577,16.52,82.4391,480,1,0,2512,37.3384,37.5334,18.4651
22.4553,2.84571,0,2.84571,16.5,82.3787,500,2,0,2514,37.3397,37.5346,18.4619
22.4766,2.77602,0,2.77602,16.5,82.3787,480,1,0,2515,37.3527,37.5475,18.4603
22.4924,7.24277,0,7.24277,16.48,82.3183,893,0,0,2516,37.3756,37.5703,18.4587
22.5105,4.71834,0,4.71834,16.48,82.3183,490,3,0,2518,37.3979,37.5925,18.4555
22.5241,4.47717,0,4.47717,16.46,82.2579,541,3,0,2520,37.396,37.5917,18.4523
22.546,5.12555,0,5.12555,16.46,82.2579,521,4,0,2522,37.4064,37.6023,18.4491
22.5581,3.3376,0,3.3376,16.44,82.1975,497,1,0,2523,37.4201,37.6159,18.4475
22.5773,1.37147,0,1.37147,16.44,82.1975,490,1,0,2524,37.416,37.6117,18.4459
22.5931,7.26767,0,7.26767,16.42,82.1371,581,3,0,2526,37.4517,37.6473,18.4428
22.6112,4.19526,0,4.19526,16.42,82.1371,510,2,0,2528,37.4684,37.6638,18.4396
22.625,5.01687,0,5.01687,16.4,82.0767,682,0,0,2529,37.4879,37.6833,18.438
22.6595,18.3942,0,18.3942,16.4,82.0767,2673,117,0,2531,37.4528,37.6531,18.4348
22.6752,6.71743,0,6.71743,16.38,82.0163,688,3,0,2533,37.4872,37.6885,18.4316
22.6921,2.34058,0,2.34058,16.38,82.0163,523,2,0,2534,37.5032,37.7044,18.43
22.7034,2.60658,0,2.60658,16.36,81.9559,528,2,0,2535,37.5105,37.7116,18.4285
22.7246,2.28704,0,2.28704,16.36,81.9559,520,1,0,2536,37.5205,37.7216,18.4269
22.7367,3.32261,0,3.32261,16.34,81.8955,534,1,0,2537,37.5396,37.7406,18.4253
22.7577,2.94145,0,2.94145,16.34,81.8955,520,1,0,2538,37.5528,37.7537,18.4237
22.7682,1.77932,0,1.77932,16.32,81.8351,520,1,0,2539,37.5506,37.7515,18.4221
22.7921,4.44857,0,4.44857,16.32,81.8351,530,3,0,2541,37.5651,37.7658,18.419
22.8071,6.52421,0,6.52421,16.3,81.7747,598,4,0,2543,37.5958,37.7979,18.4158
22.8232,1.04756,0,1.04756,16.3,81.7747,510,0,0,2543,37.5958,37.7979,18.4158
22.8328,1.05145,0,1.05145,16.28,81.7143,510,0,0,2543,37.5958,37.7979,18.4158
22.8574,3.86408,0,3.86408,16.28,81.7143,615,11,0,2544,37.6108,37.8125,18.4142
22.8683,2.33271,0,2.33271,16.26,81.6539,520,1,0,2545,37.6126,37.8141,18.4126
22.888,0.745693,0,0.745693,16.26,81.6539,510,0,0,2545,37.6126,37.8141,18.4126
23.0266,129.696,25.0162,104.68,16.24,81.5935,19489,1879,0,2547,37.2788,37.4829,18.4095
23.0363,2.78011,0,2.78011,16.22,80.3305,276,2,0,2548,37.2841,37.4882,18.4079
23.0575,3.87735,0,3.87735,16.22,80.3305,438,1,0,2549,37.2978,37.5018,18.4063
23.0669,3.64355,0,3.64355,16.2,80.1156,290,1,0,2550,37.3075,37.5114,18.4048
23.088,3.28471,0,3.28471,16.2,80.1156,292,1,0,2551,37.3242,37.528,18.4032
23.0995,5.79991,0,5.79991,16.18,79.9007,334,2,0,2553,37.3537,37.5574,18.4
23.1191,3.85327,0,3.85327,16.18,79.9007,319,2,0,2555,37.3652,37.5687,18.3969
23.1287,3.78074,0,3.78074,16.16,79.6859,306,2,0,2556,37.3908,37.5943,18.3953
23.1473,0.999764,0,0.999764,16.16,79.6859,300,1,0,2557,37.3801,37.5835,18.3938
23.1585,4.78895,0,4.78895,16.14,79.471,332,2,0,2559,37.3982,37.6014,18.3906
23.178,3.11741,0,3.11741,16.14,79.471,312,1,0,2560,37.4078,37.6109,18.389
23.1863,2.28092,0,2.28092,16.12,79.2561,310,1,0,2561,37.4182,37.6212,18.3875
23.208,2.663,0,2.663,16.12,79.2561,310,1,0,2562,37.4235,37.6265,18.3859
23.2178,3.80455,0,3.80455,16.1,79.0413,320,3,0,2564,37.4239,37.6268,18.3828
23.2419,6.33961,0,6.33961,16.1,79.0413,499,17,0,2566,37.447,37.6547,18.3797
23.2513,3.52878,0,3.52878,16.08,78.8264,342,2,0,2567,37.4577,37.6654,18.3781
23.2765,7.25452,0,7.25452,16.08,78.8264,356,5,0,2569,37.5053,37.7112,18.375
23.2849,2.42492,0,2.42492,16.06,78.6116,312,1,0,2570,37.5051,37.7109,18.3734
23.3057,1.97617,0,1.97617,16.06,78.6116,312,1,0,2571,37.5084,37.7141,18.3719
23.3169,4.92028,0,4.92028,16.04,78.3967,330,1,0,2573,37.5328,37.7384,18.3687
23.3378,4.57202,0,4.57202,16.04,78.3967,405,9,0,2575,37.5445,37.7503,18.3656
23.3483,4.44213,0,4.44213,16.02,78.1819,394,5,0,2577,37.5557,37.7617,18.3625
23.3698,4.56857,0,4.56857,16.02,78.1819,332,2,0,2579,37.5653,37.7712,18.3594
23.3826,6.67529,0,6.67529,16,77.967,619,1,0,2581,37.5901,37.7958,18.3563
23.4006,3.43121,0,3.43121,16,77.967,352,5,0,2582,37.596,37.8013,18.3548
23.4125,5.73621,0,5.73621,15.98,77.7521,345,3,0,2584,37.618,37.8228,18.3517
23.4322,4.63112,0,4.63112,15.98,77.7521,332,2,0,2586,37.633,37.8376,18.3486
23.4436,4.37404,0,4.37404,15.96,77.5373,375,2,0,2588,37.6615,37.8659,18.3455
23.4601,0.518147,0,0.518147,15.96,77.5373,326,0,0,2588,37.6615,37.8659,18.3455
23.4686,1.25251,0,1.25251,15.94,77.3224,346,1,0,2589,37.6555,37.8598,18.3439
23.489,1.73191,0,1.73191,15.94,77.3224,346,1,0,2590,37.6529,37.8571,18.3424
23.4985,2.36211,0,2.36211,15.92,77.1076,342,1,0,2591,37.6538,37.858,18.3408
23.5226,6.16739,0,6.16739,15.92,77.1076,447,2,0,2593,37.6815,37.8855,18.3377
23.5347,4.89321,0,4.89321,15.9,76.8927,342,2,0,2595,37.7067,37.9106,18.3346
23.5547,4.65596,0,4.65596,15.9,76.8927,342,3,0,2597,37.712,37.9157,18.3316
23.564,1.93576,0,1.93576,15.88,76.6778,344,1,0,2598,37.7098,37.9134,18.33
23.5864,4.23355,0,4.23355,15.88,76.6778,354,2,0,2600,37.7219,37.9254,18.3269
23.5968,3.32983,0,3.32983,15.86,76.463,389,2,0,2601,37.7316,37.935,18.3254
23.6179,3.88759,0,3.88759,15.86,76.463,334,1,0,2602,37.7437,37.947,18.3239
23.6273,2.68726,0,2.68726,15.84,76.2481,344,1,0,2603,37.7453,37.9485,18.3223
23.6525,6.2947,0,6.2947,15.84,76.2481,362,2,0,2605,37.7804,37.9835,18.3193
23.6646,5.09408,0,5.09408,15.82,76.0333,350,3,0,2607,37.7963,37.9992,18.3162
23.6865,7.00093,0,7.00093,15.82,76.0333,363,3,0,2609,37.8329,38.0356,18.3131
23.7015,7.92943,0,7.92943,15.8,75.8184,363,3,0,2611,37.8828,38.0854,18.3101
23.7221,8.42548,0,8.42548,15.8,75.8184,876,24,0,2613,37.8856,38.0926,18.307
23.73,0.939861,0,0.939861,15.78,75.6036,334,1,0,2614,37.8768,38.0838,18.3055
23.7542,4.76449,0,4.76449,15.78,75.6036,394,7,0,2616,37.8826,38.0921,18.3024
23.7696,8.26487,0,8.26487,15.76,75.3887,650,24,0,2618,37.9068,38.1188,18.2994
23.7872,5.60167,0,5.60167,15.76,75.3887,342,3,0,2620,37.9256,38.1374,18.2963
23.7988,4.45894,0,4.45894,15.74,75.1738,338,2,0,2622,37.9416,38.1533,18.2933
23.8147,0.391024,0,0.391024,15.74,75.1738,318,0,0,2622,37.9416,38.1533,18.2933
23.8265,5.29399,0,5.29399,15.72,74.959,448,13,0,2624,37.9581,38.1707,18.2902
23.8433,0.762254,0,0.762254,15.72,74.959,328,0,0,2624,37.9581,38.1707,18.2902
23.8537,3.82495,0,3.82495,15.7,74.7441,338,1,0,2625,37.979,38.1916,18.2887
23.872,0.851892,0,0.851892,15.7,74.7441,328,0,0,2625,37.979,38.1916,18.2887
23.8828,4.3044,0,4.3044,15.68,74.5293,340,2,0,2627,37.9966,38.209,18.2857
23.9031,3.10882,0,3.10882,15.68,74.5293,340,3,0,2629,38.0011,38.2134,18.2826
23.9139,3.8406,0,3.8406,15.66,74.3144,330,1,0,2630,38.0152,38.2274,18.2811
23.9376,6.09924,0,6.09924,15.66,74.3144,583,13,0,2632,38.0186,38.2314,18.2781
23.9626,18.4404,7.08929,11.3511,15.64,74.0995,1558,85,0,2634,38.0349,38.2456,18.2751
23.9739,3.51835,0,3.51835,15.62,73.8847,332,1,0,2635,38.0497,38.2603,18.2735
23.9961,5.38099,0,5.38099,15.62,73.8847,359,3,0,2637,38.0709,38.2814,18.2705
24.0085,5.49655,0,5.49655,15.6,73.6698,390,8,0,2639,38.0906,38.3028,18.2675
24.0257,1.71936,0,1.71936,15.6,73.6698,330,1,0,2640,38.0913,38.3034,18.266
24.0368,3.9596,0,3.9596,15.58,73.455,339,1,0,2641,38.1072,38.3192,18.2645
24.0571,3.55081,0,3.55081,15.58,73.455,330,1,0,2642,38.1268,38.3388,18.263
24.0693,4.18491,0,4.18491,15.56,73.2401,380,1,0,2644,38.1369,38.3487,18.26
24.0875,2.82739,0,2.82739,15.56,73.2401,330,1,0,2645,38.1509,38.3626,18.2584
24.0978,2.67753,0,2.67753,15.54,73.0253,351,1,0,2646,38.1663,38.3779,18.2569
24.1183,3.48275,0,3.48275,15.54,73.0253,336,1,0,2647,38.184,38.3955,18.2554
24.1314,5.62575,0,5.62575,15.52,72.8104,370,2,0,2648,38.2051,38.4184,18.2539
24.1483,2.87047,0,2.87047,15.52,72.8104,326,2,0,2649,38.2106,38.4239,18.2524
24.1607,4.82399,0,4.82399,15.5,72.5955,529,2,0,2650,38.2147,38.4279,18.2509
24.1793,3.29014,0,3.29014,15.5,72.5955,322,1,0,2651,38.235,38.4481,18.2494
24.1905,4.81618,0,4.81618,15.48,72.3807,328,2,0,2653,38.245,38.458,18.2464
24.2142,6.85468,0,6.85468,15.48,72.3807,367,3,0,2655,38.2847,38.4976,18.2434
24.2302,8.60315,0,8.60315,15.46,72.1658,370,3,0,2657,38.3116,38.5243,18.2404
24.2539,11.4575,0,11.4575,15.46,72.1658,584,35,0,2659,38.3298,38.534,18.2374
24.2672,4.90569,0,4.90569,15.44,71.951,320,2,0,2661,38.3533,38.5573,18.2344
24.2894,6.58571,0,6.58571,15.44,71.951,320,2,0,2663,38.3661,38.57,18.2314
24.2993,2.55138,0,2.55138,15.42,71.7361,322,1,0,2664,38.3682,38.5721,18.2299
24.3205,0.58633,0,0.58633,15.42,71.7361,312,0,0,2664,38.3682,38.5721,18.2299
24.3307,2.45534,0,2.45534,15.4,71.5212,352,5,0,2665,38.3782,38.5816,18.2284
24.3551,4.39213,0,4.39213,15.4,71.5212,324,1,0,2666,38.3886,38.5919,18.227
24.3665,4.27222,0,4.27222,15.38,71.3064,456,0,0,2667,38.4038,38.607,18.2255
24.3879,2.82466,0,2.82466,15.38,71.3064,328,1,0,2668,38.4067,38.6098,18.224
24.4013,5.87231,0,5.87231,15.36,71.0915,584,0,0,2669,38.429,38.6321,18.2225
24.4185,0.748533,0,0.748533,15.36,71.0915,314,0,0,2669,38.429,38.6321,18.2225
24.4288,2.79414,0,2.79414,15.34,70.8767,338,1,0,2670,38.4303,38.6333,18.221
24.4528,3.77124,0,3.77124,15.34,70.8767,348,2,0,2672,38.4349,38.6377,18.218
24.5691,108.735,27.6557,81.0789,15.32,70.6618,15891,1211,0,2672,38.2444,38.4536,18.218
24.58,2.55182,0,2.55182,15.3,70.4469,338,1,0,2673,38.2458,38.4549,18.2165
24.5983,0.732577,0,0.732577,15.3,70.4469,328,0,0,2673,38.2458,38.4549,18.2165
24.6116,6.71147,0,6.71147,15.28,70.2321,395,4,0,2675,38.2807,38.4897,18.2135
24.6307,4.78795,0,4.78795,15.28,70.2321,350,2,0,2677,38.2962,38.505,18.2106
24.6402,2.4681,0,2.4681,15.26,70.0172,366,1,0,2678,38.3002,38.509,18.2091
24.6609,2.18177,0,2.18177,15.26,70.0172,348,1,0,2679,38.3012,38.5099,18.2076
24.6762,8.21653,0,8.21653,15.24,69.8024,394,8,0,2681,38.3432,38.5513,18.2046
24.6922,3.10966,0,3.10966,15.24,69.8024,348,1,0,2682,38.3509,38.5589,18.2032
24.7054,6.65176,0,6.65176,15.22,69.5875,392,2,0,2684,38.3711,38.579,18.2002
24.7258,5.98348,0,5.98348,15.22,69.5875,444,10,0,2686,38.3991,38.6057,18.1972
24.7396,6.65275,0,6.65275,15.2,69.3727,372,2,0,2688,38.4338,38.6403,18.1943
24.7568,2.85991,0,2.85991,15.2,69.3727,362,1,0,2689,38.4385,38.6448,18.1928
24.7679,4.53192,0,4.53192,15.18,69.1578,576,29,0,2690,38.4428,38.655,18.1913
24.7851,0.362277,0,0.362277,15.18,69.1578,360,0,0,2690,38.4428,38.655,18.1913
24.7965,4.69687,0,4.69687,15.16,68.9429,380,2,0,2692,38.4573,38.6694,18.1884
24.8177,5.13548,0,5.13548,15.16,68.9429,410,6,0,2694,38.4829,38.6952,18.1854
24.831,6.11363,0,6.11363,15.14,68.7281,468,6,0,2696,38.5019,38.7155,18.1825
24.848,2.87913,0,2.87913,15.14,68.7281,372,1,0,2697,38.5046,38.7182,18.181
24.861,5.5385,0,5.5385,15.12,68.5132,438,3,0,2699,38.5206,38.734,18.1781
24.8778,2.30711,0,2.30711,15.12,68.5132,388,1,0,2700,38.5237,38.737,18.1766
24.89,4.52309,0,4.52309,15.1,68.2984,390,2,0,2702,38.5355,38.7487,18.1737
24.9102,4.45957,0,4.45957,15.1,68.2984,417,2,0,2704,38.5473,38.7604,18.1707
24.9241,6.38648,0,6.38648,15.08,68.0835,390,2,0,2706,38.5905,38.8034,18.1678
24.9423,4.47328,0,4.47328,15.08,68.0835,390,2,0,2708,38.6001,38.8128,18.1649
24.9548,4.9621,0,4.9621,15.06,67.8686,400,2,0,2710,38.6159,38.8284,18.1619
24.9721,2.55512,0,2.55512,15.06,67.8686,390,1,0,2711,38.619,38.8314,18.1605
24.9858,5.93231,0,5.93231,15.04,67.6538,428,2,0,2713,38.6421,38.8544,18.1575
25.0026,2.44234,0,2.44234,15.04,67.6538,394,1,0,2714,38.6474,38.8596,18.1561
25.0144,4.65857,0,4.65857,15.02,67.4389,410,2,0,2716,38.6661,38.8781,18.1532
25.0343,2.89593,0,2.89593,15.02,67.4389,400,1,0,2717,38.6739,38.8859,18.1517
25.046,4.56047,0,4.56047,15,67.2241,424,2,0,2719,38.6922,38.904,18.1488
25.0653,2.4255,0,2.4255,15,67.2241,412,1,0,2720,38.6974,38.9092,18.1473
25.1947,121.95,13.7328,108.218,14.98,67.0092,19295,1369,0,2721,38.5413,38.7802,18.1459
25.2043,1.9478,0,1.9478,14.96,68.268,368,1,0,2722,38.5467,38.7855,18.1444
25.2252,2.46158,0,2.46158,14.96,68.268,368,1,0,2723,38.5501,38.7888,18.143
25.2352,3.55162,0,3.55162,14.94,68.0532,358,2,0,2725,38.5549,38.7934,18.14
25.2554,2.4847,0,2.4847,14.94,68.0532,354,2,0,2727,38.5449,38.7833,18.1371
25.2677,5.47074,0,5.47074,14.92,67.8383,380,2,0,2729,38.5705,38.8087,18.1342
25.2867,3.17707,0,3.17707,14.92,67.8383,446,7,0,2730,38.5751,38.8136,18.1328
25.2987,5.44952,0,5.44952,14.9,67.6234,378,2,0,2732,38.6014,38.8397,18.1299
25.3168,1.98592,0,1.98592,14.9,67.6234,350,0,0,2733,38.6063,38.8445,18.1284
25.3287,4.97705,0,4.97705,14.88,67.4086,431,13,0,2735,38.6227,38.8578,18.1255
25.3461,0.757874,0,0.757874,14.88,67.4086,351,0,0,2735,38.6227,38.8578,18.1255
25.3554,2.34575,0,2.34575,14.86,67.1937,372,1,0,2736,38.6265,38.8615,18.1241
25.3777,3.63144,0,3.63144,14.86,67.1937,385,2,0,2738,38.6304,38.8652,18.1212
25.3921,6.55328,0,6.55328,14.84,66.9789,480,3,0,2740,38.662,38.8971,18.1183
25.4126,6.83539,0,6.83539,14.84,66.9789,383,3,0,2742,38.6958,38.9307,18.1154
25.4315,11.2847,0,11.2847,14.82,66.764,1267,23,0,2744,38.7168,38.953,18.1125
25.4447,4.48737,0,4.48737,14.82,66.764,368,2,0,2746,38.7261,38.9621,18.1097
25.4541,1.79619,0,1.79619,14.8,66.5491,362,1,0,2747,38.7284,38.9643,18.1082
25.4753,3.01251,0,3.01251,14.8,66.5491,364,1,0,2748,38.7416,38.9774,18.1068
25.4876,4.40296,0,4.40296,14.78,66.3343,370,2,0,2750,38.7556,38.9913,18.1039
25.5061,3.15248,0,3.15248,14.78,66.3343,360,1,0,2751,38.771,39.0065,18.1025
25.5143,0.176475,0,0.176475,14.76,66.1194,350,0,0,2751,38.771,39.0065,18.1025
25.5397,5.57056,0,5.57056,14.76,66.1194,370,2,0,2753,38.785,39.0203,18.0996
25.552,4.32242,0,4.32242,14.74,65.9046,372,2,0,2755,38.8047,39.0399,18.0967
25.5729,5.22512,0,5.22512,14.74,65.9046,416,3,0,2757,38.8139,39.049,18.0938
25.5848,3.87331,0,3.87331,14.72,65.6897,352,1,0,2758,38.8339,39.0689,18.0924
25.6051,4.17927,0,4.17927,14.72,65.6897,362,3,0,2760,38.8438,39.0786,18.0895
25.6172,4.10048,0,4.10048,14.7,65.4748,355,2,0,2761,38.8631,39.0978,18.0881
25.6334,0.380088,0,0.380088,14.7,65.4748,345,0,0,2761,38.8631,39.0978,18.0881
25.6445,3.37473,0,3.37473,14.68,65.26,411,4,0,2762,38.8794,39.114,18.0867
25.6652,3.04168,0,3.04168,14.68,65.26,349,1,0,2763,38.8759,39.1104,18.0853
25.6741,1.39304,0,1.39304,14.66,65.0454,335,0,0,2763,38.8759,39.1104,18.0853
25.698,4.94894,0,4.94894,14.66,65.0454,355,2,0,2765,38.8937,39.128,18.0824
25.7063,0.512393,0,0.512393,14.64,64.8304,339,0,0,2765,38.8937,39.128,18.0824
25.7303,4.36904,0,4.36904,14.64,64.8304,359,3,0,2767,38.8963,39.1305,18.0795
25.7435,6.07112,0,6.07112,14.62,64.5964,407,2,0,2769,38.9101,39.1441,18.0767
25.7646,5.44236,0,5.44236,14.62,64.5964,498,3,0,2771,38.9145,39.1501,18.0738
25.7777,5.10243,0,5.10243,14.6,64.5297,397,8,0,2773,38.9315,39.1662,18.071
25.7934,1.44242,0,1.44242,14.6,64.5297,339,0,0,2774,38.9232,39.1579,18.0696
25.8062,5.38007,0,5.38007,14.58,64.4631,354,2,0,2776,38.9528,39.1873,18.0667
25.8287,6.37018,0,6.37018,14.58,64.4631,354,2,0,2778,38.9838,39.2181,18.0639
25.8399,4.05037,0,4.05037,14.56,64.3964,371,1,0,2779,39.0054,39.2397,18.0625
25.864,6.58121,0,6.58121,14.56,64.3964,354,2,0,2781,39.0385,39.2726,18.0596
25.8744,2.65273,0,2.65273,14.54,64.3298,344,1,0,2782,39.0413,39.2753,18.0582
25.8937,1.70561,0,1.70561,14.54,64.3298,334,0,0,2783,39.0489,39.2828,18.0568
25.902,1.06535,0,1.06535,14.52,64.2634,335,0,0,2783,39.0489,39.2828,18.0568
25.9259,3.42948,0,3.42948,14.52,64.2634,355,2,0,2785,39.047,39.2808,18.0539
25.9393,6.12533,0,6.12533,14.5,64.1969,646,0,0,2786,39.0664,39.3001,18.0525
25.9601,4.60927,0,4.60927,14.5,64.1969,369,2,0,2788,39.0703,39.3038,18.0497
25.9685,1.15286,0,1.15286,14.48,64.1305,355,1,0,2789,39.0617,39.2951,18.0483
25.9936,5.33793,0,5.33793,14.48,64.1305,365,2,0,2791,39.0853,39.3185,18.0455
26.003,2.33839,0,2.33839,14.46,64.0642,351,2,0,2792,39.086,39.3191,18.044
26.0252,3.15593,0,3.15593,14.46,64.0642,351,1,0,2793,39.1031,39.3362,18.0426
26.0373,5.33672,0,5.33672,14.44,63.998,359,2,0,2795,39.1141,39.347,18.0398
26.0562,2.69825,0,2.69825,14.44,63.998,349,1,0,2796,39.1234,39.3562,18.0384
26.0654,2.57406,0,2.57406,14.42,63.9318,341,1,0,2797,39.1273,39.36,18.037
26.0858,1.43841,0,1.43841,14.42,63.9318,331,0,0,2797,39.1273,39.36,18.037
26.0967,4.35165,0,4.35165,14.4,63.8657,355,2,0,2799,39.1397,39.3723,18.0342
26.121,5.59007,0,5.59007,14.4,63.8657,355,2,0,2801,39.1667,39.3991,18.0314
26.1298,2.15741,0,2.15741,14.38,63.7997,348,1,0,2802,39.1709,39.4033,18.03
26.1544,5.00429,0,5.00429,14.38,63.7997,380,6,0,2804,39.1826,39.4162,18.0271
26.1677,6.74966,0,6.74966,14.36,63.7337,520,1,0,2806,39.2035,39.4369,18.0243
26.1889,6.33279,0,6.33279,14.36,63.7337,502,1,0,2808,39.2265,39.4598,18.0215
26.1982,2.66961,0,2.66961,14.34,63.6678,345,1,0,2809,39.2367,39.4699,18.0201
26.2219,4.93964,0,4.93964,14.34,63.6678,430,1,0,2810,39.253,39.4861,18.0187
26.2344,5.74806,0,5.74806,14.32,63.6019,382,3,0,2812,39.2809,39.5142,18.0159
26.2535,3.1797,0,3.1797,14.32,63.6019,345,1,0,2813,39.2951,39.5283,18.0145
26.2633,3.21639,0,3.21639,14.3,63.536,355,1,0,2815,39.2977,39.5307,18.0117
26.2853,3.66146,0,3.66146,14.3,63.536,342,1,0,2816,39.3086,39.5415,18.0103
26.376,83.9354,26.5841,57.3513,14.28,63.4702,12275,865,0,2817,39.235,39.4778,18.0089
26.4121,28.9458,0,28.9458,14.26,68.8825,4559,152,0,2819,39.2206,39.4558,18.0061
26.4201,1.11711,0,1.11711,14.24,68.8368,298,0,0,2819,39.2206,39.4558,18.0061
26.445,5.26013,0,5.26013,14.24,68.8368,349,2,0,2821,39.2375,39.4725,18.0034
26.4519,0.573936,0,0.573936,14.22,68.7911,298,0,0,2821,39.2375,39.4725,18.0034
26.4753,2.59587,0,2.59587,14.22,68.7911,308,1,0,2822,39.2399,39.4748,18.002
26.4842,2.78038,0,2.78038,14.2,68.7455,298,1,0,2823,39.2508,39.4857,18.0006
26.5072,4.47442,0,4.47442,14.2,68.7455,308,2,0,2825,39.2662,39.5009,17.9978
26.5204,7.0257,0,7.0257,14.18,68.6998,309,2,0,2827,39.3074,39.5419,17.995
26.5375,2.69035,0,2.69035,14.18,68.6998,299,1,0,2829,39.3086,39.5429,17.9922
26.546,2.41721,0,2.41721,14.16,68.6542,299,2,0,2830,39.3081,39.5424,17.9908
26.5707,5.53026,0,5.53026,14.16,68.6542,309,2,0,2832,39.3337,39.5678,17.988
26.5782,1.33638,0,1.33638,14.14,68.6086,289,0,0,2832,39.3337,39.5678,17.988
26.603,4.70414,0,4.70414,14.14,68.6086,319,4,0,2834,39.3486,39.5822,17.9853
26.6148,5.39435,0,5.39435,14.12,68.563,309,2,0,2836,39.3713,39.6047,17.9825
26.634,3.55035,0,3.55035,14.12,68.563,299,1,0,2837,39.3881,39.6214,17.9811
26.6411,0.714944,0,0.714944,14.1,68.5174,298,0,0,2837,39.3881,39.6214,17.9811
26.6674,6.19306,0,6.19306,14.1,68.5174,375,3,0,2839,39.4093,39.6425,17.9783
26.6773,3.14897,0,3.14897,14.08,68.4718,294,1,0,2840,39.4201,39.6532,17.977
26.6951,0.785855,0,0.785855,14.08,68.4718,284,0,0,2840,39.4201,39.6532,17.977
26.7093,6.95184,0,6.95184,14.06,68.4262,311,2,0,2842,39.4606,39.6935,17.9742
26.7269,4.86516,0,4.86516,14.06,68.4262,379,13,0,2843,39.4805,39.7147,17.9728
26.7361,2.13815,0,2.13815,14.04,68.3806,321,2,0,2844,39.4814,39.7155,17.9714
26.7541,0.396288,0,0.396288,14.04,68.3806,295,0,0,2844,39.4814,39.7155,17.9714
26.7638,2.50075,0,2.50075,14.02,68.3349,321,1,0,2845,39.491,39.7251,17.9701
26.7839,2.4744,0,2.4744,14.02,68.3349,321,1,0,2846,39.4895,39.7235,17.9687
26.7979,7.19779,0,7.19779,14,68.2893,517,1,0,2848,39.5151,39.7489,17.9659
26.8151,2.70039,0,2.70039,14,68.2893,303,0,0,2849,39.5216,39.7554,17.9645
26.8241,2.00642,0,2.00642,13.98,68.2437,333,1,0,2850,39.5288,39.7625,17.9632
26.8497,5.90337,0,5.90337,13.98,68.2437,391,1,0,2852,39.5438,39.7773,17.9604
26.8631,6.61866,0,6.61866,13.96,68.1981,343,2,0,2854,39.5743,39.8076,17.9576
26.8837,5.71484,0,5.71484,13.96,68.1981,343,2,0,2856,39.5945,39.8277,17.9549
26.8932,2.90801,0,2.90801,13.94,68.1525,338,1,0,2857,39.6027,39.8358,17.9535
26.9186,7.12611,0,7.12611,13.94,68.1525,529,20,0,2859,39.6173,39.8517,17.9508
26.9318,6.73576,0,6.73576,13.92,68.1069,350,2,0,2861,39.6522,39.8864,17.948
26.9504,3.83117,0,3.83117,13.92,68.1069,331,1,0,2862,39.666,39.9001,17.9467
26.9661,9.12713,0,9.12713,13.9,68.0613,623,1,0,2864,39.7004,39.9344,17.9439
26.9824,4.02473,0,4.02473,13.9,68.0613,336,1,0,2865,39.7159,39.9497,17.9426
26.9961,6.78183,0,6.78183,13.88,68.0157,461,3,0,2867,39.7408,39.9742,17.9398
27.0132,2.59579,0,2.59579,13.88,68.0157,364,1,0,2868,39.7486,39.9819,17.9385
27.022,1.79032,0,1.79032,13.86,67.9701,364,1,0,2869,39.7452,39.9784,17.9371
27.0463,4.89257,0,4.89257,13.86,67.9701,374,2,0,2871,39.7534,39.9864,17.9344
27.0562,2.74422,0,2.74422,13.84,67.9244,377,2,0,2872,39.7601,39.9934,17.933
27.0783,3.66912,0,3.66912,13.84,67.9244,367,1,0,2873,39.7776,40.0108,17.9316
27.0892,3.99096,0,3.99096,13.82,67.8788,366,1,0,2874,39.7947,40.0278,17.9303
27.1109,4.44807,0,4.44807,13.82,67.8788,376,2,0,2876,39.7976,40.0306,17.9275
27.1199,2.11744,0,2.11744,13.8,67.8332,358,1,0,2877,39.8043,40.0372,17.9262
27.1437,4.533,0,4.533,13.8,67.8332,646,52,0,2878,39.8051,40.0393,17.9248
27.1542,3.70008,0,3.70008,13.78,67.7876,366,2,0,2880,39.8042,40.0382,17.9221
27.1933,21.6253,0,21.6253,13.78,67.7876,3053,352,0,2882,39.7273,39.974,17.9194
27.2107,8.99363,0,8.99363,13.76,67.742,815,0,0,2884,39.7569,40.0035,17.9166
27.2283,7.01396,0,7.01396,13.76,67.742,589,2,0,2886,39.7807,40.027,17.9139
27.2385,2.37569,0,2.37569,13.74,67.6964,358,1,0,2887,39.7918,40.0381,17.9126
27.2607,4.7228,0,4.7228,13.74,67.6964,368,2,0,2889,39.8003,40.0464,17.9099
27.2727,4.26458,0,4.26458,13.72,67.6508,384,1,0,2891,39.8129,40.0588,17.9072
27.2919,3.78379,0,3.78379,13.72,67.6508,363,1,0,2892,39.8295,40.0754,17.9058
27.4232,122.742,15.1697,107.572,13.7,67.6052,19859,1480,0,2894,39.6603,39.914,17.9031
27.4316,0.44823,0,0.44823,13.68,67.5596,352,0,0,2894,39.6603,39.914,17.9031
27.4569,6.0091,0,6.0091,13.68,67.5596,387,3,0,2896,39.6796,39.933,17.9004
27.4723,7.87817,0,7.87817,13.66,67.5139,487,20,0,2898,39.7167,39.9696,17.8977
27.4868,1.88439,0,1.88439,13.66,67.5139,376,0,0,2899,39.7165,39.9693,17.8963
27.4994,4.96577,0,4.96577,13.64,67.4683,372,2,0,2901,39.7246,39.9772,17.8936
27.515,0.667723,0,0.667723,13.64,67.4683,355,0,0,2901,39.7246,39.9772,17.8936
27.5296,6.61343,0,6.61343,13.62,67.4227,371,2,0,2903,39.762,40.0145,17.8909
27.5438,1.07619,0,1.07619,13.62,67.4227,351,0,0,2903,39.762,40.0145,17.8909
27.555,4.4086,0,4.4086,13.6,67.3771,371,2,0,2905,39.7673,40.0196,17.8882
27.573,0.941848,0,0.941848,13.6,67.3771,351,0,0,2905,39.7673,40.0196,17.8882
27.5838,3.76506,0,3.76506,13.58,67.3315,380,2,0,2907,39.7664,40.0186,17.8856
27.6078,6.72572,0,6.72572,13.58,67.3315,643,9,0,2909,39.7786,40.032,17.8829
27.6206,5.76203,0,5.76203,13.56,67.2859,386,2,0,2911,39.8025,40.0557,17.8802
27.6373,0.964778,0,0.964778,13.56,67.2859,370,1,0,2912,39.7953,40.0484,17.8788
27.6469,2.87234,0,2.87234,13.54,67.2403,366,1,0,2913,39.7975,40.0505,17.8775
27.6651,0.002221,0,0.002221,13.54,67.2403,356,0,0,2913,39.7975,40.0505,17.8775
27.6737,2.15487,0,2.15487,13.52,67.1947,362,1,0,2914,39.8013,40.0542,17.8762
27.697,3.88697,0,3.88697,13.52,67.1947,592,0,0,2915,39.8069,40.0597,17.8748
27.7096,6.063,0,6.063,13.5,67.1491,369,2,0,2917,39.8306,40.0833,17.8721
27.7259,0.920928,0,0.920928,13.5,67.1491,346,0,0,2917,39.8306,40.0833,17.8721
27.776,43.6773,9.60759,34.0698,13.48,67.1034,5945,186,0,2919,39.8349,40.0911,17.8695
27.7855,1.70951,0,1.70951,13.46,67.0578,345,0,0,2919,39.8349,40.0911,17.8695
27.8058,1.1894,0,1.1894,13.46,67.0578,355,1,0,2920,39.8264,40.0825,17.8681
27.8165,3.74391,0,3.74391,13.44,67.0122,365,1,0,2921,39.8398,40.0959,17.8668
27.8393,5.14438,0,5.14438,13.44,67.0122,365,2,0,2923,39.8471,40.103,17.8641
27.8491,2.98022,0,2.98022,13.42,66.9666,361,1,0,2924,39.8553,40.1111,17.8628
27.872,4.3841,0,4.3841,13.42,66.9666,356,1,0,2926,39.8585,40.1141,17.8601
27.8816,2.89705,0,2.89705,13.4,66.921,354,1,0,2927,39.865,40.1206,17.8588
27.9052,4.94499,0,4.94499,13.4,66.921,364,2,0,2929,39.8774,40.1328,17.8561
27.9152,3.18368,0,3.18368,13.38,66.8754,354,1,0,2930,39.8863,40.1416,17.8548
27.9392,5.3883,0,5.3883,13.38,66.8754,364,2,0,2932,39.8984,40.1535,17.8521
27.9467,0.898389,0,0.898389,13.36,66.8298,353,0,0,2932,39.8984,40.1535,17.8521
27.9704,3.18289,0,3.18289,13.36,66.8298,363,1,0,2933,39.9124,40.1674,17.8508
27.981,3.7797,0,3.7797,13.34,66.7842,494,10,0,2934,39.9145,40.1708,17.8494
27.9995,0.718127,0,0.718127,13.34,66.7842,354,0,0,2934,39.9145,40.1708,17.8494
28.0149,8.49439,0,8.49439,13.32,66.7386,511,17,0,2936,39.953,40.2057,17.8468
28.0313,3.20881,0,3.20881,13.32,66.7386,361,2,0,2937,39.9561,40.2087,17.8454
28.0391,1.01628,0,1.01628,13.3,66.6929,351,0,0,2937,39.9561,40.2087,17.8454
28.0631,3.29382,0,3.29382,13.3,66.6929,361,1,0,2938,39.9673,40.2199,17.8441
28.0708,0.801152,0,0.801152,13.28,66.6473,351,0,0,2938,39.9673,40.2199,17.8441
28.097,5.35661,0,5.35661,13.28,66.6473,375,3,0,2940,39.9697,40.2221,17.8415
28.1054,1.49334,0,1.49334,13.26,66.6017,350,0,0,2940,39.9697,40.2221,17.8415
28.1293,3.78877,0,3.78877,13.26,66.6017,360,1,0,2941,39.9864,40.2387,17.8401
28.1405,4.41556,0,4.41556,13.24,66.5561,447,1,0,2942,40.0044,40.2566,17.8388
28.1588,0.990326,0,0.990326,13.24,66.5561,350,0,0,2942,40.0044,40.2566,17.8388
28.1714,5.94135,0,5.94135,13.22,66.5105,370,2,0,2944,40.0231,40.2751,17.8362
28.1922,4.92555,0,4.92555,13.22,66.5105,372,1,0,2946,40.0343,40.2862,17.8335
28.2043,5.24952,0,5.24952,13.2,66.4649,360,2,0,2948,40.0458,40.2975,17.8309
28.2235,2.30898,0,2.30898,13.2,66.4649,359,1,0,2949,40.0424,40.294,17.8295
28.2318,1.21788,0,1.21788,13.18,66.4193,349,0,0,2949,40.0424,40.294,17.8295
28.2579,5.47524,0,5.47524,13.18,66.4193,367,1,0,2951,40.0535,40.305,17.8269
28.2653,0.730977,0,0.730977,13.16,66.3737,349,0,0,2951,40.0535,40.305,17.8269
28.2901,3.82998,0,3.82998,13.16,66.3737,369,4,0,2952,40.0657,40.3171,17.8256
28.2977,0.91236,0,0.91236,13.14,66.3281,349,0,0,2952,40.0657,40.3171,17.8256
28.3203,1.39224,0,1.39224,13.14,66.3281,359,1,0,2953,40.065,40.3163,17.8243
28.3319,4.67027,0,4.67027,13.12,66.2824,547,16,0,2954,40.0775,40.3284,17.8229
28.353,4.07017,0,4.07017,13.12,66.2824,384,1,0,2955,40.0958,40.3465,17.8216
28.3608,0.686229,0,0.686229,13.1,66.2368,348,0,0,2955,40.0958,40.3465,17.8216
28.3866,5.03636,0,5.03636,13.1,66.2368,368,2,0,2957,40.1092,40.3598,17.819
28.3967,3.24419,0,3.24419,13.08,66.1912,358,1,0,2958,40.1136,40.3641,17.8177
28.4228,7.7925,0,7.7925,13.08,66.1912,368,3,0,2960,40.1541,40.4044,17.815
28.4333,3.72016,0,3.72016,13.06,66.1456,368,2,0,2962,40.1614,40.4115,17.8124
28.4533,2.63844,0,2.63844,13.06,66.1456,358,1,0,2963,40.1606,40.4107,17.8111
28.4646,4.50936,0,4.50936,13.04,66.1,368,2,0,2965,40.17,40.4199,17.8085
28.486,4.74569,0,4.74569,13.04,66.1,390,2,0,2967,40.1786,40.4284,17.8058
28.4985,5.80589,0,5.80589,13.02,66.0544,429,3,0,2969,40.1947,40.4439,17.8032
28.5176,3.77337,0,3.77337,13.02,66.0544,366,1,0,2971,40.1999,40.449,17.8006
28.527,2.94763,0,2.94763,13,66.0088,368,2,0,2973,40.1937,40.4427,17.798
28.5501,4.76387,0,4.76387,13,66.0088,368,2,0,2975,40.2034,40.4521,17.7953
28.5626,6.10705,0,6.10705,12.98,65.9632,361,2,0,2977,40.2288,40.4773,17.7927
28.58,2.27416,0,2.27416,12.98,65.9632,351,1,0,2978,40.2263,40.4748,17.7914
28.5943,7.79146,0,7.79146,12.96,65.9176,667,1,0,2980,40.251,40.4993,17.7888
28.6093,2.37815,0,2.37815,12.96,65.9176,357,1,0,2981,40.256,40.5042,17.7875
28.619,2.52916,0,2.52916,12.94,63.8294,418,0,0,2982,40.2589,40.507,17.7862
28.6426,5.81546,0,5.81546,12.94,63.8294,368,2,0,2984,40.2761,40.5241,17.7836
28.6516,1.68699,0,1.68699,12.92,63.7737,348,0,0,2984,40.2761,40.5241,17.7836
28.6743,4.16337,0,4.16337,12.92,63.7737,374,1,0,2985,40.2905,40.5384,17.7823
28.687,5.6185,0,5.6185,12.9,63.7181,365,2,0,2987,40.3067,40.5544,17.7797
28.7049,3.27164,0,3.27164,12.9,63.7181,368,1,0,2988,40.3183,40.5659,17.7784
28.7132,0.717247,0,0.717247,12.88,63.6625,357,0,0,2988,40.3183,40.5659,17.7784
28.7347,2.18475,0,2.18475,12.88,63.6625,367,1,0,2990,40.3104,40.5579,17.7758
28.7473,4.80335,0,4.80335,12.86,63.6068,377,2,0,2992,40.3295,40.5769,17.7732
28.7674,4.8364,0,4.8364,12.86,63.6068,367,1,0,2994,40.3434,40.5905,17.7706
28.7777,2.83522,0,2.83522,12.84,63.5512,377,2,0,2996,40.3418,40.5888,17.768
28.7965,1.70285,0,1.70285,12.84,63.5512,367,1,0,2997,40.341,40.5879,17.7667
28.8062,2.59428,0,2.59428,12.82,63.4955,367,1,0,2998,40.3422,40.5891,17.7654
28.8289,3.92528,0,3.92528,12.82,63.4955,367,1,0,2999,40.3491,40.5959,17.7641
28.838,2.1898,0,2.1898,12.8,61.8321,374,2,0,3000,40.3523,40.599,17.7628
28.8585,1.18245,0,1.18245,12.8,61.8321,364,0,0,3000,40.3523,40.599,17.7628
28.8705,4.87217,0,4.87217,12.78,61.7783,378,2,0,3002,40.3681,40.6146,17.7602
28.8942,7.32369,0,7.32369,12.78,61.7783,386,2,0,3004,40.3951,40.6415,17.7576
28.9064,5.16085,0,5.16085,12.76,61.7246,393,2,0,3006,40.4178,40.664,17.755
28.9289,6.21204,0,6.21204,12.76,61.7246,379,2,0,3008,40.4402,40.6862,17.7524
28.9411,5.56102,0,5.56102,12.74,61.6709,379,2,0,3010,40.4648,40.7106,17.7499
28.9612,3.81206,0,3.81206,12.74,61.6709,369,1,0,3011,40.4779,40.7237,17.7486
28.9715,3.52438,0,3.52438,12.72,61.6172,363,1,0,3012,40.4954,40.741,17.7473
28.9924,2.74098,0,2.74098,12.72,61.6172,363,1,0,3013,40.5041,40.7498,17.746
29.0021,2.9225,0,2.9225,12.7,61.5636,364,1,0,3014,40.508,40.7535,17.7447
29.0238,3.0452,0,3.0452,12.7,61.5636,364,1,0,3015,40.5161,40.7615,17.7434
29.0354,4.94021,0,4.94021,12.68,61.5101,365,2,0,3017,40.5389,40.7842,17.7408
29.0548,2.61141,0,2.61141,12.68,61.5101,365,2,0,3019,40.529,40.7741,17.7383
29.0677,5.88495,0,5.88495,12.66,61.4565,367,2,0,3021,40.5554,40.8004,17.7357
29.0876,4.1577,0,4.1577,12.66,61.4565,357,1,0,3022,40.5731,40.818,17.7344
29.1007,6.08415,0,6.08415,12.64,61.403,368,2,0,3024,40.5942,40.839,17.7319
29.1265,10.1892,0,10.1892,12.64,61.403,749,2,0,3026,40.6348,40.8784,17.7293
29.1357,2.42919,0,2.42919,12.62,59.6336,359,3,0,3027,40.6359,40.8797,17.728
29.1574,2.85302,0,2.85302,12.62,59.6336,365,0,0,3028,40.638,40.8818,17.7267
29.1646,0.466918,0,0.466918,12.6,59.5545,353,0,0,3028,40.638,40.8818,17.7267
29.1909,5.4154,0,5.4154,12.6,59.5545,373,2,0,3030,40.662,40.9056,17.7242
29.2023,4.51959,0,4.51959,12.58,59.4754,359,3,0,3032,40.6623,40.9053,17.7216
29.2256,6.69491,0,6.69491,12.58,59.4754,376,2,0,3034,40.6826,40.9255,17.7191
29.2394,6.275,0,6.275,12.56,59.3964,373,2,0,3036,40.7115,40.9542,17.7165
29.2595,5.42593,0,5.42593,12.56,59.3964,410,0,0,3038,40.7176,40.9602,17.7139
29.2689,2.37794,0,2.37794,12.54,59.3176,364,1,0,3039,40.7206,40.9631,17.7127
29.2919,4.04573,0,4.04573,12.54,59.3176,541,7,0,3040,40.7197,40.9638,17.7114
29.3011,2.44671,0,2.44671,12.52,59.2387,364,1,0,3041,40.7205,40.9645,17.7101
29.3254,5.10737,0,5.10737,12.52,59.2387,479,2,0,3042,40.7347,40.9819,17.7088
29.3395,7.21414,0,7.21414,12.5,59.16,665,1,0,3044,40.7549,41.002,17.7063
29.3596,5.5768,0,5.5768,12.5,59.16,402,4,0,3046,40.7676,41.0141,17.7038
29.3748,8.2511,0,8.2511,12.48,59.0813,461,3,0,3048,40.7989,41.0466,17.7012
29.3916,3.63722,0,3.63722,12.48,59.0813,388,1,0,3049,40.8104,41.0581,17.6999
29.4025,3.47212,0,3.47212,12.46,59.0027,384,1,0,3050,40.8243,41.0718,17.6987
29.4249,4.49561,0,4.49561,12.46,59.0027,394,2,0,3052,40.828,41.0754,17.6961
29.432,0.183325,0,0.183325,12.44,58.9242,374,0,0,3052,40.828,41.0754,17.6961
29.4545,1.17201,0,1.17201,12.44,58.9242,374,0,0,3052,40.828,41.0754,17.6961
29.4656,4.11994,0,4.11994,12.42,58.8457,538,18,0,3054,40.8193,41.0635,17.6936
29.4871,4.1336,0,4.1336,12.42,58.8457,384,1,0,3055,40.8357,41.0799,17.6923
29.4947,0.337702,0,0.337702,12.4,58.7673,395,0,0,3055,40.8357,41.0799,17.6923
29.5188,3.07463,0,3.07463,12.4,58.7673,405,1,0,3056,40.8475,41.0916,17.6911
29.5332,7.09453,0,7.09453,12.38,58.6889,421,2,0,3058,40.8777,41.1216,17.6885
29.5502,3.07215,0,3.07215,12.38,58.6889,405,1,0,3059,40.8843,41.1281,17.6873
29.5617,4.14986,0,4.14986,12.36,58.6105,408,2,0,3061,40.8928,41.1366,17.6847
29.5851,6.32525,0,6.32525,12.36,58.6105,469,5,0,3063,40.9161,41.159,17.6822
29.5951,2.78672,0,2.78672,12.34,58.532,408,1,0,3064,40.9148,41.1576,17.6809
29.6175,3.99503,0,3.99503,12.34,58.532,418,2,0,3066,40.9289,41.1716,17.6784
29.6314,6.74448,0,6.74448,12.32,58.4536,536,2,0,3068,40.9524,41.1949,17.6759
29.6486,2.51499,0,2.51499,12.32,58.4536,412,1,0,3069,40.9576,41.2001,17.6746
29.6618,6.11478,0,6.11478,12.3,58.3752,429,2,0,3071,40.9837,41.226,17.6721
29.6796,2.5082,0,2.5082,12.3,58.3752,419,1,0,3072,40.9837,41.2259,17.6709
29.6949,7.81879,0,7.81879,12.28,58.2968,466,4,0,3074,41.0166,41.2586,17.6683
29.7152,6.48305,0,6.48305,12.28,58.2968,456,2,0,3076,41.0393,41.2812,17.6658
29.7284,5.8374,0,5.8374,12.26,58.2184,449,1,0,3078,41.0588,41.3005,17.6633
29.7464,2.42432,0,2.42432,12.26,58.2184,443,1,0,3079,41.0614,41.303,17.6621
29.7603,6.66918,0,6.66918,12.24,58.14,483,1,0,3081,41.0821,41.3236,17.6595
29.7761,0.741055,0,0.741055,12.24,58.14,433,0,0,3081,41.0821,41.3236,17.6595
29.7888,5.32292,0,5.32292,12.22,58.0616,460,2,0,3083,41.095,41.3364,17.657
29.8082,3.36223,0,3.36223,12.22,58.0616,450,1,0,3084,41.1125,41.3538,17.6558
29.8205,4.6936,0,4.6936,12.2,57.9831,460,2,0,3086,41.118,41.359,17.6533
29.843,5.67387,0,5.67387,12.2,57.9831,460,2,0,3088,41.1399,41.3808,17.6508
29.8552,4.80077,0,4.80077,12.18,57.9047,539,3,0,3089,41.1525,41.392,17.6495
29.8726,0.420959,0,0.420959,12.18,57.9047,450,0,0,3089,41.1525,41.392,17.6495
29.8805,0.414846,0,0.414846,12.16,57.8263,454,0,0,3089,41.1525,41.392,17.6495
29.907,5.4349,0,5.4349,12.16,57.8263,567,2,0,3091,41.1653,41.4047,17.647
29.9185,3.57566,0,3.57566,12.14,57.7479,478,1,0,3092,41.1688,41.4082,17.6458
29.9401,3.81499,0,3.81499,12.14,57.7479,479,1,0,3093,41.1801,41.4193,17.6445
29.9516,3.40061,0,3.40061,12.12,57.6695,502,1,0,3094,41.1939,41.4331,17.6433
29.971,1.64592,0,1.64592,12.12,57.6695,502,1,0,3095,41.1935,41.4326,17.642
29.9801,0.862985,0,0.862985,12.1,57.5911,506,0,0,3095,41.1935,41.4326,17.642
30.0033,2.53022,0,2.53022,12.1,57.5911,516,1,0,3096,41.1935,41.4325,17.6408
30.0152,3.76521,0,3.76521,12.08,57.5127,530,1,0,3097,41.2092,41.4482,17.6395
30.0361,3.18061,0,3.18061,12.08,57.5127,530,1,0,3099,41.2097,41.4485,17.637
30.0479,3.24058,0,3.24058,12.06,57.4342,545,1,0,3100,41.2161,41.4548,17.6358
30.0709,4.90484,0,4.90484,12.06,57.4342,554,2,0,3102,41.2324,41.471,17.6333
30.0852,5.64999,0,5.64999,12.04,57.3558,564,3,0,3104,41.2481,41.4865,17.6308
30.1046,4.00909,0,4.00909,12.04,57.3558,544,1,0,3106,41.2495,41.4878,17.6283
30.1163,2.85761,0,2.85761,12.02,57.2774,564,1,0,3107,41.2568,41.495,17.6271
30.138,3.63109,0,3.63109,12.02,57.2774,564,1,0,3108,41.2764,41.5145,17.6258
30.152,4.96169,0,4.96169,12,57.199,574,2,0,3110,41.2868,41.5248,17.6234
30.1756,7.33446,0,7.33446,12,57.199,574,2,0,3112,41.3149,41.5527,17.6209
30.1887,4.43866,0,4.43866,11.98,57.1206,686,13,0,3113,41.3273,41.5647,17.6196
30.213,7.24751,0,7.24751,11.98,57.1206,599,3,0,3115,41.3541,41.5913,17.6172
30.2269,5.68329,0,5.68329,11.96,57.0422,568,2,0,3117,41.3683,41.6054,17.6147
30.2458,3.04304,0,3.04304,11.96,57.0422,558,1,0,3118,41.3759,41.6129,17.6135
30.2599,5.82744,0,5.82744,11.94,56.9638,568,2,0,3120,41.3994,41.6362,17.611
30.2785,2.97233,0,2.97233,11.94,56.9638,558,1,0,3121,41.4028,41.6395,17.6097
30.2932,6.55997,0,6.55997,11.92,56.8853,568,2,0,3123,41.4217,41.6583,17.6073
30.3121,3.84545,0,3.84545,11.92,56.8853,576,1,0,3125,41.4246,41.6611,17.6048
30.3245,4.02396,0,4.02396,11.9,56.8069,585,2,0,3127,41.4279,41.6642,17.6023
30.3474,5.46369,0,5.46369,11.9,56.8069,593,2,0,3129,41.4474,41.6836,17.5999
30.3617,5.85775,0,5.85775,11.88,56.7285,717,19,0,3131,41.4564,41.6844,17.5974
30.3817,4.44971,0,4.44971,11.88,56.7285,587,2,0,3133,41.4708,41.6987,17.595
30.3954,4.80475,0,4.80475,11.86,56.6501,595,2,0,3134,41.4914,41.7192,17.5937
30.4164,4.37154,0,4.37154,11.86,56.6501,583,1,0,3136,41.4952,41.7229,17.5913
30.4287,3.75186,0,3.75186,11.84,56.5717,603,2,0,3138,41.4997,41.7272,17.5888
30.4527,6.2501,0,6.2501,11.84,56.5717,691,1,0,3140,41.5188,41.7462,17.5864
30.4645,1.93486,0,1.93486,11.82,56.4933,580,0,0,3141,41.5164,41.7437,17.5851
30.4845,2.43195,0,2.43195,11.82,56.4933,590,1,0,3142,41.5213,41.7486,17.5839
30.4972,2.99675,0,2.99675,11.8,56.4149,599,2,0,3143,41.5256,41.7528,17.5827
30.5201,6.32536,0,6.32536,11.8,56.4149,600,2,0,3145,41.5536,41.7806,17.5802
30.533,2.65264,0,2.65264,11.78,56.3364,600,1,0,3146,41.5601,41.787,17.579
30.5516,1.42995,0,1.42995,11.78,56.3364,600,1,0,3147,41.5535,41.7804,17.5778
30.5663,4.58667,0,4.58667,11.76,56.258,600,1,0,3148,41.5699,41.7967,17.5766
30.5816,0.242114,0,0.242114,11.76,56.258,590,0,0,3148,41.5699,41.7967,17.5766
30.5946,3.01516,0,3.01516,11.74,56.1796,600,1,0,3149,41.5748,41.8015,17.5753
30.6148,3.36349,0,3.36349,11.74,56.1796,614,1,0,3150,41.5857,41.8124,17.5741
30.6272,2.43822,0,2.43822,11.72,56.1012,590,1,0,3151,41.583,41.8096,17.5729
30.6451,0.924573,0,0.924573,11.72,56.1012,580,0,0,3151,41.583,41.8096,17.5729
30.6557,1.7073,0,1.7073,11.7,56.0228,590,0,0,3152,41.5806,41.8071,17.5717
30.6831,7.9527,0,7.9527,11.7,56.0228,620,4,0,3154,41.6164,41.8437,17.5692
30.6973,4.17513,0,4.17513,11.68,55.9444,620,1,0,3155,41.6317,41.859,17.568
30.7205,7.31531,0,7.31531,11.68,55.9444,741,1,0,3157,41.6487,41.8758,17.5656
30.8561,125.308,52.0187,73.2898,11.66,55.866,18277,1880,0,3159,41.3371,41.6049,17.5631
30.8701,6.27746,0,6.27746,11.64,55.7875,442,2,0,3161,41.3594,41.627,17.5607
30.8865,3.23859,0,3.23859,11.64,55.7875,432,1,0,3162,41.3662,41.6338,17.5595
30.8967,2.80555,0,2.80555,11.62,55.7091,450,0,0,3163,41.3696,41.6371,17.5583
30.9175,4.18913,0,4.18913,11.62,55.7091,442,1,0,3164,41.3875,41.6549,17.5571
30.9257,0.810553,0,0.810553,11.6,55.6307,432,0,0,3164,41.3875,41.6549,17.5571
30.9513,7.05398,0,7.05398,11.6,55.6307,452,2,0,3166,41.4078,41.675,17.5546
30.9627,4.12879,0,4.12879,11.58,55.5523,582,20,0,3167,41.4001,41.67,17.5534
30.984,6.00201,0,6.00201,11.58,55.5523,462,2,0,3169,41.4178,41.6876,17.551
30.996,4.67179,0,4.67179,11.56,55.4739,462,2,0,3171,41.4219,41.6916,17.5486
31.0141,3.13861,0,3.13861,11.56,55.4739,452,1,0,3172,41.4303,41.6999,17.5474
31.0286,6.99275,0,6.99275,11.54,55.3955,462,2,0,3174,41.4625,41.7319,17.5449
31.0421,1.16803,0,1.16803,11.54,55.3955,442,0,0,3174,41.4625,41.7319,17.5449
31.0503,1.50821,0,1.50821,11.52,55.3171,452,1,0,3175,41.4567,41.726,17.5437
31.0756,5.28012,0,5.28012,11.52,55.3171,452,1,0,3177,41.4721,41.7413,17.5413
31.0857,3.43015,0,3.43015,11.5,55.2387,452,0,0,3178,41.4833,41.7524,17.5401
31.1107,6.9109,0,6.9109,11.5,55.2387,896,0,0,3179,41.503,41.7719,17.5389
31.1208,2.65502,0,2.65502,11.48,55.1602,462,1,0,3180,41.5057,41.7745,17.5377
31.1387,1.0636,0,1.0636,11.48,55.1602,452,0,0,3180,41.5057,41.7745,17.5377
31.1488,3.28821,0,3.28821,11.46,55.0818,462,1,0,3181,41.5165,41.7853,17.5365
31.1699,2.7164,0,2.7164,11.46,55.0818,462,1,0,3182,41.5192,41.7879,17.5353
31.1798,3.02801,0,3.02801,11.44,55.0034,462,1,0,3183,41.5209,41.7895,17.5341
31.2029,4.46602,0,4.46602,11.44,55.0034,462,1,0,3184,41.5352,41.8037,17.5329
31.2153,5.26311,0,5.26311,11.42,54.925,472,2,0,3186,41.5527,41.8211,17.5304
31.2362,4.95098,0,4.95098,11.42,54.925,462,1,0,3187,41.5695,41.8378,17.5292
31.2501,6.6393,0,6.6393,11.4,54.8466,472,2,0,3189,41.5917,41.8598,17.5268
31.2686,4.17742,0,4.17742,11.4,54.8466,522,8,0,3190,41.5994,41.8683,17.5256
31.2802,4.65255,0,4.65255,11.38,54.7682,462,1,0,3191,41.6177,41.8866,17.5244
31.3004,3.6891,0,3.6891,11.38,54.7682,462,1,0,3192,41.6397,41.9085,17.5232
31.3109,3.77974,0,3.77974,11.36,54.6898,452,1,0,3193,41.6527,41.9214,17.522
31.3339,5.33593,0,5.33593,11.36,54.6898,452,1,0,3194,41.6725,41.9411,17.5208
31.3517,11.0566,0,11.0566,11.34,54.6113,1625,170,0,3196,41.6636,41.9337,17.5184
31.3649,3.16539,0,3.16539,11.34,54.6113,442,0,0,3197,41.6728,41.9428,17.5172
31.3777,5.97056,0,5.97056,11.32,54.5329,453,2,0,3199,41.6949,41.9647,17.5148
31.3982,5.20225,0,5.20225,11.32,54.5329,452,2,0,3201,41.7051,41.9747,17.5124
31.4081,3.22192,0,3.22192,11.3,54.4545,530,9,0,3202,41.7074,41.9772,17.5112
31.4281,1.90202,0,1.90202,11.3,54.4545,432,1,0,3203,41.709,41.9788,17.51
31.4356,0.873162,0,0.873162,11.28,54.3761,412,0,0,3203,41.709,41.9788,17.51
31.4584,2.37348,0,2.37348,11.28,54.3761,422,1,0,3204,41.7135,41.9831,17.5088
31.4708,5.4802,0,5.4802,11.26,54.2977,476,3,0,3206,41.7324,42.0019,17.5064
31.4932,5.97371,0,5.97371,11.26,54.2977,498,9,0,3208,41.7438,42.0128,17.504
31.5024,2.72193,0,2.72193,11.24,54.2193,428,1,0,3209,41.7448,42.0137,17.5028
31.5222,1.1183,0,1.1183,11.24,54.2193,418,0,0,3210,41.7364,42.0053,17.5017
31.5332,3.97427,0,3.97427,11.22,54.1409,464,2,0,3211,41.7471,42.0156,17.5005
31.5581,7.29121,0,7.29121,11.22,54.1409,492,4,0,3213,41.7744,42.043,17.4981
31.5684,3.56553,0,3.56553,11.2,54.0624,456,1,0,3214,41.7856,42.0541,17.4969
31.5893,3.13116,0,3.13116,11.2,54.0624,424,1,0,3215,41.7932,42.0616,17.4957
31.601,5.25175,0,5.25175,11.18,53.984,434,2,0,3217,41.8063,42.0746,17.4933
31.6217,4.45644,0,4.45644,11.18,53.984,424,1,0,3218,41.826,42.0942,17.4921
31.634,5.53931,0,5.53931,11.16,53.9056,439,3,0,3220,41.8357,42.1037,17.4897
31.6527,3.20124,0,3.20124,11.16,53.9056,424,1,0,3221,41.8429,42.1108,17.4885
31.6636,4.42956,0,4.42956,11.14,53.8272,478,4,0,3223,41.8473,42.1151,17.4862
31.6827,2.14219,0,2.14219,11.14,53.8272,414,1,0,3224,41.8514,42.1191,17.485
31.69,0.71662,0,0.71662,11.12,53.7488,404,0,0,3224,41.8514,42.1191,17.485
31.7166,6.47001,0,6.47001,11.12,53.7488,424,2,0,3226,41.8766,42.1441,17.4826
31.7308,6.71664,0,6.71664,11.1,53.6704,424,2,0,3228,41.9055,42.1729,17.4802
31.7469,3.30678,0,3.30678,11.1,53.6704,424,1,0,3229,41.9133,42.1806,17.479
31.757,2.43414,0,2.43414,11.08,53.592,414,1,0,3230,41.9183,42.1854,17.4779
31.7786,4.00081,0,4.00081,11.08,53.592,424,2,0,3232,41.9202,42.1872,17.4755
31.7907,4.29371,0,4.29371,11.06,53.5135,415,1,0,3233,41.9347,42.2017,17.4743
31.8153,8.86965,0,8.86965,11.06,53.5135,444,5,0,3235,41.9722,42.2383,17.4719
31.8233,0.493552,0,0.493552,11.04,53.4351,404,0,0,3235,41.9722,42.2383,17.4719
31.8427,0.627342,0,0.627342,11.04,53.4351,404,0,0,3235,41.9722,42.2383,17.4719
31.853,2.87318,0,2.87318,11.02,53.357,414,1,0,3236,41.9824,42.2485,17.4708
31.8744,4.16712,0,4.16712,11.02,53.357,419,2,0,3238,41.9818,42.2477,17.4684
31.8873,5.33327,0,5.33327,11,53.2784,424,2,0,3240,41.9864,42.2522,17.466
31.9059,3.88363,0,3.88363,11,53.2784,414,1,0,3241,42.0031,42.2687,17.4648
31.9181,4.521,0,4.521,10.98,53.1999,414,1,0,3243,42.013,42.2784,17.4625
31.9373,3.67821,0,3.67821,10.98,53.1999,414,1,0,3244,42.0299,42.2953,17.4613
31.9507,5.90658,0,5.90658,10.96,53.1216,414,2,0,3246,42.0481,42.3133,17.4589
31.9725,7.50992,0,7.50992,10.96,53.1216,414,2,0,3248,42.0767,42.3417,17.4566
31.9871,7.21087,0,7.21087,10.94,53.0431,414,2,0,3250,42.0969,42.3618,17.4542
32.0052,5.77451,0,5.77451,10.94,53.0431,414,2,0,3252,42.111,42.3758,17.4519
32.0183,5.62369,0,5.62369,10.92,52.9647,414,2,0,3254,42.1183,42.3829,17.4495
32.0381,6.00856,0,6.00856,10.92,52.9647,414,2,0,3256,42.1345,42.399,17.4472
32.049,3.29443,0,3.29443,10.9,54.9307,404,1,0,3257,42.1474,42.4117,17.446
32.0675,2.38998,0,2.38998,10.9,54.9307,404,1,0,3258,42.1504,42.4147,17.4448
32.075,0.001976,0,0.001976,10.88,54.6333,384,0,0,3258,42.1504,42.4147,17.4448
32.1013,6.75982,0,6.75982,10.88,54.6333,404,2,0,3260,42.1721,42.4362,17.4425
32.1187,9.84646,7.9013,1.94516,10.86,54.3358,686,5,0,3261,42.1717,42.4358,17.4413
32.1308,2.57172,0,2.57172,10.86,54.3358,400,1,0,3262,42.1796,42.4436,17.4401
32.1424,4.89035,0,4.89035,10.84,54.0389,502,5,0,3264,42.1832,42.4482,17.4378
32.1605,1.70375,0,1.70375,10.84,54.0389,408,1,0,3265,42.1841,42.449,17.4366
32.1713,3.97217,0,3.97217,10.82,53.742,430,1,0,3266,42.2042,42.4691,17.4355
32.1908,1.68714,0,1.68714,10.82,53.742,430,1,0,3267,42.2014,42.4662,17.4343
32.2038,5.84332,0,5.84332,10.8,53.4457,460,2,0,3269,42.2169,42.4815,17.432
32.2232,3.84458,0,3.84458,10.8,53.4457,450,1,0,3270,42.2257,42.4902,17.4308
32.2313,0.998452,0,0.998452,10.78,53.15,440,0,0,3270,42.2257,42.4902,17.4308
32.2549,3.01763,0,3.01763,10.78,53.15,450,1,0,3271,42.2271,42.4916,17.4296
32.2657,3.63495,0,3.63495,10.76,52.8543,470,1,0,3272,42.2424,42.5067,17.4285
32.287,3.43698,0,3.43698,10.76,52.8543,470,1,0,3273,42.2533,42.5176,17.4273
32.3013,7.12674,0,7.12674,10.74,52.5591,504,2,0,3275,42.2757,42.5398,17.425
32.3216,5.7483,0,5.7483,10.74,52.5591,490,2,0,3277,42.292,42.556,17.4226
32.3295,0.58932,0,0.58932,10.72,52.2639,470,0,0,3277,42.292,42.556,17.4226
32.3519,1.1015,0,1.1015,10.72,52.2639,470,0,0,3277,42.292,42.556,17.4226
32.3617,2.49725,0,2.49725,10.7,51.9687,490,1,0,3278,42.2932,42.557,17.4215
32.3847,3.7403,0,3.7403,10.7,51.9687,490,1,0,3279,42.298,42.5618,17.4203
32.3963,4.40643,0,4.40643,10.68,51.6736,480,2,0,3281,42.3039,42.5675,17.418
32.4183,4.59047,0,4.59047,10.68,51.6736,480,2,0,3283,42.3174,42.5809,17.4156
32.4326,6.92624,0,6.92624,10.66,51.3784,490,2,0,3285,42.34,42.6033,17.4133
32.4568,9.60328,0,9.60328,10.66,51.3784,1370,50,0,3287,42.3353,42.5987,17.411
32.4699,6.03158,0,6.03158,10.64,48.8947,510,2,0,3289,42.3597,42.623,17.4087
32.4879,2.70361,0,2.70361,10.64,48.8947,500,1,0,3290,42.365,42.6283,17.4075
32.5005,5.20851,0,5.20851,10.62,48.7582,520,1,0,3292,42.3846,42.6476,17.4052
32.5188,2.353,0,2.353,10.62,48.7582,520,1,0,3293,42.3881,42.6511,17.404
32.5268,0.744834,0,0.744834,10.6,48.6217,510,0,0,3293,42.3881,42.6511,17.404
32.5474,0.172362,0,0.172362,10.6,48.6217,510,0,0,3293,42.3881,42.6511,17.404
32.5589,4.01427,0,4.01427,10.58,48.4852,530,1,0,3294,42.4074,42.6703,17.4029
32.5786,2.31599,0,2.31599,10.58,48.4852,530,1,0,3295,42.4118,42.6747,17.4017
32.5894,2.96599,0,2.96599,10.56,48.349,540,1,0,3296,42.4126,42.6754,17.4006
32.6133,5.4599,0,5.4599,10.56,48.349,550,2,0,3298,42.4242,42.6868,17.3983
32.6272,5.83588,0,5.83588,10.54,48.2129,540,2,0,3300,42.44,42.7024,17.3959
32.6482,5.96549,0,5.96549,10.54,48.2129,540,2,0,3302,42.4585,42.7208,17.3936
32.6587,3.16834,0,3.16834,10.52,48.0768,530,1,0,3303,42.4693,42.7315,17.3925
32.6805,3.61008,0,3.61008,10.52,48.0768,540,2,0,3305,42.4772,42.7392,17.3902
32.6919,3.8631,0,3.8631,10.5,47.9407,533,0,0,3307,42.4775,42.7393,17.3879
32.71,0.883358,0,0.883358,10.5,47.9407,530,0,0,3307,42.4775,42.7393,17.3879
32.7222,4.8648,0,4.8648,10.48,47.8046,550,2,0,3309,42.4884,42.7501,17.3856
32.7449,6.12008,0,6.12008,10.48,47.8046,552,2,0,3311,42.5023,42.7638,17.3833
32.7593,6.81063,0,6.81063,10.46,47.6685,568,2,0,3313,42.5237,42.7851,17.381
32.7753,1.77381,0,1.77381,10.46,47.6685,550,1,0,3314,42.5235,42.7849,17.3798
32.7843,1.58895,0,1.58895,10.44,47.5324,550,1,0,3315,42.5258,42.787,17.3787
32.8105,6.18039,0,6.18039,10.44,47.5324,587,2,0,3317,42.5378,42.7989,17.3764
32.819,0.968976,0,0.968976,10.42,47.3964,540,0,0,3317,42.5378,42.7989,17.3764
32.8432,3.42684,0,3.42684,10.42,47.3964,560,2,0,3319,42.542,42.803,17.3741
32.8564,5.5766,0,5.5766,10.4,47.2603,570,1,0,3321,42.5562,42.8169,17.3718
32.8753,2.72688,0,2.72688,10.4,47.2603,570,2,0,3323,42.5549,42.8155,17.3695
32.8878,4.90291,0,4.90291,10.38,47.1242,572,1,0,3325,42.5657,42.8262,17.3672
32.9088,3.97543,0,3.97543,10.38,47.1242,580,2,0,3327,42.569,42.8293,17.3649
32.9218,5.5504,0,5.5504,10.36,46.9881,580,2,0,3329,42.5921,42.8522,17.3626
32.9413,3.36639,0,3.36639,10.36,46.9881,570,1,0,3330,42.5985,42.8586,17.3615
32.9942,45.0323,26.6993,18.333,10.34,46.852,5238,543,0,3331,42.5815,42.8469,17.3603
33.0024,0.617435,0,0.617435,10.32,46.7159,436,0,0,3331,42.5815,42.8469,17.3603
33.0243,2.52551,0,2.52551,10.32,46.7159,446,1,0,3332,42.5816,42.8469,17.3592
33.0369,4.85134,0,4.85134,10.3,46.5799,456,2,0,3334,42.5852,42.8503,17.3569
33.0572,5.38076,0,5.38076,10.3,46.5799,455,1,0,3335,42.6021,42.8672,17.3558
33.0687,3.64326,0,3.64326,10.28,46.4438,436,0,0,3337,42.6002,42.8651,17.3535
33.0916,6.38229,0,6.38229,10.28,46.4438,446,1,0,3339,42.6205,42.8853,17.3512
33.1043,5.10659,0,5.10659,10.26,46.3077,446,1,0,3341,42.639,42.9036,17.3489
33.1253,6.39407,0,6.39407,10.26,46.3077,453,1,0,3343,42.656,42.9204,17.3467
33.1349,1.75528,0,1.75528,10.24,46.1716,456,0,0,3344,42.6546,42.919,17.3455
33.1564,3.7619,0,3.7619,10.24,46.1716,466,1,0,3346,42.6542,42.9184,17.3432
33.1698,5.73766,0,5.73766,10.22,46.0355,466,1,0,3348,42.6792,42.9432,17.341
33.1854,1.62345,0,1.62345,10.22,46.0355,466,1,0,3349,42.6754,42.9394,17.3398
33.1959,3.38756,0,3.38756,10.2,45.8995,476,1,0,3350,42.6857,42.9496,17.3387
33.2193,5.11538,0,5.11538,10.2,45.8995,609,2,0,3351,42.6998,42.9636,17.3376
33.2306,4.16061,0,4.16061,10.18,45.7634,476,1,0,3352,42.7142,42.9779,17.3364
33.2517,4.0862,0,4.0862,10.18,45.7634,466,0,0,3353,42.725,42.9887,17.3353
33.2611,2.31307,0,2.31307,10.16,45.6273,466,1,0,3354,42.7227,42.9863,17.3342
33.2835,3.68025,0,3.68025,10.16,45.6273,466,1,0,3355,42.7329,42.9964,17.333
33.2941,3.74091,0,3.74091,10.14,45.4912,466,1,0,3356,42.7452,43.0086,17.3319
33.3152,3.28722,0,3.28722,10.14,45.4912,466,1,0,3358,42.7397,43.003,17.3296
33.3225,0.458454,0,0.458454,10.12,45.3551,456,0,0,3358,42.7397,43.003,17.3296
33.3472,3.74154,0,3.74154,10.12,45.3551,466,1,0,3359,42.7496,43.0128,17.3285
33.3575,3.38962,0,3.38962,10.1,45.219,466,1,0,3360,42.7652,43.0283,17.3274
33.3765,0.856854,0,0.856854,10.1,45.219,456,0,0,3360,42.7652,43.0283,17.3274
33.3873,3.96092,0,3.96092,10.08,45.083,466,1,0,3361,42.7801,43.0431,17.3262
33.4084,3.32251,0,3.32251,10.08,45.083,466,1,0,3363,42.7767,43.0395,17.324
33.4201,4.68881,0,4.68881,10.06,44.9469,466,1,0,3364,42.7907,43.0535,17.3229
33.4391,1.90361,0,1.90361,10.06,44.9469,456,0,0,3365,42.7851,43.0478,17.3217
33.4482,2.14012,0,2.14012,10.04,44.8108,466,1,0,3367,42.7728,43.0353,17.3195
33.4721,4.31796,0,4.31796,10.04,44.8108,466,1,0,3368,42.7892,43.0517,17.3183
33.4804,1.34903,0,1.34903,10.02,44.6747,445,0,0,3368,42.7892,43.0517,17.3183
33.5082,7.0756,0,7.0756,10.02,44.6747,530,1,0,3370,42.8116,43.0739,17.3161
33.5222,7.17792,0,7.17792,10,44.5386,716,6,0,3372,42.8301,43.0928,17.3138
33.541,4.57004,0,4.57004,10,44.5386,465,2,0,3374,42.8385,43.1011,17.3116
33.576,28.1913,13.3764,14.8149,9.98,44.4026,5076,296,0,3374,42.8207,43.0857,17.3116
33.5861,3.76073,0,3.76073,9.96,44.2665,249,0,0,3376,42.8166,43.0815,17.3093
33.6057,3.05286,0,3.05286,9.96,44.2665,259,1,0,3377,42.8247,43.0894,17.3082
33.6174,6.40619,0,6.40619,9.94,44.1304,266,2,0,3379,42.8482,43.1128,17.306
33.6357,3.08935,0,3.08935,9.94,44.1304,256,1,0,3380,42.8553,43.1198,17.3049
33.6479,6.7221,0,6.7221,9.92,43.9943,256,1,0,3382,42.8856,43.1499,17.3026
33.6679,5.0926,0,5.0926,9.92,43.9943,256,1,0,3384,42.8986,43.1628,17.3004
33.6781,4.66207,0,4.66207,9.9,43.8582,258,1,0,3386,42.9108,43.1748,17.2981
33.6985,3.64771,0,3.64771,9.9,43.8582,246,0,0,3388,42.9082,43.1721,17.2959
33.7085,4.38878,0,4.38878,9.88,43.7221,246,1,0,3390,42.9195,43.1832,17.2936
33.7296,3.71108,0,3.71108,9.88,43.7221,246,1,0,3391,42.9286,43.1923,17.2925
33.738,2.87743,0,2.87743,9.86,43.5861,217,0,0,3392,42.9449,43.2084,17.2914
33.764,7.081,0,7.081,9.86,43.5861,269,2,0,3394,42.9694,43.2328,17.2892
33.7748,5.40106,0,5.40106,9.84,43.45,247,2,0,3396,42.9879,43.2512,17.2869
33.7961,5.15623,0,5.15623,9.84,43.45,237,1,0,3398,42.9988,43.2619,17.2847
33.804,2.4649,0,2.4649,9.82,43.3139,240,1,0,3399,42.9994,43.2624,17.2836
33.827,4.01331,0,4.01331,9.82,43.3139,240,1,0,3400,43.0088,43.2718,17.2825
33.8382,4.91021,0,4.91021,9.8,43.1778,240,1,0,3402,43.0194,43.2822,17.2803
33.8595,5.61994,0,5.61994,9.8,43.1778,250,2,0,3404,43.0285,43.2911,17.278
33.8727,6.78524,0,6.78524,9.78,43.0417,250,2,0,3406,43.0528,43.3153,17.2758
33.8872,1.83055,0,1.83055,9.78,43.0417,240,1,0,3407,43.0525,43.3149,17.2747
33.897,3.34837,0,3.34837,9.76,42.9057,237,1,0,3409,43.0463,43.3086,17.2725
33.9158,2.24623,0,2.24623,9.76,42.9057,227,0,0,3410,43.0463,43.3085,17.2714
33.9268,4.48191,0,4.48191,9.74,42.7696,237,1,0,3411,43.0651,43.3272,17.2702
33.9424,0.121964,0,0.121964,9.74,42.7696,227,0,0,3411,43.0651,43.3272,17.2702
33.9482,0.455919,0,0.455919,9.72,42.6335,220,0,0,3411,43.0651,43.3272,17.2702
33.9716,2.37199,0,2.37199,9.72,42.6335,220,0,0,3412,43.0709,43.3329,17.2691
33.9796,2.83627,0,2.83627,9.7,42.4974,230,1,0,3413,43.0738,43.3358,17.268
34.0043,5.52348,0,5.52348,9.7,42.4974,240,2,0,3415,43.0861,43.3479,17.2658
34.0131,3.64159,0,3.64159,9.68,42.3613,252,3,0,3416,43.0916,43.3533,17.2647
34.0335,1.79714,0,1.79714,9.68,42.3613,223,0,0,3417,43.0901,43.3518,17.2636
34.0393,0.333655,0,0.333655,9.66,42.2252,226,0,0,3417,43.0901,43.3518,17.2636
34.0683,7.1675,0,7.1675,9.66,42.2252,236,1,0,3419,43.1097,43.3712,17.2614
34.0791,5.02166,0,5.02166,9.64,42.0892,229,1,0,3420,43.1231,43.3845,17.2603
34.098,2.99856,0,2.99856,9.64,42.0892,252,3,0,3421,43.1242,43.3856,17.2592
34.1655,62.2019,17.9253,44.2765,9.62,41.9531,10279,1229,0,3422,42.9614,43.239,17.2581
34.1743,3.41207,0,3.41207,9.6,50.3518,143,1,0,3423,42.9679,43.2454,17.257
34.1954,3.83662,0,3.83662,9.6,50.3518,144,2,0,3425,42.9626,43.24,17.2547
34.2032,3.54915,0,3.54915,9.58,50.2157,126,0,0,3426,42.9737,43.251,17.2536
34.2218,0.474165,0,0.474165,9.58,50.2157,126,0,0,3426,42.9737,43.251,17.2536
34.2283,2.4021,0,2.4021,9.56,50.0797,136,1,0,3427,42.9769,43.2542,17.2525
34.2535,6.73145,0,6.73145,9.56,50.0797,136,1,0,3429,42.9927,43.2698,17.2503
34.2614,2.45408,0,2.45408,9.54,49.9436,135,1,0,3430,42.9936,43.2706,17.2492
34.2829,4.16723,0,4.16723,9.54,49.9436,125,0,0,3431,43.0073,43.2842,17.2481
34.2939,5.79185,0,5.79185,9.52,49.8075,140,1,0,3433,43.021,43.2977,17.2459
34.3113,3.35678,0,3.35678,9.52,49.8075,137,1,0,3434,43.0233,43.2999,17.2448
34.3252,8.63701,0,8.63701,9.5,49.6714,137,2,0,3436,43.0541,43.3306,17.2426
34.3385,2.58721,0,2.58721,9.5,49.6714,117,0,0,3437,43.057,43.3334,17.2415
34.3513,8.15386,0,8.15386,9.48,49.5353,137,2,0,3439,43.0835,43.3597,17.2393
34.37,5.19467,0,5.19467,9.48,49.5353,137,2,0,3441,43.091,43.367,17.2371
34.3781,3.58079,0,3.58079,9.46,49.3992,124,1,0,3442,43.1072,43.3832,17.236
34.3984,2.23338,0,2.23338,9.46,49.3992,114,0,0,3443,43.1095,43.3854,17.2349
34.4058,2.82405,0,2.82405,9.44,49.2632,114,0,0,3444,43.1109,43.3868,17.2338
34.4326,8.19052,0,8.19052,9.44,49.2632,134,2,0,3446,43.1405,43.4161,17.2316
34.4447,6.88365,0,6.88365,9.42,49.1271,134,1,0,3448,43.1566,43.4321,17.2294
34.4647,5.60684,0,5.60684,9.42,49.1271,140,1,0,3450,43.1701,43.4455,17.2272
34.4724,3.00286,0,3.00286,9.4,48.991,133,1,0,3451,43.1756,43.4509,17.2261
34.4944,3.59641,0,3.59641,9.4,48.991,123,0,0,3452,43.179,43.4542,17.2251
34.5029,3.65496,0,3.65496,9.38,48.8549,145,1,0,3453,43.1923,43.4674,17.224
34.5267,6.08989,0,6.08989,9.38,48.8549,135,0,0,3455,43.2038,43.4787,17.2218
34.5335,1.9505,0,1.9505,9.36,48.7188,132,0,0,3456,43.1994,43.4742,17.2207
34.5573,4.14915,0,4.14915,9.36,48.7188,142,1,0,3457,43.2086,43.4834,17.2196
34.5636,1.53264,0,1.53264,9.34,48.5828,132,0,0,3457,43.2086,43.4834,17.2196
34.5897,5.93506,0,5.93506,9.34,48.5828,142,1,0,3459,43.2238,43.4984,17.2174
34.5971,2.49451,0,2.49451,9.32,48.4467,158,0,0,3460,43.2217,43.4962,17.2163
34.6207,4.6145,0,4.6145,9.32,48.4467,156,1,0,3461,43.2317,43.5062,17.2152
34.6329,7.00185,0,7.00185,9.3,48.3106,163,1,0,3463,43.2512,43.5256,17.213
34.6505,2.80408,0,2.80408,9.3,48.3106,153,0,0,3464,43.2523,43.5266,17.212
34.6614,5.77514,0,5.77514,9.28,48.1745,164,1,0,3466,43.2689,43.543,17.2098
34.6797,3.73306,0,3.73306,9.28,48.1745,212,3,0,3468,43.2581,43.532,17.2076
34.6924,6.69589,0,6.69589,9.26,48.0384,168,2,0,3470,43.2816,43.5553,17.2054
34.7091,3.89926,0,3.89926,9.26,48.0384,158,1,0,3471,43.2872,43.5609,17.2043
34.717,2.42705,0,2.42705,9.24,47.9024,148,0,0,3472,43.2843,43.5579,17.2032
34.7395,4.9998,0,4.9998,9.24,47.9024,314,2,0,3473,43.2925,43.5669,17.2022
34.7476,3.57834,0,3.57834,9.22,47.7663,148,0,0,3474,43.3045,43.5789,17.2011
34.7706,4.75864,0,4.75864,9.22,47.7663,168,3,0,3476,43.3087,43.5829,17.1989
34.782,7.12952,0,7.12952,9.2,47.6302,170,2,0,3478,43.3321,43.6061,17.1967
34.7989,2.21411,0,2.21411,9.2,47.6302,160,1,0,3479,43.3308,43.6048,17.1956
34.8063,2.65446,0,2.65446,9.18,47.4941,162,1,0,3480,43.3379,43.6118,17.1946
34.8274,2.22653,0,2.22653,9.18,47.4941,152,0,0,3481,43.3396,43.6133,17.1935
34.8363,4.49042,0,4.49042,9.16,47.358,162,1,0,3482,43.3573,43.631,17.1924
34.8567,3.02362,0,3.02362,9.16,47.358,162,1,0,3483,43.3664,43.64,17.1913
34.8684,6.85528,0,6.85528,9.14,45.9073,182,2,0,3485,43.3857,43.6591,17.1891
34.8894,6.41318,0,6.41318,9.14,45.9073,319,2,0,3487,43.3975,43.6708,17.187
34.8976,3.67851,0,3.67851,9.12,45.5886,158,0,0,3488,43.412,43.6852,17.1859
34.9193,3.84223,0,3.84223,9.12,45.5886,177,0,0,3489,43.4196,43.6927,17.1848
34.9286,4.12117,0,4.12117,9.1,43.8532,298,0,0,3491,43.4188,43.6918,17.1827
34.9506,4.59907,0,4.59907,9.1,43.8532,272,1,0,3492,43.4307,43.7036,17.1816
34.9566,0.417044,0,0.417044,9.08,43.7984,256,0,0,3492,43.4307,43.7036,17.1816
34.9793,2.87172,0,2.87172,9.08,43.7984,266,1,0,3493,43.434,43.7068,17.1805
34.9866,0.49154,0,0.49154,9.06,43.7437,256,0,0,3493,43.434,43.7068,17.1805
35.0087,3.09663,0,3.09663,9.06,43.7437,256,0,0,3494,43.4359,43.7086,17.1794
35.0208,5.25681,0,5.25681,9.04,43.6891,278,2,0,3496,43.4482,43.7208,17.1773
35.0372,1.54148,0,1.54148,9.04,43.6891,258,0,0,3497,43.4409,43.7135,17.1762
35.0496,5.2035,0,5.2035,9.02,43.6343,274,1,0,3499,43.4447,43.7171,17.174
35.0697,5.62433,0,5.62433,9.02,43.6343,268,1,0,3500,43.4594,43.7317,17.173
35.08,4.42499,0,4.42499,9,43.5797,268,1,0,3502,43.4609,43.733,17.1708
35.0976,0.349349,0,0.349349,9,43.5797,258,0,0,3502,43.4609,43.733,17.1708
35.1086,5.00976,0,5.00976,8.98,43.5251,275,1,0,3504,43.4646,43.7366,17.1687
35.1279,2.68931,0,2.68931,8.98,43.5251,265,0,0,3506,43.4612,43.733,17.1665
35.1384,4.49713,0,4.49713,8.96,43.4705,275,1,0,3507,43.4753,43.7471,17.1654
35.1561,0.902183,0,0.902183,8.96,43.4705,265,0,0,3507,43.4753,43.7471,17.1654
35.1649,3.30063,0,3.30063,8.94,43.4159,318,0,0,3508,43.4812,43.7529,17.1644
35.1848,1.30475,0,1.30475,8.94,43.4159,269,0,0,3508,43.4812,43.7529,17.1644
35.1955,4.8291,0,4.8291,8.92,43.3613,364,2,0,3509,43.4905,43.7615,17.1633
35.2151,2.54933,0,2.54933,8.92,43.3613,278,0,0,3510,43.4909,43.7618,17.1622
35.2217,0.853371,0,0.853371,8.9,43.3068,278,0,0,3510,43.4909,43.7618,17.1622
35.2507,7.77006,0,7.77006,8.9,43.3068,298,2,0,3512,43.51,43.7808,17.1601
35.2624,5.46312,0,5.46312,8.88,43.2524,288,1,0,3513,43.5252,43.7959,17.159
35.2814,2.83243,0,2.83243,8.88,43.2524,288,1,0,3514,43.5253,43.796,17.1579
35.2927,4.67286,0,4.67286,8.86,43.1979,290,0,0,3515,43.536,43.8065,17.1569
35.3147,5.30035,0,5.30035,8.86,43.1979,288,1,0,3516,43.5492,43.8197,17.1558
35.3221,1.87949,0,1.87949,8.84,43.1434,278,0,0,3517,43.549,43.8194,17.1547
35.3483,6.23771,0,6.23771,8.84,43.1434,298,2,0,3519,43.572,43.8423,17.1526
35.3577,3.97064,0,3.97064,8.82,43.089,288,2,0,3521,43.5731,43.8432,17.1504
35.3779,2.54727,0,2.54727,8.82,43.089,278,1,0,3522,43.5767,43.8467,17.1494
35.3913,8.04221,0,8.04221,8.8,43.0347,288,2,0,3524,43.6075,43.8774,17.1472
35.4067,2.50784,0,2.50784,8.8,43.0347,268,0,0,3525,43.6102,43.88,17.1462
35.4162,3.28375,0,3.28375,8.78,42.9803,270,0,0,3527,43.6104,43.8801,17.144
35.4349,1.90178,0,1.90178,8.78,42.9803,268,0,0,3528,43.6097,43.8793,17.143
35.4458,4.53977,0,4.53977,8.76,42.926,287,1,0,3529,43.6231,43.8926,17.1419
35.4637,2.41661,0,2.41661,8.76,42.926,287,1,0,3530,43.6244,43.8938,17.1408
35.4712,1.79771,0,1.79771,8.74,42.8717,277,0,0,3531,43.6222,43.8915,17.1398
35.4936,2.35402,0,2.35402,8.74,42.8717,287,1,0,3532,43.6209,43.8901,17.1387
35.5055,6.45107,0,6.45107,8.72,45.6308,285,3,0,3534,43.6336,43.9024,17.1366
35.5265,5.96329,0,5.96329,8.72,45.6308,312,5,0,3536,43.6411,43.9081,17.1345
35.5367,4.42762,0,4.42762,8.7,39.1045,286,1,0,3537,43.6542,43.9211,17.1334
35.5596,6.27304,0,6.27304,8.7,39.1045,286,1,0,3539,43.6745,43.9412,17.1313
35.5689,3.76494,0,3.76494,8.68,39.0542,286,1,0,3540,43.6864,43.9531,17.1302
35.5931,6.62175,0,6.62175,8.68,39.0542,276,0,0,3542,43.7072,43.9737,17.1281
35.6028,3.98487,0,3.98487,8.66,39.004,286,1,0,3543,43.7155,43.9819,17.127
35.6236,3.36769,0,3.36769,8.66,39.004,276,0,0,3544,43.7269,43.9932,17.126
35.6365,7.34973,0,7.34973,8.64,38.9539,317,2,0,3546,43.7468,44.013,17.1238
35.6541,3.42991,0,3.42991,8.64,38.9539,276,0,0,3547,43.759,44.0251,17.1228
35.6611,1.39778,0,1.39778,8.62,38.9038,278,1,0,3548,43.7545,44.0206,17.1217
35.6845,3.30698,0,3.30698,8.62,38.9038,281,1,0,3549,43.7599,44.0259,17.1207
35.6909,0.949491,0,0.949491,8.6,38.8537,262,0,0,3550,43.7555,44.0214,17.1196
35.7177,6.17626,0,6.17626,8.6,38.8537,282,2,0,3552,43.7641,44.0298,17.1175
35.7283,5.04396,0,5.04396,8.58,38.8036,282,1,0,3554,43.7667,44.0324,17.1154
35.7491,4.10049,0,4.10049,8.58,38.8036,285,1,0,3555,43.78,44.0456,17.1143
35.7589,4.2465,0,4.2465,8.56,38.7536,295,2,0,3557,43.7846,44.05,17.1122
35.7767,0.495968,0,0.495968,8.56,38.7536,275,0,0,3557,43.7846,44.05,17.1122
35.7866,4.08241,0,4.08241,8.54,38.7037,283,1,0,3558,43.7957,44.061,17.1111
35.8072,2.82508,0,2.82508,8.54,38.7037,273,0,0,3559,43.8028,44.068,17.1101
35.8153,2.17242,0,2.17242,8.52,38.6538,285,1,0,3560,43.8101,44.0753,17.109
35.8397,5.89845,0,5.89845,8.52,38.6538,295,2,0,3562,43.8172,44.0823,17.1069
35.8513,4.58091,0,4.58091,8.5,38.6039,285,2,0,3564,43.8134,44.0783,17.1048
35.872,5.7065,0,5.7065,8.5,38.6039,275,1,0,3566,43.8247,44.0895,17.1027
35.8835,4.39401,0,4.39401,8.48,38.554,294,2,0,3568,43.8229,44.0874,17.1006
35.9028,4.36816,0,4.36816,8.48,38.554,275,1,0,3569,43.835,44.0995,17.0996
35.9115,1.78429,0,1.78429,8.46,38.5042,275,1,0,3570,43.8398,44.1042,17.0985
35.9368,7.44531,0,7.44531,8.46,38.5042,285,2,0,3572,43.8583,44.1226,17.0964
35.9489,4.91923,0,4.91923,8.44,38.4544,295,2,0,3574,43.8646,44.1287,17.0943
35.9668,3.07782,0,3.07782,8.44,38.4544,285,1,0,3575,43.8677,44.1317,17.0933
35.9775,3.87371,0,3.87371,8.42,38.4046,275,1,0,3576,43.8792,44.1432,17.0922
35.9956,2.26153,0,2.26153,8.42,38.4046,275,2,0,3577,43.8773,44.1412,17.0912
36.0059,3.3924,0,3.3924,8.4,38.3549,265,0,0,3578,43.8871,44.1509,17.0901
36.0274,5.39449,0,5.39449,8.4,38.3549,267,0,0,3580,43.8894,44.1531,17.088
36.0393,5.11157,0,5.11157,8.38,38.3052,265,0,0,3582,43.9056,44.1692,17.0859
36.0567,2.99161,0,2.99161,8.38,38.3052,275,1,0,3583,43.9118,44.1753,17.0849
36.0635,0.855506,0,0.855506,8.36,38.2556,255,0,0,3583,43.9118,44.1753,17.0849
36.0859,1.54647,0,1.54647,8.36,38.2556,255,0,0,3584,43.909,44.1724,17.0838
36.0971,5.76344,0,5.76344,8.34,38.2059,278,2,0,3586,43.9225,44.1857,17.0817
36.1146,1.45055,0,1.45055,8.34,38.2059,255,0,0,3586,43.9225,44.1857,17.0817
36.1234,3.51942,0,3.51942,8.32,38.1563,265,1,0,3587,43.9258,44.189,17.0807
36.1455,3.92102,0,3.92102,8.32,38.1563,265,1,0,3588,43.9384,44.2015,17.0797
36.1538,3.06092,0,3.06092,8.3,38.1067,265,1,0,3589,43.9429,44.2059,17.0786
36.1747,2.20042,0,2.20042,8.3,38.1067,255,0,0,3590,43.9398,44.2028,17.0776
36.1841,4.11401,0,4.11401,8.28,38.0572,363,0,0,3591,43.9527,44.2155,17.0765
36.2092,7.55998,0,7.55998,8.28,38.0572,285,2,0,3593,43.9833,44.246,17.0744
36.2153,0.528539,0,0.528539,8.26,38.0077,265,0,0,3593,43.9833,44.246,17.0744
36.2404,4.00517,0,4.00517,8.26,38.0077,265,0,0,3595,43.9808,44.2434,17.0723
36.2465,0.876449,0,0.876449,8.24,37.9583,265,0,0,3595,43.9808,44.2434,17.0723
36.2703,2.97264,0,2.97264,8.24,37.9583,275,1,0,3596,43.9886,44.2511,17.0713
36.282,6.34869,0,6.34869,8.22,37.9088,285,2,0,3598,44.0075,44.2699,17.0692
36.2998,2.97532,0,2.97532,8.22,37.9088,275,1,0,3599,44.0086,44.2709,17.0682
36.3104,4.24288,0,4.24288,8.2,37.8594,276,1,0,3601,44.0139,44.276,17.0661
36.3331,7.20571,0,7.20571,8.2,37.8594,286,2,0,3603,44.0391,44.3011,17.064
36.3423,2.42502,0,2.42502,8.18,37.81,276,1,0,3604,44.0408,44.3027,17.063
36.3616,2.24247,0,2.24247,8.18,37.81,276,1,0,3605,44.0374,44.2993,17.0619
36.3743,5.99348,0,5.99348,8.16,37.7606,276,1,0,3607,44.0549,44.3166,17.0599
36.3958,7.92196,0,7.92196,8.16,37.7606,276,1,0,3609,44.087,44.3486,17.0578
36.4123,9.94689,0,9.94689,8.14,37.7112,565,2,0,3611,44.1155,44.3769,17.0557
36.426,3.99627,0,3.99627,8.14,37.7112,286,1,0,3612,44.1282,44.3895,17.0547
36.4377,5.24731,0,5.24731,8.12,37.6618,296,2,0,3614,44.1348,44.396,17.0526
36.4584,6.25061,0,6.25061,8.12,37.6618,296,2,0,3616,44.1482,44.4093,17.0505
36.4686,3.43884,0,3.43884,8.1,37.6123,288,1,0,3617,44.1628,44.4238,17.0495
36.4904,5.5178,0,5.5178,8.1,37.6123,288,1,0,3619,44.1763,44.4371,17.0474
36.5011,4.13121,0,4.13121,8.08,37.5629,308,2,0,3621,44.1737,44.4344,17.0454
36.5209,4.16888,0,4.16888,8.08,37.5629,290,1,0,3622,44.1869,44.4475,17.0443
36.532,5.58313,0,5.58313,8.06,37.5135,282,0,0,3624,44.1978,44.4583,17.0423
36.5494,1.21014,0,1.21014,8.06,37.5135,282,0,0,3624,44.1978,44.4583,17.0423
36.5568,2.09049,0,2.09049,8.04,37.4641,282,0,0,3625,44.1986,44.459,17.0412
36.5795,3.08065,0,3.08065,8.04,37.4641,282,0,0,3626,44.1999,44.4603,17.0402
36.5886,3.66841,0,3.66841,8.02,37.4147,282,1,0,3628,44.199,44.4592,17.0381
36.613,6.18512,0,6.18512,8.02,37.4147,282,1,0,3630,44.2218,44.4818,17.0361
36.6251,6.52957,0,6.52957,8,37.3653,282,1,0,3632,44.2431,44.503,17.034
36.6462,6.08469,0,6.08469,8,37.3653,292,2,0,3634,44.2573,44.5171,17.032
36.7058,54.0158,36.6452,17.3706,7.98,37.3159,4877,362,0,3636,44.2233,44.4901,17.0299
36.7284,16.3457,0,16.3457,7.96,48.9327,2821,127,0,3638,44.1965,44.4681,17.0279
36.7377,2.7092,0,2.7092,7.94,48.739,252,1,0,3639,44.1973,44.4688,17.0268
36.7578,3.29465,0,3.29465,7.94,48.739,252,1,0,3640,44.1989,44.4703,17.0258
36.765,0.725535,0,0.725535,7.92,48.5452,242,0,0,3640,44.1989,44.4703,17.0258
36.7895,5.5372,0,5.5372,7.92,48.5452,262,2,0,3642,44.2136,44.4849,17.0237
36.8021,6.42418,0,6.42418,7.9,46.3759,364,1,0,3644,44.2269,44.4981,17.0217
36.816,0.451217,0,0.451217,7.9,46.3759,240,0,0,3644,44.2269,44.4981,17.0217
36.8216,0.387073,0,0.387073,7.88,46.1762,246,0,0,3644,44.2269,44.4981,17.0217
36.8495,6.90799,0,6.90799,7.88,46.1762,256,1,0,3646,44.246,44.517,17.0196
36.8562,1.24565,0,1.24565,7.86,45.9765,266,0,0,3646,44.246,44.517,17.0196
36.8846,7.79919,0,7.79919,7.86,45.9765,291,1,0,3648,44.2623,44.5332,17.0176
36.894,4.3075,0,4.3075,7.84,45.7769,286,1,0,3649,44.2814,44.5522,17.0166
36.9143,2.69027,0,2.69027,7.84,45.7769,276,0,0,3650,44.2792,44.5499,17.0155
36.9255,5.83585,0,5.83585,7.82,45.5772,286,1,0,3652,44.2886,44.5591,17.0135
36.9423,0.594029,0,0.594029,7.82,45.5772,276,0,0,3652,44.2886,44.5591,17.0135
36.9519,4.24637,0,4.24637,7.8,45.3776,286,1,0,3653,44.297,44.5675,17.0125
36.9701,1.00972,0,1.00972,7.8,45.3776,276,0,0,3653,44.297,44.5675,17.0125
36.9815,5.91058,0,5.91058,7.78,45.1779,322,2,0,3655,44.3081,44.5787,17.0104
36.9997,2.51201,0,2.51201,7.78,45.1779,288,1,0,3656,44.3159,44.5864,17.0094
37.0056,0.432668,0,0.432668,7.76,44.9783,278,0,0,3656,44.3159,44.5864,17.0094
37.0347,7.9767,0,7.9767,7.76,44.9783,298,2,0,3658,44.3387,44.6091,17.0074
37.0451,5.02043,0,5.02043,7.74,44.7786,290,1,0,3659,44.3495,44.6198,17.0063
37.0694,7.05458,0,7.05458,7.74,44.7786,293,1,0,3661,44.3663,44.6364,17.0043
37.0764,1.1176,0,1.1176,7.72,44.579,298,0,0,3662,44.358,44.6281,17.0033
37.0987,1.54708,0,1.54708,7.72,44.579,308,1,0,3663,44.3535,44.6235,17.0023
37.1097,4.98386,0,4.98386,7.7,44.3793,332,3,0,3665,44.3577,44.6276,17.0002
37.1271,0.723312,0,0.723312,7.7,44.3793,306,0,0,3665,44.3577,44.6276,17.0002
37.1379,4.6704,0,4.6704,7.68,44.1797,318,1,0,3666,44.3704,44.6402,16.9992
37.1553,2.15489,0,2.15489,7.68,44.1797,308,0,0,3667,44.3662,44.6359,16.9982
37.1651,3.13694,0,3.13694,7.66,43.9801,306,1,0,3668,44.3781,44.6478,16.9972
37.188,6.23278,0,6.23278,7.66,43.9801,306,1,0,3670,44.388,44.6575,16.9951
37.2031,7.56283,0,7.56283,7.64,43.7804,342,2,0,3672,44.4137,44.683,16.9931
37.2212,6.76898,0,6.76898,7.64,43.7804,368,1,0,3674,44.429,44.6981,16.9911
37.2315,3.32697,0,3.32697,7.62,43.5808,330,0,0,3675,44.4373,44.7064,16.9901
37.2552,7.85985,0,7.85985,7.62,43.5808,340,1,0,3677,44.4637,44.7327,16.988
37.2645,2.2832,0,2.2832,7.6,43.3811,340,1,0,3678,44.4595,44.7284,16.987
37.2856,4.49937,0,4.49937,7.6,43.3811,340,1,0,3679,44.4678,44.7366,16.986
37.2926,0.209208,0,0.209208,7.58,43.1815,350,0,0,3679,44.4678,44.7366,16.986
37.3194,7.52013,0,7.52013,7.58,43.1815,360,1,0,3681,44.4914,44.7601,16.984
37.3273,0.989204,0,0.989204,7.56,42.9818,358,0,0,3681,44.4914,44.7601,16.984
37.346,0.347883,0,0.347883,7.56,42.9818,358,0,0,3681,44.4914,44.7601,16.984
37.3563,4.10594,0,4.10594,7.54,42.7822,386,2,0,3683,44.492,44.7605,16.982
37.3813,7.20269,0,7.20269,7.54,42.7822,386,2,0,3685,44.5115,44.7799,16.9799
37.3904,2.21022,0,2.21022,7.52,42.5825,368,0,0,3686,44.5114,44.7797,16.9789
37.4102,2.5686,0,2.5686,7.52,42.5825,378,1,0,3687,44.5102,44.7784,16.9779
37.4206,4.04703,0,4.04703,7.5,42.3829,360,0,0,3688,44.5201,44.7882,16.9769
37.4432,4.95815,0,4.95815,7.5,42.3829,376,1,0,3689,44.5332,44.8013,16.9759
37.4547,5.37063,0,5.37063,7.48,42.1832,380,2,0,3691,44.5489,44.8169,16.9739
37.4775,6.63202,0,6.63202,7.48,42.1832,370,1,0,3693,44.5654,44.8332,16.9718
37.4866,2.94497,0,2.94497,7.46,41.9836,360,0,0,3694,44.5682,44.836,16.9708
37.5121,7.10796,0,7.10796,7.46,41.9836,370,1,0,3696,44.5904,44.858,16.9688
37.5238,4.94192,0,4.94192,7.44,40.1093,360,0,0,3698,44.5992,44.8667,16.9668
37.541,2.8667,0,2.8667,7.44,40.1093,360,0,0,3699,44.5977,44.8651,16.9658
37.5536,6.54882,0,6.54882,7.42,39.9863,370,2,0,3701,44.6142,44.8814,16.9638
37.5736,5.13204,0,5.13204,7.42,39.9863,361,1,0,3703,44.6152,44.8823,16.9618
37.5815,1.81601,0,1.81601,7.4,39.8637,350,1,0,3704,44.6134,44.8804,16.9608
37.6037,2.59451,0,2.59451,7.4,39.8637,340,0,0,3705,44.613,44.8799,16.9598
37.6098,0.229428,0,0.229428,7.38,39.7411,340,0,0,3705,44.613,44.8799,16.9598
37.6399,8.73389,0,8.73389,7.38,39.7411,361,2,0,3707,44.6372,44.904,16.9578
37.6463,0.440803,0,0.440803,7.36,39.6187,332,0,0,3707,44.6372,44.904,16.9578
37.6699,2.15301,0,2.15301,7.36,39.6187,342,1,0,3708,44.6343,44.901,16.9568
37.6829,6.52302,0,6.52302,7.34,39.4963,342,2,0,3710,44.6531,44.9197,16.9547
37.7014,4.02981,0,4.02981,7.34,39.4963,330,1,0,3711,44.6624,44.9289,16.9537
37.7102,3.01789,0,3.01789,7.32,39.3739,340,1,0,3712,44.6697,44.9362,16.9527
37.7309,2.12299,0,2.12299,7.32,39.3739,330,0,0,3713,44.6685,44.9348,16.9517
37.739,2.21193,0,2.21193,7.3,39.2515,332,0,0,3714,44.6688,44.9351,16.9507
37.7628,3.82349,0,3.82349,7.3,39.2515,342,1,0,3715,44.6729,44.9392,16.9497
37.7762,7.21721,0,7.21721,7.28,39.1291,360,2,0,3717,44.6938,44.9599,16.9477
37.7948,4.02284,0,4.02284,7.28,39.1291,371,1,0,3718,44.7041,44.9701,16.9467
37.8031,2.04225,0,2.04225,7.26,39.0066,342,0,0,3719,44.7002,44.9661,16.9457
37.8291,6.55225,0,6.55225,7.26,39.0066,362,2,0,3721,44.7159,44.9817,16.9437
37.8376,2.47529,0,2.47529,7.24,38.8842,350,1,0,3722,44.7182,44.9839,16.9427
37.8592,2.56953,0,2.56953,7.24,38.8842,350,1,0,3723,44.7196,44.9852,16.9417
37.8667,1.32956,0,1.32956,7.22,38.7618,340,0,0,3723,44.7196,44.9852,16.9417
37.8891,2.00772,0,2.00772,7.22,38.7618,340,0,0,3724,44.7178,44.9834,16.9407
37.9019,6.65191,0,6.65191,7.2,38.6394,358,2,0,3726,44.7254,44.9909,16.9387
37.919,1.78846,0,1.78846,7.2,38.6394,358,3,0,3727,44.7255,44.9909,16.9377
37.9304,5.10379,0,5.10379,7.18,38.517,356,1,0,3729,44.7348,45,16.9357
37.9513,5.47086,0,5.47086,7.18,38.517,356,1,0,3730,44.7507,45.0158,16.9347
37.9598,1.13411,0,1.13411,7.16,38.3946,356,0,0,3730,44.7507,45.0158,16.9347
37.9851,6.85202,0,6.85202,7.16,38.3946,376,2,0,3732,44.7688,45.0338,16.9327
37.9968,4.07045,0,4.07045,7.14,38.2722,376,1,0,3733,44.7777,45.0426,16.9317
38.013,0.539392,0,0.539392,7.14,38.2722,366,0,0,3733,44.7777,45.0426,16.9317
38.0242,3.6911,0,3.6911,7.12,38.1498,376,1,0,3734,44.7863,45.0512,16.9308
38.0417,1.80912,0,1.80912,7.12,38.1498,366,0,0,3735,44.7802,45.045,16.9298
38.0525,3.18624,0,3.18624,7.1,38.0274,376,1,0,3736,44.7821,45.0468,16.9288
38.0726,3.51736,0,3.51736,7.1,38.0274,376,1,0,3737,44.791,45.0557,16.9278
38.1213,40.7232,25.8267,14.8965,7.08,37.905,2965,127,0,3739,44.8024,45.0709,16.9258
38.1298,1.37221,0,1.37221,7.06,37.7825,358,0,0,3739,44.8024,45.0709,16.9258
38.1522,3.07101,0,3.07101,7.06,37.7825,368,1,0,3740,44.8027,45.0711,16.9248
38.1611,3.20171,0,3.20171,7.04,37.6601,378,1,0,3741,44.8067,45.0751,16.9238
38.1821,2.56247,0,2.56247,7.04,37.6601,368,0,0,3742,44.806,45.0743,16.9228
38.1936,5.61123,0,5.61123,7.02,37.5377,378,1,0,3744,44.8162,45.0844,16.9208
38.2141,5.80399,0,5.80399,7.02,37.5377,388,2,0,3746,44.8251,45.0932,16.9188
38.2235,2.29763,0,2.29763,7,37.4153,392,1,0,3747,44.8207,45.0886,16.9178
38.2469,6.36913,0,6.36913,7,37.4153,402,2,0,3749,44.829,45.0968,16.9159
38.2581,4.01896,0,4.01896,6.98,37.2929,402,1,0,3750,44.8365,45.1043,16.9149
38.2791,5.82097,0,5.82097,6.98,37.2929,412,2,0,3752,44.8406,45.1082,16.9129
38.2891,2.90406,0,2.90406,6.96,37.1705,402,1,0,3753,44.8463,45.1138,16.9119
38.308,2.58868,0,2.58868,6.96,37.1705,402,1,0,3754,44.849,45.1164,16.9109
38.3187,3.6092,0,3.6092,6.94,37.0481,392,0,0,3755,44.8621,45.1294,16.9099
38.338,3.34164,0,3.34164,6.94,37.0481,392,0,0,3756,44.8706,45.1379,16.9089
38.3473,1.67618,0,1.67618,6.92,30.8848,392,0,0,3756,44.8706,45.1379,16.9089
38.3678,2.12679,0,2.12679,6.92,30.8848,402,1,0,3757,44.8661,45.1334,16.9079
38.3789,4.70009,0,4.70009,6.9,30.8141,390,1,0,3758,44.8808,45.148,16.9069
38.401,4.78842,0,4.78842,6.9,30.8141,396,1,0,3760,44.8809,45.1479,16.905
38.4138,6.42236,0,6.42236,6.88,30.7436,390,1,0,3762,44.895,45.1619,16.903
38.4359,6.68344,0,6.68344,6.88,30.7436,390,1,0,3764,44.9142,45.1809,16.901
38.4479,4.7645,0,4.7645,6.86,30.673,390,2,0,3766,44.9156,45.1822,16.8991
38.4633,0.886767,0,0.886767,6.86,30.673,370,0,0,3766,44.9156,45.1822,16.8991
38.4745,4.75922,0,4.75922,6.84,30.6025,380,1,0,3768,44.9238,45.1903,16.8971
38.4987,6.9635,0,6.9635,6.84,30.6025,380,1,0,3770,44.9416,45.208,16.8951
38.5111,6.3965,0,6.3965,6.82,30.5321,378,2,0,3772,44.9621,45.2283,16.8931
38.5299,3.08298,0,3.08298,6.82,30.5321,368,1,0,3773,44.9677,45.2338,16.8922
38.544,7.8675,0,7.8675,6.8,30.4616,368,1,0,3775,44.991,45.257,16.8902
38.561,3.01265,0,3.01265,6.8,30.4616,368,1,0,3776,44.9963,45.2622,16.8892
38.5721,4.77776,0,4.77776,6.78,30.3913,360,1,0,3778,45.0013,45.2671,16.8872
38.5944,2.99823,0,2.99823,6.78,30.3913,350,0,0,3778,45.0013,45.2671,16.8872
38.6031,2.44335,0,2.44335,6.76,30.321,360,1,0,3779,45.0029,45.2686,16.8863
38.6302,5.03358,0,5.03358,6.76,30.321,350,0,0,3781,45.0008,45.2663,16.8843
38.6412,5.21265,0,5.21265,6.74,30.2507,352,2,0,3783,45.0074,45.2728,16.8823
38.663,4.24295,0,4.24295,6.74,30.2507,342,1,0,3785,45.0063,45.2716,16.8804
38.6694,0.559154,0,0.559154,6.72,30.1805,322,0,0,3785,45.0063,45.2716,16.8804
38.6925,1.36588,0,1.36588,6.72,30.1805,322,0,0,3785,45.0063,45.2716,16.8804
38.699,0.503471,0,0.503471,6.7,30.1104,332,0,0,3785,45.0063,45.2716,16.8804
38.7236,0.905237,0,0.905237,6.7,30.1104,332,0,0,3785,45.0063,45.2716,16.8804
38.7344,4.59837,0,4.59837,6.68,30.0402,342,1,0,3786,45.0201,45.2853,16.8794
38.7567,5.39387,0,5.39387,6.68,30.0402,342,1,0,3787,45.0304,45.2955,16.8784
38.7672,4.655,0,4.655,6.66,29.9702,352,1,0,3788,45.0407,45.3057,16.8774
38.7918,7.38578,0,7.38578,6.66,29.9702,352,1,0,3790,45.0496,45.3145,16.8755
38.8002,2.22183,0,2.22183,6.64,29.9003,340,0,0,3791,45.0485,45.3134,16.8745
38.8231,3.34366,0,3.34366,6.64,29.9003,350,1,0,3792,45.0617,45.3265,16.8735
38.8368,7.67159,0,7.67159,6.62,29.8303,360,2,0,3794,45.082,45.3466,16.8716
38.8571,6.48166,0,6.48166,6.62,29.8303,360,2,0,3796,45.0975,45.362,16.8696
38.864,0.787008,0,0.787008,6.6,29.7604,350,0,0,3796,45.0975,45.362,16.8696
38.8901,4.96491,0,4.96491,6.6,29.7604,439,1,0,3798,45.0987,45.3631,16.8677
38.8999,3.65888,0,3.65888,6.58,29.6907,358,1,0,3800,45.0926,45.3568,16.8657
38.9227,4.49675,0,4.49675,6.58,29.6907,358,1,0,3801,45.1092,45.3733,16.8647
38.9366,7.76293,0,7.76293,6.56,29.6208,376,2,0,3803,45.1317,45.3957,16.8628
38.9535,2.40775,0,2.40775,6.56,29.6208,366,1,0,3804,45.1307,45.3946,16.8618
38.9658,5.87944,0,5.87944,6.54,29.5512,356,1,0,3806,45.1484,45.4122,16.8599
38.9853,3.47556,0,3.47556,6.54,29.5512,366,2,0,3808,45.1463,45.4099,16.8579
38.9958,4.09037,0,4.09037,6.52,29.4816,356,1,0,3809,45.1549,45.4185,16.857
39.0163,2.30297,0,2.30297,6.52,29.4816,346,0,0,3810,45.1567,45.4202,16.856
39.029,6.37523,0,6.37523,6.5,29.412,364,1,0,3812,45.1737,45.437,16.854
39.0508,6.41491,0,6.41491,6.5,29.412,374,2,0,3814,45.1885,45.4518,16.8521
39.0632,5.76138,0,5.76138,6.48,29.3425,374,2,0,3816,45.196,45.4591,16.8502
39.0852,6.18146,0,6.18146,6.48,29.3425,374,2,0,3818,45.2101,45.473,16.8482
39.0979,6.38896,0,6.38896,6.46,29.2732,374,2,0,3820,45.2183,45.4812,16.8463
39.1198,6.7078,0,6.7078,6.46,29.2732,364,1,0,3822,45.2352,45.4979,16.8443
39.1302,3.83831,0,3.83831,6.44,29.2037,366,1,0,3824,45.2293,45.4919,16.8424
39.1528,4.93446,0,4.93446,6.44,29.2037,370,2,0,3826,45.2271,45.4895,16.8405
39.1956,36.593,29.8264,6.76659,6.42,29.1345,2063,74,0,3827,45.2265,45.4897,16.8395
39.2078,4.68995,0,4.68995,6.4,29.0653,306,1,0,3829,45.2324,45.4954,16.8376
39.2248,2.20072,0,2.20072,6.4,29.0653,306,1,0,3830,45.2352,45.4982,16.8366
39.2375,6.51646,0,6.51646,6.38,28.9963,300,2,0,3832,45.2458,45.5086,16.8347
39.2574,4.82795,0,4.82795,6.38,28.9963,290,1,0,3834,45.2538,45.5164,16.8328
39.2711,7.62019,0,7.62019,6.36,28.9272,324,2,0,3836,45.274,45.5365,16.8308
39.2874,2.29321,0,2.29321,6.36,28.9272,288,0,0,3837,45.2723,45.5348,16.8299
39.2966,3.05161,0,3.05161,6.34,28.8582,308,1,0,3838,45.2806,45.543,16.8289
39.3211,6.10122,0,6.10122,6.34,28.8582,308,1,0,3840,45.2948,45.557,16.827
39.332,4.23421,0,4.23421,6.32,28.7894,312,1,0,3841,45.3025,45.5647,16.826
39.3586,8.92487,0,8.92487,6.32,28.7894,322,2,0,3843,45.326,45.5881,16.8241
39.3694,4.61439,0,4.61439,6.3,28.7205,312,1,0,3844,45.3382,45.6002,16.8231
39.3889,2.5963,0,2.5963,6.3,28.7205,312,1,0,3845,45.3378,45.5997,16.8222
39.3993,3.94757,0,3.94757,6.28,28.6517,336,1,0,3846,45.3456,45.6074,16.8212
39.4191,2.53942,0,2.53942,6.28,28.6517,336,1,0,3848,45.3337,45.5954,16.8193
39.4294,3.64903,0,3.64903,6.26,28.583,368,1,0,3849,45.3414,45.603,16.8183
39.4545,6.99137,0,6.99137,6.26,28.583,368,1,0,3851,45.3604,45.6219,16.8164
39.4656,4.25179,0,4.25179,6.24,28.5143,414,1,0,3853,45.3558,45.6172,16.8145
39.4858,2.66994,0,2.66994,6.24,28.5143,382,1,0,3854,45.3573,45.6186,16.8135
39.5019,8.93343,0,8.93343,6.22,28.4456,432,2,0,3856,45.3851,45.6463,16.8116
39.52,5.29574,0,5.29574,6.22,28.4456,422,1,0,3857,45.3982,45.6593,16.8106
39.5335,6.56535,0,6.56535,6.2,28.377,448,2,0,3859,45.4141,45.675,16.8087
39.5562,7.42903,0,7.42903,6.2,28.377,449,1,0,3861,45.4333,45.6941,16.8068
39.5715,8.50277,0,8.50277,6.18,28.3083,479,2,0,3863,45.4608,45.7215,16.8049
39.5931,8.50573,0,8.50573,6.18,28.3083,470,2,0,3865,45.4862,45.7467,16.803
39.6061,5.10162,0,5.10162,6.16,28.2397,502,2,0,3867,45.4903,45.7507,16.8011
39.6285,7.64119,0,7.64119,6.16,28.2397,502,2,0,3869,45.5118,45.772,16.7992
39.6383,2.06812,0,2.06812,6.14,28.171,480,0,0,3870,45.509,45.7693,16.7982
39.6637,7.39464,0,7.39464,6.14,28.171,500,2,0,3872,45.5279,45.788,16.7963
39.6734,1.71063,0,1.71063,6.12,28.1024,490,1,0,3873,45.5221,45.7821,16.7954
39.6982,5.92952,0,5.92952,6.12,28.1024,490,1,0,3875,45.5293,45.7892,16.7935
39.711,5.40503,0,5.40503,6.1,28.0337,500,2,0,3877,45.5396,45.7993,16.7916
39.7295,4.28366,0,4.28366,6.1,28.0337,490,1,0,3878,45.5505,45.8102,16.7906
39.7497,12.0202,9.1849,2.83532,6.08,27.9651,639,1,0,3879,45.5509,45.8105,16.7896
39.762,5.25821,0,5.25821,6.08,27.9651,480,1,0,3881,45.5584,45.8178,16.7877
39.7727,3.32167,0,3.32167,6.06,27.8964,480,1,0,3882,45.5641,45.8235,16.7868
39.794,4.16026,0,4.16026,6.06,27.8964,480,1,0,3883,45.5746,45.8339,16.7858
39.8097,7.67384,0,7.67384,6.04,27.8277,480,1,0,3885,45.5972,45.8564,16.7839
39.8245,2.92062,0,2.92062,6.04,27.8277,480,1,0,3886,45.5968,45.8559,16.783
39.8381,5.79436,0,5.79436,6.02,27.7591,490,2,0,3888,45.6021,45.8611,16.7811
39.8571,5.15317,0,5.15317,6.02,27.7591,480,1,0,3889,45.6153,45.8743,16.7802
39.8698,4.57311,0,4.57311,6,27.6904,470,1,0,3891,45.6168,45.8756,16.7783
39.8913,5.65921,0,5.65921,6,27.6904,470,1,0,3893,45.6229,45.8816,16.7764
39.9053,6.26621,0,6.26621,5.98,27.6218,480,2,0,3895,45.6341,45.8927,16.7745
39.9227,4.16594,0,4.16594,5.98,27.6218,470,1,0,3896,45.636,45.8945,16.7735
39.9371,6.4204,0,6.4204,5.96,27.5531,460,2,0,3898,45.6483,45.9066,16.7716
39.9554,5.2428,0,5.2428,5.96,27.5531,460,2,0,3900,45.65,45.9082,16.7697
39.9685,5.02412,0,5.02412,5.94,27.4845,450,1,0,3901,45.6616,45.9198,16.7688
39.986,3.08862,0,3.08862,5.94,27.4845,450,1,0,3902,45.672,45.93,16.7679
39.998,5.1256,0,5.1256,5.92,27.4158,453,1,0,3903,45.6849,45.9429,16.7669
40.0205,5.55143,0,5.55143,5.92,27.4158,467,1,0,3905,45.6835,45.9414,16.765
40.0352,6.69708,0,6.69708,5.9,27.3471,475,2,0,3907,45.6957,45.9534,16.7631
40.0482,0.470079,0,0.470079,5.9,27.3471,440,0,0,3907,45.6957,45.9534,16.7631
40.0554,0.32343,0,0.32343,5.88,27.2785,440,0,0,3907,45.6957,45.9534,16.7631
40.0813,4.87263,0,4.87263,5.88,27.2785,450,1,0,3909,45.6961,45.9537,16.7612
40.0926,4.41526,0,4.41526,5.86,27.2098,450,1,0,3911,45.6934,45.9509,16.7594
40.1155,5.46297,0,5.46297,5.86,27.2098,460,2,0,3913,45.6984,45.9558,16.7575
40.1265,4.07544,0,4.07544,5.84,27.1412,450,1,0,3914,45.7052,45.9624,16.7565
40.1461,1.76627,0,1.76627,5.84,27.1412,440,0,0,3915,45.7006,45.9579,16.7556
40.1622,9.21246,0,9.21246,5.82,27.0725,470,2,0,3917,45.7268,45.9839,16.7537
40.1777,3.16029,0,3.16029,5.82,27.0725,450,0,0,3918,45.732,45.989,16.7528
40.1917,7.65415,0,7.65415,5.8,27.0039,460,2,0,3920,45.7589,46.0158,16.7509
40.2114,5.47934,0,5.47934,5.8,27.0039,450,1,0,3922,45.7642,46.0209,16.749
40.2218,3.58958,0,3.58958,5.78,26.9352,450,1,0,3923,45.7693,46.026,16.7481
40.2447,4.89367,0,4.89367,5.78,26.9352,450,1,0,3925,45.7745,46.0311,16.7462
40.254,2.30087,0,2.30087,5.76,26.8666,450,1,0,3926,45.7738,46.0303,16.7453
40.2782,4.78448,0,4.78448,5.76,26.8666,450,1,0,3927,45.7835,46.04,16.7443
40.2885,3.66874,0,3.66874,5.74,26.7979,420,0,0,3928,45.7951,46.0514,16.7434
40.3126,6.34288,0,6.34288,5.74,26.7979,440,2,0,3930,45.8104,46.0667,16.7415
40.3219,2.31867,0,2.31867,5.72,26.7292,440,1,0,3931,45.8046,46.0608,16.7406
40.3442,2.88531,0,2.88531,5.72,26.7292,430,0,0,3932,45.8037,46.0598,16.7396
40.3556,4.3393,0,4.3393,5.7,26.6606,450,1,0,3933,45.8162,46.0722,16.7387
40.378,4.80057,0,4.80057,5.7,26.6606,460,2,0,3935,45.8191,46.075,16.7368
40.3934,8.64133,0,8.64133,5.68,26.5919,460,2,0,3937,45.8438,46.0996,16.735
40.4128,5.48785,0,5.48785,5.68,26.5919,460,2,0,3939,45.8558,46.1114,16.7331
40.4252,5.29967,0,5.29967,5.66,26.5233,450,1,0,3941,45.8612,46.1167,16.7312
40.4488,7.42478,0,7.42478,5.66,26.5233,460,2,0,3943,45.876,46.1314,16.7294
40.4629,5.61824,0,5.61824,5.64,26.4546,460,2,0,3945,45.8847,46.1399,16.7275
40.4832,6.31883,0,6.31883,5.64,26.4546,467,1,0,3947,45.8949,46.15,16.7256
40.499,6.83745,0,6.83745,5.62,26.386,460,2,0,3949,45.9073,46.1623,16.7238
40.5145,3.27688,0,3.27688,5.62,26.386,450,1,0,3950,45.9132,46.1681,16.7229
40.5284,5.77298,0,5.77298,5.6,26.3173,460,1,0,3952,45.9269,46.1817,16.721
40.5491,7.14114,0,7.14114,5.6,26.3173,460,1,0,3954,45.9335,46.1882,16.7191
40.5616,4.32768,0,4.32768,5.58,26.2487,460,1,0,3955,45.9456,46.2003,16.7182
40.5786,2.12155,0,2.12155,5.58,26.2487,450,0,0,3956,45.9444,46.1989,16.7173
40.5901,4.44868,0,4.44868,5.56,26.18,460,1,0,3957,45.957,46.2115,16.7163
40.6142,6.72349,0,6.72349,5.56,26.18,460,1,0,3959,45.9712,46.2256,16.7145
40.6437,21.2405,14.1454,7.09506,5.54,26.1113,2559,104,0,3960,45.9624,46.2144,16.7136
40.6662,17.1727,0,17.1727,5.52,53.8427,4359,265,0,3961,45.8882,46.1404,16.7126
40.6748,1.85234,0,1.85234,5.5,53.4519,102,0,0,3962,45.8801,46.1323,16.7117
40.6977,4.30134,0,4.30134,5.5,53.4519,112,1,0,3964,45.8779,46.1299,16.7099
40.7105,7.26279,0,7.26279,5.48,53.0611,145,4,0,3966,45.886,46.1382,16.708
40.73,5.26435,0,5.26435,5.48,53.0611,126,2,0,3968,45.8931,46.1452,16.7061
40.7427,6.86536,0,6.86536,5.46,52.6702,124,2,0,3970,45.9038,46.1557,16.7043
40.761,3.29591,0,3.29591,5.46,52.6702,114,1,0,3971,45.9048,46.1566,16.7034
40.7686,1.95615,0,1.95615,5.44,52.2793,112,0,0,3972,45.9036,46.1553,16.7024
40.7919,3.60418,0,3.60418,5.44,52.2793,122,1,0,3973,45.9074,46.1591,16.7015
40.8054,7.51876,0,7.51876,5.42,51.8883,139,2,0,3975,45.9225,46.1741,16.6997
40.8234,3.76326,0,3.76326,5.42,51.8883,126,1,0,3976,45.9293,46.1808,16.6988
40.8379,8.47767,0,8.47767,5.4,51.4973,138,2,0,3978,45.9517,46.2031,16.6969
40.8571,7.05833,0,7.05833,5.4,51.4973,138,2,0,3980,45.9663,46.2176,16.6951
40.8687,4.30983,0,4.30983,5.38,51.1063,134,1,0,3981,45.9751,46.2263,16.6941
40.8883,3.47281,0,3.47281,5.38,51.1063,124,0,0,3982,45.9884,46.2396,16.6932
40.8991,4.50652,0,4.50652,5.36,50.7152,140,1,0,3983,46.0045,46.2556,16.6923
40.9168,1.7106,0,1.7106,5.36,50.7152,140,1,0,3984,46,46.251,16.6914
40.9295,5.69677,0,5.69677,5.34,50.324,128,2,0,3986,46.01,46.2609,16.6895
40.9488,5.21601,0,5.21601,5.34,50.324,118,1,0,3988,46.0138,46.2645,16.6877
40.9609,4.96037,0,4.96037,5.32,49.9329,241,11,0,3989,46.0251,46.2753,16.6868
40.9782,2.88105,0,2.88105,5.32,49.9329,118,1,0,3990,46.0258,46.2759,16.6859
40.9905,5.57791,0,5.57791,5.3,49.5415,128,2,0,3992,46.0358,46.2858,16.684
41.0094,4.60205,0,4.60205,5.3,49.5415,177,0,0,3994,46.0383,46.2882,16.6822
41.0227,6.64836,0,6.64836,5.28,45.4767,137,2,0,3996,46.0528,46.3026,16.6803
41.0398,4.04563,0,4.04563,5.28,45.4767,124,1,0,3997,46.0655,46.3152,16.6794
41.0475,1.87391,0,1.87391,5.26,45.2785,110,0,0,3998,46.0608,46.3104,16.6785
41.0704,2.88651,0,2.88651,5.26,45.2785,120,1,0,3999,46.0668,46.3163,16.6776
41.0775,1.50495,0,1.50495,5.24,45.0803,100,0,0,4000,46.0605,46.31,16.6767
41.1049,6.99075,0,6.99075,5.24,45.0803,120,2,0,4002,46.0725,46.3218,16.6748
41.1117,1.25077,0,1.25077,5.22,44.8822,100,0,0,4002,46.0725,46.3218,16.6748
41.1342,2.09911,0,2.09911,5.22,44.8822,100,0,0,4003,46.0669,46.3163,16.6739
41.1434,3.63894,0,3.63894,5.2,44.6841,280,8,0,4004,46.0624,46.3114,16.673
41.1687,7.29575,0,7.29575,5.2,44.6841,120,2,0,4006,46.0794,46.3283,16.6712
41.1821,7.41143,0,7.41143,5.18,44.486,116,1,0,4008,46.0838,46.3326,16.6693
41.1982,2.00653,0,2.00653,5.18,44.486,106,0,0,4009,46.0788,46.3275,16.6684
41.2039,0.141889,0,0.141889,5.16,44.288,104,0,0,4009,46.0788,46.3275,16.6684
41.2287,3.13802,0,3.13802,5.16,44.288,114,1,0,4010,46.0828,46.3314,16.6675
41.2396,5.52071,0,5.52071,5.14,41.7765,130,1,0,4012,46.0857,46.3342,16.6657
41.2601,4.21014,0,4.21014,5.14,41.7765,130,1,0,4014,46.081,46.3293,16.6639
41.2732,7.7784,0,7.7784,5.12,41.4938,150,2,0,4016,46.1026,46.3508,16.662
41.2935,6.14206,0,6.14206,5.12,41.4938,150,2,0,4018,46.1152,46.3634,16.6602
41.3047,5.18614,0,5.18614,5.1,41.2111,158,2,0,4020,46.1219,46.3699,16.6584
41.3286,7.34901,0,7.34901,5.1,41.2111,158,2,0,4022,46.1358,46.3836,16.6566
41.3436,9.03497,0,9.03497,5.08,40.9282,158,2,0,4024,46.1489,46.3966,16.6548
41.3575,1.44424,0,1.44424,5.08,40.9282,148,1,0,4025,46.1439,46.3916,16.6538
41.3669,3.79981,0,3.79981,5.06,40.6453,138,1,0,4026,46.1518,46.3994,16.6529
41.3899,4.76573,0,4.76573,5.06,40.6453,148,2,0,4028,46.1542,46.4017,16.6511
41.4004,4.59089,0,4.59089,5.04,40.3625,138,1,0,4030,46.1576,46.405,16.6493
41.4207,2.83162,0,2.83162,5.04,40.3625,128,0,0,4031,46.158,46.4054,16.6484
41.4304,4.0246,0,4.0246,5.02,40.0797,168,1,0,4032,46.1687,46.4159,16.6475
41.4493,1.19016,0,1.19016,5.02,40.0797,158,0,0,4032,46.1687,46.4159,16.6475
41.4584,3.60188,0,3.60188,5,39.7971,166,1,0,4034,46.1621,46.4093,16.6457
41.4793,4.03945,0,4.03945,5,39.7971,166,1,0,4035,46.1713,46.4183,16.6448
41.5185,32.2489,15.1821,17.0669,4.98,39.5145,3450,138,0,4037,46.1717,46.4206,16.6429
41.5331,7.73354,0,7.73354,4.96,39.2322,154,1,0,4039,46.1805,46.4293,16.6411
41.5522,6.29243,0,6.29243,4.96,39.2322,164,2,0,4041,46.1933,46.442,16.6393
41.568,10.3028,0,10.3028,4.94,38.9503,170,2,0,4043,46.2095,46.4581,16.6375
41.5822,2.53484,0,2.53484,4.94,38.9503,160,1,0,4044,46.2097,46.4582,16.6366
41.593,5.36956,0,5.36956,4.92,38.6684,180,2,0,4046,46.2173,46.4656,16.6348
41.6107,2.19111,0,2.19111,4.92,38.6684,170,1,0,4047,46.2125,46.4608,16.6339
41.6195,1.95807,0,1.95807,4.9,38.387,186,1,0,4048,46.2078,46.456,16.633
41.6396,2.37808,0,2.37808,4.9,38.387,176,0,0,4049,46.208,46.4562,16.6321
41.6472,0.955128,0,0.955128,4.88,38.1057,168,0,0,4049,46.208,46.4562,16.6321
41.6682,1.83861,0,1.83861,4.88,38.1057,178,1,0,4050,46.2005,46.4486,16.6312
41.6783,4.35998,0,4.35998,4.86,30.2658,202,1,0,4052,46.2048,46.4529,16.6294
41.7042,7.4775,0,7.4775,4.86,30.2658,212,2,0,4054,46.221,46.4689,16.6276
41.7168,5.53923,0,5.53923,4.84,30.1026,242,2,0,4056,46.23,46.4778,16.6258
41.7351,4.35272,0,4.35272,4.84,30.1026,232,1,0,4057,46.2398,46.4876,16.6249
41.7464,5.4243,0,5.4243,4.82,29.9393,228,1,0,4058,46.2511,46.4988,16.624
41.7653,1.82342,0,1.82342,4.82,29.9393,218,0,0,4059,46.2486,46.4962,16.6231
41.7737,2.49053,0,2.49053,4.8,29.776,238,1,0,4060,46.2502,46.4978,16.6222
41.801,6.37081,0,6.37081,4.8,29.776,238,1,0,4062,46.2575,46.5049,16.6204
41.8078,0.787983,0,0.787983,4.78,29.6128,270,0,0,4062,46.2575,46.5049,16.6204
41.836,6.75737,0,6.75737,4.78,29.6128,290,2,0,4064,46.2766,46.5239,16.6186
41.8472,4.03569,0,4.03569,4.76,29.4495,280,1,0,4065,46.2856,46.5328,16.6177
41.8705,7.34667,0,7.34667,4.76,29.4495,290,2,0,4067,46.3034,46.5505,16.6159
41.8803,2.98092,0,2.98092,4.74,29.2867,270,1,0,4068,46.3048,46.5519,16.615
41.8978,0.905774,0,0.905774,4.74,29.2867,260,0,0,4068,46.3048,46.5519,16.615
41.9095,5.44839,0,5.44839,4.72,29.124,260,1,0,4070,46.3057,46.5526,16.6132
41.9289,2.95651,0,2.95651,4.72,29.124,260,1,0,4071,46.3085,46.5554,16.6123
41.9381,3.65365,0,3.65365,4.7,28.9613,260,1,0,4072,46.317,46.5639,16.6114
41.9598,3.06666,0,3.06666,4.7,28.9613,260,1,0,4073,46.3167,46.5635,16.6105
41.9707,5.30253,0,5.30253,4.68,28.7986,270,2,0,4075,46.318,46.5647,16.6087
41.9934,5.78944,0,5.78944,4.68,28.7986,276,2,0,4077,46.3176,46.5641,16.6069
42.006,6.97046,0,6.97046,4.66,28.6359,280,2,0,4079,46.3344,46.5808,16.6051
42.0268,5.45331,0,5.45331,4.66,28.6359,280,2,0,4081,46.3423,46.5886,16.6033
42.0366,4.17068,0,4.17068,4.64,28.4738,280,1,0,4082,46.3528,46.599,16.6024
42.0587,4.29929,0,4.29929,4.64,28.4738,280,1,0,4083,46.361,46.6072,16.6015
42.0687,4.162,0,4.162,4.62,28.3116,280,1,0,4084,46.3675,46.6136,16.6006
42.0892,2.82672,0,2.82672,4.62,28.3116,280,1,0,4085,46.3753,46.6213,16.5997
42.0983,3.15493,0,3.15493,4.6,28.1495,280,1,0,4086,46.3791,46.6251,16.5988
42.121,4.00399,0,4.00399,4.6,28.1495,270,0,0,4087,46.3778,46.6237,16.598
42.1293,2.24203,0,2.24203,4.58,27.9874,270,0,0,4088,46.3809,46.6267,16.5971
42.1547,5.15531,0,5.15531,4.58,27.9874,290,2,0,4090,46.3875,46.6333,16.5953
42.1641,3.4358,0,3.4358,4.56,27.8253,270,0,0,4091,46.3896,46.6353,16.5944
42.1863,3.78469,0,3.78469,4.56,27.8253,280,1,0,4092,46.3981,46.6437,16.5935
42.1961,3.42534,0,3.42534,4.54,27.6632,280,1,0,4093,46.3997,46.6452,16.5926
42.2208,5.58386,0,5.58386,4.54,27.6632,270,0,0,4095,46.4063,46.6518,16.5908
42.2329,6.00427,0,6.00427,4.52,27.5013,302,2,0,4097,46.4123,46.6576,16.589
42.2536,4.92111,0,4.92111,4.52,27.5013,280,1,0,4099,46.4216,46.6667,16.5873
42.2647,4.88611,0,4.88611,4.5,27.3394,260,1,0,4100,46.4329,46.678,16.5864
42.2843,2.48665,0,2.48665,4.5,27.3394,250,0,0,4101,46.4328,46.6779,16.5855
42.2961,5.91578,0,5.91578,4.48,27.1774,260,1,0,4103,46.4419,46.6868,16.5837
42.314,1.57387,0,1.57387,4.48,27.1774,250,0,0,4104,46.4393,46.6842,16.5828
42.3259,6.65356,0,6.65356,4.46,27.0155,260,2,0,4106,46.4501,46.6948,16.581
42.3486,7.1487,0,7.1487,4.46,27.0155,260,2,0,4108,46.4652,46.7098,16.5793
42.3585,4.29141,0,4.29141,4.44,26.8535,250,1,0,4109,46.4731,46.7177,16.5784
42.3789,2.70639,0,2.70639,4.44,26.8535,250,1,0,4110,46.4735,46.718,16.5775
42.3905,5.81905,0,5.81905,4.42,26.6916,240,0,0,4112,46.4718,46.7162,16.5757
42.415,8.29148,0,8.29148,4.42,26.6916,266,2,0,4114,46.492,46.7363,16.5739
42.4247,3.59685,0,3.59685,4.4,26.5296,250,1,0,4115,46.5023,46.7465,16.573
42.4483,5.20388,0,5.20388,4.4,26.5296,250,1,0,4117,46.5147,46.7588,16.5713
42.4578,3.74594,0,3.74594,4.38,26.3677,250,1,0,4118,46.5223,46.7664,16.5704
42.48,4.02306,0,4.02306,4.38,26.3677,250,1,0,4120,46.5201,46.7641,16.5686
42.4895,3.71604,0,3.71604,4.36,26.2057,250,1,0,4121,46.5334,46.7772,16.5677
42.5138,5.78018,0,5.78018,4.36,26.2057,240,0,0,4123,46.5469,46.7907,16.566
42.5263,6.89734,0,6.89734,4.34,26.0438,260,2,0,4125,46.5605,46.8041,16.5642
42.5472,5.91615,0,5.91615,4.34,26.0438,260,2,0,4127,46.5648,46.8083,16.5624
42.5861,32.7974,24.1629,8.63449,4.32,25.8818,3732,133,0,4127,46.5389,46.7836,16.5624
42.5947,1.04641,0,1.04641,4.3,25.7199,240,0,0,4127,46.5389,46.7836,16.5624
42.6195,5.46361,0,5.46361,4.3,25.7199,250,1,0,4128,46.5501,46.7948,16.5616
42.6301,2.85184,0,2.85184,4.28,25.5579,240,0,0,4129,46.5546,46.7992,16.5607
42.649,1.11652,0,1.11652,4.28,25.5579,240,0,0,4129,46.5546,46.7992,16.5607
42.6644,7.17893,0,7.17893,4.26,25.396,250,2,0,4131,46.5643,46.8088,16.5589
42.6795,2.27752,0,2.27752,4.26,25.396,230,0,0,4132,46.5622,46.8066,16.558
42.6935,6.33424,0,6.33424,4.24,25.2341,240,1,0,4133,46.5713,46.8156,16.5571
42.7107,3.68946,0,3.68946,4.24,25.2341,240,1,0,4134,46.574,46.8183,16.5563
42.7248,6.58216,0,6.58216,4.22,25.0721,240,1,0,4135,46.5821,46.8264,16.5554
42.7435,5.24684,0,5.24684,4.22,25.0721,240,1,0,4136,46.6001,46.8443,16.5545
42.7585,7.38152,0,7.38152,4.2,24.9102,240,1,0,4138,46.6022,46.8463,16.5527
42.7757,4.60779,0,4.60779,4.2,24.9102,240,1,0,4139,46.6158,46.8599,16.5519
42.7885,5.16299,0,5.16299,4.18,24.7482,240,1,0,4140,46.6198,46.8638,16.551
42.8103,6.80286,0,6.80286,4.18,24.7482,240,1,0,4142,46.6359,46.8798,16.5492
42.8231,4.29704,0,4.29704,4.16,24.5863,240,1,0,4143,46.6483,46.8921,16.5483
42.8488,10.264,0,10.264,4.16,24.5863,240,1,0,4145,46.663,46.9066,16.5466
42.8591,3.77106,0,3.77106,4.14,24.4243,240,1,0,4146,46.6662,46.9098,16.5457
42.885,6.04625,0,6.04625,4.14,24.4243,240,1,0,4147,46.6725,46.9161,16.5448
42.8972,6.52417,0,6.52417,4.12,23.9232,230,2,0,4149,46.6823,46.9258,16.5431
42.9199,5.59242,0,5.59242,4.12,23.9232,230,1,0,4150,46.6942,46.9376,16.5422
42.9299,4.39554,0,4.39554,4.1,23.7366,230,2,0,4152,46.6886,46.9318,16.5404
42.9509,3.16323,0,3.16323,4.1,23.7366,210,0,0,4153,46.6906,46.9338,16.5396
42.9651,8.70855,0,8.70855,4.08,23.5501,230,2,0,4155,46.7194,46.9625,16.5378
42.9824,3.37315,0,3.37315,4.08,23.5501,210,0,0,4156,46.7255,46.9685,16.5369
42.9945,6.52775,0,6.52775,4.06,23.3637,220,2,0,4158,46.7323,46.9752,16.5352
43.0176,7.41223,0,7.41223,4.06,23.3637,210,1,0,4160,46.7524,46.9952,16.5334
43.0269,3.88484,0,3.88484,4.04,23.1772,220,1,0,4161,46.7614,47.0041,16.5326
43.052,7.37953,0,7.37953,4.04,23.1772,230,2,0,4163,46.7742,47.0168,16.5308
43.0621,4.47052,0,4.47052,4.02,22.9908,230,1,0,4164,46.7841,47.0267,16.5299
43.0833,3.70552,0,3.70552,4.02,22.9908,230,1,0,4165,46.7923,47.0348,16.5291
43.0911,2.35129,0,2.35129,4,22.8043,220,0,0,4166,46.7885,47.031,16.5282
43.1176,6.90418,0,6.90418,4,22.8043,240,2,0,4168,46.797,47.0393,16.5265
43.1296,3.45123,0,3.45123,3.98,22.6179,220,0,0,4169,46.7964,47.0386,16.5256
43.1498,4.02862,0,4.02862,3.98,22.6179,230,1,0,4170,46.8067,47.0489,16.5247
43.164,8.62225,0,8.62225,3.96,22.4314,240,2,0,4172,46.8274,47.0695,16.523
43.1837,7.04291,0,7.04291,3.96,22.4314,240,2,0,4174,46.8392,47.0812,16.5212
43.1958,6.04821,0,6.04821,3.94,22.245,322,2,0,4176,46.8448,47.0867,16.5195
43.2165,5.26815,0,5.26815,3.94,22.245,240,1,0,4178,46.8487,47.0905,16.5177
43.2233,0.631783,0,0.631783,3.92,22.0585,220,0,0,4178,46.8487,47.0905,16.5177
43.2511,7.01767,0,7.01767,3.92,22.0585,230,1,0,4180,46.8591,47.1007,16.516
43.2604,3.39786,0,3.39786,3.9,21.8721,230,1,0,4181,46.8639,47.1055,16.5151
43.2833,4.92838,0,4.92838,3.9,21.8721,240,2,0,4183,46.8642,47.1057,16.5134
43.2962,5.9839,0,5.9839,3.88,21.6856,240,2,0,4185,46.87,47.1114,16.5117
43.3201,8.29632,0,8.29632,3.88,21.6856,230,1,0,4187,46.8768,47.118,16.5099
43.335,6.65228,0,6.65228,3.86,21.4992,230,2,0,4189,46.8864,47.1275,16.5082
43.3545,7.53434,0,7.53434,3.86,21.4992,230,2,0,4191,46.8974,47.1384,16.5065
43.3704,8.09443,0,8.09443,3.84,21.3127,230,2,0,4193,46.9137,47.1545,16.5047
43.3828,1.37967,0,1.37967,3.84,21.3127,210,0,0,4194,46.9061,47.1469,16.5039
43.4011,10.3287,0,10.3287,3.82,21.1263,220,1,0,4195,46.9142,47.1549,16.503
43.4187,6.15723,0,6.15723,3.82,21.1263,220,1,0,4196,46.9245,47.1652,16.5021
43.4321,3.89192,0,3.89192,3.8,20.9398,240,2,0,4198,46.92,47.1606,16.5004
43.4488,3.49155,0,3.49155,3.8,20.9398,220,0,0,4200,46.9117,47.1521,16.4987
43.4654,6.56537,0,6.56537,3.78,20.7534,240,2,0,4202,46.9196,47.1599,16.4969
43.4817,3.40609,0,3.40609,3.78,20.7534,230,1,0,4203,46.9229,47.1632,16.4961
43.4959,5.40841,0,5.40841,3.76,20.5669,240,2,0,4205,46.9275,47.1677,16.4944
43.5203,7.91873,0,7.91873,3.76,20.5669,230,1,0,4206,46.9291,47.1693,16.4935
43.544,13.0708,0,13.0708,3.74,20.3805,240,2,0,4208,46.9425,47.1825,16.4918
43.5539,3.21267,0,3.21267,3.72,20.194,210,0,0,4209,46.9461,47.186,16.4909
43.5752,3.02434,0,3.02434,3.72,20.194,220,1,0,4210,46.9477,47.1876,16.49
43.586,4.79783,0,4.79783,3.7,20.0076,220,1,0,4211,46.958,47.1978,16.4892
43.6071,4.38931,0,4.38931,3.7,20.0076,220,1,0,4212,46.9687,47.2085,16.4883
43.6193,6.23195,0,6.23195,3.68,19.8211,230,2,0,4214,46.9784,47.2181,16.4866
43.639,4.402,0,4.402,3.68,19.8211,230,2,0,4216,46.9737,47.2132,16.4849
43.6528,6.59989,0,6.59989,3.66,19.6347,210,1,0,4217,46.9775,47.217,16.484
43.671,4.50149,0,4.50149,3.66,19.6347,210,1,0,4218,46.9853,47.2248,16.4832
43.6855,8.33265,0,8.33265,3.64,19.4482,210,1,0,4220,46.9991,47.2384,16.4814
43.7016,3.14823,0,3.14823,3.64,19.4482,210,1,0,4221,47,47.2393,16.4806
43.7155,7.26948,0,7.26948,3.62,19.2618,220,1,0,4223,47.0102,47.2493,16.4789
43.7338,4.21476,0,4.21476,3.62,19.2618,210,0,0,4224,47.022,47.2611,16.478
43.7443,4.42193,0,4.42193,3.6,19.0753,210,0,0,4226,47.0284,47.2674,16.4763
43.7666,5.23726,0,5.23726,3.6,19.0753,220,1,0,4227,47.0402,47.2792,16.4754
43.7758,2.61859,0,2.61859,3.58,18.8889,220,1,0,4228,47.0402,47.2791,16.4746
43.7972,2.86293,0,2.86293,3.58,18.8889,220,1,0,4229,47.0357,47.2745,16.4737
43.8058,2.57399,0,2.57399,3.56,18.7024,210,0,0,4230,47.0345,47.2733,16.4728
43.8305,5.92024,0,5.92024,3.56,18.7024,220,1,0,4232,47.0423,47.281,16.4711
43.8419,4.93072,0,4.93072,3.54,18.516,210,0,0,4233,47.0501,47.2887,16.4703
43.8614,3.23537,0,3.23537,3.54,18.516,220,1,0,4234,47.0477,47.2863,16.4694
43.8708,3.56041,0,3.56041,3.52,18.3295,220,1,0,4235,47.0583,47.2968,16.4686
43.8909,1.82696,0,1.82696,3.52,18.3295,220,1,0,4236,47.0545,47.293,16.4677
43.9028,5.67058,0,5.67058,3.5,18.1431,220,1,0,4238,47.0599,47.2983,16.466
43.9223,4.88752,0,4.88752,3.5,18.1431,220,1,0,4239,47.0727,47.3109,16.4651
43.9299,0.331684,0,0.331684,3.48,17.9566,210,0,0,4239,47.0727,47.3109,16.4651
43.9518,3.20133,0,3.20133,3.48,17.9566,210,0,0,4240,47.0748,47.313,16.4643
43.964,4.41803,0,4.41803,3.46,17.7702,230,2,0,4242,47.0743,47.3124,16.4626
43.9859,7.71443,0,7.71443,3.46,17.7702,230,2,0,4244,47.0874,47.3254,16.4609
43.9961,2.2438,0,2.2438,3.44,17.5837,220,1,0,4245,47.0872,47.3251,16.46
44.0169,4.55434,0,4.55434,3.44,17.5837,220,1,0,4246,47.0989,47.3368,16.4592
44.0288,4.18646,0,4.18646,3.42,17.3973,220,1,0,4247,47.1053,47.3431,16.4583
44.046,2.59481,0,2.59481,3.42,17.3973,210,0,0,4249,47.0941,47.3318,16.4566
44.0559,2.42959,0,2.42959,3.4,17.2108,220,1,0,4250,47.0936,47.3313,16.4558
44.0794,7.11929,0,7.11929,3.4,17.2108,233,2,0,4252,47.1108,47.3483,16.4541
44.0936,6.21977,0,6.21977,3.38,17.0244,190,0,0,4254,47.1206,47.358,16.4524
44.1091,2.84353,0,2.84353,3.38,17.0244,190,0,0,4255,47.126,47.3633,16.4515
44.1151,0.377442,0,0.377442,3.36,16.8379,180,0,0,4255,47.126,47.3633,16.4515
44.1406,4.3263,0,4.3263,3.36,16.8379,190,1,0,4256,47.1313,47.3687,16.4507
44.1485,0.197548,0,0.197548,3.34,16.6514,190,0,0,4256,47.1313,47.3687,16.4507
44.1749,3.94376,0,3.94376,3.34,16.6514,190,0,0,4257,47.1402,47.3775,16.4498
44.1844,3.93818,0,3.93818,3.32,16.465,200,1,0,4259,47.1374,47.3745,16.4481
44.2083,6.11289,0,6.11289,3.32,16.465,200,1,0,4261,47.1439,47.3809,16.4464
44.2174,3.00431,0,3.00431,3.3,16.2785,190,0,0,4262,47.1441,47.381,16.4456
44.2395,3.78503,0,3.78503,3.3,16.2785,200,1,0,4263,47.1539,47.3908,16.4447
44.2533,7.61045,0,7.61045,3.28,16.0921,210,2,0,4265,47.1583,47.3951,16.443
44.2748,7.7155,0,7.7155,3.28,16.0921,210,2,0,4267,47.1767,47.4134,16.4413
44.285,3.96468,0,3.96468,3.26,15.9056,200,0,0,4268,47.1762,47.4128,16.4405
44.3065,4.1479,0,4.1479,3.26,15.9056,210,1,0,4270,47.1714,47.408,16.4388
44.324,11.3575,0,11.3575,3.24,15.7192,210,2,0,4272,47.1798,47.4162,16.4371
44.3419,7.84404,0,7.84404,3.24,15.7192,210,2,0,4274,47.1984,47.4347,16.4354
44.359,9.26634,0,9.26634,3.22,15.5327,200,1,0,4276,47.2102,47.4464,16.4337
44.3763,7.03839,0,7.03839,3.22,15.5327,210,2,0,4278,47.2284,47.4645,16.432
44.391,4.37265,0,4.37265,3.2,15.3463,180,0,0,4280,47.2245,47.4605,16.4303
44.4111,7.9857,0,7.9857,3.2,15.3463,190,1,0,4282,47.2366,47.4724,16.4286
44.4344,12.274,0,12.274,3.18,15.1598,200,2,0,4284,47.2432,47.479,16.4269
44.4478,4.4082,0,4.4082,3.16,14.9734,180,0,0,4285,47.2434,47.4791,16.4261
44.4664,3.06332,0,3.06332,3.16,14.9734,180,0,0,4286,47.2436,47.4792,16.4252
44.4764,3.96527,0,3.96527,3.14,14.7869,200,2,0,4288,47.2411,47.4767,16.4236
44.5003,6.26624,0,6.26624,3.14,14.7869,200,2,0,4290,47.2457,47.4811,16.4219
44.5134,6.87322,0,6.87322,3.12,14.6005,200,2,0,4292,47.2575,47.4928,16.4202
44.5325,4.24216,0,4.24216,3.12,14.6005,190,1,0,4293,47.2653,47.5006,16.4193
44.5456,6.99344,0,6.99344,3.1,14.414,190,2,0,4295,47.2743,47.5094,16.4177
44.5634,3.33744,0,3.33744,3.1,14.414,180,1,0,4296,47.2749,47.51,16.4168
44.572,2.44919,0,2.44919,3.08,14.2276,180,1,0,4297,47.2746,47.5097,16.416
44.5924,1.34115,0,1.34115,3.08,14.2276,170,0,0,4298,47.2699,47.5049,16.4151
44.6058,7.44273,0,7.44273,3.06,14.0411,180,2,0,4300,47.2812,47.516,16.4135
44.6246,4.95358,0,4.95358,3.06,14.0411,170,1,0,4301,47.2913,47.5262,16.4126
44.632,1.45196,0,1.45196,3.04,13.8547,160,0,0,4301,47.2913,47.5262,16.4126
44.6609,6.99452,0,6.99452,3.04,13.8547,170,1,0,4302,47.2943,47.5291,16.4118
44.6833,13.4598,0,13.4598,3.02,13.6722,180,2,0,4304,47.3116,47.5462,16.4101
44.6971,6.5043,0,6.5043,3,13.4823,180,2,0,4306,47.3193,47.5539,16.4084
44.7165,6.9859,0,6.9859,3,13.4823,189,2,0,4308,47.3289,47.5634,16.4067
44.7272,3.47521,0,3.47521,2.98,13.2957,170,1,0,4309,47.3342,47.5686,16.4059
44.7474,4.77729,0,4.77729,2.98,13.2957,170,1,0,4310,47.3448,47.5791,16.4051
44.7552,0.384038,0,0.384038,2.96,13.1092,160,0,0,4310,47.3448,47.5791,16.4051
44.7769,3.22604,0,3.22604,2.96,13.1092,170,1,0,4311,47.3493,47.5836,16.4042
44.7909,6.74258,0,6.74258,2.94,12.9227,170,2,0,4313,47.3575,47.5917,16.4025
44.808,5.09883,0,5.09883,2.94,12.9227,160,1,0,4314,47.3707,47.6048,16.4017
44.8218,6.29176,0,6.29176,2.92,12.7363,170,2,0,4316,47.3777,47.6117,16.4
44.8386,4.35433,0,4.35433,2.92,12.7363,170,2,0,4318,47.3775,47.6114,16.3984
44.85,4.0079,0,4.0079,2.9,12.355,140,1,0,4319,47.3804,47.6143,16.3975
44.8698,4.95503,0,4.95503,2.9,12.355,150,1,0,4320,47.391,47.6248,16.3967
44.8832,5.96503,0,5.96503,2.88,12.2696,160,2,0,4322,47.3996,47.6333,16.395
44.8967,0.645402,0,0.645402,2.88,12.2696,140,0,0,4322,47.3996,47.6333,16.395
44.9072,5.09288,0,5.09288,2.86,12.1844,150,1,0,4323,47.4106,47.6442,16.3942
44.927,3.48174,0,3.48174,2.86,12.1844,150,1,0,4324,47.414,47.6475,16.3934
44.9413,8.02427,0,8.02427,2.84,12.0992,160,2,0,4326,47.4344,47.6678,16.3917
44.9564,1.50805,0,1.50805,2.84,12.0992,140,0,0,4326,47.4344,47.6678,16.3917
44.9658,3.79255,0,3.79255,2.82,12.014,140,1,0,4327,47.4423,47.6758,16.3909
44.9893,5.97955,0,5.97955,2.82,12.014,150,2,0,4329,47.45,47.6833,16.3892
44.9988,4.09162,0,4.09162,2.8,11.9288,140,1,0,4330,47.4575,47.6908,16.3884
45.021,4.55649,0,4.55649,2.8,11.9288,140,1,0,4331,47.4572,47.6904,16.3875
45.0408,11.3607,0,11.3607,2.78,11.8436,150,2,0,4333,47.4625,47.6956,16.3859
45.066,14.799,0,14.799,2.78,11.8436,150,2,0,4335,47.4775,47.7105,16.3842
45.0799,6.17645,0,6.17645,2.76,11.7584,130,0,0,4336,47.4786,47.7115,16.3834
45.1061,9.67478,0,9.67478,2.76,11.7584,140,1,0,4337,47.4884,47.7212,16.3825
45.1293,13.325,0,13.325,2.74,11.6732,140,2,0,4339,47.5063,47.7391,16.3809
45.1427,6.63697,0,6.63697,2.72,11.588,130,1,0,4341,47.5153,47.748,16.3792
45.1636,6.3996,0,6.3996,2.72,11.588,140,2,0,4343,47.5201,47.7527,16.3775
45.1727,3.40088,0,3.40088,2.7,11.5028,130,1,0,4344,47.5221,47.7546,16.3767
45.1956,3.58338,0,3.58338,2.7,11.5028,120,0,0,4345,47.5247,47.7572,16.3759
45.2071,5.35438,0,5.35438,2.68,11.4176,140,2,0,4347,47.5309,47.7633,16.3742
45.2304,6.30288,0,6.30288,2.68,11.4176,140,2,0,4349,47.5374,47.7696,16.3726
45.2401,3.81424,0,3.81424,2.66,11.3324,130,1,0,4350,47.546,47.7782,16.3717
45.2612,3.79431,0,3.79431,2.66,11.3324,120,0,0,4351,47.5514,47.7835,16.3709
45.2704,3.37485,0,3.37485,2.64,11.2472,130,1,0,4352,47.5508,47.7829,16.3701
45.2966,7.07405,0,7.07405,2.64,11.2472,140,2,0,4354,47.5613,47.7933,16.3684
45.3098,7.57667,0,7.57667,2.62,11.1619,120,2,0,4356,47.5829,47.8147,16.3668
45.3273,2.49311,0,2.49311,2.62,11.1619,110,1,0,4357,47.5775,47.8093,16.3659
45.3428,9.86993,0,9.86993,2.6,11.0767,120,2,0,4359,47.602,47.8337,16.3643
45.3596,4.0339,0,4.0339,2.6,11.0767,110,1,0,4360,47.6057,47.8374,16.3635
45.3736,8.4402,0,8.4402,2.58,10.9915,110,2,0,4362,47.6236,47.8551,16.3618
45.3953,8.08664,0,8.08664,2.58,10.9915,110,2,0,4364,47.646,47.8774,16.3602
45.4148,11.8271,0,11.8271,2.56,10.9063,100,2,0,4366,47.653,47.8843,16.3585
45.4363,10.9478,0,10.9478,2.56,10.9063,90,1,0,4367,47.6627,47.894,16.3577
45.4523,5.71854,0,5.71854,2.54,10.8211,93,1,0,4369,47.672,47.9032,16.356
45.4699,5.76593,0,5.76593,2.54,10.8211,100,2,0,4371,47.6758,47.9069,16.3544
45.483,6.30408,0,6.30408,2.52,10.7359,90,2,0,4373,47.6826,47.9136,16.3527
45.4984,2.84954,0,2.84954,2.52,10.7359,80,1,0,4374,47.6813,47.9122,16.3519
45.5118,6.20158,0,6.20158,2.5,10.6507,100,2,0,4376,47.6844,47.9152,16.3503
45.5277,3.62737,0,3.62737,2.5,10.6507,90,1,0,4377,47.6888,47.9196,16.3494
45.599,63.8124,59.546,4.26646,2.48,10.5655,1480,26,0,4378,47.6942,47.9249,16.3486
45.6065,1.09778,0,1.09778,2.46,10.4803,80,0,0,4378,47.6942,47.9249,16.3486
45.6345,9.0026,0,9.0026,2.46,10.4803,100,2,0,4380,47.7142,47.9447,16.347
45.6462,4.57145,0,4.57145,2.44,10.3951,90,1,0,4381,47.7224,47.953,16.3462
45.667,5.70213,0,5.70213,2.44,10.3951,154,2,0,4383,47.7292,47.9596,16.3445
45.6794,5.29124,0,5.29124,2.42,10.3099,90,1,0,4384,47.7425,47.9729,16.3437
45.7011,7.47833,0,7.47833,2.42,10.3099,90,1,0,4386,47.7487,47.979,16.3421
45.7159,7.13506,0,7.13506,2.4,10.2247,100,2,0,4388,47.7614,47.9916,16.3404
45.7329,6.07339,0,6.07339,2.4,10.2247,100,2,0,4390,47.7692,47.9993,16.3388
45.7479,8.10862,0,8.10862,2.38,10.1395,90,2,0,4392,47.7885,48.0184,16.3371
45.7631,3.19157,0,3.19157,2.38,10.1395,80,1,0,4393,47.7915,48.0214,16.3363
45.771,1.4399,0,1.4399,2.36,10.0543,70,0,0,4393,47.7915,48.0214,16.3363
45.8016,11.6633,0,11.6633,2.36,10.0543,99,2,0,4395,47.8125,48.0423,16.3347
45.8136,5.50141,0,5.50141,2.34,9.96907,90,2,0,4397,47.821,48.0507,16.333
45.8296,2.84524,0,2.84524,2.34,9.96907,80,1,0,4398,47.8226,48.0523,16.3322
45.8404,4.28006,0,4.28006,2.32,9.88386,70,1,0,4399,47.8291,48.0586,16.3314
45.8616,5.58253,0,5.58253,2.32,9.88386,70,1,0,4400,47.8402,48.0698,16.3306
45.8707,2.22613,0,2.22613,2.3,9.79866,60,0,0,4401,47.843,48.0725,16.3298
45.8936,4.98828,0,4.98828,2.3,9.79866,70,1,0,4402,47.8494,48.0788,16.329
45.9035,3.29222,0,3.29222,2.28,9.71345,70,1,0,4403,47.8501,48.0795,16.3281
45.925,4.45364,0,4.45364,2.28,9.71345,70,1,0,4404,47.8533,48.0827,16.3273
45.9347,4.51541,0,4.51541,2.26,9.62825,80,2,0,4406,47.8498,48.079,16.3257
45.9549,3.15749,0,3.15749,2.26,9.62825,70,1,0,4407,47.8475,48.0767,16.3249
45.9654,5.13511,0,5.13511,2.24,9.54304,60,0,0,4409,47.8442,48.0733,16.3232
45.9871,5.11242,0,5.11242,2.24,9.54304,80,2,0,4411,47.8497,48.0787,16.3216
45.9936,0.698707,0,0.698707,2.22,9.45783,60,0,0,4411,47.8497,48.0787,16.3216
46.022,6.26321,0,6.26321,2.22,9.45783,80,2,0,4413,47.8538,48.0827,16.32
46.0313,4.07154,0,4.07154,2.2,9.37263,70,1,0,4414,47.8632,48.092,16.3192
46.056,6.11116,0,6.11116,2.2,9.37263,80,2,0,4416,47.8707,48.0994,16.3175
46.0644,3.15848,0,3.15848,2.18,9.28742,70,1,0,4417,47.8691,48.0978,16.3167
46.0864,3.69571,0,3.69571,2.18,9.28742,60,0,0,4418,47.8782,48.1068,16.3159
46.0979,6.17729,0,6.17729,2.16,9.20222,80,2,0,4420,47.888,48.1165,16.3143
46.118,4.99901,0,4.99901,2.16,9.20222,70,1,0,4421,47.8962,48.1246,16.3135
46.1282,4.95219,0,4.95219,2.14,9.11701,70,1,0,4423,47.9007,48.1291,16.3118
46.1547,8.62392,0,8.62392,2.14,9.11701,80,2,0,4425,47.9207,48.1489,16.3102
46.1676,7.77124,0,7.77124,2.12,9.03181,79,2,0,4427,47.9397,48.1678,16.3086
46.1854,2.49723,0,2.49723,2.12,9.03181,60,1,0,4428,47.942,48.1701,16.3078
46.1933,2.82685,0,2.82685,2.1,8.9466,60,1,0,4429,47.9429,48.1709,16.307
46.2147,1.59233,0,1.59233,2.1,8.9466,60,1,0,4430,47.9388,48.1668,16.3062
46.2232,3.39647,0,3.39647,2.08,8.86139,60,1,0,4431,47.9449,48.1729,16.3054
46.2432,0.838855,0,0.838855,2.08,8.86139,50,0,0,4431,47.9449,48.1729,16.3054
46.2533,4.73346,0,4.73346,2.06,8.77619,70,2,0,4433,47.9452,48.173,16.3037
46.2794,8.02543,0,8.02543,2.06,8.77619,80,2,0,4435,47.9563,48.184,16.3021
46.2875,2.891,0,2.891,2.04,8.69098,70,1,0,4436,47.9565,48.1842,16.3013
46.3145,7.17049,0,7.17049,2.04,8.69098,80,2,0,4438,47.9682,48.1958,16.2997
46.3274,7.81468,0,7.81468,2.02,8.60578,70,1,0,4440,47.9833,48.2108,16.2981
46.3448,3.25061,0,3.25061,2.02,8.60578,70,1,0,4441,47.9845,48.2119,16.2973
46.3571,7.07806,0,7.07806,2,8.52057,80,2,0,4443,47.9908,48.2181,16.2956
46.3729,1.28122,0,1.28122,2,8.52057,60,0,0,4443,47.9908,48.2181,16.2956
46.3844,6.27925,0,6.27925,1.98,8.43537,80,2,0,4445,47.996,48.2232,16.294
46.4073,7.71293,0,7.71293,1.98,8.43537,89,2,0,4447,48.0099,48.237,16.2924
46.4189,6.35263,0,6.35263,1.96,8.35016,80,2,0,4449,48.0272,48.2542,16.2908
46.4377,3.666,0,3.666,1.96,8.35016,70,1,0,4450,48.0317,48.2587,16.29
46.4458,2.44602,0,2.44602,1.94,8.26495,70,1,0,4451,48.0375,48.2644,16.2892
46.4698,3.86282,0,3.86282,1.94,8.26495,70,1,0,4452,48.0393,48.2662,16.2884
46.4797,4.81921,0,4.81921,1.92,8.17975,60,1,0,4453,48.051,48.2778,16.2876
46.5033,7.0356,0,7.0356,1.92,8.17975,70,2,0,4455,48.0579,48.2846,16.286
46.515,6.55281,0,6.55281,1.9,8.09454,70,2,0,4457,48.0693,48.2959,16.2844
46.5314,1.56721,0,1.56721,1.9,8.09454,50,0,0,4458,48.0642,48.2907,16.2836
46.5396,2.65971,0,2.65971,1.88,8.00934,60,1,0,4459,48.0644,48.2909,16.2828
46.5578,0.716724,0,0.716724,1.88,8.00934,50,0,0,4459,48.0644,48.2909,16.2828
46.5677,3.15524,0,3.15524,1.86,7.92413,60,1,0,4460,48.0668,48.2933,16.2819
46.5883,4.29273,0,4.29273,1.86,7.92413,60,1,0,4461,48.0699,48.2963,16.2811
46.5976,2.75788,0,2.75788,1.84,7.83893,60,1,0,4462,48.0701,48.2965,16.2803
46.6195,5.06519,0,5.06519,1.84,7.83893,50,0,0,4464,48.0681,48.2944,16.2787
46.6328,6.20251,0,6.20251,1.82,7.75372,60,1,0,4466,48.0757,48.3018,16.2771
46.6501,5.19156,0,5.19156,1.82,7.75372,60,1,0,4468,48.075,48.301,16.2755
46.6648,8.60381,0,8.60381,1.8,7.66851,70,2,0,4470,48.0922,48.3181,16.2739
46.685,6.43338,0,6.43338,1.8,7.66851,70,2,0,4472,48.0979,48.3238,16.2723
46.6986,6.78362,0,6.78362,1.78,7.58331,70,2,0,4474,48.1071,48.3328,16.2707
46.7154,5.04841,0,5.04841,1.78,7.58331,60,1,0,4475,48.118,48.3437,16.2699
46.7297,8.50967,0,8.50967,1.76,7.4981,70,2,0,4477,48.1307,48.3563,16.2683
46.7464,3.58234,0,3.58234,1.76,7.4981,60,1,0,4478,48.1324,48.358,16.2675
46.7519,0.00259,0,0.00259,1.74,7.4129,40,0,0,4478,48.1324,48.358,16.2675
46.7765,2.97083,0,2.97083,1.74,7.4129,40,0,0,4479,48.1315,48.357,16.2667
46.7867,4.86541,0,4.86541,1.72,7.32769,60,2,0,4481,48.1335,48.3588,16.2651
46.807,3.65754,0,3.65754,1.72,7.32769,50,1,0,4482,48.1394,48.3648,16.2643
46.8163,4.10769,0,4.10769,1.7,7.24249,50,1,0,4483,48.1479,48.3732,16.2635
46.841,7.24858,0,7.24858,1.7,7.24249,60,2,0,4485,48.1643,48.3895,16.2619
46.8538,6.6467,0,6.6467,1.68,7.15728,50,1,0,4487,48.1756,48.4007,16.2603
46.8795,9.55046,0,9.55046,1.68,7.15728,60,2,0,4489,48.1771,48.4021,16.2587
46.8918,3.61299,0,3.61299,1.66,7.07207,40,0,0,4490,48.1762,48.4011,16.2579
46.9174,8.08285,0,8.08285,1.66,7.07207,60,2,0,4492,48.1912,48.4161,16.2563
46.9266,2.19534,0,2.19534,1.64,6.98687,40,0,0,4493,48.1945,48.4193,16.2555
46.9537,9.32987,0,9.32987,1.64,6.98687,50,1,0,4494,48.2061,48.4308,16.2547
46.9693,5.26623,0,5.26623,1.62,6.90166,60,2,0,4496,48.2129,48.4375,16.2531
46.9858,5.12977,0,5.12977,1.62,6.90166,50,1,0,4498,48.2183,48.4429,16.2516
47.0003,8.1016,0,8.1016,1.6,6.81646,60,2,0,4500,48.2311,48.4556,16.25
47.0141,3.06276,0,3.06276,1.6,6.81646,40,0,0,4501,48.2339,48.4583,16.2492
47.0215,2.75765,0,2.75765,1.58,6.73125,30,0,0,4502,48.2321,48.4565,16.2484
47.0436,1.92128,0,1.92128,1.58,6.73125,30,0,0,4502,48.2321,48.4565,16.2484
47.0556,5.77227,0,5.77227,1.56,6.64605,40,1,0,4504,48.2371,48.4614,16.2468
47.0772,6.39943,0,6.39943,1.56,6.64605,50,2,0,4506,48.2435,48.4676,16.2452
47.0857,3.20861,0,3.20861,1.54,6.56084,49,1,0,4507,48.2443,48.4684,16.2444
47.1115,6.55861,0,6.55861,1.54,6.56084,40,1,0,4509,48.2486,48.4726,16.2428
47.1228,6.27803,0,6.27803,1.52,6.47563,50,2,0,4511,48.254,48.4779,16.2412
47.1469,7.79784,0,7.79784,1.52,6.47563,104,2,0,4513,48.2652,48.489,16.2396
47.1556,1.17373,0,1.17373,1.5,6.39043,30,0,0,4513,48.2652,48.489,16.2396
47.1768,3.47563,0,3.47563,1.5,6.39043,30,0,0,4514,48.2663,48.49,16.2388
47.1975,15.4487,7.44015,8.00851,1.48,6.30522,345,9,0,4516,48.2713,48.4951,16.2373
47.209,4.63709,0,4.63709,1.46,6.22002,40,1,0,4517,48.2814,48.5052,16.2365
47.2253,0.598815,0,0.598815,1.46,6.22002,30,0,0,4517,48.2814,48.5052,16.2365
47.2332,2.63733,0,2.63733,1.44,6.13481,30,0,0,4518,48.2855,48.5093,16.2357
47.2542,2.02119,0,2.02119,1.44,6.13481,40,1,0,4519,48.2802,48.5039,16.2349
47.2687,7.95438,0,7.95438,1.42,6.04961,40,2,0,4521,48.2955,48.5191,16.2333
47.2878,8.06153,0,8.06153,1.42,6.04961,40,2,0,4523,48.3131,48.5366,16.2317
47.3017,5.55563,0,5.55563,1.4,5.9644,40,2,0,4525,48.3162,48.5397,16.2301
47.3176,2.85309,0,2.85309,1.4,5.9644,40,1,0,4526,48.3195,48.5429,16.2293
47.3306,5.92639,0,5.92639,1.38,5.87919,50,2,0,4528,48.3264,48.5497,16.2278
47.3516,7.49271,0,7.49271,1.38,5.87919,40,1,0,4530,48.3446,48.5678,16.2262
47.3618,2.57973,0,2.57973,1.36,5.79399,40,1,0,4531,48.3416,48.5648,16.2254
47.384,6.0394,0,6.0394,1.36,5.79399,50,2,0,4533,48.3428,48.5659,16.2238
47.3964,4.71694,0,4.71694,1.34,5.70878,50,2,0,4535,48.3416,48.5645,16.2222
47.4135,3.06022,0,3.06022,1.34,5.70878,30,0,0,4536,48.3439,48.5668,16.2215
47.4284,7.85132,0,7.85132,1.32,5.62358,50,2,0,4538,48.3565,48.5793,16.2199
47.454,13.3383,0,13.3383,1.32,5.62358,50,2,0,4540,48.3623,48.585,16.2183
47.4805,17.7067,7.89819,9.80851,1.3,5.53837,206,1,0,4541,48.3722,48.5948,16.2175
47.4944,6.66696,0,6.66696,1.28,5.45317,40,1,0,4542,48.3738,48.5964,16.2167
47.515,9.27594,0,9.27594,1.28,5.45317,50,2,0,4544,48.3966,48.6191,16.2152
47.525,2.99832,0,2.99832,1.26,5.36796,50,2,0,4546,48.3889,48.6113,16.2136
47.5493,7.46664,0,7.46664,1.26,5.36796,40,1,0,4548,48.3975,48.6198,16.212
47.5593,3.43476,0,3.43476,1.24,5.28275,40,1,0,4549,48.3983,48.6206,16.2112
47.582,7.24643,0,7.24643,1.24,5.28275,50,2,0,4551,48.4091,48.6313,16.2097
47.5963,7.72086,0,7.72086,1.22,5.19755,50,2,0,4553,48.4246,48.6466,16.2081
47.6155,7.87874,0,7.87874,1.22,5.19755,50,2,0,4555,48.4345,48.6564,16.2065
47.622,0.039422,0,0.039422,1.2,5.11234,30,0,0,4555,48.4345,48.6564,16.2065
47.645,2.97597,0,2.97597,1.2,5.11234,30,0,0,4556,48.4335,48.6554,16.2057
47.6565,4.67985,0,4.67985,1.18,5.02714,40,1,0,4557,48.4415,48.6634,16.205
47.683,10.7723,0,10.7723,1.18,5.02714,40,1,0,4559,48.4576,48.6793,16.2034
47.6975,6.5996,0,6.5996,1.16,4.94193,30,0,0,4561,48.4657,48.6873,16.2018
47.7143,3.80564,0,3.80564,1.16,4.94193,40,1,0,4562,48.4671,48.6887,16.201
47.7266,5.1898,0,5.1898,1.14,4.85673,40,1,0,4563,48.4723,48.6938,16.2003
47.7459,5.76313,0,5.76313,1.14,4.85673,50,2,0,4565,48.4749,48.6964,16.1987
47.7544,1.22376,0,1.22376,1.12,4.77152,20,0,0,4565,48.4749,48.6964,16.1987
47.7764,4.59614,0,4.59614,1.12,4.77152,30,1,0,4566,48.4823,48.7037,16.1979
47.7835,0.542805,0,0.542805,1.1,4.68631,20,0,0,4566,48.4823,48.7037,16.1979
47.8075,5.23082,0,5.23082,1.1,4.68631,30,1,0,4567,48.492,48.7134,16.1971
47.8176,3.25793,0,3.25793,1.08,4.60111,30,1,0,4568,48.4917,48.713,16.1964
47.8394,6.08481,0,6.08481,1.08,4.60111,20,0,0,4570,48.4941,48.7153,16.1948
47.8519,7.15283,0,7.15283,1.06,4.5159,30,1,0,4572,48.5105,48.7316,16.1932
47.869,2.39446,0,2.39446,1.06,4.5159,30,1,0,4573,48.508,48.7291,16.1925
47.8776,3.34667,0,3.34667,1.04,4.4307,30,1,0,4574,48.5063,48.7274,16.1917
47.9023,6.34883,0,6.34883,1.04,4.4307,30,1,0,4576,48.512,48.733,16.1901
47.9112,3.56182,0,3.56182,1.02,4.34549,30,1,0,4577,48.5174,48.7383,16.1893
47.9355,5.8945,0,5.8945,1.02,4.34549,30,1,0,4578,48.5286,48.7495,16.1886
47.9476,6.91282,0,6.91282,1,4.26029,40,2,0,4580,48.5402,48.7609,16.187
47.9721,9.39459,0,9.39459,1,4.26029,40,2,0,4582,48.5535,48.7741,16.1854
47.983,4.42965,0,4.42965,0.98,4.17508,30,1,0,4583,48.5616,48.7822,16.1847
48.0061,8.72724,0,8.72724,0.98,4.17508,40,2,0,4585,48.5808,48.8013,16.1831
48.0184,5.7767,0,5.7767,0.96,4.08987,40,2,0,4587,48.5893,48.8097,16.1815
48.0378,6.28927,0,6.28927,0.96,4.08987,40,2,0,4589,48.5925,48.8128,16.18
48.0452,0.478244,0,0.478244,0.94,4.00467,20,0,0,4589,48.5925,48.8128,16.18
48.0666,3.12627,0,3.12627,0.94,4.00467,30,1,0,4591,48.5783,48.7985,16.1784
48.0764,4.30918,0,4.30918,0.92,3.91946,30,1,0,4592,48.5884,48.8086,16.1777
48.0991,5.13191,0,5.13191,0.92,3.91946,30,1,0,4593,48.5985,48.8186,16.1769
48.1106,5.60743,0,5.60743,0.9,3.83426,40,2,0,4595,48.6011,48.8211,16.1753
48.132,5.35705,0,5.35705,0.9,3.83426,30,1,0,4596,48.6123,48.8322,16.1746
48.1442,6.61167,0,6.61167,0.88,3.74905,30,1,0,4598,48.6227,48.8425,16.173
48.1685,9.17918,0,9.17918,0.88,3.74905,40,2,0,4600,48.6396,48.8593,16.1715
48.179,5.35997,0,5.35997,0.86,3.66385,30,1,0,4601,48.6483,48.8681,16.1707
48.1962,0.842615,0,0.842615,0.86,3.66385,20,0,0,4601,48.6483,48.8681,16.1707
48.2061,4.52707,0,4.52707,0.84,3.57864,30,1,0,4602,48.6525,48.8722,16.1699
48.2271,4.04896,0,4.04896,0.84,3.57864,30,1,0,4603,48.6533,48.8729,16.1691
48.2377,5.06314,0,5.06314,0.82,3.49343,40,2,0,4605,48.6495,48.8691,16.1676
48.2612,6.93343,0,6.93343,0.82,3.49343,40,2,0,4607,48.6607,48.8802,16.166
48.2703,3.57803,0,3.57803,0.8,3.40823,30,1,0,4608,48.6704,48.8898,16.1653
48.2944,5.67711,0,5.67711,0.8,3.40823,30,1,0,4610,48.6735,48.8928,16.1637
48.3091,9.59352,0,9.59352,0.78,3.32302,40,2,0,4612,48.6956,48.9148,16.1622
48.3256,4.56552,0,4.56552,0.78,3.32302,30,1,0,4613,48.7045,48.9237,16.1614
48.3358,4.87062,0,4.87062,0.76,3.23782,30,1,0,4615,48.706,48.925,16.1599
48.3609,7.97329,0,7.97329,0.76,3.23782,40,2,0,4617,48.7223,48.9413,16.1583
48.3708,4.75037,0,4.75037,0.74,3.15261,30,1,0,4618,48.7313,48.9502,16.1576
48.3923,4.62002,0,4.62002,0.74,3.15261,20,0,0,4619,48.7383,48.9571,16.1568
48.4032,5.51857,0,5.51857,0.72,3.06741,40,2,0,4621,48.7377,48.9565,16.1552
48.4234,4.30516,0,4.30516,0.72,3.06741,30,1,0,4622,48.7438,48.9626,16.1545
48.4305,1.91655,0,1.91655,0.7,2.9822,20,0,0,4623,48.7413,48.96,16.1537
48.4557,5.41362,0,5.41362,0.7,2.9822,30,1,0,4624,48.7511,48.9697,16.1529
48.4685,7.52537,0,7.52537,0.68,2.89699,40,2,0,4626,48.7659,48.9844,16.1514
48.4899,7.40463,0,7.40463,0.68,2.89699,40,2,0,4628,48.7772,48.9957,16.1499
48.5136,18.1798,17.7779,0.401929,0.66,2.81179,798,2,0,4628,48.7772,48.9957,16.1499
48.5279,7.36946,0,7.36946,0.64,2.72658,30,1,0,4630,48.7851,49.0035,16.1483
48.5451,4.61938,0,4.61938,0.64,2.72658,30,1,0,4631,48.7912,49.0095,16.1475
48.5558,5.42266,0,5.42266,0.62,2.64138,40,2,0,4633,48.7934,49.0117,16.146
48.5748,3.91009,0,3.91009,0.62,2.64138,30,1,0,4634,48.798,49.0162,16.1452
48.5857,4.10809,0,4.10809,0.6,2.55617,30,1,0,4635,48.805,49.0231,16.1445
48.6055,4.82083,0,4.82083,0.6,2.55617,40,2,0,4637,48.8059,49.0239,16.1429
48.6166,3.90041,0,3.90041,0.58,2.47097,30,1,0,4638,48.8088,49.0267,16.1422
48.6405,8.69226,0,8.69226,0.58,2.47097,40,2,0,4640,48.8265,49.0444,16.1406
48.652,4.98506,0,4.98506,0.56,2.38576,30,1,0,4641,48.8384,49.0562,16.1399
48.6735,7.30633,0,7.30633,0.56,2.38576,40,2,0,4643,48.8419,49.0597,16.1383
48.6864,6.29913,0,6.29913,0.54,2.30055,40,2,0,4645,48.8465,49.0642,16.1368
48.7029,4.04596,0,4.04596,0.54,2.30055,30,1,0,4646,48.8465,49.0641,16.136
48.7135,3.35653,0,3.35653,0.52,2.21535,30,1,0,4647,48.8519,49.0695,16.1353
48.7359,6.72807,0,6.72807,0.52,2.21535,40,2,0,4649,48.8561,49.0736,16.1337
48.7492,6.26088,0,6.26088,0.5,2.13014,40,2,0,4651,48.8658,49.0832,16.1322
48.766,3.99791,0,3.99791,0.5,2.13014,30,1,0,4652,48.8715,49.0888,16.1315
48.777,4.58949,0,4.58949,0.48,2.04494,30,1,0,4653,48.8784,49.0956,16.1307
48.7978,6.41136,0,6.41136,0.48,2.04494,30,1,0,4655,48.8844,49.1016,16.1292
48.8067,1.81662,0,1.81662,0.46,1.95973,20,0,0,4655,48.8844,49.1016,16.1292
48.8308,5.23237,0,5.23237,0.46,1.95973,30,1,0,4656,48.8909,49.108,16.1284
48.8416,3.5669,0,3.5669,0.44,1.87453,30,1,0,4657,48.8892,49.1063,16.1276
48.8599,2.558,0,2.558,0.44,1.87453,30,1,0,4658,48.8858,49.1028,16.1269
48.8721,6.27503,0,6.27503,0.42,1.78932,40,2,0,4660,48.8925,49.1094,16.1253
48.8961,8.14848,0,8.14848,0.42,1.78932,40,2,0,4662,48.9086,49.1255,16.1238
48.9099,6.46163,0,6.46163,0.4,1.70411,40,2,0,4664,48.9194,49.1361,16.1223
48.9278,5.37945,0,5.37945,0.4,1.70411,30,1,0,4665,48.9241,49.1408,16.1215
48.9396,6.1467,0,6.1467,0.38,1.61891,40,2,0,4667,48.9282,49.1448,16.12
48.9561,0.672012,0,0.672012,0.38,1.61891,20,0,0,4667,48.9282,49.1448,16.12
48.9686,6.34848,0,6.34848,0.36,1.5337,40,2,0,4669,48.9321,49.1486,16.1185
48.9919,8.64405,0,8.64405,0.36,1.5337,40,2,0,4671,48.9499,49.1663,16.117
49.0047,7.18372,0,7.18372,0.34,1.4485,40,2,0,4673,48.957,49.1733,16.1154
49.0247,5.32757,0,5.32757,0.34,1.4485,40,2,0,4675,48.9566,49.1728,16.1139
49.0359,5.66821,0,5.66821,0.32,1.36329,30,1,0,4676,48.9718,49.188,16.1132
49.0574,5.32812,0,5.32812,0.32,1.36329,30,1,0,4677,48.9808,49.1969,16.1124
49.0636,0.619104,0,0.619104,0.3,1.27809,20,0,0,4677,48.9808,49.1969,16.1124
49.0889,4.02645,0,4.02645,0.3,1.27809,30,1,0,4678,48.9829,49.199,16.1116
49.1038,9.24773,0,9.24773,0.28,1.19288,40,2,0,4680,48.9959,49.212,16.1101
49.1212,4.60494,0,4.60494,0.28,1.19288,30,1,0,4681,48.9998,49.2158,16.1094
49.1298,3.25388,0,3.25388,0.26,1.10767,30,1,0,4682,49.0036,49.2196,16.1086
49.1529,2.77682,0,2.77682,0.26,1.10767,20,0,0,4683,49.0011,49.217,16.1079
49.1634,5.15452,0,5.15452,0.24,1.02247,30,1,0,4684,49.0077,49.2235,16.1071
49.1864,6.57116,0,6.57116,0.24,1.02247,30,1,0,4686,49.0184,49.2341,16.1056
49.1976,5.83153,0,5.83153,0.22,0.937265,40,2,0,4688,49.0267,49.2423,16.1041
49.2187,4.94024,0,4.94024,0.22,0.937265,30,1,0,4690,49.0271,49.2426,16.1026
49.2702,10.0317,0,10.0317,0.2,0.937265,30,2,0,4692,49.0499,49.2653,16.101
49.3149,3.64964,0,3.64964,0.18,0.937265,20,1,0,4693,49.055,49.2704,16.1003
49.3584,1.30812,0,1.30812,0.16,0.937265,10,0,0,4693,49.055,49.2704,16.1003
49.402,0.38039,0,0.38039,0.14,0.937265,10,0,0,4693,49.055,49.2704,16.1003
