elapsed_s,total_latency_ms,update_ms,plan_ms,time_to_goal,path_cost,obstacle_checks,queue_operations,collision_count,tree_size,avg_deg_out,avg_deg_in,radius
0.149476,148.967,41.6224,107.344,25,170.12,18691,768,0,600,12.9883,12.9883,40
0.153197,2.68771,0,2.68771,24.98,183.882,182,2,0,602,12.9801,12.9801,40
0.176624,5.70861,0,5.70861,24.98,183.882,59,4,0,605,13.0066,13.0066,40
0.177811,0.286699,0,0.286699,24.96,183.727,20,0,0,605,13.0066,13.0066,40
0.205315,7.38333,0,7.38333,24.96,183.727,167,2,0,607,13.0873,13.0873,40
0.206808,0.692144,0,0.692144,24.94,183.571,20,0,0,607,13.0873,13.0873,40
0.229384,2.82441,0,2.82441,24.94,183.571,40,2,0,610,13.0328,13.0328,40
0.230862,0.888247,0,0.888247,24.92,183.415,72,4,0,611,13.0475,13.0475,40
0.25277,2.50859,0,2.50859,24.92,183.415,130,2,0,612,13.085,13.085,40
0.258626,5.06254,0,5.06254,24.9,183.26,205,10,0,615,13.1951,13.1951,40
0.283455,9.44971,0,9.44971,24.9,183.26,207,3,0,617,13.3436,13.3436,40
0.288266,4.03587,0,4.03587,24.88,183.104,155,6,0,620,13.379,13.379,40
0.306479,1.87642,0,1.87642,24.88,183.104,60,2,0,621,13.3784,13.3784,40
0.311786,4.33962,0,4.33962,24.86,182.948,221,2,0,622,13.4887,13.4887,40
0.329348,1.50575,0,1.50575,24.86,182.948,26,0,0,623,13.4783,13.4783,40
0.338831,8.53151,0,8.53151,24.84,182.791,220,6,0,625,13.5632,13.5632,40
0.351533,1.03812,0,1.03812,24.84,182.791,30,1,0,626,13.5511,13.5511,40
0.355157,2.71111,0,2.71111,24.82,182.634,114,8,0,628,13.5494,13.5494,40
0.378204,5.40325,0,5.40325,24.82,182.634,133,2,0,630,13.5857,13.5857,40
0.397344,18.4691,0,18.4691,24.8,182.476,837,44,0,633,13.7109,13.7109,40
0.401104,1.86061,0,1.86061,24.8,182.476,42,4,0,634,13.7082,13.7082,40
0.402512,0.505604,0,0.505604,24.78,182.318,20,0,0,634,13.7082,13.7082,40
0.423649,1.34469,0,1.34469,24.78,182.318,50,2,0,635,13.6913,13.6913,40
0.430562,5.6949,0,5.6949,24.76,182.159,233,8,0,638,13.7696,13.7696,40
0.447374,2.39994,0,2.39994,24.76,182.159,55,1,0,639,13.7653,13.7653,40
0.451601,3.46278,0,3.46278,24.74,181.999,169,2,0,641,13.7754,13.7754,40
0.487858,19.2503,0,19.2503,24.74,181.999,818,30,0,645,13.9736,13.9736,40
0.494465,5.60232,0,5.60232,24.72,181.838,89,4,0,647,13.9645,13.9645,40
0.512481,3.23062,0,3.23062,24.72,181.838,49,2,0,648,13.966,13.966,40
0.514198,1.06698,0,1.06698,24.7,181.678,39,1,0,650,13.9354,13.9354,40
0.534436,0.681189,0,0.681189,24.7,181.678,20,0,0,650,13.9354,13.9354,40
0.541802,6.10927,0,6.10927,24.68,181.517,91,9,0,653,13.9051,13.9051,40
0.560833,4.59221,0,4.59221,24.68,181.517,36,2,0,654,13.9006,13.9006,40
0.574183,12.0259,0,12.0259,24.66,181.358,630,2,0,657,13.9863,13.9863,40
0.588145,5.89531,0,5.89531,24.66,181.358,94,4,0,659,14.0501,14.0501,40
0.594896,5.48674,0,5.48674,24.64,181.198,98,4,0,661,14.0681,14.0681,40
0.614005,4.50865,0,4.50865,24.64,181.198,61,2,0,664,14.0557,14.0557,40
0.627977,13.2273,0,13.2273,24.62,181.039,886,22,0,667,14.2519,14.2519,40
0.638251,3.01537,0,3.01537,24.62,181.039,60,5,0,669,14.2526,14.2526,40
0.642298,3.09251,0,3.09251,24.6,180.88,196,6,0,671,14.301,14.301,40
0.665796,6.13155,0,6.13155,24.6,180.88,180,2,0,672,14.4271,14.4271,40
0.671548,5.0502,0,5.0502,24.58,180.722,236,1,0,674,14.4585,14.4585,40
0.692054,5.25606,0,5.25606,24.58,180.722,65,4,0,676,14.4556,14.4556,40
0.700261,7.28033,0,7.28033,24.56,180.564,78,2,0,678,14.4749,14.4749,40
0.719788,6.61118,0,6.61118,24.56,180.564,73,6,0,680,14.5118,14.5118,40
0.723881,2.85865,0,2.85865,24.54,180.406,95,4,0,682,14.5264,14.5264,40
0.749352,8.21871,0,8.21871,24.54,180.406,83,8,0,685,14.5489,14.5489,40
0.759909,9.36732,0,9.36732,24.52,180.249,245,4,0,687,14.671,14.671,40
0.778393,7.34781,0,7.34781,24.52,180.249,147,6,0,690,14.6797,14.6797,40
0.785833,6.34229,0,6.34229,24.5,180.117,64,2,0,692,14.7558,14.7558,40
0.81261,12.6586,0,12.6586,24.5,180.117,591,36,0,696,14.8793,14.8793,40
0.822319,8.96163,0,8.96163,24.48,179.985,197,6,0,698,15.1089,15.1089,40
0.839058,5.22984,0,5.22984,24.48,179.985,214,8,0,700,15.1629,15.1629,40
0.841877,1.7063,0,1.7063,24.46,179.852,43,2,0,701,15.1797,15.1797,40
0.864835,4.20618,0,4.20618,24.46,179.852,114,4,0,704,15.1818,15.1818,40
0.869109,3.48143,0,3.48143,24.44,179.718,159,5,0,706,15.2521,15.2521,40
0.890236,4.06921,0,4.06921,24.44,179.718,195,0,0,707,15.3211,15.3211,40
0.892282,1.30466,0,1.30466,24.42,179.583,39,2,0,708,15.3489,15.3489,40
0.915072,3.90588,0,3.90588,24.42,179.583,112,2,0,710,15.3662,15.3662,40
0.920011,3.62527,0,3.62527,24.4,179.448,118,4,0,712,15.3778,15.3778,40
0.943183,6.24152,0,6.24152,24.4,179.448,85,4,0,715,15.372,15.372,40
0.94993,5.42184,0,5.42184,24.38,179.311,251,0,0,716,15.405,15.405,40
0.965921,0.86677,0,0.86677,24.38,179.311,21,0,0,716,15.405,15.405,40
0.968192,1.05274,0,1.05274,24.36,179.174,21,0,0,716,15.405,15.405,40
0.998845,11.2746,0,11.2746,24.36,179.174,164,4,0,719,15.4089,15.4089,40
1.00463,4.00732,0,4.00732,24.34,179.035,74,0,0,720,15.3972,15.3972,40
1.02178,0.921492,0,0.921492,24.34,179.035,21,0,0,720,15.3972,15.3972,40
1.02707,4.31453,0,4.31453,24.32,178.896,146,4,0,723,15.4454,15.4454,40
1.05586,12.8412,0,12.8412,24.32,178.896,343,14,0,725,15.4552,15.4552,40
1.06085,3.85789,0,3.85789,24.3,178.755,43,2,0,726,15.4518,15.4518,40
1.08024,3.19354,0,3.19354,24.3,178.755,117,7,0,728,15.4602,15.4602,40
1.08275,0.706029,0,0.706029,24.28,178.614,21,0,0,728,15.4602,15.4602,40
1.11181,9.26226,0,9.26226,24.28,178.614,191,4,0,731,15.4419,15.4419,40
1.12272,10.1053,0,10.1053,24.26,178.471,674,10,0,734,15.6049,15.6049,40
1.13931,6.21508,0,6.21508,24.26,178.471,77,3,0,736,15.6399,15.6399,40
1.14403,3.33961,0,3.33961,24.24,178.327,56,4,0,738,15.6355,15.6355,40
1.1629,1.77003,0,1.77003,24.24,178.327,68,3,0,740,15.6135,15.6135,40
1.16495,0.98406,0,0.98406,24.22,178.182,21,0,0,740,15.6135,15.6135,40
1.19058,6.06219,0,6.06219,24.22,178.182,179,2,0,741,15.6653,15.6653,40
1.20878,16.5441,0,16.5441,24.2,178.036,195,7,0,745,15.6752,15.6752,40
1.21332,0.990906,0,0.990906,24.2,178.036,21,0,0,745,15.6752,15.6752,40
1.22068,5.9269,0,5.9269,24.18,177.889,168,6,0,747,15.7202,15.7202,40
1.23808,2.99139,0,2.99139,24.18,177.889,51,2,0,748,15.7701,15.7701,40
1.24216,2.94496,0,2.94496,24.16,177.741,87,2,0,749,15.7837,15.7837,40
1.26198,2.40154,0,2.40154,24.16,177.741,107,0,0,750,15.7933,15.7933,40
1.27436,10.8821,0,10.8821,24.14,177.591,384,21,0,753,15.9482,15.9482,40
1.29106,7.07561,0,7.07561,24.14,177.591,101,6,0,756,15.9934,15.9934,40
1.29727,4.94131,0,4.94131,24.12,177.44,113,4,0,758,15.9802,15.9802,40
1.32151,8.94731,0,8.94731,24.12,177.44,309,8,0,761,16.0815,16.0815,40
1.36235,39.7063,0,39.7063,24.1,177.288,3697,137,0,763,16.2805,16.2805,40
1.36789,4.26398,0,4.26398,24.08,177.135,51,4,0,765,16.3294,16.3294,40
1.38677,2.74633,0,2.74633,24.08,177.135,99,8,0,767,16.3155,16.3155,40
1.39417,6.4759,0,6.4759,24.06,176.981,44,4,0,769,16.3004,16.3004,40
1.41538,7.33968,0,7.33968,24.06,176.981,391,10,0,773,16.3881,16.3881,40
1.42091,4.271,0,4.271,24.04,176.825,86,2,0,774,16.4173,16.4173,40
1.44526,8.45184,0,8.45184,24.04,176.825,131,2,0,775,16.5381,16.5381,40
1.45899,11.9761,0,11.9761,24.02,176.668,128,2,0,777,16.5817,16.5817,40
1.47424,7.25736,0,7.25736,24.02,176.668,47,2,0,778,16.5964,16.5964,40
1.47819,2.66199,0,2.66199,24,176.509,73,3,0,780,16.5795,16.5795,40
1.49685,0.940302,0,0.940302,24,176.509,22,0,0,780,16.5795,16.5795,40
1.50478,6.54769,0,6.54769,23.98,176.35,103,0,0,781,16.58,16.58,40
1.52329,4.92997,0,4.92997,23.98,176.35,139,4,0,783,16.6296,16.6296,40
1.52521,0.820536,0,0.820536,23.96,176.189,32,2,0,784,16.6173,16.6173,40
1.54562,1.10974,0,1.10974,23.96,176.189,24,0,0,785,16.6,16.6,40
1.54933,2.57517,0,2.57517,23.94,176.026,32,2,0,786,16.5903,16.5903,40
1.57101,4.19072,0,4.19072,23.94,176.026,257,12,0,787,16.6798,16.6798,40
1.57472,2.6804,0,2.6804,23.92,175.862,92,4,0,789,16.6641,16.6641,40
1.59332,0.956557,0,0.956557,23.92,175.862,33,0,0,790,16.6481,16.6481,40
1.59696,2.34627,0,2.34627,23.9,175.697,22,0,0,790,16.6481,16.6481,40
1.61616,1.11338,0,1.11338,23.9,175.697,37,0,0,791,16.6308,16.6308,40
1.6257,8.27747,0,8.27747,23.88,175.531,132,4,0,793,16.7163,16.7163,40
1.64527,7.77047,0,7.77047,23.88,175.531,141,6,0,796,16.8342,16.8342,40
1.64897,2.3942,0,2.3942,23.86,175.363,98,0,0,798,16.812,16.812,40
1.66776,1.09278,0,1.09278,23.86,175.363,32,1,0,799,16.796,16.796,40
1.67068,1.8616,0,1.8616,23.84,175.193,54,2,0,801,16.7715,16.7715,40
1.71127,21.92,0,21.92,23.84,175.193,1766,61,0,803,16.8406,16.8406,40
1.71706,4.07683,0,4.07683,23.82,175.022,33,2,0,804,16.8943,16.8943,40
1.73544,2.44921,0,2.44921,23.82,175.022,118,8,0,805,16.9019,16.9019,40
1.74156,4.64417,0,4.64417,23.8,174.85,50,0,0,806,16.8846,16.8846,40
1.76563,8.46805,0,8.46805,23.8,174.85,34,2,0,807,16.9789,16.9789,40
1.76935,1.61885,0,1.61885,23.78,174.676,23,0,0,807,16.9789,16.9789,40
1.78837,0.684338,0,0.684338,23.78,174.676,23,0,0,807,16.9789,16.9789,40
1.79106,1.54932,0,1.54932,23.76,174.501,33,2,0,808,16.9592,16.9592,40
1.81243,2.52628,0,2.52628,23.76,174.501,33,2,0,809,16.9506,16.9506,40
1.82584,12.2642,0,12.2642,23.74,174.324,466,22,0,812,16.9914,16.9914,40
1.83412,0.499286,0,0.499286,23.74,174.324,23,0,0,812,16.9914,16.9914,40
1.83556,0.291289,0,0.291289,23.72,174.146,23,0,0,812,16.9914,16.9914,40
1.85665,0.844732,0,0.844732,23.72,174.146,23,0,0,812,16.9914,16.9914,40
1.85937,1.25219,0,1.25219,23.7,173.966,23,0,0,812,16.9914,16.9914,40
1.88279,4.25751,0,4.25751,23.7,173.966,146,2,0,814,16.9828,16.9828,40
1.88558,1.28981,0,1.28981,23.68,173.785,23,0,0,814,16.9828,16.9828,40
1.91056,6.07868,0,6.07868,23.68,173.785,44,2,0,815,17.0037,17.0037,40
1.91865,6.25235,0,6.25235,23.66,173.602,198,6,0,817,17.0441,17.0441,40
1.94573,13.4624,0,13.4624,23.66,173.602,573,27,0,819,17.0745,17.0745,40
1.96159,14.5381,0,14.5381,23.64,170.809,327,7,0,823,17.0608,17.0608,40
1.97073,3.69368,0,3.69368,23.64,170.809,75,2,0,824,17.0934,17.0934,40
1.97313,1.14944,0,1.14944,23.62,170.623,23,0,0,824,17.0934,17.0934,40
1.99479,2.52809,0,2.52809,23.62,170.623,40,2,0,826,17.0617,17.0617,40
2.00357,7.63963,0,7.63963,23.6,170.436,382,8,0,830,17.1446,17.1446,40
2.0211,4.85601,0,4.85601,23.6,170.436,151,6,0,833,17.1693,17.1693,40
2.02398,1.82021,0,1.82021,23.58,163.979,113,0,0,834,17.1691,17.1691,40
2.04499,2.43817,0,2.43817,23.58,163.979,49,2,0,835,17.1569,17.1569,40
2.05126,5.24283,0,5.24283,23.56,163.775,224,5,0,837,17.2103,17.2103,40
2.06861,2.41816,0,2.41816,23.56,163.775,101,0,0,839,17.1943,17.1943,40
2.07341,3.42198,0,3.42198,23.54,163.572,73,2,0,840,17.1881,17.1881,40
2.0921,1.81146,0,1.81146,23.54,163.572,53,2,0,841,17.17,17.17,40
2.10091,7.65211,0,7.65211,23.52,163.37,157,4,0,843,17.2503,17.2503,40
2.11708,3.54061,0,3.54061,23.52,163.37,81,4,0,845,17.2331,17.2331,40
2.12395,5.85138,0,5.85138,23.5,163.183,190,4,0,847,17.3117,17.3117,40
2.14042,2.18943,0,2.18943,23.5,163.183,43,0,0,847,17.3117,17.3117,40
2.14345,1.86487,0,1.86487,23.48,163.01,151,1,0,848,17.3101,17.3101,40
2.16372,2.00228,0,2.00228,23.48,163.01,48,0,0,849,17.2921,17.2921,40
2.16609,1.21801,0,1.21801,23.46,162.837,81,0,0,851,17.2867,17.2867,40
2.19137,6.19354,0,6.19354,23.46,162.837,282,2,0,853,17.3447,17.3447,40
2.19949,6.92639,0,6.92639,23.44,162.664,63,2,0,854,17.4204,17.4204,40
2.22535,12.5435,0,12.5435,23.44,162.664,751,18,0,857,17.5099,17.5099,40
2.23602,9.29325,0,9.29325,23.42,162.492,460,0,0,859,17.624,17.624,40
2.24783,0.883636,0,0.883636,23.42,162.492,63,0,0,860,17.6081,17.6081,40
2.25613,6.85101,0,6.85101,23.4,162.32,105,6,0,862,17.6381,17.6381,40
2.27187,2.67024,0,2.67024,23.4,162.32,99,2,0,863,17.6616,17.6616,40
2.27386,0.716932,0,0.716932,23.38,162.148,43,0,0,863,17.6616,17.6616,40
2.29474,1.54642,0,1.54642,23.38,162.148,49,0,0,864,17.6458,17.6458,40
2.29909,3.1167,0,3.1167,23.36,161.988,153,4,0,867,17.6747,17.6747,40
2.32197,5.66074,0,5.66074,23.36,161.988,114,4,0,869,17.7066,17.7066,40
2.33791,14.5348,0,14.5348,23.34,161.849,1237,34,0,870,17.8138,17.8138,40
2.35104,7.41629,0,7.41629,23.34,161.849,326,8,0,872,17.9037,17.9037,40
2.35295,0.489542,0,0.489542,23.32,161.709,42,0,0,872,17.9037,17.9037,40
2.37545,2.6469,0,2.6469,23.32,161.709,130,4,0,875,17.8709,17.8709,40
2.38123,4.55497,0,4.55497,23.3,161.57,188,3,0,878,17.8724,17.8724,40
2.40047,3.58083,0,3.58083,23.3,161.57,126,6,0,879,17.8851,17.8851,40
2.42954,27.9091,0,27.9091,23.28,161.431,2904,121,0,881,18,18,40
2.43326,2.20153,0,2.20153,23.26,161.292,106,2,0,882,18.0147,18.0147,40
2.45543,4.16467,0,4.16467,23.26,161.292,271,1,0,884,18.0385,18.0385,40
2.4593,2.46837,0,2.46837,23.24,161.153,130,7,0,886,18.0181,18.0181,40
2.47867,1.48138,0,1.48138,23.24,161.153,57,0,0,887,18.0023,18.0023,40
2.48162,1.50076,0,1.50076,23.22,161.014,73,3,0,888,17.991,17.991,40
2.50842,7.85396,0,7.85396,23.22,161.014,313,4,0,890,18.0596,18.0596,40
2.51759,6.94524,0,6.94524,23.2,160.875,82,3,0,892,18.0314,18.0314,40
2.53781,7.33972,0,7.33972,23.2,160.875,269,4,0,894,18.1365,18.1365,40
2.55204,12.7745,0,12.7745,23.18,160.736,280,10,0,897,18.2308,18.2308,40
2.56119,1.98383,0,1.98383,23.18,160.736,75,3,0,899,18.2091,18.2091,40
2.56295,0.508506,0,0.508506,23.16,160.596,49,0,0,899,18.2091,18.2091,40
2.58677,3.9192,0,3.9192,23.16,160.596,146,2,0,901,18.2375,18.2375,40
2.59102,3.0154,0,3.0154,23.14,160.457,115,2,0,902,18.2916,18.2916,40
2.61902,10.6827,0,10.6827,23.14,160.457,373,14,0,905,18.3713,18.3713,40
2.62249,2.16032,0,2.16032,23.12,160.318,153,0,0,906,18.3929,18.3929,40
2.64128,0.59571,0,0.59571,23.12,160.318,49,0,0,906,18.3929,18.3929,40
2.64678,4.13132,0,4.13132,23.1,160.179,198,4,0,908,18.4537,18.4537,40
2.66899,6.16433,0,6.16433,23.1,160.179,297,5,0,910,18.5451,18.5451,40
2.67162,1.0954,0,1.0954,23.08,160.04,59,1,0,911,18.5269,18.5269,40
2.69332,2.7969,0,2.7969,23.08,160.04,59,2,0,912,18.5493,18.5493,40
2.69969,5.1252,0,5.1252,23.06,159.901,251,3,0,914,18.6083,18.6083,40
2.71779,2.83009,0,2.83009,23.06,159.901,107,2,0,915,18.6153,18.6153,40
2.72414,4.77921,0,4.77921,23.04,159.762,141,5,0,917,18.663,18.663,40
2.74376,3.88604,0,3.88604,23.04,159.762,140,2,0,919,18.7367,18.7367,40
2.74985,4.83151,0,4.83151,23.02,159.622,102,2,0,920,18.738,18.738,40
2.77079,5.34526,0,5.34526,23.02,159.622,67,2,0,921,18.7676,18.7676,40
2.79302,19.9707,0,19.9707,23,159.483,295,13,0,925,18.8995,18.8995,40
2.80022,5.36322,0,5.36322,22.98,159.344,142,6,0,927,18.904,18.904,40
2.82327,7.94222,0,7.94222,22.98,159.344,114,2,0,928,18.9256,18.9256,40
2.82786,3.05355,0,3.05355,22.96,159.205,118,2,0,929,18.9483,18.9483,40
2.846,0.866833,0,0.866833,22.96,159.205,45,0,0,930,18.9301,18.9301,40
2.84963,1.8747,0,1.8747,22.94,159.066,101,6,0,933,18.9068,18.9068,40
2.87203,3.984,0,3.984,22.94,159.066,148,2,0,935,18.9273,18.9273,40
2.87781,4.15808,0,4.15808,22.92,158.927,300,6,0,937,18.9883,18.9883,40
2.90173,7.89175,0,7.89175,22.92,158.927,127,6,0,940,19.017,19.017,40
2.90762,4.0479,0,4.0479,22.9,158.788,65,3,0,942,19.0605,19.0605,40
2.92512,1.57255,0,1.57255,22.9,158.788,55,2,0,943,19.0414,19.0414,40
2.93915,12.106,0,12.106,22.88,158.648,674,8,0,946,19.2431,19.2431,40
2.94889,1.63819,0,1.63819,22.88,158.648,55,2,0,947,19.2323,19.2323,40
2.95581,5.68705,0,5.68705,22.86,158.509,169,4,0,950,19.2705,19.2705,40
2.97813,7.62394,0,7.62394,22.86,158.509,389,7,0,953,19.3505,19.3505,40
2.98165,1.64715,0,1.64715,22.84,158.37,55,2,0,954,19.3323,19.3323,40
3.00543,4.78187,0,4.78187,22.84,158.37,60,2,0,955,19.3215,19.3215,40
3.0259,18.4674,0,18.4674,22.82,158.231,918,21,0,956,19.4372,19.4372,40
3.0492,20.7782,0,20.7782,22.8,158.092,354,6,0,958,19.6555,19.6555,40
3.058,7.21382,0,7.21382,22.78,157.953,74,4,0,961,19.6056,19.6056,40
3.07534,4.43244,0,4.43244,22.78,157.953,153,2,0,962,19.6445,19.6445,40
3.08428,7.13552,0,7.13552,22.76,157.814,112,4,0,964,19.6618,19.6618,40
3.09934,1.80024,0,1.80024,22.76,157.814,65,3,0,966,19.646,19.646,40
3.10849,7.26815,0,7.26815,22.74,157.674,303,4,0,969,19.7276,19.7276,40
3.13019,8.80468,0,8.80468,22.74,157.674,348,7,0,973,19.7688,19.7688,40
3.13674,4.72792,0,4.72792,22.72,157.535,192,2,0,974,19.8542,19.8542,40
3.15787,5.85703,0,5.85703,22.72,157.535,146,2,0,976,19.8432,19.8432,40
3.16037,0.905129,0,0.905129,22.7,157.396,59,1,0,977,19.8311,19.8311,40
3.20324,23.3684,0,23.3684,22.7,157.396,1186,30,0,980,19.9704,19.9704,40
3.20848,3.31725,0,3.31725,22.68,157.257,87,3,0,982,19.9674,19.9674,40
3.23326,8.1431,0,8.1431,22.68,157.257,240,10,0,985,20.0284,20.0284,40
3.24819,13.1142,0,13.1142,22.66,157.118,380,26,0,988,20.1619,20.1619,40
3.26308,8.064,0,8.064,22.66,157.118,159,4,0,990,20.2465,20.2465,40
3.27115,6.47332,0,6.47332,22.64,156.979,53,2,0,991,20.2714,20.2714,40
3.28711,2.50154,0,2.50154,22.64,156.979,104,1,0,993,20.2618,20.2618,40
3.29905,10.065,0,10.065,22.62,156.84,478,5,0,996,20.3444,20.3444,40
3.32031,10.9727,0,10.9727,22.62,156.84,105,6,0,998,20.3998,20.3998,40
3.32892,7.32825,0,7.32825,22.6,156.7,154,0,0,999,20.4174,20.4174,40
3.35984,17.8347,0,17.8347,22.6,156.7,305,10,0,1001,20.4925,20.4925,40
3.37325,11.0725,0,11.0725,22.58,156.561,98,1,0,1003,20.4875,20.4875,40
3.38535,3.21783,0,3.21783,22.58,156.561,50,2,0,1004,20.4711,20.4711,40
3.39293,5.64128,0,5.64128,22.56,156.422,166,3,0,1008,20.5228,20.5228,40
3.42898,21.5945,0,21.5945,22.56,156.422,1016,28,0,1012,20.7589,20.7589,40
3.43582,5.03747,0,5.03747,22.54,156.283,92,8,0,1015,20.734,20.734,40
3.46147,10.6677,0,10.6677,22.54,156.283,611,26,0,1017,20.8515,20.8515,40
3.46551,2.56198,0,2.56198,22.52,156.144,90,4,0,1019,20.842,20.842,40
3.48657,3.58306,0,3.58306,22.52,156.144,76,4,0,1022,20.7847,20.7847,40
3.49137,3.38614,0,3.38614,22.5,156.005,109,5,0,1025,20.7678,20.7678,40
3.51235,4.0163,0,4.0163,22.5,156.005,80,5,0,1028,20.7558,20.7558,40
3.51712,3.55207,0,3.55207,22.48,155.866,153,1,0,1030,20.735,20.735,40
3.53644,2.54133,0,2.54133,22.48,155.866,51,1,0,1031,20.7197,20.7197,40
3.53826,0.458332,0,0.458332,22.46,155.726,41,0,0,1031,20.7197,20.7197,40
3.55904,1.07098,0,1.07098,22.46,155.726,55,0,0,1032,20.7035,20.7035,40
3.57051,9.76633,0,9.76633,22.44,155.587,163,10,0,1035,20.7865,20.7865,40
3.58356,2.79792,0,2.79792,22.44,155.587,51,2,0,1036,20.7828,20.7828,40
3.58638,1.34337,0,1.34337,22.42,155.448,80,2,0,1038,20.7543,20.7543,40
3.61247,6.98318,0,6.98318,22.42,155.448,113,2,0,1040,20.7635,20.7635,40
3.61683,2.23276,0,2.23276,22.4,155.309,77,1,0,1041,20.7522,20.7522,40
3.64661,11.5806,0,11.5806,22.4,155.309,235,7,0,1043,20.8226,20.8226,40
3.65372,5.68127,0,5.68127,22.38,155.17,219,4,0,1045,20.8526,20.8526,40
3.67365,5.24855,0,5.24855,22.38,155.17,116,4,0,1047,20.8777,20.8777,40
3.68052,5.41343,0,5.41343,22.36,155.031,71,4,0,1049,20.8761,20.8761,40
3.69766,2.21462,0,2.21462,22.36,155.031,92,1,0,1050,20.8838,20.8838,40
3.69987,0.775766,0,0.775766,22.34,154.892,53,0,0,1051,20.8649,20.8649,40
3.72059,0.966207,0,0.966207,22.34,154.892,51,0,0,1051,20.8649,20.8649,40
3.74346,20.4537,0,20.4537,22.32,154.752,598,16,0,1054,20.9592,20.9592,40
3.75012,3.73699,0,3.73699,22.3,154.613,77,2,0,1055,20.9706,20.9706,40
3.76683,0.741301,0,0.741301,22.3,154.613,51,0,0,1055,20.9706,20.9706,40
3.77233,3.88557,0,3.88557,22.28,154.474,156,7,0,1057,20.9905,20.9905,40
3.79906,10.4032,0,10.4032,22.28,154.474,262,4,0,1060,20.9811,20.9811,40
3.80288,1.43359,0,1.43359,22.26,154.335,71,2,0,1061,20.9632,20.9632,40
3.82658,4.82106,0,4.82106,22.26,154.335,136,2,0,1063,20.9379,20.9379,40
3.83721,7.96357,0,7.96357,22.24,154.196,232,2,0,1065,21.0113,21.0113,40
3.85252,3.05673,0,3.05673,22.24,154.196,75,0,0,1066,21.0235,21.0235,40
3.87108,15.7511,0,15.7511,22.22,154.057,264,0,0,1068,21.0468,21.0468,40
3.87652,1.35436,0,1.35436,22.22,154.057,61,0,0,1068,21.0468,21.0468,40
3.88464,6.76462,0,6.76462,22.2,153.918,95,2,0,1069,21.0589,21.0589,40
3.89979,1.4922,0,1.4922,22.2,153.918,91,0,0,1071,21.0355,21.0355,40
3.90204,0.537664,0,0.537664,22.18,153.778,51,0,0,1071,21.0355,21.0355,40
3.92607,4.09786,0,4.09786,22.18,153.778,195,5,0,1073,21.0801,21.0801,40
3.93705,8.88227,0,8.88227,22.16,153.639,72,4,0,1075,21.0493,21.0493,40
3.94978,1.37266,0,1.37266,22.16,153.639,52,0,0,1075,21.0493,21.0493,40
3.95689,4.7364,0,4.7364,22.14,153.5,182,3,0,1079,21.0445,21.0445,40
3.97333,0.814494,0,0.814494,22.14,153.5,59,0,0,1079,21.0445,21.0445,40
3.98199,6.75486,0,6.75486,22.12,153.361,134,4,0,1081,21.0749,21.0749,40
3.99674,0.872636,0,0.872636,22.12,153.361,59,0,0,1081,21.0749,21.0749,40
4.00491,6.13231,0,6.13231,22.1,153.222,133,4,0,1083,21.145,21.145,40
4.02818,9.0518,0,9.0518,22.1,153.222,189,2,0,1086,21.1188,21.1188,40
4.05355,23.2333,0,23.2333,22.08,153.083,834,18,0,1088,21.2123,21.2123,40
4.05973,3.87126,0,3.87126,22.06,152.944,143,2,0,1089,21.258,21.258,40
4.08426,8.19581,0,8.19581,22.06,152.944,365,0,0,1090,21.333,21.333,40
4.08917,3.35199,0,3.35199,22.04,152.804,102,2,0,1092,21.3068,21.3068,40
4.11319,6.62505,0,6.62505,22.04,152.804,108,5,0,1095,21.2621,21.2621,40
4.11584,0.763618,0,0.763618,22.02,152.665,69,0,0,1095,21.2621,21.2621,40
4.14228,6.46399,0,6.46399,22.02,152.665,169,2,0,1096,21.2865,21.2865,40
4.14965,5.49924,0,5.49924,22,152.526,80,2,0,1097,21.2698,21.2698,40
4.17462,9.81932,0,9.81932,22,152.526,281,1,0,1099,21.2539,21.2539,40
4.18321,6.17681,0,6.17681,21.98,152.387,296,3,0,1101,21.3261,21.3261,40
4.19918,1.72063,0,1.72063,21.98,152.387,93,2,0,1102,21.3203,21.3203,40
4.20778,6.82997,0,6.82997,21.96,152.248,433,2,0,1104,21.3288,21.3288,40
4.23613,14.3009,0,14.3009,21.96,152.248,294,10,0,1106,21.4729,21.4729,40
4.24298,5.30215,0,5.30215,21.94,152.109,97,3,0,1108,21.4504,21.4504,40
4.25929,0.880169,0,0.880169,21.94,152.109,71,0,0,1108,21.4504,21.4504,40
4.26748,6.55485,0,6.55485,21.92,151.97,192,4,0,1110,21.4937,21.4937,40
4.29066,9.13396,0,9.13396,21.92,151.97,433,2,0,1112,21.518,21.518,40
4.29678,4.44739,0,4.44739,21.9,151.83,100,3,0,1115,21.5202,21.5202,40
4.31577,3.08508,0,3.08508,21.9,151.83,87,1,0,1117,21.5013,21.5013,40
4.31852,0.722975,0,0.722975,21.88,151.691,111,0,0,1118,21.4937,21.4937,40
4.34324,4.82567,0,4.82567,21.88,151.691,195,4,0,1120,21.5455,21.5455,40
4.35113,6.1047,0,6.1047,21.86,151.552,265,5,0,1122,21.6194,21.6194,40
4.37542,9.2449,0,9.2449,21.86,151.552,207,5,0,1124,21.6272,21.6272,40
4.40545,27.6749,0,27.6749,21.84,151.413,1364,24,0,1127,21.8066,21.8066,40
4.41316,5.55589,0,5.55589,21.82,151.274,136,4,0,1129,21.8707,21.8707,40
4.4353,7.10676,0,7.10676,21.82,151.274,134,2,0,1131,21.9231,21.9231,40
4.43985,2.62016,0,2.62016,21.8,151.135,91,4,0,1133,21.8976,21.8976,40
4.46241,4.35522,0,4.35522,21.8,151.135,145,0,0,1134,21.9109,21.9109,40
4.46776,2.58736,0,2.58736,21.78,150.996,151,1,0,1135,21.9172,21.9172,40
4.49034,4.8971,0,4.8971,21.78,150.996,91,3,0,1137,21.9261,21.9261,40
4.50212,9.69282,0,9.69282,21.76,145.96,200,4,0,1139,21.9877,21.9877,40
4.52001,7.10917,0,7.10917,21.76,145.96,116,3,0,1141,22.1078,22.1078,40
4.52912,7.24238,0,7.24238,21.74,145.765,238,5,0,1144,22.174,22.174,40
4.54875,6.37317,0,6.37317,21.74,145.765,127,2,0,1146,22.1894,22.1894,40
4.55386,3.25454,0,3.25454,21.72,145.57,95,0,0,1147,22.1735,22.1735,40
4.58351,12.3327,0,12.3327,21.72,145.57,579,1,0,1150,22.2209,22.2209,40
4.60058,14.636,0,14.636,21.7,145.375,325,3,0,1153,22.2212,22.2212,40
4.61412,7.87877,0,7.87877,21.7,145.375,351,14,0,1155,22.2589,22.2589,40
4.63795,21.7434,0,21.7434,21.68,145.181,2034,55,0,1158,22.3014,22.3014,40
4.64689,6.65959,0,6.65959,21.66,144.987,109,1,0,1159,22.377,22.377,40
4.67042,9.4324,0,9.4324,21.66,144.987,210,3,0,1161,22.4109,22.4109,40
4.67559,3.3641,0,3.3641,21.64,144.818,132,3,0,1164,22.3892,22.3892,40
4.72952,36.447,0,36.447,21.64,144.818,2283,118,0,1169,22.5287,22.5287,40
4.73335,1.42566,0,1.42566,21.62,144.661,109,1,0,1170,22.5368,22.5368,40
4.76205,9.10049,0,9.10049,21.62,144.661,372,7,0,1173,22.5942,22.5942,40
4.76594,1.85535,0,1.85535,21.6,144.504,109,1,0,1174,22.5784,22.5784,40
4.79306,7.69983,0,7.69983,21.6,144.504,467,9,0,1176,22.6488,22.6488,40
4.79945,4.17295,0,4.17295,21.58,144.348,109,0,0,1177,22.6338,22.6338,40
4.81804,1.39484,0,1.39484,21.58,144.348,99,0,0,1177,22.6338,22.6338,40
4.82375,3.22097,0,3.22097,21.56,144.192,109,1,0,1178,22.657,22.657,40
4.84155,0.58706,0,0.58706,21.56,144.192,101,0,0,1179,22.6395,22.6395,40
4.84607,2.40503,0,2.40503,21.54,144.037,116,1,0,1181,22.6139,22.6139,40
4.8746,9.92223,0,9.92223,21.54,144.037,468,1,0,1184,22.6343,22.6343,40
4.88359,7.30197,0,7.30197,21.52,143.883,218,3,0,1189,22.6047,22.6047,40
4.90399,6.73289,0,6.73289,21.52,143.883,262,10,0,1191,22.6373,22.6373,40
4.91323,6.97656,0,6.97656,21.5,143.729,118,1,0,1192,22.6426,22.6426,40
4.93168,4.85407,0,4.85407,21.5,143.729,164,2,0,1194,22.6441,22.6441,40
4.93748,4.05052,0,4.05052,21.48,143.577,140,4,0,1196,22.6413,22.6413,40
4.96174,7.84846,0,7.84846,21.48,143.577,281,1,0,1198,22.6369,22.6369,40
4.96616,2.47314,0,2.47314,21.46,143.461,118,1,0,1199,22.6372,22.6372,40
4.98954,5.37239,0,5.37239,21.46,143.461,141,3,0,1201,22.7086,22.7086,40
4.99437,2.59255,0,2.59255,21.44,143.346,126,0,0,1201,22.7086,22.7086,40
5.01883,6.72661,0,6.72661,21.44,143.346,272,6,0,1203,22.7182,22.7182,40
5.02979,9.00069,0,9.00069,21.42,143.231,223,2,0,1206,22.7844,22.7844,40
5.04956,8.09037,0,8.09037,21.42,143.231,614,3,0,1209,22.7808,22.7808,40
5.05429,2.39045,0,2.39045,21.4,143.116,136,1,0,1210,22.7942,22.7942,40
5.0859,13.0427,0,13.0427,21.4,143.116,201,5,0,1214,22.8064,22.8064,40
5.09546,7.24301,0,7.24301,21.38,143,184,4,0,1216,22.8289,22.8289,40
5.11351,5.25871,0,5.25871,21.38,143,225,2,0,1218,22.8555,22.8555,40
5.12214,6.0254,0,6.0254,21.36,142.885,247,2,0,1219,22.8975,22.8975,40
5.15394,16.9421,0,16.9421,21.36,142.885,766,11,0,1222,23,23,40
5.16055,4.13528,0,4.13528,21.34,142.77,291,6,0,1225,23.0343,23.0343,40
5.18247,5.77708,0,5.77708,21.34,142.77,163,3,0,1227,23.0407,23.0407,40
5.19172,7.0598,0,7.0598,21.32,142.655,230,4,0,1229,23.0814,23.0814,40
5.21521,10.3458,0,10.3458,21.32,142.655,448,1,0,1231,23.1584,23.1584,40
5.22597,8.28865,0,8.28865,21.3,142.54,226,4,0,1234,23.2204,23.2204,40
5.24002,1.47662,0,1.47662,21.3,142.54,158,0,0,1234,23.2204,23.2204,40
5.26424,20.3424,0,20.3424,21.28,142.424,487,8,0,1237,23.3226,23.3226,40
5.27528,7.1221,0,7.1221,21.26,142.309,240,2,0,1238,23.3393,23.3393,40
5.2998,10.4548,0,10.4548,21.26,142.309,218,2,0,1240,23.4097,23.4097,40
5.3065,4.24057,0,4.24057,21.24,142.194,174,2,0,1242,23.3752,23.3752,40
5.3297,6.9829,0,6.9829,21.24,142.194,300,3,0,1246,23.3315,23.3315,40
5.34459,12.2607,0,12.2607,21.22,142.079,499,3,0,1249,23.3651,23.3651,40
5.36127,8.57922,0,8.57922,21.22,142.079,434,3,0,1252,23.4105,23.4105,40
5.36904,4.59952,0,4.59952,21.2,141.964,188,3,0,1254,23.3836,23.3836,40
5.39031,5.6051,0,5.6051,21.2,141.964,198,4,0,1256,23.3822,23.3822,40
5.39667,3.3402,0,3.3402,21.18,141.848,204,2,0,1259,23.3709,23.3709,40
5.42127,7.42082,0,7.42082,21.18,141.848,335,2,0,1262,23.3716,23.3716,40
5.4305,6.42483,0,6.42483,21.16,141.733,370,3,0,1264,23.4098,23.4098,40
5.45177,7.44949,0,7.44949,21.16,141.733,402,0,0,1266,23.4052,23.4052,40
5.4621,7.48837,0,7.48837,21.14,141.618,472,1,0,1268,23.4156,23.4156,40
5.47831,2.31391,0,2.31391,21.14,141.618,208,0,0,1269,23.4035,23.4035,40
5.50507,22.7829,0,22.7829,21.12,141.503,380,2,0,1271,23.4485,23.4485,40
5.51433,4.52379,0,4.52379,21.1,141.387,223,2,0,1272,23.4418,23.4418,40
5.53326,3.98131,0,3.98131,21.1,141.387,346,0,0,1275,23.4337,23.4337,40
5.53949,3.43864,0,3.43864,21.08,141.272,235,2,0,1277,23.4534,23.4534,40
5.55971,2.87411,0,2.87411,21.08,141.272,238,3,0,1279,23.4371,23.4371,40
5.59235,29.8772,0,29.8772,21.06,141.157,517,4,0,1282,23.5499,23.5499,40
5.59939,1.75579,0,1.75579,21.04,141.042,225,0,0,1282,23.5499,23.5499,40
5.63583,17.7966,0,17.7966,21.04,141.042,340,5,0,1285,23.6249,23.6249,40
5.6491,8.15342,0,8.15342,21.02,140.927,519,10,0,1287,23.6713,23.6713,40
5.66856,9.28633,0,9.28633,21.02,140.927,430,6,0,1290,23.7946,23.7946,40
5.6906,18.7681,0,18.7681,21,140.811,1243,3,0,1293,23.8794,23.8794,40
5.70011,6.74798,0,6.74798,20.98,140.696,329,3,0,1295,23.8564,23.8564,40
5.72208,8.25655,0,8.25655,20.98,140.696,296,2,0,1296,23.8981,23.8981,40
5.74961,24.6709,0,24.6709,20.96,140.581,1527,0,0,1298,23.9777,23.9777,40
5.75873,6.04568,0,6.04568,20.94,140.466,416,1,0,1301,24.0231,24.0231,40
5.7781,5.21704,0,5.21704,20.94,140.466,229,1,0,1302,24.0753,24.0753,40
5.79335,11.9598,0,11.9598,20.92,140.35,411,6,0,1304,24.1357,24.1357,40
5.80491,3.38246,0,3.38246,20.92,140.35,277,3,0,1307,24.1477,24.1477,40
5.81076,1.08888,0,1.08888,20.9,140.235,229,0,0,1307,24.1477,24.1477,40
5.83931,10.9399,0,10.9399,20.9,140.235,542,5,0,1309,24.2376,24.2376,40
5.85557,11.0402,0,11.0402,20.88,140.12,233,2,0,1310,24.2687,24.2687,40
5.87664,10.8386,0,10.8386,20.88,140.12,257,3,0,1314,24.2686,24.2686,40
5.88433,2.76248,0,2.76248,20.86,140.005,308,0,0,1316,24.2394,24.2394,40
5.90891,7.34985,0,7.34985,20.86,140.005,291,2,0,1317,24.2756,24.2756,40
5.9189,4.10788,0,4.10788,20.84,139.89,257,0,0,1318,24.2686,24.2686,40
5.9401,5.62065,0,5.62065,20.84,139.89,281,6,0,1320,24.278,24.278,40
5.96363,18.47,0,18.47,20.82,139.774,1069,1,0,1322,24.3351,24.3351,40
5.97546,8.71913,0,8.71913,20.8,139.659,327,4,0,1324,24.3716,24.3716,40
5.99128,4.27285,0,4.27285,20.8,139.659,260,3,0,1326,24.3839,24.3839,40
6.00461,10.7944,0,10.7944,20.78,139.544,515,1,0,1328,24.375,24.375,40
6.0184,4.19811,0,4.19811,20.78,139.544,281,2,0,1329,24.3837,24.3837,40
6.02358,2.59972,0,2.59972,20.76,139.429,213,2,0,1330,24.394,24.394,40
6.04294,0.951656,0,0.951656,20.76,139.429,189,0,0,1330,24.394,24.394,40
6.06358,17.6585,0,17.6585,20.74,139.313,1608,41,0,1332,24.4857,24.4857,40
6.06994,2.40306,0,2.40306,20.72,139.198,205,0,0,1333,24.4704,24.4704,40
6.10564,17.049,0,17.049,20.72,139.198,439,0,0,1335,24.4644,24.4644,40
6.11655,8.25155,0,8.25155,20.7,139.083,629,8,0,1339,24.5086,24.5086,40
6.14153,13.0127,0,13.0127,20.7,139.083,660,2,0,1341,24.6107,24.6107,40
6.15149,7.10345,0,7.10345,20.68,138.968,352,3,0,1343,24.6984,24.6984,40
6.1737,9.08527,0,9.08527,20.68,138.968,480,3,0,1346,24.7363,24.7363,40
6.18594,9.5881,0,9.5881,20.66,138.853,453,8,0,1350,24.8096,24.8096,40
6.20229,4.84068,0,4.84068,20.66,138.853,219,0,0,1351,24.7957,24.7957,40
6.20731,1.7973,0,1.7973,20.64,138.737,229,0,0,1352,24.7892,24.7892,40
6.23265,7.17435,0,7.17435,20.64,138.737,246,3,0,1354,24.8006,24.8006,40
6.23621,0.802176,0,0.802176,20.62,138.622,199,0,0,1354,24.8006,24.8006,40
6.25823,2.25438,0,2.25438,20.62,138.622,209,1,0,1355,24.8177,24.8177,40
6.28186,20.2946,0,20.2946,20.6,138.507,1669,3,0,1359,24.897,24.897,40
6.29156,6.96035,0,6.96035,20.58,138.392,323,3,0,1361,24.8927,24.8927,40
6.31338,7.80873,0,7.80873,20.58,138.392,475,4,0,1365,24.9363,24.9363,40
6.31704,0.837105,0,0.837105,20.56,138.276,199,0,0,1365,24.9363,24.9363,40
6.35659,19.3307,0,19.3307,20.56,138.276,431,6,0,1369,25.0095,25.0095,40
6.37003,10.4996,0,10.4996,20.54,138.161,316,3,0,1371,25.0875,25.0875,40
6.38563,4.98515,0,4.98515,20.54,138.161,214,2,0,1372,25.1305,25.1305,40
6.39273,3.98685,0,3.98685,20.52,138.046,209,2,0,1373,25.1245,25.1245,40
6.41993,10.3583,0,10.3583,20.52,138.046,640,0,0,1375,25.1265,25.1265,40
6.43901,16.0828,0,16.0828,20.5,137.931,585,4,0,1378,25.1444,25.1444,40
6.44669,2.81825,0,2.81825,20.5,137.931,209,1,0,1379,25.1784,25.1784,40
6.45099,1.27479,0,1.27479,20.48,137.816,219,0,0,1380,25.1717,25.1717,40
6.47236,1.65189,0,1.65189,20.48,137.816,217,1,0,1381,25.1636,25.1636,40
6.48805,12.8887,0,12.8887,20.46,137.7,450,6,0,1384,25.2861,25.2861,40
6.50326,7.35891,0,7.35891,20.46,137.7,252,4,0,1386,25.2915,25.2915,40
6.50665,0.749659,0,0.749659,20.44,137.585,189,0,0,1386,25.2915,25.2915,40
6.53004,3.61725,0,3.61725,20.44,137.585,213,0,0,1387,25.2761,25.2761,40
6.5447,11.5343,0,11.5343,20.42,137.47,1021,47,0,1388,25.3343,25.3343,40
6.55439,0.682745,0,0.682745,20.42,137.47,189,0,0,1388,25.3343,25.3343,40
6.56251,5.10209,0,5.10209,20.4,137.355,348,2,0,1389,25.3823,25.3823,40
6.58408,6.09233,0,6.09233,20.4,137.355,237,2,0,1391,25.3738,25.3738,40
6.60199,15.4002,0,15.4002,20.38,137.239,476,6,0,1394,25.5165,25.5165,40
6.61354,5.99991,0,5.99991,20.38,137.239,496,10,0,1395,25.5699,25.5699,40
6.62298,6.42315,0,6.42315,20.36,137.124,532,2,0,1397,25.6349,25.6349,40
6.64077,3.00435,0,3.00435,20.36,137.124,199,1,0,1398,25.6323,25.6323,40
6.65334,8.74707,0,8.74707,20.34,137.009,449,0,0,1399,25.6397,25.6397,40
6.67105,5.73996,0,5.73996,20.34,137.009,277,2,0,1400,25.6693,25.6693,40
6.67593,1.80071,0,1.80071,20.32,136.894,199,1,0,1401,25.6552,25.6552,40
6.69905,4.43295,0,4.43295,20.32,136.894,201,2,0,1402,25.684,25.684,40
6.7049,3.07554,0,3.07554,20.3,136.779,210,2,0,1403,25.675,25.675,40
6.72567,3.18263,0,3.18263,20.3,136.779,199,1,0,1404,25.6688,25.6688,40
6.72961,0.581829,0,0.581829,20.28,136.663,199,0,0,1404,25.6688,25.6688,40
6.75021,0.974952,0,0.974952,20.28,136.663,212,1,0,1405,25.6527,25.6527,40
6.75679,3.64269,0,3.64269,20.26,136.548,209,1,0,1406,25.702,25.702,40
6.7781,4.0062,0,4.0062,20.26,136.548,239,4,0,1409,25.6678,25.6678,40
6.79489,13.9169,0,13.9169,20.24,136.433,734,2,0,1413,25.6766,25.6766,40
6.80897,7.11661,0,7.11661,20.24,136.433,432,4,0,1415,25.718,25.718,40
6.8309,18.6964,0,18.6964,20.22,136.318,486,2,0,1417,25.8003,25.8003,40
6.84033,6.17116,0,6.17116,20.2,136.203,276,5,0,1420,25.7838,25.7838,40
6.86772,13.2934,0,13.2934,20.2,136.203,260,2,0,1422,25.7975,25.7975,40
6.87291,2.13618,0,2.13618,20.18,136.087,204,0,0,1423,25.8285,25.8285,40
6.89922,8.00943,0,8.00943,20.18,136.087,228,3,0,1425,25.866,25.866,40
6.90969,7.25602,0,7.25602,20.16,135.972,315,3,0,1427,25.9117,25.9117,40
6.9388,15.858,0,15.858,20.16,135.972,614,6,0,1429,26.0427,26.0427,40
6.95505,13.2586,0,13.2586,20.14,135.857,585,5,0,1433,26.0907,26.0907,40
6.98598,23.8199,0,23.8199,20.14,135.857,2684,55,0,1436,26.1936,26.1936,40
7.00023,11.2777,0,11.2777,20.12,135.742,257,3,0,1439,26.212,26.212,40
7.02563,15.6256,0,15.6256,20.12,135.742,532,4,0,1442,26.2434,26.2434,40
7.02975,0.895911,0,0.895911,20.1,135.626,202,0,0,1442,26.2434,26.2434,40
7.05035,1.06993,0,1.06993,20.1,135.626,202,0,0,1442,26.2434,26.2434,40
7.0585,5.20238,0,5.20238,20.08,135.511,232,4,0,1445,26.2194,26.2194,40
7.08647,12.0473,0,12.0473,20.08,135.511,688,8,0,1447,26.3511,26.3511,40
7.09076,1.27595,0,1.27595,20.06,135.396,232,2,0,1449,26.3182,26.3182,40
7.11182,1.30225,0,1.30225,20.06,135.396,237,1,0,1450,26.3228,26.3228,40
7.12512,10.1813,0,10.1813,20.04,135.281,308,4,0,1454,26.3171,26.3171,40
7.14589,9.72105,0,9.72105,20.04,135.281,272,4,0,1456,26.3386,26.3386,40
7.15623,7.79255,0,7.79255,20.02,135.166,626,3,0,1458,26.3546,26.3546,40
7.18061,10.9662,0,10.9662,20.02,135.166,311,3,0,1460,26.4247,26.4247,40
7.18814,4.52078,0,4.52078,20,135.05,321,2,0,1461,26.4394,26.4394,40
7.20759,3.36932,0,3.36932,20,135.05,236,1,0,1462,26.4241,26.4241,40
7.21931,8.75652,0,8.75652,19.98,134.935,256,3,0,1464,26.4795,26.4795,40
7.24201,10.0991,0,10.0991,19.98,134.935,297,3,0,1467,26.4697,26.4697,40
7.26157,16.7636,0,16.7636,19.96,134.82,470,5,0,1471,26.5493,26.5493,40
7.26986,4.47892,0,4.47892,19.96,134.82,342,2,0,1472,26.5822,26.5822,40
7.27651,3.70201,0,3.70201,19.94,134.705,404,0,0,1473,26.5838,26.5838,40
7.29745,3.44108,0,3.44108,19.94,134.705,246,1,0,1475,26.5525,26.5525,40
7.30573,5.18672,0,5.18672,19.92,134.589,247,2,0,1476,26.563,26.563,40
7.32443,3.10437,0,3.10437,19.92,134.589,248,1,0,1478,26.569,26.569,40
7.32887,0.79209,0,0.79209,19.9,134.474,246,0,0,1478,26.569,26.569,40
7.35132,3.20465,0,3.20465,19.9,134.474,275,3,0,1480,26.5757,26.5757,40
7.35556,1.02319,0,1.02319,19.88,134.359,249,1,0,1481,26.5631,26.5631,40
7.37652,0.999835,0,0.999835,19.88,134.359,239,0,0,1481,26.5631,26.5631,40
7.38537,5.45381,0,5.45381,19.86,134.244,232,2,0,1482,26.5493,26.5493,40
7.40431,3.45146,0,3.45146,19.86,134.244,346,1,0,1484,26.5371,26.5371,40
7.41772,9.74836,0,9.74836,19.84,134.129,248,4,0,1486,26.5713,26.5713,40
7.44319,14.7072,0,14.7072,19.84,134.129,399,3,0,1489,26.6051,26.6051,40
7.46053,14.2941,0,14.2941,19.82,134.013,371,6,0,1491,26.6761,26.6761,40
7.47027,2.93763,0,2.93763,19.82,134.013,262,2,0,1492,26.6756,26.6756,40
7.54514,71.4559,0,71.4559,19.8,133.898,7714,161,0,1493,26.7374,26.7374,40
7.56086,12.101,0,12.101,19.78,130.436,441,4,0,1495,26.7893,26.7893,40
7.5823,13.0576,0,13.0576,19.78,130.436,420,3,0,1497,26.8283,26.8283,40
7.60064,15.5723,0,15.5723,19.76,130.238,400,4,0,1500,26.8393,26.8393,40
7.60701,0.990174,0,0.990174,19.76,130.238,222,0,0,1500,26.8393,26.8393,40
7.62185,11.6304,0,11.6304,19.74,130.038,380,4,0,1502,26.8828,26.8828,40
7.64006,8.61912,0,8.61912,19.74,130.038,320,4,0,1503,26.9042,26.9042,40
7.65849,15.4609,0,15.4609,19.72,129.836,390,5,0,1507,26.9502,26.9502,40
7.68318,18.8349,0,18.8349,19.72,129.836,683,6,0,1510,27.1146,27.1146,40
7.70847,22.1761,0,22.1761,19.7,129.633,383,7,0,1513,27.2849,27.2849,40
7.72618,14.6859,0,14.6859,19.68,129.428,848,5,0,1516,27.44,27.44,40
7.74056,8.00001,0,8.00001,19.68,129.428,251,2,0,1517,27.472,27.472,40
7.74608,2.49663,0,2.49663,19.66,129.222,245,1,0,1518,27.4598,27.4598,40
7.77317,8.73794,0,8.73794,19.66,129.222,301,2,0,1520,27.4421,27.4421,40
7.78435,8.47407,0,8.47407,19.64,129.013,373,4,0,1524,27.4797,27.4797,40
7.80275,5.89861,0,5.89861,19.64,129.013,310,1,0,1526,27.4554,27.4554,40
7.81203,6.49065,0,6.49065,19.62,128.803,389,4,0,1528,27.4817,27.4817,40
7.83877,12.4106,0,12.4106,19.62,128.803,788,5,0,1532,27.5215,27.5215,40
7.85135,9.62172,0,9.62172,19.6,128.591,349,7,0,1536,27.5247,27.5247,40
7.8746,11.7745,0,11.7745,19.6,128.591,287,4,0,1539,27.6205,27.6205,40
7.87955,1.91916,0,1.91916,19.58,128.377,265,1,0,1540,27.6071,27.6071,40
7.90417,5.40379,0,5.40379,19.58,128.377,255,0,0,1540,27.6071,27.6071,40
7.90936,2.29811,0,2.29811,19.56,128.162,336,1,0,1541,27.6067,27.6067,40
7.9446,16.5496,0,16.5496,19.56,128.162,357,4,0,1543,27.6876,27.6876,40
7.96313,15.31,0,15.31,19.54,127.944,339,6,0,1547,27.7162,27.7162,40
7.97367,5.01145,0,5.01145,19.54,127.944,302,2,0,1548,27.7287,27.7287,40
7.98631,9.62387,0,9.62387,19.52,127.725,943,0,0,1550,27.7484,27.7484,40
7.99908,1.30643,0,1.30643,19.52,127.725,265,0,0,1550,27.7484,27.7484,40
8.00328,0.835413,0,0.835413,19.5,127.503,275,0,0,1550,27.7484,27.7484,40
8.03544,12.0312,0,12.0312,19.5,127.503,507,4,0,1554,27.7703,27.7703,40
8.04431,5.86209,0,5.86209,19.48,127.28,308,4,0,1557,27.8041,27.8041,40
8.07257,13.1048,0,13.1048,19.48,127.28,578,7,0,1560,27.9288,27.9288,40
8.08126,5.40549,0,5.40549,19.46,127.055,332,3,0,1563,27.968,27.968,40
8.11895,22.1209,0,22.1209,19.46,127.055,612,10,0,1567,28.0351,28.0351,40
8.1309,8.31045,0,8.31045,19.44,126.828,382,4,0,1571,28.0121,28.0121,40
8.15363,10.3346,0,10.3346,19.44,126.828,354,0,0,1573,27.9924,27.9924,40
8.16162,4.6813,0,4.6813,19.42,126.602,314,2,0,1574,28.0305,28.0305,40
8.18482,7.75354,0,7.75354,19.42,126.602,297,3,0,1577,28.0558,28.0558,40
8.19435,6.17406,0,6.17406,19.4,126.375,318,3,0,1579,28.0937,28.0937,40
8.22422,15.6239,0,15.6239,19.4,126.375,341,3,0,1581,28.1739,28.1739,40
8.23368,3.51537,0,3.51537,19.38,126.148,303,1,0,1583,28.1775,28.1775,40
8.27805,29.0009,0,29.0009,19.38,126.148,781,8,0,1587,28.4096,28.4096,40
8.28392,1.98856,0,1.98856,19.36,125.92,265,1,0,1588,28.4225,28.4225,40
8.32648,24.089,0,24.089,19.36,125.92,894,1,0,1592,28.5327,28.5327,40
8.34492,15.1084,0,15.1084,19.34,125.692,671,4,0,1595,28.6915,28.6915,40
8.35895,8.17541,0,8.17541,19.34,125.692,268,2,0,1597,28.7019,28.7019,40
8.36411,2.12555,0,2.12555,19.32,125.464,352,0,0,1598,28.7121,28.7121,40
8.42484,41.6509,0,41.6509,19.32,125.464,3692,56,0,1600,28.7706,28.7706,40
8.43677,7.96198,0,7.96198,19.3,125.235,520,4,0,1603,28.816,28.816,40
8.45434,4.77172,0,4.77172,19.3,125.235,268,2,0,1604,28.803,28.803,40
8.46626,9.05866,0,9.05866,19.28,125.006,306,4,0,1608,28.7512,28.7512,40
8.48553,7.22557,0,7.22557,19.28,125.006,262,3,0,1611,28.7709,28.7709,40
8.49277,4.29528,0,4.29528,19.26,124.786,268,3,0,1614,28.7361,28.7361,40
8.51905,9.63766,0,9.63766,19.26,124.786,346,2,0,1616,28.7976,28.7976,40
8.53128,8.97993,0,8.97993,19.24,124.572,263,4,0,1618,28.7936,28.7936,40
8.55551,12.5676,0,12.5676,19.24,124.572,274,4,0,1621,28.7983,28.7983,40
8.58083,22.0111,0,22.0111,19.22,124.359,839,14,0,1624,28.9446,28.9446,40
8.59861,14.4133,0,14.4133,19.2,124.144,1075,0,0,1625,28.9926,28.9926,40
8.61983,14.9827,0,14.9827,19.2,124.144,245,2,0,1627,28.9766,28.9766,40
8.65329,30.1464,0,30.1464,19.18,123.93,1240,17,0,1631,29.0717,29.0717,40
8.66635,9.12965,0,9.12965,19.16,123.716,272,2,0,1633,29.0986,29.0986,40
8.68831,10.5327,0,10.5327,19.16,123.716,354,4,0,1635,29.159,29.159,40
8.69765,5.70381,0,5.70381,19.14,123.501,270,2,0,1636,29.1773,29.1773,40
8.71523,2.5491,0,2.5491,19.14,123.501,240,1,0,1637,29.2108,29.2108,40
8.72425,5.51969,0,5.51969,19.12,123.286,244,2,0,1638,29.2222,29.2222,40
8.79125,51.8883,0,51.8883,19.12,123.286,4563,84,0,1639,29.3514,29.3514,40
8.79608,0.843399,0,0.843399,19.1,119.687,230,0,0,1639,29.3514,29.3514,40
8.82316,6.91772,0,6.91772,19.1,119.687,405,4,0,1640,29.4311,29.4311,40
8.83493,8.32088,0,8.32088,19.08,119.458,250,3,0,1643,29.5386,29.5386,40
8.86972,21.9031,0,21.9031,19.08,119.458,322,6,0,1647,29.643,29.643,40
8.87919,5.68485,0,5.68485,19.06,119.23,425,2,0,1649,29.6604,29.6604,40
8.91565,21.7994,0,21.7994,19.06,119.23,1273,32,0,1651,29.7601,29.7601,40
8.92614,6.46106,0,6.46106,19.04,119.003,229,0,0,1652,29.7427,29.7427,40
8.94831,8.00015,0,8.00015,19.04,119.003,260,2,0,1653,29.7665,29.7665,40
8.96353,11.9083,0,11.9083,19.02,118.777,642,1,0,1655,29.8363,29.8363,40
8.98854,15.578,0,15.578,19.02,118.777,911,2,0,1659,29.8716,29.8716,40
8.99753,5.40388,0,5.40388,19,118.551,268,1,0,1661,29.8429,29.8429,40
9.01727,4.11103,0,4.11103,19,118.551,260,1,0,1662,29.8412,29.8412,40
9.03631,15.4818,0,15.4818,18.98,118.327,562,5,0,1666,29.8619,29.8619,40
9.05078,7.82202,0,7.82202,18.98,118.327,318,3,0,1670,29.8228,29.8228,40
9.05774,2.97936,0,2.97936,18.96,118.104,324,1,0,1672,29.8164,29.8164,40
9.07996,4.57041,0,4.57041,18.96,118.104,290,2,0,1674,29.7915,29.7915,40
9.09416,10.617,0,10.617,18.94,117.908,404,3,0,1676,29.83,29.83,40
9.10564,1.60832,0,1.60832,18.94,117.908,270,1,0,1677,29.8157,29.8157,40
9.12309,13.1559,0,13.1559,18.92,117.715,758,2,0,1680,29.897,29.897,40
9.1318,1.28026,0,1.28026,18.92,117.715,260,0,0,1680,29.897,29.897,40
9.14296,7.47136,0,7.47136,18.9,117.523,348,2,0,1681,29.9744,29.9744,40
9.171,14.3164,0,14.3164,18.9,117.523,525,2,0,1683,30.0695,30.0695,40
9.52131,345.995,34.7451,311.25,18.88,117.333,52517,1593,0,1683,30.0695,30.0695,40
9.53717,11.9239,0,11.9239,18.86,117.144,337,2,0,1684,30.1645,30.1645,40
9.55228,6.34105,0,6.34105,18.86,117.144,302,3,0,1686,30.1507,30.1507,40
9.569,13.2522,0,13.2522,18.84,116.956,396,3,0,1688,30.2541,30.2541,40
9.58382,7.10255,0,7.10255,18.84,116.956,353,2,0,1691,30.291,30.291,40
9.60023,12.8576,0,12.8576,18.82,116.77,365,3,0,1693,30.3314,30.3314,40
9.61396,5.69289,0,5.69289,18.82,116.77,222,2,0,1695,30.3209,30.3209,40
9.62636,8.99036,0,8.99036,18.8,116.586,457,10,0,1696,30.3697,30.3697,40
9.6468,8.56828,0,8.56828,18.8,116.586,393,5,0,1698,30.3793,30.3793,40
9.66284,12.6379,0,12.6379,18.78,116.402,369,4,0,1702,30.4213,30.4213,40
9.68954,18.3607,0,18.3607,18.78,116.402,1102,44,0,1704,30.4982,30.4982,40
9.702,9.14408,0,9.14408,18.76,116.22,425,3,0,1706,30.6002,30.6002,40
9.72854,14.936,0,14.936,18.76,116.22,478,3,0,1708,30.6341,30.6341,40
9.74202,10.4065,0,10.4065,18.74,116.039,274,3,0,1711,30.6108,30.6108,40
9.76527,13.1685,0,13.1685,18.74,116.039,267,4,0,1716,30.6527,30.6527,40
9.77005,1.82242,0,1.82242,18.72,115.86,294,0,0,1717,30.6482,30.6482,40
9.79564,6.82603,0,6.82603,18.72,115.86,541,0,0,1718,30.6548,30.6548,40
9.80085,1.74735,0,1.74735,18.7,115.682,185,0,0,1718,30.6548,30.6548,40
9.82228,2.70331,0,2.70331,18.7,115.682,195,1,0,1719,30.6399,30.6399,40
9.82637,0.919068,0,0.919068,18.68,115.505,185,0,0,1719,30.6399,30.6399,40
9.85595,9.31064,0,9.31064,18.68,115.505,482,7,0,1722,30.6696,30.6696,40
9.8862,26.7472,0,26.7472,18.66,115.33,1232,8,0,1726,30.7306,30.7306,40
9.89678,6.9603,0,6.9603,18.64,115.156,254,2,0,1729,30.7415,30.7415,40
9.91372,3.11847,0,3.11847,18.64,115.156,289,0,0,1730,30.7405,30.7405,40
9.93976,22.8964,0,22.8964,18.62,114.983,1070,38,0,1733,30.8529,30.8529,40
9.95968,16.1924,0,16.1924,18.6,114.811,1809,26,0,1734,30.9475,30.9475,40
9.967,3.39747,0,3.39747,18.6,114.811,217,2,0,1736,30.962,30.962,40
9.97553,5.13762,0,5.13762,18.58,114.641,309,2,0,1737,30.9718,30.9718,40
10.0109,19.7898,0,19.7898,18.58,114.641,705,4,0,1741,31.0666,31.0666,40
10.0391,24.8161,0,24.8161,18.56,114.472,361,7,0,1745,31.1759,31.1759,40
10.0433,0.974594,0,0.974594,18.54,114.304,190,0,0,1745,31.1759,31.1759,40
10.0644,0.931606,0,0.931606,18.54,114.304,190,0,0,1745,31.1759,31.1759,40
10.4299,361.741,17.5342,344.207,18.52,114.137,51244,1378,0,1749,31.1647,31.1647,40
10.4489,14.5967,0,14.5967,18.5,113.971,296,1,0,1751,31.245,31.245,40
10.4622,7.50676,0,7.50676,18.5,113.971,266,3,0,1753,31.2812,31.2812,40
10.47,4.34873,0,4.34873,18.48,113.807,210,1,0,1754,31.301,31.301,40
10.489,2.8522,0,2.8522,18.48,113.807,210,1,0,1755,31.3174,31.3174,40
10.4971,4.62752,0,4.62752,18.46,113.644,220,2,0,1757,31.2851,31.2851,40
10.5266,13.8654,0,13.8654,18.46,113.644,265,4,0,1759,31.3161,31.3161,40
10.5349,5.21068,0,5.21068,18.44,113.482,261,1,0,1761,31.3487,31.3487,40
10.5637,13.4664,0,13.4664,18.44,113.482,1026,11,0,1764,31.4683,31.4683,40
10.5684,1.17037,0,1.17037,18.42,113.321,242,0,0,1765,31.4567,31.4567,40
10.601,13.192,0,13.192,18.42,113.321,326,3,0,1767,31.4884,31.4884,40
10.61,5.83082,0,5.83082,18.4,113.161,245,1,0,1769,31.5172,31.5172,40
10.6377,12.6031,0,12.6031,18.4,113.161,662,5,0,1771,31.5951,31.5951,40
10.6517,10.3543,0,10.3543,18.38,113.003,272,3,0,1773,31.6114,31.6114,40
10.6686,6.31743,0,6.31743,18.38,113.003,301,2,0,1775,31.6349,31.6349,40
10.6918,19.7108,0,19.7108,18.36,112.845,267,2,0,1778,31.6699,31.6699,40
10.7179,22.6737,0,22.6737,18.34,112.688,614,4,0,1781,31.7552,31.7552,40
10.7323,10.7677,0,10.7677,18.32,112.532,497,10,0,1783,31.8357,31.8357,40
10.7537,12.0473,0,12.0473,18.32,112.532,430,2,0,1786,31.8287,31.8287,40
10.7639,6.70158,0,6.70158,18.3,112.378,250,4,0,1788,31.802,31.802,40
10.7861,8.31066,0,8.31066,18.3,112.378,280,2,0,1790,31.8458,31.8458,40
10.7904,0.996632,0,0.996632,18.28,112.224,240,0,0,1791,31.8286,31.8286,40
10.8139,3.85049,0,3.85049,18.28,112.224,240,1,0,1792,31.8973,31.8973,40
10.8218,4.35255,0,4.35255,18.26,112.072,230,0,0,1792,31.8973,31.8973,40
10.8473,8.72583,0,8.72583,18.26,112.072,305,2,0,1795,31.9036,31.9036,40
10.9008,50.1914,0,50.1914,18.24,111.92,4583,119,0,1797,32.1141,32.1141,40
10.9106,5.68845,0,5.68845,18.22,111.769,385,1,0,1799,32.1495,32.1495,40
10.9352,9.46428,0,9.46428,18.22,111.769,438,9,0,1801,32.1532,32.1532,40
10.9565,17.6444,0,17.6444,18.2,111.619,1270,2,0,1803,32.2329,32.2329,40
10.9712,11.0325,0,11.0325,18.18,111.47,243,2,0,1804,32.2367,32.2367,40
10.9858,5.36468,0,5.36468,18.18,111.47,256,2,0,1805,32.2305,32.2305,40
11.0073,17.6654,0,17.6654,18.16,111.322,275,3,0,1807,32.2861,32.2861,40
11.0157,5.34091,0,5.34091,18.14,111.175,284,6,0,1810,32.2983,32.2983,40
11.0384,7.04779,0,7.04779,18.14,111.175,340,2,0,1812,32.3703,32.3703,40
11.3509,308.796,9.6983,299.098,18.12,111.028,45671,788,0,1815,32.4033,32.4033,40
11.3683,13.3197,0,13.3197,18.1,110.883,321,2,0,1818,32.3592,32.3592,40
11.3861,10.9605,0,10.9605,18.1,110.883,250,4,0,1822,32.343,32.343,40
11.3926,2.72994,0,2.72994,18.08,110.738,304,1,0,1823,32.3571,32.3571,40
11.4293,19.4114,0,19.4114,18.08,110.738,316,7,0,1828,32.3731,32.3731,40
11.4369,4.35505,0,4.35505,18.06,110.593,227,1,0,1830,32.3475,32.3475,39.9947
11.4587,5.20563,0,5.20563,18.06,110.593,217,2,0,1832,32.3537,32.3537,39.9871
11.4749,13.1277,0,13.1277,18.04,110.449,528,1,0,1836,32.4036,32.4036,39.972
11.4867,3.64251,0,3.64251,18.04,110.449,204,0,0,1837,32.3887,32.3887,39.9682
11.4923,1.47364,0,1.47364,18.02,110.305,207,1,0,1838,32.3721,32.3721,39.9644
11.5129,2.09071,0,2.09071,18.02,110.305,207,1,0,1839,32.3551,32.3551,39.9607
11.521,4.48694,0,4.48694,18,110.161,217,2,0,1841,32.3797,32.3797,39.9531
11.5498,13.007,0,13.007,18,110.161,303,1,0,1843,32.4324,32.4324,39.9456
11.5546,1.32826,0,1.32826,17.98,110.018,207,1,0,1844,32.417,32.417,39.9418
11.5841,10.4929,0,10.4929,17.98,110.018,249,3,0,1846,32.4171,32.4155,39.9343
11.6021,14.7551,0,14.7551,17.96,109.875,352,6,0,1848,32.4226,32.421,39.9268
11.6118,3.901,0,3.901,17.96,109.875,214,1,0,1849,32.4191,32.4175,39.9231
11.6174,1.95622,0,1.95622,17.94,109.732,227,1,0,1850,32.4346,32.433,39.9194
11.6437,7.84731,0,7.84731,17.94,109.732,266,2,0,1853,32.4026,32.401,39.9081
11.6556,8.70099,0,8.70099,17.92,109.589,621,23,0,1855,32.4588,32.4615,39.9007
11.6762,9.21829,0,9.21829,17.92,109.589,225,3,0,1857,32.483,32.4852,39.8932
11.6888,9.237,0,9.237,17.9,109.475,241,5,0,1860,32.4785,32.4806,39.882
11.7062,6.25756,0,6.25756,17.9,109.475,228,1,0,1862,32.4952,32.4973,39.8746
11.7155,5.97146,0,5.97146,17.88,109.374,296,1,0,1864,32.4903,32.4925,39.8672
11.733,2.61616,0,2.61616,17.88,109.374,212,1,0,1865,32.4794,32.4815,39.8635
11.7391,2.77761,0,2.77761,17.86,109.272,198,0,0,1866,32.4662,32.4684,39.8598
11.7617,4.22121,0,4.22121,17.86,109.272,216,3,0,1868,32.4673,32.4695,39.8524
11.7769,11.5039,0,11.5039,17.84,109.171,433,2,0,1870,32.5102,32.5107,39.845
11.7884,1.85757,0,1.85757,17.84,109.171,192,0,0,1871,32.4933,32.4939,39.8413
11.7947,2.70724,0,2.70724,17.82,109.069,240,1,0,1872,32.4973,32.4979,39.8376
11.8212,8.33912,0,8.33912,17.82,109.069,253,1,0,1873,32.5184,32.519,39.8339
11.8399,15.3485,0,15.3485,17.8,108.968,222,2,0,1875,32.6219,32.6224,39.8265
11.8557,10.2362,0,10.2362,17.8,108.968,264,4,0,1878,32.6704,32.6709,39.8155
11.8635,3.88777,0,3.88777,17.78,108.867,246,1,0,1879,32.7004,32.7009,39.8118
11.8835,3.15111,0,3.15111,17.78,108.867,224,0,0,1880,32.6888,32.6894,39.8081
11.897,9.83993,0,9.83993,17.76,108.765,363,3,0,1883,32.6909,32.6899,39.7971
11.9128,4.99749,0,4.99749,17.76,108.765,228,1,0,1884,32.6778,32.6768,39.7935
11.9247,8.19416,0,8.19416,17.74,108.664,234,1,0,1886,32.6548,32.6538,39.7861
11.9403,3.05198,0,3.05198,17.74,108.664,222,1,0,1887,32.6449,32.6439,39.7825
11.948,4.03354,0,4.03354,17.72,108.562,240,1,0,1890,32.6381,32.637,39.7715
11.9731,8.52331,0,8.52331,17.72,108.562,264,2,0,1893,32.6704,32.6693,39.7606
11.9789,1.9065,0,1.9065,17.7,108.461,212,0,0,1894,32.6552,32.6542,39.7569
12.0006,3.39245,0,3.39245,17.7,108.461,226,2,0,1895,32.6522,32.6512,39.7533
12.011,6.91201,0,6.91201,17.68,108.36,268,4,0,1899,32.6193,32.6182,39.7387
12.0463,21.209,0,21.209,17.68,108.36,756,1,0,1901,32.6733,32.6723,39.7315
12.389,338.473,20.7906,317.682,17.66,108.258,49809,1230,0,1903,32.3726,32.3847,39.7242
12.4081,14.8264,0,14.8264,17.64,108.157,825,10,0,1905,32.4488,32.4619,39.717
12.4225,8.69685,0,8.69685,17.64,108.157,290,1,0,1907,32.4767,32.4898,39.7098
12.4415,15.1294,0,15.1294,17.62,108.055,386,1,0,1909,32.5731,32.5862,39.7025
12.4485,1.6703,0,1.6703,17.62,108.055,237,1,0,1910,32.5618,32.5749,39.6989
12.4595,7.38237,0,7.38237,17.6,107.954,285,0,0,1912,32.5957,32.6088,39.6917
12.4799,6.70653,0,6.70653,17.6,107.954,380,19,0,1914,32.6442,32.6531,39.6845
12.4919,8.63388,0,8.63388,17.58,107.853,305,2,0,1917,32.6557,32.6646,39.6737
12.5144,10.0183,0,10.0183,17.58,107.853,249,0,0,1919,32.6352,32.6441,39.6666
12.5236,6.19069,0,6.19069,17.56,107.751,287,1,0,1921,32.6543,32.6632,39.6594
12.5483,9.69473,0,9.69473,17.56,107.751,587,34,0,1923,32.6968,32.7145,39.6522
12.5542,2.50435,0,2.50435,17.54,107.65,227,0,0,1923,32.6968,32.7145,39.6522
12.5936,20.8256,0,20.8256,17.54,107.65,1398,54,0,1925,32.7049,32.7262,39.6451
12.6305,32.9002,0,32.9002,17.52,107.548,3353,138,0,1927,32.7302,32.7452,39.6379
12.652,17.2824,0,17.2824,17.5,107.447,746,3,0,1930,32.7736,32.7876,39.6272
12.6586,2.9143,0,2.9143,17.48,107.346,262,2,0,1932,32.7769,32.7909,39.6201
12.6776,1.30827,0,1.30827,17.48,107.346,222,0,0,1932,32.7769,32.7909,39.6201
12.6848,3.76773,0,3.76773,17.46,107.244,282,4,0,1934,32.7534,32.7673,39.613
12.7138,10.5811,0,10.5811,17.46,107.244,631,7,0,1936,32.7934,32.8125,39.6059
12.7278,10.3975,0,10.3975,17.44,107.143,242,2,0,1939,32.7818,32.8009,39.5953
12.7416,3.16777,0,3.16777,17.44,107.143,265,0,0,1941,32.7604,32.7795,39.5882
12.7535,8.54094,0,8.54094,17.42,107.041,262,2,0,1944,32.7665,32.7855,39.5776
12.7687,2.83954,0,2.83954,17.42,107.041,255,0,0,1946,32.7472,32.7662,39.5705
12.7955,22.9292,0,22.9292,17.4,106.94,312,3,0,1948,32.77,32.7911,39.5634
12.8173,18.7603,0,18.7603,17.38,106.839,409,4,0,1951,32.9144,32.9329,39.5529
12.8327,11.0014,0,11.0014,17.36,106.737,399,3,0,1954,32.9432,32.9616,39.5423
12.8446,2.27115,0,2.27115,17.36,106.737,251,1,0,1955,32.9427,32.9611,39.5388
12.8703,21.8365,0,21.8365,17.34,106.636,547,6,0,1958,33.0378,33.0587,39.5283
12.876,2.16898,0,2.16898,17.32,106.534,233,0,0,1959,33.0245,33.0454,39.5248
12.9019,7.59463,0,7.59463,17.32,106.534,243,2,0,1960,33.0337,33.0546,39.5213
12.9272,20.9285,0,20.9285,17.3,106.433,253,2,0,1962,33.1121,33.133,39.5143
12.9399,8.96221,0,8.96221,17.28,106.332,395,4,0,1965,33.1064,33.1267,39.5038
12.9572,4.99109,0,4.99109,17.28,106.332,265,3,0,1967,33.0986,33.119,39.4968
12.9843,23.5852,0,23.5852,17.26,106.23,1840,61,0,1970,33.1,33.1213,39.4864
13.0066,17.8159,0,17.8159,17.24,106.129,312,2,0,1973,33.0857,33.1069,39.4759
13.0259,15.0008,0,15.0008,17.22,106.027,583,5,0,1975,33.1641,33.1899,39.469
13.0535,22.5425,0,22.5425,17.22,106.027,590,8,0,1976,33.2895,33.3138,39.4655
13.0623,5.00848,0,5.00848,17.2,105.926,248,2,0,1977,33.2999,33.3242,39.4621
13.091,12.7764,0,12.7764,17.2,105.926,282,3,0,1979,33.3411,33.3653,39.4551
13.0974,3.27096,0,3.27096,17.18,105.825,243,1,0,1980,33.3712,33.3955,39.4517
13.1281,12.7098,0,12.7098,17.18,105.825,253,3,0,1982,33.4258,33.4501,39.4448
13.1578,26.2584,0,26.2584,17.16,105.723,393,5,0,1986,33.4768,33.5015,39.4309
13.4216,260.14,35.8524,224.288,17.14,105.622,40480,1193,0,1987,33.2657,33.311,39.4275
13.4367,10.5574,0,10.5574,17.12,117.863,225,2,0,1988,33.3078,33.3531,39.4241
13.4606,14.0208,0,14.0208,17.12,117.863,191,3,0,1990,33.3573,33.4025,39.4172
13.4729,8.5646,0,8.5646,17.1,117.695,185,2,0,1991,33.3456,33.3908,39.4137
13.5037,18.8411,0,18.8411,17.1,117.695,297,4,0,1994,33.335,33.3796,39.4034
13.5129,5.96427,0,5.96427,17.08,117.529,203,0,0,1996,33.3377,33.3823,39.3966
13.5456,17.8473,0,17.8473,17.08,117.529,362,10,0,1999,33.4192,33.4632,39.3863
13.5554,6.84388,0,6.84388,17.06,117.365,183,1,0,2002,33.3781,33.4221,39.376
13.5724,2.72563,0,2.72563,17.06,117.365,183,1,0,2003,33.3724,33.4164,39.3726
13.5776,2.05683,0,2.05683,17.04,117.201,187,0,0,2004,33.3638,33.4077,39.3692
13.6063,9.52288,0,9.52288,17.04,117.201,198,0,0,2006,33.3829,33.4267,39.3624
13.6217,12.2752,0,12.2752,17.02,117.039,306,11,0,2008,33.3944,33.4407,39.3556
13.6343,3.89801,0,3.89801,17.02,117.039,239,1,0,2009,33.4052,33.4515,39.3522
13.6459,8.27267,0,8.27267,17,116.879,186,1,0,2010,33.4871,33.5333,39.3488
13.6688,9.96819,0,9.96819,17,116.879,343,3,0,2012,33.5179,33.5641,39.342
13.6811,9.34729,0,9.34729,16.98,116.719,354,2,0,2014,33.5199,33.566,39.3352
13.7029,10.0456,0,10.0456,16.98,116.719,262,1,0,2015,33.5146,33.5608,39.3318
13.7174,11.6877,0,11.6877,16.96,116.56,458,2,0,2019,33.5379,33.584,39.3182
13.7292,2.78,0,2.78,16.96,116.56,190,0,0,2020,33.5426,33.5886,39.3149
13.7482,15.959,0,15.959,16.94,116.401,493,3,0,2021,33.6482,33.6932,39.3115
13.7542,1.13258,0,1.13258,16.94,116.401,172,0,0,2021,33.6482,33.6932,39.3115
13.7656,7.94197,0,7.94197,16.92,116.243,469,4,0,2023,33.699,33.7504,39.3047
13.7864,8.65815,0,8.65815,16.92,116.243,216,1,0,2026,33.6797,33.731,39.2946
13.7919,2.00038,0,2.00038,16.9,116.085,182,1,0,2027,33.6813,33.7326,39.2912
13.821,11.1232,0,11.1232,16.9,116.085,269,2,0,2029,33.7275,33.7787,39.2845
13.8319,7.40599,0,7.40599,16.88,115.928,275,1,0,2031,33.7642,33.8154,39.2778
13.8576,12.6785,0,12.6785,16.88,115.928,212,1,0,2033,33.7526,33.8037,39.2711
13.8698,9.1568,0,9.1568,16.86,115.771,199,3,0,2036,33.7564,33.8075,39.261
13.892,10.7045,0,10.7045,16.86,115.771,189,3,0,2039,33.7523,33.8033,39.251
13.9045,9.48588,0,9.48588,16.84,115.615,217,0,0,2040,33.7956,33.8466,39.2476
13.9309,15.4957,0,15.4957,16.84,115.615,292,2,0,2042,33.8369,33.8893,39.2409
13.9388,4.62517,0,4.62517,16.82,115.463,209,1,0,2043,33.8899,33.9422,39.2376
13.9604,5.82812,0,5.82812,16.82,115.463,189,3,0,2045,33.8851,33.9374,39.2309
13.9772,13.2989,0,13.2989,16.8,115.344,179,3,0,2047,33.9297,33.9819,39.2243
14.0093,24.7541,0,24.7541,16.8,115.344,755,7,0,2049,34.0522,34.1059,39.2176
14.0296,16.5366,0,16.5366,16.78,115.235,182,2,0,2051,34.1273,34.1809,39.211
14.0469,13.6527,0,13.6527,16.76,115.17,185,3,0,2054,34.1149,34.1685,39.201
14.0586,4.91643,0,4.91643,16.76,115.17,189,0,0,2055,34.1426,34.1961,39.1977
14.0797,17.3946,0,17.3946,16.74,115.105,179,2,0,2057,34.2212,34.2747,39.1911
14.0942,11.601,0,11.601,16.72,115.04,179,3,0,2059,34.2035,34.2569,39.1844
14.124,20.411,0,20.411,16.72,115.04,207,4,0,2061,34.2426,34.295,39.1778
14.1344,6.75101,0,6.75101,16.7,114.975,179,1,0,2063,34.2429,34.2952,39.1712
14.1523,4.48879,0,4.48879,16.7,114.975,180,2,0,2065,34.2165,34.2688,39.1646
14.1694,13.624,0,13.624,16.68,114.91,304,1,0,2068,34.2553,34.3075,39.1548
14.1809,4.54667,0,4.54667,16.68,114.91,230,0,0,2071,34.2477,34.2999,39.1449
14.186,1.95423,0,1.95423,16.66,114.845,179,2,0,2073,34.2282,34.2803,39.1383
14.2212,15.6216,0,15.6216,16.66,114.845,212,3,0,2077,34.2662,34.3182,39.1252
14.2279,3.11599,0,3.11599,16.64,114.78,159,1,0,2078,34.2565,34.3085,39.1219
14.2657,20.539,0,20.539,16.64,114.78,214,3,0,2081,34.3815,34.4334,39.1121
14.2823,12.9693,0,12.9693,16.62,114.715,177,3,0,2084,34.406,34.4578,39.1023
14.3112,21.469,0,21.469,16.62,114.715,420,7,0,2088,34.398,34.4497,39.0893
14.3156,1.32489,0,1.32489,16.6,114.65,143,0,0,2089,34.3844,34.4361,39.086
14.3551,19.6758,0,19.6758,16.6,114.65,434,5,0,2091,34.4237,34.4758,39.0795
14.3603,1.30318,0,1.30318,16.58,114.585,145,1,0,2092,34.4187,34.4708,39.0763
14.3856,6.31505,0,6.31505,16.58,114.585,203,5,0,2095,34.4153,34.4668,39.0666
14.3962,6.78093,0,6.78093,16.56,114.52,143,2,0,2096,34.4351,34.4866,39.0633
14.4115,1.61978,0,1.61978,16.56,114.52,133,0,0,2096,34.4351,34.4866,39.0633
14.4163,1.6023,0,1.6023,16.54,114.455,137,0,0,2096,34.4351,34.4866,39.0633
14.4458,9.91895,0,9.91895,16.54,114.455,433,18,0,2098,34.5,34.5548,39.0568
14.606,155.903,10.7995,145.104,16.52,114.39,24142,417,0,2101,34.3179,34.4069,39.0471
14.613,2.76584,0,2.76584,16.5,114.325,139,1,0,2102,34.3135,34.4025,39.0439
14.6712,40.3072,0,40.3072,16.5,114.325,761,14,0,2106,34.4782,34.5655,39.031
14.684,8.77323,0,8.77323,16.48,114.26,514,1,0,2107,34.5672,34.6545,39.0278
14.711,15.3948,0,15.3948,16.48,114.26,194,3,0,2112,34.5739,34.661,39.0117
14.7206,5.95275,0,5.95275,16.46,114.195,226,2,0,2116,34.5638,34.6508,38.9989
14.7457,10.6706,0,10.6706,16.46,114.195,228,3,0,2117,34.5668,34.6528,38.9957
14.7616,12.2879,0,12.2879,16.44,114.13,356,3,0,2121,34.6568,34.7445,38.9829
14.7759,6.78097,0,6.78097,16.44,114.13,234,0,0,2123,34.6557,34.7433,38.9765
14.7916,12.4515,0,12.4515,16.42,114.065,172,3,0,2126,34.6595,34.7469,38.9669
14.8197,19.4128,0,19.4128,16.42,114.065,463,2,0,2128,34.6941,34.7824,38.9605
14.8241,1.19684,0,1.19684,16.4,114,142,0,0,2128,34.6941,34.7824,38.9605
14.8579,14.5361,0,14.5361,16.4,114,448,13,0,2130,34.7085,34.7995,38.9542
14.8763,15.0193,0,15.0193,16.38,113.935,288,9,0,2132,34.7223,34.8143,38.9478
14.884,1.88662,0,1.88662,16.38,113.935,142,0,0,2132,34.7223,34.8143,38.9478
14.8909,3.79987,0,3.79987,16.36,113.87,168,2,0,2133,34.7351,34.827,38.9446
14.9131,5.15268,0,5.15268,16.36,113.87,163,2,0,2135,34.7194,34.8112,38.9383
14.9358,19.0277,0,19.0277,16.34,113.805,174,1,0,2138,34.7208,34.8124,38.9288
14.9458,7.20867,0,7.20867,16.32,113.74,160,3,0,2140,34.7533,34.8449,38.9225
14.9734,13.6997,0,13.6997,16.32,113.74,394,5,0,2142,34.9057,34.9986,38.9161
14.982,5.36279,0,5.36279,16.3,113.675,150,2,0,2144,34.8899,34.9827,38.9098
15.0042,6.23712,0,6.23712,16.3,113.675,248,9,0,2146,34.9185,35.0107,38.9035
15.0337,26.4705,0,26.4705,16.28,113.61,271,7,0,2151,35.0056,35.0976,38.8878
15.0439,6.76935,0,6.76935,16.26,113.545,148,2,0,2154,35.0409,35.1328,38.8783
15.0709,13.303,0,13.303,16.26,113.545,169,2,0,2156,35.0213,35.1136,38.8721
15.0782,4.59013,0,4.59013,16.24,113.48,191,3,0,2159,34.9907,35.0829,38.8627
15.108,13.1064,0,13.1064,16.24,113.48,149,2,0,2161,35.0162,35.1083,38.8564
15.1199,8.94031,0,8.94031,16.22,113.415,158,2,0,2162,35.0148,35.1068,38.8533
15.1354,3.91027,0,3.91027,16.22,113.415,145,1,0,2164,35.0208,35.1128,38.847
15.1505,12.0181,0,12.0181,16.2,113.35,213,3,0,2167,35.0701,35.162,38.8377
15.1646,4.62585,0,4.62585,16.2,113.35,159,2,0,2169,35.0567,35.1485,38.8314
15.1805,12.6031,0,12.6031,16.18,113.285,249,11,0,2172,35.1041,35.2003,38.8221
15.2046,15.5987,0,15.5987,16.18,113.285,150,2,0,2175,35.1209,35.217,38.8128
15.2101,2.813,0,2.813,16.16,113.22,153,2,0,2177,35.119,35.215,38.8066
15.2453,16.5477,0,16.5477,16.16,113.22,202,5,0,2180,35.1133,35.2092,38.7973
15.2524,3.32999,0,3.32999,16.14,113.155,154,0,0,2182,35.0999,35.1957,38.7911
15.2722,2.8546,0,2.8546,16.14,113.155,133,0,0,2182,35.0999,35.1957,38.7911
15.2925,16.6238,0,16.6238,16.12,113.09,153,3,0,2184,35.2134,35.3086,38.7849
15.2968,1.22126,0,1.22126,16.12,113.09,133,0,0,2184,35.2134,35.3086,38.7849
15.3004,0.650432,0,0.650432,16.1,113.025,133,0,0,2184,35.2134,35.3086,38.7849
15.3243,3.24761,0,3.24761,16.1,113.025,143,1,0,2185,35.2151,35.3103,38.7818
15.3546,26.9177,0,26.9177,16.08,112.96,422,12,0,2189,35.2723,35.3691,38.7695
15.3613,2.91055,0,2.91055,16.06,112.895,403,0,0,2190,35.2872,35.384,38.7664
15.382,3.12028,0,3.12028,16.06,112.895,143,1,0,2191,35.2734,35.3702,38.7633
15.3916,6.3115,0,6.3115,16.04,112.83,140,1,0,2192,35.2609,35.3577,38.7602
15.4288,22.727,0,22.727,16.04,112.83,327,5,0,2194,35.2689,35.366,38.7541
15.4582,26.0247,0,26.0247,16.02,112.765,1298,95,0,2196,35.3465,35.4554,38.7479
15.4693,7.22471,0,7.22471,16,112.7,160,1,0,2197,35.335,35.4438,38.7449
15.4883,5.51875,0,5.51875,16,112.7,160,1,0,2198,35.328,35.4368,38.7418
15.5103,18.7445,0,18.7445,15.98,112.635,170,4,0,2200,35.3214,35.43,38.7357
15.5155,1.46401,0,1.46401,15.96,112.57,150,0,0,2200,35.3214,35.43,38.7357
15.5483,13.9066,0,13.9066,15.96,112.57,209,2,0,2202,35.3283,35.4373,38.7296
15.5653,13.4895,0,13.4895,15.94,112.505,197,2,0,2205,35.3188,35.4281,38.7204
15.584,11.568,0,11.568,15.94,112.505,160,1,0,2206,35.3083,35.4175,38.7173
15.5912,4.26929,0,4.26929,15.92,112.44,160,1,0,2207,35.3163,35.4255,38.7143
15.614,5.7135,0,5.7135,15.92,112.44,196,1,0,2208,35.3333,35.4425,38.7112
15.6242,6.91948,0,6.91948,15.9,112.375,160,2,0,2209,35.3735,35.4826,38.7082
15.6616,23.1993,0,23.1993,15.9,112.375,479,7,0,2210,35.4887,35.5986,38.7051
15.6734,8.10482,0,8.10482,15.88,112.31,189,4,0,2213,35.4826,35.5924,38.696
15.6966,10.2282,0,10.2282,15.88,112.31,220,5,0,2215,35.4799,35.5892,38.6899
15.7057,5.22671,0,5.22671,15.86,112.244,160,1,0,2216,35.4842,35.5934,38.6869
15.7317,10.1416,0,10.1416,15.86,112.244,452,8,0,2218,35.5311,35.6456,38.6808
15.7453,10.1785,0,10.1785,15.84,112.179,168,1,0,2220,35.5167,35.6311,38.6747
15.7608,4.34736,0,4.34736,15.84,112.179,169,2,0,2221,35.5106,35.6249,38.6717
15.9192,154.749,17.1793,137.57,15.82,112.114,23974,1040,0,2223,35.2946,35.4166,38.6656
15.932,8.35558,0,8.35558,15.8,112.049,159,1,0,2224,35.3296,35.4514,38.6626
15.9604,16.2763,0,16.2763,15.8,112.049,176,2,0,2227,35.3938,35.5155,38.6535
15.9659,1.5317,0,1.5317,15.78,111.984,139,0,0,2227,35.3938,35.5155,38.6535
15.9885,3.42712,0,3.42712,15.78,111.984,171,1,0,2229,35.3688,35.4904,38.6475
16.0011,9.22796,0,9.22796,15.76,111.919,159,3,0,2231,35.3814,35.5029,38.6415
16.016,2.75339,0,2.75339,15.76,111.919,149,1,0,2232,35.3795,35.5009,38.6385
16.0272,7.64032,0,7.64032,15.74,111.854,321,24,0,2235,35.3834,35.5074,38.6294
16.0507,9.96845,0,9.96845,15.74,111.854,192,4,0,2238,35.4124,35.5362,38.6204
16.0756,21.3459,0,21.3459,15.72,106.534,167,4,0,2242,35.3952,35.5187,38.6084
16.0946,15.4533,0,15.4533,15.7,106.378,201,4,0,2245,35.4027,35.5256,38.5994
16.1,0.766437,0,0.766437,15.7,106.378,147,0,0,2245,35.4027,35.5256,38.5994
16.112,8.18657,0,8.18657,15.68,106.223,168,2,0,2248,35.4448,35.5676,38.5904
16.1257,1.41148,0,1.41148,15.68,106.223,137,0,0,2248,35.4448,35.5676,38.5904
16.1463,17.3341,0,17.3341,15.66,106.069,214,3,0,2251,35.5264,35.649,38.5815
16.1588,9.00182,0,9.00182,15.64,110.295,143,4,0,2252,35.5173,35.6394,38.5785
16.177,6.42627,0,6.42627,15.64,110.295,155,3,0,2253,35.5748,35.6977,38.5755
16.1826,1.89283,0,1.89283,15.62,110.134,145,1,0,2254,35.5665,35.6894,38.5725
16.2143,12.2467,0,12.2467,15.62,110.134,164,3,0,2256,35.6126,35.7354,38.5666
16.2273,9.78457,0,9.78457,15.6,109.972,186,2,0,2257,35.6061,35.7293,38.5636
16.256,17.3302,0,17.3302,15.6,109.972,170,4,0,2260,35.6482,35.7721,38.5547
16.2645,5.56633,0,5.56633,15.58,109.811,163,2,0,2262,35.6348,35.7586,38.5487
16.2885,8.19597,0,8.19597,15.58,109.811,135,1,0,2263,35.6213,35.745,38.5458
16.2927,1.33566,0,1.33566,15.56,109.651,143,0,0,2263,35.6213,35.745,38.5458
16.3161,3.73036,0,3.73036,15.56,109.651,163,1,0,2265,35.6115,35.7351,38.5399
16.3288,9.21869,0,9.21869,15.54,109.49,163,2,0,2267,35.6096,35.7331,38.5339
16.3435,2.79111,0,2.79111,15.54,109.49,170,0,0,2268,35.5988,35.7222,38.531
16.3573,10.2997,0,10.2997,15.52,109.33,163,2,0,2270,35.6018,35.7251,38.5251
16.3746,5.51527,0,5.51527,15.52,109.33,153,1,0,2271,35.6182,35.7415,38.5221
16.3841,6.07437,0,6.07437,15.5,109.17,154,1,0,2272,35.6158,35.739,38.5192
16.4096,9.19153,0,9.19153,15.5,109.17,166,2,0,2274,35.6354,35.7586,38.5133
16.4163,3.31496,0,3.31496,15.48,109.03,162,2,0,2275,35.6251,35.7481,38.5103
16.4513,16.4224,0,16.4224,15.48,109.03,306,3,0,2277,35.661,35.7848,38.5044
16.4586,4.15877,0,4.15877,15.46,108.893,173,3,0,2280,35.6456,35.7693,38.4956
16.4815,5.98248,0,5.98248,15.46,108.893,173,1,0,2282,35.6389,35.7625,38.4897
16.4897,4.75709,0,4.75709,15.44,108.754,163,0,0,2283,35.6456,35.7692,38.4868
16.5137,7.50997,0,7.50997,15.44,108.754,172,3,0,2285,35.646,35.7694,38.4809
16.5236,6.70153,0,6.70153,15.42,108.615,153,2,0,2286,35.6452,35.7686,38.478
16.5466,8.76466,0,8.76466,15.42,108.615,143,0,0,2286,35.6452,35.7686,38.478
16.5562,6.58292,0,6.58292,15.4,108.474,153,1,0,2287,35.6384,35.7617,38.475
16.5984,27.5078,0,27.5078,15.4,108.474,271,4,0,2290,35.6904,35.8135,38.4663
16.6097,7.36604,0,7.36604,15.38,108.332,236,2,0,2293,35.7113,35.8343,38.4575
16.6314,8.1397,0,8.1397,15.38,108.332,189,1,0,2294,35.7437,35.8666,38.4546
16.6488,13.6283,0,13.6283,15.36,108.189,230,3,0,2297,35.7732,35.8968,38.4458
16.6738,17.1908,0,17.1908,15.36,108.189,201,1,0,2299,35.7729,35.8965,38.44
16.711,33.7362,0,33.7362,15.34,108.044,288,5,0,2304,35.8607,35.9822,38.4254
16.7213,6.57285,0,6.57285,15.32,107.899,163,2,0,2306,35.866,35.9874,38.4196
16.7387,3.1613,0,3.1613,15.32,107.899,150,0,0,2308,35.838,35.9593,38.4138
16.7491,6.77101,0,6.77101,15.3,107.752,161,1,0,2310,35.8628,35.984,38.408
16.7742,10.7119,0,10.7119,15.3,107.752,189,2,0,2313,35.9131,36.0342,38.3994
16.7889,11.4791,0,11.4791,15.28,107.604,161,2,0,2314,35.898,36.019,38.3965
16.8095,10.6519,0,10.6519,15.28,107.604,161,1,0,2315,35.8903,36.0112,38.3936
16.8196,7.11128,0,7.11128,15.26,107.454,171,2,0,2317,35.9012,36.022,38.3878
16.8358,2.02971,0,2.02971,15.26,107.454,157,0,0,2318,35.9129,36.0336,38.3849
16.8731,33.8568,0,33.8568,15.24,107.303,326,7,0,2323,36.0327,36.155,38.3705
16.8902,13.6417,0,13.6417,15.22,107.151,156,2,0,2324,36.0818,36.204,38.3676
16.9272,29.7883,0,29.7883,15.22,107.151,662,24,0,2328,36.0666,36.1933,38.3562
16.9378,6.81002,0,6.81002,15.2,106.998,192,5,0,2329,36.0863,36.216,38.3533
16.9718,20.5075,0,20.5075,15.2,106.998,270,6,0,2333,36.1492,36.2786,38.3418
16.9828,7.42741,0,7.42741,15.18,106.843,174,2,0,2335,36.1585,36.2878,38.3361
17.0055,9.21711,0,9.21711,15.18,106.843,188,1,0,2337,36.1682,36.2974,38.3304
17.0187,9.55424,0,9.55424,15.16,106.686,176,4,0,2340,36.1444,36.2735,38.3218
17.0316,1.45742,0,1.45742,15.16,106.686,143,0,0,2340,36.1444,36.2735,38.3218
17.0524,17.6247,0,17.6247,15.14,106.529,168,1,0,2343,36.1268,36.2557,38.3133
17.0573,1.88497,0,1.88497,15.12,106.37,143,0,0,2343,36.1268,36.2557,38.3133
17.079,2.47701,0,2.47701,15.12,106.37,166,1,0,2345,36.0989,36.2277,38.3076
17.0894,6.90136,0,6.90136,15.1,106.21,213,0,0,2346,36.104,36.2327,38.3047
17.1088,4.87417,0,4.87417,15.1,106.21,163,2,0,2348,36.129,36.2577,38.299
17.1237,11.2262,0,11.2262,15.08,106.05,156,2,0,2349,36.1686,36.2971,38.2962
17.152,18.3111,0,18.3111,15.08,106.05,209,2,0,2350,36.1796,36.3085,38.2934
17.1647,9.64305,0,9.64305,15.06,105.89,218,2,0,2354,36.1551,36.2838,38.282
17.182,5.5972,0,5.5972,15.06,105.89,162,2,0,2355,36.1673,36.296,38.2792
17.2052,19.9521,0,19.9521,15.04,105.729,182,4,0,2358,36.2536,36.3821,38.2707
17.2196,10.6458,0,10.6458,15.02,105.568,190,4,0,2361,36.2918,36.421,38.2622
17.2415,11.5778,0,11.5778,15.02,105.568,222,4,0,2364,36.3359,36.4649,38.2537
17.2529,7.83584,0,7.83584,15,105.407,370,1,0,2366,36.3956,36.5245,38.2481
17.2707,4.90056,0,4.90056,15,105.407,163,2,0,2368,36.3885,36.5173,38.2425
17.2753,1.09309,0,1.09309,14.98,105.245,143,0,0,2368,36.3885,36.5173,38.2425
17.315,19.5882,0,19.5882,14.98,105.245,219,2,0,2369,36.4234,36.5526,38.2397
17.3385,20.2871,0,20.2871,14.96,105.083,163,3,0,2371,36.4559,36.585,38.234
17.3542,12.0211,0,12.0211,14.94,101.895,163,1,0,2372,36.4448,36.5738,38.2312
17.3736,10.8426,0,10.8426,14.94,101.895,245,2,0,2374,36.5295,36.6584,38.2256
17.3878,10.6952,0,10.6952,14.92,101.705,407,2,0,2377,36.5423,36.671,38.2172
17.4218,23.3183,0,23.3183,14.92,101.705,267,2,0,2381,36.5657,36.6942,38.206
17.4352,9.31111,0,9.31111,14.9,101.516,178,2,0,2383,36.6055,36.7339,38.2004
17.4505,4.1577,0,4.1577,14.9,101.516,172,1,0,2384,36.6049,36.7332,38.1976
17.4916,37.11,0,37.11,14.88,101.328,441,9,0,2389,36.6995,36.8271,38.1837
17.5071,11.0852,0,11.0852,14.86,101.14,406,24,0,2390,36.7586,36.8837,38.1809
17.5303,14.1331,0,14.1331,14.86,101.14,186,2,0,2392,36.7567,36.8817,38.1753
17.5425,8.44688,0,8.44688,14.84,100.973,167,1,0,2393,36.8069,36.9319,38.1725
17.5554,0.932746,0,0.932746,14.84,100.973,157,0,0,2393,36.8069,36.9319,38.1725
17.5652,5.94038,0,5.94038,14.82,100.822,183,1,0,2395,36.8196,36.9445,38.167
17.5913,11.2905,0,11.2905,14.82,100.822,205,2,0,2398,36.8198,36.9445,38.1587
17.6087,13.1635,0,13.1635,14.8,100.673,177,2,0,2401,36.8517,36.9763,38.1503
17.6366,20.6702,0,20.6702,14.8,100.673,264,7,0,2405,36.8491,36.9755,38.1393
17.6478,7.50837,0,7.50837,14.78,100.525,187,3,0,2408,36.8983,37.0245,38.131
17.6738,12.5762,0,12.5762,14.78,100.525,229,0,0,2409,36.9066,37.0328,38.1282
17.687,10.0857,0,10.0857,14.76,100.378,193,2,0,2411,36.9125,37.0386,38.1227
17.7004,2.22887,0,2.22887,14.76,100.378,173,1,0,2412,36.9063,37.0323,38.12
17.7158,11.8449,0,11.8449,14.74,100.234,180,2,0,2414,37.012,37.1379,38.1144
17.7379,12.5207,0,12.5207,14.74,100.234,184,1,0,2417,37.0033,37.1291,38.1062
17.7514,10.2009,0,10.2009,14.72,100.09,161,0,0,2418,36.9921,37.1179,38.1035
17.7837,21.111,0,21.111,14.72,100.09,173,2,0,2420,36.9798,37.1054,38.098
17.7916,4.09252,0,4.09252,14.7,99.9478,187,1,0,2421,37.0008,37.1264,38.0952
17.8187,11.0509,0,11.0509,14.7,99.9478,160,0,0,2422,37.0285,37.154,38.0925
17.8394,16.82,0,16.82,14.68,99.8069,232,4,0,2427,37.1401,37.2653,38.0788
17.8449,1.44278,0,1.44278,14.66,99.6674,156,0,0,2427,37.1401,37.2653,38.0788
17.877,12.3893,0,12.3893,14.66,99.6674,166,2,0,2428,37.1536,37.2788,38.076
17.8971,16.4701,0,16.4701,14.64,99.5291,185,2,0,2430,37.142,37.2671,38.0706
17.9121,10.5751,0,10.5751,14.64,99.5291,176,2,0,2432,37.1735,37.2985,38.0651
17.9249,8.788,0,8.788,14.62,99.3921,188,1,0,2435,37.1326,37.2575,38.0569
17.964,27.8955,0,27.8955,14.62,99.3921,242,2,0,2438,37.1817,37.3064,38.0488
17.9737,5.70049,0,5.70049,14.6,99.2564,176,2,0,2440,37.2033,37.3279,38.0433
17.9945,5.69575,0,5.69575,14.6,99.2564,166,1,0,2441,37.1884,37.313,38.0406
17.9999,1.74485,0,1.74485,14.58,99.122,156,0,0,2441,37.1884,37.313,38.0406
18.0278,8.42929,0,8.42929,14.58,99.122,156,0,0,2441,37.1884,37.313,38.0406
18.035,3.88464,0,3.88464,14.56,98.9889,176,2,0,2443,37.1907,37.3152,38.0352
18.0591,6.71524,0,6.71524,14.56,98.9889,156,0,0,2443,37.1907,37.3152,38.0352
18.075,12.3349,0,12.3349,14.54,98.8568,176,2,0,2445,37.1857,37.31,38.0298
18.0989,15.0201,0,15.0201,14.54,98.8568,208,4,0,2446,37.1832,37.3095,38.027
18.1091,6.24546,0,6.24546,14.52,98.7253,162,0,0,2447,37.1704,37.2967,38.0243
18.1307,6.40812,0,6.40812,14.52,98.7253,195,2,0,2449,37.1646,37.2907,38.0189
18.1429,8.19984,0,8.19984,14.5,98.5943,193,3,0,2452,37.1611,37.2871,38.0108
18.1592,2.90448,0,2.90448,14.5,98.5943,168,1,0,2453,37.1586,37.2845,38.0081
18.1699,6.32627,0,6.32627,14.48,98.4638,202,1,0,2455,37.1422,37.268,38.0027
18.2059,21.5201,0,21.5201,14.48,98.4638,274,3,0,2459,37.2131,37.3388,37.9919
18.2213,12.0525,0,12.0525,14.46,98.3338,902,60,0,2460,37.2232,37.3472,37.9892
18.2346,3.72829,0,3.72829,14.46,98.3338,213,2,0,2462,37.2279,37.3517,37.9838
18.25,11.7689,0,11.7689,14.44,98.2043,179,1,0,2463,37.2148,37.3386,37.9811
18.2683,8.98152,0,8.98152,14.44,98.2043,267,3,0,2467,37.2084,37.332,37.9704
18.2754,3.47704,0,3.47704,14.42,98.0753,164,0,0,2467,37.2084,37.332,37.9704
18.3051,11.6349,0,11.6349,14.42,98.0753,200,2,0,2469,37.2511,37.3746,37.965
18.3169,8.13484,0,8.13484,14.4,97.9467,166,1,0,2470,37.2393,37.3628,37.9623
18.344,13.8484,0,13.8484,14.4,97.9467,176,2,0,2472,37.231,37.3544,37.957
18.3618,13.3889,0,13.3889,14.38,97.8186,202,3,0,2474,37.2684,37.3921,37.9516
18.3715,2.92401,0,2.92401,14.38,97.8186,157,0,0,2475,37.2537,37.3774,37.949
18.3808,5.66424,0,5.66424,14.36,97.7251,176,2,0,2477,37.2289,37.3524,37.9436
18.4168,20.0986,0,20.0986,14.36,97.7251,183,2,0,2479,37.2086,37.332,37.9383
18.4278,6.30786,0,6.30786,14.34,97.6461,198,1,0,2482,37.2405,37.3638,37.9303
18.4539,12.3836,0,12.3836,14.34,97.6461,203,4,0,2486,37.2341,37.3572,37.9196
18.4636,5.49242,0,5.49242,14.32,97.5671,186,2,0,2488,37.2592,37.3822,37.9143
18.4932,14.113,0,14.113,14.32,97.5671,213,3,0,2493,37.2543,37.3771,37.901
18.501,4.05023,0,4.05023,14.3,97.4881,167,1,0,2495,37.2381,37.3607,37.8957
18.5212,2.97817,0,2.97817,14.3,97.4881,166,1,0,2496,37.2356,37.3582,37.8931
18.5414,16.4957,0,16.4957,14.28,97.4091,204,3,0,2500,37.2956,37.418,37.8825
18.5673,21.3668,0,21.3668,14.26,97.3301,176,2,0,2503,37.2641,37.3863,37.8746
18.5833,12.5449,0,12.5449,14.24,97.251,196,2,0,2506,37.2398,37.3619,37.8667
18.5961,3.96457,0,3.96457,14.24,97.251,176,2,0,2508,37.2145,37.3365,37.8614
18.6192,19.417,0,19.417,14.22,97.172,215,4,0,2511,37.2159,37.3377,37.8535
18.6347,11.4332,0,11.4332,14.2,97.093,186,1,0,2512,37.2213,37.3432,37.8509
18.645,0.813206,0,0.813206,14.2,97.093,176,0,0,2512,37.2213,37.3432,37.8509
18.6687,19.7798,0,19.7798,14.18,97.014,209,3,0,2515,37.2183,37.34,37.843
18.6797,7.28678,0,7.28678,14.16,96.935,196,1,0,2517,37.2074,37.329,37.8377
18.7019,8.31073,0,8.31073,14.16,96.935,206,4,0,2520,37.2194,37.3409,37.8299
18.7153,9.05899,0,9.05899,14.14,96.856,211,3,0,2523,37.22,37.3413,37.822
18.7336,6.221,0,6.221,14.14,96.856,189,1,0,2525,37.2467,37.3679,37.8168
18.754,16.1884,0,16.1884,14.12,96.777,225,4,0,2529,37.2997,37.4207,37.8064
18.7848,26.0823,0,26.0823,14.1,96.698,278,5,0,2531,37.3062,37.4271,37.8011
18.8066,17.8209,0,17.8209,14.08,96.619,176,2,0,2533,37.2854,37.4062,37.7959
18.8132,2.28955,0,2.28955,14.06,96.54,186,1,0,2535,37.2619,37.3826,37.7907
18.85,18.6546,0,18.6546,14.06,96.54,189,1,0,2538,37.2699,37.3905,37.7829
18.8697,15.8933,0,15.8933,14.04,96.4609,176,4,0,2541,37.3365,37.4569,37.7751
18.8929,18.8378,0,18.8378,14.02,96.3819,187,4,0,2544,37.4175,37.5377,37.7674
18.9079,11.1963,0,11.1963,14,96.3029,146,1,0,2545,37.4051,37.5253,37.7648
18.9364,18.6088,0,18.6088,14,96.3029,219,3,0,2547,37.4205,37.5395,37.7596
19.0556,115.086,15.8018,99.2847,13.98,96.2239,15625,375,0,2550,37.0722,37.2631,37.7518
19.0785,17.2812,0,17.2812,13.96,96.1449,224,4,0,2553,37.103,37.2938,37.7441
19.1056,23.1069,0,23.1069,13.94,96.0659,179,2,0,2555,37.2274,37.418,37.7389
19.1128,3.19779,0,3.19779,13.92,95.9869,146,1,0,2556,37.2246,37.4151,37.7364
19.1321,2.3896,0,2.3896,13.92,95.9869,146,1,0,2557,37.2245,37.4149,37.7338
19.1513,15.0944,0,15.0944,13.9,95.9079,226,5,0,2560,37.2422,37.4328,37.7261
19.1768,19.8636,0,19.8636,13.9,95.9079,192,4,0,2564,37.2328,37.4232,37.7158
19.2045,23.7049,0,23.7049,13.88,95.8289,186,5,0,2567,37.3584,37.5481,37.7081
19.2214,13.0302,0,13.0302,13.86,95.7499,146,1,0,2568,37.3528,37.5424,37.7055
19.2366,8.51673,0,8.51673,13.86,95.7499,166,2,0,2571,37.3633,37.5527,37.6978
19.242,1.15122,0,1.15122,13.84,95.6708,133,0,0,2571,37.3633,37.5527,37.6978
19.2856,24.4902,0,24.4902,13.84,95.6708,153,2,0,2573,37.377,37.5663,37.6927
19.3034,13.2178,0,13.2178,13.82,95.5918,178,2,0,2574,37.3963,37.5851,37.6902
19.3132,2.11752,0,2.11752,13.82,95.5918,143,0,0,2574,37.3963,37.5851,37.6902
19.3199,2.63584,0,2.63584,13.8,95.5128,165,1,0,2575,37.4012,37.5899,37.6876
19.3403,1.7618,0,1.7618,13.8,95.5128,143,0,0,2575,37.4012,37.5899,37.6876
19.358,13.699,0,13.699,13.78,95.4338,194,3,0,2578,37.4907,37.6792,37.68
19.3865,21.6127,0,21.6127,13.78,95.4338,279,0,0,2581,37.5397,37.728,37.6723
19.3976,7.01428,0,7.01428,13.76,95.3548,153,1,0,2582,37.5442,37.7324,37.6698
19.4459,34.7361,0,34.7361,13.76,95.3548,183,5,0,2586,37.5464,37.7343,37.6596
19.4599,9.73299,0,9.73299,13.74,95.2758,153,2,0,2588,37.575,37.7628,37.6545
19.4742,3.0489,0,3.0489,13.74,95.2758,143,1,0,2589,37.5662,37.754,37.652
19.4833,4.85337,0,4.85337,13.72,95.1968,153,1,0,2590,37.5641,37.7517,37.6494
19.508,8.31153,0,8.31153,13.72,95.1968,279,1,0,2592,37.5799,37.7674,37.6444
19.5347,22.8505,0,22.8505,13.7,95.1178,223,3,0,2596,37.6225,37.8097,37.6342
19.5552,15.3541,0,15.3541,13.68,95.0388,156,2,0,2599,37.5856,37.7726,37.6266
19.5715,12.7234,0,12.7234,13.68,95.0388,153,2,0,2601,37.6275,37.8143,37.6216
19.5975,21.2537,0,21.2537,13.66,94.9597,341,22,0,2604,37.6617,37.8591,37.614
19.6071,5.00635,0,5.00635,13.64,94.8807,130,0,0,2604,37.6617,37.8591,37.614
19.6245,2.19845,0,2.19845,13.64,94.8807,140,1,0,2605,37.6576,37.8549,37.6115
19.6391,11.0177,0,11.0177,13.62,94.8017,204,4,0,2608,37.6952,37.8923,37.6039
19.6616,12.0797,0,12.0797,13.62,94.8017,150,2,0,2610,37.6785,37.8755,37.5989
19.6765,10.4484,0,10.4484,13.6,94.7227,184,3,0,2612,37.6868,37.8836,37.5939
19.6946,8.4709,0,8.4709,13.6,94.7227,140,2,0,2613,37.7015,37.8982,37.5914
19.708,8.76473,0,8.76473,13.58,94.6437,133,1,0,2614,37.6924,37.8891,37.5889
19.7216,2.40042,0,2.40042,13.58,94.6437,130,1,0,2615,37.6799,37.8765,37.5863
19.7382,12.9708,0,12.9708,13.56,94.5647,120,1,0,2616,37.6785,37.875,37.5838
19.7627,15.7584,0,15.7584,13.56,94.5647,130,3,0,2618,37.652,37.8484,37.5788
19.7729,5.25761,0,5.25761,13.54,94.4857,134,1,0,2620,37.6424,37.8385,37.5738
19.8083,20.6302,0,20.6302,13.54,94.4857,130,2,0,2622,37.6827,37.8787,37.5688
19.8216,9.37594,0,9.37594,13.52,94.4067,130,1,0,2623,37.6775,37.8734,37.5663
19.8408,7.8253,0,7.8253,13.52,94.4067,140,0,0,2625,37.6838,37.8796,37.5613
19.8592,14.7798,0,14.7798,13.5,94.3277,170,2,0,2627,37.6597,37.8553,37.5563
19.888,22.0733,0,22.0733,13.5,94.3277,150,3,0,2630,37.7148,37.9103,37.5488
19.898,5.33851,0,5.33851,13.48,94.2487,145,3,0,2632,37.7154,37.9107,37.5438
19.9239,10.4724,0,10.4724,13.48,94.2487,158,2,0,2634,37.7358,37.9309,37.5389
19.9516,23.2408,0,23.2408,13.46,94.1696,185,3,0,2637,37.7842,37.9791,37.5314
19.9613,5.2218,0,5.2218,13.44,94.0906,143,1,0,2638,37.8025,37.9973,37.5289
19.986,9.37226,0,9.37226,13.44,94.0906,188,1,0,2640,37.8758,38.0705,37.524
19.998,7.70837,0,7.70837,13.42,94.0116,123,0,0,2640,37.8758,38.0705,37.524
20.025,13.4097,0,13.4097,13.42,94.0116,156,1,0,2642,37.8936,38.0882,37.519
20.0334,4.253,0,4.253,13.4,93.9326,154,1,0,2644,37.9073,38.1017,37.514
20.0545,5.46737,0,5.46737,13.4,93.9326,235,2,0,2646,37.9199,38.1141,37.5091
20.0611,2.64665,0,2.64665,13.38,93.8536,133,0,0,2646,37.9199,38.1141,37.5091
20.0883,8.31335,0,8.31335,13.38,93.8536,180,1,0,2647,37.9214,38.1156,37.5066
20.0986,5.8485,0,5.8485,13.36,93.7746,133,1,0,2648,37.9301,38.1242,37.5041
20.1202,7.5431,0,7.5431,13.36,93.7746,133,1,0,2650,37.9517,38.1457,37.4992
20.1412,17.055,0,17.055,13.34,93.6956,153,3,0,2653,38.04,38.2337,37.4918
20.1563,10.2777,0,10.2777,13.32,93.6166,156,2,0,2655,38.0851,38.2787,37.4868
20.1823,15.7244,0,15.7244,13.32,93.6166,148,2,0,2657,38.0933,38.2868,37.4819
20.1902,4.14572,0,4.14572,13.3,93.5376,133,1,0,2658,38.1046,38.298,37.4795
20.2116,4.15253,0,4.15253,13.3,93.5376,133,1,0,2659,38.1132,38.3065,37.477
20.2174,1.52812,0,1.52812,13.28,93.4586,123,0,0,2659,38.1132,38.3065,37.477
20.2409,3.72576,0,3.72576,13.28,93.4586,145,1,0,2660,38.1011,38.2944,37.4745
20.2552,9.79149,0,9.79149,13.26,93.3795,153,4,0,2663,38.1303,38.3233,37.4672
20.2803,13.7662,0,13.7662,13.26,93.3795,158,5,0,2666,38.1129,38.3057,37.4598
20.2866,2.37794,0,2.37794,13.24,93.3005,133,1,0,2667,38.0997,38.2925,37.4573
20.3164,11.2028,0,11.2028,13.24,93.3005,142,1,0,2668,38.1477,38.3403,37.4549
20.3316,11.4742,0,11.4742,13.22,93.2215,158,0,0,2670,38.1895,38.382,37.45
20.3549,13.4797,0,13.4797,13.22,93.2215,184,4,0,2674,38.2341,38.4263,37.4402
20.372,10.8076,0,10.8076,13.2,93.1425,123,2,0,2675,38.265,38.4572,37.4377
20.3988,18.3646,0,18.3646,13.2,93.1425,193,2,0,2678,38.3208,38.5127,37.4304
20.4077,3.81158,0,3.81158,13.18,93.0635,123,1,0,2679,38.3218,38.5136,37.428
20.428,4.12624,0,4.12624,13.18,93.0635,148,1,0,2681,38.3047,38.4965,37.4231
20.4389,7.08016,0,7.08016,13.16,92.9845,139,2,0,2683,38.325,38.5166,37.4182
20.4586,6.07606,0,6.07606,13.16,92.9845,123,2,0,2685,38.3017,38.4931,37.4134
20.4726,9.82026,0,9.82026,13.14,92.9055,122,2,0,2687,38.3562,38.5475,37.4085
20.4865,3.6239,0,3.6239,13.14,92.9055,93,0,0,2687,38.3562,38.5475,37.4085
20.494,3.38493,0,3.38493,13.12,92.8265,104,1,0,2688,38.3434,38.5346,37.4061
20.5213,10.4363,0,10.4363,13.12,92.8265,123,4,0,2691,38.3099,38.5009,37.3988
20.5346,9.42282,0,9.42282,13.1,92.7475,112,0,0,2693,38.2837,38.4746,37.3939
20.5527,7.32552,0,7.32552,13.1,92.7475,113,2,0,2695,38.3024,38.4931,37.3891
20.5752,18.2237,0,18.2237,13.08,92.6684,113,2,0,2697,38.3152,38.5057,37.3842
20.5945,15.4153,0,15.4153,13.06,92.5894,140,5,0,2700,38.3278,38.5174,37.377
20.6084,8.66733,0,8.66733,13.06,92.5894,148,2,0,2702,38.3168,38.5063,37.3721
20.6158,3.8489,0,3.8489,13.04,92.5104,143,2,0,2704,38.3321,38.5214,37.3673
20.6344,1.07305,0,1.07305,13.04,92.5104,93,0,0,2704,38.3321,38.5214,37.3673
20.6499,11.9178,0,11.9178,13.02,92.4314,142,4,0,2707,38.3613,38.5504,37.3601
20.6625,3.27748,0,3.27748,13.02,92.4314,103,1,0,2708,38.3674,38.5565,37.3577
20.6712,4.89685,0,4.89685,13,92.3524,123,3,0,2711,38.363,38.5518,37.3504
20.6954,7.74804,0,7.74804,13,92.3524,117,1,0,2713,38.4029,38.5916,37.3456
20.7183,19.1712,0,19.1712,12.98,92.2734,195,1,0,2715,38.4538,38.6424,37.3408
20.7553,32.1589,0,32.1589,12.96,92.1944,181,5,0,2720,38.5324,38.7221,37.3288
20.7634,3.44762,0,3.44762,12.94,92.1154,106,1,0,2721,38.5204,38.71,37.3264
20.8027,22.6065,0,22.6065,12.94,92.1154,137,2,0,2722,38.5103,38.6991,37.324
20.8239,17.6706,0,17.6706,12.92,92.0364,136,3,0,2725,38.516,38.7046,37.3168
20.8413,13.2523,0,13.2523,12.9,91.9574,139,2,0,2729,38.4962,38.6845,37.3073
20.8538,5.71702,0,5.71702,12.9,91.9574,116,1,0,2730,38.5044,38.6927,37.3049
20.8704,12.1839,0,12.1839,12.88,91.8783,126,2,0,2732,38.5205,38.7086,37.3001
20.8905,12.1626,0,12.1626,12.88,91.8783,219,2,0,2734,38.5841,38.7721,37.2953
20.9246,29.5682,0,29.5682,12.86,91.7993,166,6,0,2738,38.641,38.8287,37.2858
20.944,15.0685,0,15.0685,12.84,91.7203,172,1,0,2740,38.6401,38.8277,37.2811
20.9629,14.1213,0,14.1213,12.84,91.7203,116,1,0,2741,38.6563,38.8439,37.2787
20.9911,24.1612,0,24.1612,12.82,91.6413,148,4,0,2744,38.6975,38.8856,37.2716
21.0168,21.6507,0,21.6507,12.8,91.5623,148,4,0,2747,38.6858,38.8726,37.2644
21.025,3.80482,0,3.80482,12.78,91.4833,286,0,0,2748,38.6932,38.8799,37.2621
21.0594,18.3704,0,18.3704,12.78,91.4833,131,2,0,2750,38.7109,38.8975,37.2573
21.2057,142.125,43.9083,98.2163,12.76,91.4043,18455,1000,0,2753,38.3135,38.5351,37.2502
21.2319,21.2172,0,21.2172,12.74,91.3253,118,4,0,2755,38.3358,38.5568,37.2455
21.2452,8.47569,0,8.47569,12.72,91.2463,98,1,0,2756,38.3755,38.5965,37.2431
21.2611,4.22439,0,4.22439,12.72,91.2463,108,2,0,2758,38.3521,38.5729,37.2384
21.2806,15.8896,0,15.8896,12.7,91.1673,108,2,0,2762,38.3266,38.5471,37.229
21.3055,19.3953,0,19.3953,12.7,91.1673,118,3,0,2765,38.2976,38.5179,37.2219
21.3225,13.6266,0,13.6266,12.68,91.0882,108,2,0,2767,38.2985,38.5186,37.2172
21.3531,23.3043,0,23.3043,12.68,91.0882,199,4,0,2771,38.3649,38.5843,37.2078
21.3734,16.4269,0,16.4269,12.66,91.0092,175,3,0,2775,38.3924,38.6115,37.1985
21.4001,23.288,0,23.288,12.64,90.9302,117,3,0,2777,38.4879,38.7069,37.1938
21.4138,9.81504,0,9.81504,12.62,90.8512,138,6,0,2780,38.4964,38.7151,37.1868
21.4288,4.31027,0,4.31027,12.62,90.8512,98,1,0,2781,38.4937,38.7123,37.1844
21.4553,22.8307,0,22.8307,12.6,90.7722,128,4,0,2786,38.5459,38.7642,37.1727
21.4614,1.50053,0,1.50053,12.58,90.6932,88,0,0,2786,38.5459,38.7642,37.1727
21.5004,19.9352,0,19.9352,12.58,90.6932,99,1,0,2787,38.5612,38.7793,37.1704
21.5165,12.8802,0,12.8802,12.56,90.6142,108,2,0,2789,38.5629,38.7809,37.1657
21.5318,6.75039,0,6.75039,12.56,90.6142,108,2,0,2791,38.5378,38.7556,37.1611
21.5362,1.09574,0,1.09574,12.54,90.5352,88,0,0,2792,38.5258,38.7436,37.1588
21.5672,10.8653,0,10.8653,12.54,90.5352,115,2,0,2794,38.5583,38.7759,37.1541
21.5747,4.14823,0,4.14823,12.52,90.4562,98,1,0,2795,38.5603,38.7778,37.1518
21.5959,4.00617,0,4.00617,12.52,90.4562,88,0,0,2795,38.5603,38.7778,37.1518
21.6094,10.1061,0,10.1061,12.5,90.3772,98,1,0,2796,38.5476,38.765,37.1495
21.6661,45.4941,0,45.4941,12.5,90.3772,138,5,0,2801,38.593,38.8101,37.1379
21.6861,16.1571,0,16.1571,12.48,90.2981,222,2,0,2803,38.6482,38.8651,37.1332
21.6914,0.994471,0,0.994471,12.46,90.2191,108,1,0,2804,38.6391,38.8559,37.1309
21.7298,18.5015,0,18.5015,12.46,90.2191,196,3,0,2806,38.6582,38.8756,37.1263
21.7491,16.0677,0,16.0677,12.44,90.1401,136,4,0,2808,38.7155,38.9327,37.1217
21.7729,18.9533,0,18.9533,12.44,90.1401,128,2,0,2811,38.6923,38.9093,37.1147
21.7802,3.21802,0,3.21802,12.42,90.0611,116,0,0,2812,38.681,38.8979,37.1124
21.8006,3.52277,0,3.52277,12.42,90.0611,120,1,0,2814,38.6652,38.882,37.1078
21.8129,8.80348,0,8.80348,12.4,89.9821,123,2,0,2816,38.6974,38.9141,37.1032
21.8306,5.00311,0,5.00311,12.4,89.9821,108,1,0,2817,38.7061,38.9226,37.1009
21.8582,24.3718,0,24.3718,12.38,89.9031,167,2,0,2820,38.7074,38.9238,37.094
21.8807,18.4728,0,18.4728,12.36,89.8241,128,3,0,2822,38.7867,39.0028,37.0894
21.8858,1.06328,0,1.06328,12.34,89.7451,108,0,0,2822,38.7867,39.0028,37.0894
21.914,9.41086,0,9.41086,12.34,89.7451,118,1,0,2824,38.7758,38.9919,37.0848
21.9231,5.03142,0,5.03142,12.32,89.6661,141,2,0,2826,38.77,38.9858,37.0802
21.9466,8.73888,0,8.73888,12.32,89.6661,118,1,0,2827,38.757,38.9728,37.0779
21.9565,5.87177,0,5.87177,12.3,89.587,114,1,0,2830,38.7272,38.9428,37.0711
21.9864,16.0024,0,16.0024,12.3,89.587,161,3,0,2833,38.7942,39.0095,37.0642
21.9969,6.02,0,6.02,12.28,89.508,108,1,0,2835,38.8081,39.0233,37.0596
22.0273,15.5679,0,15.5679,12.28,89.508,118,2,0,2838,38.803,39.018,37.0528
22.0344,3.81796,0,3.81796,12.26,89.429,108,1,0,2839,38.8211,39.0359,37.0505
22.0821,30.366,0,30.366,12.26,89.429,287,4,0,2842,38.8607,39.0742,37.0436
22.0934,7.82793,0,7.82793,12.24,89.35,118,3,0,2844,38.9033,39.1167,37.0391
22.1148,8.39806,0,8.39806,12.24,89.35,108,1,0,2845,38.8924,39.1058,37.0368
22.1364,18.2709,0,18.2709,12.22,89.271,128,2,0,2847,39.0133,39.2266,37.0323
22.1417,1.05798,0,1.05798,12.2,89.192,98,0,0,2847,39.0133,39.2266,37.0323
22.1673,6.91059,0,6.91059,12.2,89.192,118,2,0,2849,38.9982,39.2113,37.0277
22.1747,3.0003,0,3.0003,12.18,89.113,108,1,0,2850,39.0049,39.2179,37.0254
22.2001,8.48962,0,8.48962,12.18,89.113,109,1,0,2851,39.034,39.2469,37.0232
22.2418,38.0363,0,38.0363,12.16,89.034,387,9,0,2855,39.1005,39.3142,37.0141
22.257,11.1202,0,11.1202,12.14,88.955,118,3,0,2857,39.1488,39.3623,37.0096
22.2696,3.5828,0,3.5828,12.14,88.955,114,0,0,2858,39.1456,39.359,37.0073
22.2812,7.40567,0,7.40567,12.12,88.876,98,0,0,2858,39.1456,39.359,37.0073
22.2956,1.5763,0,1.5763,12.12,88.876,98,0,0,2858,39.1456,39.359,37.0073
22.3072,8.05305,0,8.05305,12.1,88.7969,143,0,0,2859,39.1689,39.3823,37.005
22.3289,8.42701,0,8.42701,12.1,88.7969,98,1,0,2860,39.158,39.3713,37.0028
22.3348,2.3752,0,2.3752,12.08,88.7179,88,0,0,2861,39.1482,39.3614,37.0005
22.3558,2.40115,0,2.40115,12.08,88.7179,88,0,0,2862,39.1359,39.3491,36.9982
22.3641,4.51107,0,4.51107,12.06,88.6389,98,1,0,2864,39.132,39.345,36.9937
22.3911,10.4072,0,10.4072,12.06,88.6389,118,2,0,2867,39.1591,39.3718,36.987
22.5135,118.111,24.5071,93.6035,12.04,88.5599,19093,1214,0,2868,38.5596,38.8417,36.9847
22.5201,1.26998,0,1.26998,12.02,88.4809,88,0,0,2868,38.5596,38.8417,36.9847
22.5715,31.9455,0,31.9455,12.02,88.4809,167,3,0,2870,38.6031,38.885,36.9802
22.5821,6.65466,0,6.65466,12,88.4019,122,1,0,2872,38.5982,38.8799,36.9757
22.6141,18.6973,0,18.6973,12,88.4019,140,2,0,2874,38.6093,38.8907,36.9712
22.6253,7.02693,0,7.02693,11.98,88.3229,118,2,0,2876,38.6217,38.903,36.9667
22.6472,8.23345,0,8.23345,11.98,88.3229,108,2,0,2877,38.6305,38.9117,36.9644
22.6659,15.2034,0,15.2034,11.96,88.2439,128,3,0,2880,38.609,38.8899,36.9577
22.6905,18.3818,0,18.3818,11.96,88.2439,118,3,0,2883,38.59,38.8706,36.951
22.6999,6.33197,0,6.33197,11.94,88.1649,174,1,0,2885,38.6049,38.8853,36.9465
22.7213,6.28536,0,6.28536,11.94,88.1649,117,2,0,2886,38.6164,38.8967,36.9442
22.7471,22.235,0,22.235,11.92,88.0859,141,2,0,2889,38.6466,38.9266,36.9375
22.7583,7.43363,0,7.43363,11.9,88.0068,118,2,0,2891,38.6662,38.946,36.9331
22.7744,2.54911,0,2.54911,11.9,88.0068,107,0,0,2893,38.6409,38.9205,36.9286
22.7851,7.2659,0,7.2659,11.88,87.9278,108,1,0,2894,38.6548,38.9343,36.9264
22.8059,6.72408,0,6.72408,11.88,87.9278,108,1,0,2897,38.661,38.9403,36.9197
22.8311,21.7908,0,21.7908,11.86,87.8488,130,2,0,2899,38.7161,38.9952,36.9152
22.8535,17.7042,0,17.7042,11.84,87.7698,109,1,0,2900,38.7483,39.0272,36.913
22.8579,1.4026,0,1.4026,11.82,87.6908,89,0,0,2900,38.7483,39.0272,36.913
22.8923,14.2318,0,14.2318,11.82,87.6908,125,2,0,2902,38.7788,39.0575,36.9085
22.9056,10.0247,0,10.0247,11.8,87.6118,136,2,0,2905,38.8238,39.1022,36.9019
22.9405,23.5445,0,23.5445,11.8,87.6118,277,2,0,2907,38.8927,39.171,36.8974
22.9537,9.4602,0,9.4602,11.78,87.5328,89,0,0,2907,38.8927,39.171,36.8974
22.9933,28.0023,0,28.0023,11.78,87.5328,404,10,0,2910,38.9134,39.1907,36.8908
23.0172,18.8825,0,18.8825,11.76,87.4538,117,2,0,2912,39.0014,39.2785,36.8863
23.0358,15.3714,0,15.3714,11.74,87.3748,114,0,0,2914,38.9938,39.2708,36.8819
23.0442,2.45553,0,2.45553,11.74,87.3748,113,0,0,2915,39.0017,39.2786,36.8797
23.0629,15.2075,0,15.2075,11.72,87.2957,108,1,0,2916,39.0113,39.2881,36.8775
23.072,2.90147,0,2.90147,11.72,87.2957,98,0,0,2917,38.9986,39.2753,36.8753
23.0883,13.0563,0,13.0563,11.7,87.2167,392,3,0,2920,38.9904,39.2668,36.8686
23.116,19.41,0,19.41,11.7,87.2167,108,1,0,2921,39.0507,39.3269,36.8664
23.127,7.63292,0,7.63292,11.68,87.1377,113,2,0,2924,39.0527,39.3287,36.8598
23.1572,16.4413,0,16.4413,11.68,87.1377,108,2,0,2926,39.0345,39.3103,36.8554
23.1833,22.5999,0,22.5999,11.66,87.0587,262,10,0,2930,39.099,39.3727,36.8466
23.1972,9.15404,0,9.15404,11.64,86.9797,108,2,0,2932,39.0883,39.3619,36.8422
23.2232,14.4989,0,14.4989,11.64,86.9797,164,1,0,2934,39.1411,39.4145,36.8378
23.2407,13.9994,0,13.9994,11.62,86.9007,98,1,0,2937,39.1124,39.3854,36.8312
23.2514,3.45554,0,3.45554,11.62,86.9007,105,1,0,2938,39.113,39.386,36.829
23.2589,3.80796,0,3.80796,11.6,86.8217,113,1,0,2940,39.1248,39.3976,36.8246
23.2782,1.56573,0,1.56573,11.6,86.8217,88,0,0,2940,39.1248,39.3976,36.8246
23.3033,21.2032,0,21.2032,11.58,84.1873,148,1,0,2942,39.1594,39.432,36.8203
23.3293,22.0606,0,22.0606,11.56,84.0099,128,3,0,2945,39.1694,39.4418,36.8137
23.3353,2.22471,0,2.22471,11.54,83.8312,98,0,0,2946,39.1565,39.4287,36.8115
23.367,13.6783,0,13.6783,11.54,83.8312,111,1,0,2947,39.1707,39.4428,36.8093
23.3807,9.87175,0,9.87175,11.52,83.6511,108,1,0,2948,39.2181,39.4902,36.8071
23.3949,3.94688,0,3.94688,11.52,83.6511,144,0,0,2949,39.2319,39.5039,36.805
23.4005,1.04362,0,1.04362,11.5,83.4695,98,0,0,2949,39.2319,39.5039,36.805
23.4354,15.9777,0,15.9777,11.5,83.4695,116,1,0,2952,39.2619,39.5335,36.7984
23.4554,15.735,0,15.735,11.48,83.2865,122,1,0,2955,39.2345,39.5059,36.7919
23.4804,20.738,0,20.738,11.48,83.2865,126,2,0,2958,39.2465,39.5176,36.7853
23.4941,10.2556,0,10.2556,11.46,83.1021,118,2,0,2960,39.2625,39.5334,36.781
23.5189,13.8952,0,13.8952,11.46,83.1021,121,2,0,2963,39.2835,39.5542,36.7745
23.5246,2.29974,0,2.29974,11.44,82.9161,108,1,0,2964,39.2763,39.5469,36.7723
23.5688,25.15,0,25.15,11.44,82.9161,128,3,0,2967,39.2622,39.5325,36.7658
23.592,18.3336,0,18.3336,11.42,82.7286,121,1,0,2970,39.2556,39.5256,36.7593
23.608,11.8903,0,11.8903,11.4,82.5397,118,2,0,2972,39.2806,39.5505,36.755
23.6539,37.8423,0,37.8423,11.4,82.5397,118,2,0,2975,39.3489,39.6185,36.7485
23.6615,3.5618,0,3.5618,11.38,82.3492,102,0,0,2976,39.336,39.6055,36.7463
23.6906,12.5633,0,12.5633,11.38,82.3492,128,1,0,2978,39.406,39.6753,36.742
23.7155,20.6437,0,20.6437,11.36,82.157,382,26,0,2982,39.4058,39.6717,36.7334
23.7212,2.21038,0,2.21038,11.34,81.963,98,0,0,2983,39.3939,39.6597,36.7312
23.7574,17.0272,0,17.0272,11.34,81.963,111,1,0,2984,39.4417,39.7074,36.729
23.7706,8.78687,0,8.78687,11.32,81.7674,139,2,0,2986,39.4625,39.7281,36.7247
23.7927,10.9151,0,10.9151,11.32,81.7674,126,2,0,2989,39.4724,39.7377,36.7183
23.8015,3.85,0,3.85,11.3,81.57,108,1,0,2990,39.4625,39.7278,36.7161
23.824,6.65233,0,6.65233,11.3,81.57,118,2,0,2992,39.4776,39.7426,36.7118
23.8302,1.26724,0,1.26724,11.28,81.3709,88,0,0,2992,39.4776,39.7426,36.7118
23.8679,19.2234,0,19.2234,11.28,81.3709,129,4,0,2996,39.5347,39.7994,36.7033
23.88,7.80415,0,7.80415,11.26,81.17,119,3,0,2999,39.5395,39.8039,36.6968
23.9185,25.5939,0,25.5939,11.26,81.17,119,3,0,3002,39.5843,39.8484,36.6904
23.9949,71.2054,13.1723,58.033,11.24,80.9673,8845,155,0,3007,39.5294,39.8091,36.6797
24.0153,15.4389,0,15.4389,11.22,80.7628,109,3,0,3010,39.5269,39.8063,36.6733
24.0359,15.53,0,15.53,11.22,80.7628,91,0,0,3011,39.5168,39.7961,36.6712
24.0544,15.2945,0,15.2945,11.2,80.5574,99,2,0,3013,39.5081,39.7873,36.6669
24.078,17.2484,0,17.2484,11.2,80.5574,102,2,0,3015,39.5068,39.7857,36.6627
24.0932,11.4244,0,11.4244,11.18,80.3517,117,2,0,3017,39.5045,39.7832,36.6584
24.1256,22.4208,0,22.4208,11.18,80.3517,284,17,0,3020,39.5593,39.8374,36.652
24.1365,6.76105,0,6.76105,11.16,80.1458,194,0,0,3021,39.57,39.8481,36.6499
24.1737,23.8538,0,23.8538,11.16,80.1458,107,2,0,3022,39.5652,39.8432,36.6478
24.1869,8.68444,0,8.68444,11.14,79.9396,92,1,0,3024,39.5605,39.8383,36.6435
24.2006,2.04831,0,2.04831,11.14,79.9396,79,0,0,3024,39.5605,39.8383,36.6435
24.2303,25.7626,0,25.7626,11.12,79.7332,129,1,0,3026,39.5747,39.8523,36.6393
24.2532,19.0409,0,19.0409,11.1,79.5264,99,2,0,3028,39.6172,39.8946,36.6351
24.2715,14.3406,0,14.3406,11.08,79.3194,133,3,0,3031,39.6262,39.9033,36.6287
24.2791,2.00564,0,2.00564,11.08,79.3194,79,0,0,3031,39.6262,39.9033,36.6287
24.2866,4.17618,0,4.17618,11.06,79.1119,89,1,0,3033,39.6044,39.8813,36.6245
24.3058,1.95967,0,1.95967,11.06,79.1119,79,0,0,3033,39.6044,39.8813,36.6245
24.3236,13.8334,0,13.8334,11.04,78.9042,129,2,0,3037,39.6161,39.8927,36.616
24.3377,6.59058,0,6.59058,11.04,78.9042,94,1,0,3039,39.5956,39.872,36.6118
24.3669,25.1383,0,25.1383,11.02,78.7167,503,12,0,3040,39.6546,39.9326,36.6097
24.3867,15.1406,0,15.1406,11,78.5625,89,1,0,3042,39.6292,39.907,36.6055
24.4022,10.106,0,10.106,11,78.5625,90,1,0,3043,39.6372,39.9149,36.6034
24.4164,10.1308,0,10.1308,10.98,78.4083,79,2,0,3044,39.6551,39.9327,36.6013
24.429,1.33339,0,1.33339,10.98,78.4083,69,0,0,3044,39.6551,39.9327,36.6013
24.4417,8.71996,0,8.71996,10.96,78.2541,85,1,0,3046,39.655,39.9324,36.5971
24.4895,35.1708,0,35.1708,10.96,78.2541,99,3,0,3049,39.6976,39.9747,36.5908
24.4947,1.3761,0,1.3761,10.94,78.0999,69,0,0,3049,39.6976,39.9747,36.5908
24.531,17.5627,0,17.5627,10.94,78.0999,92,2,0,3052,39.7012,39.978,36.5845
24.5444,8.77682,0,8.77682,10.92,77.9457,95,2,0,3054,39.7128,39.9895,36.5803
24.5623,6.35818,0,6.35818,10.92,77.9457,89,2,0,3056,39.7107,39.9872,36.5761
24.5833,17.0118,0,17.0118,10.9,77.7915,89,2,0,3058,39.7077,39.984,36.5719
24.5977,10.1671,0,10.1671,10.88,77.6374,116,4,0,3062,39.7534,40.0294,36.5635
24.6288,21.2149,0,21.2149,10.88,77.6374,126,3,0,3065,39.7847,40.0604,36.5573
24.6531,19.9096,0,19.9096,10.86,77.4832,103,1,0,3067,39.8243,40.0998,36.5531
24.6851,27.7617,0,27.7617,10.84,77.329,268,1,0,3070,39.942,40.2173,36.5468
24.7029,13.2542,0,13.2542,10.82,77.1748,79,1,0,3071,39.9652,40.2403,36.5447
24.7244,14.8684,0,14.8684,10.82,77.1748,109,5,0,3073,39.9997,40.2747,36.5406
24.7371,8.28265,0,8.28265,10.8,77.0206,82,0,0,3074,40.0322,40.3071,36.5385
24.7522,2.45404,0,2.45404,10.8,77.0206,79,0,0,3074,40.0322,40.3071,36.5385
24.7745,18.1067,0,18.1067,10.78,76.8664,99,2,0,3076,40.0133,40.288,36.5343
24.8111,33.3335,0,33.3335,10.76,76.7122,125,3,0,3080,40.0903,40.3646,36.526
24.8178,1.75107,0,1.75107,10.74,76.558,69,0,0,3080,40.0903,40.3646,36.526
24.8543,18.3553,0,18.3553,10.74,76.558,89,2,0,3082,40.1194,40.3936,36.5219
24.8626,4.02815,0,4.02815,10.72,76.4038,79,1,0,3083,40.1203,40.3944,36.5198
24.8872,7.95062,0,7.95062,10.72,76.4038,100,1,0,3084,40.1631,40.4371,36.5177
24.9057,14.8042,0,14.8042,10.7,76.2496,85,1,0,3086,40.1873,40.4611,36.5136
24.921,8.87999,0,8.87999,10.7,76.2496,88,2,0,3088,40.1911,40.4647,36.5094
24.9265,2.04708,0,2.04708,10.68,76.0954,49,0,0,3089,40.1826,40.4561,36.5074
24.9483,2.70742,0,2.70742,10.68,76.0954,59,1,0,3090,40.1838,40.4573,36.5053
24.9641,11.9796,0,11.9796,10.66,75.9412,69,2,0,3092,40.1766,40.4499,36.5012
24.9909,18.0674,0,18.0674,10.66,75.9412,69,2,0,3094,40.1826,40.4557,36.497
25.0187,23.8744,0,23.8744,10.64,75.787,88,3,0,3098,40.1711,40.4438,36.4888
25.0277,4.84834,0,4.84834,10.62,75.6328,73,1,0,3100,40.1703,40.4429,36.4846
25.0608,17.4081,0,17.4081,10.62,75.6328,128,4,0,3104,40.2539,40.5261,36.4764
25.0785,14.2534,0,14.2534,10.6,75.4786,70,2,0,3106,40.2605,40.5325,36.4723
25.1,14.3199,0,14.3199,10.6,75.4786,60,1,0,3108,40.2841,40.556,36.4682
25.1168,13.2667,0,13.2667,10.58,75.3244,60,1,0,3109,40.275,40.5468,36.4661
25.127,2.09143,0,2.09143,10.58,75.3244,60,1,0,3110,40.2643,40.536,36.4641
25.1478,17.3012,0,17.3012,10.56,75.1702,108,1,0,3113,40.2518,40.5233,36.4579
25.1569,4.86108,0,4.86108,10.54,75.016,60,1,0,3114,40.2723,40.5437,36.4559
25.1972,25.2026,0,25.2026,10.54,75.016,69,1,0,3116,40.3453,40.6165,36.4518
25.2246,22.6506,0,22.6506,10.52,74.8618,57,1,0,3119,40.3655,40.6364,36.4456
25.2377,8.83135,0,8.83135,10.5,74.7076,50,1,0,3121,40.3576,40.6283,36.4415
25.2685,18.7126,0,18.7126,10.5,74.7076,70,3,0,3124,40.3399,40.6104,36.4354
25.2742,2.21337,0,2.21337,10.48,74.5534,40,0,0,3124,40.3399,40.6104,36.4354
25.2978,4.23557,0,4.23557,10.48,74.5534,40,0,0,3125,40.328,40.5984,36.4334
25.3236,21.5666,0,21.5666,10.46,74.3992,100,2,0,3128,40.3811,40.6512,36.4272
25.3342,6.29284,0,6.29284,10.44,74.245,60,2,0,3130,40.377,40.647,36.4232
25.3749,26.3599,0,26.3599,10.44,74.245,72,2,0,3132,40.4135,40.6833,36.4191
25.3893,10.338,0,10.338,10.42,74.0909,60,2,0,3134,40.4033,40.6729,36.415
25.4114,12.4061,0,12.4061,10.42,74.0909,60,3,0,3136,40.4206,40.6901,36.4109
25.4224,6.65256,0,6.65256,10.4,73.9367,60,1,0,3138,40.4267,40.696,36.4069
25.452,16.4091,0,16.4091,10.4,73.9367,95,3,0,3142,40.3905,40.6595,36.3987
25.4794,23.2872,0,23.2872,10.38,73.7825,61,2,0,3144,40.3906,40.6594,36.3947
25.4984,14.9738,0,14.9738,10.36,73.6283,71,1,0,3148,40.4336,40.702,36.3866
25.5095,6.42758,0,6.42758,10.36,73.6283,62,1,0,3150,40.4387,40.707,36.3825
25.5204,6.88371,0,6.88371,10.34,73.4741,90,1,0,3151,40.4472,40.7153,36.3805
25.5488,15.2979,0,15.2979,10.34,73.4741,60,2,0,3153,40.4412,40.7092,36.3765
25.6435,90.0458,24.3219,65.7239,10.32,73.3199,12199,595,0,3155,40.1813,40.496,36.3724
25.674,25.4002,0,25.4002,10.3,73.1657,50,1,0,3156,40.2025,40.5171,36.3704
25.6957,17.7985,0,17.7985,10.28,73.0115,80,3,0,3159,40.2267,40.541,36.3644
25.7003,0.933995,0,0.933995,10.26,72.8573,50,0,0,3159,40.2267,40.541,36.3644
25.7286,7.79014,0,7.79014,10.26,72.8573,116,3,0,3162,40.2438,40.5579,36.3583
25.733,0.718365,0,0.718365,10.24,72.7031,60,0,0,3162,40.2438,40.5579,36.3583
25.774,20.2083,0,20.2083,10.24,72.7031,80,2,0,3164,40.2459,40.5597,36.3543
25.7946,15.8666,0,15.8666,10.22,72.5489,80,2,0,3166,40.2644,40.578,36.3503
25.8003,2.55915,0,2.55915,10.22,72.5489,70,1,0,3167,40.2621,40.5756,36.3483
25.8273,23.137,0,23.137,10.2,72.3947,84,1,0,3169,40.2777,40.591,36.3442
25.8365,5.61487,0,5.61487,10.18,72.2405,80,1,0,3171,40.2687,40.5818,36.3402
25.8634,11.0062,0,11.0062,10.18,72.2405,80,1,0,3172,40.2639,40.5769,36.3382
25.9008,33.9525,0,33.9525,10.16,72.0863,90,3,0,3174,40.2571,40.5699,36.3342
25.9184,12.9061,0,12.9061,10.14,71.9321,100,3,0,3177,40.3466,40.6591,36.3282
25.936,10.6427,0,10.6427,10.14,71.9321,107,2,0,3180,40.3387,40.6509,36.3222
25.96,19.1799,0,19.1799,10.12,71.7779,90,2,0,3182,40.3347,40.6468,36.3182
25.977,13.6657,0,13.6657,10.1,71.6237,117,0,0,3183,40.3861,40.6981,36.3162
25.9934,8.39556,0,8.39556,10.1,71.6237,80,2,0,3185,40.4053,40.7171,36.3122
26.0061,9.18647,0,9.18647,10.08,71.4695,80,2,0,3187,40.4154,40.727,36.3082
26.0369,18.4279,0,18.4279,10.08,71.4695,70,1,0,3188,40.4567,40.7682,36.3062
26.0471,5.78995,0,5.78995,10.06,71.3153,70,1,0,3189,40.4751,40.7865,36.3042
26.0769,15.5574,0,15.5574,10.06,71.3153,80,2,0,3192,40.4709,40.782,36.2982
26.0911,9.8586,0,9.8586,10.04,71.1611,80,2,0,3194,40.5244,40.8353,36.2942
26.1104,8.51968,0,8.51968,10.04,71.1611,70,1,0,3197,40.4948,40.8054,36.2883
26.1442,30.246,0,30.246,10.02,71.0069,80,2,0,3199,40.5395,40.85,36.2843
26.1591,10.6864,0,10.6864,10,70.8527,123,2,0,3201,40.5698,40.88,36.2803
26.1876,18.3768,0,18.3768,10,70.8527,80,1,0,3202,40.6134,40.9235,36.2783
26.1936,2.22922,0,2.22922,9.98,70.6985,80,0,0,3203,40.6022,40.9123,36.2763
26.2426,29.7626,0,29.7626,9.98,70.6985,100,2,0,3206,40.68,40.9897,36.2704
26.2695,23.2179,0,23.2179,9.96,70.5444,112,2,0,3210,40.6741,40.9835,36.2625
26.2951,21.3564,0,21.3564,9.94,70.3902,110,3,0,3213,40.6632,40.9723,36.2565
26.3109,11.0302,0,11.0302,9.92,70.236,159,2,0,3215,40.67,40.9788,36.2526
26.3263,6.64982,0,6.64982,9.92,70.236,90,1,0,3216,40.6598,40.9686,36.2506
26.3858,54.8731,0,54.8731,9.9,70.0818,127,4,0,3221,40.6759,40.9842,36.2407
26.4218,31.3419,0,31.3419,9.88,69.9276,122,2,0,3224,40.7671,41.0751,36.2348
26.4434,16.6916,0,16.6916,9.86,69.7734,97,1,0,3225,40.7634,41.0713,36.2329
26.4606,13.0829,0,13.0829,9.84,69.6192,80,1,0,3226,40.7511,41.0589,36.2309
26.4845,16.2404,0,16.2404,9.84,69.6192,109,3,0,3229,40.7408,41.0483,36.225
26.5017,13.3558,0,13.3558,9.82,69.465,90,2,0,3231,40.8001,41.1074,36.2211
26.5327,22.826,0,22.826,9.82,69.465,115,2,0,3233,40.8166,41.1237,36.2171
26.5411,4.12983,0,4.12983,9.8,69.3108,80,1,0,3235,40.8204,41.1274,36.2132
26.5614,4.22304,0,4.22304,9.8,69.3108,102,2,0,3237,40.8412,41.148,36.2093
26.5823,16.3589,0,16.3589,9.78,69.1566,80,1,0,3238,40.845,41.1516,36.2073
26.5966,10.7229,0,10.7229,9.76,69.0024,109,3,0,3241,40.8263,41.1327,36.2014
26.6108,3.40762,0,3.40762,9.76,69.0024,70,0,0,3241,40.8263,41.1327,36.2014
26.6455,30.5715,0,30.5715,9.74,68.8482,113,4,0,3245,40.9233,41.2293,36.1936
26.6521,1.92031,0,1.92031,9.72,68.694,60,0,0,3245,40.9233,41.2293,36.1936
26.7059,35.2918,0,35.2918,9.72,68.694,124,4,0,3250,40.908,41.2135,36.1839
26.7494,38.5929,0,38.5929,9.7,68.5398,381,6,0,3254,40.9763,41.2812,36.1761
26.7603,6.45096,0,6.45096,9.68,68.3856,70,1,0,3255,40.9763,41.2811,36.1741
26.7758,1.23517,0,1.23517,9.68,68.3856,60,0,0,3255,40.9763,41.2811,36.1741
26.795,15.4091,0,15.4091,9.66,68.2314,267,22,0,3257,41.0061,41.2782,36.1702
26.8046,3.96966,0,3.96966,9.66,68.2314,70,1,0,3258,41.0166,41.2885,36.1683
26.8319,23.6044,0,23.6044,9.64,68.0772,53,0,0,3259,41.0552,41.3271,36.1663
26.8619,24.7923,0,24.7923,9.62,67.923,195,2,0,3261,41.1717,41.4434,36.1624
26.8923,25.4719,0,25.4719,9.6,67.7688,127,2,0,3265,41.1816,41.453,36.1547
26.9064,9.28331,0,9.28331,9.58,67.6146,86,2,0,3267,41.225,41.4962,36.1508
26.9197,2.85302,0,2.85302,9.58,67.6146,70,2,0,3269,41.2083,41.4794,36.1469
26.933,8.8518,0,8.8518,9.56,67.4604,58,0,0,3271,41.2042,41.4751,36.143
26.9478,3.48471,0,3.48471,9.56,67.4604,60,1,0,3272,41.2167,41.4875,36.1411
26.9623,10.8209,0,10.8209,9.54,67.3062,70,2,0,3274,41.2593,41.5299,36.1372
26.9798,6.81508,0,6.81508,9.54,67.3062,60,2,0,3275,41.2782,41.5487,36.1353
26.9932,9.63666,0,9.63666,9.52,67.152,88,2,0,3277,41.2939,41.5642,36.1314
27.0297,24.6687,0,24.6687,9.52,67.152,97,3,0,3281,41.306,41.576,36.1237
27.0638,29.3729,0,29.3729,9.5,66.9979,89,2,0,3284,41.3191,41.5889,36.1179
27.083,14.7727,0,14.7727,9.48,66.8437,80,2,0,3286,41.3494,41.619,36.1141
27.1033,15.5512,0,15.5512,9.48,66.8437,72,1,0,3289,41.3247,41.5941,36.1083
27.1182,10.535,0,10.535,9.46,66.6895,60,0,0,3289,41.3247,41.5941,36.1083
27.1418,13.2008,0,13.2008,9.46,66.6895,70,1,0,3290,41.3161,41.5854,36.1063
27.1553,9.99389,0,9.99389,9.44,66.5353,80,2,0,3292,41.3308,41.5999,36.1025
27.1725,5.46974,0,5.46974,9.44,66.5353,74,0,0,3293,41.3404,41.6095,36.1006
27.1864,10.1898,0,10.1898,9.42,66.3811,80,2,0,3296,41.341,41.6098,36.0948
27.2093,11.5686,0,11.5686,9.42,66.3811,68,0,0,3297,41.3291,41.5978,36.0929
27.2156,2.70641,0,2.70641,9.4,66.2269,70,1,0,3298,41.3284,41.597,36.091
27.2543,19.8215,0,19.8215,9.4,66.2269,83,2,0,3301,41.3284,41.5968,36.0852
27.2662,7.30977,0,7.30977,9.38,66.0727,89,3,0,3302,41.358,41.6278,36.0833
27.2943,15.2964,0,15.2964,9.38,66.0727,70,1,0,3303,41.3787,41.6485,36.0814
27.3072,8.35538,0,8.35538,9.36,65.9185,88,1,0,3305,41.3979,41.6675,36.0776
27.3412,22.3051,0,22.3051,9.36,65.9185,90,3,0,3308,41.4108,41.6802,36.0718
27.3549,8.49675,0,8.49675,9.34,65.7643,99,2,0,3310,41.4199,41.6891,36.068
27.3769,10.2639,0,10.2639,9.34,65.7643,135,2,0,3312,41.4662,41.7352,36.0642
27.4021,20.7489,0,20.7489,9.32,65.6101,368,30,0,3315,41.5192,41.7916,36.0585
27.4395,32.5139,0,32.5139,9.3,65.4559,152,3,0,3319,41.545,41.8171,36.0508
27.5593,113.929,50.3243,63.6046,9.28,65.3017,12393,299,0,3322,41.4079,41.7002,36.0451
27.5847,20.3868,0,20.3868,9.26,65.1475,177,5,0,3325,41.434,41.7257,36.0394
27.5912,1.93987,0,1.93987,9.24,64.9933,70,0,0,3325,41.434,41.7257,36.0394
27.6228,13.4745,0,13.4745,9.24,64.9933,90,2,0,3327,41.4187,41.7102,36.0356
27.6316,4.46711,0,4.46711,9.22,64.8391,80,1,0,3328,41.4162,41.7076,36.0337
27.6601,12.9158,0,12.9158,9.22,64.8391,81,2,0,3330,41.4225,41.7138,36.0299
27.6681,3.02535,0,3.02535,9.2,64.6849,80,1,0,3331,41.4122,41.7034,36.028
27.7006,14.9692,0,14.9692,9.2,64.6849,86,1,0,3333,41.4185,41.7096,36.0242
27.7162,11.463,0,11.463,9.18,64.5307,100,3,0,3336,41.3891,41.6799,36.0186
27.7303,3.8899,0,3.8899,9.18,64.5307,70,0,0,3337,41.3995,41.6901,36.0167
27.7494,14.7578,0,14.7578,9.16,64.3765,100,3,0,3340,41.4177,41.7081,36.011
27.7807,24.4249,0,24.4249,9.16,64.3765,157,7,0,3343,41.3999,41.6901,36.0053
27.7903,5.19731,0,5.19731,9.14,64.2223,80,1,0,3344,41.3882,41.6782,36.0034
27.8179,12.6652,0,12.6652,9.14,64.2223,90,2,0,3347,41.3848,41.6746,35.9978
27.8407,18.3061,0,18.3061,9.12,64.0681,100,2,0,3349,41.3786,41.6683,35.994
27.8519,6.79379,0,6.79379,9.1,63.9139,121,2,0,3352,41.3523,41.6417,35.9884
27.8843,17.7456,0,17.7456,9.1,63.9139,120,5,0,3356,41.3436,41.6326,35.9808
27.8961,6.93119,0,6.93119,9.08,63.7597,80,0,0,3357,41.3333,41.6223,35.9789
27.914,4.97909,0,4.97909,9.08,63.7597,80,0,0,3357,41.3333,41.6223,35.9789
27.938,19.3305,0,19.3305,9.06,63.6055,151,5,0,3362,41.3296,41.6181,35.9696
27.9429,1.13319,0,1.13319,9.04,63.4514,90,0,0,3362,41.3296,41.6181,35.9696
27.9697,6.39678,0,6.39678,9.04,63.4514,100,1,0,3364,41.3371,41.6254,35.9658
27.9754,2.03752,0,2.03752,9.02,63.2972,100,1,0,3365,41.3266,41.6149,35.9639
27.9971,1.96902,0,1.96902,9.02,63.2972,90,0,0,3365,41.3266,41.6149,35.9639
28.0032,2.45083,0,2.45083,9,63.143,100,1,0,3366,41.3313,41.6194,35.9621
28.0538,31.3354,0,31.3354,9,63.143,276,0,0,3367,41.4149,41.703,35.9602
28.0702,11.5915,0,11.5915,8.98,62.9888,110,2,0,3369,41.436,41.724,35.9564
28.0898,11.0615,0,11.0615,8.98,62.9888,129,3,0,3372,41.4288,41.7165,35.9508
28.0992,4.73105,0,4.73105,8.96,62.8346,100,1,0,3373,41.4655,41.753,35.949
28.1443,29.4029,0,29.4029,8.96,62.8346,184,5,0,3378,41.4728,41.7599,35.9396
28.1528,3.32679,0,3.32679,8.94,62.6804,100,0,0,3380,41.4639,41.7509,35.9359
28.1727,3.2733,0,3.2733,8.94,62.6804,120,2,0,3383,41.4463,41.7331,35.9303
28.188,10.7242,0,10.7242,8.92,62.5262,113,1,0,3385,41.4402,41.7267,35.9266
28.2189,20.3495,0,20.3495,8.92,62.5262,130,3,0,3388,41.4495,41.7358,35.921
28.2471,23.4952,0,23.4952,8.9,62.372,120,1,0,3391,41.4199,41.706,35.9154
28.2539,1.7872,0,1.7872,8.88,62.2178,100,0,0,3391,41.4199,41.706,35.9154
28.2737,1.70522,0,1.70522,8.88,62.2178,100,0,0,3392,41.408,41.694,35.9136
28.2882,9.17199,0,9.17199,8.86,62.0636,120,2,0,3394,41.4157,41.7015,35.9098
28.318,18.8881,0,18.8881,8.86,62.0636,128,1,0,3396,41.4473,41.7329,35.9061
28.3299,7.2822,0,7.2822,8.84,61.9094,120,2,0,3399,41.434,41.7193,35.9006
28.3678,25.0598,0,25.0598,8.84,61.9094,130,3,0,3402,41.4647,41.7499,35.895
28.3794,6.2372,0,6.2372,8.82,61.7552,140,5,0,3404,41.4762,41.7588,35.8913
28.4452,51.3184,0,51.3184,8.82,61.7552,130,3,0,3407,41.5603,41.8427,35.8858
28.462,11.7301,0,11.7301,8.8,61.601,149,2,0,3409,41.6195,41.9017,35.8821
28.4866,16.3478,0,16.3478,8.8,61.601,120,1,0,3410,41.6422,41.9243,35.8802
28.5112,19.8814,0,19.8814,8.78,61.4468,120,1,0,3412,41.6433,41.9253,35.8765
28.5402,24.4024,0,24.4024,8.76,61.2926,120,2,0,3415,41.6439,41.9256,35.871
28.556,11.1048,0,11.1048,8.74,61.1384,183,2,0,3417,41.6576,41.9391,35.8673
28.5805,15.6035,0,15.6035,8.74,61.1384,130,3,0,3420,41.6254,41.9067,35.8618
28.6057,20.6242,0,20.6242,8.72,60.9842,110,1,0,3422,41.6067,41.8878,35.8581
28.6388,28.4212,0,28.4212,8.7,60.83,120,2,0,3424,41.6089,41.8899,35.8545
28.66,16.7012,0,16.7012,8.68,60.6758,117,2,0,3427,41.5877,41.8684,35.8489
28.6733,8.98879,0,8.98879,8.66,60.5216,120,3,0,3430,41.5808,41.8612,35.8434
28.7004,14.3471,0,14.3471,8.66,60.5216,103,1,0,3431,41.6156,41.8959,35.8416
28.7109,6.68902,0,6.68902,8.64,60.3674,100,1,0,3432,41.6352,41.9155,35.8398
28.7356,9.68252,0,9.68252,8.64,60.3674,113,3,0,3434,41.6788,41.9589,35.8361
28.7513,11.0968,0,11.0968,8.62,60.2132,110,2,0,3436,41.6816,41.9616,35.8325
28.7713,10.8917,0,10.8917,8.62,60.2132,100,1,0,3438,41.6704,41.9503,35.8288
28.7887,12.7629,0,12.7629,8.6,60.059,110,2,0,3440,41.668,41.9477,35.8251
28.8012,5.26866,0,5.26866,8.6,60.059,110,2,0,3443,41.668,41.9474,35.8197
28.8147,8.76309,0,8.76309,8.58,59.9049,80,0,0,3444,41.6739,41.9533,35.8178
28.8354,9.32212,0,9.32212,8.58,59.9049,100,2,0,3446,41.682,41.9611,35.8142
28.8464,6.58834,0,6.58834,8.56,59.7507,100,2,0,3449,41.6535,41.9324,35.8087
28.8688,8.89916,0,8.89916,8.56,59.7507,122,1,0,3452,41.6451,41.9238,35.8033
28.8982,24.6907,0,24.6907,8.54,59.5965,100,2,0,3454,41.6752,41.9537,35.7996
28.9089,6.8842,0,6.8842,8.52,59.4423,100,2,0,3456,41.6913,41.9696,35.796
28.9484,24.7779,0,24.7779,8.52,59.4423,100,1,0,3458,41.7658,42.044,35.7924
28.9602,6.80942,0,6.80942,8.5,59.2881,91,1,0,3460,41.7789,42.0569,35.7887
28.9786,4.40631,0,4.40631,8.5,59.2881,90,1,0,3461,41.7772,42.0552,35.7869
28.9884,5.33522,0,5.33522,8.48,59.1339,90,1,0,3463,41.7577,42.0355,35.7833
29.0094,4.68574,0,4.68574,8.48,59.1339,90,1,0,3464,41.7483,42.026,35.7815
29.0226,8.61338,0,8.61338,8.46,58.9797,90,2,0,3465,41.7486,42.0263,35.7797
29.0435,8.63288,0,8.63288,8.46,58.9797,90,1,0,3467,41.7424,42.0199,35.776
29.0642,15.8728,0,15.8728,8.44,58.8255,110,3,0,3470,41.7412,42.0184,35.7706
29.0809,11.7423,0,11.7423,8.42,57.0841,100,1,0,3472,41.7215,41.9986,35.767
29.0942,4.854,0,4.854,8.42,57.0841,90,0,0,3472,41.7215,41.9986,35.767
29.1202,22.1075,0,22.1075,8.4,56.8878,100,1,0,3473,41.8068,42.0838,35.7652
29.1521,27.0437,0,27.0437,8.38,56.7115,130,4,0,3477,41.7719,42.0486,35.758
29.1801,24.0155,0,24.0155,8.36,56.5365,119,2,0,3481,41.8549,42.1313,35.7507
29.1888,3.82941,0,3.82941,8.34,56.3627,90,1,0,3482,41.8667,42.143,35.7489
29.2458,40.0255,0,40.0255,8.34,56.3627,100,2,0,3485,41.9397,42.2158,35.7435
29.2539,3.48026,0,3.48026,8.32,56.1903,80,0,0,3486,41.9498,42.2258,35.7417
29.2837,12.3913,0,12.3913,8.32,56.1903,100,2,0,3488,41.9283,42.2041,35.7381
29.2994,11.844,0,11.844,8.3,56.0191,90,1,0,3489,41.9172,42.1929,35.7363
29.3152,5.80246,0,5.80246,8.3,56.0191,90,1,0,3490,41.9335,42.2092,35.7345
29.3326,13.666,0,13.666,8.28,55.8492,100,2,0,3492,41.959,42.2345,35.731
29.3733,32.4167,0,32.4167,8.28,55.8492,109,2,0,3494,41.9843,42.2596,35.7274
29.3838,5.95678,0,5.95678,8.26,55.6804,113,1,0,3495,41.9774,42.2526,35.7256
29.4064,8.45777,0,8.45777,8.26,55.6804,90,1,0,3496,41.9834,42.2586,35.7238
29.4195,8.13105,0,8.13105,8.24,55.5122,109,2,0,3498,41.982,42.257,35.7202
29.4385,7.03075,0,7.03075,8.24,55.5122,100,2,0,3500,42.0006,42.2754,35.7166
29.456,12.669,0,12.669,8.22,55.3446,215,1,0,3503,42.0183,42.2929,35.7112
29.4755,12.3824,0,12.3824,8.22,55.3446,90,1,0,3505,42.0157,42.2902,35.7077
29.4821,1.75693,0,1.75693,8.2,55.1776,80,0,0,3505,42.0157,42.2902,35.7077
29.5029,1.7793,0,1.7793,8.2,55.1776,80,0,0,3505,42.0157,42.2902,35.7077
29.5108,3.98102,0,3.98102,8.18,55.0113,88,0,0,3506,42.0225,42.2969,35.7059
29.5589,31.1543,0,31.1543,8.18,55.0113,109,2,0,3508,42.0724,42.3466,35.7023
29.57,6.46999,0,6.46999,8.16,54.8456,80,1,0,3509,42.0861,42.3602,35.7005
29.5961,11.8131,0,11.8131,8.16,54.8456,99,2,0,3511,42.1259,42.3999,35.6969
29.603,2.12408,0,2.12408,8.14,54.6804,80,1,0,3512,42.1145,42.3884,35.6952
29.6326,11.5303,0,11.5303,8.14,54.6804,70,0,0,3512,42.1145,42.3884,35.6952
29.6426,5.35136,0,5.35136,8.12,54.5159,80,1,0,3513,42.1289,42.4028,35.6934
29.6711,13.8303,0,13.8303,8.12,54.5159,90,2,0,3515,42.1238,42.3974,35.6898
29.6855,9.3788,0,9.3788,8.1,54.3519,90,2,0,3518,42.1325,42.4059,35.6845
29.7089,11.8532,0,11.8532,8.1,54.3519,80,1,0,3519,42.158,42.4314,35.6827
29.7163,2.76354,0,2.76354,8.08,54.2112,78,1,0,3520,42.148,42.4213,35.6809
29.7393,4.24628,0,4.24628,8.08,54.2112,70,1,0,3521,42.1534,42.4266,35.6791
29.7823,38.6072,16.8772,21.73,8.06,54.0821,1080,57,0,3523,42.2061,42.4791,35.6756
29.7886,1.27611,0,1.27611,8.04,53.9531,60,0,0,3523,42.2061,42.4791,35.6756
29.8397,31.4667,0,31.4667,8.04,53.9531,90,3,0,3526,42.3165,42.5893,35.6702
29.8557,10.2885,0,10.2885,8.02,53.824,70,0,0,3527,42.3048,42.5775,35.6685
29.8684,2.2242,0,2.2242,8.02,53.824,80,1,0,3528,42.2988,42.5714,35.6667
29.8795,6.44679,0,6.44679,8,53.695,88,1,0,3530,42.2963,42.5688,35.6632
29.8966,2.99111,0,2.99111,8,53.695,80,1,0,3531,42.2849,42.5573,35.6614
29.9057,4.30043,0,4.30043,7.98,53.566,80,1,0,3532,42.2888,42.5612,35.6596
29.926,4.47247,0,4.47247,7.98,53.566,80,1,0,3533,42.2842,42.5565,35.6578
29.9449,13.3338,0,13.3338,7.96,53.4369,80,1,0,3534,42.2728,42.545,35.6561
29.969,18.3024,0,18.3024,7.96,53.4369,101,3,0,3538,42.2541,42.526,35.649
29.9799,5.47578,0,5.47578,7.94,53.3079,90,2,0,3540,42.2345,42.5062,35.6454
30.0272,32.1148,0,32.1148,7.94,53.3079,112,3,0,3544,42.27,42.5415,35.6384
30.0425,10.1287,0,10.1287,7.92,53.1788,120,2,0,3546,42.2589,42.5302,35.6349
30.0721,19.9766,0,19.9766,7.92,53.1788,90,2,0,3549,42.2835,42.5545,35.6296
30.0946,17.3067,0,17.3067,7.9,53.0498,90,2,0,3552,42.3072,42.578,35.6243
30.1201,19.9937,0,19.9937,7.88,52.9207,116,2,0,3554,42.3554,42.6261,35.6208
30.1358,10.7805,0,10.7805,7.86,52.7917,70,1,0,3555,42.3719,42.6425,35.619
30.1734,28.2935,0,28.2935,7.86,52.7917,188,2,0,3558,42.4202,42.6906,35.6137
30.1886,10.0519,0,10.0519,7.84,52.6626,70,1,0,3559,42.413,42.6833,35.612
30.2021,2.60249,0,2.60249,7.84,52.6626,60,0,0,3560,42.4149,42.6851,35.6102
30.2174,11.4258,0,11.4258,7.82,52.5336,80,2,0,3562,42.4276,42.6976,35.6067
30.2459,18.541,0,18.541,7.82,52.5336,60,0,0,3563,42.4536,42.7235,35.6049
30.2838,33.8606,0,33.8606,7.8,52.4045,93,3,0,3566,42.4588,42.7285,35.5997
30.3116,22.4768,0,22.4768,7.78,52.2755,240,0,0,3568,42.5188,42.7884,35.5962
30.3224,5.88817,0,5.88817,7.76,52.1464,71,1,0,3569,42.5525,42.8221,35.5944
30.3498,12.4672,0,12.4672,7.76,52.1464,90,3,0,3572,42.5501,42.8194,35.5892
30.3817,27.2628,0,27.2628,7.74,52.0174,97,2,0,3575,42.6129,42.882,35.5839
30.4026,15.4733,0,15.4733,7.72,51.8883,70,2,0,3577,42.6441,42.9131,35.5804
30.4199,12.561,0,12.561,7.7,51.7593,70,2,0,3579,42.6639,42.9327,35.577
30.452,23.7596,0,23.7596,7.7,51.7593,70,2,0,3581,42.6557,42.9243,35.5735
30.4671,9.67483,0,9.67483,7.68,51.6302,70,2,0,3583,42.691,42.9595,35.57
30.4989,22.0637,0,22.0637,7.68,51.6302,80,3,0,3586,42.715,42.9833,35.5648
30.5228,18.9201,0,18.9201,7.66,51.5012,60,1,0,3588,42.6998,42.9679,35.5613
30.5356,7.68479,0,7.68479,7.64,51.3721,70,2,0,3590,42.7178,42.9858,35.5578
30.5715,23.9976,0,23.9976,7.64,51.3721,97,2,0,3593,42.7356,43.0033,35.5526
30.5916,14.9625,0,14.9625,7.62,51.2431,76,1,0,3595,42.7694,43.037,35.5491
30.599,2.61421,0,2.61421,7.6,51.114,70,2,0,3597,42.7642,43.0317,35.5456
30.6203,3.90158,0,3.90158,7.6,51.114,60,1,0,3598,42.7732,43.0406,35.5439
30.6382,12.9348,0,12.9348,7.58,50.985,88,2,0,3600,42.7703,43.0375,35.5404
30.6543,9.48736,0,9.48736,7.58,50.985,105,1,0,3601,42.8403,43.1075,35.5387
30.6932,33.7327,0,33.7327,7.56,50.8559,80,3,0,3604,42.8746,43.1415,35.5335
30.7067,8.57625,0,8.57625,7.54,50.7269,61,1,0,3605,42.9154,43.1822,35.5318
30.73,11.9168,0,11.9168,7.54,50.7269,70,2,0,3607,42.8941,43.1608,35.5283
30.7508,15.7197,0,15.7197,7.52,50.5978,60,1,0,3608,42.8922,43.1588,35.5266
30.7709,15.1882,0,15.1882,7.5,50.4688,101,0,0,3609,42.9063,43.1729,35.5249
30.7872,11.5186,0,11.5186,7.48,50.3397,74,2,0,3611,42.9551,43.2215,35.5214
30.807,9.86185,0,9.86185,7.48,50.3397,80,3,0,3614,42.9524,43.2186,35.5162
30.8164,4.9878,0,4.9878,7.46,50.2107,50,0,0,3614,42.9524,43.2186,35.5162
30.8531,20.207,0,20.207,7.46,50.2107,78,1,0,3615,43.0326,43.2988,35.5145
30.866,8.08718,0,8.08718,7.44,50.0816,70,2,0,3617,43.0628,43.3287,35.511
30.9,21.9789,0,21.9789,7.44,50.0816,163,4,0,3619,43.0912,43.3562,35.5076
30.9271,21.6403,0,21.6403,7.42,49.9526,70,2,0,3622,43.1292,43.394,35.5024
30.967,33.7752,0,33.7752,7.4,49.8235,88,2,0,3625,43.1145,43.379,35.4973
30.9949,22.7027,0,22.7027,7.38,49.6945,143,3,0,3629,43.1223,43.3866,35.4904
31.0021,1.64696,0,1.64696,7.36,49.5654,50,0,0,3629,43.1223,43.3866,35.4904
31.0255,4.15831,0,4.15831,7.36,49.5654,60,1,0,3630,43.1165,43.3807,35.4887
31.0342,4.08037,0,4.08037,7.34,49.4364,60,1,0,3632,43.1055,43.3695,35.4852
31.0534,1.89215,0,1.89215,7.34,49.4364,50,0,0,3632,43.1055,43.3695,35.4852
31.0733,15.2607,0,15.2607,7.32,49.3073,60,1,0,3633,43.1085,43.3724,35.4835
31.1067,28.6423,0,28.6423,7.32,49.3073,70,2,0,3636,43.168,43.4318,35.4784
31.1146,2.70923,0,2.70923,7.3,49.1783,50,0,0,3636,43.168,43.4318,35.4784
31.1431,10.3046,0,10.3046,7.3,49.1783,70,2,0,3638,43.1526,43.4162,35.475
31.1586,11.5949,0,11.5949,7.28,49.0493,78,2,0,3641,43.1714,43.4348,35.4698
31.17,1.31687,0,1.31687,7.28,49.0493,50,0,0,3641,43.1714,43.4348,35.4698
31.1804,6.32186,0,6.32186,7.26,48.9202,70,2,0,3643,43.1814,43.4447,35.4664
31.2263,30.4174,0,30.4174,7.26,48.9202,60,1,0,3645,43.2189,43.482,35.463
31.2402,8.89279,0,8.89279,7.24,48.7912,50,0,0,3646,43.2301,43.4931,35.4613
31.2575,5.72804,0,5.72804,7.24,48.7912,60,1,0,3647,43.2262,43.4892,35.4596
31.268,6.32235,0,6.32235,7.22,48.6621,60,1,0,3648,43.2516,43.5145,35.4579
31.2916,8.49981,0,8.49981,7.22,48.6621,70,2,0,3651,43.2531,43.5157,35.4527
31.3155,19.7047,0,19.7047,7.2,48.5331,80,3,0,3654,43.2874,43.5498,35.4476
31.3255,4.38457,0,4.38457,7.18,48.404,60,1,0,3655,43.3015,43.5639,35.4459
31.3681,27.4325,0,27.4325,7.18,48.404,88,2,0,3659,43.3348,43.5969,35.4391
31.3817,8.57033,0,8.57033,7.16,48.275,60,1,0,3660,43.3615,43.6235,35.4374
31.433,39.0518,0,39.0518,7.16,48.275,70,2,0,3662,43.4555,43.7174,35.434
31.4455,7.34013,0,7.34013,7.14,48.1459,50,0,0,3663,43.4477,43.7095,35.4323
31.4621,3.04031,0,3.04031,7.14,48.1459,60,1,0,3664,43.44,43.7017,35.4306
31.4751,9.08556,0,9.08556,7.12,48.0169,60,1,0,3665,43.463,43.7247,35.4289
31.4903,2.60189,0,2.60189,7.12,48.0169,70,2,0,3667,43.4456,43.7071,35.4255
31.5137,19.1038,0,19.1038,7.1,47.8878,74,2,0,3669,43.517,43.7784,35.4221
31.5315,12.5604,0,12.5604,7.08,47.7588,60,1,0,3670,43.5054,43.7668,35.4204
31.5637,25.318,0,25.318,7.08,47.7588,83,3,0,3673,43.5731,43.8342,35.4154
31.5804,11.5178,0,11.5178,7.06,47.6297,70,2,0,3675,43.6063,43.8672,35.412
31.5964,7.14167,0,7.14167,7.06,47.6297,50,0,0,3676,43.6148,43.8757,35.4103
31.6049,3.88086,0,3.88086,7.04,47.5007,50,0,0,3677,43.61,43.8708,35.4086
31.6621,39.4234,0,39.4234,7.04,47.5007,96,3,0,3681,43.7294,43.9899,35.4018
31.6734,5.95663,0,5.95663,7.02,47.3716,58,1,0,3682,43.7298,43.9902,35.4001
31.6992,11.1724,0,11.1724,7.02,47.3716,61,2,0,3684,43.722,43.9824,35.3968
31.7267,23.2484,0,23.2484,7,47.2426,60,2,0,3687,43.7022,43.9623,35.3917
31.7454,12.307,0,12.307,6.98,47.1135,50,1,0,3688,43.6906,43.9507,35.39
31.7666,12.9108,0,12.9108,6.98,47.1135,50,1,0,3689,43.7338,43.9938,35.3883
31.787,16.0135,0,16.0135,6.96,46.9845,68,2,0,3691,43.7927,44.0526,35.385
31.8027,10.3634,0,10.3634,6.94,46.8554,53,1,0,3693,43.8332,44.0929,35.3816
31.8155,2.34841,0,2.34841,6.94,46.8554,40,0,0,3694,43.8243,44.0839,35.3799
31.845,25.452,0,25.452,6.92,46.7264,60,2,0,3697,43.8472,44.1066,35.3749
31.8556,5.85356,0,5.85356,6.9,46.5973,60,2,0,3700,43.8319,44.0911,35.3698
31.8778,7.85547,0,7.85547,6.9,46.5973,58,1,0,3703,43.801,44.06,35.3648
31.9017,19.0992,0,19.0992,6.88,46.4683,70,3,0,3706,43.809,44.0677,35.3598
31.9154,9.49019,0,9.49019,6.86,46.3392,60,2,0,3708,43.8161,44.0747,35.3564
31.9328,5.1819,0,5.1819,6.86,46.3392,50,1,0,3709,43.8053,44.0639,35.3547
31.9382,1.34231,0,1.34231,6.84,46.2102,30,0,0,3709,43.8053,44.0639,35.3547
31.9685,10.0052,0,10.0052,6.84,46.2102,40,1,0,3711,43.8081,44.0666,35.3514
31.9799,6.31687,0,6.31687,6.82,46.0811,50,2,0,3713,43.8136,44.0719,35.348
31.9987,5.27119,0,5.27119,6.82,46.0811,31,0,0,3714,43.8032,44.0614,35.3464
32.0265,23.8719,0,23.8719,6.8,45.9521,40,1,0,3715,43.7965,44.0546,35.3447
32.035,3.56055,0,3.56055,6.78,45.823,40,1,0,3716,43.7941,44.0522,35.343
32.0759,23.8801,0,23.8801,6.78,45.823,50,2,0,3718,43.8233,44.0812,35.3397
32.0894,8.06132,0,8.06132,6.76,45.694,50,2,0,3720,43.846,44.1038,35.3364
32.1131,12.0206,0,12.0206,6.76,45.694,50,2,0,3722,43.8678,44.1255,35.333
32.1238,5.12565,0,5.12565,6.74,45.5649,40,1,0,3723,43.8649,44.1225,35.3313
32.1632,23.7931,0,23.7931,6.74,45.5649,288,4,0,3724,43.8931,44.1517,35.3297
32.1691,1.89858,0,1.89858,6.72,45.4359,30,0,0,3724,43.8931,44.1517,35.3297
32.1956,6.6136,0,6.6136,6.72,45.4359,40,1,0,3725,43.8843,44.1428,35.328
32.2088,8.78132,0,8.78132,6.7,45.3068,40,1,0,3726,43.8918,44.1503,35.3263
32.2473,25.6205,0,25.6205,6.7,45.3068,78,4,0,3730,43.8973,44.1555,35.3197
32.2826,29.8262,0,29.8262,6.68,45.1778,60,3,0,3733,43.8843,44.1422,35.3147
32.3792,91.3371,76.0987,15.2384,6.66,45.0487,6865,99,0,3735,43.7767,44.0461,35.3114
32.3926,7.59033,0,7.59033,6.64,44.9197,50,1,0,3737,43.7608,44.03,35.3081
32.4215,16.1412,0,16.1412,6.64,44.9197,50,1,0,3738,43.752,44.0211,35.3064
32.4394,12.7958,0,12.7958,6.62,44.7906,50,1,0,3739,43.7692,44.0382,35.3047
32.4545,6.5021,0,6.5021,6.62,44.7906,53,1,0,3740,43.7612,44.0302,35.3031
32.4616,2.84167,0,2.84167,6.6,44.6616,50,1,0,3741,43.7535,44.0225,35.3014
32.4874,6.89521,0,6.89521,6.6,44.6616,60,2,0,3743,43.7628,44.0315,35.2981
32.4949,2.51456,0,2.51456,6.58,44.5326,40,0,0,3743,43.7628,44.0315,35.2981
32.5419,28.0231,0,28.0231,6.58,44.5326,50,1,0,3746,43.8102,44.0788,35.2931
32.5776,30.4286,0,30.4286,6.56,44.4035,69,2,0,3748,43.8519,44.1203,35.2898
32.5933,10.6715,0,10.6715,6.54,44.2745,50,1,0,3749,43.9024,44.1707,35.2882
32.6077,4.18195,0,4.18195,6.54,44.2745,50,1,0,3750,43.8909,44.1592,35.2865
32.631,19.1814,0,19.1814,6.52,44.1454,70,3,0,3754,43.8815,44.1494,35.2799
32.6639,26.7166,0,26.7166,6.5,44.0164,50,1,0,3755,43.9177,44.1856,35.2783
32.6777,8.48763,0,8.48763,6.48,43.8873,53,1,0,3756,43.9657,44.2335,35.2766
32.7057,16.8559,0,16.8559,6.48,43.8873,70,3,0,3759,43.9526,44.2203,35.2717
32.7282,17.0048,0,17.0048,6.46,43.7583,60,2,0,3761,43.9942,44.2616,35.2684
32.7571,23.5643,0,23.5643,6.44,43.6292,70,3,0,3765,43.9777,44.2449,35.2618
32.7714,9.65635,0,9.65635,6.42,43.5002,50,1,0,3766,43.9881,44.2552,35.2601
32.8187,35.2362,0,35.2362,6.42,43.5002,68,2,0,3769,44.0425,44.3094,35.2552
32.8321,8.03716,0,8.03716,6.4,43.3711,70,3,0,3772,44.0318,44.2985,35.2503
32.8605,15.9085,0,15.9085,6.4,43.3711,60,2,0,3775,44.0064,44.2728,35.2454
32.8812,15.3928,0,15.3928,6.38,43.2421,70,3,0,3778,44.0212,44.2875,35.2404
32.9065,20.8356,0,20.8356,6.36,43.113,70,3,0,3781,44.0606,44.3266,35.2355
32.9183,6.14319,0,6.14319,6.34,42.984,50,1,0,3782,44.0719,44.3379,35.2339
32.9387,5.76281,0,5.76281,6.34,42.984,50,1,0,3783,44.0703,44.3362,35.2322
32.9491,6.01141,0,6.01141,6.32,42.8549,50,1,0,3784,44.0589,44.3248,35.2306
32.9916,27.2372,0,27.2372,6.32,42.8549,88,3,0,3787,44.0491,44.3148,35.2257
33.0029,6.13917,0,6.13917,6.3,42.7259,59,1,0,3788,44.0541,44.3197,35.2241
33.0269,10.1083,0,10.1083,6.3,42.7259,60,2,0,3790,44.0639,44.3293,35.2208
33.045,13.0235,0,13.0235,6.28,42.5968,294,2,0,3792,44.0902,44.3555,35.2175
33.0539,1.95994,0,1.95994,6.28,42.5968,40,0,0,3792,44.0902,44.3555,35.2175
33.0635,5.35283,0,5.35283,6.26,42.4678,50,1,0,3794,44.0836,44.3487,35.2143
33.0845,4.91005,0,4.91005,6.26,42.4678,50,1,0,3795,44.0975,44.3626,35.2126
33.093,3.99206,0,3.99206,6.24,42.3387,50,1,0,3796,44.0909,44.3559,35.211
33.1167,6.31848,0,6.31848,6.24,42.3387,50,1,0,3797,44.0864,44.3513,35.2094
33.1288,7.6234,0,7.6234,6.22,42.2097,50,1,0,3799,44.0824,44.3472,35.2061
33.1807,38.1148,0,38.1148,6.22,42.2097,70,3,0,3802,44.1489,44.4135,35.2012
33.2149,28.9262,0,28.9262,6.2,42.0806,58,0,0,3804,44.1383,44.4027,35.198
33.2389,18.7496,0,18.7496,6.18,41.9516,60,2,0,3807,44.1085,44.3727,35.1931
33.2505,6.10477,0,6.10477,6.16,41.8225,80,4,0,3811,44.0819,44.3458,35.1866
33.2689,3.94514,0,3.94514,6.16,41.8225,40,0,0,3811,44.0819,44.3458,35.1866
33.2754,1.93409,0,1.93409,6.14,41.6935,40,0,0,3811,44.0819,44.3458,35.1866
33.3233,28.203,0,28.203,6.14,41.6935,60,2,0,3814,44.118,44.3818,35.1817
33.3433,14.7381,0,14.7381,6.12,41.5644,50,1,0,3815,44.1088,44.3725,35.1801
33.3685,20.9564,0,20.9564,6.1,41.4354,79,3,0,3818,44.1619,44.4254,35.1753
33.3762,2.06752,0,2.06752,6.08,41.3063,40,0,0,3819,44.1508,44.4142,35.1736
33.3978,3.32862,0,3.32862,6.08,41.3063,50,1,0,3820,44.1503,44.4136,35.172
33.4325,30.1693,0,30.1693,6.06,41.1773,87,2,0,3823,44.1543,44.4175,35.1672
33.4648,26.431,0,26.431,6.04,41.0482,69,2,0,3825,44.1692,44.4322,35.1639
33.4927,22.3889,0,22.3889,6.02,40.9192,60,2,0,3827,44.1918,44.4547,35.1607
33.5133,15.1396,0,15.1396,6,40.7901,50,1,0,3828,44.1897,44.4525,35.1591
33.5297,11.823,0,11.823,5.98,38.8722,70,2,0,3830,44.1708,44.4334,35.1559
33.5521,12.5058,0,12.5058,5.98,38.8722,70,2,0,3832,44.2589,44.5214,35.1526
33.5739,16.0178,0,16.0178,5.96,38.6806,70,2,0,3835,44.2876,44.5499,35.1478
33.6028,24.3881,0,24.3881,5.94,38.5049,78,1,0,3836,44.2928,44.555,35.1462
33.6309,22.8329,0,22.8329,5.92,38.3441,50,0,0,3838,44.3098,44.5719,35.143
33.6398,3.53564,0,3.53564,5.9,38.1836,50,0,0,3839,44.3011,44.5632,35.1414
33.6802,23.5799,0,23.5799,5.9,38.1836,70,2,0,3841,44.3028,44.5647,35.1382
33.6922,7.12552,0,7.12552,5.88,38.0236,60,1,0,3842,44.3306,44.5924,35.1365
33.7154,8.54681,0,8.54681,5.88,38.0236,70,2,0,3844,44.3366,44.5983,35.1333
33.7356,15.2177,0,15.2177,5.86,37.8956,60,1,0,3845,44.3649,44.6265,35.1317
33.7486,7.18559,0,7.18559,5.86,37.8956,60,1,0,3846,44.3645,44.6261,35.1301
33.7698,16.4223,0,16.4223,5.84,37.7713,90,4,0,3850,44.3317,44.593,35.1237
33.7816,6.42939,0,6.42939,5.82,37.6471,70,2,0,3852,44.3468,44.608,35.1205
33.8061,10.2616,0,10.2616,5.82,37.6471,80,3,0,3855,44.3575,44.6184,35.1157
33.8349,23.7101,0,23.7101,5.8,37.5228,80,3,0,3858,44.3333,44.5941,35.1109
33.8429,2.59754,0,2.59754,5.78,37.3986,60,1,0,3859,44.3226,44.5833,35.1093
33.875,14.181,0,14.181,5.78,37.3986,90,4,0,3863,44.343,44.6034,35.1029
33.8857,6.05656,0,6.05656,5.76,37.2744,60,1,0,3865,44.3356,44.5959,35.0997
33.9058,4.49213,0,4.49213,5.76,37.2744,50,0,0,3866,44.3306,44.5908,35.0981
33.9447,34.2957,0,34.2957,5.74,37.1501,89,3,0,3869,44.3952,44.6552,35.0933
33.9559,5.5226,0,5.5226,5.72,37.0259,80,3,0,3872,44.3781,44.6379,35.0885
33.9823,11.4758,0,11.4758,5.72,37.0259,70,2,0,3874,44.4081,44.6678,35.0854
33.9921,4.38249,0,4.38249,5.7,36.9016,60,1,0,3875,44.409,44.6686,35.0838
34.0168,9.18295,0,9.18295,5.7,36.9016,60,1,0,3877,44.4233,44.6827,35.0806
34.059,36.6756,0,36.6756,5.68,36.7774,60,1,0,3878,44.4263,44.6857,35.079
34.0695,4.94022,0,4.94022,5.66,36.6532,60,1,0,3880,44.4131,44.6724,35.0758
34.0863,2.07187,0,2.07187,5.66,36.6532,50,0,0,3880,44.4131,44.6724,35.0758
34.1097,18.0424,0,18.0424,5.64,36.5289,60,1,0,3882,44.415,44.6741,35.0726
34.1385,23.4381,0,23.4381,5.62,36.4047,50,0,0,3884,44.4192,44.6782,35.0695
34.1467,2.5623,0,2.5623,5.6,36.2805,60,1,0,3886,44.4017,44.6606,35.0663
34.1818,17.2743,0,17.2743,5.6,36.2805,70,2,0,3888,44.4177,44.6764,35.0631
34.2189,31.6334,22.119,9.51436,5.58,36.1562,1894,26,0,3889,44.4106,44.6686,35.0615
34.2266,2.14302,0,2.14302,5.56,36.032,50,0,0,3889,44.4106,44.6686,35.0615
34.2482,4.19246,0,4.19246,5.56,36.032,60,1,0,3891,44.3927,44.6505,35.0584
34.3079,54.5269,0,54.5269,5.54,35.9077,70,2,0,3893,44.4367,44.6943,35.0552
34.348,35.0606,0,35.0606,5.52,35.7835,50,1,0,3894,44.4774,44.735,35.0536
34.3588,5.35281,0,5.35281,5.5,35.6593,50,1,0,3896,44.4589,44.7164,35.0504
34.3928,19.8225,0,19.8225,5.5,35.6593,60,2,0,3899,44.4311,44.6884,35.0457
34.4219,23.9262,0,23.9262,5.48,35.535,70,3,0,3903,44.442,44.6989,35.0394
34.4425,14.9036,0,14.9036,5.46,35.4108,60,2,0,3905,44.444,44.7009,35.0362
34.4511,3.98653,0,3.98653,5.44,35.2865,70,3,0,3908,44.4186,44.6753,35.0315
34.498,29.2594,0,29.2594,5.44,35.2865,97,3,0,3912,44.4026,44.659,35.0252
34.5374,33.9472,0,33.9472,5.42,35.1623,70,3,0,3915,44.3934,44.6496,35.0205
34.5617,18.5327,0,18.5327,5.4,35.0381,70,3,0,3918,44.388,44.644,35.0158
34.5805,14.4296,0,14.4296,5.38,34.9138,60,2,0,3920,44.4668,44.7227,35.0126
34.6063,19.8529,0,19.8529,5.38,34.9138,60,2,0,3923,44.4578,44.7135,35.0079
34.6174,5.97128,0,5.97128,5.36,34.7896,40,0,0,3923,44.4578,44.7135,35.0079
34.6521,19.0037,0,19.0037,5.36,34.7896,50,1,0,3926,44.4335,44.689,35.0032
34.6597,2.05111,0,2.05111,5.34,34.6654,40,0,0,3926,44.4335,44.689,35.0032
34.7155,38.4184,0,38.4184,5.34,34.6654,70,3,0,3930,44.4906,44.7458,34.9969
34.7303,8.27759,0,8.27759,5.32,34.5411,50,1,0,3931,44.4905,44.7456,34.9954
34.753,12.0156,0,12.0156,5.32,34.5411,50,1,0,3932,44.5229,44.778,34.9938
34.7632,5.18698,0,5.18698,5.3,34.4169,40,0,0,3933,44.5512,44.8063,34.9922
34.7933,14.2053,0,14.2053,5.3,34.4169,60,2,0,3936,44.5546,44.8095,34.9876
34.8077,9.93,0,9.93,5.28,34.2926,70,3,0,3939,44.5532,44.8078,34.9829
34.8359,16.443,0,16.443,5.28,34.2926,80,4,0,3943,44.5833,44.8377,34.9766
34.8826,41.7773,0,41.7773,5.26,34.1684,81,2,0,3946,44.6047,44.8588,34.9719
34.9284,40.2625,0,40.2625,5.24,34.0442,70,3,0,3949,44.6017,44.8557,34.9673
34.9459,11.7429,0,11.7429,5.22,33.9199,50,2,0,3951,44.6406,44.8945,34.9642
34.9571,2.01039,0,2.01039,5.22,33.9199,30,0,0,3951,44.6406,44.8945,34.9642
34.9767,14.564,0,14.564,5.2,33.7957,40,1,0,3952,44.6748,44.9286,34.9626
34.9878,4.01018,0,4.01018,5.2,33.7957,30,0,0,3952,44.6748,44.9286,34.9626
35.0135,20.8044,0,20.8044,5.18,33.6714,50,2,0,3955,44.7135,44.9671,34.9579
35.0295,10.3356,0,10.3356,5.16,33.5472,40,1,0,3957,44.7205,44.974,34.9548
35.063,24.0357,0,24.0357,5.16,33.5472,60,3,0,3960,44.7508,45.004,34.9502
35.0849,15.953,0,15.953,5.14,33.423,50,2,0,3963,44.7921,45.0452,34.9455
35.0936,2.48085,0,2.48085,5.12,33.2987,30,0,0,3963,44.7921,45.0452,34.9455
35.1486,37.1302,0,37.1302,5.12,33.2987,60,3,0,3966,44.8051,45.058,34.9409
35.177,22.4599,0,22.4599,5.1,33.1745,40,1,0,3967,44.7966,45.0494,34.9393
35.2205,38.207,0,38.207,5.08,33.0503,60,3,0,3970,44.8675,45.1202,34.9347
35.2406,12.5337,0,12.5337,5.06,32.926,40,1,0,3972,44.8885,45.141,34.9316
35.2643,15.6001,0,15.6001,5.06,32.926,73,4,0,3976,44.881,45.1333,34.9254
35.2778,8.96619,0,8.96619,5.04,32.8018,40,1,0,3978,44.8856,45.1378,34.9223
35.2946,3.88561,0,3.88561,5.04,32.8018,40,1,0,3979,44.8771,45.1292,34.9208
35.3139,14.8879,0,14.8879,5.02,32.6775,60,3,0,3982,44.955,45.2069,34.9161
35.335,14.8605,0,14.8605,5.02,32.6775,30,0,0,3982,44.955,45.2069,34.9161
35.3689,28.5028,0,28.5028,5,32.5533,50,2,0,3984,44.993,45.2447,34.913
35.385,10.5427,0,10.5427,4.98,32.4291,50,2,0,3988,44.9707,45.2222,34.9069
35.401,6.79317,0,6.79317,4.98,32.4291,40,1,0,3989,45.0078,45.2592,34.9053
35.4189,12.2409,0,12.2409,4.96,32.3048,50,2,0,3991,44.9982,45.2496,34.9023
35.4315,5.13932,0,5.13932,4.96,32.3048,40,1,0,3992,44.9905,45.2417,34.9007
35.4702,34.2737,0,34.2737,4.94,32.1806,60,3,0,3995,45.0393,45.2904,34.8961
35.4855,9.33187,0,9.33187,4.92,32.0563,50,2,0,3998,45.0583,45.3092,34.8915
35.4974,1.74098,0,1.74098,4.92,32.0563,30,0,0,3998,45.0583,45.3092,34.8915
35.5131,11.5481,0,11.5481,4.9,31.9321,50,2,0,4000,45.0945,45.3453,34.8884
35.5295,6.20149,0,6.20149,4.9,31.9321,50,2,0,4002,45.0905,45.3411,34.8854
35.5447,10.133,0,10.133,4.88,31.8079,60,3,0,4005,45.0702,45.3206,34.8808
35.5763,20.2032,0,20.2032,4.88,31.8079,77,2,0,4007,45.0878,45.3382,34.8777
35.613,30.892,0,30.892,4.86,31.6836,70,4,0,4012,45.1438,45.3938,34.8701
35.6273,8.44206,0,8.44206,4.84,31.5594,40,1,0,4013,45.1926,45.4426,34.8685
35.659,19.805,0,19.805,4.84,31.5594,50,2,0,4016,45.187,45.4368,34.864
35.6675,3.92836,0,3.92836,4.82,31.4352,40,1,0,4018,45.1672,45.4169,34.8609
35.6978,12.5632,0,12.5632,4.82,31.4352,50,2,0,4021,45.1554,45.4049,34.8563
35.7228,19.217,0,19.217,4.8,31.3109,40,1,0,4022,45.18,45.4294,34.8548
35.7379,10.4748,0,10.4748,4.78,31.1867,50,2,0,4024,45.1707,45.42,34.8518
35.7804,31.5863,0,31.5863,4.78,31.1867,50,2,0,4026,45.159,45.4081,34.8487
35.8084,22.5057,0,22.5057,4.76,31.0624,50,2,0,4028,45.1713,45.4203,34.8457
35.8175,3.65966,0,3.65966,4.74,30.9382,40,1,0,4029,45.1832,45.4321,34.8441
35.8365,1.74771,0,1.74771,4.74,30.9382,30,0,0,4029,45.1832,45.4321,34.8441
35.8416,0.667764,0,0.667764,4.72,30.814,30,0,0,4029,45.1832,45.4321,34.8441
35.8825,21.1119,0,21.1119,4.72,30.814,50,2,0,4031,45.2238,45.4726,34.8411
35.8973,9.02507,0,9.02507,4.7,30.6897,40,1,0,4032,45.2215,45.4702,34.8396
35.9111,2.28982,0,2.28982,4.7,30.6897,40,1,0,4033,45.2113,45.46,34.8381
35.9534,37.8817,0,37.8817,4.68,30.5655,50,2,0,4035,45.2488,45.4974,34.835
35.974,14.9011,0,14.9011,4.66,30.4412,30,1,0,4036,45.2502,45.4988,34.8335
36.0057,26.42,0,26.42,4.64,30.317,30,1,0,4037,45.2774,45.5259,34.832
36.0139,3.00739,0,3.00739,4.62,30.1928,20,0,0,4037,45.2774,45.5259,34.832
36.0351,4.20088,0,4.20088,4.62,30.1928,30,1,0,4039,45.2612,45.5095,34.829
36.0428,2.49903,0,2.49903,4.6,30.0685,20,0,0,4039,45.2612,45.5095,34.829
36.0673,7.27405,0,7.27405,4.6,30.0685,30,1,0,4040,45.2522,45.5005,34.8274
36.0995,26.6728,0,26.6728,4.58,29.9443,50,3,0,4043,45.2543,45.5023,34.8229
36.1077,2.6497,0,2.6497,4.56,29.8201,30,1,0,4044,45.2549,45.503,34.8214
36.1361,11.2241,0,11.2241,4.56,29.8201,40,2,0,4046,45.2491,45.497,34.8183
36.1617,20.002,0,20.002,4.54,29.6958,40,2,0,4049,45.2835,45.5312,34.8138
36.1686,1.59859,0,1.59859,4.52,29.5716,20,0,0,4049,45.2835,45.5312,34.8138
36.1906,3.54936,0,3.54936,4.52,29.5716,40,2,0,4051,45.2708,45.5184,34.8108
36.2042,9.12725,0,9.12725,4.5,29.4473,30,1,0,4052,45.2601,45.5077,34.8093
36.2243,7.27322,0,7.27322,4.5,29.4473,30,1,0,4053,45.2835,45.531,34.8078
36.2411,12.2955,0,12.2955,4.48,29.3231,30,1,0,4055,45.2745,45.5218,34.8047
36.2548,3.97569,0,3.97569,4.48,29.3231,40,2,0,4057,45.2647,45.512,34.8017
36.2865,27.2618,0,27.2618,4.46,29.1989,30,1,0,4058,45.3152,45.5623,34.8002
36.3119,19.9573,0,19.9573,4.44,29.0746,43,2,0,4060,45.3557,45.6027,34.7972
36.3473,29.2781,0,29.2781,4.42,28.9504,40,2,0,4062,45.3501,45.597,34.7942
36.3702,17.4786,0,17.4786,4.4,28.8262,40,2,0,4064,45.3605,45.6073,34.7912
36.4026,26.8587,0,26.8587,4.38,28.7019,60,4,0,4068,45.3412,45.5878,34.7851
36.4274,18.7595,16.6229,2.13663,4.36,28.5777,868,1,0,4069,45.3305,45.577,34.7836
36.4414,7.58763,0,7.58763,4.34,28.4534,40,2,0,4071,45.3375,45.5839,34.7806
36.4597,6.62427,0,6.62427,4.34,28.4534,30,1,0,4073,45.3486,45.5949,34.7776
36.4955,29.7428,0,29.7428,4.32,28.3292,40,2,0,4076,45.4087,45.6548,34.7731
36.503,1.47078,0,1.47078,4.3,28.205,20,0,0,4076,45.4087,45.6548,34.7731
36.5242,1.81178,0,1.81178,4.3,28.205,20,0,0,4076,45.4087,45.6548,34.7731
36.567,36.8204,0,36.8204,4.28,28.0807,50,3,0,4079,45.4361,45.682,34.7686
36.5742,1.3406,0,1.3406,4.26,27.9565,20,0,0,4079,45.4361,45.682,34.7686
36.6002,6.81472,0,6.81472,4.26,27.9565,30,1,0,4081,45.4391,45.6849,34.7656
36.6158,10.4968,0,10.4968,4.24,27.8322,50,3,0,4084,45.43,45.6756,34.7611
36.6507,24.1027,0,24.1027,4.24,27.8322,50,3,0,4087,45.4512,45.6966,34.7566
36.6582,2.61651,0,2.61651,4.22,27.708,20,0,0,4087,45.4512,45.6966,34.7566
36.6936,16.5372,0,16.5372,4.22,27.708,50,3,0,4090,45.4584,45.7037,34.7522
36.703,3.50944,0,3.50944,4.2,27.5838,30,1,0,4091,45.472,45.7172,34.7507
36.7242,5.10131,0,5.10131,4.2,27.5838,40,2,0,4094,45.4658,45.7108,34.7462
36.746,15.7717,0,15.7717,4.18,27.4595,40,2,0,4096,45.4775,45.7224,34.7432
36.7672,16.1457,0,16.1457,4.16,27.3353,40,2,0,4098,45.5246,45.7694,34.7402
36.7817,9.02394,0,9.02394,4.14,27.2111,40,2,0,4100,45.5239,45.7685,34.7372
36.7997,6.17862,0,6.17862,4.14,27.2111,30,1,0,4102,45.5029,45.7474,34.7342
36.8152,11.0798,0,11.0798,4.12,27.0868,20,0,0,4103,45.5169,45.7614,34.7328
36.8309,5.1089,0,5.1089,4.12,27.0868,40,2,0,4105,45.535,45.7793,34.7298
36.8638,28.7186,0,28.7186,4.1,26.9626,50,3,0,4108,45.5757,45.8199,34.7253
36.8797,10.2876,0,10.2876,4.08,26.8383,30,1,0,4110,45.5796,45.8236,34.7223
36.9071,17.9193,0,17.9193,4.08,26.8383,50,3,0,4113,45.5993,45.8432,34.7179
36.9228,9.80068,0,9.80068,4.06,26.7141,30,1,0,4114,45.5892,45.833,34.7164
36.9716,38.205,0,38.205,4.06,26.7141,40,2,0,4116,45.5845,45.8282,34.7134
37.0039,26.1275,0,26.1275,4.04,26.5899,40,2,0,4118,45.6236,45.8672,34.7105
37.0773,67.1216,0,67.1216,4.02,26.4656,50,3,0,4121,45.646,45.8893,34.706
37.1336,49.9923,0,49.9923,4,26.3414,109,2,0,4124,45.7083,45.9515,34.7016
37.1573,17.5995,0,17.5995,3.98,26.2171,40,2,0,4126,45.7542,45.9973,34.6986
37.176,12.8983,0,12.8983,3.96,26.0929,40,2,0,4129,45.7801,46.023,34.6942
37.1854,3.05649,0,3.05649,3.96,26.0929,30,1,0,4130,45.7748,46.0177,34.6927
37.211,20.1684,0,20.1684,3.94,25.9687,40,2,0,4132,45.7911,46.0339,34.6897
37.2297,14.0909,0,14.0909,3.92,25.8444,30,1,0,4133,45.7905,46.0331,34.6883
37.2884,51.458,0,51.458,3.92,25.8444,50,3,0,4136,45.8409,46.0834,34.6838
37.3062,12.3283,0,12.3283,3.9,25.7202,30,1,0,4138,45.8272,46.0696,34.6809
37.3241,10.5398,0,10.5398,3.9,25.7202,40,2,0,4140,45.8239,46.0662,34.6779
37.3613,30.834,0,30.834,3.88,25.596,50,3,0,4143,45.8477,46.0898,34.6735
37.3776,10.4812,0,10.4812,3.86,25.4717,30,1,0,4144,45.8456,46.0876,34.672
37.3958,8.34508,0,8.34508,3.86,25.4717,40,2,0,4146,45.8599,46.1018,34.6691
37.4194,18.8741,0,18.8741,3.84,25.3475,40,2,0,4148,45.8447,46.0865,34.6661
37.4501,24.4547,0,24.4547,3.82,25.2232,50,3,0,4151,45.8632,46.1048,34.6617
37.471,15.2109,0,15.2109,3.8,25.099,27,0,0,4152,45.887,46.1286,34.6603
37.5029,27.2539,0,27.2539,3.78,24.9748,30,1,0,4154,45.9444,46.1858,34.6573
37.5257,17.0676,0,17.0676,3.76,24.8505,50,3,0,4157,45.9466,46.1879,34.6529
37.5541,22.1918,0,22.1918,3.74,24.7263,50,3,0,4160,46.0084,46.2495,34.6485
37.572,12.096,0,12.096,3.72,24.602,30,1,0,4162,46.0356,46.2765,34.6456
37.6088,29.5545,0,29.5545,3.72,24.602,70,5,0,4167,46.024,46.2647,34.6383
37.639,24.4613,0,24.4613,3.7,24.4778,50,3,0,4170,46.0264,46.2669,34.6339
37.6529,8.53533,0,8.53533,3.68,24.3536,40,2,0,4173,46.023,46.2634,34.6295
37.677,11.8401,0,11.8401,3.68,24.3536,30,1,0,4174,46.0139,46.2542,34.628
37.6881,4.85878,0,4.85878,3.66,24.2293,40,2,0,4177,46.001,46.2411,34.6237
37.7094,6.5301,0,6.5301,3.66,24.2293,40,2,0,4179,46.006,46.246,34.6207
37.7249,9.16356,0,9.16356,3.64,24.1051,30,1,0,4180,46.0256,46.2656,34.6193
37.7454,10.1459,0,10.1459,3.64,24.1051,30,1,0,4182,46.0593,46.2991,34.6164
37.7593,7.70666,0,7.70666,3.62,23.9809,20,0,0,4183,46.0963,46.3361,34.6149
37.7731,2.4453,0,2.4453,3.62,23.9809,20,0,0,4183,46.0963,46.3361,34.6149
37.7885,10.3139,0,10.3139,3.6,23.8566,20,0,0,4184,46.0944,46.3341,34.6135
37.8151,15.103,0,15.103,3.6,23.8566,30,1,0,4185,46.0903,46.33,34.612
37.8484,27.145,0,27.145,3.58,23.7324,50,3,0,4188,46.0671,46.3066,34.6076
37.8738,19.3475,0,19.3475,3.56,23.6081,40,2,0,4190,46.1053,46.3446,34.6047
37.8844,5.63094,0,5.63094,3.54,23.4839,20,0,0,4192,46.0859,46.3251,34.6018
37.9075,6.91469,0,6.91469,3.54,23.4839,30,1,0,4194,46.083,46.3221,34.5989
37.9158,2.30152,0,2.30152,3.52,23.3597,20,0,0,4194,46.083,46.3221,34.5989
37.9632,30.1688,0,30.1688,3.52,23.3597,43,2,0,4196,46.1037,46.3427,34.596
37.9852,15.5752,0,15.5752,3.5,23.2354,40,2,0,4198,46.0974,46.3364,34.5931
38.0085,17.8728,0,17.8728,3.48,23.1112,40,2,0,4200,46.111,46.3498,34.5902
38.0409,26.1284,0,26.1284,3.46,22.9869,46,2,0,4203,46.1059,46.3445,34.5859
38.0619,15.2106,0,15.2106,3.44,22.8627,30,1,0,4205,46.1058,46.3444,34.583
38.0835,16.1977,0,16.1977,3.42,22.7385,30,1,0,4206,46.1251,46.3635,34.5815
38.1075,18.1954,0,18.1954,3.4,22.6142,40,2,0,4208,46.1198,46.3581,34.5786
38.1283,14.8203,0,14.8203,3.38,22.49,30,1,0,4209,46.1112,46.3495,34.5772
38.1357,2.48571,0,2.48571,3.36,22.3658,30,1,0,4210,46.105,46.3432,34.5757
38.1638,9.08216,0,9.08216,3.36,22.3658,40,2,0,4212,46.0924,46.3305,34.5728
38.1751,6.30678,0,6.30678,3.34,22.2415,40,2,0,4214,46.1047,46.3427,34.57
38.2097,18.9655,0,18.9655,3.34,22.2415,43,2,0,4216,46.1148,46.3527,34.5671
38.2533,37.9044,0,37.9044,3.32,22.1173,30,1,0,4218,46.1648,46.4026,34.5642
38.2832,23.6669,0,23.6669,3.3,21.993,40,2,0,4220,46.1763,46.414,34.5613
38.2983,9.13299,0,9.13299,3.28,21.8688,20,0,0,4220,46.1763,46.414,34.5613
38.319,9.23029,0,9.23029,3.28,21.8688,30,1,0,4221,46.1656,46.4032,34.5599
38.3464,22.0089,0,22.0089,3.26,21.7446,50,3,0,4224,46.1522,46.3897,34.5555
38.3929,40.6784,0,40.6784,3.24,21.6203,64,3,0,4227,46.2378,46.475,34.5512
38.424,25.0357,0,25.0357,3.22,21.4961,30,1,0,4229,46.231,46.4682,34.5483
38.4446,14.1978,0,14.1978,3.2,21.3718,40,2,0,4231,46.2342,46.4713,34.5455
38.4758,24.6289,0,24.6289,3.18,21.2476,50,3,0,4234,46.2763,46.5132,34.5412
38.4924,10.2562,0,10.2562,3.16,21.1234,30,1,0,4235,46.2848,46.5216,34.5397
38.5199,18.6523,0,18.6523,3.16,21.1234,30,1,0,4236,46.28,46.5168,34.5383
38.5276,1.84539,0,1.84539,3.14,20.9991,20,0,0,4236,46.28,46.5168,34.5383
38.5555,8.65429,0,8.65429,3.14,20.9991,50,3,0,4239,46.2659,46.5025,34.534
38.6092,48.3297,0,48.3297,3.12,20.8749,53,3,0,4242,46.277,46.5134,34.5297
38.6201,4.95314,0,4.95314,3.1,20.7507,20,0,0,4243,46.2682,46.5046,34.5282
38.6382,2.0768,0,2.0768,3.1,20.7507,20,0,0,4243,46.2682,46.5046,34.5282
38.6672,22.655,0,22.655,3.08,20.6264,53,3,0,4246,46.3351,46.5714,34.5239
38.6922,18.7577,0,18.7577,3.06,20.5022,50,3,0,4249,46.31,46.546,34.5197
38.7055,8.69466,0,8.69466,3.04,20.3779,30,1,0,4250,46.3125,46.5485,34.5182
38.7505,32.0225,0,32.0225,3.04,20.3779,30,1,0,4252,46.3198,46.5557,34.5154
38.7793,22.945,0,22.945,3.02,20.2537,30,1,0,4253,46.3525,46.5883,34.5139
38.8249,40.0063,0,40.0063,3,20.1295,55,3,0,4257,46.3791,46.6148,34.5082
38.8906,59.7656,37.5384,22.2272,2.98,20.0052,2135,16,0,4260,46.3866,46.6192,34.5039
38.9139,17.0791,0,17.0791,2.96,19.881,50,3,0,4263,46.4197,46.6521,34.4997
38.9267,7.05031,0,7.05031,2.94,19.7568,30,1,0,4264,46.4355,46.6679,34.4982
38.9478,7.4948,0,7.4948,2.94,19.7568,30,1,0,4266,46.4238,46.6561,34.4954
38.9617,9.32312,0,9.32312,2.92,19.6325,30,1,0,4267,46.4218,46.6541,34.494
38.9906,16.406,0,16.406,2.92,19.6325,50,3,0,4270,46.4424,46.6745,34.4897
39.0096,13.6641,0,13.6641,2.9,19.5083,40,2,0,4272,46.474,46.706,34.4869
39.0368,19.0751,0,19.0751,2.9,19.5083,40,2,0,4274,46.4642,46.6961,34.484
39.0714,28.9723,0,28.9723,2.88,19.384,50,3,0,4277,46.5354,46.7671,34.4798
39.0826,5.41853,0,5.41853,2.86,19.2598,30,1,0,4279,46.5314,46.763,34.4769
39.126,29.2469,0,29.2469,2.86,19.2598,40,2,0,4282,46.5231,46.7546,34.4727
39.1382,6.41274,0,6.41274,2.84,19.1356,20,0,0,4282,46.5231,46.7546,34.4727
39.1549,2.57587,0,2.57587,2.84,19.1356,20,0,0,4282,46.5231,46.7546,34.4727
39.1674,7.6712,0,7.6712,2.82,19.0113,20,0,0,4282,46.5231,46.7546,34.4727
39.1928,11.2937,0,11.2937,2.82,19.0113,40,2,0,4284,46.5233,46.7547,34.4698
39.2055,7.48954,0,7.48954,2.8,18.8871,30,1,0,4285,46.5447,46.776,34.4684
39.2214,1.95525,0,1.95525,2.8,18.8871,20,0,0,4285,46.5447,46.776,34.4684
39.2339,7.46066,0,7.46066,2.78,18.7628,30,1,0,4286,46.5719,46.8031,34.467
39.254,6.0736,0,6.0736,2.78,18.7628,30,1,0,4287,46.5615,46.7926,34.4656
39.2675,8.36314,0,8.36314,2.76,18.6386,40,2,0,4289,46.5463,46.7773,34.4627
39.2912,10.5649,0,10.5649,2.76,18.6386,40,2,0,4291,46.5309,46.7618,34.4599
39.299,3.40006,0,3.40006,2.74,18.5144,40,2,0,4293,46.5167,46.7475,34.4571
39.3501,32.8941,0,32.8941,2.74,18.5144,50,3,0,4296,46.5319,46.7626,34.4529
39.3689,12.6247,0,12.6247,2.72,18.3901,40,2,0,4298,46.5305,46.7611,34.45
39.38,3.46734,0,3.46734,2.72,18.3901,30,1,0,4299,46.5243,46.7548,34.4486
39.3949,10.0882,0,10.0882,2.7,18.2659,30,1,0,4300,46.5679,46.7984,34.4472
39.4239,17.3223,0,17.3223,2.7,18.2659,30,1,0,4301,46.582,46.8124,34.4458
39.439,10.0427,0,10.0427,2.68,18.1417,30,1,0,4302,46.6358,46.8661,34.4444
39.4527,1.91133,0,1.91133,2.68,18.1417,20,0,0,4302,46.6358,46.8661,34.4444
39.4914,33.9808,0,33.9808,2.66,18.0174,50,3,0,4305,46.6249,46.8551,34.4402
39.506,8.71686,0,8.71686,2.64,17.8932,40,2,0,4307,46.639,46.8691,34.4373
39.522,5.38955,0,5.38955,2.64,17.8932,40,2,0,4309,46.6496,46.8796,34.4345
39.5325,6.1913,0,6.1913,2.62,17.7689,40,2,0,4311,46.6363,46.8662,34.4317
39.5945,46.0552,0,46.0552,2.62,17.7689,50,3,0,4314,46.7072,46.9369,34.4275
39.6269,26.4674,0,26.4674,2.6,17.6447,60,4,0,4318,46.7557,46.9852,34.4219
39.6524,19.3333,0,19.3333,2.58,17.5205,40,2,0,4320,46.7505,46.9799,34.4191
39.6622,5.29551,0,5.29551,2.56,17.3962,30,1,0,4321,46.7461,46.9755,34.4177
39.6823,3.53152,0,3.53152,2.56,17.3962,30,1,0,4322,46.7385,46.9678,34.4163
39.6902,3.38849,0,3.38849,2.54,17.272,30,1,0,4323,46.737,46.9662,34.4149
39.7189,10.2488,0,10.2488,2.54,17.272,30,1,0,4324,46.7486,46.9778,34.4135
39.7438,20.2613,0,20.2613,2.52,17.1477,40,2,0,4326,46.7693,46.9984,34.4107
39.7685,19.515,0,19.515,2.5,17.0235,40,2,0,4328,46.7833,47.0122,34.4079
39.7783,3.25379,0,3.25379,2.48,16.8993,30,1,0,4329,46.7799,47.0088,34.4065
39.807,11.8744,0,11.8744,2.48,16.8993,30,1,0,4330,46.797,47.0259,34.4051
39.8354,23.386,0,23.386,2.46,16.775,20,0,0,4332,46.8366,47.0653,34.4023
39.8529,11.2861,0,11.2861,2.44,16.6508,50,3,0,4335,46.8501,47.0787,34.3981
39.8651,3.31671,0,3.31671,2.44,16.6508,20,0,0,4335,46.8501,47.0787,34.3981
39.8955,25.2126,0,25.2126,2.42,16.5266,50,3,0,4338,46.8714,47.0998,34.3939
39.9069,5.04573,0,5.04573,2.4,16.4023,30,1,0,4339,46.8638,47.0922,34.3925
39.9352,14.1798,0,14.1798,2.4,16.4023,50,3,0,4342,46.8676,47.0958,34.3883
39.9444,3.13813,0,3.13813,2.38,16.2781,20,0,0,4342,46.8676,47.0958,34.3883
39.98,18.232,0,18.232,2.38,16.2781,50,3,0,4345,46.9107,47.1388,34.3841
39.9913,5.82242,0,5.82242,2.36,16.1538,30,1,0,4347,46.8903,47.1182,34.3813
40.0495,42.4058,0,42.4058,2.36,16.1538,50,3,0,4350,46.9014,47.1292,34.3771
40.0749,19.3526,0,19.3526,2.34,16.0296,50,3,0,4353,46.938,47.1656,34.373
40.0846,3.48196,0,3.48196,2.32,15.9054,20,0,0,4353,46.938,47.1656,34.373
40.1276,26.3142,0,26.3142,2.32,15.9054,30,1,0,4355,46.9848,47.2124,34.3702
40.139,6.02161,0,6.02161,2.3,15.7811,20,0,0,4355,46.9848,47.2124,34.3702
40.1714,18.5585,0,18.5585,2.3,15.7811,50,3,0,4358,47.005,47.2324,34.366
40.1914,13.5617,0,13.5617,2.28,15.6569,40,2,0,4360,47.0119,47.2392,34.3632
40.2145,16.8865,0,16.8865,2.28,15.6569,50,3,0,4363,47.0275,47.2546,34.3591
40.2625,42.6386,0,42.6386,2.26,15.5326,40,2,0,4365,47.0671,47.2942,34.3563
40.2879,19.5547,0,19.5547,2.24,15.4084,40,2,0,4368,47.0994,47.3262,34.3522
40.3153,21.4678,0,21.4678,2.22,15.2842,40,2,0,4370,47.0966,47.3233,34.3494
40.341,20.3841,0,20.3841,2.2,15.1599,40,2,0,4373,47.1123,47.3389,34.3452
40.363,15.4924,0,15.4924,2.18,15.0357,50,3,0,4376,47.1122,47.3387,34.3411
40.4233,54.3261,0,54.3261,2.16,14.9115,50,3,0,4379,47.2281,47.4544,34.3369
40.4382,8.58702,0,8.58702,2.14,14.7872,40,2,0,4381,47.239,47.4652,34.3342
40.4657,16.6354,0,16.6354,2.14,14.7872,60,4,0,4385,47.2265,47.4525,34.3287
40.486,14.4137,0,14.4137,2.12,14.663,30,1,0,4386,47.2214,47.4473,34.3273
40.512,20.2464,0,20.2464,2.1,14.5387,40,2,0,4388,47.2368,47.4626,34.3245
40.5203,4.30682,0,4.30682,2.08,14.4145,30,1,0,4389,47.2294,47.4552,34.3231
40.5401,2.0694,0,2.0694,2.08,14.4145,20,0,0,4389,47.2294,47.4552,34.3231
40.5467,1.62655,0,1.62655,2.06,14.2903,30,1,0,4390,47.2214,47.4472,34.3218
40.5935,25.5916,0,25.5916,2.06,14.2903,40,2,0,4393,47.2056,47.4311,34.3176
40.6079,8.38374,0,8.38374,2.04,14.166,50,3,0,4396,47.1949,47.4204,34.3135
40.6298,9.29797,0,9.29797,2.04,14.166,40,2,0,4398,47.1771,47.4025,34.3108
40.6566,21.7424,0,21.7424,2.02,14.0418,30,1,0,4400,47.177,47.4023,34.308
40.68,17.255,0,17.255,2,13.9175,40,2,0,4402,47.1608,47.386,34.3053
40.7164,30.7963,0,30.7963,1.98,13.7933,40,2,0,4404,47.2144,47.4394,34.3025
40.7653,42.2035,0,42.2035,1.96,13.6691,70,5,0,4409,47.2463,47.4711,34.2957
40.8137,42.5352,0,42.5352,1.94,13.5448,50,3,0,4412,47.2994,47.524,34.2916
40.827,6.97054,0,6.97054,1.92,13.4206,30,1,0,4413,47.2998,47.5244,34.2902
40.8589,19.8167,0,19.8167,1.92,13.4206,40,2,0,4415,47.2978,47.5223,34.2874
40.8924,27.2984,0,27.2984,1.9,13.2964,40,2,0,4417,47.2893,47.5137,34.2847
40.9223,23.794,0,23.794,1.88,13.1721,50,3,0,4420,47.2824,47.5066,34.2806
40.9394,10.9739,0,10.9739,1.86,13.0479,60,4,0,4425,47.2673,47.4913,34.2738
40.9662,18.6459,0,18.6459,1.86,13.0479,50,3,0,4428,47.2814,47.5052,34.2697
41.012,39.794,0,39.794,1.84,12.9236,50,3,0,4431,47.353,47.5766,34.2656
41.0258,7.57547,0,7.57547,1.82,12.7994,40,2,0,4433,47.356,47.5795,34.2629
41.0509,13.2972,0,13.2972,1.82,12.7994,40,2,0,4435,47.3747,47.5982,34.2602
41.0613,4.12069,0,4.12069,1.8,12.6752,30,1,0,4436,47.3729,47.5963,34.2588
41.0917,15.3149,0,15.3149,1.8,12.6752,50,3,0,4439,47.3532,47.5765,34.2547
41.1126,14.9779,0,14.9779,1.78,12.5509,40,2,0,4441,47.3373,47.5605,34.252
41.1413,22.3727,0,22.3727,1.76,12.4267,35,1,0,4443,47.3207,47.5438,34.2493
41.16,12.8098,0,12.8098,1.74,12.3024,30,1,0,4445,47.3195,47.5424,34.2466
41.1795,13.03,0,13.03,1.74,12.3024,40,2,0,4447,47.3333,47.5561,34.2439
41.2067,21.1032,0,21.1032,1.72,12.1782,40,2,0,4449,47.3291,47.5518,34.2411
41.2322,19.5259,0,19.5259,1.7,12.054,30,1,0,4450,47.3726,47.5953,34.2398
41.251,13.6827,0,13.6827,1.68,11.9297,40,2,0,4452,47.3792,47.6018,34.2371
41.2813,22.0553,0,22.0553,1.68,11.9297,50,3,0,4455,47.3874,47.6099,34.233
41.3037,16.6915,0,16.6915,1.66,11.8055,40,2,0,4457,47.4079,47.6302,34.2303
41.3123,3.09755,0,3.09755,1.64,11.6813,20,0,0,4457,47.4079,47.6302,34.2303
41.3344,3.83625,0,3.83625,1.64,11.6813,30,1,0,4458,47.3997,47.622,34.2289
41.3583,18.5293,0,18.5293,1.62,11.557,50,3,0,4461,47.3997,47.6218,34.2249
41.3717,6.70868,0,6.70868,1.6,11.4328,30,1,0,4462,47.4034,47.6255,34.2235
41.3865,1.17239,0,1.17239,1.6,11.4328,20,0,0,4462,47.4034,47.6255,34.2235
41.4163,23.7642,0,23.7642,1.58,11.3085,30,1,0,4464,47.4332,47.6552,34.2208
41.4429,20.4928,0,20.4928,1.56,11.1843,30,1,0,4465,47.4331,47.6551,34.2195
41.4506,1.7927,0,1.7927,1.54,11.0601,20,0,0,4465,47.4331,47.6551,34.2195
41.4752,6.96868,0,6.96868,1.54,11.0601,40,2,0,4467,47.4153,47.6371,34.2168
41.4946,13.457,0,13.457,1.52,10.9358,40,2,0,4469,47.4236,47.6453,34.2141
41.5043,4.13991,0,4.13991,1.52,10.9358,30,1,0,4470,47.4132,47.6349,34.2127
41.5308,20.5766,0,20.5766,1.5,10.8116,50,3,0,4473,47.4201,47.6416,34.2087
41.5718,35.7939,0,35.7939,1.48,10.6874,30,1,0,4474,47.4385,47.66,34.2073
41.5797,1.95151,0,1.95151,1.46,10.5631,20,0,0,4474,47.4385,47.66,34.2073
41.6204,23.2617,0,23.2617,1.46,10.5631,20,0,0,4475,47.4317,47.6532,34.206
41.637,9.94225,0,9.94225,1.44,10.4389,50,3,0,4478,47.4299,47.6512,34.202
41.6844,37.437,0,37.437,1.44,10.4389,30,1,0,4481,47.4519,47.6731,34.1979
41.7403,49.6036,36.4571,13.1465,1.42,10.3146,979,3,0,4483,47.4377,47.6587,34.1952
41.7977,50.8903,0,50.8903,1.4,10.1904,60,4,0,4487,47.5335,47.7544,34.1899
41.8228,19.1111,0,19.1111,1.38,10.0662,40,2,0,4489,47.5578,47.7786,34.1872
41.8359,7.31226,0,7.31226,1.36,9.94192,30,1,0,4490,47.5677,47.7884,34.1858
41.8631,14.2636,0,14.2636,1.36,9.94192,40,2,0,4492,47.5959,47.8166,34.1832
41.8868,18.9627,0,18.9627,1.34,9.81768,40,2,0,4494,47.6453,47.8658,34.1805
41.9092,16.408,0,16.408,1.32,9.69344,50,3,0,4497,47.6669,47.8873,34.1765
41.9205,4.89146,0,4.89146,1.3,9.56921,40,2,0,4499,47.6526,47.8729,34.1738
41.9464,11.6582,0,11.6582,1.3,9.56921,40,2,0,4501,47.7041,47.9242,34.1711
41.978,25.3057,0,25.3057,1.28,9.44497,40,2,0,4503,47.7046,47.9247,34.1684
41.9883,3.84377,0,3.84377,1.26,9.32073,30,1,0,4504,47.6956,47.9156,34.1671
42.0282,24.6811,0,24.6811,1.26,9.32073,40,2,0,4507,47.7138,47.9337,34.1631
42.0572,22.5744,0,22.5744,1.24,9.19649,40,2,0,4509,47.7183,47.9381,34.1604
42.084,20.6304,0,20.6304,1.22,9.07225,40,2,0,4511,47.7189,47.9386,34.1577
42.0985,8.68327,0,8.68327,1.2,8.94801,40,2,0,4513,47.7035,47.9231,34.1551
42.1183,7.95636,0,7.95636,1.2,8.94801,30,1,0,4514,47.7102,47.9298,34.1537
42.1324,9.05775,0,9.05775,1.18,8.82378,20,0,0,4514,47.7102,47.9298,34.1537
42.1522,7.26712,0,7.26712,1.18,8.82378,40,2,0,4516,47.711,47.9305,34.1511
42.1673,10.2484,0,10.2484,1.16,8.69954,20,0,0,4517,47.7295,47.9489,34.1497
42.1907,12.1499,0,12.1499,1.16,8.69954,40,2,0,4519,47.7453,47.9646,34.1471
42.2155,18.931,0,18.931,1.14,8.5753,40,2,0,4521,47.7711,47.9903,34.1444
42.2265,4.98618,0,4.98618,1.12,8.45106,30,1,0,4522,47.7645,47.9836,34.1431
42.2659,23.8095,0,23.8095,1.12,8.45106,40,2,0,4524,47.7809,48,34.1404
42.283,11.293,0,11.293,1.1,8.32682,30,1,0,4525,47.7985,48.0175,34.1391
42.3065,15.5918,0,15.5918,1.1,8.32682,30,1,0,4527,47.8429,48.0619,34.1364
42.3404,27.7845,0,27.7845,1.08,8.20258,40,2,0,4529,47.8627,48.0815,34.1338
42.3524,5.97779,0,5.97779,1.06,8.07835,20,0,0,4529,47.8627,48.0815,34.1338
42.3719,6.06292,0,6.06292,1.06,8.07835,30,1,0,4530,47.8543,48.0731,34.1324
42.3807,2.75952,0,2.75952,1.04,7.95411,30,1,0,4531,47.8462,48.0649,34.1311
42.4092,12.1978,0,12.1978,1.04,7.95411,40,2,0,4533,47.8266,48.0452,34.1285
42.4464,30.9784,0,30.9784,1.02,7.82987,30,1,0,4534,47.8229,48.0415,34.1271
42.458,4.86346,0,4.86346,1,7.70563,40,2,0,4536,47.8097,48.0282,34.1245
42.4761,2.55793,0,2.55793,1,7.70563,20,0,0,4536,47.8097,48.0282,34.1245
42.5009,19.4298,0,19.4298,0.98,7.58139,40,2,0,4538,47.8048,48.0231,34.1218
42.5176,11.6318,0,11.6318,0.96,7.45715,30,1,0,4539,47.8022,48.0205,34.1205
42.5443,19.2705,0,19.2705,0.96,7.45715,40,2,0,4541,47.8333,48.0515,34.1179
42.5623,11.5779,0,11.5779,0.94,7.33292,50,3,0,4544,47.8424,48.0605,34.1139
42.5838,12.4479,0,12.4479,0.94,7.33292,40,2,0,4546,47.8341,48.0521,34.1112
42.6234,28.3069,0,28.3069,0.92,7.33292,10,0,0,4547,47.8608,48.0787,34.1099
42.6638,27.9984,0,27.9984,0.9,7.33292,40,3,0,4550,47.8892,48.107,34.106
42.7165,39.4984,0,39.4984,0.88,7.33292,50,4,0,4554,47.917,48.1346,34.1007
42.7428,12.1292,0,12.1292,0.86,7.33292,30,2,0,4556,47.9271,48.1446,34.098
42.7833,27.6012,0,27.6012,0.84,7.33292,30,2,0,4558,47.9419,48.1593,34.0954
42.8166,18.5494,0,18.5494,0.82,7.33292,40,3,0,4561,47.9154,48.1326,34.0914
42.8606,27.3683,0,27.3683,0.8,7.33292,30,2,0,4563,47.9189,48.1361,34.0888
42.9152,39.3155,0,39.3155,0.78,7.33292,20,1,0,4565,47.9503,48.1674,34.0862
42.955,22.7706,0,22.7706,0.76,7.33292,10,0,0,4567,47.9803,48.1973,34.0835
42.9798,8.58931,0,8.58931,0.74,7.33292,30,2,0,4569,47.9803,48.1972,34.0809
43.0035,9.39324,0,9.39324,0.72,7.33292,20,1,0,4570,47.9775,48.1943,34.0796
43.0339,12.1446,0,12.1446,0.7,7.33292,20,1,0,4573,47.9624,48.1791,34.0757
43.0668,16.018,0,16.018,0.68,7.33292,30,2,0,4575,48.005,48.2216,34.073
43.0877,6.75495,0,6.75495,0.66,7.33292,20,1,0,4576,48.0135,48.2301,34.0717
43.1127,9.24339,0,9.24339,0.64,7.33292,20,1,0,4577,48.0234,48.2399,34.0704
43.151,22.845,0,22.845,0.62,7.33292,30,2,0,4579,48.0762,48.2926,34.0678
43.1729,5.88204,0,5.88204,0.6,7.33292,30,2,0,4581,48.095,48.3113,34.0652
43.2293,39.7693,0,39.7693,0.58,7.33292,50,4,0,4585,48.0925,48.3086,34.0599
43.2498,6.07569,0,6.07569,0.56,7.33292,30,2,0,4587,48.094,48.31,34.0573
43.3156,51.757,36.0174,15.7396,0.54,7.33292,2117,3,0,4589,48.083,48.299,34.0547
43.3332,5.26983,0,5.26983,0.52,7.33292,30,2,0,4592,48.0566,48.2724,34.0508
43.3582,7.43769,0,7.43769,0.52,7.33292,20,1,0,4593,48.0499,48.2656,34.0495
43.3762,5.50556,0,5.50556,0.5,7.33292,10,0,0,4594,48.0664,48.2821,34.0481
43.4272,36.9823,0,36.9823,0.5,7.33292,20,1,0,4596,48.1401,48.3557,34.0455
43.4528,12.4183,0,12.4183,0.48,7.33292,20,1,0,4597,48.1655,48.3811,34.0442
43.4816,15.9112,0,15.9112,0.46,7.33292,30,2,0,4599,48.1861,48.4016,34.0416
43.5009,7.38857,0,7.38857,0.44,7.33292,20,1,0,4600,48.2078,48.4233,34.0403
43.5411,25.9781,0,25.9781,0.44,7.33292,64,3,0,4604,48.2476,48.4629,34.0351
43.5618,8.24033,0,8.24033,0.42,7.33292,20,1,0,4606,48.2351,48.4503,34.0325
43.5907,15.8101,0,15.8101,0.4,7.33292,20,1,0,4607,48.2294,48.4445,34.0312
43.6224,18.509,0,18.509,0.38,7.33292,20,1,0,4610,48.2278,48.4427,34.0273
