elapsed_s,total_latency_ms,update_ms,plan_ms,time_to_goal,path_cost,obstacle_checks,queue_operations,collision_count,tree_size,avg_deg_out,avg_deg_in,radius
0.0966745,96.1807,39.5537,56.6271,30,146.969,9494,663,0,783,16.0971,16.0971,20
0.0989315,0.202652,0,0.202652,29.98,160.879,50,0,0,783,16.0971,16.0971,20
0.12235,3.26041,0,3.26041,29.98,160.879,192,8,0,785,16.1096,16.1096,20
0.124984,1.15497,0,1.15497,29.96,160.6,100,2,0,786,16.1158,16.1158,20
0.145526,1.25225,0,1.25225,29.96,160.6,70,4,0,788,16.0952,16.0952,20
0.14696,0.04999,0,0.04999,29.94,160.323,50,0,0,788,16.0952,16.0952,20
0.167312,0.101558,0,0.101558,29.94,160.323,50,0,0,788,16.0952,16.0952,20
0.169591,0.734935,0,0.734935,29.92,160.045,50,0,0,788,16.0952,16.0952,20
0.1916,2.4817,0,2.4817,29.92,160.045,123,4,0,790,16.1215,16.1215,20
0.193416,0.748471,0,0.748471,29.9,159.767,60,2,0,791,16.1201,16.1201,20
0.214147,1.42472,0,1.42472,29.9,159.767,114,5,0,792,16.1124,16.1124,20
0.21602,0.167557,0,0.167557,29.88,159.49,50,0,0,792,16.1124,16.1124,20
0.23815,2.00229,0,2.00229,29.88,159.49,114,11,0,794,16.1108,16.1108,20
0.241471,2.04362,0,2.04362,29.86,159.213,60,2,0,795,16.1723,16.1723,20
0.260896,0.811257,0,0.811257,29.86,159.213,50,0,0,795,16.1723,16.1723,20
0.267333,4.55965,0,4.55965,29.84,158.937,253,8,0,797,16.2045,16.2045,20
0.285807,2.95077,0,2.95077,29.84,158.937,116,6,0,799,16.2378,16.2378,20
0.288564,1.25474,0,1.25474,29.82,158.661,115,8,0,800,16.245,16.245,20
0.309369,1.02497,0,1.02497,29.82,158.661,50,0,0,800,16.245,16.245,20
0.312623,0.872261,0,0.872261,29.8,158.385,50,0,0,800,16.245,16.245,20
0.335603,3.04998,0,3.04998,29.8,158.385,95,2,0,801,16.2797,16.2797,20
0.339613,2.49555,0,2.49555,29.78,158.109,129,12,0,803,16.3213,16.3213,20
0.360959,1.74975,0,1.74975,29.78,158.109,60,0,0,803,16.3213,16.3213,20
0.371382,5.87718,0,5.87718,29.76,157.833,258,0,0,804,16.3445,16.3445,20
0.386741,2.15373,0,2.15373,29.76,157.833,76,2,0,805,16.3602,16.3602,20
0.398288,8.95473,0,8.95473,29.74,157.557,138,6,0,807,16.3879,16.3879,20
0.411334,2.59249,0,2.59249,29.74,157.557,124,4,0,809,16.398,16.398,20
0.416771,3.07156,0,3.07156,29.72,157.282,96,3,0,811,16.3933,16.3933,20
0.43647,2.07814,0,2.07814,29.72,152.987,146,4,0,812,16.3892,16.3892,20
0.443381,4.11659,0,4.11659,29.7,152.938,148,10,0,813,16.428,16.428,20
0.460733,1.1196,0,1.1196,29.7,152.938,86,2,0,814,16.4287,16.4287,20
0.465594,1.91575,0,1.91575,29.68,152.889,86,2,0,815,16.4172,16.4172,20
0.492895,8.70494,0,8.70494,29.68,152.889,110,4,0,817,16.5129,16.5129,20
0.501962,5.63485,0,5.63485,29.66,152.839,144,14,0,818,16.5403,16.5403,20
0.520199,4.04539,0,4.04539,29.66,152.839,127,4,0,819,16.5617,16.5617,20
0.527558,3.98875,0,3.98875,29.64,152.79,86,2,0,820,16.6049,16.6049,20
0.548118,4.68939,0,4.68939,29.64,152.79,386,16,0,821,16.6431,16.6431,20
0.551882,0.996811,0,0.996811,29.62,152.741,86,1,0,822,16.6302,16.6302,20
0.575963,3.90944,0,3.90944,29.62,152.741,131,4,0,823,16.6452,16.6452,20
0.585321,5.45345,0,5.45345,29.6,152.692,137,4,0,825,16.663,16.663,20
0.601252,1.69861,0,1.69861,29.6,152.692,157,6,0,826,16.6707,16.6707,20
0.604557,1.32459,0,1.32459,29.58,152.643,123,2,0,827,16.6832,16.6832,20
0.624367,0.196688,0,0.196688,29.58,152.643,86,0,0,827,16.6832,16.6832,20
0.629809,3.59105,0,3.59105,29.56,152.594,131,6,0,829,16.7539,16.7539,20
0.653106,5.64105,0,5.64105,29.56,152.594,181,16,0,831,16.7738,16.7738,20
0.661129,4.47214,0,4.47214,29.54,152.545,128,21,0,833,16.8007,16.8007,20
0.678909,3.02627,0,3.02627,29.54,152.545,109,4,0,835,16.8515,16.8515,20
0.6833,0.78951,0,0.78951,29.52,152.496,96,2,0,836,16.8469,16.8469,20
0.704906,2.15003,0,2.15003,29.52,152.496,156,4,0,837,16.8578,16.8578,20
0.711317,3.29199,0,3.29199,29.5,152.446,127,4,0,839,16.8689,16.8689,20
0.732372,3.79099,0,3.79099,29.5,152.446,167,2,0,840,16.8976,16.8976,20
0.741728,5.3817,0,5.3817,29.48,152.397,222,6,0,842,16.9097,16.9097,20
0.755946,0.017352,0,0.017352,29.48,152.397,92,0,0,842,16.9097,16.9097,20
0.761326,3.46132,0,3.46132,29.46,152.348,227,10,0,844,16.9443,16.9443,20
0.781772,2.47105,0,2.47105,29.46,152.348,135,2,0,845,16.9728,16.9728,20
0.789517,4.35514,0,4.35514,29.44,152.299,145,4,0,847,17,17,20
0.811623,6.45406,0,6.45406,29.44,152.299,150,10,0,849,17.0671,17.0671,20
0.821157,5.49721,0,5.49721,29.42,148.431,214,4,0,850,17.1082,17.1082,20
0.838198,2.52904,0,2.52904,29.42,148.431,132,6,0,851,17.1363,17.1363,20
0.845691,3.75853,0,3.75853,29.4,148.366,144,4,0,853,17.1981,17.1981,20
0.870079,7.83632,0,7.83632,29.4,148.366,433,26,0,854,17.2096,17.2096,20
0.874795,1.19735,0,1.19735,29.38,148.3,112,1,0,855,17.2035,17.2035,20
0.895665,2.29887,0,2.29887,29.38,148.3,120,2,0,856,17.2407,17.2407,20
0.907198,8.46802,0,8.46802,29.36,148.234,164,4,0,858,17.3159,17.3159,20
0.91969,0.658267,0,0.658267,29.36,148.234,102,0,0,858,17.3159,17.3159,20
0.922847,1.17849,0,1.17849,29.34,148.169,162,2,0,859,17.3248,17.3248,20
0.943722,0.532846,0,0.532846,29.34,148.169,102,0,0,859,17.3248,17.3248,20
0.948919,1.14518,0,1.14518,29.32,148.103,112,1,0,860,17.3209,17.3209,20
0.969974,1.87616,0,1.87616,29.32,148.103,242,11,0,861,17.3055,17.3055,20
0.97312,0.807054,0,0.807054,29.3,148.038,159,2,0,862,17.2993,17.2993,20
0.995226,2.01743,0,2.01743,29.3,148.038,272,12,0,863,17.3059,17.3059,20
1.0001,1.65821,0,1.65821,29.28,147.973,122,0,0,863,17.3059,17.3059,20
1.02086,1.88044,0,1.88044,29.28,147.973,157,2,0,864,17.3148,17.3148,20
1.03114,6.17435,0,6.17435,29.26,147.907,244,6,0,866,17.3268,17.3268,20
1.04558,1.73852,0,1.73852,29.26,147.907,203,2,0,867,17.346,17.346,20
1.05346,3.52711,0,3.52711,29.24,147.842,245,4,0,868,17.3675,17.3675,20
1.07106,1.88094,0,1.88094,29.24,147.842,189,4,0,870,17.3655,17.3655,20
1.07574,1.78555,0,1.78555,29.22,147.777,132,2,0,871,17.3662,17.3662,20
1.10003,4.88608,0,4.88608,29.22,147.777,170,4,0,873,17.4124,17.4124,20
1.10456,2.12869,0,2.12869,29.2,147.712,132,2,0,874,17.4622,17.4622,20
1.12434,0.960387,0,0.960387,29.2,147.712,142,2,0,875,17.4709,17.4709,20
1.12916,1.02801,0,1.02801,29.18,147.646,122,0,0,875,17.4709,17.4709,20
1.15055,2.09223,0,2.09223,29.18,147.646,132,2,0,876,17.4954,17.4954,20
1.15482,1.69644,0,1.69644,29.16,147.581,198,4,0,877,17.5097,17.5097,20
1.17404,0.198633,0,0.198633,29.16,147.581,122,0,0,877,17.5097,17.5097,20
1.17831,2.01329,0,2.01329,29.14,147.516,132,2,0,878,17.5399,17.5399,20
1.20125,3.89737,0,3.89737,29.14,147.516,305,62,0,880,17.5534,17.5534,20
1.20961,4.42938,0,4.42938,29.12,147.451,247,10,0,882,17.5612,17.5612,20
1.23074,5.48164,0,5.48164,29.12,147.451,232,10,0,884,17.6154,17.6154,20
1.23659,3.21628,0,3.21628,29.1,147.386,223,8,0,886,17.6467,17.6467,20
1.25801,3.35306,0,3.35306,29.1,147.386,164,2,0,887,17.6787,17.6787,20
1.26236,1.58758,0,1.58758,29.08,147.32,162,8,0,888,17.6971,17.6971,20
1.28775,5.32128,0,5.32128,29.08,147.32,176,8,0,889,17.7424,17.7424,20
1.29367,2.20572,0,2.20572,29.06,147.255,165,2,0,890,17.7742,17.7742,20
1.31358,2.23738,0,2.23738,29.06,147.255,132,2,0,891,17.8159,17.8159,20
1.31833,2.27168,0,2.27168,29.04,147.19,194,10,0,892,17.833,17.833,20
1.3382,1.34458,0,1.34458,29.04,147.19,169,4,0,893,17.8264,17.8264,20
1.34147,0.371916,0,0.371916,29.02,147.125,122,0,0,893,17.8264,17.8264,20
1.36336,0.92722,0,0.92722,29.02,147.125,132,1,0,894,17.8177,17.8177,20
1.37911,11.2929,0,11.2929,29,147.059,1193,136,0,895,17.8402,17.8402,20
1.39098,3.36044,0,3.36044,29,147.059,211,2,0,896,17.8627,17.8627,20
1.39877,4.10305,0,4.10305,28.98,146.994,228,19,0,897,17.8763,17.8763,20
1.4177,2.93241,0,2.93241,28.98,146.994,231,2,0,899,17.8676,17.8676,20
1.4269,6.31099,0,6.31099,28.96,146.929,455,24,0,901,17.8824,17.8824,20
1.44499,3.76869,0,3.76869,28.96,141.457,243,8,0,902,17.9235,17.9235,20
1.44967,1.27538,0,1.27538,28.94,141.392,151,2,0,903,17.9158,17.9158,20
1.46951,1.36343,0,1.36343,28.94,141.392,151,2,0,904,17.9204,17.9204,20
1.47264,0.627416,0,0.627416,28.92,141.326,142,2,0,905,17.9149,17.9149,20
1.49446,1.15166,0,1.15166,28.92,141.326,161,3,0,906,17.9106,17.9106,20
1.50061,2.4955,0,2.4955,28.9,141.261,149,2,0,907,17.9327,17.9327,20
1.52491,6.50219,0,6.50219,28.9,141.261,203,12,0,909,18,18,20
1.52863,0.118783,0,0.118783,28.88,141.196,132,0,0,909,18,18,20
1.54956,0.814707,0,0.814707,28.88,141.196,132,0,0,909,18,18,20
1.56073,6.47275,0,6.47275,28.86,141.131,260,22,0,911,18.0241,18.0241,20
1.5788,4.28107,0,4.28107,28.86,141.131,170,5,0,913,18.0372,18.0372,20
1.58534,2.28176,0,2.28176,28.84,141.065,152,4,0,914,18.0492,18.0492,20
1.60857,4.77577,0,4.77577,28.84,141.065,167,3,0,916,18.0568,18.0568,20
1.61402,1.57615,0,1.57615,28.82,141,132,2,0,917,18.0774,18.0774,20
1.63281,0.232989,0,0.232989,28.82,141,122,0,0,917,18.0774,18.0774,20
1.63625,1.05025,0,1.05025,28.8,140.935,154,2,0,918,18.0893,18.0893,20
1.65764,1.65323,0,1.65323,28.8,140.935,145,2,0,919,18.1175,18.1175,20
1.66896,7.38767,0,7.38767,28.78,140.87,168,4,0,921,18.177,18.177,20
1.68222,1.25827,0,1.25827,28.78,140.87,167,1,0,922,18.1746,18.1746,20
1.68831,2.95705,0,2.95705,28.76,140.805,159,2,0,923,18.1874,18.1874,20
1.71254,6.62741,0,6.62741,28.76,140.805,514,20,0,924,18.2197,18.2197,20
1.71634,1.21896,0,1.21896,28.74,140.739,169,4,0,925,18.2151,18.2151,20
1.73907,2.6485,0,2.6485,28.74,140.739,154,2,0,926,18.2289,18.2289,20
1.74454,2.60807,0,2.60807,28.72,140.674,132,2,0,927,18.2373,18.2373,20
1.76884,6.02106,0,6.02106,28.72,140.674,227,2,0,929,18.2433,18.2433,20
1.77266,0.351283,0,0.351283,28.7,140.609,122,0,0,929,18.2433,18.2433,20
1.79407,1.27117,0,1.27117,28.7,140.609,144,4,0,930,18.2473,18.2473,20
1.79986,3.4623,0,3.4623,28.68,140.544,172,16,0,931,18.2567,18.2567,20
1.81919,1.84494,0,1.84494,28.68,140.544,152,4,0,933,18.2562,18.2562,20
1.82499,3.45858,0,3.45858,28.66,140.478,142,4,0,934,18.2998,18.2998,20
1.84466,1.24818,0,1.24818,28.66,140.478,122,0,0,934,18.2998,18.2998,20
1.85536,6.42012,0,6.42012,28.64,140.413,228,8,0,936,18.3472,18.3472,20
1.86978,1.23391,0,1.23391,28.64,140.413,132,2,0,937,18.3426,18.3426,20
1.87372,1.55461,0,1.55461,28.62,140.348,146,2,0,938,18.3603,18.3603,20
1.89854,4.61744,0,4.61744,28.62,140.348,190,2,0,939,18.3962,18.3962,20
1.90288,0.885246,0,0.885246,28.6,140.283,112,2,0,940,18.3957,18.3957,20
1.92478,2.6671,0,2.6671,28.6,140.283,246,0,0,941,18.4091,18.4091,20
1.93265,3.50591,0,3.50591,28.58,140.217,146,4,0,942,18.4289,18.4289,20
1.9549,5.65468,0,5.65468,28.58,140.217,137,4,0,944,18.4417,18.4417,20
1.96516,6.07218,0,6.07218,28.56,140.152,185,4,0,946,18.4873,18.4873,20
1.98451,5.03458,0,5.03458,28.56,140.152,240,12,0,948,18.4947,18.4947,20
1.99276,4.42218,0,4.42218,28.54,140.087,208,10,0,949,18.5058,18.5058,20
2.01333,4.53324,0,4.53324,28.54,140.087,226,12,0,950,18.5137,18.5137,20
2.02744,10.2924,0,10.2924,28.52,140.022,470,62,0,952,18.5473,18.5473,20
2.03895,2.00704,0,2.00704,28.52,140.022,132,4,0,953,18.5635,18.5635,20
2.04804,5.65064,0,5.65064,28.5,139.957,278,37,0,955,18.5843,18.5843,20
2.06355,1.49495,0,1.49495,28.5,139.957,146,3,0,956,18.5931,18.5931,20
2.06963,2.75867,0,2.75867,28.48,139.891,184,4,0,957,18.6113,18.6113,20
2.08874,1.878,0,1.878,28.48,139.891,118,2,0,958,18.6232,18.6232,20
2.09207,0.879526,0,0.879526,28.46,139.826,134,4,0,959,18.6111,18.6111,20
2.11501,3.02159,0,3.02159,28.46,139.826,125,2,0,960,18.626,18.626,20
2.12226,3.42137,0,3.42137,28.44,139.761,140,2,0,961,18.6639,18.6639,20
2.1419,3.03511,0,3.03511,28.44,139.761,174,8,0,962,18.6871,18.6871,20
2.15341,7.4685,0,7.4685,28.42,139.696,374,25,0,963,18.7259,18.7259,20
2.16727,1.63838,0,1.63838,28.42,139.696,140,2,0,964,18.7469,18.7469,20
2.1696,0.001011,0,0.001011,28.4,139.63,114,0,0,964,18.7469,18.7469,20
2.19079,0.230183,0,0.230183,28.4,139.63,114,0,0,964,18.7469,18.7469,20
2.19431,1.23391,0,1.23391,28.38,139.565,124,2,0,965,18.7585,18.7585,20
2.21876,3.94469,0,3.94469,28.38,139.565,144,6,0,967,18.7518,18.7518,20
2.22928,6.76105,0,6.76105,28.36,139.5,152,6,0,969,18.7802,18.7802,20
2.24718,4.81527,0,4.81527,28.36,139.5,208,10,0,971,18.829,18.829,20
2.25233,2.7626,0,2.7626,28.34,139.435,115,2,0,972,18.8735,18.8735,20
2.27266,2.39764,0,2.39764,28.34,139.435,115,2,0,973,18.9188,18.9188,20
2.2749,0.143692,0,0.143692,28.32,139.369,105,0,0,973,18.9188,18.9188,20
2.297,1.44907,0,1.44907,28.32,139.369,125,3,0,975,18.9231,18.9231,20
2.30713,7.10594,0,7.10594,28.3,139.304,218,8,0,977,18.9591,18.9591,20
2.32346,3.05627,0,3.05627,28.3,139.304,206,8,0,979,18.9847,18.9847,20
2.32855,2.79423,0,2.79423,28.28,139.239,212,10,0,980,19.0214,19.0214,20
2.34713,0.50497,0,0.50497,28.28,139.239,105,0,0,980,19.0214,19.0214,20
2.35266,2.58817,0,2.58817,28.26,139.174,163,4,0,982,19.0305,19.0305,20
2.37194,1.21782,0,1.21782,28.26,139.174,120,2,0,983,19.0295,19.0295,20
2.3759,0.351768,0,0.351768,28.24,139.109,105,0,0,983,19.0295,19.0295,20
2.39736,2.11708,0,2.11708,28.24,139.109,125,2,0,984,19.063,19.063,20
2.40219,2.43783,0,2.43783,28.22,139.043,145,6,0,986,19.0923,19.0923,20
2.422,1.34866,0,1.34866,28.22,139.043,123,2,0,987,19.0983,19.0983,20
2.42644,2.04655,0,2.04655,28.2,138.978,163,2,0,988,19.1356,19.1356,20
2.44715,1.78008,0,1.78008,28.2,138.978,156,2,0,989,19.1395,19.1395,20
2.45301,2.57476,0,2.57476,28.18,138.913,162,6,0,991,19.1625,19.1625,20
2.47755,5.68209,0,5.68209,28.18,138.913,231,8,0,993,19.1823,19.1823,20
2.48435,2.39544,0,2.39544,28.16,138.848,219,2,0,994,19.1952,19.1952,20
2.50274,0.170301,0,0.170301,28.16,138.848,119,0,0,994,19.1952,19.1952,20
2.50823,1.62032,0,1.62032,28.14,138.782,131,2,0,995,19.205,19.205,20
2.53089,4.15865,0,4.15865,28.14,138.782,158,4,0,997,19.2387,19.2387,20
2.53803,3.01298,0,3.01298,28.12,138.717,135,2,0,998,19.2615,19.2615,20
2.55796,3.63039,0,3.63039,28.12,138.717,206,4,0,1000,19.299,19.299,20
2.56319,2.19571,0,2.19571,28.1,138.652,164,2,0,1001,19.3137,19.3137,20
2.58349,1.49141,0,1.49141,28.1,138.652,129,2,0,1002,19.3154,19.3154,20
2.58783,1.83834,0,1.83834,28.08,138.587,139,2,0,1003,19.3539,19.3539,20
2.60783,0.902885,0,0.902885,28.08,138.587,171,0,0,1004,19.3446,19.3446,20
2.61149,1.21469,0,1.21469,28.06,138.522,166,2,0,1005,19.3483,19.3483,20
2.64203,7.3081,0,7.3081,28.06,138.522,165,4,0,1007,19.4191,19.4191,20
2.64667,1.86347,0,1.86347,28.04,138.456,222,7,0,1008,19.4315,19.4315,20
2.66844,0.49164,0,0.49164,28.04,138.456,139,0,0,1008,19.4315,19.4315,20
2.67634,3.59137,0,3.59137,28.02,138.391,148,2,0,1009,19.4569,19.4569,20
2.70124,9.32035,0,9.32035,28.02,138.391,171,4,0,1011,19.5025,19.5025,20
2.70486,0.413165,0,0.413165,28,138.326,144,0,0,1011,19.5025,19.5025,20
2.73649,10.2426,0,10.2426,28,138.326,518,76,0,1012,19.5395,19.5395,20
2.74504,4.37693,0,4.37693,27.98,138.261,194,4,0,1014,19.5473,19.5473,20
2.76551,2.82337,0,2.82337,27.98,138.261,174,4,0,1016,19.5581,19.5581,20
2.76869,0.355994,0,0.355994,27.96,138.195,154,0,0,1016,19.5581,19.5581,20
2.79856,8.12388,0,8.12388,27.96,138.195,323,5,0,1018,19.5884,19.5884,20
2.80769,4.86403,0,4.86403,27.94,138.13,175,4,0,1020,19.6049,19.6049,20
2.83088,6.56604,0,6.56604,27.94,138.13,269,20,0,1022,19.6321,19.6321,20
2.83768,2.59583,0,2.59583,27.92,138.065,167,2,0,1023,19.6461,19.6461,20
2.85998,3.97439,0,3.97439,27.92,138.065,165,2,0,1024,19.6846,19.6846,20
2.86427,1.44956,0,1.44956,27.9,138,165,2,0,1025,19.6946,19.6946,20
2.88891,5.11254,0,5.11254,27.9,138,201,4,0,1027,19.7361,19.7361,20
2.8959,2.76493,0,2.76493,27.88,137.934,165,2,0,1028,19.7588,19.7588,20
2.91388,0.619634,0,0.619634,27.88,137.934,155,0,0,1028,19.7588,19.7588,20
2.92101,2.20262,0,2.20262,27.86,137.869,170,2,0,1029,19.76,19.76,20
2.93995,2.18038,0,2.18038,27.86,137.869,204,4,0,1031,19.7721,19.7721,20
2.9454,1.52955,0,1.52955,27.84,137.804,161,1,0,1032,19.7742,19.7742,20
2.96577,1.2877,0,1.2877,27.84,137.804,171,2,0,1033,19.7677,19.7677,20
2.97576,5.36981,0,5.36981,27.82,137.739,182,4,0,1035,19.8164,19.8164,20
2.99652,5.88902,0,5.88902,27.82,137.739,309,12,0,1037,19.8255,19.8255,20
3.00058,0.318867,0,0.318867,27.8,137.674,161,0,0,1037,19.8255,19.8255,20
3.02484,3.198,0,3.198,27.8,137.674,189,3,0,1039,19.8316,19.8316,20
3.03307,3.11739,0,3.11739,27.78,137.608,264,4,0,1040,19.851,19.851,20
3.05544,3.56941,0,3.56941,27.78,137.608,254,22,0,1042,19.8474,19.8474,20
3.06324,3.65711,0,3.65711,27.76,137.543,171,2,0,1043,19.8725,19.8725,20
3.08386,2.0265,0,2.0265,27.76,137.543,181,4,0,1044,19.8707,19.8707,20
3.08816,0.787652,0,0.787652,27.74,137.478,161,0,0,1044,19.8707,19.8707,20
3.11758,10.0357,0,10.0357,27.74,137.478,607,44,0,1045,19.9129,19.9129,20
3.12498,3.97255,0,3.97255,27.72,137.413,252,2,0,1046,19.9398,19.9398,20
3.14987,7.00378,0,7.00378,27.72,137.413,299,26,0,1048,19.9666,19.9666,20
3.15345,0.552498,0,0.552498,27.7,137.347,184,2,0,1049,19.9561,19.9561,20
3.17959,3.24544,0,3.24544,27.7,137.347,171,2,0,1050,19.9581,19.9581,20
3.18361,0.582646,0,0.582646,27.68,137.282,181,4,0,1051,19.9543,19.9543,20
3.2058,1.31075,0,1.31075,27.68,137.282,161,0,0,1051,19.9543,19.9543,20
3.21514,2.54026,0,2.54026,27.66,137.217,171,2,0,1052,19.9838,19.9838,20
3.24366,12.3653,0,12.3653,27.66,137.217,654,34,0,1054,20.018,20.018,20
3.24834,0.952455,0,0.952455,27.64,137.152,171,2,0,1055,20.019,20.019,20
3.27694,8.19557,0,8.19557,27.64,137.152,181,4,0,1057,20.0605,20.0605,20
3.28311,1.93036,0,1.93036,27.62,137.086,177,2,0,1058,20.0784,20.0784,20
3.31143,8.18662,0,8.18662,27.62,137.086,243,6,0,1060,20.1349,20.1349,20
3.32175,6.16687,0,6.16687,27.6,137.021,389,11,0,1062,20.1629,20.1629,20
3.33817,2.00786,0,2.00786,27.6,137.021,181,4,0,1063,20.1627,20.1627,20
3.34755,5.17847,0,5.17847,27.58,136.956,364,0,0,1064,20.1711,20.1711,20
3.36548,2.54987,0,2.54987,27.58,136.956,201,12,0,1065,20.1831,20.1831,20
3.37315,3.48509,0,3.48509,27.56,136.891,380,24,0,1066,20.2026,20.2026,20
3.39467,4.3449,0,4.3449,27.56,136.891,233,6,0,1068,20.2125,20.2125,20
3.40001,0.696539,0,0.696539,27.54,136.826,171,0,0,1068,20.2125,20.2125,20
3.42134,2.54206,0,2.54206,27.54,136.826,181,2,0,1069,20.2582,20.2582,20
3.42843,2.68204,0,2.68204,27.52,136.76,191,4,0,1071,20.2698,20.2698,20
3.44626,1.63205,0,1.63205,27.52,136.76,190,2,0,1072,20.2752,20.2752,20
3.45238,1.98542,0,1.98542,27.5,136.695,191,2,0,1073,20.2861,20.2861,20
3.47518,4.70084,0,4.70084,27.5,136.695,298,12,0,1075,20.3433,20.3433,20
3.47815,0.071461,0,0.071461,27.48,136.63,171,0,0,1075,20.3433,20.3433,20
3.50342,3.88119,0,3.88119,27.48,136.63,201,6,0,1076,20.3783,20.3783,20
3.51197,3.65425,0,3.65425,27.46,136.565,262,2,0,1077,20.4132,20.4132,20
3.53132,2.26246,0,2.26246,27.46,136.565,185,2,0,1078,20.4156,20.4156,20
3.53858,3.8482,0,3.8482,27.44,136.499,191,4,0,1080,20.4241,20.4241,20
3.55851,3.04057,0,3.04057,27.44,136.499,191,4,0,1082,20.463,20.463,20
3.56555,2.99081,0,2.99081,27.42,136.434,190,2,0,1083,20.5005,20.5005,20
3.58766,4.48362,0,4.48362,27.42,136.434,210,6,0,1085,20.5263,20.5263,20
3.59696,4.08584,0,4.08584,27.4,136.369,201,4,0,1087,20.5768,20.5768,20
3.61341,1.07706,0,1.07706,27.4,136.369,191,2,0,1088,20.5772,20.5772,20
3.61945,1.79531,0,1.79531,27.38,136.304,216,2,0,1089,20.595,20.595,20
3.63798,0.13537,0,0.13537,27.38,136.304,180,0,0,1089,20.595,20.595,20
3.64464,3.42472,0,3.42472,27.36,136.239,261,8,0,1091,20.6489,20.6489,20
3.66567,2.92289,0,2.92289,27.36,136.239,232,6,0,1092,20.685,20.685,20
3.67086,1.99104,0,1.99104,27.34,136.173,190,2,0,1093,20.71,20.71,20
3.69063,0.502394,0,0.502394,27.34,136.173,180,0,0,1093,20.71,20.71,20
3.69541,1.51136,0,1.51136,27.32,136.108,200,2,0,1094,20.7331,20.7331,20
3.71681,2.24304,0,2.24304,27.32,136.108,213,4,0,1095,20.7406,20.7406,20
3.72423,2.85921,0,2.85921,27.3,136.043,190,3,0,1097,20.7685,20.7685,20
3.75105,9.78611,0,9.78611,27.3,136.043,630,90,0,1099,20.8298,20.8298,20
3.76254,7.77213,0,7.77213,27.28,135.978,713,27,0,1101,20.8683,20.8683,20
3.7785,3.00528,0,3.00528,27.28,135.978,270,2,0,1102,20.8866,20.8866,20
3.78827,5.77341,0,5.77341,27.26,135.912,348,2,0,1104,20.9185,20.9185,20
3.80333,0.284304,0,0.284304,27.26,135.912,170,0,0,1104,20.9185,20.9185,20
3.81108,4.02142,0,4.02142,27.24,135.847,235,4,0,1106,20.9647,20.9647,20
3.83232,4.66248,0,4.66248,27.24,135.847,257,6,0,1108,21.0153,21.0153,20
3.83793,2.67836,0,2.67836,27.22,135.782,209,2,0,1109,21.0424,21.0424,20
3.85707,0.464052,0,0.464052,27.22,135.782,164,0,0,1109,21.0424,21.0424,20
3.86396,2.89003,0,2.89003,27.2,135.717,206,2,0,1110,21.0604,21.0604,20
3.88218,0.955187,0,0.955187,27.2,135.717,174,2,0,1111,21.0549,21.0549,20
3.88968,3.27862,0,3.27862,27.18,135.651,174,2,0,1112,21.1007,21.1007,20
3.91398,7.28878,0,7.28878,27.18,135.651,374,2,0,1114,21.1418,21.1418,20
3.92113,3.44917,0,3.44917,27.16,135.586,273,8,0,1116,21.172,21.172,20
3.94203,3.52988,0,3.52988,27.16,135.586,194,6,0,1118,21.2057,21.2057,20
3.95187,5.47621,0,5.47621,27.14,135.521,314,40,0,1120,21.2491,21.2491,20
3.96697,0.302246,0,0.302246,27.14,135.521,164,0,0,1120,21.2491,21.2491,20
3.97243,2.17498,0,2.17498,27.12,135.456,203,2,0,1121,21.2658,21.2658,20
4.00026,8.51188,0,8.51188,27.12,135.456,656,27,0,1122,21.2914,21.2914,20
4.00973,5.05114,0,5.05114,27.1,135.391,201,4,0,1124,21.3212,21.3212,20
4.02786,3.14815,0,3.14815,27.1,135.391,279,4,0,1126,21.3348,21.3348,20
4.03281,0.583627,0,0.583627,27.08,135.325,180,0,0,1126,21.3348,21.3348,20
4.0531,0.564047,0,0.564047,27.08,135.325,180,0,0,1126,21.3348,21.3348,20
4.05846,0.653862,0,0.653862,27.06,135.26,180,0,0,1126,21.3348,21.3348,20
4.08151,4.19405,0,4.19405,27.06,135.26,325,4,0,1128,21.3741,21.3741,20
4.0864,1.49899,0,1.49899,27.04,135.195,180,2,0,1129,21.3826,21.3826,20
4.11296,6.92339,0,6.92339,27.04,135.195,629,95,0,1130,21.4186,21.4186,20
4.11871,0.750514,0,0.750514,27.02,135.13,170,0,0,1130,21.4186,21.4186,20
4.14483,6.74319,0,6.74319,27.02,135.13,606,18,0,1131,21.4633,21.4633,20
4.15026,1.6166,0,1.6166,27,135.064,189,2,0,1132,21.4806,21.4806,20
4.17186,1.9731,0,1.9731,27,135.064,219,2,0,1133,21.489,21.489,20
4.17969,4.26387,0,4.26387,26.98,134.999,201,4,0,1135,21.5568,21.5568,20
4.20027,3.30054,0,3.30054,26.98,134.999,225,5,0,1137,21.5611,21.5611,20
4.20882,4.64497,0,4.64497,26.96,134.934,199,4,0,1139,21.619,21.619,20
4.22585,0.953184,0,0.953184,26.96,134.934,180,2,0,1140,21.6184,21.6184,20
4.23379,4.51157,0,4.51157,26.94,134.869,220,8,0,1142,21.6462,21.6462,20
4.25135,1.70009,0,1.70009,26.94,134.869,170,2,0,1143,21.6535,21.6535,20
4.25899,3.87487,0,3.87487,26.92,134.803,170,2,0,1144,21.6976,21.6976,20
4.27792,2.93967,0,2.93967,26.92,134.803,246,11,0,1145,21.69,21.69,20
4.2837,2.41424,0,2.41424,26.9,134.738,170,2,0,1146,21.7347,21.7347,20
4.30388,1.62754,0,1.62754,26.9,134.738,170,2,0,1147,21.7437,21.7437,20
4.3092,1.83428,0,1.83428,26.88,134.673,180,4,0,1148,21.7613,21.7613,20
4.33183,3.9439,0,3.9439,26.88,134.673,180,4,0,1150,21.8113,21.8113,20
4.33766,2.31222,0,2.31222,26.86,134.608,233,8,0,1151,21.8175,21.8175,20
4.35861,2.51998,0,2.51998,26.86,134.608,194,2,0,1152,21.8333,21.8333,20
4.36549,3.14455,0,3.14455,26.84,134.543,208,6,0,1154,21.8674,21.8674,20
4.38512,1.97665,0,1.97665,26.84,134.543,215,2,0,1155,21.8779,21.8779,20
4.3915,3.01088,0,3.01088,26.82,134.477,302,7,0,1157,21.8928,21.8928,20
4.41138,2.30624,0,2.30624,26.82,134.477,172,2,0,1158,21.9214,21.9214,20
4.41698,1.99124,0,1.99124,26.8,134.412,172,2,0,1159,21.9422,21.9422,20
4.43862,3.27602,0,3.27602,26.8,134.412,219,4,0,1161,21.9836,21.9836,20
4.4447,2.66423,0,2.66423,26.78,134.347,182,4,0,1163,22.0163,22.0163,20
4.46739,4.52071,0,4.52071,26.78,134.347,252,12,0,1165,22.0738,22.0738,20
4.47244,1.97764,0,1.97764,26.76,134.282,182,4,0,1167,22.0805,22.0805,20
4.49672,5.52452,0,5.52452,26.76,134.282,355,2,0,1169,22.1309,22.1309,20
4.5013,1.20446,0,1.20446,26.74,134.216,172,1,0,1170,22.1325,22.1325,20
4.52384,3.23263,0,3.23263,26.74,134.216,206,6,0,1171,22.164,22.164,20
4.52714,0.246755,0,0.246755,26.72,134.151,152,0,0,1171,22.164,22.164,20
4.54869,0.852861,0,0.852861,26.72,134.151,152,0,0,1171,22.164,22.164,20
4.55499,3.15498,0,3.15498,26.7,134.086,162,2,0,1172,22.2082,22.2082,20
4.57477,2.36767,0,2.36767,26.7,134.086,225,6,0,1173,22.2319,22.2319,20
4.5874,7.72568,0,7.72568,26.68,134.021,209,4,0,1175,22.2902,22.2902,20
4.60102,1.4933,0,1.4933,26.68,134.021,162,2,0,1176,22.2874,22.2874,20
4.60588,1.83614,0,1.83614,26.66,133.956,168,2,0,1177,22.294,22.294,20
4.62638,0.962059,0,0.962059,26.66,133.956,158,0,0,1177,22.294,22.294,20
4.63405,3.83413,0,3.83413,26.64,133.89,297,4,0,1179,22.3121,22.3121,20
4.6524,1.10269,0,1.10269,26.64,133.89,168,2,0,1180,22.3102,22.3102,20
4.66034,4.40399,0,4.40399,26.62,133.825,215,2,0,1181,22.3328,22.3328,20
4.67782,1.36234,0,1.36234,26.62,133.825,184,2,0,1182,22.3316,22.3316,20
4.68733,4.68855,0,4.68855,26.6,133.76,265,4,0,1184,22.375,22.375,20
4.70401,1.70116,0,1.70116,26.6,133.76,180,2,0,1185,22.3873,22.3873,20
4.70798,1.02377,0,1.02377,26.58,133.695,170,2,0,1186,22.3853,22.3853,20
4.72826,0.087928,0,0.087928,26.58,133.695,160,0,0,1186,22.3853,22.3853,20
4.73425,2.99928,0,2.99928,26.56,133.629,275,50,0,1187,22.4094,22.4094,20
4.75964,7.09036,0,7.09036,26.56,133.629,458,30,0,1188,22.4234,22.4234,20
4.76497,1.52819,0,1.52819,26.54,133.564,210,4,0,1189,22.434,22.434,20
4.79032,5.58976,0,5.58976,26.54,133.564,207,4,0,1191,22.45,22.45,20
4.80035,5.27459,0,5.27459,26.52,133.499,373,32,0,1193,22.4912,22.4912,20
4.81695,1.58802,0,1.58802,26.52,133.499,160,0,0,1193,22.4912,22.4912,20
4.82109,0.294492,0,0.294492,26.5,133.434,164,0,0,1193,22.4912,22.4912,20
4.84657,4.65446,0,4.65446,26.5,133.434,205,4,0,1195,22.5289,22.5289,20
4.85475,3.29469,0,3.29469,26.48,133.368,216,2,0,1196,22.5485,22.5485,20
4.87555,4.22958,0,4.22958,26.48,133.368,174,2,0,1197,22.5948,22.5948,20
4.87904,0.154193,0,0.154193,26.46,133.303,164,0,0,1197,22.5948,22.5948,20
4.90136,1.82758,0,1.82758,26.46,133.303,218,10,0,1198,22.5985,22.5985,20
4.90941,3.31347,0,3.31347,26.44,133.238,184,4,0,1200,22.6208,22.6208,20
4.93166,5.08287,0,5.08287,26.44,133.238,398,18,0,1201,22.6211,22.6211,20
4.93709,0.772991,0,0.772991,26.42,133.173,164,0,0,1201,22.6211,22.6211,20
4.95865,1.78998,0,1.78998,26.42,133.173,184,2,0,1202,22.6156,22.6156,20
4.96738,4.08735,0,4.08735,26.4,133.108,228,2,0,1203,22.6342,22.6342,20
4.9869,2.94953,0,2.94953,26.4,133.108,219,2,0,1204,22.6346,22.6346,20
4.99193,0.334008,0,0.334008,26.38,133.042,164,0,0,1204,22.6346,22.6346,20
5.01414,2.0572,0,2.0572,26.38,133.042,240,8,0,1205,22.6515,22.6515,20
5.02772,9.52582,0,9.52582,26.36,132.977,263,12,0,1207,22.7274,22.7274,20
5.04276,4.46909,0,4.46909,26.36,132.977,215,4,0,1209,22.7494,22.7494,20
5.04812,1.15708,0,1.15708,26.34,132.912,182,1,0,1210,22.762,22.762,20
5.06828,0.718034,0,0.718034,26.34,132.912,164,0,0,1210,22.762,22.762,20
5.18193,109.326,17.2091,92.117,26.32,132.847,11639,1077,0,1211,22.7803,22.7803,20
5.18829,3.03281,0,3.03281,26.3,132.781,183,4,0,1213,22.7988,22.7988,20
5.20594,0.327479,0,0.327479,26.3,132.781,163,0,0,1213,22.7988,22.7988,20
5.2134,4.29106,0,4.29106,26.28,132.716,277,8,0,1215,22.8395,22.8395,20
5.23145,1.68978,0,1.68978,26.28,132.716,187,4,0,1217,22.8307,22.8307,20
5.23818,3.89296,0,3.89296,26.26,132.651,245,6,0,1219,22.8819,22.8819,20
5.2557,0.69618,0,0.69618,26.26,132.651,175,1,0,1220,22.8746,22.8746,20
5.26043,1.49708,0,1.49708,26.24,132.586,167,2,0,1221,22.8788,22.8788,20
5.28094,1.08114,0,1.08114,26.24,132.586,167,2,0,1222,22.8756,22.8756,20
5.28513,1.40352,0,1.40352,26.22,132.52,195,4,0,1224,22.8709,22.8709,20
5.3066,2.10184,0,2.10184,26.22,132.52,229,2,0,1226,22.8834,22.8834,20
5.31056,0.840372,0,0.840372,26.2,132.455,167,2,0,1227,22.8867,22.8867,20
5.33425,4.00083,0,4.00083,26.2,132.455,209,10,0,1229,22.9186,22.9186,20
5.34013,2.92817,0,2.92817,26.18,132.39,246,14,0,1230,22.9504,22.9504,20
5.36187,3.62961,0,3.62961,26.18,132.39,292,10,0,1231,22.9797,22.9797,20
5.36689,2.00286,0,2.00286,26.16,132.325,177,2,0,1232,22.9935,22.9935,20
5.3895,3.28561,0,3.28561,26.16,132.325,215,4,0,1233,23.0235,23.0235,20
5.39623,2.35474,0,2.35474,26.14,132.26,202,4,0,1234,23.047,23.047,20
5.41458,0.118937,0,0.118937,26.14,132.26,167,0,0,1234,23.047,23.047,20
5.42026,1.43188,0,1.43188,26.12,132.194,185,2,0,1235,23.0437,23.0437,20
5.44069,1.70462,0,1.70462,26.12,132.194,177,2,0,1236,23.0461,23.0461,20
5.44518,1.47165,0,1.47165,26.1,132.129,167,0,0,1236,23.0461,23.0461,20
5.46588,1.49026,0,1.49026,26.1,132.129,177,2,0,1237,23.0614,23.0614,20
5.47164,2.68782,0,2.68782,26.08,132.064,187,2,0,1238,23.0929,23.0929,20
5.49465,3.91906,0,3.91906,26.08,132.064,177,2,0,1239,23.1227,23.1227,20
5.6471,147.882,21.1221,126.76,26.06,131.999,15884,1180,0,1240,23.1419,23.1419,20
5.65551,5.03464,0,5.03464,26.04,131.933,350,6,0,1242,23.1957,23.1957,20
5.67174,0.556328,0,0.556328,26.04,131.933,167,0,0,1242,23.1957,23.1957,20
5.6784,3.26266,0,3.26266,26.02,131.868,196,4,0,1244,23.2219,23.2219,20
5.69705,1.61316,0,1.61316,26.02,131.868,177,2,0,1245,23.2426,23.2426,20
5.70037,0.719649,0,0.719649,26,131.803,191,2,0,1246,23.236,23.236,20
5.72477,4.09144,0,4.09144,26,131.803,473,0,0,1247,23.251,23.251,20
5.73226,4.23503,0,4.23503,25.98,131.738,431,60,0,1248,23.2556,23.2556,20
5.75099,2.11483,0,2.11483,25.98,131.738,201,4,0,1250,23.2568,23.2568,20
5.75507,1.03699,0,1.03699,25.96,131.672,185,2,0,1251,23.2662,23.2662,20
5.778,2.86808,0,2.86808,25.96,131.672,283,20,0,1252,23.2732,23.2732,20
5.78493,3.8859,0,3.8859,25.94,131.607,199,4,0,1254,23.319,23.319,20
5.80508,2.96707,0,2.96707,25.94,131.607,219,8,0,1256,23.3344,23.3344,20
5.92418,115.736,8.48077,107.255,25.92,131.542,13898,906,0,1258,23.3704,23.3704,20
5.92885,0.77891,0,0.77891,25.9,131.477,183,0,0,1258,23.3704,23.3704,20
5.95145,3.03087,0,3.03087,25.9,131.477,260,10,0,1260,23.3976,23.3976,20
5.95555,0.806201,0,0.806201,25.88,131.412,201,1,0,1261,23.3997,23.3997,20
5.97736,1.42101,0,1.42101,25.88,131.412,211,1,0,1262,23.3986,23.3986,20
5.98188,1.12807,0,1.12807,25.86,131.346,256,2,0,1263,23.4014,23.4014,20
6.003,0.98605,0,0.98605,25.86,131.346,221,2,0,1264,23.3956,23.3956,20
6.00963,2.4358,0,2.4358,25.84,131.281,243,4,0,1265,23.4182,23.4182,20
6.03014,2.53379,0,2.53379,25.84,131.281,287,4,0,1266,23.4447,23.4447,20
6.03982,4.87458,0,4.87458,25.82,131.216,285,4,0,1268,23.4795,23.4795,20
6.05842,3.29113,0,3.29113,25.82,131.216,240,2,0,1269,23.5177,23.5177,20
6.064,1.64125,0,1.64125,25.8,131.151,277,2,0,1270,23.522,23.522,20
6.0886,4.7769,0,4.7769,25.8,131.151,260,4,0,1272,23.5597,23.5597,20
6.0956,2.2874,0,2.2874,25.78,131.085,240,2,0,1273,23.5774,23.5774,20
6.1196,5.47037,0,5.47037,25.78,131.085,376,14,0,1274,23.6146,23.6146,20
6.12655,2.1911,0,2.1911,25.76,131.02,260,2,0,1275,23.6212,23.6212,20
6.14668,1.58253,0,1.58253,25.76,131.02,240,2,0,1276,23.6183,23.6183,20
6.15389,2.77604,0,2.77604,25.74,130.955,314,10,0,1277,23.6413,23.6413,20
6.1859,13.3323,0,13.3323,25.74,130.955,898,30,0,1279,23.6935,23.6935,20
6.19316,1.22207,0,1.22207,25.72,127.805,230,0,0,1279,23.6935,23.6935,20
6.2145,2.7805,0,2.7805,25.72,127.805,294,2,0,1280,23.7039,23.7039,20
6.22227,2.7707,0,2.7707,25.7,127.74,251,4,0,1282,23.7137,23.7137,20
6.24184,1.26938,0,1.26938,25.7,127.74,240,2,0,1283,23.714,23.714,20
6.25836,11.2691,0,11.2691,25.68,127.675,951,44,0,1284,23.7477,23.7477,20
6.26964,2.13912,0,2.13912,25.68,127.675,240,2,0,1285,23.7494,23.7494,20
6.27623,1.73257,0,1.73257,25.66,127.61,250,2,0,1286,23.7512,23.7512,20
6.29735,3.29291,0,3.29291,25.66,127.61,288,4,0,1288,23.7686,23.7686,20
6.30271,0.967041,0,0.967041,25.64,127.544,250,2,0,1289,23.768,23.768,20
6.32501,2.74467,0,2.74467,25.64,127.544,257,2,0,1290,23.7915,23.7915,20
6.33062,1.56073,0,1.56073,25.62,127.479,250,4,0,1292,23.781,23.781,20
6.35142,1.82316,0,1.82316,25.62,127.479,243,2,0,1293,23.7904,23.7904,20
6.35732,2.09295,0,2.09295,25.6,127.414,250,4,0,1295,23.7946,23.7946,20
6.3781,1.6726,0,1.6726,25.6,127.414,248,2,0,1296,23.8071,23.8071,20
6.39154,8.58714,0,8.58714,25.58,127.349,427,30,0,1298,23.8667,23.8667,20
6.4059,2.65844,0,2.65844,25.58,127.349,320,6,0,1299,23.8822,23.8822,20
6.41364,3.55965,0,3.55965,25.56,127.283,240,2,0,1300,23.9215,23.9215,20
6.432,1.25687,0,1.25687,25.56,127.283,265,3,0,1301,23.9308,23.9308,20
6.43956,3.47768,0,3.47768,25.54,127.218,268,4,0,1303,23.9501,23.9501,20
6.46009,3.16386,0,3.16386,25.54,127.218,261,2,0,1304,23.967,23.967,20
6.48767,22.5634,0,22.5634,25.52,127.153,1740,115,0,1306,24.0138,24.0138,20
6.49195,0.154116,0,0.154116,25.5,127.088,220,0,0,1306,24.0138,24.0138,20
6.51642,3.76644,0,3.76644,25.5,127.088,430,13,0,1307,24.0337,24.0337,20
6.52697,6.57243,0,6.57243,25.48,127.023,564,7,0,1309,24.0665,24.0665,20
6.54475,3.42439,0,3.42439,25.48,127.023,305,16,0,1310,24.0893,24.0893,20
6.54936,0.895469,0,0.895469,25.46,126.957,220,0,0,1310,24.0893,24.0893,20
6.57249,2.8211,0,2.8211,25.46,126.957,240,4,0,1311,24.1137,24.1137,20
6.57964,2.78096,0,2.78096,25.44,126.892,247,2,0,1312,24.1486,24.1486,20
6.59875,0.67879,0,0.67879,25.44,126.892,220,0,0,1312,24.1486,24.1486,20
6.60537,1.86797,0,1.86797,25.42,126.827,257,3,0,1313,24.1592,24.1592,20
6.6333,9.70005,0,9.70005,25.42,126.827,682,22,0,1315,24.2175,24.2175,20
6.82795,190.148,15.5221,174.626,25.4,126.762,22137,1610,0,1317,24.2536,24.2536,20
6.83501,2.246,0,2.246,25.38,126.696,230,2,0,1318,24.2762,24.2762,20
6.85588,2.75254,0,2.75254,25.38,126.696,230,2,0,1319,24.304,24.304,20
6.86239,2.15348,0,2.15348,25.36,126.631,230,2,0,1320,24.3167,24.3167,20
6.88114,0.422664,0,0.422664,25.36,126.631,220,0,0,1320,24.3167,24.3167,20
6.88817,3.36341,0,3.36341,25.34,126.566,360,42,0,1321,24.3301,24.3301,20
6.91949,13.6896,0,13.6896,25.34,126.566,1455,121,0,1322,24.3608,24.3608,20
6.92757,3.7352,0,3.7352,25.32,126.501,272,6,0,1324,24.3822,24.3822,20
6.94709,2.83321,0,2.83321,25.32,126.501,230,2,0,1325,24.4106,24.4106,20
6.95181,0.708168,0,0.708168,25.3,126.436,220,0,0,1325,24.4106,24.4106,20
6.97294,0.974077,0,0.974077,25.3,126.436,230,2,0,1326,24.4095,24.4095,20
6.98354,6.9317,0,6.9317,25.28,126.37,465,20,0,1328,24.4661,24.4661,20
7.00134,3.37668,0,3.37668,25.28,126.37,420,12,0,1329,24.4755,24.4755,20
7.00701,1.82915,0,1.82915,25.26,126.305,230,2,0,1330,24.4827,24.4827,20
7.03042,4.37635,0,4.37635,25.26,126.305,322,12,0,1332,24.5128,24.5128,20
7.03772,3.58284,0,3.58284,25.24,126.24,348,28,0,1334,24.521,24.521,20
7.05703,2.00289,0,2.00289,25.24,126.24,230,2,0,1335,24.5318,24.5318,20
7.0645,3.28845,0,3.28845,25.22,126.175,230,2,0,1336,24.5636,24.5636,20
7.08679,4.93636,0,4.93636,25.22,126.175,375,10,0,1338,24.6024,24.6024,20
7.16589,75.007,5.38257,69.6244,25.2,126.109,8384,496,0,1339,24.6303,24.6303,20
7.17507,5.86226,0,5.86226,25.18,126.548,392,17,0,1340,24.659,24.659,20
7.19309,3.00878,0,3.00878,25.18,126.548,247,1,0,1341,24.6719,24.6719,20
7.19869,2.82395,0,2.82395,25.16,126.285,209,8,0,1343,24.6806,24.6806,20
7.22634,9.61065,0,9.61065,25.16,126.285,572,36,0,1345,24.7487,24.7487,20
7.2313,1.87836,0,1.87836,25.14,126.022,170,4,0,1346,24.7741,24.7741,20
7.25264,2.90701,0,2.90701,25.14,126.022,217,2,0,1347,24.8114,24.8114,20
7.25841,2.56908,0,2.56908,25.12,125.76,177,4,0,1349,24.8162,24.8162,20
7.27655,0.332355,0,0.332355,25.12,125.76,132,0,0,1349,24.8162,24.8162,20
7.28657,7.15833,0,7.15833,25.1,125.497,680,37,0,1351,24.8394,24.8394,20
7.30102,0.568575,0,0.568575,25.1,125.497,132,0,0,1351,24.8394,24.8394,20
7.30721,2.92438,0,2.92438,25.08,125.234,200,2,0,1353,24.8455,24.8455,20
7.39021,64.9054,0,64.9054,25.08,125.234,7469,694,0,1354,24.8737,24.8737,20
7.39667,3.12646,0,3.12646,25.06,124.971,187,4,0,1356,24.8894,24.8894,20
7.41648,2.42052,0,2.42052,25.06,124.971,174,3,0,1358,24.8918,24.8918,20
7.42252,2.67283,0,2.67283,25.04,124.709,210,3,0,1360,24.9081,24.9081,20
7.44069,0.388691,0,0.388691,25.04,124.709,142,0,0,1360,24.9081,24.9081,20
7.44401,0.206693,0,0.206693,25.02,124.446,148,0,0,1360,24.9081,24.9081,20
7.46779,2.87724,0,2.87724,25.02,124.446,194,4,0,1361,24.9236,24.9236,20
7.4715,0.275028,0,0.275028,25,124.183,148,0,0,1361,24.9236,24.9236,20
7.4978,5.80253,0,5.80253,25,124.183,358,14,0,1363,24.9523,24.9523,20
7.72405,222.426,9.36092,213.065,24.98,123.921,23309,1429,0,1364,24.9648,24.9648,20
7.72835,0.287748,0,0.287748,24.96,123.658,128,0,0,1364,24.9648,24.9648,20
7.75104,2.27649,0,2.27649,24.96,123.658,143,2,0,1365,24.9758,24.9758,20
7.75704,2.69828,0,2.69828,24.94,123.395,165,2,0,1366,24.9927,24.9927,20
7.77729,2.53999,0,2.53999,24.94,123.395,158,2,0,1367,25.0212,25.0212,20
7.78163,1.16182,0,1.16182,24.92,123.132,150,2,0,1368,25.019,25.019,20
7.80127,0.192107,0,0.192107,24.92,123.132,140,0,0,1368,25.019,25.019,20
7.80736,3.03872,0,3.03872,24.9,122.87,170,2,0,1369,25.0394,25.0394,20
7.82547,0.247873,0,0.247873,24.9,122.87,140,0,0,1369,25.0394,25.0394,20
7.82964,1.26616,0,1.26616,24.88,122.607,153,2,0,1370,25.046,25.046,20
7.85182,2.24401,0,2.24401,24.88,122.607,165,1,0,1371,25.0503,25.0503,20
7.86137,5.98576,0,5.98576,24.86,122.344,578,28,0,1372,25.0605,25.0605,20
7.87958,3.61439,0,3.61439,24.86,122.344,176,3,0,1374,25.0786,25.0786,20
7.88614,2.14537,0,2.14537,24.84,122.081,178,2,0,1375,25.0873,25.0873,20
7.90862,4.48606,0,4.48606,24.84,122.081,214,4,0,1377,25.1467,25.1467,20
7.91416,1.43583,0,1.43583,24.82,121.819,178,2,0,1378,25.1466,25.1466,20
7.93669,3.86854,0,3.86854,24.82,121.819,227,4,0,1380,25.1949,25.1949,20
7.94523,5.28728,0,5.28728,24.8,121.556,261,6,0,1382,25.2258,25.2258,20
7.96497,4.17394,0,4.17394,24.8,121.556,319,3,0,1384,25.2594,25.2594,20
7.97156,3.20581,0,3.20581,24.78,121.293,243,2,0,1385,25.2852,25.2852,20
7.98985,0.489221,0,0.489221,24.78,121.293,168,0,0,1385,25.2852,25.2852,20
7.99536,2.20366,0,2.20366,24.76,121.03,184,2,0,1386,25.3081,25.3081,20
8.01917,4.63428,0,4.63428,24.76,121.03,211,4,0,1388,25.3293,25.3293,20
8.0263,2.6824,0,2.6824,24.74,120.768,239,2,0,1389,25.3362,25.3362,20
8.04503,0.90476,0,0.90476,24.74,120.768,174,0,0,1389,25.3362,25.3362,20
8.05391,4.4681,0,4.4681,24.72,120.505,260,3,0,1391,25.3566,25.3566,20
8.07477,5.33151,0,5.33151,24.72,120.505,214,5,0,1393,25.4049,25.4049,20
8.08076,2.37253,0,2.37253,24.7,120.242,168,2,0,1394,25.4319,25.4319,20
8.10205,3.14311,0,3.14311,24.7,120.242,209,5,0,1396,25.4599,25.4599,20
8.11132,4.20382,0,4.20382,24.68,119.979,288,3,0,1398,25.4764,25.4764,20
8.13311,6.24569,0,6.24569,24.68,119.979,408,32,0,1400,25.5186,25.5186,20
8.14018,2.5346,0,2.5346,24.66,119.717,194,3,0,1402,25.5178,25.5178,20
8.16146,3.12103,0,3.12103,24.66,119.717,286,5,0,1403,25.5246,25.5246,20
8.16869,2.75917,0,2.75917,24.64,119.454,194,4,0,1404,25.5356,25.5356,20
8.18637,0.222624,0,0.222624,24.64,119.454,174,0,0,1404,25.5356,25.5356,20
8.1919,1.92866,0,1.92866,24.62,119.191,211,2,0,1405,25.5516,25.5516,20
8.21479,3.52599,0,3.52599,24.62,119.191,286,12,0,1406,25.5718,25.5718,20
8.2223,2.81433,0,2.81433,24.6,118.928,239,2,0,1407,25.5892,25.5892,20
8.24366,4.58741,0,4.58741,24.6,118.928,338,3,0,1409,25.6217,25.6217,20
8.24835,0.589308,0,0.589308,24.58,118.666,202,0,0,1409,25.6217,25.6217,20
8.27037,2.6107,0,2.6107,24.58,118.666,246,3,0,1411,25.6471,25.6471,20
8.2771,2.69652,0,2.69652,24.56,118.403,275,6,0,1413,25.6561,25.6561,20
8.30144,6.73447,0,6.73447,24.56,118.403,455,9,0,1415,25.7025,25.7025,20
8.30934,3.78769,0,3.78769,24.54,118.14,292,3,0,1417,25.7417,25.7417,20
8.3303,4.24228,0,4.24228,24.54,118.14,402,22,0,1418,25.7588,25.7588,20
8.33719,2.63934,0,2.63934,24.52,117.877,254,3,0,1420,25.7627,25.7627,20
8.36047,5.62474,0,5.62474,24.52,117.877,579,25,0,1421,25.784,25.784,20
8.36539,0.788729,0,0.788729,24.5,117.615,224,0,0,1421,25.784,25.784,20
8.38623,1.33977,0,1.33977,24.5,117.615,238,1,0,1422,25.7862,25.7862,20
8.49483,104.666,6.86595,97.8005,24.48,117.352,12588,694,0,1424,25.8062,25.8062,20
8.50185,2.57749,0,2.57749,24.46,117.089,261,6,0,1426,25.8015,25.8015,20
8.52276,2.88532,0,2.88532,24.46,117.089,297,0,0,1427,25.8262,25.8262,20
8.5275,0.394139,0,0.394139,24.44,116.826,251,0,0,1427,25.8262,25.8262,20
8.55143,3.11652,0,3.11652,24.44,116.826,271,6,0,1428,25.8571,25.8571,20
8.558,1.48086,0,1.48086,24.42,116.564,283,1,0,1429,25.8593,25.8593,20
8.5788,1.62044,0,1.62044,24.42,116.564,283,2,0,1430,25.8587,25.8587,20
8.58461,0.661609,0,0.661609,24.4,116.301,301,0,0,1430,25.8587,25.8587,20
8.60836,3.94639,0,3.94639,24.4,116.301,395,2,0,1431,25.8917,25.8917,20
8.61768,3.36965,0,3.36965,24.38,116.038,377,2,0,1432,25.9239,25.9239,20
8.63659,2.26436,0,2.26436,24.38,116.038,356,2,0,1434,25.9393,25.9393,20
8.64515,2.94276,0,2.94276,24.36,115.775,475,6,0,1435,25.9596,25.9596,20
8.66561,2.65297,0,2.65297,24.36,115.775,431,3,0,1436,25.9749,25.9749,20
8.67822,5.80523,0,5.80523,24.34,115.513,556,1,0,1438,25.9986,25.9986,20
8.69774,4.66745,0,4.66745,24.34,115.513,407,4,0,1440,26.0236,26.0236,20
8.7073,2.52229,0,2.52229,24.32,115.25,390,3,0,1442,26.0264,26.0264,20
8.73457,9.17091,0,9.17091,24.32,115.25,846,18,0,1444,26.0755,26.0755,20
8.74318,2.11736,0,2.11736,24.3,114.987,425,3,0,1446,26.0844,26.0844,20
8.7633,1.82289,0,1.82289,24.3,114.987,432,2,0,1447,26.1023,26.1023,20
8.77235,2.88303,0,2.88303,24.28,114.724,436,3,0,1449,26.1263,26.1263,20
8.7918,0.938555,0,0.938555,24.28,114.724,426,1,0,1450,26.1283,26.1283,20
8.80139,3.40478,0,3.40478,24.26,114.462,470,8,0,1451,26.1585,26.1585,20
8.826,6.84404,0,6.84404,24.26,114.462,807,27,0,1453,26.1762,26.1762,20
8.83488,1.8671,0,1.8671,24.24,114.199,442,1,0,1454,26.196,26.196,20
8.85599,2.22007,0,2.22007,24.24,114.199,491,4,0,1456,26.1896,26.1896,20
8.86398,1.53259,0,1.53259,24.22,113.936,427,1,0,1457,26.1901,26.1901,20
8.88643,3.34642,0,3.34642,24.22,113.936,437,4,0,1459,26.207,26.207,20
8.89286,0.330877,0,0.330877,24.2,113.673,417,0,0,1459,26.207,26.207,20
8.91801,4.54758,0,4.54758,24.2,113.673,512,3,0,1461,26.2457,26.2457,20
8.9281,4.07936,0,4.07936,24.18,113.411,495,8,0,1463,26.2912,26.2912,20
8.94947,4.51582,0,4.51582,24.18,113.411,604,2,0,1464,26.3299,26.3299,20
8.95742,1.94114,0,1.94114,24.16,113.148,407,2,0,1465,26.3454,26.3454,20
8.97739,0.733274,0,0.733274,24.16,113.148,397,0,0,1465,26.3454,26.3454,20
8.98499,1.61564,0,1.61564,24.14,112.885,398,2,0,1466,26.3465,26.3465,20
9.00607,1.2913,0,1.2913,24.14,112.885,418,6,0,1467,26.3497,26.3497,20
9.01638,4.2258,0,4.2258,24.12,112.622,420,7,0,1469,26.3785,26.3785,20
9.0382,2.81645,0,2.81645,24.12,112.622,372,2,0,1470,26.3884,26.3884,20
9.04404,0.228434,0,0.228434,24.1,112.363,349,0,0,1470,26.3884,26.3884,20
9.07322,6.05249,0,6.05249,24.1,112.363,534,39,0,1472,26.4212,26.4212,20
9.08359,4.76582,0,4.76582,24.08,112.099,486,3,0,1474,26.4647,26.4647,20
9.10825,7.85007,0,7.85007,24.08,112.099,700,63,0,1476,26.5305,26.5305,20
9.1175,3.638,0,3.638,24.06,111.835,410,4,0,1478,26.5345,26.5345,20
9.13845,3.87683,0,3.87683,24.06,111.835,469,21,0,1480,26.5601,26.5601,20
9.14509,1.16076,0,1.16076,24.04,111.572,344,0,0,1480,26.5601,26.5601,20
9.16865,4.2239,0,4.2239,24.04,111.572,442,2,0,1481,26.5989,26.5989,20
9.17568,1.3153,0,1.3153,24.02,111.308,334,1,0,1482,26.5958,26.5958,20
9.21201,16.4591,0,16.4591,24.02,111.308,1720,126,0,1484,26.657,26.657,20
9.2186,0.602713,0,0.602713,24,111.253,334,0,0,1484,26.657,26.657,20
9.23871,0.137597,0,0.137597,24,111.253,334,0,0,1484,26.657,26.657,20
9.24684,2.92382,0,2.92382,23.98,111.197,392,2,0,1485,26.6855,26.6855,20
9.2698,4.8462,0,4.8462,23.98,111.197,491,20,0,1487,26.7202,26.7202,20
9.2774,1.65583,0,1.65583,23.96,111.142,344,1,0,1488,26.7191,26.7191,20
9.30005,4.19608,0,4.19608,23.96,111.142,390,4,0,1490,26.743,26.743,20
9.30862,2.88594,0,2.88594,23.94,111.087,377,2,0,1491,26.774,26.774,20
9.3274,1.12711,0,1.12711,23.94,111.087,344,1,0,1492,26.7681,26.7681,20
9.33423,0.50606,0,0.50606,23.92,111.031,331,0,0,1492,26.7681,26.7681,20
9.35891,3.89309,0,3.89309,23.92,111.031,424,3,0,1494,26.7938,26.7938,20
9.39329,27.9779,0,27.9779,23.9,110.976,2782,194,0,1496,26.8061,26.8061,20
9.40231,3.19687,0,3.19687,23.88,110.921,507,17,0,1497,26.8236,26.8236,20
9.42139,0.136014,0,0.136014,23.88,110.921,341,0,0,1497,26.8236,26.8236,20
9.42911,1.95297,0,1.95297,23.86,110.866,354,2,0,1498,26.8385,26.8385,20
9.4538,2.96376,0,2.96376,23.86,110.866,371,3,0,1499,26.8519,26.8519,20
9.4594,0.083424,0,0.083424,23.84,110.811,341,0,0,1499,26.8519,26.8519,20
9.48628,2.85333,0,2.85333,23.84,110.811,407,21,0,1500,26.874,26.874,20
9.49401,1.95931,0,1.95931,23.82,110.756,361,1,0,1501,26.8681,26.8681,20
9.52035,4.25095,0,4.25095,23.82,110.756,396,4,0,1503,26.8949,26.8949,20
9.52676,0.530413,0,0.530413,23.8,110.701,348,0,0,1503,26.8949,26.8949,20
9.55244,3.68715,0,3.68715,23.8,110.701,368,4,0,1505,26.9096,26.9096,20
9.56048,1.61154,0,1.61154,23.78,110.646,358,2,0,1506,26.917,26.917,20
9.58233,1.79818,0,1.79818,23.78,110.646,368,1,0,1507,26.919,26.919,20
9.59096,2.79499,0,2.79499,23.76,110.591,401,3,0,1509,26.9178,26.9178,20
9.61637,4.2285,0,4.2285,23.76,110.591,400,4,0,1511,26.9523,26.9523,20
9.6255,1.9482,0,1.9482,23.74,110.536,353,2,0,1512,26.9563,26.9563,20
9.64593,0.980333,0,0.980333,23.74,110.536,348,1,0,1513,26.9458,26.9458,20
9.65592,3.77629,0,3.77629,23.72,110.481,414,2,0,1514,26.9756,26.9756,20
9.67932,3.63458,0,3.63458,23.72,110.481,438,10,0,1515,26.9987,26.9987,20
9.69515,9.44265,0,9.44265,23.7,110.426,888,0,0,1517,27.0593,27.0593,20
9.71308,4.40338,0,4.40338,23.7,110.426,463,4,0,1519,27.0889,27.0889,20
9.72236,3.31458,0,3.31458,23.68,110.371,382,3,0,1521,27.1151,27.1151,20
9.74335,2.85788,0,2.85788,23.68,110.371,398,6,0,1522,27.1426,27.1426,20
9.75492,5.87982,0,5.87982,23.66,110.316,604,2,0,1524,27.1726,27.1726,20
9.77388,1.53911,0,1.53911,23.66,110.316,388,3,0,1525,27.1744,27.1744,20
9.78234,2.82667,0,2.82667,23.64,110.262,385,4,0,1527,27.1886,27.1886,20
9.80833,4.80429,0,4.80429,23.64,110.262,472,3,0,1529,27.2348,27.2348,20
9.81505,0.835348,0,0.835348,23.62,110.207,365,1,0,1530,27.2222,27.2222,20
9.8382,1.85735,0,1.85735,23.62,110.207,365,1,0,1531,27.2345,27.2345,20
9.84529,1.34635,0,1.34635,23.6,110.152,358,1,0,1532,27.2389,27.2389,20
9.8687,1.05222,0,1.05222,23.6,110.152,348,0,0,1532,27.2389,27.2389,20
9.87523,0.893224,0,0.893224,23.58,110.097,345,0,0,1532,27.2389,27.2389,20
9.90119,2.91162,0,2.91162,23.58,110.097,378,3,0,1534,27.2425,27.2425,20
9.91232,5.41088,0,5.41088,23.56,110.042,396,4,0,1536,27.2949,27.2949,20
9.93321,2.82985,0,2.82985,23.56,110.042,458,13,0,1537,27.309,27.309,20
9.93971,0.531078,0,0.531078,23.54,109.987,348,0,0,1537,27.309,27.309,20
9.9639,1.52587,0,1.52587,23.54,109.987,411,1,0,1538,27.3043,27.3043,20
9.97336,3.33171,0,3.33171,23.52,109.932,535,14,0,1539,27.3372,27.3372,20
9.99524,2.75962,0,2.75962,23.52,109.932,388,3,0,1540,27.3617,27.3617,20
10.0056,4.24136,0,4.24136,23.5,109.877,377,4,0,1542,27.3898,27.3898,20
10.0269,4.30299,0,4.30299,23.5,109.877,452,7,0,1543,27.4083,27.4083,20
10.0362,2.95404,0,2.95404,23.48,109.822,401,4,0,1544,27.4333,27.4333,20
10.0564,1.86818,0,1.86818,23.48,109.822,358,2,0,1545,27.4285,27.4285,20
10.0653,2.50218,0,2.50218,23.46,109.768,372,2,0,1546,27.4424,27.4424,20
10.086,2.82375,0,2.82375,23.46,109.768,424,4,0,1547,27.4512,27.4512,20
10.0973,4.43824,0,4.43824,23.44,109.713,453,8,0,1548,27.489,27.489,20
10.1143,1.07528,0,1.07528,23.44,109.713,355,1,0,1549,27.4984,27.4984,20
10.1235,0.809249,0,0.809249,23.42,109.658,341,0,0,1549,27.4984,27.4984,20
10.1445,3.61913,0,3.61913,23.42,109.658,377,4,0,1551,27.5293,27.5293,20
10.1575,6.15869,0,6.15869,23.4,109.603,408,4,0,1553,27.5757,27.5757,20
10.1732,2.24898,0,2.24898,23.4,109.603,382,2,0,1554,27.6004,27.6004,20
10.1872,8.70392,0,8.70392,23.38,109.548,669,13,0,1556,27.6112,27.6112,20
10.2029,3.41204,0,3.41204,23.38,109.548,340,2,0,1557,27.65,27.65,20
10.2091,0.981491,0,0.981491,23.36,109.493,323,1,0,1558,27.6483,27.6483,20
10.2313,1.98443,0,1.98443,23.36,109.493,323,2,0,1559,27.6652,27.6652,20
10.2401,2.99227,0,2.99227,23.34,109.438,394,4,0,1560,27.6833,27.6833,20
10.2691,11.663,0,11.663,23.34,109.438,1138,40,0,1562,27.7407,27.7407,20
10.2764,1.57778,0,1.57778,23.32,107.826,332,1,0,1563,27.7594,27.7594,20
10.2963,0.665665,0,0.665665,23.32,107.826,322,0,0,1563,27.7594,27.7594,20
10.3032,1.69475,0,1.69475,23.3,107.771,322,2,0,1564,27.7526,27.7526,20
10.324,1.61789,0,1.61789,23.3,107.771,322,1,0,1565,27.7597,27.7597,20
10.3348,4.77652,0,4.77652,23.28,107.717,335,4,0,1567,27.7964,27.7964,20
10.3507,0.382691,0,0.382691,23.28,107.717,315,0,0,1567,27.7964,27.7964,20
10.3606,3.81892,0,3.81892,23.26,107.662,477,14,0,1569,27.8056,27.8056,20
10.3836,3.6175,0,3.6175,23.26,107.662,391,2,0,1571,27.8269,27.8269,20
10.392,2.54138,0,2.54138,23.24,107.607,372,2,0,1572,27.8333,27.8333,20
10.4173,5.60561,0,5.60561,23.24,107.607,789,32,0,1573,27.8449,27.8449,20
10.4277,4.16881,0,4.16881,23.22,107.353,417,4,0,1575,27.8743,27.8743,20
10.4495,4.74829,0,4.74829,23.22,107.353,447,4,0,1577,27.9169,27.9169,20
10.4689,13.578,0,13.578,23.2,107.298,1603,188,0,1578,27.9411,27.9411,20
10.4785,2.00421,0,2.00421,23.2,107.298,385,1,0,1579,27.9569,27.9569,20
10.4862,1.45104,0,1.45104,23.18,107.243,357,1,0,1580,27.9646,27.9646,20
10.51,4.04377,0,4.04377,23.18,107.243,487,11,0,1582,27.9981,27.9981,20
10.5184,2.37901,0,2.37901,23.16,107.188,443,3,0,1583,28.0145,28.0145,20
10.5389,1.47531,0,1.47531,23.16,107.188,369,1,0,1584,28.0114,28.0114,20
10.5477,2.63659,0,2.63659,23.14,107.133,396,4,0,1586,28.0088,28.0088,20
10.5714,5.36708,0,5.36708,23.14,107.133,428,8,0,1588,28.0579,28.0579,20
10.5792,1.65298,0,1.65298,23.12,107.078,378,1,0,1589,28.0699,28.0699,20
10.6076,8.84835,0,8.84835,23.12,107.078,887,25,0,1591,28.1138,28.1138,20
10.6141,0.371409,0,0.371409,23.1,107.023,368,0,0,1591,28.1138,28.1138,20
10.6371,1.95969,0,1.95969,23.1,107.023,388,1,0,1592,28.1206,28.1206,20
10.6483,4.8415,0,4.8415,23.08,106.968,459,2,0,1593,28.1569,28.1569,20
10.6708,5.74138,0,5.74138,23.08,106.968,481,22,0,1595,28.2113,28.2113,20
10.679,1.36678,0,1.36678,23.06,106.914,384,2,0,1596,28.2068,28.2068,20
10.7031,4.54053,0,4.54053,23.06,106.914,419,3,0,1598,28.2416,28.2416,20
10.7156,6.2877,0,6.2877,23.04,106.859,538,12,0,1600,28.2919,28.2919,20
10.7343,3.19792,0,3.19792,23.04,106.859,514,1,0,1602,28.2984,28.2984,20
10.7429,2.22568,0,2.22568,23.02,106.804,410,3,0,1604,28.3024,28.3024,20
10.7721,9.31744,0,9.31744,23.02,106.804,1202,43,0,1605,28.3439,28.3439,20
10.779,0.504731,0,0.504731,23,106.749,400,0,0,1605,28.3439,28.3439,20
10.8033,4.08523,0,4.08523,23,106.749,605,28,0,1606,28.3686,28.3686,20
10.8138,3.44004,0,3.44004,22.98,106.694,455,4,0,1608,28.3806,28.3806,20
10.8355,4.34318,0,4.34318,22.98,106.694,452,3,0,1610,28.4012,28.4012,20
10.8455,2.84023,0,2.84023,22.96,106.639,455,4,0,1612,28.415,28.415,20
10.8665,2.94875,0,2.94875,22.96,106.639,466,2,0,1613,28.447,28.447,20
10.8758,2.53995,0,2.53995,22.94,106.584,440,2,0,1614,28.4672,28.4672,20
10.896,1.98005,0,1.98005,22.94,106.584,497,1,0,1615,28.4848,28.4848,20
10.9053,2.40835,0,2.40835,22.92,106.529,481,2,0,1616,28.5,28.5,20
10.926,2.19926,0,2.19926,22.92,106.529,440,2,0,1617,28.5071,28.5071,20
10.9371,4.12436,0,4.12436,22.9,106.474,486,4,0,1619,28.538,28.538,20
10.9576,3.08305,0,3.08305,22.9,106.474,489,4,0,1620,28.5735,28.5735,20
10.9678,2.98287,0,2.98287,22.88,106.42,490,2,0,1621,28.5978,28.5978,20
10.9923,6.02566,0,6.02566,22.88,106.42,825,2,0,1622,28.6344,28.6344,20
11.0064,6.37462,0,6.37462,22.86,106.365,660,7,0,1624,28.673,28.673,20
11.0218,1.72948,0,1.72948,22.86,106.365,496,4,0,1625,28.6874,28.6874,20
11.0322,3.55549,0,3.55549,22.84,106.31,495,2,0,1626,28.714,28.714,20
11.0505,0.461225,0,0.461225,22.84,106.31,430,0,0,1626,28.714,28.714,20
11.0613,3.77084,0,3.77084,22.82,106.255,467,3,0,1628,28.7377,28.7377,20
11.0789,0.624487,0,0.624487,22.82,106.255,430,0,0,1628,28.7377,28.7377,20
11.0888,2.16334,0,2.16334,22.8,106.2,504,0,0,1629,28.7649,28.7649,20
11.1088,1.97326,0,1.97326,22.8,106.2,483,10,0,1630,28.7687,28.7687,20
11.1185,2.17734,0,2.17734,22.78,106.145,454,2,0,1631,28.7897,28.7897,20
11.1397,2.39219,0,2.39219,22.78,106.145,478,10,0,1632,28.7935,28.7935,20
11.1499,2.38529,0,2.38529,22.76,106.09,440,2,0,1633,28.8034,28.8034,20
11.1743,6.22297,0,6.22297,22.76,106.09,555,3,0,1635,28.841,28.841,20
11.1925,10.8309,0,10.8309,22.74,106.035,1423,101,0,1636,28.86,28.86,20
11.206,3.08919,0,3.08919,22.74,106.035,472,3,0,1638,28.8687,28.8687,20
11.2167,3.3228,0,3.3228,22.72,105.981,482,2,0,1639,28.8963,28.8963,20
11.2369,2.86797,0,2.86797,22.72,105.981,503,5,0,1640,28.911,28.911,20
11.2488,4.15714,0,4.15714,22.7,105.926,536,4,0,1641,28.9494,28.9494,20
11.2664,1.32763,0,1.32763,22.7,105.926,450,1,0,1642,28.9446,28.9446,20
11.277,3.06858,0,3.06858,22.68,105.871,450,3,0,1644,28.9574,28.9574,20
11.2997,5.19139,0,5.19139,22.68,105.871,556,10,0,1646,28.9994,28.9994,20
11.4893,181.689,19.418,162.271,22.66,105.816,22729,1456,0,1648,29.0516,29.0516,20
11.4967,1.63625,0,1.63625,22.64,105.761,291,2,0,1650,29.0394,29.0394,20
11.518,2.23618,0,2.23618,22.64,105.761,291,2,0,1651,29.0521,29.0521,20
11.5246,1.90877,0,1.90877,22.62,105.706,321,6,0,1652,29.0696,29.0696,20
11.5466,2.98283,0,2.98283,22.62,105.706,389,9,0,1653,29.078,29.078,20
11.5545,2.55124,0,2.55124,22.6,105.651,324,2,0,1654,29.0931,29.0931,20
11.5763,4.24866,0,4.24866,22.6,105.651,341,5,0,1656,29.1244,29.1244,20
11.5826,0.982643,0,0.982643,22.58,105.596,272,0,0,1656,29.1244,29.1244,20
11.6046,2.49155,0,2.49155,22.58,105.596,282,2,0,1657,29.137,29.137,20
11.6136,3.83066,0,3.83066,22.56,105.541,345,3,0,1659,29.1597,29.1597,20
11.6352,4.61799,0,4.61799,22.56,105.541,408,1,0,1660,29.1904,29.1904,20
11.6411,0.519018,0,0.519018,22.54,105.487,272,0,0,1660,29.1904,29.1904,20
11.6628,1.71118,0,1.71118,22.54,105.487,288,1,0,1661,29.2071,29.2071,20
11.6761,8.00381,0,8.00381,22.52,105.432,655,1,0,1663,29.2628,29.2628,20
11.6923,3.18803,0,3.18803,22.52,105.432,282,2,0,1664,29.2752,29.2752,20
11.7014,4.26987,0,4.26987,22.5,105.377,336,3,0,1666,29.3157,29.3157,20
11.7249,6.26281,0,6.26281,22.5,105.377,367,4,0,1668,29.3573,29.3573,20
11.7342,3.89507,0,3.89507,22.48,105.322,337,4,0,1669,29.3853,29.3853,20
11.7538,2.94275,0,2.94275,22.48,105.322,299,2,0,1670,29.4036,29.4036,20
11.7626,3.55846,0,3.55846,22.46,105.267,416,2,0,1672,29.4193,29.4193,20
11.7844,4.35862,0,4.35862,22.46,105.267,500,0,0,1673,29.4387,29.4387,20
11.7919,2.0478,0,2.0478,22.44,105.212,283,2,0,1674,29.4492,29.4492,20
11.8172,6.36468,0,6.36468,22.44,105.212,464,20,0,1676,29.4857,29.4857,20
11.8238,1.42684,0,1.42684,22.42,105.157,283,1,0,1677,29.4955,29.4955,20
11.8498,6.36547,0,6.36547,22.42,105.157,424,8,0,1679,29.5295,29.5295,20
11.8575,2.47702,0,2.47702,22.4,105.102,353,1,0,1681,29.5342,29.5342,20
11.8831,6.8842,0,6.8842,22.4,105.102,463,4,0,1683,29.5817,29.5817,20
11.8895,1.43987,0,1.43987,22.38,105.047,283,1,0,1684,29.5873,29.5873,20
11.9145,5.05712,0,5.05712,22.38,105.047,374,2,0,1685,29.6243,29.6243,20
11.9262,6.24782,0,6.24782,22.36,104.993,427,7,0,1687,29.6829,29.6829,20
11.9445,3.07334,0,3.07334,22.36,104.993,314,2,0,1689,29.6856,29.6856,20
11.9505,0.441391,0,0.441391,22.34,104.938,264,0,0,1689,29.6856,29.6856,20
11.9737,3.30107,0,3.30107,22.34,104.938,274,2,0,1690,29.6994,29.6994,20
11.9798,0.085212,0,0.085212,22.32,104.883,274,0,0,1690,29.6994,29.6994,20
12.0015,1.64755,0,1.64755,22.32,104.883,284,1,0,1691,29.699,29.699,20
12.0137,6.12255,0,6.12255,22.3,104.828,590,24,0,1692,29.7311,29.7311,20
12.0308,3.34526,0,3.34526,22.3,104.828,330,3,0,1694,29.7527,29.7527,20
12.0393,3.53973,0,3.53973,22.28,104.773,284,1,0,1695,29.7705,29.7705,20
12.0613,4.01281,0,4.01281,22.28,104.773,323,2,0,1696,29.7954,29.7954,20
12.0701,2.81128,0,2.81128,22.26,104.718,284,2,0,1697,29.815,29.815,20
12.0921,3.9838,0,3.9838,22.26,104.718,294,3,0,1699,29.8346,29.8346,20
12.0983,0.233564,0,0.233564,22.24,104.663,285,0,0,1699,29.8346,29.8346,20
12.1213,2.5083,0,2.5083,22.24,104.663,318,2,0,1700,29.8506,29.8506,20
12.1331,5.7973,0,5.7973,22.22,104.608,305,3,0,1702,29.8872,29.8872,20
12.1484,0.2682,0,0.2682,22.22,104.608,275,0,0,1702,29.8872,29.8872,20
12.1572,3.71233,0,3.71233,22.2,104.553,449,14,0,1703,29.9154,29.9154,20
12.1763,0.877855,0,0.877855,22.2,104.553,276,0,0,1703,29.9154,29.9154,20
12.1844,1.97133,0,1.97133,22.18,104.499,276,2,0,1704,29.9208,29.9208,20
12.2088,6.26476,0,6.26476,22.18,104.499,564,26,0,1706,29.959,29.959,20
12.2181,4.18016,0,4.18016,22.16,104.444,302,3,0,1708,29.9883,29.9883,20
12.2394,4.93885,0,4.93885,22.16,104.444,396,5,0,1710,30.0129,30.0129,20
12.463,217.611,22.0976,195.513,22.14,104.389,27865,1681,0,1712,30.035,30.035,20
12.4684,0.424287,0,0.424287,22.12,112.548,156,0,0,1712,30.035,30.035,20
12.4905,2.44182,0,2.44182,22.12,112.548,166,2,0,1713,30.045,30.045,20
12.4986,3.69921,0,3.69921,22.1,112.493,321,6,0,1714,30.077,30.077,20
12.5178,2.36958,0,2.36958,22.1,112.493,166,2,0,1715,30.0845,30.0845,20
12.525,2.19202,0,2.19202,22.08,112.438,176,1,0,1716,30.1002,30.1002,20
12.5489,5.19627,0,5.19627,22.08,112.438,260,6,0,1718,30.1257,30.1257,20
12.5569,3.43083,0,3.43083,22.06,112.383,201,2,0,1719,30.1385,30.1385,20
12.5777,3.20023,0,3.20023,22.06,112.383,166,2,0,1720,30.1669,30.1669,20
12.5905,8.41403,0,8.41403,22.04,112.328,568,45,0,1722,30.2125,30.2125,20
12.6055,2.5202,0,2.5202,22.04,112.328,176,4,0,1723,30.2217,30.2217,20
12.6146,5.04013,0,5.04013,22.02,112.274,255,4,0,1725,30.2586,30.2586,20
12.6306,0.421125,0,0.421125,22.02,112.274,161,0,0,1725,30.2586,30.2586,20
12.6383,3.08853,0,3.08853,22,112.219,218,2,0,1726,30.2868,30.2868,20
12.6567,1.0202,0,1.0202,22,112.219,171,1,0,1727,30.2814,30.2814,20
12.6674,6.44195,0,6.44195,21.98,112.164,653,23,0,1728,30.3183,30.3183,20
12.6867,4.64041,0,4.64041,21.98,112.164,219,8,0,1730,30.3428,30.3428,20
12.6914,0.530029,0,0.530029,21.96,112.109,161,0,0,1730,30.3428,30.3428,20
12.7205,8.35063,0,8.35063,21.96,112.109,961,58,0,1731,30.3495,30.3495,20
12.7298,4.60923,0,4.60923,21.94,112.054,264,2,0,1732,30.392,30.392,20
12.7486,2.78069,0,2.78069,21.94,112.054,180,2,0,1733,30.4068,30.4068,20
12.7566,3.2042,0,3.2042,21.92,111.999,200,4,0,1734,30.4314,30.4314,20
12.7754,0.907041,0,0.907041,21.92,111.999,170,0,0,1734,30.4314,30.4314,20
12.7838,3.59661,0,3.59661,21.9,111.944,193,2,0,1735,30.4576,30.4576,20
12.809,7.73922,0,7.73922,21.9,111.944,396,17,0,1737,30.494,30.494,20
12.8183,4.52839,0,4.52839,21.88,111.889,190,4,0,1739,30.5233,30.5233,20
12.8392,3.89915,0,3.89915,21.88,111.889,170,2,0,1740,30.5385,30.5385,19.9988
12.8448,0.523677,0,0.523677,21.86,111.834,160,0,0,1740,30.5385,30.5385,19.9988
12.8673,1.85823,0,1.85823,21.86,111.834,170,2,0,1741,30.5388,30.5388,19.9963
13.0528,180.057,12.0151,168.042,21.84,111.78,23461,1600,0,1743,30.5651,30.5686,19.9913
13.0597,1.74735,0,1.74735,21.82,111.725,238,2,0,1744,30.5705,30.574,19.9889
13.084,5.41111,0,5.41111,21.82,111.725,223,7,0,1746,30.6266,30.63,19.9839
13.0884,0.309075,0,0.309075,21.8,111.67,160,0,0,1746,30.6266,30.63,19.9839
13.1097,0.384598,0,0.384598,21.8,111.67,160,0,0,1746,30.6266,30.63,19.9839
13.1147,0.90393,0,0.90393,21.78,111.615,160,0,0,1746,30.6266,30.63,19.9839
13.1358,0.771198,0,0.771198,21.78,111.615,170,1,0,1747,30.6182,30.6216,19.9814
13.1448,4.53473,0,4.53473,21.76,111.56,400,25,0,1748,30.6493,30.651,19.979
13.1655,4.75077,0,4.75077,21.76,111.56,194,4,0,1750,30.6777,30.6794,19.974
13.1737,3.55351,0,3.55351,21.74,111.505,268,15,0,1752,30.6918,30.6929,19.9691
13.1944,3.52337,0,3.52337,21.74,111.505,226,3,0,1754,30.7024,30.7035,19.9641
13.2021,2.49095,0,2.49095,21.72,111.45,160,1,0,1755,30.7174,30.7185,19.9617
13.2208,0.925354,0,0.925354,21.72,111.45,151,0,0,1755,30.7174,30.7185,19.9617
13.244,18.478,0,18.478,21.7,111.395,2236,113,0,1756,30.7369,30.7375,19.9592
13.2502,1.1832,0,1.1832,21.68,111.34,166,1,0,1757,30.7308,30.7314,19.9567
13.2781,8.56935,0,8.56935,21.68,111.34,617,32,0,1759,30.7681,30.7681,19.9518
13.2855,2.92638,0,2.92638,21.66,111.286,216,7,0,1760,30.7966,30.7966,19.9494
13.3046,0.92896,0,0.92896,21.66,111.286,188,1,0,1761,30.7984,30.7984,19.9469
13.3096,0.433644,0,0.433644,21.64,111.231,170,0,0,1761,30.7984,30.7984,19.9469
13.3347,4.33443,0,4.33443,21.64,111.231,197,3,0,1763,30.84,30.84,19.942
13.3429,3.58777,0,3.58777,21.62,111.176,236,3,0,1765,30.8595,30.8595,19.9371
13.3644,4.32065,0,4.32065,21.62,111.176,253,3,0,1767,30.9021,30.9015,19.9322
13.3784,9.79006,0,9.79006,21.6,111.121,910,90,0,1769,30.9333,30.931,19.9274
13.3925,2.99144,0,2.99144,21.6,111.121,315,1,0,1770,30.9508,30.9486,19.9249
13.4039,6.6866,0,6.6866,21.58,111.066,265,4,0,1772,30.9966,30.9955,19.92
13.4182,1.00366,0,1.00366,21.58,111.066,170,0,0,1772,30.9966,30.9955,19.92
13.424,1.60228,0,1.60228,21.56,111.011,198,2,0,1773,30.9944,30.9932,19.9176
13.4439,0.229509,0,0.229509,21.56,111.011,175,0,0,1773,30.9944,30.9932,19.9176
13.4564,7.67948,0,7.67948,21.54,110.956,456,16,0,1775,31.0355,31.0327,19.9127
13.4751,5.65177,0,5.65177,21.54,110.956,205,4,0,1777,31.0793,31.0765,19.9079
13.4814,1.36527,0,1.36527,21.52,110.901,180,0,0,1777,31.0793,31.0765,19.9079
13.5012,0.096268,0,0.096268,21.52,110.901,180,0,0,1777,31.0793,31.0765,19.9079
13.5112,5.31379,0,5.31379,21.5,110.846,209,4,0,1779,31.1079,31.1057,19.903
13.5343,7.27044,0,7.27044,21.5,110.846,280,6,0,1781,31.1735,31.1713,19.8982
13.5416,2.66203,0,2.66203,21.48,110.792,197,2,0,1782,31.1841,31.1818,19.8958
13.5657,5.6311,0,5.6311,21.48,110.792,347,5,0,1784,31.2057,31.2035,19.8909
13.5744,3.59343,0,3.59343,21.46,110.737,209,5,0,1786,31.2217,31.2195,19.8861
13.5934,1.95705,0,1.95705,21.46,110.737,189,1,0,1787,31.2238,31.2216,19.8837
13.5981,0.265129,0,0.265129,21.44,110.682,183,0,0,1787,31.2238,31.2216,19.8837
13.6195,1.05378,0,1.05378,21.44,110.682,183,0,0,1787,31.2238,31.2216,19.8837
13.6283,2.76595,0,2.76595,21.42,110.627,193,2,0,1788,31.2282,31.226,19.8813
13.6484,2.95341,0,2.95341,21.42,110.627,253,1,0,1789,31.2443,31.242,19.8789
13.6557,3.11633,0,3.11633,21.4,110.572,204,2,0,1790,31.2615,31.2592,19.8765
13.679,4.9093,0,4.9093,21.4,110.572,216,4,0,1792,31.2768,31.2751,19.8717
13.6907,6.57672,0,6.57672,21.38,110.517,246,13,0,1794,31.3094,31.3066,19.8669
13.7101,4.97177,0,4.97177,21.38,110.517,229,2,0,1795,31.3354,31.332,19.8645
13.7228,7.8821,0,7.8821,21.36,110.462,444,6,0,1797,31.3968,31.3945,19.8597
13.7392,3.02006,0,3.02006,21.36,110.462,220,2,0,1798,31.4027,31.4004,19.8573
13.745,0.982255,0,0.982255,21.34,110.407,197,0,0,1798,31.4027,31.4004,19.8573
13.77,4.3704,0,4.3704,21.34,110.407,325,0,0,1799,31.4269,31.4247,19.8549
13.7793,4.51456,0,4.51456,21.32,110.353,396,2,0,1800,31.4556,31.4533,19.8525
13.7972,1.39854,0,1.39854,21.32,110.353,207,1,0,1801,31.4498,31.4475,19.8501
13.8061,3.12819,0,3.12819,21.3,110.298,231,2,0,1802,31.4645,31.4628,19.8477
13.8314,7.97447,0,7.97447,21.3,110.298,415,12,0,1804,31.5083,31.5122,19.843
13.8404,3.54067,0,3.54067,21.28,110.243,239,3,0,1806,31.5327,31.5365,19.8382
13.8617,2.01714,0,2.01714,21.28,110.243,205,0,0,1807,31.5302,31.534,19.8358
13.8872,18.5677,0,18.5677,21.26,110.188,1588,78,0,1809,31.5423,31.5434,19.8311
13.8926,0.002717,0,0.002717,21.24,110.133,204,0,0,1809,31.5423,31.5434,19.8311
13.9137,0.812198,0,0.812198,21.24,110.133,204,0,0,1809,31.5423,31.5434,19.8311
13.9187,0.000966,0,0.000966,21.22,110.078,213,0,0,1809,31.5423,31.5434,19.8311
13.9477,7.5357,0,7.5357,21.22,110.078,383,9,0,1811,31.6046,31.6063,19.8263
13.9537,0.798725,0,0.798725,21.2,110.023,213,0,0,1811,31.6046,31.6063,19.8263
13.9747,1.04122,0,1.04122,21.2,110.023,223,1,0,1812,31.5993,31.601,19.8239
13.982,2.24766,0,2.24766,21.18,109.968,260,4,0,1813,31.62,31.6211,19.8216
14.0034,2.80264,0,2.80264,21.18,109.968,238,2,0,1814,31.6312,31.6323,19.8192
14.0153,7.07131,0,7.07131,21.16,109.913,434,12,0,1816,31.6801,31.6823,19.8145
14.0299,0.551304,0,0.551304,21.16,109.913,222,0,0,1816,31.6801,31.6823,19.8145
14.0377,2.77233,0,2.77233,21.14,109.859,259,2,0,1817,31.6935,31.6951,19.8121
14.057,0.419416,0,0.419416,21.14,109.859,231,0,0,1817,31.6935,31.6951,19.8121
14.0663,3.20133,0,3.20133,21.12,109.804,251,2,0,1818,31.7074,31.709,19.8098
14.0869,3.28789,0,3.28789,21.12,109.804,241,2,0,1819,31.7141,31.7158,19.8074
14.0929,0.251022,0,0.251022,21.1,109.719,201,0,0,1819,31.7141,31.7158,19.8074
14.1159,3.08466,0,3.08466,21.1,109.719,221,1,0,1820,31.7264,31.728,19.805
14.1243,2.54938,0,2.54938,21.08,109.611,221,1,0,1821,31.7337,31.7353,19.8027
14.1483,5.89866,0,5.89866,21.08,109.611,386,8,0,1822,31.7558,31.7596,19.8003
14.1599,5.81179,0,5.81179,21.06,109.503,276,8,0,1824,31.813,31.8169,19.7956
14.176,1.76455,0,1.76455,21.06,109.503,221,2,0,1825,31.8153,31.8192,19.7933
14.184,3.19457,0,3.19457,21.04,109.396,241,1,0,1826,31.8445,31.8483,19.7909
14.2059,3.94705,0,3.94705,21.04,109.396,262,3,0,1828,31.878,31.8818,19.7862
14.2146,4.10101,0,4.10101,21.02,109.288,282,3,0,1830,31.8967,31.9005,19.7815
14.2327,0.956546,0,0.956546,21.02,109.288,201,0,0,1830,31.8967,31.9005,19.7815
14.2376,0.250879,0,0.250879,21,109.181,201,0,0,1830,31.8967,31.9005,19.7815
14.2625,3.64034,0,3.64034,21,109.181,268,2,0,1831,31.9181,31.9219,19.7792
14.2751,6.87766,0,6.87766,20.98,109.074,549,20,0,1832,31.9252,31.9301,19.7768
14.2929,4.12783,0,4.12783,20.98,109.074,245,4,0,1834,31.9504,31.9553,19.7722
14.2999,2.18979,0,2.18979,20.96,108.966,229,2,0,1835,31.9564,31.9613,19.7698
14.3234,4.60776,0,4.60776,20.96,108.966,304,14,0,1837,31.9858,31.9913,19.7652
14.3332,4.50099,0,4.50099,20.94,108.859,230,3,0,1839,32.0082,32.0136,19.7605
14.3548,5.61144,0,5.61144,20.94,108.859,279,1,0,1841,32.0521,32.0576,19.7559
14.3657,5.17495,0,5.17495,20.92,108.752,404,0,0,1843,32.0857,32.0912,19.7512
14.3819,1.37042,0,1.37042,20.92,108.752,210,0,0,1843,32.0857,32.0912,19.7512
14.3919,4.60775,0,4.60775,20.9,108.645,239,2,0,1845,32.1062,32.1117,19.7466
14.4085,0.644045,0,0.644045,20.9,108.645,224,0,0,1845,32.1062,32.1117,19.7466
14.4173,3.61153,0,3.61153,20.88,108.538,278,2,0,1846,32.1273,32.1327,19.7442
14.4365,1.50736,0,1.50736,20.88,108.538,229,0,0,1846,32.1273,32.1327,19.7442
14.444,1.91231,0,1.91231,20.86,108.432,244,1,0,1847,32.1332,32.1386,19.7419
14.468,4.9279,0,4.9279,20.86,108.432,350,2,0,1848,32.1629,32.1683,19.7396
14.4781,4.35701,0,4.35701,20.84,108.325,305,12,0,1849,32.1871,32.1915,19.7373
14.4976,2.53714,0,2.53714,20.84,108.325,244,2,0,1850,32.1914,32.1957,19.735
14.7317,228.291,19.9441,208.346,20.82,108.219,31390,2161,0,1851,31.8449,31.8152,19.7327
14.7423,4.91601,0,4.91601,20.8,108.234,833,25,0,1851,31.839,31.812,19.7327
14.7682,9.88687,0,9.88687,20.8,108.234,1051,52,0,1852,31.8639,31.8364,19.7304
14.7769,3.92938,0,3.92938,20.78,108.177,347,7,0,1854,31.8808,31.8538,19.7257
14.7985,4.74293,0,4.74293,20.78,108.177,303,2,0,1856,31.9073,31.8804,19.7211
14.8068,3.61617,0,3.61617,20.76,108.12,269,5,0,1858,31.93,31.9031,19.7165
14.8293,4.84015,0,4.84015,20.76,108.12,300,5,0,1860,31.9516,31.9253,19.7119
14.8479,13.8674,0,13.8674,20.74,108.063,1235,79,0,1862,32.0081,31.9834,19.7073
14.8571,1.62825,0,1.62825,20.74,108.063,248,0,0,1863,31.9989,31.9742,19.705
14.8659,3.65617,0,3.65617,20.72,108.005,286,3,0,1865,32.0134,31.9882,19.7005
14.8841,0.895582,0,0.895582,20.72,108.005,230,0,0,1865,32.0134,31.9882,19.7005
14.8955,6.34902,0,6.34902,20.7,107.948,368,12,0,1867,32.0493,32.0257,19.6959
14.9149,4.87119,0,4.87119,20.7,107.948,295,7,0,1869,32.0915,32.0685,19.6913
14.9224,2.54097,0,2.54097,20.68,107.891,260,3,0,1871,32.0877,32.0647,19.6867
14.9433,2.90318,0,2.90318,20.68,107.891,266,2,0,1872,32.1106,32.0865,19.6845
14.9529,4.51452,0,4.51452,20.66,107.834,379,2,0,1873,32.1399,32.1169,19.6822
14.973,4.07111,0,4.07111,20.66,107.834,250,3,0,1875,32.1653,32.1424,19.6776
14.9837,5.16495,0,5.16495,20.64,99.5979,263,4,0,1877,32.1966,32.1742,19.6731
15.0033,4.66916,0,4.66916,20.64,99.5979,456,2,0,1878,32.2311,32.2087,19.6708
15.0112,2.66125,0,2.66125,20.62,99.5402,256,1,0,1879,32.2586,32.2363,19.6685
15.0298,0.898517,0,0.898517,20.62,99.5402,240,0,0,1879,32.2586,32.2363,19.6685
15.0395,5.09289,0,5.09289,20.6,99.4825,271,7,0,1881,32.2972,32.2749,19.664
15.058,2.17974,0,2.17974,20.6,99.4825,241,1,0,1882,32.3082,32.2859,19.6617
15.0663,3.59021,0,3.59021,20.58,99.4248,241,2,0,1884,32.3248,32.3025,19.6572
15.0859,2.18089,0,2.18089,20.58,99.4248,239,1,0,1885,32.3332,32.3109,19.655
15.0914,0.363789,0,0.363789,20.56,99.3672,238,0,0,1885,32.3332,32.3109,19.655
15.1157,3.31349,0,3.31349,20.56,99.3672,255,1,0,1886,32.3526,32.3303,19.6527
15.1252,3.55137,0,3.55137,20.54,99.3096,267,2,0,1888,32.3607,32.3385,19.6482
15.1479,4.99491,0,4.99491,20.54,99.3096,277,3,0,1890,32.3778,32.3556,19.6437
15.157,3.06395,0,3.06395,20.52,99.252,277,2,0,1892,32.3716,32.3494,19.6392
15.1759,0.968095,0,0.968095,20.52,99.252,257,0,0,1892,32.3716,32.3494,19.6392
15.1855,4.16536,0,4.16536,20.5,99.1944,277,2,0,1894,32.3786,32.3564,19.6347
15.2061,3.78386,0,3.78386,20.5,99.1944,300,1,0,1895,32.4005,32.3784,19.6324
15.2157,3.1868,0,3.1868,20.48,99.137,357,2,0,1896,32.4072,32.3861,19.6302
15.2354,3.1142,0,3.1142,20.48,99.137,304,2,0,1897,32.4275,32.4064,19.6279
15.2455,3.63205,0,3.63205,20.46,99.0796,281,2,0,1899,32.4313,32.4102,19.6234
15.2637,2.08048,0,2.08048,20.46,99.0796,271,2,0,1900,32.4421,32.4211,19.6212
15.2775,8.95706,0,8.95706,20.44,107.579,568,17,0,1902,32.4695,32.4448,19.6167
15.2939,3.67596,0,3.67596,20.44,107.579,305,5,0,1904,32.4827,32.4585,19.6122
15.3491,49.5661,6.60854,42.9576,20.42,98.9679,5868,331,0,1905,32.4625,32.4467,19.61
15.3575,2.75266,0,2.75266,20.4,98.9104,292,0,0,1906,32.4843,32.4685,19.6078
15.3806,5.16594,0,5.16594,20.4,98.9104,406,3,0,1908,32.5037,32.4864,19.6033
15.3893,3.93121,0,3.93121,20.38,98.8531,393,26,0,1910,32.5115,32.4953,19.5989
15.4066,0.410018,0,0.410018,20.38,98.8531,251,0,0,1910,32.5115,32.4953,19.5989
15.4127,1.11559,0,1.11559,20.36,98.7958,251,0,0,1910,32.5115,32.4953,19.5989
15.4343,2.14645,0,2.14645,20.36,98.7958,271,1,0,1911,32.5296,32.5133,19.5966
15.4424,2.3878,0,2.3878,20.34,98.7386,269,2,0,1912,32.5382,32.522,19.5944
15.4617,1.37542,0,1.37542,20.34,98.7386,261,1,0,1913,32.5421,32.5259,19.5922
15.4701,2.9188,0,2.9188,20.32,98.6814,282,2,0,1915,32.5567,32.5405,19.5878
15.4905,2.33087,0,2.33087,20.32,98.6814,256,1,0,1916,32.5694,32.5532,19.5855
15.5003,4.62572,0,4.62572,20.3,98.6242,354,42,0,1918,32.5819,32.5662,19.5811
15.5191,2.29947,0,2.29947,20.3,98.6242,274,2,0,1920,32.5792,32.5635,19.5767
15.5244,0.384931,0,0.384931,20.28,98.5671,254,0,0,1920,32.5792,32.5635,19.5767
15.5513,5.78816,0,5.78816,20.28,98.5671,376,5,0,1922,32.6004,32.5843,19.5723
15.5608,4.61318,0,4.61318,20.26,98.5101,319,3,0,1924,32.6201,32.604,19.5678
15.5782,0.822713,0,0.822713,20.26,98.5101,274,0,0,1925,32.6088,32.5927,19.5656
15.5868,3.58165,0,3.58165,20.24,98.453,264,2,0,1927,32.6352,32.6191,19.5612
15.6067,2.60275,0,2.60275,20.24,98.453,274,2,0,1929,32.6527,32.6366,19.5568
15.6165,4.79292,0,4.79292,20.22,98.396,317,3,0,1930,32.6788,32.6606,19.5546
15.6342,2.08993,0,2.08993,20.22,98.396,264,1,0,1932,32.6791,32.661,19.5502
15.6444,4.2191,0,4.2191,20.2,98.339,254,2,0,1933,32.7087,32.6906,19.548
15.6645,4.66618,0,4.66618,20.2,98.339,347,3,0,1935,32.7395,32.7199,19.5437
15.6815,11.6348,0,11.6348,20.18,98.2821,977,137,0,1937,32.7615,32.7419,19.5393
15.6945,4.5737,0,4.5737,20.18,98.2821,264,4,0,1939,32.7829,32.7633,19.5349
15.7015,1.90692,0,1.90692,20.16,98.2251,254,1,0,1940,32.7809,32.7613,19.5327
15.7281,7.4146,0,7.4146,20.16,98.2251,401,4,0,1942,32.8316,32.8131,19.5284
15.7342,1.32839,0,1.32839,20.14,98.1681,244,1,0,1943,32.8363,32.8178,19.5262
15.7538,0.002139,0,0.002139,20.14,98.1681,234,0,0,1943,32.8363,32.8178,19.5262
15.7591,0.267804,0,0.267804,20.12,98.1111,234,0,0,1943,32.8363,32.8178,19.5262
15.7845,4.23314,0,4.23314,20.12,98.1111,258,2,0,1945,32.8632,32.8447,19.5218
15.7949,5.22002,0,5.22002,20.1,98.0541,330,3,0,1947,32.8896,32.8742,19.5175
15.8133,2.33979,0,2.33979,20.1,98.0541,254,1,0,1948,32.9009,32.8855,19.5153
15.8209,2.07756,0,2.07756,20.08,97.9972,298,1,0,1949,32.9123,32.8969,19.5131
15.8478,8.13366,0,8.13366,20.08,97.9972,594,16,0,1951,32.938,32.9247,19.5088
15.8574,4.34349,0,4.34349,20.06,97.9402,297,5,0,1953,32.9631,32.9498,19.5044
15.8772,2.86141,0,2.86141,20.06,97.9402,263,2,0,1954,32.9678,32.9545,19.5023
15.8848,2.07307,0,2.07307,20.04,97.8832,262,1,0,1955,32.979,32.9657,19.5001
15.9072,3.69416,0,3.69416,20.04,97.8832,264,3,0,1957,32.9918,32.9785,19.4958
15.9183,5.6513,0,5.6513,20.02,97.8262,303,9,0,1959,33.0209,33.0031,19.4915
15.941,7.15929,0,7.15929,20.02,97.8262,335,4,0,1961,33.0576,33.0393,19.4871
15.9472,0.555339,0,0.555339,20,97.7692,244,0,0,1961,33.0576,33.0393,19.4871
15.9698,2.18349,0,2.18349,20,97.7692,254,2,0,1962,33.0724,33.054,19.485
16.1647,189.607,12.0492,177.558,19.98,97.7122,26755,1647,0,1963,32.7952,32.7621,19.4828
16.1715,0.713186,0,0.713186,19.96,97.6553,259,0,0,1964,32.7867,32.7536,19.4807
16.1939,3.08339,0,3.08339,19.96,97.6553,259,2,0,1965,32.7964,32.7634,19.4785
16.2037,4.42082,0,4.42082,19.94,97.5983,325,2,0,1966,32.821,32.7879,19.4764
16.222,2.71349,0,2.71349,19.94,97.5983,260,2,0,1967,32.8378,32.8048,19.4742
16.2274,0.693346,0,0.693346,19.92,97.5413,264,1,0,1968,32.8308,32.7978,19.4721
16.2531,5.26245,0,5.26245,19.92,97.5413,384,2,0,1970,32.8629,32.8294,19.4678
16.2584,0.612943,0,0.612943,19.9,97.4843,254,0,0,1970,32.8629,32.8294,19.4678
16.2821,2.9474,0,2.9474,19.9,97.4843,274,2,0,1972,32.8671,32.8337,19.4635
16.2931,5.9448,0,5.9448,19.88,97.4273,427,7,0,1974,32.8815,32.8511,19.4592
16.3121,4.20849,0,4.20849,19.88,97.4273,250,3,0,1976,32.9038,32.8735,19.4549
16.3206,4.23691,0,4.23691,19.86,97.3703,395,0,0,1977,32.9226,32.8923,19.4528
16.3382,0.393843,0,0.393843,19.86,97.3703,220,0,0,1977,32.9226,32.8923,19.4528
16.3501,7.66704,0,7.66704,19.84,97.3134,380,6,0,1979,32.9752,32.9454,19.4485
16.3709,7.40832,0,7.40832,19.84,97.3134,283,4,0,1981,33.0146,32.9854,19.4443
16.3767,1.0032,0,1.0032,19.82,97.2564,200,0,0,1981,33.0146,32.9854,19.4443
16.3964,0.115436,0,0.115436,19.82,97.2564,200,0,0,1981,33.0146,32.9854,19.4443
16.4047,3.3149,0,3.3149,19.8,97.1994,220,2,0,1982,33.0388,33.0096,19.4421
16.4244,2.75701,0,2.75701,19.8,97.1994,220,1,0,1983,33.0474,33.0182,19.44
16.432,2.26136,0,2.26136,19.78,97.1424,230,1,0,1984,33.0615,33.0323,19.4379
16.4525,2.83417,0,2.83417,19.78,97.1424,220,2,0,1985,33.071,33.0418,19.4358
16.4636,6.51464,0,6.51464,19.76,97.0854,672,25,0,1986,33.0942,33.0645,19.4336
16.4828,4.50367,0,4.50367,19.76,97.0854,275,2,0,1988,33.1217,33.0921,19.4294
16.4887,1.21209,0,1.21209,19.74,97.0285,220,1,0,1989,33.1192,33.0895,19.4273
16.5098,1.27261,0,1.27261,19.74,97.0285,217,0,0,1990,33.1136,33.0839,19.4251
16.5159,2.00751,0,2.00751,19.72,96.9715,225,1,0,1991,33.1251,33.0954,19.423
16.5392,3.91987,0,3.91987,19.72,96.9715,304,3,0,1993,33.147,33.1179,19.4188
16.5485,4.88624,0,4.88624,19.7,96.9145,262,3,0,1995,33.1955,33.1664,19.4146
16.5655,0.701203,0,0.701203,19.7,96.9145,225,0,0,1995,33.1955,33.1664,19.4146
16.5735,3.04367,0,3.04367,19.68,96.8575,303,2,0,1997,33.2193,33.1903,19.4103
16.5965,5.03451,0,5.03451,19.68,96.8575,434,1,0,1998,33.2518,33.2227,19.4082
16.6071,4.23439,0,4.23439,19.66,96.8005,379,3,0,2000,33.2675,33.2385,19.404
16.6277,4.609,0,4.609,19.66,96.8005,376,3,0,2002,33.2957,33.2667,19.3998
16.6388,4.71896,0,4.71896,19.64,96.7435,419,3,0,2004,33.3293,33.3004,19.3956
16.6568,2.64293,0,2.64293,19.64,96.7435,376,2,0,2006,33.3495,33.3205,19.3914
16.6655,2.20294,0,2.20294,19.62,96.6866,367,2,0,2007,33.3553,33.3264,19.3893
16.6873,3.30301,0,3.30301,19.62,96.6866,380,2,0,2009,33.3659,33.337,19.3851
16.6991,4.84833,0,4.84833,19.6,96.6296,501,4,0,2010,33.398,33.3692,19.383
16.7177,3.65431,0,3.65431,19.6,96.6296,384,2,0,2012,33.4036,33.3748,19.3788
16.7286,4.83031,0,4.83031,19.58,96.5726,538,6,0,2013,33.4272,33.3934,19.3767
16.7503,5.10133,0,5.10133,19.58,96.5726,418,2,0,2015,33.4635,33.4298,19.3726
16.7627,6.42642,0,6.42642,19.56,96.5156,420,4,0,2017,33.5117,33.4784,19.3684
16.7799,2.13211,0,2.13211,19.56,96.5156,366,1,0,2018,33.5104,33.4772,19.3663
16.7907,4.80002,0,4.80002,19.54,96.4586,429,9,0,2020,33.5386,33.498,19.3621
16.8153,7.84384,0,7.84384,19.54,96.4586,543,7,0,2022,33.5776,33.5376,19.358
16.8251,3.55252,0,3.55252,19.52,96.4016,391,1,0,2023,33.6031,33.563,19.3559
16.845,2.50771,0,2.50771,19.52,96.4016,402,1,0,2024,33.6171,33.5771,19.3538
16.8544,3.19566,0,3.19566,19.5,96.3447,436,9,0,2025,33.6365,33.5975,19.3517
16.8743,1.67392,0,1.67392,19.5,96.3447,366,1,0,2026,33.6362,33.5972,19.3497
16.8823,1.5452,0,1.5452,19.48,96.2877,376,1,0,2027,33.6339,33.595,19.3476
16.9062,4.21252,0,4.21252,19.48,96.2877,388,3,0,2029,33.6437,33.6047,19.3435
16.9174,4.89987,0,4.89987,19.46,96.2307,388,3,0,2031,33.6869,33.648,19.3393
16.9381,4.2307,0,4.2307,19.46,96.2307,540,0,0,2033,33.699,33.6601,19.3352
16.9491,4.40273,0,4.40273,19.44,96.1737,405,4,0,2035,33.7061,33.6678,19.3311
16.9716,5.51204,0,5.51204,19.44,96.1737,482,3,0,2037,33.727,33.6888,19.3269
16.9808,2.96425,0,2.96425,19.42,96.1167,372,1,0,2038,33.7542,33.7159,19.3249
17.0027,3.62664,0,3.62664,19.42,96.1167,393,2,0,2039,33.7744,33.7361,19.3228
17.0138,4.78158,0,4.78158,19.4,96.0598,429,4,0,2041,33.8074,33.7687,19.3187
17.032,1.67433,0,1.67433,19.4,96.0598,382,1,0,2042,33.8095,33.7708,19.3166
17.0423,3.76327,0,3.76327,19.38,96.0028,402,4,0,2044,33.8249,33.7862,19.3125
17.0631,3.57244,0,3.57244,19.38,96.0028,382,2,0,2045,33.8377,33.799,19.3105
17.0716,1.93463,0,1.93463,19.36,95.9458,382,1,0,2046,33.8407,33.8021,19.3084
17.0923,1.60322,0,1.60322,19.36,95.9458,382,1,0,2047,33.8398,33.8012,19.3064
17.1015,2.34918,0,2.34918,19.34,95.8888,402,2,0,2048,33.8428,33.8042,19.3043
17.1242,4.70624,0,4.70624,19.34,95.8888,434,2,0,2050,33.8702,33.8317,19.3002
17.1355,3.77312,0,3.77312,19.32,95.8318,422,5,0,2052,33.8884,33.8499,19.2962
17.1561,4.74346,0,4.74346,19.32,95.8318,413,3,0,2054,33.9158,33.8773,19.2921
17.1681,4.41946,0,4.41946,19.3,95.7748,412,3,0,2056,33.927,33.8886,19.288
17.1844,0.873434,0,0.873434,19.3,95.7748,392,0,0,2056,33.927,33.8886,19.288
17.1948,3.29546,0,3.29546,19.28,95.7179,402,1,0,2057,33.9363,33.8979,19.286
17.2155,3.82394,0,3.82394,19.28,95.7179,412,3,0,2059,33.9509,33.9126,19.2819
17.2268,4.36623,0,4.36623,19.26,95.6609,417,3,0,2061,33.9689,33.9306,19.2778
17.2459,3.12756,0,3.12756,19.26,95.6609,412,3,0,2063,33.9777,33.9394,19.2738
17.2578,5.48793,0,5.48793,19.24,95.6039,426,3,0,2065,34.0058,33.9671,19.2697
17.2738,0.217462,0,0.217462,19.24,95.6039,392,0,0,2065,34.0058,33.9671,19.2697
17.2844,4.26768,0,4.26768,19.22,95.5469,560,28,0,2066,34.0087,33.97,19.2677
17.3029,1.38274,0,1.38274,19.22,95.5469,402,1,0,2067,34.0073,33.9686,19.2656
17.311,1.83528,0,1.83528,19.2,95.4899,402,1,0,2068,34.0087,33.97,19.2636
17.3303,0.156797,0,0.156797,19.2,95.4899,392,0,0,2068,34.0087,33.97,19.2636
17.348,10.554,0,10.554,19.18,95.4329,956,52,0,2070,34.0261,33.9957,19.2596
17.3633,5.73817,0,5.73817,19.18,95.4329,669,14,0,2072,34.043,34.013,19.2555
17.3712,1.57803,0,1.57803,19.16,95.376,402,2,0,2073,34.0371,34.0072,19.2535
17.3933,2.32263,0,2.32263,19.16,95.376,402,2,0,2074,34.0424,34.0125,19.2515
17.4011,1.77585,0,1.77585,19.14,95.319,402,1,0,2075,34.041,34.0111,19.2495
17.4234,2.71114,0,2.71114,19.14,95.319,483,0,0,2076,34.0467,34.0169,19.2475
17.4301,0.355817,0,0.355817,19.12,95.262,392,0,0,2076,34.0467,34.0169,19.2475
17.4561,5.7247,0,5.7247,19.12,95.262,506,14,0,2078,34.0698,34.0409,19.2434
17.464,1.06913,0,1.06913,19.1,95.205,392,0,0,2078,34.0698,34.0409,19.2434
17.4877,4.49174,0,4.49174,19.1,95.205,483,2,0,2079,34.0976,34.0688,19.2414
17.4983,3.43246,0,3.43246,19.08,95.148,457,3,0,2081,34.1024,34.075,19.2374
17.5157,0.820651,0,0.820651,19.08,95.148,392,0,0,2081,34.1024,34.075,19.2374
17.5267,4.13051,0,4.13051,19.06,95.0911,412,2,0,2083,34.1296,34.1023,19.2334
17.5472,3.98808,0,3.98808,19.06,95.0911,412,2,0,2085,34.1602,34.1329,19.2294
17.5581,4.10072,0,4.10072,19.04,95.0341,441,1,0,2086,34.187,34.1596,19.2274
17.5773,2.72108,0,2.72108,19.04,95.0341,402,2,0,2087,34.1921,34.1648,19.2254
17.5883,3.89933,0,3.89933,19.02,94.9771,445,7,0,2089,34.2063,34.1805,19.2214
17.6054,0.895399,0,0.895399,19.02,94.9771,402,0,0,2089,34.2063,34.1805,19.2214
17.6164,3.92663,0,3.92663,19,94.9201,422,2,0,2091,34.2272,34.2013,19.2174
17.6394,6.13267,0,6.13267,19,94.9201,546,4,0,2093,34.2594,34.2322,19.2134
17.8383,191.883,31.0602,160.823,18.98,94.8631,26590,1979,0,2095,33.8396,33.8033,19.2094
17.8465,1.9477,0,1.9477,18.96,94.8061,294,1,0,2096,33.8502,33.8139,19.2074
17.866,0.83295,0,0.83295,18.96,94.8061,284,0,0,2096,33.8502,33.8139,19.2074
17.8765,5.11745,0,5.11745,18.94,94.7492,354,3,0,2098,33.8694,33.8332,19.2034
17.8969,4.30849,0,4.30849,18.94,94.7492,304,2,0,2100,33.8981,33.8619,19.1995
17.9049,2.49005,0,2.49005,18.92,94.6922,334,6,0,2101,33.9134,33.8772,19.1975
17.927,3.42151,0,3.42151,18.92,94.6922,304,2,0,2103,33.9258,33.8897,19.1935
17.9327,0.164672,0,0.164672,18.9,94.6352,293,0,0,2103,33.9258,33.8897,19.1935
17.962,8.29313,0,8.29313,18.9,94.6352,643,1,0,2105,33.9587,33.9226,19.1895
17.9696,2.3367,0,2.3367,18.88,94.5782,293,1,0,2106,33.9615,33.9255,19.1876
17.9891,0.50581,0,0.50581,18.88,94.5782,283,0,0,2106,33.9615,33.9255,19.1876
17.9972,2.56473,0,2.56473,18.86,94.5212,311,2,0,2107,33.9654,33.9293,19.1856
18.0172,1.62881,0,1.62881,18.86,94.5212,302,2,0,2108,33.9711,33.935,19.1836
18.0289,6.4974,0,6.4974,18.84,94.4642,399,7,0,2110,34.0024,33.964,19.1796
18.0477,4.70169,0,4.70169,18.84,94.4642,332,3,0,2112,34.0227,33.9844,19.1757
18.0639,10.716,0,10.716,18.82,94.4073,758,9,0,2114,34.0724,34.0374,19.1718
18.0783,4.70244,0,4.70244,18.82,94.4073,312,4,0,2116,34.0888,34.0534,19.1678
18.086,2.21298,0,2.21298,18.8,94.3503,283,1,0,2118,34.0869,34.0515,19.1639
18.1051,0.961333,0,0.961333,18.8,94.3503,273,0,0,2118,34.0869,34.0515,19.1639
18.1119,1.21008,0,1.21008,18.78,94.2933,270,0,0,2119,34.0807,34.0453,19.1619
18.1342,3.29762,0,3.29762,18.78,94.2933,290,3,0,2121,34.0872,34.0519,19.158
18.1415,2.29113,0,2.29113,18.76,94.2363,280,1,0,2122,34.0928,34.0575,19.156
18.1654,5.15179,0,5.15179,18.76,94.2363,340,9,0,2124,34.1248,34.0852,19.1521
18.1732,3.10851,0,3.10851,18.74,94.1793,316,2,0,2125,34.1431,34.1031,19.1501
18.1924,0.858345,0,0.858345,18.74,94.1793,270,0,0,2125,34.1431,34.1031,19.1501
18.2004,2.85068,0,2.85068,18.72,94.1224,304,2,0,2127,34.1401,34.1001,19.1462
18.2202,1.66828,0,1.66828,18.72,94.1224,287,1,0,2128,34.1438,34.1039,19.1443
18.2311,5.81648,0,5.81648,18.7,94.0654,323,3,0,2130,34.1817,34.1423,19.1404
18.2516,4.69617,0,4.69617,18.7,94.0654,348,2,0,2131,34.2051,34.168,19.1384
18.2598,3.22004,0,3.22004,18.68,94.0084,289,2,0,2133,34.2194,34.1824,19.1345
18.2807,2.45072,0,2.45072,18.68,94.0084,282,1,0,2134,34.2273,34.1903,19.1326
18.2906,4.48275,0,4.48275,18.66,93.9514,293,3,0,2136,34.2505,34.2135,19.1287
18.3172,9.85094,0,9.85094,18.66,93.9514,689,10,0,2138,34.2783,34.2423,19.1248
18.3292,5.72111,0,5.72111,18.64,93.8944,330,5,0,2140,34.3262,34.2907,19.1209
18.3479,4.09734,0,4.09734,18.64,93.8944,315,2,0,2142,34.3385,34.303,19.117
18.3546,1.44129,0,1.44129,18.62,93.8374,290,1,0,2143,34.3355,34.3,19.1151
18.3822,7.96803,0,7.96803,18.62,93.8374,524,2,0,2145,34.3692,34.3338,19.1112
18.3889,0.497341,0,0.497341,18.6,93.7805,280,0,0,2145,34.3692,34.3338,19.1112
18.412,3.09507,0,3.09507,18.6,93.7805,290,1,0,2146,34.3821,34.3467,19.1092
18.4211,3.3314,0,3.3314,18.58,93.7235,332,1,0,2147,34.3987,34.3633,19.1073
18.4417,3.91546,0,3.91546,18.58,93.7235,438,8,0,2148,34.4064,34.3715,19.1054
18.451,3.30811,0,3.30811,18.56,93.6665,332,1,0,2150,34.4177,34.3828,19.1015
18.4704,2.40368,0,2.40368,18.56,93.6665,310,1,0,2151,34.4305,34.3956,19.0996
18.4796,2.78808,0,2.78808,18.54,93.6095,334,7,0,2152,34.4438,34.4089,19.0976
18.5036,6.39346,0,6.39346,18.54,93.6095,550,1,0,2153,34.4696,34.4347,19.0957
18.5138,3.30517,0,3.30517,18.52,93.5525,322,6,0,2154,34.4782,34.4443,19.0938
18.5389,8.78376,0,8.78376,18.52,93.5525,529,22,0,2156,34.5269,34.4958,19.0899
18.5474,2.68106,0,2.68106,18.5,93.4955,302,1,0,2157,34.5424,34.5114,19.088
18.5705,5.34391,0,5.34391,18.5,93.4955,346,2,0,2159,34.5716,34.5405,19.0842
18.5802,3.53939,0,3.53939,18.48,93.4386,314,2,0,2161,34.5882,34.5571,19.0803
18.6054,8.62794,0,8.62794,18.48,93.4386,585,7,0,2163,34.6241,34.5941,19.0765
18.612,0.527735,0,0.527735,18.46,93.3816,303,0,0,2163,34.6241,34.5941,19.0765
18.6328,0.807298,0,0.807298,18.46,93.3816,303,0,0,2163,34.6241,34.5941,19.0765
18.6426,3.30503,0,3.30503,18.44,93.3246,336,2,0,2164,34.6442,34.6141,19.0746
18.6615,1.80108,0,1.80108,18.44,93.3246,322,1,0,2165,34.643,34.6129,19.0727
18.6705,2.88632,0,2.88632,18.42,93.2676,341,3,0,2167,34.6424,34.6124,19.0688
18.6902,1.53369,0,1.53369,18.42,93.2676,312,0,0,2168,34.6398,34.6098,19.0669
18.6999,3.87942,0,3.87942,18.4,93.2106,322,2,0,2170,34.6498,34.6198,19.0631
18.7242,7.08678,0,7.08678,18.4,93.2106,390,4,0,2172,34.6842,34.6538,19.0593
18.732,1.68295,0,1.68295,18.38,93.1536,320,1,0,2173,34.6912,34.6608,19.0574
18.7574,6.19414,0,6.19414,18.38,93.1536,330,4,0,2175,34.7182,34.6878,19.0535
18.7686,4.68438,0,4.68438,18.36,93.0967,329,2,0,2176,34.7454,34.7165,19.0516
18.7849,0.603849,0,0.603849,18.36,93.0967,310,0,0,2176,34.7454,34.7165,19.0516
18.7938,3.20871,0,3.20871,18.34,93.0397,320,2,0,2177,34.7556,34.7267,19.0497
18.8174,6.10365,0,6.10365,18.34,93.0397,720,0,0,2178,34.7842,34.7553,19.0478
18.8282,5.2308,0,5.2308,18.32,92.9827,376,6,0,2179,34.8128,34.7834,19.0459
18.8458,1.85643,0,1.85643,18.32,92.9827,320,1,0,2180,34.8261,34.7968,19.044
18.8516,0.364078,0,0.364078,18.3,92.9257,319,0,0,2180,34.8261,34.7968,19.044
18.8826,9.80174,0,9.80174,18.3,92.9257,1327,60,0,2181,34.8267,34.7987,19.0421
18.8916,2.96015,0,2.96015,18.28,92.8687,349,6,0,2182,34.8341,34.8034,19.0402
18.912,2.46149,0,2.46149,18.28,92.8687,362,2,0,2183,34.8433,34.8117,19.0383
18.9189,1.33314,0,1.33314,18.26,92.8118,319,0,0,2183,34.8433,34.8117,19.0383
18.9398,0.9654,0,0.9654,18.26,92.8118,319,0,0,2184,34.8416,34.81,19.0364
18.95,4.7732,0,4.7732,18.24,92.7548,361,2,0,2185,34.8673,34.838,19.0345
18.9699,3.47065,0,3.47065,18.24,92.7548,331,2,0,2186,34.8811,34.8518,19.0327
18.9813,5.21407,0,5.21407,18.22,92.6978,514,9,0,2188,34.904,34.8734,19.0289
19.0008,4.1525,0,4.1525,18.22,92.6978,392,2,0,2189,34.9269,34.8963,19.027
19.1813,173.984,24.3482,149.635,18.2,92.6408,26644,2094,0,2191,34.5523,34.5422,19.0232
19.2029,15.835,0,15.835,18.18,93.0261,2234,164,0,2193,34.4751,34.4797,19.0194
19.2091,0.768556,0,0.768556,18.16,92.8802,220,0,0,2193,34.4751,34.4797,19.0194
19.2285,0.179562,0,0.179562,18.16,92.8802,220,0,0,2193,34.4751,34.4797,19.0194
19.2387,4.9001,0,4.9001,18.14,92.7344,290,13,0,2195,34.5066,34.5089,19.0157
19.2572,2.98899,0,2.98899,18.14,92.7344,240,2,0,2197,34.5157,34.518,19.0119
19.2634,1.36095,0,1.36095,18.12,92.5887,225,1,0,2198,34.5214,34.5237,19.01
19.2868,3.48461,0,3.48461,18.12,92.5887,342,33,0,2199,34.5339,34.5352,19.0081
19.2922,0.52455,0,0.52455,18.1,92.443,215,0,0,2199,34.5339,34.5352,19.0081
19.3196,6.81202,0,6.81202,18.1,92.443,283,4,0,2201,34.5797,34.5811,19.0044
19.3314,6.9819,0,6.9819,18.08,92.2974,499,19,0,2203,34.6001,34.6015,19.0006
19.3506,5.03316,0,5.03316,18.08,92.2974,235,3,0,2205,34.6313,34.6327,18.9969
19.3561,0.611555,0,0.611555,18.06,92.1518,219,0,0,2205,34.6313,34.6327,18.9969
19.377,0.156321,0,0.156321,18.06,92.1518,219,0,0,2205,34.6313,34.6327,18.9969
19.3822,0.628061,0,0.628061,18.04,92.0062,217,0,0,2205,34.6313,34.6327,18.9969
19.4075,4.86711,0,4.86711,18.04,92.0062,268,3,0,2207,34.652,34.6534,18.9931
19.4137,1.51353,0,1.51353,18.02,91.8605,248,0,0,2208,34.6458,34.6472,18.9912
19.4399,6.57614,0,6.57614,18.02,91.8605,256,3,0,2210,34.686,34.6864,18.9875
19.4516,7.02921,0,7.02921,18,91.7149,300,4,0,2212,34.7315,34.7324,18.9838
19.4692,3.60706,0,3.60706,18,91.7149,225,2,0,2213,34.7519,34.7528,18.9819
19.4761,1.93567,0,1.93567,17.98,91.5693,222,2,0,2214,34.757,34.7579,18.98
19.4991,3.98339,0,3.98339,17.98,91.5693,232,3,0,2216,34.7644,34.7653,18.9763
19.5108,6.12194,0,6.12194,17.96,91.4236,395,4,0,2218,34.7908,34.7913,18.9726
19.5269,2.16475,0,2.16475,17.96,91.4236,232,1,0,2219,34.7977,34.7981,18.9707
19.5338,1.18715,0,1.18715,17.94,91.278,231,1,0,2220,34.7973,34.7977,18.9689
19.5554,2.77639,0,2.77639,17.94,91.278,231,2,0,2221,34.8154,34.8158,18.967
19.5652,4.54608,0,4.54608,17.92,91.1324,267,2,0,2223,34.8412,34.8417,18.9633
19.5839,1.79261,0,1.79261,17.92,91.1324,231,2,0,2224,34.8449,34.8453,18.9614
19.5926,3.9158,0,3.9158,17.9,90.9867,241,4,0,2226,34.8594,34.8598,18.9577
19.6122,2.36588,0,2.36588,17.9,90.9867,253,0,0,2227,34.8662,34.8666,18.9559
19.6218,4.80289,0,4.80289,17.88,90.8411,240,3,0,2229,34.8852,34.8856,18.9522
19.6424,4.01907,0,4.01907,17.88,90.8411,240,2,0,2231,34.9072,34.9077,18.9485
19.649,1.7713,0,1.7713,17.86,90.6955,220,1,0,2232,34.9113,34.9117,18.9466
19.6728,4.23547,0,4.23547,17.86,90.6955,230,2,0,2234,34.9346,34.9351,18.9429
19.6817,4.06613,0,4.06613,17.84,90.5498,306,0,0,2235,34.9611,34.9615,18.9411
19.7045,5.32796,0,5.32796,17.84,90.5498,235,3,0,2237,34.9902,34.9906,18.9374
19.7149,4.51835,0,4.51835,17.82,90.4042,342,22,0,2238,35.0089,35.0107,18.9356
19.7351,3.63563,0,3.63563,17.82,90.4042,215,1,0,2239,35.0299,35.0317,18.9337
19.7441,3.98549,0,3.98549,17.8,90.2586,224,2,0,2241,35.0464,35.0482,18.93
19.7658,4.29619,0,4.29619,17.8,90.2586,233,5,0,2243,35.0624,35.0638,18.9264
19.7771,6.07092,0,6.07092,17.78,90.113,333,4,0,2245,35.0953,35.0967,18.9227
19.7976,5.90982,0,5.90982,17.78,90.113,278,3,0,2247,35.1402,35.1415,18.919
19.9826,179.194,14.1034,165.09,17.76,89.9673,28147,2299,0,2249,34.9053,34.9048,18.9154
19.9927,4.43578,0,4.43578,17.74,89.8217,243,3,0,2251,34.9294,34.9285,18.9117
20.0109,2.16517,0,2.16517,17.74,89.8217,215,1,0,2252,34.9347,34.9338,18.9099
20.0174,1.79668,0,1.79668,17.72,89.6761,200,1,0,2253,34.9361,34.9352,18.9081
20.0411,4.13488,0,4.13488,17.72,89.6761,282,0,0,2254,34.9547,34.9539,18.9062
20.0518,5.9117,0,5.9117,17.7,89.5304,343,1,0,2256,34.9783,34.9774,18.9026
20.0722,5.00688,0,5.00688,17.7,89.5304,334,13,0,2258,34.9911,34.9898,18.8989
20.0861,8.8957,0,8.8957,17.68,89.3848,710,12,0,2260,35.0208,35.0217,18.8953
20.1031,4.8601,0,4.8601,17.68,89.3848,430,0,0,2261,35.0354,35.0363,18.8935
20.1087,0.506745,0,0.506745,17.66,89.2392,210,0,0,2261,35.0354,35.0363,18.8935
20.1314,2.20534,0,2.20534,17.66,89.2392,230,2,0,2263,35.0327,35.0336,18.8898
20.1409,4.56608,0,4.56608,17.64,89.0935,275,6,0,2264,35.0565,35.0574,18.888
20.1596,2.09711,0,2.09711,17.64,89.0935,220,2,0,2265,35.0618,35.0627,18.8862
20.1651,0.976251,0,0.976251,17.62,88.9479,210,0,0,2265,35.0618,35.0627,18.8862
20.1874,2.52166,0,2.52166,17.62,88.9479,220,1,0,2266,35.0746,35.0755,18.8844
20.1961,3.40941,0,3.40941,17.6,88.8023,290,12,0,2268,35.0745,35.0745,18.8808
20.2188,5.74322,0,5.74322,17.6,88.8023,615,56,0,2269,35.0903,35.093,18.879
20.228,3.80945,0,3.80945,17.58,88.6567,235,3,0,2271,35.1088,35.1114,18.8753
20.2475,2.87885,0,2.87885,17.58,88.6567,225,2,0,2272,35.1131,35.1158,18.8735
20.2542,1.18435,0,1.18435,17.56,88.511,225,1,0,2273,35.117,35.1197,18.8717
20.2789,4.902,0,4.902,17.56,88.511,265,4,0,2275,35.1376,35.1407,18.8681
20.2861,2.62625,0,2.62625,17.54,88.3654,219,1,0,2276,35.1463,35.1494,18.8663
20.3076,2.64171,0,2.64171,17.54,88.3654,215,2,0,2277,35.1577,35.1607,18.8645
20.3167,4.12842,0,4.12842,17.52,88.2198,225,2,0,2279,35.1628,35.1659,18.8609
20.3341,0.228109,0,0.228109,17.52,88.2198,205,0,0,2279,35.1628,35.1659,18.8609
20.3437,4.53644,0,4.53644,17.5,88.0741,237,5,0,2281,35.1859,35.1894,18.8573
20.3661,5.59469,0,5.59469,17.5,88.0741,278,2,0,2283,35.2221,35.2256,18.8537
20.373,2.01866,0,2.01866,17.48,87.9285,217,1,0,2284,35.2281,35.2316,18.8519
20.3928,0.452814,0,0.452814,17.48,87.9285,205,0,0,2284,35.2281,35.2316,18.8519
20.403,5.23058,0,5.23058,17.46,87.7829,275,11,0,2286,35.2546,35.2585,18.8483
20.4198,0.975454,0,0.975454,17.46,87.7829,205,0,0,2286,35.2546,35.2585,18.8483
20.4291,2.92303,0,2.92303,17.44,87.6372,220,2,0,2287,35.2593,35.2632,18.8465
20.4484,2.64956,0,2.64956,17.44,87.6372,220,2,0,2288,35.2622,35.2662,18.8447
20.4603,6.25246,0,6.25246,17.42,87.4916,313,18,0,2290,35.2852,35.2904,18.8411
20.4782,3.98511,0,3.98511,17.42,87.4916,230,3,0,2292,35.2888,35.2941,18.8376
20.4894,6.40314,0,6.40314,17.4,87.346,267,5,0,2294,35.3195,35.3256,18.834
20.5062,2.03532,0,2.03532,17.4,87.346,220,1,0,2295,35.3207,35.3268,18.8322
20.5117,0.716611,0,0.716611,17.38,87.2004,215,0,0,2295,35.3207,35.3268,18.8322
20.5344,2.05864,0,2.05864,17.38,87.2004,225,1,0,2296,35.3323,35.3384,18.8304
20.545,5.67168,0,5.67168,17.36,87.0547,278,2,0,2298,35.3642,35.3703,18.8268
20.5628,2.27952,0,2.27952,17.36,87.0547,235,2,0,2299,35.3732,35.3793,18.8251
20.5683,0.55349,0,0.55349,17.34,86.9091,235,0,0,2299,35.3732,35.3793,18.8251
20.5922,2.88811,0,2.88811,17.34,86.9091,245,1,0,2300,35.3757,35.3817,18.8233
20.601,3.07034,0,3.07034,17.32,86.7635,235,1,0,2301,35.3894,35.3955,18.8215
20.6223,4.23097,0,4.23097,17.32,86.7635,258,4,0,2302,35.4162,35.4218,18.8197
20.6323,4.53579,0,4.53579,17.3,86.6178,251,3,0,2304,35.4414,35.4475,18.8162
20.6532,5.17385,0,5.17385,17.3,86.6178,347,8,0,2306,35.4597,35.4657,18.8126
20.6591,0.387547,0,0.387547,17.28,86.4722,235,0,0,2306,35.4597,35.4657,18.8126
20.6848,5.49601,0,5.49601,17.28,86.4722,305,13,0,2308,35.474,35.4796,18.8091
20.6967,6.24576,0,6.24576,17.26,86.3266,270,4,0,2310,35.5078,35.5134,18.8055
20.7152,4.21466,0,4.21466,17.26,86.3266,265,3,0,2312,35.5169,35.5225,18.802
20.7264,5.18007,0,5.18007,17.24,86.1809,265,3,0,2314,35.538,35.5436,18.7984
20.7483,7.20503,0,7.20503,17.24,86.1809,420,11,0,2316,35.5678,35.5717,18.7949
20.7576,3.39543,0,3.39543,17.22,86.0353,310,8,0,2317,35.5865,35.5913,18.7931
20.786,11.6613,0,11.6613,17.22,86.0353,719,2,0,2319,35.6361,35.6417,18.7896
20.7954,3.82375,0,3.82375,17.2,85.8897,255,2,0,2320,35.6578,35.6634,18.7878
20.8153,3.82192,0,3.82192,17.2,85.8897,265,3,0,2322,35.6684,35.674,18.7843
20.8268,5.80777,0,5.80777,17.18,85.744,290,10,0,2324,35.7031,35.7083,18.7808
20.8445,3.818,0,3.818,17.18,85.744,265,2,0,2325,35.7234,35.7286,18.779
20.8517,1.39553,0,1.39553,17.16,85.5984,245,1,0,2326,35.7244,35.7296,18.7773
20.8735,2.96192,0,2.96192,17.16,85.5984,330,18,0,2327,35.7263,35.7306,18.7755
20.8844,5.3552,0,5.3552,17.14,85.4528,265,3,0,2329,35.7647,35.769,18.772
20.9057,5.02964,0,5.02964,17.14,85.4528,275,4,0,2331,35.7872,35.7919,18.7685
20.9136,2.68691,0,2.68691,17.12,85.3072,255,2,0,2332,35.7959,35.8006,18.7667
20.9363,3.85537,0,3.85537,17.12,85.3072,265,2,0,2334,35.8068,35.8115,18.7632
20.9434,1.56279,0,1.56279,17.1,85.1615,255,1,0,2335,35.8086,35.8133,18.7615
20.9706,7.50924,0,7.50924,17.1,85.1615,367,3,0,2337,35.8502,35.8545,18.758
20.9801,4.2666,0,4.2666,17.08,85.0159,276,4,0,2339,35.8743,35.8786,18.7545
21.0008,3.4182,0,3.4182,17.08,85.0159,250,2,0,2340,35.888,35.8923,18.7527
21.0097,3.47525,0,3.47525,17.06,84.8703,260,2,0,2342,35.8928,35.8971,18.7493
21.0335,5.81004,0,5.81004,17.06,84.8703,332,15,0,2344,35.9147,35.9181,18.7458
21.0394,0.515013,0,0.515013,17.04,84.723,220,0,0,2344,35.9147,35.9181,18.7458
21.0628,2.74821,0,2.74821,17.04,84.723,240,1,0,2345,35.9241,35.9275,18.744
21.0732,4.64041,0,4.64041,17.02,84.4762,260,3,0,2347,35.9463,35.9497,18.7406
21.0927,2.8715,0,2.8715,17.02,84.4762,250,1,0,2348,35.9566,35.96,18.7388
21.1014,2.69442,0,2.69442,17,84.2296,260,2,0,2349,35.9587,35.9621,18.7371
21.1235,3.33279,0,3.33279,17,84.2296,260,1,0,2350,35.9698,35.9732,18.7353
21.1349,4.73154,0,4.73154,16.98,83.9832,265,2,0,2352,35.9915,35.9949,18.7319
21.1595,8.60912,0,8.60912,16.98,83.9832,605,3,0,2354,36.014,36.017,18.7284
21.1714,5.64328,0,5.64328,16.96,83.7367,275,2,0,2356,36.0543,36.0573,18.7249
21.1929,6.1719,0,6.1719,16.96,83.7367,405,19,0,2358,36.0751,36.0793,18.7215
21.2006,1.91429,0,1.91429,16.94,83.4902,275,1,0,2359,36.0695,36.0738,18.7197
21.2284,8.07722,0,8.07722,16.94,83.4902,412,3,0,2361,36.1012,36.1055,18.7163
21.2402,6.48993,0,6.48993,16.92,83.2437,336,3,0,2363,36.1384,36.1409,18.7128
21.2591,3.81511,0,3.81511,16.92,83.2437,275,1,0,2364,36.1591,36.1616,18.7111
21.2673,2.62172,0,2.62172,16.9,82.9972,272,2,0,2365,36.1683,36.1708,18.7094
21.291,4.70399,0,4.70399,16.9,82.9972,326,2,0,2366,36.1915,36.1915,18.7077
21.2967,0.222014,0,0.222014,16.88,82.7507,267,0,0,2366,36.1915,36.1915,18.7077
21.3221,4.16525,0,4.16525,16.88,82.7507,277,2,0,2367,36.2159,36.2159,18.706
21.3293,0.992621,0,0.992621,16.86,82.5042,292,0,0,2367,36.2159,36.2159,18.706
21.3564,6.85267,0,6.85267,16.86,82.5042,482,6,0,2369,36.2377,36.2381,18.7025
21.3659,3.89359,0,3.89359,16.84,82.2577,445,3,0,2371,36.245,36.2459,18.6991
21.3863,2.63736,0,2.63736,16.84,82.2577,309,1,0,2372,36.2525,36.2534,18.6974
21.3925,0.474948,0,0.474948,16.82,82.0112,297,0,0,2372,36.2525,36.2534,18.6974
21.4142,0.377168,0,0.377168,16.82,82.0112,297,0,0,2372,36.2525,36.2534,18.6974
21.4212,0.433416,0,0.433416,16.8,81.7648,297,0,0,2372,36.2525,36.2534,18.6974
21.4439,2.94008,0,2.94008,16.8,81.7648,307,1,0,2373,36.2714,36.2722,18.6956
21.4511,0.018378,0,0.018378,16.78,81.5183,307,0,0,2373,36.2714,36.2722,18.6956
21.4733,2.62352,0,2.62352,16.78,81.5183,327,6,0,2374,36.2793,36.2801,18.6939
21.4875,7.0895,0,7.0895,16.76,81.2718,453,19,0,2376,36.2854,36.2862,18.6905
21.5017,1.67723,0,1.67723,16.76,81.2718,307,0,0,2376,36.2854,36.2862,18.6905
21.5095,2.3998,0,2.3998,16.74,81.0253,322,1,0,2377,36.2873,36.2882,18.6888
21.5314,2.44512,0,2.44512,16.74,81.0253,322,1,0,2378,36.2927,36.2935,18.6871
21.5484,10.3574,0,10.3574,16.72,80.7788,542,5,0,2380,36.3382,36.3382,18.6836
21.56,0.89635,0,0.89635,16.72,80.7788,320,0,0,2380,36.3382,36.3382,18.6836
21.5689,2.96747,0,2.96747,16.7,80.5323,451,18,0,2381,36.336,36.3352,18.6819
21.5898,2.52993,0,2.52993,16.7,80.5323,345,1,0,2382,36.3413,36.3405,18.6802
21.5956,0.169652,0,0.169652,16.68,80.2858,325,0,0,2382,36.3413,36.3405,18.6802
21.624,7.04994,0,7.04994,16.68,80.2858,368,4,0,2384,36.3872,36.3884,18.6768
21.6299,0.412983,0,0.412983,16.66,80.0393,315,0,0,2384,36.3872,36.3884,18.6768
21.6558,4.7357,0,4.7357,16.66,80.0393,465,19,0,2386,36.3885,36.3864,18.6734
21.6675,6.06281,0,6.06281,16.64,79.7929,490,1,0,2388,36.4079,36.4058,18.67
21.6874,4.24749,0,4.24749,16.64,79.7929,373,6,0,2389,36.432,36.4295,18.6683
21.695,1.16909,0,1.16909,16.62,79.5464,320,0,0,2389,36.432,36.4295,18.6683
21.7214,6.80917,0,6.80917,16.62,79.5464,630,46,0,2391,36.4387,36.4383,18.6649
21.7321,4.83519,0,4.83519,16.6,79.2999,350,3,0,2393,36.4505,36.4501,18.6615
21.7497,0.879898,0,0.879898,16.6,79.2999,325,0,0,2393,36.4505,36.4501,18.6615
21.7606,5.02973,0,5.02973,16.58,79.0534,363,2,0,2395,36.471,36.4706,18.6581
21.7786,1.64905,0,1.64905,16.58,79.0534,325,1,0,2396,36.4745,36.4741,18.6564
21.7853,0.822142,0,0.822142,16.56,78.8069,320,0,0,2396,36.4745,36.4741,18.6564
21.8062,0.995692,0,0.995692,16.56,78.8069,320,0,0,2396,36.4745,36.4741,18.6564
21.8192,5.77013,0,5.77013,16.54,78.5604,644,32,0,2397,36.4831,36.4864,18.6547
21.8359,2.64089,0,2.64089,16.54,78.5604,390,0,0,2398,36.4883,36.4917,18.653
21.8434,0.670653,0,0.670653,16.52,78.3139,330,0,0,2398,36.4883,36.4917,18.653
21.8654,2.15623,0,2.15623,16.52,78.3139,340,1,0,2399,36.4977,36.501,18.6513
21.8767,4.73234,0,4.73234,16.5,78.0674,355,2,0,2401,36.514,36.5173,18.6479
21.8956,2.40212,0,2.40212,16.5,78.0674,345,2,0,2402,36.5171,36.5204,18.6462
21.9052,2.76208,0,2.76208,16.48,77.8209,330,2,0,2403,36.5281,36.5314,18.6445
21.9311,7.1679,0,7.1679,16.48,77.8209,400,9,0,2405,36.5551,36.5568,18.6412
21.939,1.14673,0,1.14673,16.46,77.5745,325,0,0,2405,36.5551,36.5568,18.6412
21.9627,3.5471,0,3.5471,16.46,77.5745,335,1,0,2406,36.5781,36.5798,18.6395
21.9706,0.751591,0,0.751591,16.44,77.328,340,0,0,2406,36.5781,36.5798,18.6395
21.9932,2.65907,0,2.65907,16.44,77.328,350,1,0,2407,36.5742,36.5758,18.6378
22.0015,1.58722,0,1.58722,16.42,77.0815,365,1,0,2408,36.5718,36.5735,18.6361
22.0245,3.0156,0,3.0156,16.42,77.0815,381,3,0,2409,36.5812,36.5828,18.6344
22.037,5.29143,0,5.29143,16.4,76.835,551,0,0,2410,36.6037,36.6054,18.6327
22.0564,3.45613,0,3.45613,16.4,76.835,390,1,0,2411,36.6251,36.6267,18.631
22.0736,9.49981,0,9.49981,16.38,76.5885,775,1,0,2413,36.6664,36.668,18.6277
22.0896,5.03024,0,5.03024,16.38,76.5885,528,4,0,2414,36.6835,36.6914,18.626
22.0983,0.958985,0,0.958985,16.36,76.342,450,0,0,2414,36.6835,36.6914,18.626
22.1208,2.34193,0,2.34193,16.36,76.342,460,1,0,2415,36.6812,36.689,18.6243
22.1318,2.72737,0,2.72737,16.34,76.0955,522,1,0,2416,36.7028,36.7107,18.6226
22.1555,5.36253,0,5.36253,16.34,76.0955,575,1,0,2417,36.7298,36.7377,18.621
22.1662,2.1211,0,2.1211,16.32,75.849,565,1,0,2418,36.7353,36.7432,18.6193
22.1909,5.36865,0,5.36865,16.32,75.849,666,15,0,2420,36.7492,36.7558,18.6159
22.2057,5.81688,0,5.81688,16.3,75.6025,652,6,0,2422,36.768,36.775,18.6126
22.2241,2.64465,0,2.64465,16.3,75.6025,600,4,0,2423,36.773,36.7809,18.6109
22.2369,3.96815,0,3.96815,16.28,75.3561,605,2,0,2425,36.7897,36.7975,18.6075
22.2601,5.48797,0,5.48797,16.28,75.3561,621,3,0,2427,36.822,36.8298,18.6042
22.2723,2.92403,0,2.92403,16.26,75.1096,595,1,0,2428,36.8406,36.8484,18.6025
22.2928,2.32163,0,2.32163,16.26,75.1096,595,1,0,2429,36.8497,36.8576,18.6009
22.439,136.921,23.1876,113.733,16.24,74.8631,20536,1564,0,2431,36.5422,36.5845,18.5975
22.4485,1.64995,0,1.64995,16.22,75.6506,356,1,0,2432,36.5345,36.5769,18.5959
22.4739,7.02316,0,7.02316,16.22,75.6506,399,3,0,2434,36.5563,36.5986,18.5925
22.4865,4.25507,0,4.25507,16.2,75.4042,406,2,0,2436,36.5743,36.6166,18.5892
22.5057,3.00971,0,3.00971,16.2,75.4042,360,1,0,2437,36.5802,36.6225,18.5875
22.5155,2.73659,0,2.73659,16.18,75.1577,360,1,0,2438,36.5775,36.6198,18.5859
22.5397,6.02247,0,6.02247,16.18,75.1577,368,3,0,2440,36.5943,36.6365,18.5826
22.5489,1.90119,0,1.90119,16.16,74.9112,354,0,0,2441,36.5944,36.6366,18.5809
22.5724,4.42603,0,4.42603,16.16,74.9112,364,1,0,2442,36.613,36.6552,18.5792
22.5839,4.33605,0,4.33605,16.14,74.6647,388,1,0,2444,36.6182,36.6604,18.5759
22.6072,6.08658,0,6.08658,16.14,74.6647,435,1,0,2446,36.6455,36.6877,18.5726
22.6201,5.81637,0,5.81637,16.12,74.4182,437,8,0,2448,36.6732,36.7153,18.5693
22.6375,1.65588,0,1.65588,16.12,74.4182,384,1,0,2449,36.6742,36.7162,18.5677
22.6457,0.944254,0,0.944254,16.1,74.1717,388,0,0,2449,36.6742,36.7162,18.5677
22.6694,3.75009,0,3.75009,16.1,74.1717,398,1,0,2451,36.6797,36.7217,18.5643
22.6813,3.69426,0,3.69426,16.08,73.9252,412,2,0,2453,36.6898,36.7318,18.561
22.7027,5.01414,0,5.01414,16.08,73.9252,496,16,0,2454,36.7095,36.7526,18.5594
22.7163,5.39732,0,5.39732,16.06,73.6787,427,2,0,2456,36.7378,36.7809,18.5561
22.7383,5.4051,0,5.4051,16.06,73.6787,424,3,0,2458,36.7693,36.8124,18.5528
22.7495,3.34645,0,3.34645,16.04,73.4323,430,2,0,2460,36.7748,36.8179,18.5495
22.7705,3.65067,0,3.65067,16.04,73.4323,430,2,0,2462,36.7823,36.8253,18.5462
22.7832,5.03598,0,5.03598,16.02,73.1858,450,2,0,2464,36.8028,36.8458,18.543
22.8042,5.01941,0,5.01941,16.02,73.1858,478,5,0,2466,36.8127,36.8564,18.5397
22.8142,2.60556,0,2.60556,16,72.9393,428,1,0,2467,36.8212,36.865,18.538
22.8336,0.925076,0,0.925076,16,72.9393,418,0,0,2467,36.8212,36.865,18.538
22.845,3.70156,0,3.70156,15.98,72.6928,515,2,0,2469,36.8267,36.8704,18.5348
22.8693,7.18378,0,7.18378,15.98,72.6928,452,2,0,2471,36.8665,36.9102,18.5315
22.8817,2.4609,0,2.4609,15.96,72.4463,455,2,0,2472,36.877,36.9207,18.5299
22.9029,3.01622,0,3.01622,15.96,72.4463,452,1,0,2473,36.8848,36.9284,18.5282
22.9126,2.12858,0,2.12858,15.94,72.1998,452,2,0,2474,36.8888,36.9325,18.5266
22.9371,5.24789,0,5.24789,15.94,72.1998,600,27,0,2475,36.9026,36.9467,18.525
22.9456,0.224496,0,0.224496,15.92,71.9533,452,0,0,2475,36.9026,36.9467,18.525
22.9674,0.888143,0,0.888143,15.92,71.9533,452,0,0,2475,36.9026,36.9467,18.525
22.9829,7.75545,0,7.75545,15.9,71.7068,513,7,0,2477,36.9386,36.9826,18.5217
23.0002,4.23603,0,4.23603,15.9,71.7068,482,4,0,2478,36.9617,37.0048,18.5201
23.0174,8.45955,0,8.45955,15.88,71.4603,554,3,0,2480,36.9915,37.0363,18.5168
23.03,0.985342,0,0.985342,15.88,71.4603,458,0,0,2480,36.9915,37.0363,18.5168
23.0393,0.694577,0,0.694577,15.86,71.2139,458,0,0,2480,36.9915,37.0363,18.5168
23.0624,3.7552,0,3.7552,15.86,71.2139,504,2,0,2482,37.0085,37.0532,18.5136
23.0754,4.57723,0,4.57723,15.84,70.9674,478,2,0,2484,37.029,37.0737,18.5103
23.0957,4.33104,0,4.33104,15.84,70.9674,474,1,0,2485,37.0511,37.0958,18.5087
23.1093,5.08355,0,5.08355,15.82,70.7209,505,5,0,2487,37.0756,37.1194,18.5054
23.1273,3.15006,0,3.15006,15.82,70.7209,516,0,0,2488,37.088,37.1318,18.5038
23.1428,6.78808,0,6.78808,15.8,70.4744,523,3,0,2490,37.11,37.1546,18.5006
23.1599,3.77876,0,3.77876,15.8,70.4744,484,2,0,2492,37.1212,37.1657,18.4973
23.1784,9.77008,0,9.77008,15.78,70.2279,520,2,0,2494,37.1692,37.2137,18.4941
23.1949,6.2344,0,6.2344,15.78,70.2279,491,4,0,2496,37.2051,37.25,18.4909
23.2101,7.0521,0,7.0521,15.76,69.9814,490,4,0,2498,37.2266,37.273,18.4876
23.2263,2.61448,0,2.61448,15.76,69.9814,450,1,0,2499,37.2437,37.2901,18.486
23.2412,6.38041,0,6.38041,15.74,69.7349,499,5,0,2501,37.2543,37.3003,18.4828
23.2573,2.32151,0,2.32151,15.74,69.7349,430,1,0,2502,37.2646,37.3106,18.4812
23.2734,7.82648,0,7.82648,15.72,69.4884,636,1,0,2504,37.2855,37.3315,18.478
23.2887,2.97718,0,2.97718,15.72,69.4884,453,0,0,2505,37.2958,37.3417,18.4764
23.2995,3.16615,0,3.16615,15.7,69.2413,370,1,0,2507,37.3016,37.3474,18.4731
23.3229,5.95991,0,5.95991,15.7,69.2413,512,10,0,2509,37.3264,37.3735,18.4699
23.332,0.683905,0,0.683905,15.68,69.1098,384,0,0,2509,37.3264,37.3735,18.4699
23.3541,2.35894,0,2.35894,15.68,69.1098,394,1,0,2510,37.3279,37.3749,18.4683
23.3636,1.65577,0,1.65577,15.66,68.9783,368,1,0,2511,37.3305,37.3775,18.4667
23.3883,5.96066,0,5.96066,15.66,68.9783,425,3,0,2513,37.3637,37.4111,18.4635
23.4223,25.9907,8.77721,17.2135,15.64,68.8471,3292,165,0,2514,37.3393,37.3854,18.4619
23.4355,3.13151,0,3.13151,15.62,68.7159,366,0,0,2515,37.3459,37.392,18.4603
23.4539,3.16335,0,3.16335,15.62,68.7159,376,1,0,2516,37.3561,37.4022,18.4587
23.4713,8.54413,0,8.54413,15.6,68.5846,391,2,0,2518,37.3924,37.4384,18.4555
23.4854,3.24007,0,3.24007,15.6,68.5846,370,1,0,2519,37.397,37.443,18.4539
23.5022,8.00017,0,8.00017,15.58,68.4534,521,2,0,2521,37.4181,37.4641,18.4507
23.5179,4.41599,0,4.41599,15.58,68.4534,374,3,0,2522,37.4453,37.4917,18.4491
23.5334,6.72422,0,6.72422,15.56,68.3222,380,2,0,2524,37.4683,37.5147,18.4459
23.5494,2.83563,0,2.83563,15.56,68.3222,368,1,0,2525,37.4713,37.5176,18.4443
23.5628,6.32493,0,6.32493,15.54,68.191,433,2,0,2526,37.4893,37.534,18.4428
23.58,2.41033,0,2.41033,15.54,68.191,372,1,0,2527,37.4951,37.5398,18.4412
23.5948,7.44662,0,7.44662,15.52,68.0598,408,2,0,2528,37.5174,37.5621,18.4396
23.6135,4.79972,0,4.79972,15.52,68.0598,390,3,0,2530,37.5304,37.5751,18.4364
23.6251,4.03727,0,4.03727,15.5,67.9286,395,0,0,2531,37.5275,37.5721,18.4348
23.6496,7.44006,0,7.44006,15.5,67.9286,749,1,0,2533,37.5511,37.5957,18.4316
23.6675,6.62131,0,6.62131,15.48,67.7973,841,25,0,2534,37.5738,37.6125,18.43
23.6819,3.86045,0,3.86045,15.48,67.7973,426,2,0,2536,37.584,37.6226,18.4269
23.7005,7.50365,0,7.50365,15.46,67.6661,713,16,0,2538,37.6052,37.6462,18.4237
23.7111,0.665994,0,0.665994,15.46,67.6661,384,0,0,2538,37.6052,37.6462,18.4237
23.728,7.9151,0,7.9151,15.44,67.5349,413,2,0,2540,37.6374,37.6783,18.4205
23.7418,2.04483,0,2.04483,15.44,67.5349,394,1,0,2541,37.6403,37.6812,18.419
23.7549,4.41614,0,4.41614,15.42,67.4037,394,1,0,2542,37.6483,37.6892,18.4174
23.7721,1.63517,0,1.63517,15.42,67.4037,394,1,0,2543,37.65,37.6909,18.4158
23.7895,10.4026,0,10.4026,15.4,67.2725,421,3,0,2545,37.6888,37.7297,18.4126
23.8012,0.943046,0,0.943046,15.4,67.2725,384,0,0,2545,37.6888,37.7297,18.4126
23.8115,2.72353,0,2.72353,15.38,67.1412,376,1,0,2546,37.7003,37.7412,18.4111
23.8358,5.8143,0,5.8143,15.38,67.1412,416,6,0,2548,37.7229,37.7633,18.4079
23.8426,0.0014,0,0.0014,15.36,67.01,360,0,0,2548,37.7229,37.7633,18.4079
23.8686,4.53626,0,4.53626,15.36,67.01,380,2,0,2550,37.7298,37.7702,18.4048
23.8763,0.563286,0,0.563286,15.34,66.8788,360,0,0,2550,37.7298,37.7702,18.4048
23.9007,3.4692,0,3.4692,15.34,66.8788,370,1,0,2551,37.7511,37.7915,18.4032
24.0123,104.191,25.0719,79.1189,15.32,66.7476,15324,1188,0,2552,37.5866,37.6344,18.4016
24.0249,5.12913,0,5.12913,15.3,66.6164,394,2,0,2554,37.6081,37.6558,18.3985
24.0444,4.27184,0,4.27184,15.3,66.6164,384,1,0,2555,37.6207,37.6685,18.3969
24.0529,1.84476,0,1.84476,15.28,66.4851,378,1,0,2556,37.6142,37.662,18.3953
24.0794,6.5073,0,6.5073,15.28,66.4851,616,1,0,2558,37.6407,37.6884,18.3922
24.0908,3.94595,0,3.94595,15.26,66.3539,382,1,0,2560,37.6566,37.7043,18.389
24.1099,2.89649,0,2.89649,15.26,66.3539,378,1,0,2561,37.6747,37.7224,18.3875
24.1194,2.38741,0,2.38741,15.24,66.2227,382,1,0,2562,37.6827,37.7303,18.3859
24.1459,5.26127,0,5.26127,15.24,66.2227,422,2,0,2564,37.7044,37.752,18.3828
24.1577,3.92607,0,3.92607,15.22,66.0915,396,1,0,2566,37.7147,37.7623,18.3797
24.175,1.5636,0,1.5636,15.22,66.0915,396,1,0,2567,37.7141,37.7616,18.3781
24.1854,3.49794,0,3.49794,15.2,65.9603,402,2,0,2569,37.7139,37.7614,18.375
24.2097,5.05406,0,5.05406,15.2,65.9603,630,10,0,2571,37.7184,37.767,18.3719
24.218,1.74442,0,1.74442,15.18,65.829,380,2,0,2572,37.7189,37.7675,18.3703
24.2405,2.78334,0,2.78334,15.18,65.829,380,1,0,2573,37.7186,37.7672,18.3687
24.2523,5.10528,0,5.10528,15.16,65.6978,420,2,0,2575,37.7472,37.7957,18.3656
24.2719,2.48674,0,2.48674,15.16,65.6978,390,3,0,2576,37.7558,37.804,18.3641
24.2831,4.83232,0,4.83232,15.14,65.5666,380,2,0,2578,37.7839,37.832,18.361
24.3035,2.56663,0,2.56663,15.14,65.5666,400,1,0,2579,37.7879,37.836,18.3594
24.3145,4.61212,0,4.61212,15.12,65.4354,394,2,0,2581,37.8043,37.8524,18.3563
24.334,0.722026,0,0.722026,15.12,65.4354,374,0,0,2581,37.8043,37.8524,18.3563
24.3408,0.454247,0,0.454247,15.1,65.3042,368,0,0,2581,37.8043,37.8524,18.3563
24.3662,3.2069,0,3.2069,15.1,65.3042,388,1,0,2582,37.8149,37.8629,18.3548
24.3735,0.465067,0,0.465067,15.08,65.173,368,0,0,2582,37.8149,37.8629,18.3548
24.3955,0.700974,0,0.700974,15.08,65.173,368,0,0,2582,37.8149,37.8629,18.3548
24.4074,5.08902,0,5.08902,15.06,65.0417,413,7,0,2584,37.8336,37.8812,18.3517
24.4297,5.52762,0,5.52762,15.06,65.0417,404,3,0,2586,37.8403,37.8879,18.3486
24.441,4.29153,0,4.29153,15.04,64.9105,390,3,0,2588,37.8536,37.9011,18.3455
24.4602,1.60103,0,1.60103,15.04,64.9105,374,1,0,2589,37.8525,37.9,18.3439
24.4702,3.13326,0,3.13326,15.02,64.7793,378,1,0,2591,37.853,37.9004,18.3408
24.4911,2.38795,0,2.38795,15.02,64.7793,374,1,0,2592,37.8553,37.9028,18.3393
24.5046,6.21101,0,6.21101,15,64.6481,411,2,0,2594,37.887,37.9345,18.3362
24.5204,0.817455,0,0.817455,15,64.6481,376,0,0,2594,37.887,37.9345,18.3362
24.6752,147.604,12.3814,135.223,14.98,64.5169,16588,1165,0,2596,37.7916,37.8444,18.3331
24.6865,1.86045,0,1.86045,14.96,65.5576,366,1,0,2597,37.7917,37.8444,18.3316
24.7099,5.73977,0,5.73977,14.96,65.5576,430,8,0,2599,37.8188,37.8707,18.3285
24.7187,0.634527,0,0.634527,14.94,65.4264,356,0,0,2599,37.8188,37.8707,18.3285
24.7385,0.865009,0,0.865009,14.94,65.4264,356,0,0,2599,37.8188,37.8707,18.3285
24.7478,1.25059,0,1.25059,14.92,65.2952,356,0,0,2600,37.8192,37.8712,18.3269
24.7684,2.22291,0,2.22291,14.92,65.2952,366,1,0,2601,37.8181,37.87,18.3254
24.7776,2.27116,0,2.27116,14.9,65.1639,356,1,0,2602,37.8224,37.8743,18.3239
24.8009,4.10158,0,4.10158,14.9,65.1639,356,1,0,2604,37.8341,37.8859,18.3208
24.808,0.312208,0,0.312208,14.88,65.0327,356,0,0,2604,37.8341,37.8859,18.3208
24.8339,5.24857,0,5.24857,14.88,65.0327,664,0,0,2605,37.8495,37.9013,18.3193
24.8466,5.47073,0,5.47073,14.86,64.9015,380,2,0,2607,37.8688,37.9206,18.3162
24.8689,6.67106,0,6.67106,14.86,64.9015,380,2,0,2609,37.9053,37.9571,18.3131
24.8771,0.522627,0,0.522627,14.84,64.7703,360,0,0,2609,37.9053,37.9571,18.3131
24.8981,0.915007,0,0.915007,14.84,64.7703,360,0,0,2609,37.9053,37.9571,18.3131
24.907,1.80756,0,1.80756,14.82,64.6391,360,0,0,2609,37.9053,37.9571,18.3131
24.9305,4.34393,0,4.34393,14.82,64.6391,535,0,0,2610,37.9253,37.977,18.3116
24.9458,7.85369,0,7.85369,14.8,64.5078,503,4,0,2612,37.9498,38.0015,18.3085
24.9663,7.13179,0,7.13179,14.8,64.5078,488,4,0,2614,37.9782,38.0302,18.3055
24.9781,4.13728,0,4.13728,14.78,64.3766,380,3,0,2615,37.9989,38.0497,18.304
24.9966,2.19233,0,2.19233,14.78,64.3766,370,1,0,2616,37.9958,38.0466,18.3024
25.0088,4.43131,0,4.43131,14.76,64.2454,400,2,0,2617,38.013,38.0634,18.3009
25.0275,2.51325,0,2.51325,14.76,64.2454,369,1,0,2618,38.0214,38.0718,18.2994
25.0389,3.57664,0,3.57664,14.74,64.1142,431,1,0,2619,38.0363,38.0867,18.2979
25.0609,4.75433,0,4.75433,14.74,64.1142,467,1,0,2620,38.0519,38.1023,18.2963
25.0696,0.696895,0,0.696895,14.72,63.983,377,0,0,2620,38.0519,38.1023,18.2963
25.0928,3.27341,0,3.27341,14.72,63.983,387,1,0,2622,38.05,38.1003,18.2933
25.1039,3.20317,0,3.20317,14.7,63.8517,376,2,0,2623,38.0663,38.1167,18.2918
25.124,2.62332,0,2.62332,14.7,63.8517,376,1,0,2624,38.0713,38.1216,18.2902
25.138,6.19657,0,6.19657,14.68,63.7205,384,2,0,2626,38.1116,38.1618,18.2872
25.154,1.76974,0,1.76974,14.68,63.7205,372,1,0,2627,38.1123,38.1625,18.2857
25.1636,2.28383,0,2.28383,14.66,63.5893,358,0,0,2628,38.1065,38.1568,18.2842
25.1863,4.11611,0,4.11611,14.66,63.5893,378,2,0,2630,38.1304,38.1806,18.2811
25.1998,6.25033,0,6.25033,14.64,63.4581,430,3,0,2632,38.1577,38.2074,18.2781
25.221,6.38962,0,6.38962,14.64,63.4581,428,14,0,2634,38.1826,38.2339,18.2751
25.2306,1.61458,0,1.61458,14.62,63.3269,371,1,0,2635,38.1795,38.2307,18.2735
25.2574,7.99157,0,7.99157,14.62,63.3269,601,15,0,2637,38.2116,38.2655,18.2705
25.2684,3.81449,0,3.81449,14.6,63.1962,382,2,0,2639,38.2262,38.28,18.2675
25.2938,7.60594,0,7.60594,14.6,63.1962,387,2,0,2641,38.2556,38.3094,18.2645
25.3081,7.35709,0,7.35709,14.58,63.0647,521,3,0,2643,38.2921,38.3435,18.2615
25.3263,3.56398,0,3.56398,14.58,63.0647,372,2,0,2644,38.3041,38.3555,18.26
25.3358,2.90657,0,2.90657,14.56,62.9334,375,1,0,2645,38.313,38.3645,18.2584
25.3613,6.72811,0,6.72811,14.56,62.9334,394,3,0,2647,38.3381,38.3895,18.2554
25.3709,2.54273,0,2.54273,14.54,62.8021,375,1,0,2648,38.3395,38.3909,18.2539
25.3952,5.21549,0,5.21549,14.54,62.8021,399,3,0,2650,38.366,38.4174,18.2509
25.4063,4.19948,0,4.19948,14.52,62.6709,395,3,0,2652,38.3714,38.4231,18.2479
25.4244,0.952412,0,0.952412,14.52,62.6709,365,0,0,2652,38.3714,38.4231,18.2479
25.4342,3.03447,0,3.03447,14.5,61.6481,417,4,0,2653,38.375,38.4271,18.2464
25.4568,3.4455,0,3.4455,14.5,61.6481,375,2,0,2655,38.3849,38.4369,18.2434
25.4676,3.66366,0,3.66366,14.48,61.4588,368,1,0,2656,38.4006,38.4526,18.2419
25.4915,6.05112,0,6.05112,14.48,61.4588,442,3,0,2658,38.4308,38.4827,18.2389
25.5004,1.82306,0,1.82306,14.46,61.2695,373,1,0,2659,38.428,38.4799,18.2374
25.5228,2.7368,0,2.7368,14.46,61.2695,364,2,0,2660,38.4274,38.4793,18.2359
25.5344,4.44122,0,4.44122,14.44,61.0802,374,2,0,2662,38.4358,38.4876,18.2329
25.5523,0.976733,0,0.976733,14.44,61.0802,354,0,0,2662,38.4358,38.4876,18.2329
25.5626,3.6387,0,3.6387,14.42,60.891,364,1,0,2663,38.4506,38.5024,18.2314
25.5844,3.40767,0,3.40767,14.42,60.891,364,1,0,2664,38.4636,38.5154,18.2299
25.5918,0.668228,0,0.668228,14.4,60.7018,353,0,0,2664,38.4636,38.5154,18.2299
25.6184,5.10773,0,5.10773,14.4,60.7018,444,1,0,2665,38.4837,38.5355,18.2284
25.6313,5.67359,0,5.67359,14.38,60.5126,380,2,0,2667,38.5069,38.5587,18.2255
25.6538,6.61234,0,6.61234,14.38,60.5126,380,2,0,2669,38.5354,38.5871,18.2225
25.6645,3.44282,0,3.44282,14.36,60.3234,381,2,0,2670,38.5464,38.5974,18.221
25.6865,4.30117,0,4.30117,14.36,60.3234,385,1,0,2671,38.5724,38.6234,18.2195
25.6964,2.94858,0,2.94858,14.34,60.1342,375,1,0,2672,38.5883,38.6392,18.218
25.7177,2.83012,0,2.83012,14.34,60.1342,385,2,0,2674,38.5868,38.6376,18.215
25.7304,6.0173,0,6.0173,14.32,59.945,382,2,0,2676,38.6166,38.6674,18.2121
25.7483,2.1355,0,2.1355,14.32,59.945,372,1,0,2677,38.6231,38.6739,18.2106
25.7577,2.7769,0,2.7769,14.3,59.7558,369,1,0,2678,38.6311,38.6819,18.2091
25.7809,4.52151,0,4.52151,14.3,59.7558,396,2,0,2680,38.647,38.6978,18.2061
25.858,70.2206,26.158,44.0625,14.28,59.5666,9499,707,0,2682,38.5999,38.6544,18.2032
25.8655,0.417576,0,0.417576,14.26,59.3774,295,0,0,2682,38.5999,38.6544,18.2032
25.8886,3.02018,0,3.02018,14.26,59.3774,305,1,0,2683,38.6127,38.6672,18.2017
25.895,0.397367,0,0.397367,14.24,59.1882,297,0,0,2683,38.6127,38.6672,18.2017
25.9183,2.63137,0,2.63137,14.24,59.1882,307,1,0,2684,38.6215,38.6759,18.2002
25.9295,5.23893,0,5.23893,14.22,58.999,321,2,0,2686,38.6448,38.6992,18.1972
25.9476,1.72065,0,1.72065,14.22,58.999,303,1,0,2687,38.6368,38.6911,18.1958
25.956,2.25469,0,2.25469,14.2,58.8097,329,1,0,2688,38.6429,38.6972,18.1943
25.9795,3.94422,0,3.94422,14.2,58.8097,329,1,0,2689,38.662,38.7163,18.1928
25.9909,4.55832,0,4.55832,14.18,58.6205,375,1,0,2691,38.6741,38.7284,18.1898
26.0115,3.72294,0,3.72294,14.18,58.6205,330,1,0,2692,38.6816,38.7359,18.1884
26.0191,1.1634,0,1.1634,14.16,58.4313,335,0,0,2693,38.6799,38.7341,18.1869
26.0423,2.80371,0,2.80371,14.16,58.4313,345,1,0,2694,38.693,38.7472,18.1854
26.0505,1.58234,0,1.58234,14.14,58.2421,339,0,0,2694,38.693,38.7472,18.1854
26.0738,3.96049,0,3.96049,14.14,58.2421,350,1,0,2695,38.7161,38.7703,18.1839
26.0843,4.06783,0,4.06783,14.12,58.0529,368,2,0,2697,38.7212,38.7753,18.181
26.1089,7.4193,0,7.4193,14.12,58.0529,374,2,0,2699,38.7573,38.8114,18.1781
26.1174,1.25142,0,1.25142,14.1,57.8637,363,0,0,2699,38.7573,38.8114,18.1781
26.1376,0.538776,0,0.538776,14.1,57.8637,363,0,0,2699,38.7573,38.8114,18.1781
26.1488,4.12066,0,4.12066,14.08,57.6745,408,1,0,2700,38.7785,38.8326,18.1766
26.1672,0.509557,0,0.509557,14.08,57.6745,380,0,0,2700,38.7785,38.8326,18.1766
26.1796,4.39303,0,4.39303,14.06,57.4853,425,1,0,2702,38.7828,38.8368,18.1737
26.2002,4.76246,0,4.76246,14.06,57.4853,523,3,0,2703,38.8117,38.8661,18.1722
26.2126,4.60632,0,4.60632,14.04,57.2961,425,2,0,2705,38.8373,38.8917,18.1692
26.2322,3.78347,0,3.78347,14.04,57.2961,420,1,0,2706,38.8585,38.9128,18.1678
26.246,5.14029,0,5.14029,14.02,57.1069,494,2,0,2708,38.8885,38.9428,18.1649
26.2644,3.12315,0,3.12315,14.02,57.1069,488,2,0,2709,38.8977,38.9516,18.1634
26.274,0.881372,0,0.881372,14,56.9177,485,0,0,2709,38.8977,38.9516,18.1634
26.2987,5.56672,0,5.56672,14,56.9177,505,2,0,2711,38.9225,38.9764,18.1605
26.3116,4.11877,0,4.11877,13.98,56.7285,488,1,0,2712,38.9395,38.9934,18.159
26.3281,0.347728,0,0.347728,13.98,56.7285,478,0,0,2712,38.9395,38.9934,18.159
26.3395,2.82675,0,2.82675,13.96,56.5393,477,1,0,2713,38.9443,38.9982,18.1575
26.3589,2.16982,0,2.16982,13.96,56.5393,477,1,0,2714,38.9469,39.0007,18.1561
26.37,2.27037,0,2.27037,13.94,56.3501,487,1,0,2715,38.9499,39.0037,18.1546
26.3898,2.42881,0,2.42881,13.94,56.3501,487,1,0,2716,38.947,39.0007,18.1532
26.3989,0.465476,0,0.465476,13.92,56.1608,457,0,0,2716,38.947,39.0007,18.1532
26.426,7.21881,0,7.21881,13.92,56.1608,493,2,0,2718,38.9779,39.0316,18.1502
26.4354,0.710093,0,0.710093,13.9,55.9716,459,0,0,2718,38.9779,39.0316,18.1502
26.4586,3.51637,0,3.51637,13.9,55.9716,479,2,0,2720,38.9813,39.0349,18.1473
26.4688,1.67149,0,1.67149,13.88,55.7824,474,1,0,2721,38.9886,39.0423,18.1459
26.4876,0.148554,0,0.148554,13.88,55.7824,464,0,0,2721,38.9886,39.0423,18.1459
26.4999,3.49703,0,3.49703,13.86,55.5932,480,1,0,2723,38.9905,39.0441,18.143
26.5312,11.1343,0,11.1343,13.86,55.5932,644,3,0,2725,39.0198,39.0701,18.14
26.5459,5.37016,0,5.37016,13.84,55.404,509,1,0,2727,39.0381,39.0884,18.1371
26.563,3.40601,0,3.40601,13.84,55.404,467,1,0,2728,39.0469,39.0971,18.1357
26.5766,4.18585,0,4.18585,13.82,55.2148,480,2,0,2730,39.0604,39.1106,18.1328
26.5936,2.73845,0,2.73845,13.82,55.2148,470,1,0,2731,39.0699,39.1201,18.1313
26.6073,4.38781,0,4.38781,13.8,55.0256,529,7,0,2733,39.0761,39.1255,18.1284
26.6271,5.60739,0,5.60739,13.8,55.0256,482,2,0,2735,39.1009,39.1503,18.1255
26.6417,5.17599,0,5.17599,13.78,54.8364,482,2,0,2737,39.1228,39.1721,18.1226
26.66,4.35499,0,4.35499,13.78,54.8364,482,2,0,2739,39.1249,39.1742,18.1198
26.675,5.46844,0,5.46844,13.76,54.6472,486,2,0,2741,39.143,39.1923,18.1169
26.6914,2.81807,0,2.81807,13.76,54.6472,476,1,0,2742,39.1437,39.1929,18.1154
26.7035,2.67056,0,2.67056,13.74,54.458,493,2,0,2744,39.1381,39.1873,18.1125
26.7225,2.46141,0,2.46141,13.74,54.458,483,1,0,2745,39.1515,39.2007,18.1111
26.7385,6.0794,0,6.0794,13.72,54.2688,512,2,0,2747,39.1824,39.2315,18.1082
26.7586,6.95795,0,6.95795,13.72,54.2688,572,3,0,2749,39.2175,39.2663,18.1053
26.8512,82.6217,12.563,70.0587,13.7,54.0796,13098,786,0,2751,39.1621,39.2159,18.1025
26.8665,5.76736,0,5.76736,13.68,53.8904,487,1,0,2753,39.1834,39.2372,18.0996
26.8848,4.80112,0,4.80112,13.68,53.8904,805,54,0,2754,39.1917,39.2426,18.0981
26.902,8.04038,0,8.04038,13.66,53.7012,1038,71,0,2756,39.1952,39.242,18.0953
26.9162,2.95476,0,2.95476,13.66,53.7012,471,1,0,2757,39.2009,39.2477,18.0938
26.929,3.44704,0,3.44704,13.64,53.5119,487,1,0,2758,39.2179,39.2647,18.0924
26.9456,0.41307,0,0.41307,13.64,53.5119,477,0,0,2758,39.2179,39.2647,18.0924
26.9583,4.0534,0,4.0534,13.62,53.3227,605,0,0,2759,39.2262,39.2729,18.091
26.9789,3.96311,0,3.96311,13.62,53.3227,495,2,0,2761,39.2376,39.2843,18.0881
26.9929,5.20706,0,5.20706,13.6,53.1335,499,3,0,2763,39.2577,39.3044,18.0853
27.0115,3.11097,0,3.11097,13.6,53.1335,485,1,0,2764,39.2724,39.3191,18.0838
27.0212,1.01787,0,1.01787,13.58,52.9443,467,0,0,2764,39.2724,39.3191,18.0838
27.041,0.242767,0,0.242767,13.58,52.9443,467,0,0,2764,39.2724,39.3191,18.0838
27.0526,3.38307,0,3.38307,13.56,52.7551,482,1,0,2765,39.2886,39.3353,18.0824
27.0771,6.95031,0,6.95031,13.56,52.7551,490,2,0,2767,39.3263,39.373,18.0795
27.0886,2.94364,0,2.94364,13.54,52.5659,470,1,0,2768,39.3382,39.3848,18.0781
27.11,3.45482,0,3.45482,13.54,52.5659,480,2,0,2770,39.3379,39.3845,18.0753
27.1217,3.1599,0,3.1599,13.52,52.3767,476,1,0,2771,39.3425,39.389,18.0738
27.1468,7.2881,0,7.2881,13.52,52.3767,492,2,0,2773,39.3678,39.4144,18.071
27.1593,4.27471,0,4.27471,13.5,52.1875,465,1,0,2774,39.3861,39.4326,18.0696
27.1797,4.03484,0,4.03484,13.5,52.1875,465,1,0,2776,39.3764,39.4229,18.0667
27.2133,26.3093,8.77383,17.5355,13.48,51.9983,3643,98,0,2777,39.3824,39.4256,18.0653
27.2251,3.60236,0,3.60236,13.46,51.8091,486,1,0,2778,39.4057,39.4489,18.0639
27.2459,3.65421,0,3.65421,13.46,51.8091,464,2,0,2780,39.4112,39.4543,18.061
27.258,4.11439,0,4.11439,13.44,51.6199,466,2,0,2782,39.4206,39.4637,18.0582
27.2767,2.49065,0,2.49065,13.44,51.6199,456,1,0,2783,39.4236,39.4668,18.0568
27.2911,6.7767,0,6.7767,13.42,51.4307,683,2,0,2785,39.4474,39.489,18.0539
27.3102,3.86361,0,3.86361,13.42,51.4307,456,1,0,2786,39.4648,39.5065,18.0525
27.3186,0.879923,0,0.879923,13.4,51.2415,437,0,0,2786,39.4648,39.5065,18.0525
27.3454,5.87322,0,5.87322,13.4,51.2415,457,2,0,2788,39.4885,39.5301,18.0497
27.3563,2.75952,0,2.75952,13.38,51.0523,440,1,0,2789,39.497,39.5385,18.0483
27.3759,2.44017,0,2.44017,13.38,51.0523,458,1,0,2790,39.5011,39.5427,18.0469
27.3839,0.870051,0,0.870051,13.36,50.863,413,0,0,2790,39.5011,39.5427,18.0469
27.4094,4.70594,0,4.70594,13.36,50.863,423,1,0,2791,39.5199,39.5614,18.0455
27.4206,4.04511,0,4.04511,13.34,50.6738,425,2,0,2793,39.5177,39.5593,18.0426
27.4411,2.8198,0,2.8198,13.34,50.6738,406,1,0,2794,39.5301,39.5716,18.0412
27.4521,4.06325,0,4.06325,13.32,50.4846,399,2,0,2796,39.5458,39.5873,18.0384
27.4751,5.53993,0,5.53993,13.32,50.4846,389,1,0,2798,39.5654,39.6069,18.0356
27.4857,3.90239,0,3.90239,13.3,50.2954,399,2,0,2800,39.5664,39.6079,18.0328
27.5036,0.286158,0,0.286158,13.3,50.2954,379,0,0,2800,39.5664,39.6079,18.0328
27.5181,7.09035,0,7.09035,13.28,50.1062,437,5,0,2802,39.5978,39.6392,18.03
27.5391,6.82269,0,6.82269,13.28,50.1062,459,2,0,2804,39.6377,39.679,18.0271
27.549,2.77247,0,2.77247,13.26,49.917,403,1,0,2805,39.6488,39.6902,18.0257
27.5729,4.82982,0,4.82982,13.26,49.917,413,2,0,2807,39.6601,39.7015,18.0229
27.5845,4.27407,0,4.27407,13.24,49.7278,401,1,0,2809,39.6668,39.7081,18.0201
27.6042,3.05788,0,3.05788,13.24,49.7278,393,1,0,2810,39.679,39.7203,18.0187
27.6166,5.57586,0,5.57586,13.22,49.5386,396,2,0,2812,39.7038,39.745,18.0159
27.6362,3.67756,0,3.67756,13.22,49.5386,446,1,0,2813,39.7202,39.7615,18.0145
27.6451,2.00128,0,2.00128,13.2,49.3494,389,1,0,2814,39.7214,39.7626,18.0131
27.6701,5.76995,0,5.76995,13.2,49.3494,504,10,0,2816,39.7287,39.7741,18.0103
27.6817,4.625,0,4.625,13.18,49.1602,391,2,0,2818,39.7381,39.7835,18.0075
27.6999,1.55221,0,1.55221,13.18,49.1602,374,0,0,2819,39.7347,39.7801,18.0061
27.7131,6.39112,0,6.39112,13.16,48.971,527,4,0,2821,39.749,39.7933,18.0034
27.7309,2.76256,0,2.76256,13.16,48.971,396,1,0,2822,39.7512,39.7955,18.002
27.7429,5.16599,0,5.16599,13.14,48.7818,422,2,0,2824,39.7681,39.8123,17.9992
27.7652,6.10157,0,6.10157,13.14,48.7818,402,2,0,2826,39.7919,39.8362,17.9964
27.7765,4.27368,0,4.27368,13.12,48.5926,440,2,0,2828,39.8023,39.8465,17.9936
27.7962,2.36122,0,2.36122,13.12,48.5926,382,1,0,2829,39.8021,39.8462,17.9922
27.8029,0.299947,0,0.299947,13.1,48.4034,369,0,0,2829,39.8021,39.8462,17.9922
27.8284,4.3217,0,4.3217,13.1,48.4034,389,2,0,2831,39.8146,39.8587,17.9894
27.8389,3.5456,0,3.5456,13.08,48.2141,379,1,0,2832,39.822,39.8662,17.988
27.8604,3.81159,0,3.81159,13.08,48.2141,379,1,0,2833,39.8376,39.8818,17.9867
27.8719,4.27089,0,4.27089,13.06,48.0249,383,1,0,2834,39.8532,39.8973,17.9853
27.8898,0.543045,0,0.543045,13.06,48.0249,373,0,0,2834,39.8532,39.8973,17.9853
27.9002,4.08005,0,4.08005,13.04,47.8357,451,10,0,2836,39.8572,39.9023,17.9825
27.9203,2.71656,0,2.71656,13.04,47.8357,371,1,0,2837,39.8745,39.9196,17.9811
27.93,2.82987,0,2.82987,13.02,47.6465,375,1,0,2838,39.8897,39.9348,17.9797
27.9525,3.83204,0,3.83204,13.02,47.6465,385,2,0,2840,39.9021,39.9472,17.977
27.9625,3.05208,0,3.05208,13,47.4573,358,1,0,2841,39.9106,39.9556,17.9756
27.9878,6.86904,0,6.86904,13,47.4573,566,2,0,2843,39.9307,39.9757,17.9728
27.9979,3.3449,0,3.3449,12.98,47.2681,358,1,0,2844,39.9416,39.9866,17.9714
28.019,3.14817,0,3.14817,12.98,47.2681,376,1,0,2845,39.9578,40.0028,17.9701
28.0289,3.09468,0,3.09468,12.96,46.67,338,1,0,2846,39.9621,40.007,17.9687
28.0499,2.65835,0,2.65835,12.96,46.67,348,1,0,2847,39.9677,40.0126,17.9673
28.0609,4.12635,0,4.12635,12.94,46.5622,358,2,0,2849,39.9761,40.0211,17.9645
28.0814,4.22347,0,4.22347,12.94,46.5622,348,1,0,2850,39.9944,40.0393,17.9632
28.0928,3.84004,0,3.84004,12.92,46.4543,372,2,0,2851,40.0004,40.0456,17.9618
28.1109,2.12086,0,2.12086,12.92,46.4543,345,1,0,2852,39.9968,40.0421,17.9604
28.1212,2.56702,0,2.56702,12.9,46.3466,416,10,0,2853,39.9986,40.0442,17.959
28.1455,7.23315,0,7.23315,12.9,46.3466,358,2,0,2855,40.0312,40.0767,17.9563
28.1607,7.23904,0,7.23904,12.88,46.2388,461,2,0,2857,40.0592,40.1047,17.9535
28.1737,0.738927,0,0.738927,12.88,46.2388,348,0,0,2857,40.0592,40.1047,17.9535
28.1881,6.63599,0,6.63599,12.86,46.1311,368,2,0,2859,40.0825,40.128,17.9508
28.2042,2.81554,0,2.81554,12.86,46.1311,357,1,0,2860,40.0888,40.1343,17.9494
28.2127,1.00133,0,1.00133,12.84,46.0234,334,0,0,2860,40.0888,40.1343,17.9494
28.2375,5.47917,0,5.47917,12.84,46.0234,354,2,0,2862,40.1027,40.1481,17.9467
28.2489,4.00274,0,4.00274,12.82,45.9156,412,1,0,2863,40.1195,40.1649,17.9453
28.2675,2.34454,0,2.34454,12.82,45.9156,341,1,0,2864,40.126,40.1714,17.9439
28.2771,2.62299,0,2.62299,12.8,45.8079,341,1,0,2865,40.1351,40.1805,17.9426
28.3019,5.71292,0,5.71292,12.8,45.8079,351,2,0,2867,40.1524,40.1978,17.9398
28.3136,4.15052,0,4.15052,12.78,45.7001,341,1,0,2868,40.1684,40.2137,17.9385
28.3324,3.17666,0,3.17666,12.78,45.7001,341,1,0,2870,40.1655,40.2108,17.9357
28.3425,3.25675,0,3.25675,12.76,45.5924,341,1,0,2871,40.1773,40.2226,17.9344
28.3651,3.79976,0,3.79976,12.76,45.5924,341,1,0,2872,40.1894,40.2347,17.933
28.38,8.21817,0,8.21817,12.74,45.4846,423,3,0,2874,40.2293,40.2759,17.9303
28.3965,2.92088,0,2.92088,12.74,45.4846,338,1,0,2875,40.2323,40.279,17.9289
28.4069,3.43208,0,3.43208,12.72,45.3769,338,1,0,2876,40.2521,40.2987,17.9275
28.4323,6.97418,0,6.97418,12.72,45.3769,357,2,0,2878,40.2735,40.32,17.9248
28.4393,0.231833,0,0.231833,12.7,45.2691,328,0,0,2878,40.2735,40.32,17.9248
28.4641,3.52861,0,3.52861,12.7,45.2691,338,1,0,2879,40.2883,40.3348,17.9234
28.4774,6.39094,0,6.39094,12.68,45.1614,354,3,0,2881,40.3138,40.3603,17.9207
28.4958,3.35571,0,3.35571,12.68,45.1614,335,1,0,2882,40.3255,40.372,17.9194
28.5066,3.34214,0,3.34214,12.66,45.0536,366,1,0,2883,40.3392,40.3857,17.918
28.5306,6.05366,0,6.05366,12.66,45.0536,391,2,0,2885,40.3692,40.4156,17.9153
28.5397,1.86788,0,1.86788,12.64,44.9459,349,1,0,2886,40.3687,40.4151,17.9139
28.5645,5.73978,0,5.73978,12.64,44.9459,359,2,0,2888,40.3864,40.4328,17.9112
28.5753,4.11459,0,4.11459,12.62,44.8382,359,2,0,2890,40.3965,40.4429,17.9085
28.5973,4.59775,0,4.59775,12.62,44.8382,359,2,0,2892,40.4142,40.4606,17.9058
28.6062,2.08699,0,2.08699,12.6,44.7304,346,1,0,2893,40.4196,40.466,17.9044
28.6299,4.10382,0,4.10382,12.6,44.7304,455,0,0,2894,40.4261,40.4724,17.9031
28.6435,6.35042,0,6.35042,12.58,44.6227,399,2,0,2896,40.4465,40.4927,17.9004
28.6647,5.95206,0,5.95206,12.58,44.6227,356,2,0,2898,40.4645,40.5107,17.8977
28.6769,4.77894,0,4.77894,12.56,44.5149,376,5,0,2900,40.4724,40.5186,17.895
28.6938,1.50907,0,1.50907,12.56,44.5149,356,1,0,2901,40.4647,40.5109,17.8936
28.7033,2.43952,0,2.43952,12.54,44.4072,356,1,0,2902,40.47,40.5162,17.8923
28.727,4.66319,0,4.66319,12.54,44.4072,356,1,0,2903,40.4885,40.5346,17.8909
28.7371,3.02134,0,3.02134,12.52,44.2994,356,1,0,2904,40.4952,40.5413,17.8896
28.7586,3.19031,0,3.19031,12.52,44.2994,356,1,0,2905,40.5081,40.5542,17.8882
28.768,2.355,0,2.355,12.5,44.1917,380,0,0,2906,40.5179,40.564,17.8869
28.7929,5.37454,0,5.37454,12.5,44.1917,369,2,0,2908,40.5268,40.5729,17.8842
28.8004,0.676284,0,0.676284,12.48,44.0839,346,0,0,2908,40.5268,40.5729,17.8842
28.8268,5.63333,0,5.63333,12.48,44.0839,366,2,0,2910,40.5436,40.5897,17.8815
28.8363,2.47395,0,2.47395,12.46,43.9762,359,1,0,2911,40.5421,40.5881,17.8802
28.8585,2.78963,0,2.78963,12.46,43.9762,359,1,0,2912,40.5426,40.5886,17.8788
28.8679,2.84162,0,2.84162,12.44,43.8684,359,1,0,2913,40.5451,40.5911,17.8775
28.89,2.94224,0,2.94224,12.44,43.8684,359,1,0,2914,40.547,40.593,17.8762
28.9022,5.30558,0,5.30558,12.42,43.7607,366,2,0,2916,40.5652,40.6111,17.8735
28.9201,1.30605,0,1.30605,12.42,43.7607,356,1,0,2917,40.5646,40.6106,17.8721
28.9323,5.21412,0,5.21412,12.4,43.653,366,2,0,2919,40.5899,40.6358,17.8695
28.9554,6.41755,0,6.41755,12.4,43.653,366,2,0,2921,40.6203,40.6662,17.8668
28.9681,5.91374,0,5.91374,12.38,43.5452,507,1,0,2923,40.635,40.6808,17.8641
28.9902,6.2609,0,6.2609,12.38,43.5452,379,2,0,2925,40.6533,40.6991,17.8614
28.9978,0.494348,0,0.494348,12.36,43.4375,365,0,0,2925,40.6533,40.6991,17.8614
29.0217,2.98036,0,2.98036,12.36,43.4375,375,1,0,2926,40.6637,40.7095,17.8601
29.0332,4.17878,0,4.17878,12.34,43.3297,378,1,0,2927,40.6765,40.7222,17.8588
29.053,2.22873,0,2.22873,12.34,43.3297,378,1,0,2928,40.6848,40.7305,17.8574
29.0613,0.726515,0,0.726515,12.32,43.222,371,0,0,2928,40.6848,40.7305,17.8574
29.0871,5.22379,0,5.22379,12.32,43.222,397,3,0,2930,40.6911,40.7372,17.8548
29.1003,5.69127,0,5.69127,12.3,43.1142,391,2,0,2932,40.7029,40.749,17.8521
29.1182,2.2863,0,2.2863,12.3,43.1142,395,0,0,2933,40.7047,40.7508,17.8508
29.1286,2.64563,0,2.64563,12.28,43.0065,384,1,0,2934,40.71,40.756,17.8494
29.1507,3.37588,0,3.37588,12.28,43.0065,384,1,0,2935,40.7261,40.7721,17.8481
29.1646,6.44125,0,6.44125,12.26,42.8987,520,2,0,2937,40.7419,40.7879,17.8454
29.1823,2.96893,0,2.96893,12.26,42.8987,384,1,0,2938,40.7474,40.7934,17.8441
29.1953,5.10999,0,5.10999,12.24,42.791,397,2,0,2940,40.7531,40.799,17.8415
29.2137,2.60392,0,2.60392,12.24,42.791,405,1,0,2941,40.7627,40.8086,17.8401
29.226,4.98468,0,4.98468,12.22,42.6832,384,1,0,2942,40.7814,40.8273,17.8388
29.2489,6.31851,0,6.31851,12.22,42.6832,418,2,0,2944,40.7999,40.8458,17.8362
29.2628,6.49798,0,6.49798,12.2,42.5755,397,2,0,2946,40.8164,40.8622,17.8335
29.2823,5.03758,0,5.03758,12.2,42.5755,397,2,0,2948,40.8362,40.882,17.8309
29.2932,3.16755,0,3.16755,12.18,42.4678,380,1,0,2949,40.8403,40.8861,17.8295
29.3148,3.83408,0,3.83408,12.18,42.4678,390,2,0,2951,40.8451,40.8909,17.8269
29.3236,1.00566,0,1.00566,12.16,42.36,370,0,0,2951,40.8451,40.8909,17.8269
29.3463,2.77104,0,2.77104,12.16,42.36,380,1,0,2952,40.8567,40.9024,17.8256
29.3606,6.37258,0,6.37258,12.14,42.2523,393,2,0,2954,40.8781,40.9238,17.8229
29.3792,3.92246,0,3.92246,12.14,42.2523,383,1,0,2955,40.8958,40.9415,17.8216
29.3882,1.27855,0,1.27855,12.12,42.1445,364,0,0,2955,40.8958,40.9415,17.8216
29.414,6.26363,0,6.26363,12.12,42.1445,390,2,0,2957,40.9165,40.9621,17.819
29.4246,2.81566,0,2.81566,12.1,42.0368,388,1,0,2958,40.9195,40.9652,17.8177
29.4481,5.00284,0,5.00284,12.1,42.0368,388,1,0,2959,40.9344,40.9801,17.8163
29.4592,2.93722,0,2.93722,12.08,41.929,436,1,0,2960,40.9378,40.9834,17.815
29.4821,4.19343,0,4.19343,12.08,41.929,446,2,0,2962,40.9494,40.9949,17.8124
29.4954,4.94859,0,4.94859,12.06,41.8274,568,0,0,2963,40.9669,41.0125,17.8111
29.5133,0.995573,0,0.995573,12.06,41.8274,457,0,0,2963,40.9669,41.0125,17.8111
29.525,3.21861,0,3.21861,12.04,41.7134,488,2,0,2965,40.9639,41.0094,17.8085
29.544,0.450277,0,0.450277,12.04,41.7134,468,0,0,2965,40.9639,41.0094,17.8085
29.5564,3.53837,0,3.53837,12.02,41.6057,490,1,0,2966,40.9804,41.026,17.8071
29.5767,2.03972,0,2.03972,12.02,41.6057,485,1,0,2967,40.9811,41.0266,17.8058
29.5893,4.43332,0,4.43332,12,41.4979,492,1,0,2968,40.9976,41.0431,17.8045
29.6113,4.69908,0,4.69908,12,41.4979,516,1,0,2969,41.0094,41.0549,17.8032
29.6229,2.82301,0,2.82301,11.98,41.3902,502,1,0,2970,41.0165,41.062,17.8019
29.6449,2.88428,0,2.88428,11.98,41.3902,502,2,0,2971,41.0222,41.0677,17.8006
29.6584,5.22654,0,5.22654,11.96,41.2824,526,2,0,2973,41.042,41.0875,17.798
29.6759,0.594068,0,0.594068,11.96,41.2824,506,0,0,2973,41.042,41.0875,17.798
29.6867,2.24151,0,2.24151,11.94,41.1747,506,0,0,2974,41.0414,41.0868,17.7967
29.7125,5.54765,0,5.54765,11.94,41.1747,526,2,0,2976,41.0575,41.1028,17.794
29.7256,3.99342,0,3.99342,11.92,41.067,575,1,0,2977,41.0749,41.1203,17.7927
29.7451,1.78655,0,1.78655,11.92,41.067,575,1,0,2978,41.0766,41.1219,17.7914
29.7621,7.845,0,7.845,11.9,40.9592,678,2,0,2980,41.106,41.1513,17.7888
29.7779,2.2071,0,2.2071,11.9,40.9592,614,1,0,2981,41.1084,41.1536,17.7875
29.7909,3.4133,0,3.4133,11.88,40.8515,645,1,0,2982,41.1274,41.1727,17.7862
29.8158,6.49344,0,6.49344,11.88,40.8515,655,2,0,2984,41.1578,41.2031,17.7836
29.8341,8.10547,0,8.10547,11.86,40.7438,683,2,0,2986,41.1939,41.2391,17.781
29.854,6.54577,0,6.54577,11.86,40.7438,755,2,0,2988,41.2199,41.2651,17.7784
29.8697,4.64027,0,4.64027,11.84,40.636,683,1,0,2989,41.2392,41.2844,17.7771
29.8884,3.54017,0,3.54017,11.84,40.636,683,1,0,2990,41.2545,41.2997,17.7758
29.9029,2.41055,0,2.41055,11.82,40.5283,707,1,0,2991,41.2611,41.3063,17.7745
29.9257,5.94807,0,5.94807,11.82,40.5283,795,3,0,2993,41.2753,41.3224,17.7719
29.9381,0.398147,0,0.398147,11.8,42.7367,708,0,0,2993,41.2753,41.3224,17.7719
29.9613,4.06102,0,4.06102,11.8,42.7367,800,0,0,2994,41.2852,41.3323,17.7706
29.9767,2.85902,0,2.85902,11.78,42.5201,797,1,0,2995,41.2905,41.3376,17.7693
30.0012,6.67239,0,6.67239,11.78,42.5201,810,2,0,2997,41.3146,41.3617,17.7667
30.0161,1.90379,0,1.90379,11.76,39.9895,936,1,0,2998,41.3162,41.3632,17.7654
30.036,1.09752,0,1.09752,11.76,39.9895,926,0,0,2998,41.3162,41.3632,17.7654
30.0545,6.51407,0,6.51407,11.74,39.9273,1020,2,0,3000,41.3403,41.3873,17.7628
30.0755,6.26891,0,6.26891,11.74,39.9273,964,2,0,3002,41.3668,41.4137,17.7602
30.094,5.79895,0,5.79895,11.72,39.865,987,2,0,3004,41.3852,41.4321,17.7576
30.1158,6.13313,0,6.13313,11.72,39.865,1016,2,0,3006,41.4088,41.4558,17.755
30.1301,0.972517,0,0.972517,11.7,39.8027,978,0,0,3006,41.4088,41.4558,17.755
30.1506,0.515684,0,0.515684,11.7,39.8027,978,0,0,3006,41.4088,41.4558,17.755
30.1695,4.81131,0,4.81131,11.68,39.7406,1019,2,0,3008,41.4279,41.4747,17.7524
30.1861,1.24824,0,1.24824,11.68,39.7406,999,0,0,3009,41.4177,41.4646,17.7512
30.4487,247.794,50.3573,197.436,11.66,39.6786,43958,5716,0,3011,38.8047,38.9578,17.7486
30.4654,0.088059,0,0.088059,11.64,41.8938,960,0,0,3011,38.8047,38.9578,17.7486
30.491,5.59092,0,5.59092,11.64,41.8938,990,2,0,3013,38.8208,38.9738,17.746
30.5084,2.66414,0,2.66414,11.62,41.8421,994,1,0,3014,38.8179,38.9708,17.7447
30.5275,1.05312,0,1.05312,11.62,41.8421,984,0,0,3014,38.8179,38.9708,17.7447
30.5486,6.47947,0,6.47947,11.6,41.7902,994,2,0,3016,38.8375,38.9904,17.7421
30.5685,5.0428,0,5.0428,11.58,41.7385,1008,2,0,3018,38.8466,38.9993,17.7396
30.5896,6.37777,0,6.37777,11.56,41.6868,1022,2,0,3020,38.8738,39.0265,17.737
30.6091,4.25576,0,4.25576,11.54,41.6351,1022,1,0,3021,38.8908,39.0434,17.7357
30.6255,2.37401,0,2.37401,11.54,41.6351,1012,0,0,3022,38.8911,39.0437,17.7344
30.6467,6.32685,0,6.32685,11.52,41.5835,1132,2,0,3024,38.9127,39.0651,17.7319
30.6658,4.86874,0,4.86874,11.5,41.5318,1036,2,0,3026,38.9141,39.0664,17.7293
30.6846,3.95959,0,3.95959,11.5,41.5318,1026,1,0,3027,38.926,39.0783,17.728
30.7035,4.44562,0,4.44562,11.48,41.4803,1033,1,0,3028,38.9475,39.0997,17.7267
30.7211,2.66434,0,2.66434,11.48,41.4803,1033,1,0,3029,38.9538,39.106,17.7254
30.7403,4.41197,0,4.41197,11.46,41.4288,1040,2,0,3031,38.9604,39.1125,17.7229
30.7575,2.71879,0,2.71879,11.46,41.4288,1030,1,0,3032,38.9723,39.1243,17.7216
30.7732,0.484684,0,0.484684,11.44,41.3772,1000,0,0,3032,38.9723,39.1243,17.7216
30.7987,5.62092,0,5.62092,11.44,41.3772,1020,2,0,3034,38.9835,39.1355,17.7191
30.8122,0.382496,0,0.382496,11.42,41.3258,990,0,0,3034,38.9835,39.1355,17.7191
30.8392,5.73282,0,5.73282,11.42,41.3258,1133,0,0,3036,38.9964,39.1482,17.7165
30.856,3.46141,0,3.46141,11.4,41.2744,990,1,0,3037,39.0086,39.1604,17.7152
30.8749,0.884243,0,0.884243,11.4,41.2744,980,0,0,3037,39.0086,39.1604,17.7152
30.8929,3.742,0,3.742,11.38,41.223,980,1,0,3038,39.0135,39.1652,17.7139
30.909,0.173043,0,0.173043,11.38,41.223,970,0,0,3038,39.0135,39.1652,17.7139
30.9293,5.68391,0,5.68391,11.36,41.1716,1000,2,0,3040,39.0345,39.1862,17.7114
30.9432,0.544374,0,0.544374,11.34,41.1202,1000,0,0,3040,39.0345,39.1862,17.7114
30.9675,3.46006,0,3.46006,11.34,41.1202,1020,2,0,3042,39.0309,39.1824,17.7088
30.9836,3.0414,0,3.0414,11.32,41.0689,1010,1,0,3043,39.0417,39.1932,17.7076
31.0071,4.83268,0,4.83268,11.32,41.0689,1020,2,0,3045,39.0542,39.2056,17.705
31.0243,2.71942,0,2.71942,11.3,41.0176,1000,1,0,3046,39.0522,39.2035,17.7038
31.0417,0.525898,0,0.525898,11.3,41.0176,990,0,0,3046,39.0522,39.2035,17.7038
31.0587,2.74689,0,2.74689,11.28,40.9663,990,1,0,3047,39.0538,39.2051,17.7025
31.0777,2.71352,0,2.71352,11.28,40.9663,990,1,0,3048,39.0591,39.2103,17.7012
31.0964,3.80302,0,3.80302,11.26,40.9151,990,1,0,3049,39.0804,39.2316,17.6999
31.1142,1.68917,0,1.68917,11.26,40.9151,990,2,0,3050,39.0807,39.2318,17.6987
31.1355,7.17921,0,7.17921,11.24,40.8638,980,2,0,3052,39.1114,39.2625,17.6961
31.1532,4.32377,0,4.32377,11.22,40.8125,970,1,0,3053,39.1307,39.2817,17.6949
31.1697,0.338572,0,0.338572,11.22,40.8125,960,0,0,3053,39.1307,39.2817,17.6949
31.1863,2.91994,0,2.91994,11.2,40.7612,950,1,0,3054,39.1408,39.2917,17.6936
31.2112,6.48613,0,6.48613,11.2,40.7612,960,2,0,3056,39.1652,39.3161,17.6911
31.2252,0.363675,0,0.363675,11.18,40.7099,920,0,0,3056,39.1652,39.3161,17.6911
31.2504,4.94595,0,4.94595,11.18,40.7099,940,2,0,3058,39.1779,39.3286,17.6885
31.2639,0.035262,0,0.035262,11.16,40.6586,940,0,0,3058,39.1779,39.3286,17.6885
31.288,3.47634,0,3.47634,11.16,40.6586,950,1,0,3059,39.1896,39.3403,17.6873
31.3034,2.56112,0,2.56112,11.14,40.6073,930,1,0,3060,39.1918,39.3425,17.686
31.3258,3.29684,0,3.29684,11.14,40.6073,938,1,0,3061,39.2048,39.3554,17.6847
31.3392,0.734419,0,0.734419,11.12,40.556,920,0,0,3061,39.2048,39.3554,17.6847
31.3642,5.00333,0,5.00333,11.12,40.556,940,2,0,3063,39.224,39.3745,17.6822
31.3834,5.91701,0,5.91701,11.1,40.5047,930,2,0,3065,39.2509,39.4013,17.6797
31.3999,1.5474,0,1.5474,11.1,40.5047,910,0,0,3065,39.2509,39.4013,17.6797
31.4186,4.83075,0,4.83075,11.08,40.4534,940,2,0,3067,39.27,39.4203,17.6772
31.4384,2.24934,0,2.24934,11.08,40.4534,930,1,0,3068,39.2757,39.426,17.6759
31.4567,4.60581,0,4.60581,11.06,40.4021,949,2,0,3070,39.2847,39.4349,17.6734
31.4742,2.10961,0,2.10961,11.06,40.4021,930,1,0,3071,39.2914,39.4415,17.6721
31.4928,5.06697,0,5.06697,11.04,40.3508,930,2,0,3073,39.3082,39.4582,17.6696
31.5118,3.98336,0,3.98336,11.04,40.3508,920,1,0,3074,39.3263,39.4763,17.6683
31.5295,4.4211,0,4.4211,11.02,40.2995,920,1,0,3075,39.3431,39.493,17.6671
31.5497,4.92294,0,4.92294,11.02,40.2995,930,2,0,3077,39.3617,39.5115,17.6646
31.5665,2.41147,0,2.41147,11,40.2482,920,1,0,3078,39.3658,39.5156,17.6633
31.5839,0.264614,0,0.264614,11,40.2482,920,0,0,3078,39.3658,39.5156,17.6633
31.6002,2.6941,0,2.6941,10.98,40.1969,920,1,0,3079,39.3751,39.5248,17.6621
31.627,8.75354,0,8.75354,10.98,40.1969,939,2,0,3081,39.4044,39.554,17.6595
31.6403,0.711396,0,0.711396,10.96,40.1457,890,0,0,3081,39.4044,39.554,17.6595
31.6635,1.70807,0,1.70807,10.96,40.1457,900,1,0,3082,39.4053,39.5548,17.6583
31.6791,3.00707,0,3.00707,10.94,40.0944,900,1,0,3083,39.4165,39.566,17.657
31.7001,2.44896,0,2.44896,10.94,40.0944,900,1,0,3084,39.4238,39.5733,17.6558
31.7192,6.66951,0,6.66951,10.92,40.0431,890,2,0,3086,39.4563,39.6056,17.6533
31.7353,3.25233,0,3.25233,10.9,39.9918,880,1,0,3087,39.4684,39.6178,17.652
31.7599,5.52591,0,5.52591,10.9,39.9918,890,2,0,3089,39.4798,39.629,17.6495
31.7779,5.625,0,5.625,10.88,39.9405,880,2,0,3091,39.5076,39.6567,17.647
31.7991,5.43843,0,5.43843,10.88,39.9405,880,2,0,3093,39.5209,39.6699,17.6445
31.8243,11.2414,6.92674,4.31466,10.86,39.8892,1756,22,0,3095,39.5257,39.6746,17.642
31.8369,0.238275,0,0.238275,10.84,39.8379,850,0,0,3095,39.5257,39.6746,17.642
31.8594,1.57104,0,1.57104,10.84,39.8379,868,1,0,3096,39.5239,39.6728,17.6408
31.875,3.43284,0,3.43284,10.82,39.7866,873,2,0,3098,39.5274,39.6762,17.6383
31.8944,1.38754,0,1.38754,10.82,39.7866,860,1,0,3099,39.5247,39.6734,17.637
31.9121,5.88755,0,5.88755,10.8,39.7353,940,2,0,3101,39.5427,39.6914,17.6345
31.9298,2.05414,0,2.05414,10.8,39.7353,860,1,0,3102,39.5503,39.6989,17.6333
31.9448,2.92967,0,2.92967,10.78,39.684,870,1,0,3103,39.5501,39.6987,17.6321
31.9654,2.18377,0,2.18377,10.78,39.684,870,1,0,3104,39.5486,39.6972,17.6308
31.9852,6.37539,0,6.37539,10.76,39.6327,880,2,0,3106,39.5779,39.7263,17.6283
32.0007,3.21051,0,3.21051,10.76,39.6327,880,2,0,3108,39.5869,39.7352,17.6258
32.0176,3.25162,0,3.25162,10.74,39.5814,873,3,0,3110,39.5891,39.7367,17.6234
32.0356,2.42641,0,2.42641,10.74,39.5814,860,1,0,3111,39.586,39.7335,17.6221
32.0532,3.74175,0,3.74175,10.72,39.5301,900,2,0,3113,39.5872,39.7347,17.6196
32.0712,2.55535,0,2.55535,10.72,39.5301,890,1,0,3114,39.5873,39.7347,17.6184
32.0881,3.45836,0,3.45836,10.7,39.4788,890,2,0,3116,39.5873,39.7346,17.6159
32.1055,0.905533,0,0.905533,10.7,39.4788,870,0,0,3116,39.5873,39.7346,17.6159
32.1229,3.99762,0,3.99762,10.68,39.4276,900,2,0,3118,39.5985,39.7457,17.6135
32.1421,2.67808,0,2.67808,10.68,39.4276,890,1,0,3119,39.5999,39.747,17.6122
32.1562,0.635023,0,0.635023,10.66,39.3763,890,0,0,3119,39.5999,39.747,17.6122
32.1786,2.40236,0,2.40236,10.66,39.3763,900,1,0,3120,39.6042,39.7513,17.611
32.1939,2.92749,0,2.92749,10.64,39.325,900,1,0,3121,39.6152,39.7623,17.6097
32.2152,2.22401,0,2.22401,10.64,39.325,900,1,0,3122,39.6208,39.7678,17.6085
32.2311,3.60352,0,3.60352,10.62,39.2737,920,1,0,3123,39.6279,39.7749,17.6073
32.2531,4.0255,0,4.0255,10.62,39.2737,944,1,0,3124,39.6412,39.7881,17.606
32.2692,3.44253,0,3.44253,10.6,39.2224,920,1,0,3125,39.655,39.8019,17.6048
32.2902,2.89202,0,2.89202,10.6,39.2224,936,1,0,3126,39.6606,39.8074,17.6036
32.3057,2.12226,0,2.12226,10.58,39.1711,919,1,0,3127,39.6594,39.8062,17.6023
32.3312,6.76488,0,6.76488,10.58,39.1711,920,2,0,3129,39.6779,39.8245,17.5999
32.3451,0.354131,0,0.354131,10.56,39.1198,910,0,0,3129,39.6779,39.8245,17.5999
32.3686,3.24036,0,3.24036,10.56,39.1198,920,1,0,3130,39.692,39.8387,17.5986
32.3824,0.473695,0,0.473695,10.54,39.0685,900,0,0,3130,39.692,39.8387,17.5986
32.4022,0.673735,0,0.673735,10.54,39.0685,900,0,0,3130,39.692,39.8387,17.5986
32.4198,4.13176,0,4.13176,10.52,39.0172,930,2,0,3132,39.6941,39.8407,17.5962
32.4416,6.28053,0,6.28053,10.52,39.0172,930,2,0,3134,39.7179,39.8644,17.5937
32.4581,2.71685,0,2.71685,10.5,38.9659,930,1,0,3135,39.7285,39.875,17.5925
32.4814,5.61653,0,5.61653,10.5,38.9659,940,2,0,3137,39.7536,39.8999,17.59
32.501,6.73679,0,6.73679,10.48,38.9146,983,2,0,3139,39.7741,39.9204,17.5876
32.5169,2.31507,0,2.31507,10.48,38.9146,910,1,0,3140,39.785,39.9312,17.5864
32.5345,4.67813,0,4.67813,10.46,38.8633,900,2,0,3142,39.8011,39.9472,17.5839
32.5551,3.81957,0,3.81957,10.46,38.8633,890,1,0,3143,39.8139,39.9599,17.5827
32.5715,3.95412,0,3.95412,10.44,38.812,884,1,0,3144,39.8267,39.9726,17.5815
32.596,6.72854,0,6.72854,10.44,38.812,880,2,0,3146,39.8497,39.9955,17.579
32.6151,6.24484,0,6.24484,10.42,38.7607,870,2,0,3148,39.8755,40.0213,17.5766
32.6294,0.867159,0,0.867159,10.42,38.7607,850,0,0,3148,39.8755,40.0213,17.5766
32.6456,3.65758,0,3.65758,10.4,38.7094,860,1,0,3149,39.8873,40.033,17.5753
32.6661,4.34256,0,4.34256,10.4,38.7094,866,1,0,3150,39.9076,40.0533,17.5741
32.6796,0.521887,0,0.521887,10.38,38.6582,850,0,0,3150,39.9076,40.0533,17.5741
32.704,5.40902,0,5.40902,10.38,38.6582,870,2,0,3152,39.9235,40.0692,17.5717
32.7213,3.71046,0,3.71046,10.36,38.6069,870,2,0,3154,39.9302,40.0758,17.5692
32.7418,4.03164,0,4.03164,10.36,38.6069,870,2,0,3156,39.9395,40.0849,17.5668
32.7945,39.8976,21.5139,18.3837,10.34,38.5556,6246,626,0,3158,39.9354,40.0874,17.5644
32.8121,6.62409,0,6.62409,10.32,38.5043,720,2,0,3160,39.9608,40.1127,17.5619
32.8265,1.27403,0,1.27403,10.32,38.5043,700,0,0,3160,39.9608,40.1127,17.5619
32.8427,5.30992,0,5.30992,10.3,38.453,740,1,0,3161,39.9813,40.1332,17.5607
32.8584,0.945817,0,0.945817,10.3,38.453,700,0,0,3161,39.9813,40.1332,17.5607
32.8723,3.04173,0,3.04173,10.28,38.4017,720,3,0,3163,39.9712,40.123,17.5583
32.8932,3.94216,0,3.94216,10.28,38.4017,710,1,0,3164,39.9924,40.1441,17.5571
32.9058,0.804442,0,0.804442,10.26,38.3504,700,0,0,3164,39.9924,40.1441,17.5571
32.9273,3.15973,0,3.15973,10.26,38.3504,710,1,0,3165,40.0025,40.1542,17.5558
32.9456,6.57798,0,6.57798,10.24,38.2991,730,2,0,3167,40.0306,40.1822,17.5534
32.9637,5.03102,0,5.03102,10.24,38.2991,730,2,0,3169,40.0401,40.1915,17.551
32.9817,5.93127,0,5.93127,10.22,38.2478,736,2,0,3171,40.0615,40.2129,17.5486
32.9953,0.209536,0,0.209536,10.22,38.2478,700,0,0,3171,40.0615,40.2129,17.5486
33.0101,2.90947,0,2.90947,10.2,38.1965,710,1,0,3172,40.0646,40.216,17.5474
33.0318,5.08856,0,5.08856,10.2,38.1965,710,1,0,3173,40.0829,40.2342,17.5461
33.0493,5.63384,0,5.63384,10.18,38.1452,720,2,0,3175,40.1043,40.2554,17.5437
33.0676,2.84812,0,2.84812,10.18,38.1452,720,2,0,3177,40.0969,40.248,17.5413
33.0822,4.14586,0,4.14586,10.16,38.0939,700,1,0,3179,40.1041,40.2551,17.5389
33.1049,4.49476,0,4.49476,10.16,38.0939,700,1,0,3180,40.1208,40.2717,17.5377
33.1186,3.50176,0,3.50176,10.14,38.0426,701,2,0,3182,40.1185,40.2693,17.5353
33.1393,2.54862,0,2.54862,10.14,38.0426,681,1,0,3183,40.1191,40.2699,17.5341
33.153,3.03178,0,3.03178,10.12,37.9913,681,1,0,3184,40.1281,40.2789,17.5329
33.1741,2.72717,0,2.72717,10.12,37.9913,681,1,0,3185,40.1344,40.2851,17.5316
33.1889,4.40941,0,4.40941,10.1,37.94,699,1,0,3186,40.1488,40.2994,17.5304
33.211,4.81567,0,4.81567,10.1,37.94,700,2,0,3188,40.1637,40.3143,17.528
33.2287,6.86429,0,6.86429,10.08,37.8888,699,2,0,3190,40.19,40.3404,17.5256
33.2497,6.80583,0,6.80583,10.08,37.8888,699,2,0,3192,40.2121,40.3625,17.5232
33.2629,2.01446,0,2.01446,10.06,37.8375,689,1,0,3193,40.212,40.3624,17.522
33.2844,2.86521,0,2.86521,10.06,37.8375,689,1,0,3194,40.2235,40.3738,17.5208
33.2966,0.242569,0,0.242569,10.04,37.7862,679,0,0,3194,40.2235,40.3738,17.5208
33.3187,3.10847,0,3.10847,10.04,37.7862,689,1,0,3196,40.2231,40.3733,17.5184
33.3339,3.40305,0,3.40305,10.02,37.7349,689,1,0,3197,40.2299,40.38,17.5172
33.3553,4.84117,0,4.84117,10.02,37.7349,689,1,0,3198,40.2436,40.3937,17.516
33.3741,7.09378,0,7.09378,10,37.6836,940,15,0,3200,40.2544,40.4059,17.5136
33.3897,2.64156,0,2.64156,10,37.6836,689,1,0,3201,40.2655,40.4171,17.5124
33.4323,31.0518,13.905,17.1468,9.98,37.6323,4699,597,0,3203,40.2838,40.4324,17.51
33.4462,3.46679,0,3.46679,9.96,37.581,659,1,0,3204,40.2984,40.4469,17.5088
33.4686,5.48563,0,5.48563,9.96,37.581,669,2,0,3206,40.3175,40.466,17.5064
33.4835,5.42049,0,5.42049,9.94,37.5297,659,2,0,3208,40.3339,40.4822,17.504
33.5033,3.46461,0,3.46461,9.94,37.5297,658,1,0,3209,40.3515,40.4998,17.5028
33.5161,3.65939,0,3.65939,9.92,37.4784,658,1,0,3210,40.3617,40.51,17.5017
33.5367,3.06106,0,3.06106,9.92,37.4784,658,1,0,3212,40.3587,40.5068,17.4993
33.5504,4.25735,0,4.25735,9.9,37.4271,658,0,0,3214,40.3634,40.5115,17.4969
33.5724,5.27211,0,5.27211,9.9,37.4271,678,2,0,3216,40.3772,40.5252,17.4945
33.5857,3.66692,0,3.66692,9.88,37.3758,668,1,0,3217,40.3895,40.5375,17.4933
33.6037,0.327897,0,0.327897,9.88,37.3758,658,0,0,3217,40.3895,40.5375,17.4933
33.6183,4.80852,0,4.80852,9.86,37.3245,668,2,0,3219,40.3983,40.5461,17.4909
33.6352,0.411994,0,0.411994,9.86,37.3245,648,0,0,3219,40.3983,40.5461,17.4909
33.6483,3.3391,0,3.3391,9.84,37.2732,658,1,0,3220,40.4093,40.5571,17.4897
33.6667,0.668537,0,0.668537,9.84,37.2732,648,0,0,3220,40.4093,40.5571,17.4897
33.6827,6.44026,0,6.44026,9.82,37.2219,648,2,0,3222,40.4314,40.5791,17.4874
33.7014,4.05719,0,4.05719,9.82,37.2219,638,1,0,3224,40.4398,40.5875,17.485
33.7177,6.67565,0,6.67565,9.8,37.1706,648,2,0,3226,40.4644,40.6119,17.4826
33.7363,4.09285,0,4.09285,9.8,37.1706,638,1,0,3228,40.4681,40.6156,17.4802
33.7465,0.678236,0,0.678236,9.78,37.1194,628,0,0,3228,40.4681,40.6156,17.4802
33.7711,3.37278,0,3.37278,9.78,37.1194,638,1,0,3230,40.4693,40.6167,17.4779
33.7803,0.148653,0,0.148653,9.76,37.0681,628,0,0,3230,40.4693,40.6167,17.4779
33.8066,4.30134,0,4.30134,9.76,37.0681,651,2,0,3232,40.474,40.6213,17.4755
33.8194,3.91607,0,3.91607,9.74,37.0168,618,1,0,3233,40.493,40.6403,17.4743
33.841,3.94635,0,3.94635,9.74,37.0168,618,1,0,3234,40.5133,40.6605,17.4731
33.8506,0.645883,0,0.645883,9.72,36.9655,608,0,0,3234,40.5133,40.6605,17.4731
33.8773,6.03212,0,6.03212,9.72,36.9655,618,1,0,3236,40.5417,40.6888,17.4708
33.8887,2.50812,0,2.50812,9.7,36.9142,618,1,0,3237,40.5474,40.6945,17.4696
33.912,4.40162,0,4.40162,9.7,36.9142,618,1,0,3239,40.5505,40.6974,17.4672
33.9283,6.52703,0,6.52703,9.68,36.8629,635,2,0,3241,40.5696,40.7164,17.4648
33.9462,4.50368,0,4.50368,9.68,36.8629,625,1,0,3242,40.5867,40.7335,17.4637
33.962,5.73739,0,5.73739,9.66,36.8116,634,2,0,3244,40.6002,40.7469,17.4613
33.9798,3.71873,0,3.71873,9.66,36.8116,738,0,0,3245,40.6133,40.7599,17.4601
33.9952,5.32918,0,5.32918,9.64,36.7603,699,1,0,3246,40.63,40.7766,17.4589
34.0132,3.55044,0,3.55044,9.64,36.7603,634,1,0,3247,40.636,40.7826,17.4578
34.0618,38.4516,18.1944,20.2572,9.62,36.709,5293,1000,0,3248,40.6262,40.7777,17.4566
34.0813,12.4472,0,12.4472,9.6,43.5741,2494,173,0,3249,40.5719,40.7261,17.4554
34.0942,3.999,0,3.999,9.6,43.5741,387,0,0,3250,40.5818,40.736,17.4542
34.1054,4.86559,0,4.86559,9.58,43.4813,406,2,0,3252,40.6024,40.7565,17.4519
34.1297,7.23566,0,7.23566,9.58,43.4813,396,1,0,3254,40.6328,40.7867,17.4495
34.1384,2.27231,0,2.27231,9.56,43.3886,396,1,0,3255,40.6289,40.7828,17.4484
34.1633,5.58362,0,5.58362,9.56,43.3886,505,3,0,3257,40.6417,40.7955,17.446
34.1743,4.35091,0,4.35091,9.54,43.2959,390,1,0,3259,40.656,40.8098,17.4437
34.1961,4.59052,0,4.59052,9.54,43.2959,390,1,0,3261,40.6645,40.8182,17.4413
34.2061,3.70551,0,3.70551,9.52,43.2035,392,1,0,3262,40.675,40.8286,17.4401
34.2285,4.34208,0,4.34208,9.52,43.2035,392,1,0,3263,40.6899,40.8434,17.439
34.2427,7.40157,0,7.40157,9.5,43.111,384,2,0,3265,40.7234,40.8769,17.4366
34.2616,4.75023,0,4.75023,9.5,43.111,374,1,0,3267,40.7291,40.8825,17.4343
34.2685,0.572609,0,0.572609,9.48,43.0187,352,0,0,3267,40.7291,40.8825,17.4343
34.2936,3.94086,0,3.94086,9.48,43.0187,352,0,0,3269,40.7308,40.8841,17.432
34.3046,4.86597,0,4.86597,9.46,42.9266,361,1,0,3270,40.7486,40.9018,17.4308
34.3268,5.08137,0,5.08137,9.46,42.9266,361,1,0,3272,40.7598,40.9129,17.4285
34.3392,6.09443,0,6.09443,9.44,42.8345,371,2,0,3274,40.7838,40.9368,17.4261
34.3579,2.90625,0,2.90625,9.44,42.8345,361,1,0,3275,40.7887,40.9417,17.425
34.368,3.7465,0,3.7465,9.42,42.7427,343,0,0,3276,40.8022,40.9551,17.4238
34.3907,5.13236,0,5.13236,9.42,42.7427,363,2,0,3278,40.8164,40.9692,17.4215
34.4011,4.47135,0,4.47135,9.4,42.6507,363,2,0,3280,40.8235,40.9762,17.4191
34.4216,3.39673,0,3.39673,9.4,42.6507,353,1,0,3281,40.8315,40.9842,17.418
34.4337,6.05076,0,6.05076,9.38,42.5591,345,1,0,3283,40.845,40.9976,17.4156
34.4561,6.72197,0,6.72197,9.38,42.5591,355,2,0,3285,40.8734,41.0259,17.4133
34.4676,5.57868,0,5.57868,9.36,42.4673,415,9,0,3287,40.8859,41.0392,17.411
34.4884,4.70266,0,4.70266,9.36,42.4673,355,2,0,3289,40.9042,41.0575,17.4087
34.4963,2.06596,0,2.06596,9.34,42.3758,327,0,0,3290,40.9024,41.0556,17.4075
34.5185,2.4335,0,2.4335,9.34,42.3758,337,1,0,3291,40.907,41.0602,17.4064
34.5255,1.11808,0,1.11808,9.32,42.2842,337,1,0,3292,40.9043,41.0574,17.4052
34.5487,3.60316,0,3.60316,9.32,42.2842,337,1,0,3294,40.9092,41.0622,17.4029
34.5618,6.05541,0,6.05541,9.3,42.1929,339,1,0,3296,40.9245,41.0774,17.4006
34.5817,6.11228,0,6.11228,9.3,42.1929,341,1,0,3298,40.9391,41.0919,17.3983
34.5941,5.63146,0,5.63146,9.28,42.1018,336,2,0,3300,40.9612,41.1139,17.3959
34.6138,5.4959,0,5.4959,9.28,42.1018,328,1,0,3301,40.9761,41.1287,17.3948
34.6296,6.90057,0,6.90057,9.26,42.0106,348,4,0,3303,40.9982,41.1511,17.3925
34.6481,6.55464,0,6.55464,9.26,42.0106,334,1,0,3305,41.0182,41.171,17.3902
34.661,5.98568,0,5.98568,9.24,41.9196,338,2,0,3307,41.0375,41.1902,17.3879
34.6766,1.89806,0,1.89806,9.24,41.9196,318,0,0,3308,41.0384,41.1911,17.3867
34.6841,0.630387,0,0.630387,9.22,41.8286,310,0,0,3308,41.0384,41.1911,17.3867
34.7094,5.71847,0,5.71847,9.22,41.8286,330,2,0,3310,41.0595,41.2121,17.3844
34.7223,6.02673,0,6.02673,9.2,41.7377,318,1,0,3312,41.0791,41.2316,17.3821
34.7395,3.51024,0,3.51024,9.2,41.7377,318,1,0,3313,41.0893,41.2418,17.381
34.7504,4.00964,0,4.00964,9.18,41.6467,308,0,0,3314,41.1041,41.2565,17.3798
34.7711,4.86206,0,4.86206,9.18,41.6467,318,1,0,3316,41.1143,41.2666,17.3775
34.7813,3.48977,0,3.48977,9.16,41.5557,328,4,0,3317,41.1248,41.2765,17.3764
34.8038,5.95289,0,5.95289,9.16,41.5557,308,1,0,3319,41.1446,41.2962,17.3741
34.8136,3.05124,0,3.05124,9.14,41.4648,315,1,0,3320,41.1476,41.2991,17.3729
34.8377,7.02948,0,7.02948,9.14,41.4648,395,4,0,3322,41.1668,41.3161,17.3706
34.8474,2.58494,0,2.58494,9.12,41.3738,305,0,0,3323,41.1742,41.3235,17.3695
34.8706,5.97083,0,5.97083,9.12,41.3738,325,2,0,3325,41.194,41.3432,17.3672
34.8796,2.00792,0,2.00792,9.1,41.2829,295,0,0,3326,41.1957,41.3449,17.3661
34.9019,4.31726,0,4.31726,9.1,41.2829,305,1,0,3327,41.208,41.3571,17.3649
34.9133,4.70359,0,4.70359,9.08,41.1919,303,2,0,3329,41.2169,41.3659,17.3626
34.9333,4.79597,0,4.79597,9.08,41.1919,303,2,0,3331,41.227,41.3759,17.3603
34.9429,3.93326,0,3.93326,9.06,41.101,283,1,0,3332,41.2407,41.3896,17.3592
34.9664,5.75873,0,5.75873,9.06,41.101,350,0,0,3334,41.2567,41.4055,17.3569
34.9752,3.40864,0,3.40864,9.04,41.01,282,1,0,3335,41.2666,41.4153,17.3558
34.9979,4.42186,0,4.42186,9.04,41.01,282,2,0,3337,41.267,41.4156,17.3535
35.0082,4.50408,0,4.50408,9.02,40.9191,252,1,0,3338,41.2822,41.4308,17.3523
35.0286,3.40747,0,3.40747,9.02,40.9191,242,0,0,3339,41.2953,41.4438,17.3512
35.0372,3.03432,0,3.03432,9,40.8281,265,3,0,3340,41.2988,41.4473,17.3501
35.062,6.09259,0,6.09259,9,40.8281,279,2,0,3342,41.3235,41.4719,17.3478
35.0741,6.37704,0,6.37704,8.98,40.7372,272,1,0,3344,41.3394,41.4877,17.3455
35.0941,4.58438,0,4.58438,8.98,40.7372,282,2,0,3346,41.3455,41.4937,17.3432
35.1027,2.9198,0,2.9198,8.96,40.6462,265,1,0,3347,41.3529,41.501,17.3421
35.126,4.486,0,4.486,8.96,40.6462,265,1,0,3348,41.3692,41.5173,17.341
35.1377,6.0438,0,6.0438,8.94,40.5552,255,1,0,3350,41.3925,41.5406,17.3387
35.1559,2.62128,0,2.62128,8.94,40.5552,255,1,0,3351,41.3963,41.5443,17.3376
35.1635,2.28405,0,2.28405,8.92,40.4643,247,1,0,3352,41.3992,41.5471,17.3364
35.1866,3.71486,0,3.71486,8.92,40.4643,253,1,0,3353,41.4056,41.5535,17.3353
35.193,1.08218,0,1.08218,8.9,40.3733,227,0,0,3353,41.4056,41.5535,17.3353
35.2154,1.62191,0,1.62191,8.9,40.3733,227,0,0,3353,41.4056,41.5535,17.3353
35.227,5.66707,0,5.66707,8.88,40.2824,487,0,0,3354,41.4144,41.5623,17.3342
35.2445,1.72817,0,1.72817,8.88,40.2824,226,0,0,3354,41.4144,41.5623,17.3342
35.2547,4.6204,0,4.6204,8.86,40.1914,235,1,0,3356,41.4258,41.5736,17.3319
35.2726,0.55222,0,0.55222,8.86,40.1914,225,0,0,3356,41.4258,41.5736,17.3319
35.2834,4.6612,0,4.6612,8.84,40.1005,235,1,0,3357,41.4418,41.5895,17.3308
35.2998,0.660348,0,0.660348,8.84,40.1005,225,0,0,3357,41.4418,41.5895,17.3308
35.3126,5.77764,0,5.77764,8.82,40.0095,225,0,0,3359,41.446,41.5936,17.3285
35.3294,3.18736,0,3.18736,8.82,40.0095,240,1,0,3360,41.4533,41.6009,17.3274
35.3413,6.22544,0,6.22544,8.8,39.9186,243,2,0,3362,41.4726,41.6202,17.3251
35.3635,7.11461,0,7.11461,8.8,39.9186,246,3,0,3364,41.4952,41.6427,17.3229
35.3718,2.44637,0,2.44637,8.78,39.8276,222,0,0,3365,41.4981,41.6455,17.3217
35.3956,4.92867,0,4.92867,8.78,39.8276,232,1,0,3366,41.511,41.6583,17.3206
35.4058,4.47229,0,4.47229,8.76,39.7367,223,1,0,3368,41.5145,41.6618,17.3183
35.4277,4.74121,0,4.74121,8.76,39.7367,213,0,0,3370,41.5226,41.6697,17.3161
35.4373,3.69605,0,3.69605,8.74,39.6457,223,1,0,3371,41.5393,41.6864,17.315
35.4572,1.9755,0,1.9755,8.74,39.6457,223,1,0,3372,41.5436,41.6907,17.3138
35.4676,5.06445,0,5.06445,8.72,39.5547,213,1,0,3373,41.5648,41.7118,17.3127
35.4904,6.41026,0,6.41026,8.72,39.5547,223,2,0,3375,41.5881,41.7351,17.3105
35.4991,3.27753,0,3.27753,8.7,39.4638,212,1,0,3376,41.5986,41.7456,17.3093
35.5203,2.98299,0,2.98299,8.7,39.4638,202,0,0,3377,41.6029,41.7498,17.3082
35.5307,5.27685,0,5.27685,8.68,39.3728,212,1,0,3378,41.6226,41.7694,17.3071
35.5476,0.359924,0,0.359924,8.68,39.3728,200,0,0,3378,41.6226,41.7694,17.3071
35.5552,2.389,0,2.389,8.66,39.2819,228,2,0,3379,41.6218,41.7686,17.306
35.5786,3.95828,0,3.95828,8.66,39.2819,210,1,0,3380,41.6405,41.7873,17.3049
35.585,0.813603,0,0.813603,8.64,39.1909,200,0,0,3380,41.6405,41.7873,17.3049
35.6136,8.02054,0,8.02054,8.64,39.1909,260,7,0,3382,41.6709,41.8173,17.3026
35.6288,10.1073,0,10.1073,8.62,39.1,220,2,0,3384,41.7139,41.8602,17.3004
35.6449,4.27026,0,4.27026,8.62,39.1,210,1,0,3386,41.7197,41.8659,17.2981
35.655,4.41757,0,4.41757,8.6,39.009,210,1,0,3387,41.7358,41.8819,17.297
35.6744,2.29582,0,2.29582,8.6,39.009,200,0,0,3388,41.7435,41.8896,17.2959
35.6813,1.72314,0,1.72314,8.58,38.9181,200,0,0,3388,41.7435,41.8896,17.2959
35.7036,2.18805,0,2.18805,8.58,38.9181,210,1,0,3389,41.7495,41.8955,17.2948
35.715,5.96056,0,5.96056,8.56,38.8271,210,1,0,3391,41.7623,41.9083,17.2925
35.7335,3.69899,0,3.69899,8.56,38.8271,210,1,0,3392,41.7736,41.9195,17.2914
35.7446,5.00298,0,5.00298,8.54,38.7362,198,1,0,3393,41.7893,41.9352,17.2903
35.7643,4.83038,0,4.83038,8.54,38.7362,198,1,0,3395,41.7988,41.9446,17.2881
35.7707,0.335887,0,0.335887,8.52,38.6452,188,0,0,3395,41.7988,41.9446,17.2881
35.7939,3.51684,0,3.51684,8.52,38.6452,188,0,0,3396,41.8127,41.9585,17.2869
35.8034,2.61109,0,2.61109,8.5,35.6206,198,0,0,3397,41.8184,41.9641,17.2858
35.8233,2.76542,0,2.76542,8.5,35.6206,208,1,0,3398,41.8208,41.9665,17.2847
35.8298,1.33178,0,1.33178,8.48,35.518,188,0,0,3398,41.8208,41.9665,17.2847
35.8566,6.27624,0,6.27624,8.48,35.518,217,2,0,3400,41.8297,41.9753,17.2825
35.8653,2.73454,0,2.73454,8.46,35.4152,198,1,0,3401,41.8371,41.9827,17.2814
35.8876,3.59292,0,3.59292,8.46,35.4152,198,1,0,3402,41.8377,41.9832,17.2803
35.8975,4.77626,0,4.77626,8.44,35.3126,206,2,0,3404,41.8437,41.9891,17.278
35.9181,3.53505,0,3.53505,8.44,35.3126,196,1,0,3405,41.8514,41.9968,17.2769
35.9291,5.98261,0,5.98261,8.42,35.2099,190,2,0,3407,41.87,42.0153,17.2747
35.949,3.98076,0,3.98076,8.42,35.2099,180,1,0,3408,41.885,42.0302,17.2736
35.9552,0.954063,0,0.954063,8.4,35.1074,171,0,0,3408,41.885,42.0302,17.2736
35.9828,6.54372,0,6.54372,8.4,35.1074,191,2,0,3410,41.9038,42.049,17.2714
35.9885,0.333254,0,0.333254,8.38,35.0049,173,0,0,3410,41.9038,42.049,17.2714
36.0145,4.67758,0,4.67758,8.38,35.0049,183,1,0,3411,41.9211,42.0663,17.2702
36.0255,5.07381,0,5.07381,8.36,34.9025,183,1,0,3412,41.9358,42.0809,17.2691
36.042,0.24499,0,0.24499,8.36,34.9025,173,0,0,3412,41.9358,42.0809,17.2691
36.0505,2.64113,0,2.64113,8.34,34.8004,183,1,0,3413,41.937,42.082,17.268
36.076,6.24862,0,6.24862,8.34,34.8004,183,1,0,3415,41.9508,42.0958,17.2658
36.0867,5.35213,0,5.35213,8.32,34.6982,193,2,0,3417,41.9649,42.1097,17.2636
36.112,8.62491,0,8.62491,8.32,34.6982,193,2,0,3419,41.9977,42.1424,17.2614
36.1199,2.79504,0,2.79504,8.3,34.5963,183,1,0,3420,42.0012,42.1459,17.2603
36.1425,3.68187,0,3.68187,8.3,34.5963,173,0,0,3421,42.0129,42.1576,17.2592
36.1483,0.33933,0,0.33933,8.28,34.4942,173,0,0,3421,42.0129,42.1576,17.2592
36.1732,3.53984,0,3.53984,8.28,34.4942,173,0,0,3422,42.0251,42.1698,17.2581
36.1844,5.97252,0,5.97252,8.26,34.3925,199,2,0,3424,42.0397,42.1843,17.2558
36.2032,2.84666,0,2.84666,8.26,34.3925,173,0,0,3425,42.0423,42.1869,17.2547
36.2131,4.90286,0,4.90286,8.24,34.2906,178,1,0,3427,42.0487,42.1932,17.2525
36.235,4.77164,0,4.77164,8.24,34.2906,186,1,0,3428,42.0578,42.2022,17.2514
36.245,4.94191,0,4.94191,8.22,34.189,179,1,0,3429,42.0738,42.2181,17.2503
36.2646,2.57137,0,2.57137,8.22,34.189,169,0,0,3430,42.0679,42.2122,17.2492
36.2749,4.80884,0,4.80884,8.2,34.0873,179,1,0,3432,42.0795,42.2238,17.247
36.2948,3.82145,0,3.82145,8.2,34.0873,177,1,0,3433,42.0903,42.2345,17.2459
36.3032,1.81417,0,1.81417,8.18,33.9859,168,1,0,3434,42.0909,42.235,17.2448
36.3242,3.10803,0,3.10803,8.18,33.9859,158,0,0,3435,42.0937,42.2378,17.2437
36.3392,8.13805,0,8.13805,8.16,33.8845,178,2,0,3437,42.1263,42.2703,17.2415
36.3533,3.15801,0,3.15801,8.16,33.8845,168,1,0,3438,42.1387,42.2827,17.2404
36.3664,7.84964,0,7.84964,8.14,33.7833,178,2,0,3440,42.1634,42.3073,17.2382
36.3827,2.37155,0,2.37155,8.14,33.7833,168,1,0,3441,42.1668,42.3107,17.2371
36.389,1.43002,0,1.43002,8.12,33.682,158,0,0,3442,42.1621,42.3059,17.236
36.4128,3.59483,0,3.59483,8.12,33.682,168,1,0,3443,42.167,42.3108,17.2349
36.4211,3.42257,0,3.42257,8.1,33.581,192,1,0,3444,42.1713,42.315,17.2338
36.4426,3.26537,0,3.26537,8.1,33.581,168,1,0,3446,42.1637,42.3073,17.2316
36.4554,7.29714,0,7.29714,8.08,33.48,150,1,0,3448,42.1845,42.328,17.2294
36.4714,1.73067,0,1.73067,8.08,33.48,140,0,0,3449,42.1809,42.3244,17.2283
36.4836,7.02279,0,7.02279,8.06,33.3792,160,2,0,3451,42.2025,42.346,17.2261
36.5025,4.29919,0,4.29919,8.06,33.3792,160,2,0,3453,42.2053,42.3487,17.224
36.5111,3.67604,0,3.67604,8.04,33.2784,252,5,0,3454,42.207,42.3506,17.2229
36.5303,1.30976,0,1.30976,8.04,33.2784,140,0,0,3455,42.2041,42.3476,17.2218
36.5383,3.27903,0,3.27903,8.02,33.1778,150,1,0,3456,42.2098,42.3533,17.2207
36.5616,6.09998,0,6.09998,8.02,33.1778,160,2,0,3458,42.2302,42.3736,17.2185
36.5731,5.03511,0,5.03511,8,33.0772,175,0,0,3460,42.2309,42.3743,17.2163
36.5925,5.27215,0,5.27215,8,33.0772,155,2,0,3462,42.2371,42.3804,17.2141
36.6373,38.715,33.462,5.253,7.98,32.9769,2769,413,0,3462,42.227,42.3709,17.2141
36.6454,2.21752,0,2.21752,7.96,32.8765,153,3,0,3463,42.2221,42.3659,17.213
36.6672,3.48782,0,3.48782,7.96,32.8765,143,1,0,3465,42.2271,42.3709,17.2109
36.6757,4.13762,0,4.13762,7.94,32.7763,133,0,0,3467,42.2256,42.3692,17.2087
36.6958,2.41125,0,2.41125,7.94,32.7763,143,1,0,3468,42.2246,42.3682,17.2076
36.7013,1.0976,0,1.0976,7.92,32.6761,133,0,0,3468,42.2246,42.3682,17.2076
36.7247,3.65999,0,3.65999,7.92,32.6761,133,0,0,3469,42.2355,42.3791,17.2065
36.7373,6.93538,0,6.93538,7.9,32.576,153,2,0,3471,42.2567,42.4002,17.2043
36.7545,4.43155,0,4.43155,7.9,32.576,133,0,0,3472,42.2658,42.4093,17.2032
36.7623,1.63089,0,1.63089,7.88,32.4758,153,1,0,3473,42.2655,42.4089,17.2022
36.7839,4.08047,0,4.08047,7.88,32.4758,143,0,0,3474,42.2792,42.4226,17.2011
36.7921,2.24992,0,2.24992,7.86,32.3757,153,1,0,3475,42.2783,42.4216,17.2
36.8131,4.05213,0,4.05213,7.86,32.3757,143,0,0,3476,42.2865,42.4298,17.1989
36.8223,4.28015,0,4.28015,7.84,32.2755,145,1,0,3477,42.2968,42.44,17.1978
36.8468,6.93993,0,6.93993,7.84,32.2755,145,1,0,3479,42.3139,42.457,17.1956
36.8602,7.96671,0,7.96671,7.82,32.1754,155,2,0,3481,42.3355,42.4786,17.1935
36.8785,5.06251,0,5.06251,7.82,32.1754,145,1,0,3483,42.3396,42.4826,17.1913
36.8874,4.11506,0,4.11506,7.8,32.0752,171,2,0,3485,42.3481,42.491,17.1891
36.9111,6.02036,0,6.02036,7.8,32.0752,161,1,0,3487,42.3605,42.5033,17.187
36.9216,5.63613,0,5.63613,7.78,31.9751,161,1,0,3488,42.3759,42.5186,17.1859
36.9416,4.24605,0,4.24605,7.78,31.9751,161,1,0,3489,42.3852,42.5279,17.1848
36.9524,5.97223,0,5.97223,7.76,31.8749,159,1,0,3491,42.4042,42.5468,17.1827
36.9714,3.28627,0,3.28627,7.76,31.8749,159,1,0,3492,42.4064,42.549,17.1816
36.9802,3.76295,0,3.76295,7.74,31.7748,149,1,0,3494,42.4021,42.5446,17.1794
37.0018,3.40648,0,3.40648,7.74,31.7748,139,0,0,3495,42.4083,42.5508,17.1783
37.0076,0.824761,0,0.824761,7.72,31.6746,132,0,0,3495,42.4083,42.5508,17.1783
37.0324,3.66395,0,3.66395,7.72,31.6746,148,1,0,3497,42.4052,42.5476,17.1762
37.0396,2.16655,0,2.16655,7.7,31.5745,144,1,0,3498,42.4068,42.5492,17.1751
37.0625,3.02641,0,3.02641,7.7,31.5745,134,0,0,3499,42.4087,42.551,17.174
37.0707,2.74016,0,2.74016,7.68,31.4743,144,1,0,3500,42.4171,42.5594,17.173
37.093,3.53154,0,3.53154,7.68,31.4743,144,1,0,3501,42.4279,42.5701,17.1719
37.105,6.19595,0,6.19595,7.66,31.3742,164,2,0,3503,42.4433,42.5855,17.1697
37.125,4.70158,0,4.70158,7.66,31.3742,158,0,0,3505,42.4405,42.5826,17.1676
37.1369,6.40445,0,6.40445,7.64,31.274,166,2,0,3507,42.4568,42.5988,17.1654
37.1528,2.03099,0,2.03099,7.64,31.274,156,1,0,3508,42.4555,42.5975,17.1644
37.1657,6.87706,0,6.87706,7.62,31.1739,163,1,0,3510,42.4718,42.6137,17.1622
37.1809,2.47803,0,2.47803,7.62,31.1739,156,1,0,3511,42.4774,42.6192,17.1611
37.1925,5.79585,0,5.79585,7.6,31.0737,216,2,0,3513,42.4868,42.6285,17.159
37.2069,0.300896,0,0.300896,7.6,31.0737,150,0,0,3513,42.4868,42.6285,17.159
37.2149,3.03723,0,3.03723,7.58,30.9736,158,1,0,3514,42.4895,42.6312,17.1579
37.2388,5.35861,0,5.35861,7.58,30.9736,158,1,0,3516,42.5054,42.647,17.1558
37.2444,0.824676,0,0.824676,7.56,30.8734,144,0,0,3516,42.5054,42.647,17.1558
37.2666,1.26942,0,1.26942,7.56,30.8734,144,0,0,3516,42.5054,42.647,17.1558
37.2748,3.11651,0,3.11651,7.54,30.7733,152,0,0,3517,42.5135,42.6551,17.1547
37.297,3.54531,0,3.54531,7.54,30.7733,162,1,0,3519,42.5101,42.6516,17.1526
37.3097,7.26646,0,7.26646,7.52,30.6731,178,1,0,3521,42.5246,42.666,17.1504
37.3267,3.093,0,3.093,7.52,30.6731,178,1,0,3522,42.5304,42.6718,17.1494
37.3364,4.35274,0,4.35274,7.5,30.573,178,1,0,3524,42.5332,42.6745,17.1472
37.3581,4.76143,0,4.76143,7.5,30.573,178,1,0,3525,42.5475,42.6888,17.1462
37.3669,3.45527,0,3.45527,7.48,30.4728,188,1,0,3526,42.5584,42.6997,17.1451
37.3888,3.96123,0,3.96123,7.48,30.4728,178,1,0,3527,42.5665,42.7077,17.144
37.3972,3.07508,0,3.07508,7.46,30.3727,178,1,0,3528,42.5734,42.7146,17.143
37.4222,7.34687,0,7.34687,7.46,30.3727,178,1,0,3530,42.5909,42.732,17.1408
37.4291,0.682055,0,0.682055,7.44,30.2725,166,0,0,3530,42.5909,42.732,17.1408
37.4541,6.37985,0,6.37985,7.44,30.2725,176,1,0,3532,42.5997,42.7407,17.1387
37.4613,0.48499,0,0.48499,7.42,30.1724,156,0,0,3532,42.5997,42.7407,17.1387
37.4834,3.33746,0,3.33746,7.42,30.1724,166,1,0,3533,42.6049,42.7458,17.1376
37.4958,6.2991,0,6.2991,7.4,30.0722,168,2,0,3535,42.619,42.7598,17.1355
37.5108,1.32582,0,1.32582,7.4,30.0722,148,0,0,3535,42.619,42.7598,17.1355
37.5226,5.2555,0,5.2555,7.38,29.9721,204,2,0,3537,42.6279,42.7687,17.1334
37.5393,2.35708,0,2.35708,7.38,29.9721,148,0,0,3538,42.6249,42.7657,17.1323
37.5479,2.8741,0,2.8741,7.36,29.8719,158,1,0,3539,42.6296,42.7703,17.1313
37.57,3.71287,0,3.71287,7.36,29.8719,158,1,0,3541,42.6284,42.769,17.1291
37.5788,3.60935,0,3.60935,7.34,29.7718,158,1,0,3542,42.6352,42.7758,17.1281
37.598,1.15249,0,1.15249,7.34,29.7718,148,0,0,3542,42.6352,42.7758,17.1281
37.6074,4.02588,0,4.02588,7.32,29.6717,158,1,0,3543,42.641,42.7815,17.127
37.6282,3.3768,0,3.3768,7.32,29.6717,169,1,0,3544,42.6495,42.7901,17.126
37.637,3.99397,0,3.99397,7.3,29.5715,160,1,0,3546,42.6475,42.7879,17.1238
37.6625,7.62807,0,7.62807,7.3,29.5715,170,2,0,3548,42.6728,42.8131,17.1217
37.6679,0.467328,0,0.467328,7.28,29.4714,150,0,0,3548,42.6728,42.8131,17.1217
37.6965,7.29752,0,7.29752,7.28,29.4714,170,2,0,3550,42.7008,42.8411,17.1196
37.704,2.18833,0,2.18833,7.26,29.3712,150,0,0,3551,42.704,42.8443,17.1185
37.7311,7.41329,0,7.41329,7.26,29.3712,168,1,0,3553,42.7242,42.8643,17.1164
37.7412,4.58722,0,4.58722,7.24,29.2711,160,1,0,3555,42.7288,42.8689,17.1143
37.762,4.15704,0,4.15704,7.24,29.2711,160,1,0,3556,42.7449,42.885,17.1133
37.7694,2.36459,0,2.36459,7.22,29.1709,179,2,0,3557,42.7416,42.8819,17.1122
37.7937,5.17005,0,5.17005,7.22,29.1709,160,0,0,3559,42.755,42.8952,17.1101
37.8025,3.69044,0,3.69044,7.2,29.0708,158,0,0,3560,42.7604,42.9006,17.109
37.8246,3.99628,0,3.99628,7.2,29.0708,168,1,0,3562,42.7673,42.9074,17.1069
37.8349,5.27893,0,5.27893,7.18,28.9706,178,2,0,3564,42.773,42.913,17.1048
37.8583,6.53565,0,6.53565,7.18,28.9706,173,1,0,3566,42.7821,42.922,17.1027
37.8681,4.04521,0,4.04521,7.16,28.8705,166,1,0,3567,42.7864,42.9263,17.1017
37.8947,9.12271,0,9.12271,7.16,28.8705,176,2,0,3569,42.8126,42.9524,17.0996
37.9063,5.97121,0,5.97121,7.14,28.7703,174,2,0,3571,42.8328,42.9726,17.0975
37.9246,2.77343,0,2.77343,7.14,28.7703,164,1,0,3572,42.8385,42.9782,17.0964
37.933,3.05833,0,3.05833,7.12,28.6702,156,1,0,3573,42.8455,42.9852,17.0954
37.9595,7.75046,0,7.75046,7.12,28.6702,156,1,0,3575,42.8685,43.0081,17.0933
37.9649,0.237976,0,0.237976,7.1,28.57,146,0,0,3575,42.8685,43.0081,17.0933
37.9916,5.07673,0,5.07673,7.1,28.57,156,1,0,3576,42.8845,43.024,17.0922
38.0242,27.1371,22.0843,5.05282,7.08,28.4699,1615,31,0,3576,42.8775,43.0176,17.0922
38.0335,2.99725,0,2.99725,7.06,28.3697,138,0,0,3577,42.8851,43.0252,17.0912
38.0553,4.2545,0,4.2545,7.06,28.3697,148,1,0,3578,42.8971,43.0372,17.0901
38.0667,5.85806,0,5.85806,7.04,28.2696,222,2,0,3580,42.9131,43.0531,17.088
38.0863,3.8681,0,3.8681,7.04,28.2696,146,1,0,3582,42.9193,43.0592,17.0859
38.0944,2.93019,0,2.93019,7.02,28.1694,146,1,0,3583,42.9188,43.0586,17.0849
38.1211,7.88678,0,7.88678,7.02,28.1694,156,2,0,3585,42.9423,43.082,17.0828
38.1301,3.68001,0,3.68001,7,28.0693,164,1,0,3586,42.949,43.0887,17.0817
38.1526,4.55662,0,4.55662,7,28.0693,164,1,0,3588,42.9523,43.092,17.0797
38.1615,3.69451,0,3.69451,6.98,27.9691,174,1,0,3589,42.9668,43.1064,17.0786
38.1866,7.16504,0,7.16504,6.98,27.9691,184,2,0,3591,42.9886,43.1281,17.0765
38.1928,0.870538,0,0.870538,6.96,27.869,164,0,0,3591,42.9886,43.1281,17.0765
38.2174,3.65016,0,3.65016,6.96,27.869,174,1,0,3592,42.9961,43.1356,17.0755
38.2268,3.72491,0,3.72491,6.94,27.7688,254,1,0,3593,43.005,43.1444,17.0744
38.2495,4.63976,0,4.63976,6.94,27.7688,254,1,0,3594,43.02,43.1594,17.0734
38.2616,5.52179,0,5.52179,6.92,27.6687,278,1,0,3596,43.0328,43.1721,17.0713
38.2796,2.54356,0,2.54356,6.92,27.6687,278,1,0,3597,43.0328,43.1721,17.0703
38.2895,3.92708,0,3.92708,6.9,27.5685,286,1,0,3598,43.0484,43.1876,17.0692
38.3119,5.88958,0,5.88958,6.9,27.5685,286,1,0,3600,43.0642,43.2033,17.0671
38.3248,5.7265,0,5.7265,6.88,27.4684,397,2,0,3602,43.0758,43.2149,17.0651
38.3449,6.18285,0,6.18285,6.88,27.4684,321,2,0,3604,43.0827,43.2217,17.063
38.3566,4.26524,0,4.26524,6.86,27.3682,308,1,0,3606,43.0824,43.2213,17.0609
38.3769,4.80007,0,4.80007,6.86,27.3682,308,1,0,3607,43.0956,43.2345,17.0599
38.3884,4.43787,0,4.43787,6.84,27.2681,308,1,0,3608,43.1086,43.2475,17.0588
38.4081,4.34333,0,4.34333,6.84,27.2681,393,0,0,3609,43.1175,43.2563,17.0578
38.4218,6.60359,0,6.60359,6.82,27.1679,334,2,0,3611,43.1415,43.2803,17.0557
38.4419,7.08695,0,7.08695,6.82,27.1679,334,2,0,3613,43.1569,43.2956,17.0536
38.4518,2.58297,0,2.58297,6.8,27.0678,324,1,0,3614,43.1605,43.2991,17.0526
38.4725,3.61939,0,3.61939,6.8,27.0678,324,1,0,3616,43.1532,43.2918,17.0505
38.4818,1.83364,0,1.83364,6.78,26.9676,332,1,0,3617,43.1474,43.2859,17.0495
38.5065,6.79907,0,6.79907,6.78,26.9676,342,2,0,3619,43.1699,43.3084,17.0474
38.5163,2.77191,0,2.77191,6.76,26.8675,322,0,0,3620,43.168,43.3064,17.0464
38.5363,2.77699,0,2.77699,6.76,26.8675,332,1,0,3621,43.1737,43.3121,17.0454
38.5473,3.6358,0,3.6358,6.74,26.7673,340,0,0,3622,43.1797,43.3181,17.0443
38.5661,2.80071,0,2.80071,6.74,26.7673,340,0,0,3623,43.1822,43.3205,17.0433
38.5802,6.25738,0,6.25738,6.72,26.6672,366,1,0,3625,43.1975,43.3357,17.0412
38.5979,4.72749,0,4.72749,6.72,26.6672,366,1,0,3626,43.2085,43.3467,17.0402
38.6075,1.95068,0,1.95068,6.7,26.567,354,0,0,3627,43.2071,43.3452,17.0392
38.6255,0.541569,0,0.541569,6.7,26.567,354,0,0,3627,43.2071,43.3452,17.0392
38.6378,5.81108,0,5.81108,6.68,26.4669,392,2,0,3629,43.2136,43.3516,17.0371
38.659,5.80195,0,5.80195,6.68,26.4669,392,2,0,3631,43.2247,43.3627,17.0351
38.671,4.74879,0,4.74879,6.66,26.3668,372,1,0,3633,43.2243,43.3622,17.033
38.692,4.66605,0,4.66605,6.66,26.3668,372,1,0,3634,43.238,43.3759,17.032
38.7035,4.83152,0,4.83152,6.64,26.2666,380,1,0,3635,43.2523,43.3901,17.0309
38.7257,5.68969,0,5.68969,6.64,26.2666,390,2,0,3637,43.2648,43.4025,17.0289
38.7398,7.36575,0,7.36575,6.62,26.1665,400,2,0,3639,43.2869,43.4246,17.0268
38.7601,6.27191,0,6.27191,6.62,26.1665,400,2,0,3641,43.2958,43.4334,17.0248
38.7704,3.84993,0,3.84993,6.6,26.0663,390,1,0,3642,43.3056,43.4432,17.0237
38.791,2.98455,0,2.98455,6.6,26.0663,380,0,0,3643,43.3094,43.4469,17.0227
38.7985,1.06581,0,1.06581,6.58,25.9662,380,0,0,3643,43.3094,43.4469,17.0227
38.8234,4.21781,0,4.21781,6.58,25.9662,390,1,0,3644,43.3214,43.4588,17.0217
38.8307,0.989232,0,0.989232,6.56,25.866,380,0,0,3644,43.3214,43.4588,17.0217
38.8571,5.48459,0,5.48459,6.56,25.866,390,1,0,3646,43.3308,43.4682,17.0196
38.8695,5.52431,0,5.52431,6.54,25.7659,390,2,0,3648,43.3394,43.4767,17.0176
38.8933,7.75557,0,7.75557,6.54,25.7659,399,2,0,3650,43.3636,43.5008,17.0155
38.9047,5.33884,0,5.33884,6.52,25.6657,455,2,0,3652,43.3675,43.5047,17.0135
38.9285,6.99235,0,6.99235,6.52,25.6657,390,1,0,3654,43.3812,43.5183,17.0115
38.9398,3.88551,0,3.88551,6.5,25.5656,400,2,0,3656,43.3794,43.5164,17.0094
38.9622,7.12338,0,7.12338,6.5,25.5656,390,1,0,3658,43.3994,43.5364,17.0074
38.9754,5.90832,0,5.90832,6.48,25.4654,390,1,0,3660,43.4189,43.5557,17.0053
38.9898,0.915656,0,0.915656,6.48,25.4654,380,0,0,3661,43.4155,43.5523,17.0043
39.0029,6.85674,0,6.85674,6.46,25.3653,400,2,0,3663,43.4308,43.5676,17.0023
39.0204,2.83995,0,2.83995,6.46,25.3653,390,1,0,3664,43.4364,43.5731,17.0013
39.0291,2.30696,0,2.30696,6.44,25.2651,390,0,0,3665,43.4368,43.5735,17.0002
39.0523,3.4274,0,3.4274,6.44,25.2651,400,1,0,3666,43.4411,43.5777,16.9992
39.0935,34.6255,25.0718,9.55369,6.42,25.165,2215,65,0,3668,43.4477,43.5837,16.9972
39.1018,1.27389,0,1.27389,6.4,25.0648,390,0,0,3669,43.4429,43.5789,16.9962
39.1234,2.81042,0,2.81042,6.4,25.0648,390,0,0,3670,43.4441,43.5801,16.9951
39.1347,5.17875,0,5.17875,6.38,24.9647,400,2,0,3672,43.454,43.5899,16.9931
39.1539,2.40606,0,2.40606,6.38,24.9647,390,1,0,3673,43.4525,43.5883,16.9921
39.1644,4.54217,0,4.54217,6.36,24.8645,408,1,0,3674,43.4687,43.6045,16.9911
39.185,3.61306,0,3.61306,6.36,24.8645,390,1,0,3675,43.474,43.6098,16.9901
39.1956,4.42718,0,4.42718,6.34,24.7644,400,1,0,3677,43.4748,43.6106,16.988
39.2171,4.54261,0,4.54261,6.34,24.7644,400,1,0,3678,43.4793,43.615,16.987
39.2263,2.86363,0,2.86363,6.32,24.6642,390,0,0,3679,43.48,43.6157,16.986
39.2485,3.73851,0,3.73851,6.32,24.6642,400,1,0,3681,43.4773,43.6129,16.984
39.2602,5.21953,0,5.21953,6.3,24.5641,410,2,0,3683,43.4852,43.6207,16.982
39.2774,1.0208,0,1.0208,6.3,24.5641,390,0,0,3683,43.4852,43.6207,16.982
39.2892,5.38153,0,5.38153,6.28,24.4639,400,1,0,3685,43.4958,43.6312,16.9799
39.3094,3.50142,0,3.50142,6.28,24.4639,400,1,0,3686,43.506,43.6413,16.9789
39.317,1.26615,0,1.26615,6.26,24.3638,370,0,0,3687,43.5031,43.6385,16.9779
39.341,3.59666,0,3.59666,6.26,24.3638,380,1,0,3689,43.4974,43.6327,16.9759
39.3507,3.42988,0,3.42988,6.24,24.2636,380,1,0,3690,43.5057,43.6409,16.9749
39.373,3.78761,0,3.78761,6.24,24.2636,380,1,0,3691,43.5161,43.6513,16.9739
39.3835,4.10388,0,4.10388,6.22,24.1635,380,1,0,3692,43.529,43.6641,16.9729
39.4019,0.581881,0,0.581881,6.22,24.1635,370,0,0,3692,43.529,43.6641,16.9729
39.4134,5.0798,0,5.0798,6.2,24.0633,400,2,0,3694,43.5338,43.6689,16.9708
39.4344,5.22445,0,5.22445,6.2,24.0633,400,2,0,3696,43.5403,43.6753,16.9688
39.4443,2.20297,0,2.20297,6.18,23.9632,391,1,0,3697,43.538,43.673,16.9678
39.4657,4.04148,0,4.04148,6.18,23.9632,390,1,0,3698,43.5454,43.6804,16.9668
39.4805,6.71981,0,6.71981,6.16,23.863,400,2,0,3700,43.5643,43.6992,16.9648
39.4985,5.89726,0,5.89726,6.16,23.863,453,2,0,3702,43.5754,43.7104,16.9628
39.5108,4.86668,0,4.86668,6.14,23.7629,390,1,0,3704,43.5856,43.7206,16.9608
39.5341,8.57116,0,8.57116,6.14,23.7629,400,2,0,3706,43.6141,43.7491,16.9588
39.5458,4.34618,0,4.34618,6.12,23.6627,393,1,0,3707,43.6307,43.7656,16.9578
39.5672,6.08112,0,6.08112,6.12,23.6627,400,2,0,3709,43.642,43.7768,16.9557
39.5798,5.22914,0,5.22914,6.1,23.5626,400,1,0,3710,43.6536,43.7884,16.9547
39.5973,3.3888,0,3.3888,6.1,23.5626,390,0,0,3711,43.6559,43.7906,16.9537
39.6157,10.8014,5.89181,4.90955,6.08,23.4624,615,1,0,3713,43.6588,43.7934,16.9517
39.6329,8.05664,0,8.05664,6.08,23.4624,515,1,0,3715,43.6848,43.8194,16.9497
39.6463,6.14308,0,6.14308,6.06,23.3623,410,1,0,3717,43.7024,43.837,16.9477
39.6625,3.02115,0,3.02115,6.06,23.3623,418,1,0,3718,43.7071,43.8416,16.9467
39.6753,5.02906,0,5.02906,6.04,23.2621,400,1,0,3719,43.7206,43.8551,16.9457
39.6907,1.37298,0,1.37298,6.04,23.2621,390,0,0,3720,43.7159,43.8503,16.9447
39.7022,3.99037,0,3.99037,6.02,23.162,408,1,0,3721,43.7256,43.86,16.9437
39.7231,5.34943,0,5.34943,6.02,23.162,390,1,0,3722,43.7389,43.8732,16.9427
39.7361,5.06887,0,5.06887,6,23.0618,410,2,0,3724,43.7425,43.8767,16.9407
39.7514,0.918231,0,0.918231,6,23.0618,390,0,0,3724,43.7425,43.8767,16.9407
39.7644,6.50147,0,6.50147,5.98,22.9617,410,2,0,3726,43.763,43.8972,16.9387
39.7838,4.34351,0,4.34351,5.98,22.9617,400,1,0,3727,43.7743,43.9085,16.9377
39.7958,5.24182,0,5.24182,5.96,22.8616,380,1,0,3728,43.7905,43.9246,16.9367
39.8146,2.77712,0,2.77712,5.96,22.8616,370,0,0,3729,43.7868,43.9209,16.9357
39.8269,5.98606,0,5.98606,5.94,22.7614,390,2,0,3731,43.7968,43.9308,16.9337
39.8475,5.06738,0,5.06738,5.94,22.7614,390,2,0,3733,43.8036,43.9376,16.9317
39.8557,1.99725,0,1.99725,5.92,22.6613,360,0,0,3734,43.8013,43.9352,16.9308
39.8807,5.10607,0,5.10607,5.92,22.6613,370,1,0,3735,43.8134,43.9473,16.9298
39.8901,2.89877,0,2.89877,5.9,22.5611,390,0,0,3736,43.8158,43.9497,16.9288
39.9125,3.53716,0,3.53716,5.9,22.5611,400,1,0,3737,43.8199,43.9537,16.9278
39.9238,4.64458,0,4.64458,5.88,22.461,400,1,0,3738,43.8309,43.9647,16.9268
39.9498,8.75715,0,8.75715,5.88,22.461,437,2,0,3740,43.8572,43.9909,16.9248
39.9584,2.19898,0,2.19898,5.86,22.3608,410,1,0,3741,43.861,43.9947,16.9238
39.9827,4.73762,0,4.73762,5.86,22.3608,410,1,0,3742,43.8768,44.0104,16.9228
39.9947,5.72832,0,5.72832,5.84,22.2607,416,2,0,3744,43.8908,44.0243,16.9208
40.0156,5.01316,0,5.01316,5.84,22.2607,400,1,0,3746,43.8986,44.032,16.9188
40.0225,0.698123,0,0.698123,5.82,22.1605,390,0,0,3746,43.8986,44.032,16.9188
40.049,5.70938,0,5.70938,5.82,22.1605,410,2,0,3748,43.9133,44.0467,16.9168
40.0582,2.90808,0,2.90808,5.8,22.0604,400,0,0,3749,43.9133,44.0467,16.9159
40.0838,6.76398,0,6.76398,5.8,22.0604,423,2,0,3751,43.9267,44.06,16.9139
40.0956,4.49426,0,4.49426,5.78,21.9602,420,2,0,3753,43.9326,44.0658,16.9119
40.1152,4.86741,0,4.86741,5.78,21.9602,410,1,0,3755,43.9369,44.07,16.9099
40.1245,3.07773,0,3.07773,5.76,21.8601,410,1,0,3756,43.9428,44.0759,16.9089
40.152,8.88021,0,8.88021,5.76,21.8601,420,2,0,3758,43.9683,44.1014,16.9069
40.1611,1.99447,0,1.99447,5.74,21.7599,410,1,0,3759,43.9625,44.0955,16.906
40.1843,5.38884,0,5.38884,5.74,21.7599,420,2,0,3761,43.9694,44.1024,16.904
40.1956,4.02253,0,4.02253,5.72,21.6598,410,1,0,3762,43.9809,44.1138,16.903
40.2174,6.13891,0,6.13891,5.72,21.6598,420,2,0,3764,43.9995,44.1323,16.901
40.2288,4.16502,0,4.16502,5.7,21.5596,400,1,0,3765,44.0138,44.1466,16.9
40.2469,2.66023,0,2.66023,5.7,21.5596,390,0,0,3766,44.0119,44.1447,16.8991
40.2614,8.50989,0,8.50989,5.68,21.4595,390,2,0,3768,44.0435,44.1762,16.8971
40.2767,2.10986,0,2.10986,5.68,21.4595,370,0,0,3769,44.0435,44.1762,16.8961
40.285,1.77493,0,1.77493,5.66,21.3593,380,1,0,3770,44.0369,44.1695,16.8951
40.3084,3.16764,0,3.16764,5.66,21.3593,370,0,0,3771,44.0446,44.1771,16.8941
40.315,0.55638,0,0.55638,5.64,21.2592,370,0,0,3771,44.0446,44.1771,16.8941
40.3398,3.65535,0,3.65535,5.64,21.2592,380,1,0,3773,44.039,44.1715,16.8922
40.3515,5.77292,0,5.77292,5.62,21.159,400,2,0,3775,44.0482,44.1807,16.8902
40.3724,4.89716,0,4.89716,5.62,21.159,390,1,0,3776,44.0662,44.1986,16.8892
40.3807,2.35764,0,2.35764,5.6,21.0589,380,0,0,3777,44.068,44.2004,16.8882
40.4032,2.77881,0,2.77881,5.6,21.0589,380,0,0,3778,44.0733,44.2057,16.8872
40.4133,4.01738,0,4.01738,5.58,20.9587,380,1,0,3779,44.086,44.2183,16.8863
40.4379,6.87422,0,6.87422,5.58,20.9587,435,1,0,3781,44.1071,44.2394,16.8843
40.4485,4.51043,0,4.51043,5.56,20.8586,390,2,0,3783,44.1179,44.2501,16.8823
40.4695,3.73118,0,3.73118,5.56,20.8586,380,1,0,3784,44.1268,44.259,16.8814
40.5014,25.7674,11.8229,13.9445,5.54,20.7584,3364,172,0,3786,44.1373,44.2678,16.8794
40.5125,4.22566,0,4.22566,5.52,20.6583,356,1,0,3787,44.15,44.2804,16.8784
40.5349,5.53246,0,5.53246,5.52,20.6583,366,2,0,3789,44.1605,44.2908,16.8765
40.5416,0.939505,0,0.939505,5.5,20.5581,346,0,0,3789,44.1605,44.2908,16.8765
40.5662,3.55632,0,3.55632,5.5,20.5581,356,1,0,3790,44.1694,44.2997,16.8755
40.5765,4.37332,0,4.37332,5.48,20.458,366,2,0,3792,44.1751,44.3054,16.8735
40.594,0.164747,0,0.164747,5.48,20.458,346,0,0,3792,44.1751,44.3054,16.8735
40.6011,1.34373,0,1.34373,5.46,20.3578,346,0,0,3792,44.1751,44.3054,16.8735
40.6245,3.17332,0,3.17332,5.46,20.3578,346,0,0,3793,44.1759,44.3061,16.8726
40.634,3.70868,0,3.70868,5.44,20.2577,415,4,0,3795,44.1681,44.298,16.8706
40.655,2.92095,0,2.92095,5.44,20.2577,356,0,0,3796,44.1712,44.3011,16.8696
40.663,2.02927,0,2.02927,5.42,20.1575,374,1,0,3797,44.1733,44.3031,16.8686
40.6901,6.6913,0,6.6913,5.42,20.1575,374,1,0,3798,44.1848,44.3146,16.8677
40.6983,0.638396,0,0.638396,5.4,20.0574,364,0,0,3798,44.1848,44.3146,16.8677
40.7238,5.70385,0,5.70385,5.4,20.0574,384,2,0,3800,44.1976,44.3274,16.8657
40.735,4.78726,0,4.78726,5.38,19.9572,384,1,0,3801,44.2126,44.3423,16.8647
40.7549,2.89056,0,2.89056,5.38,19.9572,384,1,0,3802,44.2138,44.3435,16.8638
40.7699,8.83999,0,8.83999,5.36,19.8571,394,2,0,3804,44.2411,44.3707,16.8618
40.7821,1.04547,0,1.04547,5.36,19.8571,374,0,0,3804,44.2411,44.3707,16.8618
40.7902,0.728564,0,0.728564,5.34,19.7569,382,0,0,3804,44.2411,44.3707,16.8618
40.8129,3.89517,0,3.89517,5.34,19.7569,382,0,0,3806,44.237,44.3665,16.8599
40.8237,3.27966,0,3.27966,5.32,19.6568,392,1,0,3807,44.2396,44.3691,16.8589
40.8443,4.26416,0,4.26416,5.32,19.6568,392,1,0,3808,44.2505,44.38,16.8579
40.8585,6.79196,0,6.79196,5.3,19.5567,382,1,0,3810,44.2661,44.3955,16.856
40.8731,1.69183,0,1.69183,5.3,19.5567,372,0,0,3811,44.2611,44.3904,16.855
40.8808,1.5343,0,1.5343,5.28,20.5369,332,0,0,3812,44.2623,44.3917,16.854
40.9017,0.65193,0,0.65193,5.28,20.5369,342,0,0,3812,44.2623,44.3917,16.854
40.914,6.02575,0,6.02575,5.26,20.4739,352,1,0,3814,44.2732,44.4025,16.8521
40.9328,2.95821,0,2.95821,5.26,20.4739,352,1,0,3815,44.275,44.4042,16.8511
40.9453,6.13515,0,6.13515,5.24,20.4109,362,2,0,3817,44.2869,44.416,16.8492
40.961,0.032078,0,0.032078,5.24,20.4109,342,0,0,3817,44.2869,44.416,16.8492
40.9704,3.49293,0,3.49293,5.22,20.3478,352,1,0,3818,44.296,44.4251,16.8482
40.9957,6.93978,0,6.93978,5.22,20.3478,352,1,0,3820,44.3089,44.438,16.8463
41.0056,3.76815,0,3.76815,5.2,20.2849,352,1,0,3821,44.3167,44.4457,16.8453
41.0277,4.03903,0,4.03903,5.2,20.2849,435,1,0,3822,44.3231,44.4521,16.8443
41.0402,6.26231,0,6.26231,5.18,20.2221,381,2,0,3824,44.3347,44.4637,16.8424
41.0564,0.859211,0,0.859211,5.18,20.2221,352,0,0,3824,44.3347,44.4637,16.8424
41.0663,3.96616,0,3.96616,5.16,20.1593,362,1,0,3825,44.3446,44.4735,16.8414
41.0884,4.15641,0,4.15641,5.16,20.1593,362,1,0,3827,44.3441,44.473,16.8395
41.1002,5.5443,0,5.5443,5.14,20.0965,372,2,0,3829,44.3492,44.4779,16.8376
41.1242,7.88291,0,7.88291,5.14,20.0965,372,2,0,3831,44.3657,44.4944,16.8356
41.1343,3.86033,0,3.86033,5.12,20.0337,399,0,0,3832,44.3771,44.5057,16.8347
41.1569,4.87074,0,4.87074,5.12,20.0337,352,1,0,3833,44.3903,44.5189,16.8337
41.1715,8.24651,0,8.24651,5.1,19.971,360,2,0,3835,44.4123,44.5408,16.8318
41.1931,8.22487,0,8.22487,5.1,19.971,360,2,0,3837,44.4386,44.5671,16.8299
41.2004,1.28774,0,1.28774,5.08,19.9083,330,0,0,3837,44.4386,44.5671,16.8299
41.228,7.17274,0,7.17274,5.08,19.9083,350,2,0,3839,44.4558,44.5843,16.8279
41.2374,3.28437,0,3.28437,5.06,19.8456,340,1,0,3840,44.4615,44.5898,16.827
41.2613,5.32188,0,5.32188,5.06,19.8456,340,1,0,3841,44.4754,44.6037,16.826
41.2714,3.99315,0,3.99315,5.04,19.7828,340,1,0,3842,44.4818,44.6101,16.825
41.2925,3.3127,0,3.3127,5.04,19.7828,340,1,0,3843,44.4884,44.6167,16.8241
41.3067,7.97536,0,7.97536,5.02,19.7201,350,2,0,3845,44.5116,44.6398,16.8222
41.3278,7.12226,0,7.12226,5.02,19.7201,374,2,0,3847,44.5295,44.6577,16.8202
41.3383,4.55966,0,4.55966,5,19.6574,340,1,0,3849,44.5342,44.6622,16.8183
41.3615,6.23725,0,6.23725,5,19.6574,340,1,0,3851,44.5518,44.6798,16.8164
41.3868,19.3202,12.3233,6.99695,4.98,19.5947,1231,37,0,3853,44.5653,44.6945,16.8145
41.3994,5.42962,0,5.42962,4.96,19.5319,340,1,0,3855,44.5756,44.7048,16.8126
41.4194,4.40329,0,4.40329,4.96,19.5319,340,1,0,3856,44.5851,44.7142,16.8116
41.4283,2.82281,0,2.82281,4.94,19.4692,343,1,0,3857,44.5878,44.7169,16.8106
41.4544,6.92638,0,6.92638,4.94,19.4692,340,1,0,3859,44.6059,44.7349,16.8087
41.4671,6.86198,0,6.86198,4.92,19.4065,340,2,0,3861,44.6299,44.7589,16.8068
41.4884,6.54643,0,6.54643,4.92,19.4065,340,2,0,3863,44.6394,44.7683,16.8049
41.4976,2.8873,0,2.8873,4.9,19.3438,330,1,0,3864,44.6467,44.7756,16.8039
41.5197,3.51012,0,3.51012,4.9,19.3438,330,1,0,3865,44.6476,44.7765,16.803
41.5292,3.78134,0,3.78134,4.88,19.2811,330,1,0,3866,44.6565,44.7853,16.802
41.5509,3.85728,0,3.85728,4.88,19.2811,330,1,0,3867,44.6643,44.7931,16.8011
41.5638,7.03849,0,7.03849,4.86,19.2183,399,1,0,3869,44.6816,44.8103,16.7992
41.5785,0.069876,0,0.069876,4.86,19.2183,320,0,0,3869,44.6816,44.8103,16.7992
41.5909,6.48408,0,6.48408,4.84,19.1556,330,1,0,3871,44.6921,44.8207,16.7973
41.6096,4.65117,0,4.65117,4.84,19.1556,330,1,0,3872,44.7071,44.8357,16.7963
41.6244,7.55956,0,7.55956,4.82,19.0929,340,2,0,3874,44.7315,44.8601,16.7944
41.6382,1.86052,0,1.86052,4.82,19.0929,320,0,0,3875,44.7283,44.8568,16.7935
41.6496,4.02832,0,4.02832,4.8,19.0302,330,1,0,3876,44.7428,44.8713,16.7925
41.669,3.79288,0,3.79288,4.8,19.0302,330,1,0,3877,44.7508,44.8793,16.7916
41.6785,2.18369,0,2.18369,4.78,18.9674,320,0,0,3878,44.7476,44.876,16.7906
41.7034,7.53444,0,7.53444,4.78,18.9674,330,1,0,3880,44.767,44.8954,16.7887
41.7139,3.1255,0,3.1255,4.76,18.9047,320,1,0,3881,44.7702,44.8985,16.7877
41.7376,7.47728,0,7.47728,4.76,18.9047,330,2,0,3883,44.7893,44.9176,16.7858
41.749,4.2759,0,4.2759,4.74,18.842,330,2,0,3885,44.7874,44.9156,16.7839
41.7676,3.18842,0,3.18842,4.74,18.842,330,1,0,3886,44.7934,44.9215,16.783
41.7795,4.28468,0,4.28468,4.72,18.7793,330,1,0,3887,44.8029,44.9311,16.782
41.7994,4.85757,0,4.85757,4.72,18.7793,330,1,0,3888,44.8143,44.9424,16.7811
41.8097,2.83905,0,2.83905,4.7,18.7165,320,1,0,3889,44.8164,44.9445,16.7802
41.8315,5.08607,0,5.08607,4.7,18.7165,310,0,0,3891,44.8178,44.9458,16.7783
41.8465,7.40841,0,7.40841,4.68,18.6538,330,2,0,3893,44.8279,44.9558,16.7764
41.8649,6.42915,0,6.42915,4.68,18.6538,330,2,0,3895,44.8475,44.9754,16.7745
41.8765,4.35769,0,4.35769,4.66,18.5911,320,1,0,3897,44.8486,44.9764,16.7726
41.8976,5.71705,0,5.71705,4.66,18.5911,310,0,0,3899,44.8536,44.9813,16.7707
41.9085,3.55939,0,3.55939,4.64,18.5284,320,1,0,3900,44.8559,44.9836,16.7697
41.9293,4.82187,0,4.82187,4.64,18.5284,320,1,0,3902,44.8588,44.9864,16.7679
41.9414,5.9868,0,5.9868,4.62,18.4656,320,2,0,3904,44.8727,45.0003,16.766
41.9577,0.551211,0,0.551211,4.62,18.4656,300,0,0,3904,44.8727,45.0003,16.766
41.9679,4.06229,0,4.06229,4.6,18.4029,300,0,0,3906,44.8653,44.9928,16.7641
41.9864,0.680238,0,0.680238,4.6,18.4029,300,0,0,3906,44.8653,44.9928,16.7641
41.9946,2.1699,0,2.1699,4.58,18.3402,300,0,0,3907,44.8628,44.9903,16.7631
42.0151,0.957936,0,0.957936,4.58,18.3402,300,0,0,3907,44.8628,44.9903,16.7631
42.0238,2.92113,0,2.92113,4.56,18.2775,300,1,0,3908,44.8664,44.9939,16.7622
42.0479,4.9497,0,4.9497,4.56,18.2775,300,1,0,3909,44.8754,45.0028,16.7612
42.0549,0.549837,0,0.549837,4.54,18.2147,290,0,0,3909,44.8754,45.0028,16.7612
42.0767,0.904553,0,0.904553,4.54,18.2147,290,0,0,3909,44.8754,45.0028,16.7612
42.0866,3.79117,0,3.79117,4.52,18.152,300,1,0,3910,44.8859,45.0133,16.7603
42.1086,3.77954,0,3.77954,4.52,18.152,300,1,0,3911,44.897,45.0243,16.7594
42.1202,5.60992,0,5.60992,4.5,18.0893,280,1,0,3912,44.9113,45.0386,16.7584
42.1404,3.93241,0,3.93241,4.5,18.0893,280,1,0,3913,44.9162,45.0434,16.7575
42.1513,5.1495,0,5.1495,4.48,18.0266,280,1,0,3914,44.9246,45.0519,16.7565
42.1706,4.00334,0,4.00334,4.48,18.0266,290,2,0,3916,44.9249,45.0521,16.7547
42.1803,2.64255,0,2.64255,4.46,17.9638,280,1,0,3917,44.929,45.0562,16.7537
42.2022,5.19029,0,5.19029,4.46,17.9638,290,2,0,3919,44.9416,45.0686,16.7518
42.2171,7.6865,0,7.6865,4.44,17.9011,290,2,0,3921,44.9597,45.0867,16.75
42.2359,7.0838,0,7.0838,4.44,17.9011,290,2,0,3923,44.976,45.103,16.7481
42.2466,3.65404,0,3.65404,4.42,16.7415,290,1,0,3924,44.9822,45.1091,16.7471
42.2675,5.10914,0,5.10914,4.42,16.7415,290,1,0,3926,44.9878,45.1146,16.7453
42.2806,6.27985,0,6.27985,4.4,16.6654,300,2,0,3928,44.9954,45.1222,16.7434
42.2973,2.233,0,2.233,4.4,16.6654,280,0,0,3929,44.9947,45.1214,16.7425
42.3089,4.45714,0,4.45714,4.38,16.5895,290,1,0,3930,45.0087,45.1354,16.7415
42.3289,4.93018,0,4.93018,4.38,16.5895,290,1,0,3932,45.0153,45.1419,16.7396
42.3386,2.87726,0,2.87726,4.36,16.5137,290,1,0,3933,45.0196,45.1462,16.7387
42.3612,5.71376,0,5.71376,4.36,16.5137,290,1,0,3935,45.032,45.1586,16.7368
42.3751,7.21692,0,7.21692,4.34,16.4378,308,2,0,3937,45.0483,45.1748,16.735
42.3916,4.27397,0,4.27397,4.34,16.4378,280,1,0,3938,45.0587,45.1851,16.734
42.424,26.6995,22.9842,3.71524,4.32,16.3621,1328,9,0,3940,45.0604,45.1868,16.7322
42.4361,5.50719,0,5.50719,4.3,16.2863,280,1,0,3941,45.0721,45.1984,16.7312
42.455,2.67326,0,2.67326,4.3,16.2863,280,1,0,3942,45.0799,45.2062,16.7303
42.461,0.681463,0,0.681463,4.28,16.2106,270,0,0,3942,45.0799,45.2062,16.7303
42.4856,2.49432,0,2.49432,4.28,16.2106,270,0,0,3943,45.0822,45.2085,16.7294
42.4961,5.0392,0,5.0392,4.26,16.1348,280,0,0,3945,45.0862,45.2124,16.7275
42.5193,6.26381,0,6.26381,4.26,16.1348,290,1,0,3947,45.0965,45.2227,16.7256
42.5262,1.29115,0,1.29115,4.24,16.0591,280,0,0,3947,45.0965,45.2227,16.7256
42.5549,7.29022,0,7.29022,4.24,16.0591,309,2,0,3949,45.1147,45.2408,16.7238
42.5611,0.796069,0,0.796069,4.22,15.9833,280,0,0,3949,45.1147,45.2408,16.7238
42.5908,7.76314,0,7.76314,4.22,15.9833,300,2,0,3951,45.1359,45.262,16.7219
42.6045,7.01875,0,7.01875,4.2,15.9076,290,1,0,3953,45.1558,45.2818,16.7201
42.6252,7.38105,0,7.38105,4.2,15.9076,300,2,0,3955,45.1765,45.3024,16.7182
42.6354,3.38722,0,3.38722,4.18,15.8318,280,0,0,3956,45.1782,45.3041,16.7173
42.6534,1.99632,0,1.99632,4.18,15.8318,280,0,0,3957,45.1734,45.2992,16.7163
42.6621,3.28199,0,3.28199,4.16,15.7561,290,1,0,3958,45.1781,45.3039,16.7154
42.6856,5.10209,0,5.10209,4.16,15.7561,300,2,0,3960,45.1859,45.3116,16.7136
42.6959,5.05211,0,5.05211,4.14,15.6803,280,1,0,3961,45.2005,45.3262,16.7126
42.7127,0.409722,0,0.409722,4.14,15.6803,270,0,0,3961,45.2005,45.3262,16.7126
42.7224,3.98156,0,3.98156,4.12,15.6046,280,1,0,3962,45.208,45.3337,16.7117
42.7444,4.20422,0,4.20422,4.12,15.6046,280,1,0,3963,45.2173,45.3429,16.7108
42.7543,4.42387,0,4.42387,4.1,15.5288,280,1,0,3965,45.2179,45.3435,16.7089
42.7806,7.84409,0,7.84409,4.1,15.5288,290,2,0,3967,45.2405,45.366,16.7071
42.7914,5.02636,0,5.02636,4.08,15.4531,280,1,0,3968,45.2545,45.38,16.7061
42.8129,5.03664,0,5.03664,4.08,15.4531,280,1,0,3969,45.2673,45.3928,16.7052
42.8213,2.98298,0,2.98298,4.06,15.3773,270,1,0,3970,45.2647,45.3902,16.7043
42.8446,4.50352,0,4.50352,4.06,15.3773,270,1,0,3971,45.2788,45.4042,16.7034
42.8546,4.52969,0,4.52969,4.04,15.3016,250,1,0,3972,45.29,45.4154,16.7024
42.8751,3.21426,0,3.21426,4.04,15.3016,250,1,0,3973,45.2925,45.4178,16.7015
42.8853,4.89442,0,4.89442,4.02,15.2258,250,1,0,3974,45.2992,45.4245,16.7006
42.9036,0.002409,0,0.002409,4.02,15.2258,240,0,0,3974,45.2992,45.4245,16.7006
42.9141,4.76342,0,4.76342,4,15.1501,240,0,0,3976,45.298,45.4233,16.6988
42.9341,3.07529,0,3.07529,4,15.1501,250,1,0,3977,45.3017,45.427,16.6978
42.9427,3.04763,0,3.04763,3.98,15.0743,260,2,0,3979,45.2938,45.4189,16.696
42.9654,4.0689,0,4.0689,3.98,15.0743,250,1,0,3980,45.3025,45.4276,16.6951
42.9713,0.201451,0,0.201451,3.96,14.9986,240,0,0,3980,45.3025,45.4276,16.6951
42.9959,4.03959,0,4.03959,3.96,14.9986,250,1,0,3981,45.3157,45.4408,16.6941
43.0067,4.21594,0,4.21594,3.94,14.9228,240,1,0,3982,45.3307,45.4558,16.6932
43.028,6.29684,0,6.29684,3.94,14.9228,240,1,0,3984,45.3416,45.4666,16.6914
43.0412,6.75811,0,6.75811,3.92,14.8471,240,2,0,3986,45.3588,45.4837,16.6895
43.0581,4.86757,0,4.86757,3.92,14.8471,230,1,0,3988,45.3631,45.488,16.6877
43.0678,3.1694,0,3.1694,3.9,14.7713,230,1,0,3989,45.3663,45.4911,16.6868
43.0873,3.82349,0,3.82349,3.9,14.7713,230,1,0,3990,45.3732,45.498,16.6859
43.0964,2.41306,0,2.41306,3.88,14.6956,220,1,0,3991,45.3733,45.4981,16.6849
43.119,6.04673,0,6.04673,3.88,14.6956,230,2,0,3993,45.3794,45.5041,16.6831
43.1301,4.3069,0,4.3069,3.86,14.6198,220,1,0,3994,45.3936,45.5183,16.6822
43.153,8.11665,0,8.11665,3.86,14.6198,230,2,0,3996,45.4137,45.5383,16.6803
43.1614,1.84172,0,1.84172,3.84,14.5441,220,1,0,3997,45.4123,45.5369,16.6794
43.182,2.07879,0,2.07879,3.84,14.5441,210,0,0,3998,45.41,45.5345,16.6785
43.1895,2.11717,0,2.11717,3.82,14.4683,220,1,0,3999,45.4116,45.5361,16.6776
43.2141,5.33566,0,5.33566,3.82,14.4683,220,1,0,4001,45.4184,45.5429,16.6758
43.2257,6.03661,0,6.03661,3.8,14.3926,220,1,0,4003,45.4282,45.5526,16.6739
43.2443,3.19879,0,3.19879,3.8,14.3926,220,1,0,4004,45.4321,45.5564,16.673
43.2532,3.20055,0,3.20055,3.78,14.3168,220,0,0,4005,45.4387,45.563,16.6721
43.272,0.347924,0,0.347924,3.78,14.3168,220,0,0,4005,45.4387,45.563,16.6721
43.2857,8.34541,0,8.34541,3.76,14.2411,240,2,0,4007,45.4584,45.5827,16.6703
43.3058,6.72795,0,6.72795,3.76,14.2411,230,1,0,4009,45.4709,45.5952,16.6684
43.3162,4.49554,0,4.49554,3.74,14.1653,230,1,0,4010,45.4848,45.609,16.6675
43.3382,4.80394,0,4.80394,3.74,14.1653,230,1,0,4011,45.4971,45.6213,16.6666
43.3466,2.77838,0,2.77838,3.72,14.0896,230,1,0,4012,45.4998,45.6239,16.6657
43.3695,4.18387,0,4.18387,3.72,14.0896,239,1,0,4014,45.497,45.6211,16.6639
43.3803,5.05375,0,5.05375,3.7,14.0138,230,1,0,4016,45.5082,45.6322,16.662
43.4037,6.00616,0,6.00616,3.7,14.0138,240,2,0,4018,45.5189,45.6429,16.6602
43.4127,3.31312,0,3.31312,3.68,13.9381,210,0,0,4019,45.5203,45.6442,16.6593
43.4353,3.93696,0,3.93696,3.68,13.9381,220,1,0,4020,45.5239,45.6478,16.6584
43.4447,3.57055,0,3.57055,3.66,13.8623,210,0,0,4022,45.5216,45.6455,16.6566
43.4678,3.98525,0,3.98525,3.66,13.8623,220,1,0,4023,45.5307,45.6545,16.6557
43.4771,3.81325,0,3.81325,3.64,13.7866,210,1,0,4024,45.5445,45.6682,16.6548
43.5013,5.92063,0,5.92063,3.64,13.7866,220,2,0,4026,45.5569,45.6806,16.6529
43.5108,3.56941,0,3.56941,3.62,13.7108,210,1,0,4027,45.5622,45.6859,16.652
43.5363,7.62732,0,7.62732,3.62,13.7108,220,2,0,4029,45.5813,45.7049,16.6502
43.5444,2.71391,0,2.71391,3.6,13.6351,210,1,0,4030,45.5821,45.7057,16.6493
43.5693,6.07647,0,6.07647,3.6,13.6351,210,1,0,4032,45.5982,45.7217,16.6475
43.5792,4.36324,0,4.36324,3.58,13.5593,210,1,0,4034,45.6006,45.7241,16.6457
43.6013,4.81349,0,4.81349,3.58,13.5593,210,1,0,4035,45.6082,45.7316,16.6448
43.6123,5.77315,0,5.77315,3.56,13.4836,210,2,0,4037,45.6205,45.7439,16.6429
43.6334,4.40934,0,4.40934,3.56,13.4836,200,1,0,4038,45.63,45.7533,16.642
43.6424,3.75594,0,3.75594,3.54,13.4078,200,1,0,4039,45.6395,45.7628,16.6411
43.6687,7.5288,0,7.5288,3.54,13.4078,210,2,0,4041,45.6565,45.7798,16.6393
43.681,7.04788,0,7.04788,3.52,13.3321,200,2,0,4043,45.6735,45.7967,16.6375
43.6974,1.89433,0,1.89433,3.52,13.3321,180,0,0,4044,45.6677,45.7908,16.6366
43.7085,5.67718,0,5.67718,3.5,13.2563,190,1,0,4046,45.6745,45.7976,16.6348
43.73,5.67145,0,5.67145,3.5,13.2563,190,1,0,4048,45.6791,45.8021,16.633
43.7407,5.25186,0,5.25186,3.48,13.1806,190,1,0,4050,45.6805,45.8035,16.6312
43.7615,3.69062,0,3.69062,3.48,13.1806,190,1,0,4051,45.6882,45.8112,16.6303
43.7676,0.768535,0,0.768535,3.46,13.1048,180,0,0,4051,45.6882,45.8112,16.6303
43.7942,5.7643,0,5.7643,3.46,13.1048,190,1,0,4053,45.6958,45.8187,16.6285
43.8039,4.37928,0,4.37928,3.44,13.0291,190,1,0,4054,45.7079,45.8308,16.6276
43.8249,4.07379,0,4.07379,3.44,13.0291,190,1,0,4056,45.7091,45.8319,16.6258
43.837,6.85838,0,6.85838,3.42,12.9533,200,2,0,4058,45.7208,45.8435,16.624
43.8529,1.17865,0,1.17865,3.42,12.9533,180,0,0,4058,45.7208,45.8435,16.624
43.8672,8.28321,0,8.28321,3.4,12.8776,200,2,0,4060,45.7475,45.8702,16.6222
43.8847,4.48576,0,4.48576,3.4,12.8776,190,1,0,4061,45.7646,45.8872,16.6213
43.8924,0.816965,0,0.816965,3.38,12.8018,180,0,0,4061,45.7646,45.8872,16.6213
43.913,0.849502,0,0.849502,3.38,12.8018,180,0,0,4061,45.7646,45.8872,16.6213
43.9253,5.38448,0,5.38448,3.36,12.7261,200,2,0,4063,45.7677,45.8902,16.6195
43.9465,7.59788,0,7.59788,3.36,12.7261,190,1,0,4065,45.7766,45.8991,16.6177
43.9568,3.47411,0,3.47411,3.34,12.6503,180,0,0,4066,45.7784,45.9009,16.6168
43.9796,6.81077,0,6.81077,3.34,12.6503,201,2,0,4068,45.794,45.9164,16.615
43.9922,5.77178,0,5.77178,3.32,12.5746,180,1,0,4070,45.8069,45.9292,16.6132
44.0144,7.57863,0,7.57863,3.32,12.5746,190,2,0,4072,45.8193,45.9416,16.6114
44.0242,3.19558,0,3.19558,3.3,12.4988,180,1,0,4073,45.8227,45.945,16.6105
44.0424,1.16989,0,1.16989,3.3,12.4988,170,0,0,4073,45.8227,45.945,16.6105
44.0522,3.20875,0,3.20875,3.28,12.4231,170,1,0,4074,45.8316,45.9539,16.6096
44.0753,5.97581,0,5.97581,3.28,12.4231,180,2,0,4076,45.842,45.9642,16.6078
44.0888,6.63199,0,6.63199,3.26,12.3473,180,2,0,4078,45.8561,45.9782,16.606
44.1051,3.45332,0,3.45332,3.26,12.3473,178,0,0,4079,45.8571,45.9792,16.6051
44.1191,8.37358,0,8.37358,3.24,12.2716,180,2,0,4081,45.8701,45.9922,16.6033
44.1378,5.71845,0,5.71845,3.24,12.2716,180,2,0,4083,45.88,46.002,16.6015
44.1446,1.06458,0,1.06458,3.22,12.1958,150,0,0,4083,45.88,46.002,16.6015
44.173,7.98588,0,7.98588,3.22,12.1958,170,2,0,4085,45.8974,46.0193,16.5997
44.1877,9.10429,0,9.10429,3.2,12.1201,170,2,0,4087,45.9217,46.0436,16.598
44.2044,3.67327,0,3.67327,3.2,12.1201,160,1,0,4088,45.9288,46.0506,16.5971
44.2124,2.52093,0,2.52093,3.18,12.0443,150,0,0,4089,45.9296,46.0514,16.5962
44.2375,4.52634,0,4.52634,3.18,12.0443,170,2,0,4091,45.9257,46.0474,16.5944
44.2436,0.75595,0,0.75595,3.16,11.9686,150,0,0,4091,45.9257,46.0474,16.5944
44.2687,2.80866,0,2.80866,3.16,11.9686,160,1,0,4092,45.9262,46.0479,16.5935
44.276,1.79943,0,1.79943,3.14,11.8928,140,0,0,4092,45.9262,46.0479,16.5935
44.3014,4.25559,0,4.25559,3.14,11.8928,150,1,0,4093,45.935,46.0567,16.5926
44.3143,7.23897,0,7.23897,3.12,11.8171,160,2,0,4095,45.9492,46.0708,16.5908
44.336,7.19432,0,7.19432,3.12,11.8171,160,2,0,4097,45.9646,46.0862,16.589
44.3456,4.32002,0,4.32002,3.1,11.7413,150,1,0,4098,45.9719,46.0935,16.5881
44.3681,4.04936,0,4.04936,3.1,11.7413,150,1,0,4099,45.9768,46.0983,16.5873
44.3766,3.22449,0,3.22449,3.08,11.6656,150,1,0,4100,45.9829,46.1044,16.5864
44.3963,1.72723,0,1.72723,3.08,11.6656,150,1,0,4101,45.9788,46.1002,16.5855
44.4086,6.70758,0,6.70758,3.06,11.5898,160,2,0,4103,45.9893,46.1107,16.5837
44.4318,8.2019,0,8.2019,3.06,11.5898,160,2,0,4105,46.0119,46.1333,16.5819
44.4396,2.46568,0,2.46568,3.04,11.5141,150,1,0,4106,46.0124,46.1337,16.581
44.4647,6.19231,0,6.19231,3.04,11.5141,150,1,0,4108,46.0229,46.1441,16.5793
44.4749,4.88505,0,4.88505,3.02,11.4383,150,1,0,4109,46.0348,46.156,16.5784
44.4983,5.80161,0,5.80161,3.02,11.4383,150,1,0,4110,46.0489,46.1701,16.5775
44.5078,4.46239,0,4.46239,3,11.3626,140,1,0,4112,46.0491,46.1702,16.5757
44.5304,4.52568,0,4.52568,3,11.3626,130,0,0,4114,46.0447,46.1658,16.5739
44.5392,3.59219,0,3.59219,2.98,11.2868,140,1,0,4116,46.0401,46.1611,16.5722
44.5626,4.52527,0,4.52527,2.98,11.2868,140,1,0,4117,46.0474,46.1683,16.5713
44.571,3.30013,0,3.30013,2.96,11.2111,140,1,0,4118,46.0534,46.1744,16.5704
44.5946,5.36252,0,5.36252,2.96,11.2111,140,1,0,4120,46.0609,46.1818,16.5686
44.6008,0.889773,0,0.889773,2.94,11.1353,130,0,0,4120,46.0609,46.1818,16.5686
44.6253,3.71151,0,3.71151,2.94,11.1353,140,1,0,4121,46.0694,46.1902,16.5677
44.6363,5.51904,0,5.51904,2.92,11.0596,140,1,0,4122,46.0842,46.205,16.5669
44.6579,5.47574,0,5.47574,2.92,11.0596,140,1,0,4123,46.0994,46.2202,16.566
44.6705,7.16696,0,7.16696,2.9,10.9838,140,1,0,4125,46.1142,46.2349,16.5642
44.692,7.1697,0,7.1697,2.9,10.9838,150,2,0,4127,46.1291,46.2498,16.5624
44.7036,6.57058,0,6.57058,2.88,10.9081,140,2,0,4129,46.1465,46.2671,16.5607
44.7231,3.30279,0,3.30279,2.88,10.9081,130,1,0,4130,46.1472,46.2678,16.5598
44.7325,3.66098,0,3.66098,2.86,10.8323,130,1,0,4131,46.1564,46.2769,16.5589
44.7604,9.1639,0,9.1639,2.86,10.8323,140,2,0,4133,46.1774,46.2978,16.5571
44.7687,3.1767,0,3.1767,2.84,10.7566,130,1,0,4134,46.1807,46.3012,16.5563
44.7943,5.82276,0,5.82276,2.84,10.7566,130,1,0,4136,46.1857,46.3061,16.5545
44.8025,3.11122,0,3.11122,2.82,10.6808,120,1,0,4137,46.1856,46.306,16.5536
44.8255,3.54564,0,3.54564,2.82,10.6808,120,1,0,4138,46.1904,46.3108,16.5527
44.8364,6.08531,0,6.08531,2.8,10.6051,120,1,0,4140,46.2024,46.3227,16.551
44.8562,4.20847,0,4.20847,2.8,10.6051,120,1,0,4142,46.2001,46.3204,16.5492
44.8639,2.70668,0,2.70668,2.78,10.5293,120,1,0,4143,46.2035,46.3237,16.5483
44.8905,6.3646,0,6.3646,2.78,10.5293,130,2,0,4145,46.214,46.3341,16.5466
44.9004,5.03146,0,5.03146,2.76,10.4536,121,1,0,4147,46.2192,46.3393,16.5448
44.9205,3.19435,0,3.19435,2.76,10.4536,120,1,0,4148,46.2216,46.3416,16.544
44.9299,4.25722,0,4.25722,2.74,10.3778,120,1,0,4149,46.2268,46.3468,16.5431
44.9533,4.81918,0,4.81918,2.74,10.3778,130,2,0,4151,46.2284,46.3483,16.5413
44.9641,5.64906,0,5.64906,2.72,10.3021,130,2,0,4153,46.2292,46.3491,16.5396
44.9857,5.79235,0,5.79235,2.72,10.3021,130,2,0,4155,46.2354,46.3552,16.5378
44.9917,0.494989,0,0.494989,2.7,10.2263,110,0,0,4155,46.2354,46.3552,16.5378
45.0172,3.84756,0,3.84756,2.7,10.2263,120,1,0,4156,46.2397,46.3595,16.5369
45.0255,3.32356,0,3.32356,2.68,10.1506,110,1,0,4157,46.2456,46.3654,16.5361
45.0515,6.61437,0,6.61437,2.68,10.1506,110,1,0,4159,46.2654,46.3852,16.5343
45.0588,1.98572,0,1.98572,2.66,10.0748,90,0,0,4160,46.263,46.3827,16.5334
45.0841,4.34918,0,4.34918,2.66,10.0748,100,1,0,4161,46.2735,46.3932,16.5326
45.0966,7.12644,0,7.12644,2.64,9.99905,100,1,0,4163,46.2847,46.4043,16.5308
45.1172,6.43976,0,6.43976,2.64,9.99905,100,1,0,4165,46.2975,46.417,16.5291
45.123,0.740644,0,0.740644,2.62,9.9233,90,0,0,4165,46.2975,46.417,16.5291
45.1517,6.61274,0,6.61274,2.62,9.9233,110,2,0,4167,46.311,46.4305,16.5273
45.1622,5.25682,0,5.25682,2.6,9.84755,100,1,0,4168,46.3189,46.4383,16.5265
45.1827,3.08962,0,3.08962,2.6,9.84755,100,1,0,4169,46.3205,46.4399,16.5256
45.1935,5.84189,0,5.84189,2.58,9.7718,110,2,0,4171,46.3337,46.4531,16.5238
45.217,7.73193,0,7.73193,2.58,9.7718,110,2,0,4173,46.3511,46.4704,16.5221
45.2281,5.9969,0,5.9969,2.56,9.69605,110,2,0,4175,46.3602,46.4795,16.5204
45.2506,6.75247,0,6.75247,2.56,9.69605,110,2,0,4177,46.3716,46.4908,16.5186
45.2569,0.870459,0,0.870459,2.54,9.6203,90,0,0,4177,46.3716,46.4908,16.5186
45.2839,5.37877,0,5.37877,2.54,9.6203,100,1,0,4178,46.3827,46.5019,16.5177
45.2953,5.94452,0,5.94452,2.52,9.54455,90,1,0,4180,46.3923,46.5115,16.516
45.3176,6.4161,0,6.4161,2.52,9.54455,90,1,0,4182,46.406,46.5251,16.5143
45.3264,3.48207,0,3.48207,2.5,9.4688,80,0,0,4184,46.4013,46.5203,16.5125
45.3461,1.34666,0,1.34666,2.5,9.4688,80,0,0,4184,46.4013,46.5203,16.5125
45.3972,45.7318,42.978,2.75374,2.48,9.39305,1308,3,0,4185,46.3995,46.5185,16.5117
45.407,3.83457,0,3.83457,2.46,9.3173,90,1,0,4186,46.4032,46.5222,16.5108
45.4236,0.963868,0,0.963868,2.46,9.3173,80,0,0,4186,46.4032,46.5222,16.5108
45.4317,2.84728,0,2.84728,2.44,9.24155,90,1,0,4187,46.402,46.5209,16.5099
45.4523,0.841198,0,0.841198,2.44,9.24155,80,0,0,4187,46.402,46.5209,16.5099
45.4597,2.56244,0,2.56244,2.42,9.1658,90,1,0,4188,46.4019,46.5208,16.5091
45.4817,2.6912,0,2.6912,2.42,9.1658,90,1,0,4189,46.4018,46.5206,16.5082
45.49,3.28459,0,3.28459,2.4,9.09005,90,1,0,4190,46.4029,46.5217,16.5073
45.5131,4.38484,0,4.38484,2.4,9.09005,90,1,0,4191,46.4171,46.5359,16.5065
45.5252,6.83577,0,6.83577,2.38,9.0143,100,2,0,4193,46.4295,46.5483,16.5047
45.5493,8.01293,0,8.01293,2.38,9.0143,90,1,0,4195,46.4505,46.5692,16.503
45.5596,4.92147,0,4.92147,2.36,8.93855,80,1,0,4196,46.4633,46.582,16.5021
45.5849,7.4825,0,7.4825,2.36,8.93855,90,2,0,4198,46.4783,46.597,16.5004
45.5963,6.46897,0,6.46897,2.34,8.8628,90,2,0,4200,46.486,46.6045,16.4987
45.6154,2.87872,0,2.87872,2.34,8.8628,80,1,0,4201,46.4875,46.606,16.4978
45.6251,4.77411,0,4.77411,2.32,8.78705,80,1,0,4202,46.5,46.6185,16.4969
45.644,2.04651,0,2.04651,2.32,8.78705,80,1,0,4203,46.5006,46.6191,16.4961
45.6566,7.2995,0,7.2995,2.3,8.7113,80,1,0,4205,46.5201,46.6385,16.4944
45.675,4.10543,0,4.10543,2.3,8.7113,70,0,0,4207,46.5139,46.6323,16.4926
45.6854,5.3371,0,5.3371,2.28,8.63555,80,1,0,4209,46.5151,46.6334,16.4909
45.7107,7.74924,0,7.74924,2.28,8.63555,90,2,0,4211,46.5341,46.6523,16.4892
45.7215,5.46854,0,5.46854,2.26,8.5598,90,2,0,4213,46.5352,46.6535,16.4875
45.7441,6.49244,0,6.49244,2.26,8.5598,90,2,0,4215,46.5471,46.6652,16.4857
45.7555,6.16848,0,6.16848,2.24,8.48405,90,2,0,4217,46.5577,46.6758,16.484
45.778,5.75961,0,5.75961,2.24,8.48405,90,2,0,4219,46.562,46.68,16.4823
45.7879,4.74702,0,4.74702,2.22,8.4083,80,1,0,4220,46.5697,46.6877,16.4814
45.8128,6.97371,0,6.97371,2.22,8.4083,80,1,0,4222,46.5836,46.7016,16.4797
45.8197,2.24744,0,2.24744,2.2,8.33255,80,1,0,4223,46.5828,46.7007,16.4789
45.8434,3.27721,0,3.27721,2.2,8.33255,80,1,0,4224,46.5902,46.7081,16.478
45.8532,4.8023,0,4.8023,2.18,8.2568,80,1,0,4226,46.5989,46.7168,16.4763
45.8744,4.81065,0,4.81065,2.18,8.2568,80,1,0,4228,46.5993,46.7171,16.4746
45.8837,4.25348,0,4.25348,2.16,8.18104,70,1,0,4229,46.6068,46.7245,16.4737
45.9091,7.93794,0,7.93794,2.16,8.18104,80,2,0,4231,46.6275,46.7452,16.472
45.9203,6.37823,0,6.37823,2.14,8.10529,70,1,0,4233,46.6421,46.7597,16.4703
45.9399,2.63074,0,2.63074,2.14,8.10529,70,1,0,4234,46.6438,46.7615,16.4694
45.9505,5.75087,0,5.75087,2.12,8.02954,60,1,0,4236,46.6518,46.7694,16.4677
45.9692,2.68089,0,2.68089,2.12,8.02954,60,1,0,4237,46.6545,46.772,16.4669
45.9782,4.00014,0,4.00014,2.1,7.95379,60,1,0,4238,46.6583,46.7758,16.466
46.0004,4.93456,0,4.93456,2.1,7.95379,60,1,0,4239,46.6683,46.7858,16.4651
46.0095,4.04527,0,4.04527,2.08,7.87804,60,1,0,4240,46.6771,46.7946,16.4643
46.0295,2.85254,0,2.85254,2.08,7.87804,50,0,0,4241,46.6732,46.7906,16.4634
46.0419,5.9402,0,5.9402,2.06,7.80229,87,1,0,4243,46.6844,46.8018,16.4617
46.063,7.13867,0,7.13867,2.06,7.80229,79,2,0,4245,46.6975,46.8148,16.46
46.0726,3.2434,0,3.2434,2.04,7.72654,60,1,0,4246,46.7025,46.8198,16.4592
46.0915,2.21218,0,2.21218,2.04,7.72654,50,0,0,4247,46.7038,46.8211,16.4583
46.1027,5.02157,0,5.02157,2.02,7.65079,60,1,0,4249,46.7112,46.8284,16.4566
46.1221,5.00062,0,5.00062,2.02,7.65079,50,0,0,4251,46.7109,46.828,16.4549
46.1329,4.43554,0,4.43554,2,7.57504,60,1,0,4252,46.7227,46.8398,16.4541
46.1544,5.76814,0,5.76814,2,7.57504,60,1,0,4254,46.7299,46.847,16.4524
46.1607,0.001876,0,0.001876,1.98,7.49929,50,0,0,4254,46.7299,46.847,16.4524
46.1853,5.33268,0,5.33268,1.98,7.49929,60,1,0,4256,46.7354,46.8524,16.4507
46.1907,0.315248,0,0.315248,1.96,7.42354,40,0,0,4256,46.7354,46.8524,16.4507
46.2179,5.97426,0,5.97426,1.96,7.42354,60,2,0,4258,46.7386,46.8556,16.4489
46.2242,1.20179,0,1.20179,1.94,7.34779,40,0,0,4258,46.7386,46.8556,16.4489
46.2539,7.66955,0,7.66955,1.94,7.34779,60,2,0,4260,46.7453,46.8622,16.4472
46.2699,9.39069,0,9.39069,1.92,7.27204,50,2,0,4262,46.767,46.8839,16.4456
46.2828,2.3421,0,2.3421,1.92,7.27204,40,1,0,4263,46.7633,46.8801,16.4447
46.2934,5.60795,0,5.60795,1.9,7.19629,40,1,0,4265,46.774,46.8907,16.443
46.3139,4.25485,0,4.25485,1.9,7.19629,40,1,0,4266,46.782,46.8987,16.4422
46.3227,3.79779,0,3.79779,1.88,7.12054,40,1,0,4267,46.7905,46.9072,16.4413
46.3424,1.7239,0,1.7239,1.88,7.12054,30,0,0,4268,46.7905,46.9072,16.4405
46.3538,6.18156,0,6.18156,1.86,7.04479,40,1,0,4270,46.7958,46.9124,16.4388
46.3725,3.37163,0,3.37163,1.86,7.04479,40,1,0,4271,46.801,46.9176,16.4379
46.3841,6.33979,0,6.33979,1.84,6.96904,50,2,0,4273,46.8095,46.926,16.4362
46.4039,3.48748,0,3.48748,1.84,6.96904,40,1,0,4274,46.8138,46.9303,16.4354
46.4164,7.125,0,7.125,1.82,6.89329,50,2,0,4276,46.8307,46.9471,16.4337
46.4354,3.72468,0,3.72468,1.82,6.89329,40,1,0,4277,46.8387,46.9551,16.4328
46.4413,0.828494,0,0.828494,1.8,6.81754,30,0,0,4277,46.8387,46.9551,16.4328
46.4647,2.24428,0,2.24428,1.8,6.81754,40,1,0,4278,46.8399,46.9563,16.432
46.4728,3.372,0,3.372,1.78,6.74179,30,0,0,4279,46.8409,46.9572,16.4311
46.492,1.13026,0,1.13026,1.78,6.74179,30,0,0,4279,46.8409,46.9572,16.4311
46.5015,4.62439,0,4.62439,1.76,6.66604,50,2,0,4281,46.8398,46.9561,16.4295
46.5207,2.54294,0,2.54294,1.76,6.66604,40,1,0,4282,46.8386,46.9549,16.4286
46.5309,4.55819,0,4.55819,1.74,6.59029,40,1,0,4283,46.8482,46.9645,16.4278
46.5488,3.14327,0,3.14327,1.74,6.59029,40,1,0,4285,46.8422,46.9585,16.4261
46.5593,5.59965,0,5.59965,1.72,6.51454,40,1,0,4287,46.8498,46.9659,16.4244
46.579,2.53719,0,2.53719,1.72,6.51454,30,0,0,4288,46.8461,46.9622,16.4236
46.5901,6.53697,0,6.53697,1.7,6.43879,68,2,0,4290,46.8555,46.9716,16.4219
46.6148,8.23516,0,8.23516,1.7,6.43879,50,2,0,4292,46.8786,46.9946,16.4202
46.6233,3.84195,0,3.84195,1.68,6.36303,30,0,0,4294,46.8745,46.9905,16.4185
46.6474,4.93399,0,4.93399,1.68,6.36303,40,1,0,4296,46.8829,46.9988,16.4168
46.6573,5.31345,0,5.31345,1.66,6.28728,40,1,0,4298,46.8848,47.0007,16.4151
46.6771,3.1918,0,3.1918,1.66,6.28728,40,1,0,4299,46.8881,47.004,16.4143
46.6862,4.27752,0,4.27752,1.64,6.21153,40,1,0,4301,46.8826,46.9984,16.4126
46.7096,5.5903,0,5.5903,1.64,6.21153,40,1,0,4302,46.8952,47.0109,16.4118
46.7214,6.81869,0,6.81869,1.62,6.13578,122,2,0,4304,46.9078,47.0235,16.4101
46.7375,1.33812,0,1.33812,1.62,6.13578,30,0,0,4304,46.9078,47.0235,16.4101
46.7509,8.22582,0,8.22582,1.6,6.06003,50,2,0,4306,46.9266,47.0423,16.4084
46.7694,5.42677,0,5.42677,1.6,6.06003,40,1,0,4308,46.9297,47.0453,16.4067
46.7798,5.56934,0,5.56934,1.58,5.98428,40,1,0,4309,46.9397,47.0552,16.4059
46.7969,1.11527,0,1.11527,1.58,5.98428,30,0,0,4309,46.9397,47.0552,16.4059
46.8051,3.11163,0,3.11163,1.56,5.90853,30,0,0,4310,46.9413,47.0568,16.4051
46.8262,2.55579,0,2.55579,1.56,5.90853,40,1,0,4311,46.9413,47.0568,16.4042
46.835,3.67116,0,3.67116,1.54,5.83278,40,1,0,4312,46.9425,47.058,16.4034
46.8539,0.761289,0,0.761289,1.54,5.83278,30,0,0,4312,46.9425,47.058,16.4034
46.8651,4.75233,0,4.75233,1.52,5.75703,40,1,0,4313,46.9546,47.07,16.4025
46.8907,10.0977,0,10.0977,1.52,5.75703,50,2,0,4315,46.9794,47.0948,16.4009
46.8985,1.29286,0,1.29286,1.5,5.68128,30,0,0,4315,46.9794,47.0948,16.4009
46.9245,8.1493,0,8.1493,1.5,5.68128,50,2,0,4317,46.9977,47.113,16.3992
46.944,13.0451,6.56984,6.47528,1.48,5.60553,331,4,0,4319,47.0095,47.1248,16.3975
46.9567,6.80944,0,6.80944,1.48,5.60553,50,2,0,4321,47.0169,47.1321,16.3959
46.963,0.255943,0,0.255943,1.46,5.52978,30,0,0,4321,47.0169,47.1321,16.3959
46.989,6.96057,0,6.96057,1.46,5.52978,40,1,0,4323,47.0298,47.145,16.3942
46.9991,3.65452,0,3.65452,1.44,5.45403,40,1,0,4324,47.0345,47.1496,16.3934
47.0165,0.723577,0,0.723577,1.44,5.45403,30,0,0,4324,47.0345,47.1496,16.3934
47.0314,8.93705,0,8.93705,1.42,5.37828,50,2,0,4326,47.0596,47.1748,16.3917
47.0461,4.55443,0,4.55443,1.42,5.37828,40,1,0,4328,47.0605,47.1756,16.39
47.0583,5.57067,0,5.57067,1.4,5.30253,50,2,0,4330,47.0577,47.1727,16.3884
47.0756,3.5831,0,3.5831,1.4,5.30253,40,1,0,4331,47.0647,47.1796,16.3875
47.0867,5.70188,0,5.70188,1.38,5.22678,40,1,0,4332,47.078,47.193,16.3867
47.1055,2.51064,0,2.51064,1.38,5.22678,40,1,0,4333,47.078,47.1929,16.3859
47.1183,7.95197,0,7.95197,1.36,5.15103,50,2,0,4335,47.0893,47.2042,16.3842
47.1393,7.13478,0,7.13478,1.36,5.15103,50,2,0,4337,47.0982,47.2131,16.3825
47.1487,4.22135,0,4.22135,1.34,5.07528,40,1,0,4338,47.1042,47.219,16.3817
47.1694,1.92988,0,1.92988,1.34,5.07528,30,0,0,4339,47.1009,47.2157,16.3809
47.1777,3.71386,0,3.71386,1.32,4.99953,40,1,0,4340,47.1041,47.2189,16.38
47.201,4.81794,0,4.81794,1.32,4.99953,40,1,0,4341,47.1133,47.2281,16.3792
47.2151,9.11592,4.79474,4.32118,1.3,4.92378,187,2,0,4343,47.1154,47.23,16.3775
47.237,8.53796,0,8.53796,1.3,4.92378,50,2,0,4345,47.1328,47.2474,16.3759
47.2471,4.95772,0,4.95772,1.28,4.84803,30,0,0,4347,47.1378,47.2524,16.3742
47.2701,5.92683,0,5.92683,1.28,4.84803,50,2,0,4349,47.1453,47.2598,16.3726
47.2783,3.25507,0,3.25507,1.26,4.77228,40,1,0,4350,47.1522,47.2667,16.3717
47.3027,5.56845,0,5.56845,1.26,4.77228,40,1,0,4352,47.159,47.2734,16.3701
47.3113,3.17124,0,3.17124,1.24,4.69653,20,0,0,4353,47.1622,47.2766,16.3692
47.3339,3.63653,0,3.63653,1.24,4.69653,20,0,0,4354,47.1672,47.2816,16.3684
47.3448,5.56768,0,5.56768,1.22,4.62078,30,1,0,4355,47.1773,47.2916,16.3676
47.3635,2.78555,0,2.78555,1.22,4.62078,30,1,0,4356,47.1772,47.2916,16.3668
47.3752,6.28776,0,6.28776,1.2,4.54502,40,2,0,4358,47.182,47.2962,16.3651
47.3978,7.03363,0,7.03363,1.2,4.54502,40,2,0,4360,47.1906,47.3048,16.3635
47.4043,1.40043,0,1.40043,1.18,4.46927,20,0,0,4360,47.1906,47.3048,16.3635
47.4262,0.925767,0,0.925767,1.18,4.46927,20,0,0,4360,47.1906,47.3048,16.3635
47.4397,8.5881,0,8.5881,1.16,4.39352,40,2,0,4362,47.2118,47.326,16.3618
47.4587,5.79535,0,5.79535,1.16,4.39352,30,1,0,4363,47.2264,47.3406,16.361
47.4682,4.28794,0,4.28794,1.14,4.31777,30,1,0,4364,47.2317,47.3458,16.3602
47.4922,6.75798,0,6.75798,1.14,4.31777,30,1,0,4366,47.2426,47.3566,16.3585
47.4978,0.163907,0,0.163907,1.12,4.24202,20,0,0,4366,47.2426,47.3566,16.3585
47.5237,4.5713,0,4.5713,1.12,4.24202,30,1,0,4367,47.2482,47.3623,16.3577
47.5327,3.66357,0,3.66357,1.1,4.16627,30,1,0,4368,47.2539,47.3679,16.3569
47.5548,3.83041,0,3.83041,1.1,4.16627,30,1,0,4369,47.2557,47.3696,16.356
47.5655,5.17855,0,5.17855,1.08,4.09052,30,1,0,4371,47.2631,47.377,16.3544
47.5866,4.36066,0,4.36066,1.08,4.09052,30,1,0,4372,47.2726,47.3866,16.3536
47.597,4.936,0,4.936,1.06,4.01477,30,1,0,4374,47.2716,47.3855,16.3519
47.6224,7.84154,0,7.84154,1.06,4.01477,40,2,0,4376,47.2932,47.407,16.3503
47.633,5.42734,0,5.42734,1.04,3.93902,30,1,0,4378,47.296,47.4098,16.3486
47.652,2.65913,0,2.65913,1.04,3.93902,30,1,0,4379,47.2907,47.4044,16.3478
47.6621,4.81044,0,4.81044,1.02,3.86327,30,1,0,4381,47.2883,47.402,16.3462
47.688,8.07991,0,8.07991,1.02,3.86327,40,2,0,4383,47.3037,47.4173,16.3445
47.6982,5.27463,0,5.27463,1,3.78752,30,1,0,4385,47.3074,47.421,16.3429
47.7183,3.30044,0,3.30044,1,3.78752,30,1,0,4386,47.308,47.4216,16.3421
47.7237,0.308741,0,0.308741,0.98,3.71177,20,0,0,4386,47.308,47.4216,16.3421
47.7475,2.3131,0,2.3131,0.98,3.71177,30,1,0,4387,47.3068,47.4203,16.3412
47.7597,6.9077,0,6.9077,0.96,3.63602,30,1,0,4389,47.3224,47.4359,16.3396
47.7795,6.16019,0,6.16019,0.96,3.63602,40,2,0,4391,47.3307,47.4441,16.338
47.7937,7.41354,0,7.41354,0.94,3.56027,40,2,0,4393,47.3378,47.4512,16.3363
47.8086,3.58774,0,3.58774,0.94,3.56027,30,1,0,4394,47.3355,47.4488,16.3355
47.8225,7.49606,0,7.49606,0.92,3.48452,40,2,0,4396,47.3519,47.4652,16.3339
47.8377,3.73352,0,3.73352,0.92,3.48452,30,1,0,4397,47.3568,47.4701,16.333
47.8484,4.99368,0,4.99368,0.9,3.40877,30,1,0,4399,47.3676,47.4808,16.3314
47.8686,5.82756,0,5.82756,0.9,3.40877,40,2,0,4401,47.3724,47.4856,16.3298
47.8775,4.41552,0,4.41552,0.88,3.33302,40,2,0,4403,47.3713,47.4844,16.3281
47.9002,5.2198,0,5.2198,0.88,3.33302,30,1,0,4405,47.3714,47.4844,16.3265
47.9096,4.91854,0,4.91854,0.86,3.25727,20,0,0,4407,47.3783,47.4913,16.3249
47.9313,4.80929,0,4.80929,0.86,3.25727,30,1,0,4408,47.3913,47.5043,16.3241
47.9396,3.45167,0,3.45167,0.84,3.18152,30,1,0,4409,47.396,47.509,16.3232
47.9613,3.22132,0,3.22132,0.84,3.18152,30,1,0,4410,47.3961,47.5091,16.3224
47.9734,7.25805,0,7.25805,0.82,3.10577,40,2,0,4412,47.4084,47.5213,16.3208
47.9936,4.35043,0,4.35043,0.82,3.10577,30,1,0,4414,47.4092,47.522,16.3192
48.0036,5.28889,0,5.28889,0.8,3.03002,40,2,0,4416,47.4158,47.5285,16.3175
48.0223,1.80781,0,1.80781,0.8,3.03002,30,1,0,4417,47.4152,47.528,16.3167
48.0299,2.95792,0,2.95792,0.78,2.95427,30,1,0,4418,47.4133,47.526,16.3159
48.0535,4.45394,0,4.45394,0.78,2.95427,30,1,0,4419,47.4243,47.537,16.3151
48.0647,6.50959,0,6.50959,0.76,2.87852,40,2,0,4421,47.4334,47.546,16.3135
48.0842,3.9142,0,3.9142,0.76,2.87852,30,1,0,4422,47.4392,47.5518,16.3127
48.0943,5.45219,0,5.45219,0.74,2.80277,20,0,0,4424,47.4453,47.5579,16.311
48.1158,4.1294,0,4.1294,0.74,2.80277,30,1,0,4425,47.4493,47.5618,16.3102
48.1252,4.55561,0,4.55561,0.72,2.72701,30,1,0,4426,47.4582,47.5707,16.3094
48.1446,2.4574,0,2.4574,0.72,2.72701,20,0,0,4427,47.4515,47.564,16.3086
48.1533,3.55175,0,3.55175,0.7,2.65126,30,1,0,4428,47.4589,47.5714,16.3078
48.1749,5.37347,0,5.37347,0.7,2.65126,30,1,0,4430,47.4598,47.5722,16.3062
48.1859,4.42193,0,4.42193,0.68,2.57551,30,1,0,4432,47.4565,47.5688,16.3045
48.2058,5.58026,0,5.58026,0.68,2.57551,30,1,0,4434,47.4556,47.5679,16.3029
48.2361,23.5376,15.2061,8.33144,0.66,2.49976,708,4,0,4436,47.4736,47.5859,16.3013
48.2427,0.577313,0,0.577313,0.64,2.42401,20,0,0,4436,47.4736,47.5859,16.3013
48.2663,4.38889,0,4.38889,0.64,2.42401,30,1,0,4438,47.4752,47.5874,16.2997
48.276,3.68009,0,3.68009,0.62,2.34826,30,1,0,4439,47.4812,47.5934,16.2989
48.299,7.38843,0,7.38843,0.62,2.34826,30,1,0,4441,47.4981,47.6102,16.2973
48.3093,4.08664,0,4.08664,0.6,2.27251,30,1,0,4442,47.5056,47.6177,16.2965
48.3323,7.80754,0,7.80754,0.6,2.27251,40,2,0,4444,47.5205,47.6325,16.2948
48.3459,7.24551,0,7.24551,0.58,2.19676,40,2,0,4446,47.5326,47.6446,16.2932
48.3612,3.65916,0,3.65916,0.58,2.19676,30,1,0,4447,47.5386,47.6506,16.2924
48.373,6.64245,0,6.64245,0.56,2.12101,40,2,0,4449,47.5523,47.6642,16.2908
48.3919,3.71921,0,3.71921,0.56,2.12101,30,1,0,4450,47.5596,47.6715,16.29
48.4034,6.63277,0,6.63277,0.54,2.04526,40,2,0,4452,47.5735,47.6853,16.2884
48.4222,3.70178,0,3.70178,0.54,2.04526,30,1,0,4453,47.581,47.6928,16.2876
48.4315,4.2248,0,4.2248,0.52,1.96951,30,1,0,4454,47.5932,47.705,16.2868
48.4541,4.86009,0,4.86009,0.52,1.96951,30,1,0,4455,47.6018,47.7136,16.286
48.467,7.685,0,7.685,0.5,1.89376,40,2,0,4457,47.6166,47.7283,16.2844
48.4893,7.90551,0,7.90551,0.5,1.89376,40,2,0,4459,47.6342,47.7459,16.2828
48.4977,3.47936,0,3.47936,0.48,1.81801,30,1,0,4460,47.6399,47.7516,16.2819
48.5225,6.30715,0,6.30715,0.48,1.81801,40,2,0,4462,47.6493,47.7609,16.2803
48.532,4.49238,0,4.49238,0.46,1.74226,30,1,0,4463,47.6547,47.7663,16.2795
48.557,7.58702,0,7.58702,0.46,1.74226,40,2,0,4465,47.6703,47.7819,16.2779
48.5706,8.56185,0,8.56185,0.44,1.66651,40,2,0,4467,47.6915,47.803,16.2763
48.5906,6.73483,0,6.73483,0.44,1.66651,40,2,0,4469,47.6993,47.8107,16.2747
48.5996,3.90814,0,3.90814,0.42,1.59076,30,1,0,4470,47.7049,47.8163,16.2739
48.6212,3.83491,0,3.83491,0.42,1.59076,30,1,0,4471,47.7155,47.8269,16.2731
48.6303,3.95888,0,3.95888,0.4,1.51501,30,1,0,4473,47.7107,47.822,16.2715
48.6567,8.45042,0,8.45042,0.4,1.51501,40,2,0,4475,47.7294,47.8407,16.2699
48.6654,3.73111,0,3.73111,0.38,1.43926,30,1,0,4476,47.7344,47.8456,16.2691
48.6867,3.37507,0,3.37507,0.38,1.43926,30,1,0,4477,47.7402,47.8515,16.2683
48.6969,5.17374,0,5.17374,0.36,1.36351,30,1,0,4479,47.7403,47.8515,16.2667
48.7182,4.7329,0,4.7329,0.36,1.36351,30,1,0,4480,47.7504,47.8616,16.2659
48.7287,5.27453,0,5.27453,0.34,1.28776,40,2,0,4482,47.7537,47.8648,16.2643
48.7481,3.04112,0,3.04112,0.34,1.28776,30,1,0,4483,47.7549,47.8659,16.2635
48.7565,3.0719,0,3.0719,0.32,1.21201,30,1,0,4484,47.756,47.8671,16.2627
48.7759,0.858859,0,0.858859,0.32,1.21201,20,0,0,4484,47.756,47.8671,16.2627
48.7882,6.10826,0,6.10826,0.3,1.13626,40,2,0,4486,47.7579,47.8689,16.2611
48.811,7.76026,0,7.76026,0.3,1.13626,40,2,0,4488,47.7698,47.8808,16.2595
48.8198,3.57044,0,3.57044,0.28,1.06051,30,1,0,4489,47.7699,47.8808,16.2587
48.8415,3.44788,0,3.44788,0.28,1.06051,30,1,0,4490,47.7722,47.8831,16.2579
48.8531,6.6791,0,6.6791,0.26,0.984755,30,1,0,4492,47.7829,47.8938,16.2563
48.8757,7.13112,0,7.13112,0.26,0.984755,40,2,0,4494,47.7971,47.9079,16.2547
48.9164,2.32561,0,2.32561,0.24,0.984755,20,1,0,4495,47.7922,47.903,16.2539
48.9577,1.02669,0,1.02669,0.22,0.984755,10,0,0,4495,47.7922,47.903,16.2539
49.003,4.91425,0,4.91425,0.2,0.984755,20,1,0,4497,47.7968,47.9075,16.2523
49.0456,3.18543,0,3.18543,0.18,0.984755,20,1,0,4498,47.8006,47.9113,16.2516
49.0889,3.70955,0,3.70955,0.16,0.984755,20,1,0,4499,47.8075,47.9182,16.2508
49.1351,7.32192,0,7.32192,0.14,0.984755,30,2,0,4501,47.8238,47.9345,16.2492
