elapsed_s,total_latency_ms,update_ms,plan_ms,time_to_goal,path_cost,obstacle_checks,queue_operations,collision_count,tree_size,avg_deg_out,avg_deg_in,radius
0.408627,408.102,406.202,1.90036,25,170.12,45581,763,0,601,12.9684,12.9684,40
0.420285,10.6737,0,10.6737,24.98,183.882,548,0,0,603,13.0133,13.0133,40
0.430422,0.532808,0,0.532808,24.98,183.882,20,0,0,603,13.0133,13.0133,40
0.447503,16.0366,0,16.0366,24.96,183.727,612,0,0,604,13.0778,13.0778,40
0.452795,1.07609,0,1.07609,24.96,183.727,20,0,0,604,13.0778,13.0778,40
0.455843,2.09246,0,2.09246,24.94,183.571,58,0,0,605,13.0579,13.0579,40
0.476198,2.20718,0,2.20718,24.94,183.571,212,2,0,606,13.0726,13.0726,40
0.47944,2.41128,0,2.41128,24.92,183.415,191,0,0,607,13.1087,13.1087,40
0.507832,10.2717,0,10.2717,24.92,183.415,911,2,0,610,13.218,13.218,40
0.524425,15.8841,0,15.8841,24.9,183.26,1006,0,0,612,13.3676,13.3676,40
0.535821,6.89026,0,6.89026,24.9,183.26,429,0,0,615,13.4016,13.4016,40
0.538162,1.55359,0,1.55359,24.88,183.104,79,0,0,616,13.401,13.401,40
0.56327,6.34287,0,6.34287,24.88,183.104,562,0,0,617,13.5105,13.5105,40
0.565174,1.10946,0,1.10946,24.86,182.948,74,0,0,617,13.5105,13.5105,40
0.593526,9.18928,0,9.18928,24.86,182.948,446,4,0,618,13.5405,13.5405,40
0.595608,1.07727,0,1.07727,24.84,182.791,61,0,0,619,13.5283,13.5283,40
0.618137,3.47508,0,3.47508,24.84,182.791,174,5,0,621,13.5266,13.5266,40
0.623897,4.5847,0,4.5847,24.82,182.634,273,0,0,622,13.5161,13.5161,40
0.66597,26.5042,0,26.5042,24.82,182.634,1171,36,0,624,13.6619,13.6619,40
0.668653,1.82536,0,1.82536,24.8,182.476,137,2,0,625,13.6592,13.6592,40
0.687914,0.799607,0,0.799607,24.8,182.476,20,0,0,625,13.6592,13.6592,40
0.689409,0.663015,0,0.663015,24.78,182.318,32,0,0,626,13.6422,13.6422,40
0.720221,11.0911,0,11.0911,24.78,182.318,709,4,0,628,13.7325,13.7325,40
0.722617,1.48603,0,1.48603,24.76,182.159,57,0,0,629,13.7281,13.7281,40
0.746084,4.72767,0,4.72767,24.76,182.159,212,0,0,630,13.7286,13.7286,40
0.769108,21.8921,0,21.8921,24.74,181.999,1550,22,0,634,13.9274,13.9274,40
0.775092,4.98887,0,4.98887,24.72,181.838,139,0,0,636,13.9167,13.9167,40
0.793953,3.55027,0,3.55027,24.72,181.838,119,0,0,637,13.9184,13.9184,40
0.795925,1.26408,0,1.26408,24.7,181.678,80,0,0,638,13.9013,13.9013,40
0.815606,0.650238,0,0.650238,24.7,181.678,20,0,0,638,13.9013,13.9013,40
0.821378,4.67535,0,4.67535,24.68,181.517,169,3,0,640,13.8891,13.8891,40
0.841173,4.24989,0,4.24989,24.68,181.517,127,0,0,641,13.8846,13.8846,40
0.855304,12.9669,0,12.9669,24.66,181.358,461,0,0,642,13.9143,13.9143,40
0.872349,9.66134,0,9.66134,24.66,181.358,640,0,0,644,13.9783,13.9783,40
0.87972,6.62786,0,6.62786,24.64,181.198,306,0,0,646,13.9969,13.9969,40
0.901606,8.02215,0,8.02215,24.64,181.198,290,0,0,647,14.0124,14.0124,40
0.919542,16.9149,0,16.9149,24.62,181.039,1307,16,0,650,14.2046,14.2046,40
0.927466,4.38672,0,4.38672,24.62,181.039,301,1,0,652,14.2055,14.2055,40
0.934225,5.76076,0,5.76076,24.6,180.88,430,2,0,654,14.2492,14.2492,40
0.960501,11.5631,0,11.5631,24.6,180.88,808,0,0,655,14.374,14.374,40
0.967203,5.80106,0,5.80106,24.58,180.722,221,0,0,656,14.3948,14.3948,40
0.987832,6.02974,0,6.02974,24.58,180.722,268,0,0,658,14.3921,14.3921,40
0.99626,7.65387,0,7.65387,24.56,180.564,373,0,0,659,14.4188,14.4188,40
1.01822,9.36481,0,9.36481,24.56,180.564,540,0,0,661,14.4554,14.4554,40
1.02262,3.3905,0,3.3905,24.54,180.406,315,0,0,663,14.4706,14.4706,40
1.05116,11.8088,0,11.8088,24.54,180.406,591,2,0,666,14.494,14.494,40
1.06213,9.82517,0,9.82517,24.52,180.249,826,0,0,668,14.6168,14.6168,40
1.08058,8.09882,0,8.09882,24.52,180.249,402,0,0,671,14.623,14.623,40
1.09306,11.4637,0,11.4637,24.5,180.117,784,0,0,672,14.7188,14.7188,40
1.11743,15.6831,0,15.6831,24.5,180.117,1253,28,0,676,14.8402,14.8402,40
1.13672,18.3506,0,18.3506,24.48,179.985,1733,2,0,678,15.0737,15.0737,40
1.14374,5.19066,0,5.19066,24.48,179.985,422,1,0,680,15.1265,15.1265,40
1.14765,2.96084,0,2.96084,24.46,179.852,286,0,0,681,15.1439,15.1439,40
1.17048,5.32462,0,5.32462,24.46,179.852,304,0,0,683,15.1435,15.1435,40
1.17832,6.99831,0,6.99831,24.44,179.718,676,1,0,685,15.2117,15.2117,40
1.19941,7.56176,0,7.56176,24.44,179.718,601,0,0,685,15.2117,15.2117,40
1.2039,3.56197,0,3.56197,24.42,179.583,317,0,0,686,15.2391,15.2391,40
1.22418,3.34082,0,3.34082,24.42,179.583,260,0,0,687,15.2606,15.2606,40
1.23026,5.01125,0,5.01125,24.4,179.448,243,0,0,689,15.2729,15.2729,40
1.25148,5.86465,0,5.86465,24.4,179.448,236,0,0,691,15.2431,15.2431,40
1.25561,3.0894,0,3.0894,24.38,179.311,165,0,0,691,15.2431,15.2431,40
1.27359,0.785286,0,0.785286,24.38,179.311,21,0,0,691,15.2431,15.2431,40
1.27609,1.42067,0,1.42067,24.36,179.174,21,0,0,691,15.2431,15.2431,40
1.30156,6.40928,0,6.40928,24.36,179.174,267,0,0,693,15.2496,15.2496,40
1.30395,1.42095,0,1.42095,24.34,179.035,33,0,0,693,15.2496,15.2496,40
1.32403,1.17947,0,1.17947,24.34,179.035,21,0,0,693,15.2496,15.2496,40
1.33711,11.5936,0,11.5936,24.32,178.896,578,0,0,695,15.2835,15.2835,40
1.35374,7.88717,0,7.88717,24.32,178.896,358,8,0,697,15.2927,15.2927,40
1.35962,4.59502,0,4.59502,24.3,178.755,144,0,0,698,15.2894,15.2894,40
1.37868,3.43859,0,3.43859,24.3,178.755,241,1,0,699,15.2818,15.2818,40
1.38083,0.574887,0,0.574887,24.28,178.614,21,0,0,699,15.2818,15.2818,40
1.40758,7.23628,0,7.23628,24.28,178.614,134,0,0,701,15.2425,15.2425,40
1.41937,10.9915,0,10.9915,24.26,178.471,907,6,0,703,15.3257,15.3257,40
1.43644,7.54559,0,7.54559,24.26,178.471,447,0,0,705,15.356,15.356,40
1.44425,6.85104,0,6.85104,24.24,178.327,267,0,0,707,15.3508,15.3508,40
1.45987,1.9235,0,1.9235,24.24,178.327,57,1,0,708,15.3333,15.3333,40
1.46143,0.60105,0,0.60105,24.22,178.182,21,0,0,708,15.3333,15.3333,40
1.48766,6.24626,0,6.24626,24.22,178.182,277,0,0,709,15.3879,15.3879,40
1.50649,17.7035,0,17.7035,24.2,178.036,566,2,0,712,15.3947,15.3947,40
1.50995,0.883159,0,0.883159,24.2,178.036,21,0,0,712,15.3947,15.3947,40
1.51851,7.37052,0,7.37052,24.18,177.889,512,2,0,714,15.4384,15.4384,40
1.53723,5.87075,0,5.87075,24.18,177.889,532,0,0,715,15.4909,15.4909,40
1.5414,3.09711,0,3.09711,24.16,177.741,182,0,0,716,15.5,15.5,40
1.56046,1.69621,0,1.69621,24.16,177.741,123,0,0,716,15.5,15.5,40
1.58055,19.0465,0,19.0465,24.14,177.591,1423,17,0,718,15.6797,15.6797,40
1.58961,7.91451,0,7.91451,24.12,177.44,585,0,0,721,15.7254,15.7254,40
1.60614,4.27195,0,4.27195,24.12,177.44,136,0,0,723,15.7123,15.7123,40
1.62153,14.3694,0,14.3694,24.1,177.288,1065,6,0,724,15.8412,15.8412,40
1.65153,23.8687,0,23.8687,24.1,177.288,1552,137,0,726,16.0441,16.0441,40
1.66186,9.20942,0,9.20942,24.08,177.135,714,0,0,728,16.0962,16.0962,40
1.67666,3.83756,0,3.83756,24.08,177.135,194,4,0,730,16.0822,16.0822,40
1.68475,6.86346,0,6.86346,24.06,176.981,229,0,0,732,16.0669,16.0669,40
1.70749,9.43322,0,9.43322,24.06,176.981,825,4,0,735,16.1524,16.1524,40
1.71256,3.85604,0,3.85604,24.04,176.825,326,0,0,736,16.1807,16.1807,40
1.74453,15.6576,0,15.6576,24.04,176.825,996,0,0,737,16.3053,16.3053,40
1.75463,9.10897,0,9.10897,24.02,176.668,674,0,0,738,16.3333,16.3333,40
1.77111,5.33491,0,5.33491,24.02,176.668,197,0,0,739,16.3491,16.3491,40
1.77413,2.03014,0,2.03014,24,176.509,179,1,0,740,16.3473,16.3473,40
1.79324,0.665533,0,0.665533,24,176.509,22,0,0,740,16.3473,16.3473,40
1.7979,3.50765,0,3.50765,23.98,176.35,108,0,0,740,16.3473,16.3473,40
1.8229,7.98432,0,7.98432,23.98,176.35,604,0,0,742,16.3935,16.3935,40
1.82549,1.49828,0,1.49828,23.96,176.189,92,0,0,743,16.3809,16.3809,40
1.84596,1.5382,0,1.5382,23.96,176.189,32,0,0,743,16.3809,16.3809,40
1.85197,4.76505,0,4.76505,23.94,176.026,112,0,0,744,16.371,16.371,40
1.87535,8.01881,0,8.01881,23.94,176.026,734,10,0,745,16.455,16.455,40
1.88033,3.72742,0,3.72742,23.92,175.862,134,0,0,747,16.4351,16.4351,40
1.89818,1.44398,0,1.44398,23.92,175.862,37,0,0,747,16.4351,16.4351,40
1.90329,3.51955,0,3.51955,23.9,175.697,22,0,0,747,16.4351,16.4351,40
1.9216,1.313,0,1.313,23.9,175.697,25,0,0,747,16.4351,16.4351,40
1.94086,17.6758,0,17.6758,23.88,175.531,882,0,0,749,16.5207,16.5207,40
1.96079,17.2183,0,17.2183,23.88,175.531,1164,0,0,752,16.6436,16.6436,40
1.96405,2.10829,0,2.10829,23.86,175.363,42,0,0,752,16.6436,16.6436,40
1.98362,1.17242,0,1.17242,23.86,175.363,35,0,0,753,16.6268,16.6268,40
1.98737,2.45082,0,2.45082,23.84,175.193,117,0,0,754,16.6101,16.6101,40
2.01792,12.5058,0,12.5058,23.84,175.193,821,57,0,756,16.6825,16.6825,40
2.03052,11.807,0,11.807,23.82,175.022,623,0,0,757,16.7398,16.7398,40
2.04242,3.14037,0,3.14037,23.82,175.022,194,6,0,758,16.748,16.748,40
2.04685,3.17053,0,3.17053,23.8,174.85,29,0,0,758,16.748,16.748,40
2.07999,16.0861,0,16.0861,23.8,174.85,945,0,0,759,16.8485,16.8485,40
2.08192,0.664958,0,0.664958,23.78,174.676,23,0,0,759,16.8485,16.8485,40
2.10236,0.958678,0,0.958678,23.78,174.676,23,0,0,759,16.8485,16.8485,40
2.10509,1.44962,0,1.44962,23.76,174.501,33,0,0,760,16.8276,16.8276,40
2.12768,3.84958,0,3.84958,23.76,174.501,123,0,0,761,16.8187,16.8187,40
2.14375,15.0971,0,15.0971,23.74,174.324,782,20,0,762,16.8924,16.8924,40
2.14988,0.661699,0,0.661699,23.74,174.324,23,0,0,762,16.8924,16.8924,40
2.1513,0.278131,0,0.278131,23.72,174.146,23,0,0,762,16.8924,16.8924,40
2.17224,0.644263,0,0.644263,23.72,174.146,23,0,0,762,16.8924,16.8924,40
2.17428,0.884614,0,0.884614,23.7,173.966,23,0,0,762,16.8924,16.8924,40
2.19565,2.03787,0,2.03787,23.7,173.966,103,0,0,763,16.8965,16.8965,40
2.19738,0.565341,0,0.565341,23.68,173.785,23,0,0,763,16.8965,16.8965,40
2.22516,7.61062,0,7.61062,23.68,173.785,352,0,0,764,16.9188,16.9188,40
2.2334,6.97901,0,6.97901,23.66,173.602,447,0,0,766,16.9504,16.9504,40
2.26033,13.5465,0,13.5465,23.66,173.602,456,23,0,768,16.974,16.974,40
2.27576,14.513,0,14.513,23.64,170.809,464,3,0,770,16.9896,16.9896,40
2.2908,8.81912,0,8.81912,23.64,170.809,409,0,0,771,17.022,17.022,40
2.29361,1.37638,0,1.37638,23.62,170.623,23,0,0,771,17.022,17.022,40
2.3181,5.40346,0,5.40346,23.62,170.623,90,0,0,772,17.0091,17.0091,40
2.33526,15.7391,0,15.7391,23.6,170.436,1029,4,0,774,17.0866,17.0866,40
2.34856,8.50135,0,8.50135,23.6,170.436,503,0,0,777,17.1068,17.1068,40
2.35279,2.30324,0,2.30324,23.58,163.979,118,0,0,777,17.1068,17.1068,40
2.37323,2.52771,0,2.52771,23.58,163.979,88,0,0,778,17.0938,17.0938,40
2.38461,10.4689,0,10.4689,23.56,163.775,555,2,0,779,17.1605,17.1605,40
2.39675,2.16022,0,2.16022,23.56,163.775,74,0,0,779,17.1605,17.1605,40
2.40144,3.4493,0,3.4493,23.54,163.572,136,0,0,780,17.1538,17.1538,40
2.42054,1.95921,0,1.95921,23.54,163.572,63,0,0,781,17.1344,17.1344,40
2.43866,16.9842,0,16.9842,23.52,163.37,900,0,0,783,17.2184,17.2184,40
2.44961,6.94428,0,6.94428,23.52,163.37,213,0,0,785,17.1987,17.1987,40
2.46329,12.3959,0,12.3959,23.5,163.183,845,0,0,787,17.2745,17.2745,40
2.47339,2.36849,0,2.36849,23.5,163.183,43,0,0,787,17.2745,17.2745,40
2.47632,1.52137,0,1.52137,23.48,163.01,97,0,0,788,17.2716,17.2716,40
2.49717,2.18217,0,2.18217,23.48,163.01,52,0,0,788,17.2716,17.2716,40
2.49935,1.04207,0,1.04207,23.46,162.837,126,0,0,788,17.2716,17.2716,40
2.52526,6.33691,0,6.33691,23.46,162.837,376,0,0,789,17.2687,17.2687,40
2.53799,11.8009,0,11.8009,23.44,162.664,854,0,0,790,17.3506,17.3506,40
2.56081,13.9605,0,13.9605,23.44,162.664,937,13,0,793,17.4439,17.4439,40
2.57719,15.2981,0,15.2981,23.42,162.492,973,0,0,793,17.4439,17.4439,40
2.5836,1.11969,0,1.11969,23.42,162.492,75,0,0,793,17.4439,17.4439,40
2.59401,9.17391,0,9.17391,23.4,162.32,614,2,0,795,17.4755,17.4755,40
2.61006,4.74989,0,4.74989,23.4,162.32,363,0,0,796,17.5,17.5,40
2.61189,0.680579,0,0.680579,23.38,162.148,43,0,0,796,17.5,17.5,40
2.63379,1.97531,0,1.97531,23.38,162.148,70,0,0,796,17.5,17.5,40
2.64169,6.65198,0,6.65198,23.36,161.988,615,0,0,799,17.5244,17.5244,40
2.66369,8.25815,0,8.25815,23.36,161.988,523,0,0,801,17.5543,17.5543,40
2.67625,10.9794,0,10.9794,23.34,161.849,788,31,0,802,17.6633,17.6633,40
2.69435,8.91655,0,8.91655,23.34,161.849,787,6,0,803,17.7621,17.7621,40
2.69596,0.382073,0,0.382073,23.32,161.709,42,0,0,803,17.7621,17.7621,40
2.71931,3.07559,0,3.07559,23.32,161.709,180,0,0,805,17.7366,17.7366,40
2.72582,5.27727,0,5.27727,23.3,161.57,254,0,0,807,17.715,17.715,40
2.74583,4.67148,0,4.67148,23.3,161.57,280,4,0,808,17.7277,17.7277,40
2.77116,24.4196,0,24.4196,23.28,161.431,1370,117,0,810,17.8519,17.8519,40
2.77549,3.10638,0,3.10638,23.26,161.292,255,0,0,811,17.8644,17.8644,40
2.79727,4.66564,0,4.66564,23.26,161.292,316,0,0,812,17.8559,17.8559,40
2.80192,2.87158,0,2.87158,23.24,161.153,170,3,0,814,17.8329,17.8329,40
2.82085,1.53835,0,1.53835,23.24,161.153,65,0,0,814,17.8329,17.8329,40
2.82379,1.66172,0,1.66172,23.22,161.014,125,1,0,815,17.8209,17.8209,40
2.84998,7.14634,0,7.14634,23.22,161.014,708,2,0,816,17.875,17.875,40
2.85432,3.13581,0,3.13581,23.2,160.875,150,0,0,818,17.8447,17.8447,40
2.88912,17.2179,0,17.2179,23.2,160.875,986,0,0,820,17.9427,17.9427,40
2.91802,27.3134,0,27.3134,23.18,160.736,1315,6,0,822,18.0535,18.0535,40
2.9227,3.25167,0,3.25167,23.16,160.596,209,0,0,824,18.0291,18.0291,40
2.94052,0.65664,0,0.65664,23.16,160.596,49,0,0,824,18.0291,18.0291,40
2.94719,5.42853,0,5.42853,23.14,160.457,479,0,0,825,18.0703,18.0703,40
2.97023,7.74707,0,7.74707,23.14,160.457,638,0,0,826,18.1271,18.1271,40
2.9846,12.9936,0,12.9936,23.12,160.318,839,8,0,829,18.1978,18.1978,40
2.99382,1.97372,0,1.97372,23.12,160.318,88,0,0,829,18.1978,18.1978,40
2.99573,0.41434,0,0.41434,23.1,160.179,49,0,0,829,18.1978,18.1978,40
3.02476,9.13355,0,9.13355,23.1,160.179,737,0,0,831,18.2563,18.2563,40
3.03471,8.57376,0,8.57376,23.08,160.04,792,1,0,833,18.3421,18.3421,40
3.04826,1.46979,0,1.46979,23.08,160.04,60,0,0,834,18.3225,18.3225,40
3.05644,6.72726,0,6.72726,23.06,159.901,445,0,0,835,18.3473,18.3473,40
3.07668,6.52777,0,6.52777,23.06,159.901,579,0,0,837,18.3943,18.3943,40
3.08039,2.47706,0,2.47706,23.04,159.762,178,0,0,838,18.3962,18.3962,40
3.10948,10.9099,0,10.9099,23.04,159.762,711,2,0,840,18.4429,18.4429,40
3.12003,9.17856,0,9.17856,23.02,159.622,792,0,0,841,18.5208,18.5208,40
3.13683,5.4411,0,5.4411,23.02,159.622,117,0,0,842,18.5202,18.5202,40
3.1449,6.72309,0,6.72309,23,159.483,487,0,0,843,18.5516,18.5516,40
3.18155,23.0253,0,23.0253,23,159.483,1640,5,0,847,18.68,18.68,40
3.1867,3.64158,0,3.64158,22.98,159.344,352,0,0,849,18.6784,18.6784,40
3.20915,5.6014,0,5.6014,22.98,159.344,250,0,0,850,18.6953,18.6953,40
3.21545,5.03522,0,5.03522,22.96,159.205,341,0,0,851,18.7168,18.7168,40
3.23215,1.0996,0,1.0996,22.96,159.205,45,0,0,851,18.7168,18.7168,40
3.23706,3.48949,0,3.48949,22.94,159.066,322,0,0,854,18.6885,18.6885,40
3.25946,5.4447,0,5.4447,22.94,159.066,468,0,0,855,18.7228,18.7228,40
3.26553,4.65347,0,4.65347,22.92,158.927,535,2,0,857,18.7725,18.7725,40
3.2931,11.9563,0,11.9563,22.92,158.927,828,0,0,860,18.8023,18.8023,40
3.30547,10.9846,0,10.9846,22.9,158.788,711,0,0,862,18.8457,18.8457,40
3.31631,1.68676,0,1.68676,22.9,158.788,55,0,0,863,18.825,18.825,40
3.33128,13.6076,0,13.6076,22.88,158.648,1464,6,0,864,18.9595,18.9595,40
3.34138,3.06141,0,3.06141,22.88,158.648,135,0,0,865,18.948,18.948,40
3.3514,8.41483,0,8.41483,22.86,158.509,635,0,0,868,18.9862,18.9862,40
3.37413,10.6407,0,10.6407,22.86,158.509,865,1,0,871,19.0551,19.0551,40
3.37723,1.58136,0,1.58136,22.84,158.37,65,0,0,872,19.0356,19.0356,40
3.39913,2.85116,0,2.85116,22.84,158.37,113,0,0,873,19.0241,19.0241,40
3.41411,13.7516,0,13.7516,22.82,158.231,1074,19,0,874,19.1419,19.1419,40
3.42776,6.92315,0,6.92315,22.82,158.231,405,0,0,875,19.1771,19.1771,40
3.43614,7.13271,0,7.13271,22.8,158.092,137,0,0,877,19.1437,19.1437,40
3.45477,5.44399,0,5.44399,22.8,158.092,433,0,0,878,19.1822,19.1822,40
3.46461,8.50811,0,8.50811,22.78,157.953,534,0,0,880,19.1989,19.1989,40
3.47998,3.19498,0,3.19498,22.78,157.953,253,0,0,882,19.1825,19.1825,40
3.4927,11.1854,0,11.1854,22.76,157.814,1103,0,0,884,19.2749,19.2749,40
3.51198,10.1323,0,10.1323,22.76,157.814,859,1,0,887,19.3292,19.3292,40
3.52046,7.39384,0,7.39384,22.74,157.674,835,0,0,888,19.4133,19.4133,40
3.53841,4.94716,0,4.94716,22.74,157.674,201,0,0,889,19.4004,19.4004,40
3.54032,0.77623,0,0.77623,22.72,157.535,72,0,0,890,19.3865,19.3865,40
3.58474,24.4891,0,24.4891,22.72,157.535,1719,24,0,893,19.533,19.533,40
3.59074,4.67512,0,4.67512,22.7,157.396,365,0,0,895,19.5274,19.5274,40
3.61832,11.6871,0,11.6871,22.7,157.396,831,2,0,898,19.5891,19.5891,40
3.64422,24.793,0,24.793,22.68,157.257,1768,20,0,901,19.7292,19.7292,40
3.65947,13.9634,0,13.9634,22.66,157.118,1154,0,0,903,19.8206,19.8206,40
3.67703,11.0022,0,11.0022,22.66,157.118,485,0,0,904,19.8473,19.8473,40
3.67988,1.671,0,1.671,22.64,156.979,105,0,0,905,19.8453,19.8453,40
3.70862,9.8045,0,9.8045,22.64,156.979,628,0,0,908,19.9042,19.9042,40
3.72292,13.2215,0,13.2215,22.62,156.84,960,2,0,910,19.9637,19.9637,40
3.73794,7.56166,0,7.56166,22.62,156.84,152,0,0,910,19.9637,19.9637,40
3.74954,10.5286,0,10.5286,22.6,156.7,917,6,0,912,20.0329,20.0329,40
3.76698,7.31671,0,7.31671,22.6,156.7,322,1,0,913,20.0318,20.0318,40
3.76987,1.8202,0,1.8202,22.58,156.561,80,0,0,914,20.0142,20.0142,40
3.79562,7.11779,0,7.11779,22.58,156.561,625,0,0,916,20.0764,20.0764,40
3.82546,28.4582,0,28.4582,22.56,156.422,2623,21,0,920,20.3174,20.3174,40
3.83333,6.30743,0,6.30743,22.54,156.283,389,2,0,923,20.2893,20.2893,40
3.86243,15.1324,0,15.1324,22.54,156.283,1262,22,0,925,20.4086,20.4086,40
3.86728,3.36897,0,3.36897,22.52,156.144,292,0,0,927,20.397,20.397,40
3.88768,3.77494,0,3.77494,22.52,156.144,65,0,0,929,20.3552,20.3552,40
3.89434,5.16171,0,5.16171,22.5,156.005,427,0,0,932,20.3358,20.3358,40
3.91661,7.11277,0,7.11277,22.5,156.005,437,0,0,935,20.3209,20.3209,40
3.9213,3.14148,0,3.14148,22.48,155.866,112,0,0,936,20.3088,20.3088,40
3.94141,2.71293,0,2.71293,22.48,155.866,91,0,0,937,20.2924,20.2924,40
3.94288,0.40275,0,0.40275,22.46,155.726,41,0,0,937,20.2924,20.2924,40
3.9644,1.15303,0,1.15303,22.46,155.726,49,0,0,937,20.2924,20.2924,40
3.98664,20.6868,0,20.6868,22.44,155.587,1423,4,0,940,20.3809,20.3809,40
3.99205,3.9191,0,3.9191,22.42,155.448,211,0,0,941,20.3773,20.3773,40
4.01083,2.37349,0,2.37349,22.42,155.448,136,0,0,943,20.3468,20.3468,40
4.01922,6.60503,0,6.60503,22.4,155.309,395,0,0,944,20.3739,20.3739,40
4.03552,2.32866,0,2.32866,22.4,155.309,127,1,0,945,20.3619,20.3619,40
4.05743,20.5874,0,20.5874,22.38,155.17,1181,3,0,947,20.4382,20.4382,40
4.06564,6.83817,0,6.83817,22.36,155.031,532,0,0,949,20.4658,20.4658,40
4.08818,9.087,0,9.087,22.36,155.031,669,0,0,951,20.4921,20.4921,40
4.09868,8.9515,0,8.9515,22.34,154.892,451,0,0,953,20.4911,20.4911,40
4.1138,3.95651,0,3.95651,22.34,154.892,313,0,0,954,20.5,20.5,40
4.11611,0.697786,0,0.697786,22.32,154.752,52,0,0,954,20.5,20.5,40
4.13669,0.565929,0,0.565929,22.32,154.752,51,0,0,954,20.5,20.5,40
4.15135,12.938,0,12.938,22.3,154.613,1131,12,0,956,20.6098,20.6098,40
4.16332,4.25025,0,4.25025,22.3,154.613,352,0,0,957,20.6207,20.6207,40
4.16562,0.568749,0,0.568749,22.28,154.474,51,0,0,957,20.6207,20.6207,40
4.19307,7.35663,0,7.35663,22.28,154.474,592,4,0,959,20.6392,20.6392,40
4.20041,6.10185,0,6.10185,22.26,154.335,400,0,0,961,20.6316,20.6316,40
4.21667,1.84693,0,1.84693,22.26,154.335,71,0,0,962,20.6112,20.6112,40
4.22134,2.47128,0,2.47128,22.24,154.196,88,0,0,963,20.5919,20.5919,40
4.25014,11.1678,0,11.1678,22.24,154.196,882,0,0,964,20.64,20.64,40
4.25366,1.72518,0,1.72518,22.22,154.057,110,0,0,964,20.64,20.64,40
4.28194,9.99592,0,9.99592,22.22,154.057,266,0,0,964,20.64,20.64,40
4.28602,1.82782,0,1.82782,22.2,153.918,61,0,0,964,20.64,20.64,40
4.31253,8.31019,0,8.31019,22.2,153.918,354,0,0,965,20.6539,20.6539,40
4.31545,1.25277,0,1.25277,22.18,153.778,122,0,0,965,20.6539,20.6539,40
4.33561,0.907012,0,0.907012,22.18,153.778,51,0,0,965,20.6539,20.6539,40
4.34453,6.80813,0,6.80813,22.16,153.639,477,1,0,967,20.6836,20.6836,40
4.36969,11.3818,0,11.3818,22.16,153.639,142,0,0,969,20.6502,20.6502,40
4.37187,0.844415,0,0.844415,22.14,153.5,52,0,0,969,20.6502,20.6502,40
4.39862,6.76107,0,6.76107,22.14,153.5,360,0,0,971,20.6529,20.6529,40
4.40146,0.685773,0,0.685773,22.12,153.361,59,0,0,971,20.6529,20.6529,40
4.43671,15.2644,0,15.2644,22.12,153.361,702,0,0,973,20.6824,20.6824,40
4.43901,0.825754,0,0.825754,22.1,153.222,59,0,0,973,20.6824,20.6824,40
4.46962,10.6509,0,10.6509,22.1,153.222,517,0,0,975,20.7518,20.7518,40
4.47977,8.74608,0,8.74608,22.08,153.083,252,0,0,976,20.7367,20.7367,40
4.51879,27.3824,0,27.3824,22.08,153.083,1415,15,0,978,20.8384,20.8384,40
4.52735,7.02813,0,7.02813,22.06,152.944,613,0,0,979,20.8836,20.8836,40
4.55325,12.5412,0,12.5412,22.06,152.944,1069,0,0,979,20.8836,20.8836,40
4.55937,4.46617,0,4.46617,22.04,152.804,182,0,0,980,20.8663,20.8663,40
4.58111,5.851,0,5.851,22.04,152.804,183,0,0,983,20.8169,20.8169,40
4.5833,0.645578,0,0.645578,22.02,152.665,69,0,0,983,20.8169,20.8169,40
4.60936,6.27592,0,6.27592,22.02,152.665,373,0,0,984,20.8354,20.8354,40
4.61509,4.34055,0,4.34055,22,152.526,100,0,0,985,20.8173,20.8173,40
4.63711,5.52957,0,5.52957,22,152.526,143,0,0,986,20.7992,20.7992,40
4.64632,7.94935,0,7.94935,21.98,152.387,921,1,0,988,20.8664,20.8664,40
4.66156,2.3028,0,2.3028,21.98,152.387,205,0,0,989,20.8595,20.8595,40
4.66803,4.76384,0,4.76384,21.96,152.248,278,0,0,990,20.8515,20.8515,40
4.71149,27.73,0,27.73,21.96,152.248,1932,6,0,992,21.005,21.005,40
4.71698,3.85535,0,3.85535,21.94,152.109,216,1,0,994,20.9779,20.9779,40
4.73456,1.023,0,1.023,21.94,152.109,71,0,0,994,20.9779,20.9779,40
4.74571,9.4021,0,9.4021,21.92,151.97,781,0,0,996,21.0191,21.0191,40
4.76487,7.77191,0,7.77191,21.92,151.97,416,0,0,997,20.999,20.999,40
4.77148,5.17528,0,5.17528,21.9,151.83,447,0,0,999,21.014,21.014,40
4.79001,2.91597,0,2.91597,21.9,151.83,183,0,0,1000,21.009,21.009,40
4.79218,0.469516,0,0.469516,21.88,151.691,86,0,0,1000,21.009,21.009,40
4.8202,7.95702,0,7.95702,21.88,151.691,806,0,0,1002,21.0599,21.0599,40
4.83073,8.77603,0,8.77603,21.86,151.552,900,2,0,1004,21.1275,21.1275,40
4.84963,7.18057,0,7.18057,21.86,151.552,450,1,0,1006,21.1332,21.1332,40
4.8752,23.7157,0,23.7157,21.84,151.413,2076,18,0,1009,21.3162,21.3162,40
4.89104,13.8897,0,13.8897,21.82,151.274,1151,0,0,1011,21.3848,21.3848,40
4.90554,8.1239,0,8.1239,21.82,151.274,678,0,0,1012,21.4269,21.4269,40
4.9108,3.58338,0,3.58338,21.8,151.135,214,0,0,1014,21.3994,21.3994,40
4.93133,3.35766,0,3.35766,21.8,151.135,171,0,0,1014,21.3994,21.3994,40
4.93424,1.30881,0,1.30881,21.78,150.996,152,0,0,1015,21.401,21.401,40
4.96068,6.82392,0,6.82392,21.78,150.996,561,0,0,1017,21.409,21.409,40
4.9725,10.1616,0,10.1616,21.76,145.96,1014,0,0,1019,21.4701,21.4701,40
5.00222,19.0241,0,19.0241,21.76,145.96,1666,1,0,1021,21.5984,21.5984,40
5.01628,11.8786,0,11.8786,21.74,145.765,1225,0,0,1024,21.665,21.665,40
5.03185,6.78691,0,6.78691,21.74,145.765,494,0,0,1026,21.6774,21.6774,40
5.0376,3.95781,0,3.95781,21.72,145.57,107,0,0,1026,21.6774,21.6774,40
5.06175,7.21014,0,7.21014,21.72,145.57,477,0,0,1027,21.6845,21.6845,40
5.07324,9.6673,0,9.6673,21.7,145.375,316,0,0,1029,21.6715,21.6715,40
5.0954,10.9859,0,10.9859,21.7,145.375,860,11,0,1031,21.7119,21.7119,40
5.11328,15.7303,0,15.7303,21.68,145.181,1213,54,0,1033,21.7773,21.7773,40
5.12982,11.4018,0,11.4018,21.68,145.181,887,0,0,1034,21.8482,21.8482,40
5.14375,11.9075,0,11.9075,21.66,144.987,795,0,0,1036,21.8832,21.8832,40
5.15827,5.59791,0,5.59791,21.66,144.987,431,0,0,1038,21.8796,21.8796,40
5.19558,35.6299,0,35.6299,21.64,144.818,2140,113,0,1043,22.0326,22.0326,40
5.20065,2.71479,0,2.71479,21.62,144.661,347,0,0,1044,22.0383,22.0383,40
5.23053,11.8545,0,11.8545,21.62,144.661,1031,2,0,1047,22.0869,22.0869,40
5.23461,1.95145,0,1.95145,21.6,144.504,139,0,0,1048,22.0697,22.0697,40
5.26415,10.4866,0,10.4866,21.6,144.504,1093,6,0,1050,22.14,22.14,40
5.26995,3.68191,0,3.68191,21.58,144.348,114,0,0,1050,22.14,22.14,40
5.28792,0.724987,0,0.724987,21.58,144.348,99,0,0,1050,22.14,22.14,40
5.29594,5.8942,0,5.8942,21.56,144.192,500,3,0,1051,22.1627,22.1627,40
5.31147,0.630219,0,0.630219,21.56,144.192,106,0,0,1051,22.1627,22.1627,40
5.31561,2.00264,0,2.00264,21.54,144.037,158,0,0,1052,22.153,22.153,40
5.3459,11.6127,0,11.6127,21.54,144.037,730,0,0,1053,22.1349,22.1349,40
5.35462,6.1362,0,6.1362,21.52,143.883,448,0,0,1056,22.107,22.107,40
5.37786,9.20026,0,9.20026,21.52,143.883,788,6,0,1058,22.1361,22.1361,40
5.38391,3.86312,0,3.86312,21.5,143.729,211,0,0,1059,22.1322,22.1322,40
5.40683,6.245,0,6.245,21.5,143.729,339,0,0,1060,22.1179,22.1179,40
5.41681,7.63457,0,7.63457,21.48,143.577,510,0,0,1062,22.1149,22.1149,40
5.43673,7.2997,0,7.2997,21.48,143.577,262,0,0,1063,22.0978,22.0978,40
5.44225,2.9434,0,2.9434,21.46,143.461,181,0,0,1064,22.094,22.094,40
5.47254,12.9249,0,12.9249,21.46,143.461,1079,1,0,1066,22.1614,22.1614,40
5.47745,2.64823,0,2.64823,21.44,143.346,126,0,0,1066,22.1614,22.1614,40
5.50386,8.73125,0,8.73125,21.44,143.346,587,4,0,1067,22.1884,22.1884,40
5.51981,13.5378,0,13.5378,21.42,143.231,754,0,0,1069,22.2479,22.2479,40
5.532,5.5035,0,5.5035,21.42,143.231,312,1,0,1072,22.2425,22.2425,40
5.5379,3.68301,0,3.68301,21.4,143.116,313,2,0,1073,22.2498,22.2498,40
5.57375,18.6974,0,18.6974,21.4,143.116,1040,0,0,1076,22.2788,22.2788,40
5.58755,11.3839,0,11.3839,21.38,143,686,1,0,1078,22.2968,22.2968,40
5.60181,5.3411,0,5.3411,21.38,143,406,0,0,1079,22.2864,22.2864,40
5.612,7.93975,0,7.93975,21.36,142.885,685,0,0,1080,22.3269,22.3269,40
5.64014,15.6302,0,15.6302,21.36,142.885,1345,7,0,1083,22.4183,22.4183,40
5.65223,9.70809,0,9.70809,21.34,142.77,1073,2,0,1086,22.4512,22.4512,40
5.67059,7.71179,0,7.71179,21.34,142.77,568,0,0,1088,22.455,22.455,40
5.68515,12.3251,0,12.3251,21.32,142.655,1019,0,0,1090,22.4982,22.4982,40
5.70338,9.87147,0,9.87147,21.32,142.655,499,2,0,1091,22.5105,22.5105,40
5.72011,14.3015,0,14.3015,21.3,142.54,1107,0,0,1094,22.5695,22.5695,40
5.72735,0.91363,0,0.91363,21.3,142.54,158,0,0,1094,22.5695,22.5695,40
5.74762,17.8424,0,17.8424,21.28,142.424,1694,4,0,1096,22.6861,22.6861,40
5.75392,3.8748,0,3.8748,21.28,142.424,467,0,0,1097,22.7001,22.7001,40
5.76671,10.7804,0,10.7804,21.26,142.309,947,0,0,1099,22.778,22.778,40
5.78119,4.40725,0,4.40725,21.26,142.309,186,0,0,1100,22.7591,22.7591,40
5.78923,6.05757,0,6.05757,21.24,142.194,448,0,0,1102,22.7396,22.7396,40
5.81691,13.0181,0,13.0181,21.24,142.194,597,0,0,1104,22.7301,22.7301,40
5.83177,12.6379,0,12.6379,21.22,142.079,1341,0,0,1106,22.7369,22.7369,40
5.84523,5.1695,0,5.1695,21.22,142.079,270,0,0,1108,22.7058,22.7058,40
5.8546,7.18971,0,7.18971,21.2,141.964,597,0,0,1110,22.7036,22.7036,40
5.87161,3.43178,0,3.43178,21.2,141.964,357,5,0,1112,22.6853,22.6853,40
5.88141,7.18472,0,7.18472,21.18,141.848,524,0,0,1114,22.6966,22.6966,40
5.90211,7.28228,0,7.28228,21.18,141.848,734,0,0,1116,22.7294,22.7294,40
5.91117,5.96475,0,5.96475,21.16,141.733,394,0,0,1116,22.7294,22.7294,40
5.93198,6.31558,0,6.31558,21.16,141.733,461,0,0,1117,22.7117,22.7117,40
5.93623,1.21339,0,1.21339,21.14,141.618,204,0,0,1117,22.7117,22.7117,40
5.97181,16.4666,0,16.4666,21.14,141.618,669,0,0,1118,22.7549,22.7549,40
5.97812,3.55173,0,3.55173,21.12,141.503,247,0,0,1119,22.748,22.748,40
5.99881,3.93236,0,3.93236,21.12,141.503,390,0,0,1119,22.748,22.748,40
6.0083,6.27486,0,6.27486,21.1,141.387,621,0,0,1121,22.7654,22.7654,40
6.027,4.64126,0,4.64126,21.1,141.387,455,0,0,1123,22.748,22.748,40
6.05036,20.3497,0,20.3497,21.08,141.272,1781,1,0,1125,22.8587,22.8587,40
6.05372,0.664171,0,0.664171,21.06,141.157,228,0,0,1125,22.8587,22.8587,40
6.09232,18.4263,0,18.4263,21.06,141.157,1726,0,0,1128,22.9379,22.9379,40
6.10313,7.80654,0,7.80654,21.04,141.042,878,7,0,1130,22.9743,22.9743,40
6.13388,17.7822,0,17.7822,21.04,141.042,1957,1,0,1133,23.0909,23.0909,40
6.15018,13.3188,0,13.3188,21.02,140.927,1073,0,0,1135,23.0802,23.0802,40
6.16334,6.38607,0,6.38607,21.02,140.927,313,1,0,1136,23.0634,23.0634,40
6.17565,9.61811,0,9.61811,21,140.811,885,0,0,1137,23.1047,23.1047,40
6.19973,13.1516,0,13.1516,21,140.811,579,0,0,1137,23.1047,23.1047,40
6.20981,7.35313,0,7.35313,20.98,140.696,826,0,0,1138,23.1397,23.1397,40
6.22832,5.66554,0,5.66554,20.98,140.696,711,1,0,1139,23.1817,23.1817,40
6.24535,13.8917,0,13.8917,20.96,140.581,1189,2,0,1141,23.2384,23.2384,40
6.25988,7.98814,0,7.98814,20.96,140.581,999,2,0,1144,23.2483,23.2483,40
6.26373,0.612541,0,0.612541,20.94,140.466,229,0,0,1144,23.2483,23.2483,40
6.29463,11.0981,0,11.0981,20.94,140.466,1203,1,0,1146,23.3185,23.3185,40
6.30881,11.0149,0,11.0149,20.92,140.35,879,0,0,1147,23.3548,23.3548,40
6.32818,10.3951,0,10.3951,20.92,140.35,1071,1,0,1150,23.3704,23.3704,40
6.33191,0.691577,0,0.691577,20.9,140.235,246,0,0,1150,23.3704,23.3704,40
6.35725,5.57246,0,5.57246,20.9,140.235,792,0,0,1151,23.4049,23.4049,40
6.36171,1.56671,0,1.56671,20.88,140.12,251,0,0,1151,23.4049,23.4049,40
6.38649,5.64939,0,5.64939,20.88,140.12,778,3,0,1153,23.4154,23.4154,40
6.39713,7.67083,0,7.67083,20.86,140.005,646,0,0,1154,23.4073,23.4073,40
6.42388,13.5749,0,13.5749,20.86,140.005,1021,0,0,1156,23.4455,23.4455,40
6.43307,6.44612,0,6.44612,20.84,139.89,725,0,0,1158,23.456,23.456,40
6.45422,7.08906,0,7.08906,20.84,139.89,317,0,0,1159,23.4383,23.4383,40
6.46014,3.54729,0,3.54729,20.82,139.774,416,0,0,1160,23.4414,23.4414,40
6.48251,5.28674,0,5.28674,20.82,139.774,525,0,0,1161,23.4531,23.4531,40
6.48627,0.749452,0,0.749452,20.8,139.659,209,0,0,1161,23.4531,23.4531,40
6.52759,21.5997,0,21.5997,20.8,139.659,1624,37,0,1163,23.546,23.546,40
6.53194,1.22536,0,1.22536,20.78,139.544,205,0,0,1163,23.546,23.546,40
6.56036,9.27213,0,9.27213,20.78,139.544,320,0,0,1163,23.546,23.546,40
6.56699,4.05986,0,4.05986,20.76,139.429,604,0,0,1165,23.5476,23.5476,40
6.59602,12.5399,0,12.5399,20.76,139.429,832,0,0,1166,23.5575,23.5575,40
6.61753,18.7878,0,18.7878,20.74,139.313,1634,0,0,1168,23.655,23.655,40
6.63106,11.0849,0,11.0849,20.72,139.198,1048,0,0,1171,23.6943,23.6943,40
6.65811,17.0817,0,17.0817,20.72,139.198,1570,2,0,1175,23.7651,23.7651,40
6.66132,0.595604,0,0.595604,20.7,139.083,189,0,0,1175,23.7651,23.7651,40
6.68304,1.78695,0,1.78695,20.7,139.083,249,0,0,1175,23.7651,23.7651,40
6.69442,8.75107,0,8.75107,20.68,138.968,718,0,0,1177,23.7749,23.7749,40
6.70775,0.955907,0,0.955907,20.68,138.968,189,0,0,1177,23.7749,23.7749,40
6.71518,4.58549,0,4.58549,20.66,138.853,599,0,0,1178,23.792,23.792,40
6.74519,13.9923,0,13.9923,20.66,138.853,934,0,0,1180,23.7712,23.7712,40
6.75372,6.0206,0,6.0206,20.64,138.737,435,1,0,1181,23.7765,23.7765,40
6.77986,11.2433,0,11.2433,20.64,138.737,1226,0,0,1185,23.8135,23.8135,40
6.78336,0.782762,0,0.782762,20.62,138.622,199,0,0,1185,23.8135,23.8135,40
6.82946,25.8332,0,25.8332,20.62,138.622,1738,0,0,1188,23.904,23.904,40
6.85159,18.9712,0,18.9712,20.6,138.507,1597,0,0,1190,23.9857,23.9857,40
6.85959,5.53033,0,5.53033,20.58,138.392,519,0,0,1191,24.0302,24.0302,40
6.88088,5.6761,0,5.6761,20.58,138.392,369,0,0,1192,24.0243,24.0243,40
6.88895,5.62777,0,5.62777,20.56,138.276,296,0,0,1192,24.0243,24.0243,40
6.92183,17.4689,0,17.4689,20.56,138.276,837,0,0,1194,24.0352,24.0352,40
6.93264,7.73555,0,7.73555,20.54,138.161,899,0,0,1195,24.0736,24.0736,40
6.94619,0.8637,0,0.8637,20.54,138.161,201,0,0,1195,24.0736,24.0736,40
6.95039,1.47552,0,1.47552,20.52,138.046,245,0,0,1196,24.061,24.061,40
6.99361,23.8335,0,23.8335,20.52,138.046,2170,0,0,1199,24.1827,24.1827,40
7.00546,8.79451,0,8.79451,20.5,137.931,683,0,0,1201,24.1865,24.1865,40
7.01825,1.00513,0,1.00513,20.5,137.931,199,0,0,1201,24.1865,24.1865,40
7.02458,3.36631,0,3.36631,20.48,137.816,208,0,0,1201,24.1865,24.1865,40
7.05367,11.3856,0,11.3856,20.48,137.816,1130,45,0,1202,24.2479,24.2479,40
7.05745,0.51017,0,0.51017,20.46,137.7,199,0,0,1202,24.2479,24.2479,40
7.08711,9.74801,0,9.74801,20.46,137.7,866,0,0,1203,24.2926,24.2926,40
7.09718,6.98499,0,6.98499,20.44,137.585,514,0,0,1204,24.299,24.299,40
7.14127,30.5554,0,30.5554,20.44,137.585,2550,0,0,1207,24.4466,24.4466,40
7.15274,8.81063,0,8.81063,20.42,137.47,1059,8,0,1208,24.5008,24.5008,40
7.17404,9.33604,0,9.33604,20.42,137.47,1084,0,0,1209,24.5591,24.5591,40
7.18052,3.75222,0,3.75222,20.4,137.355,409,0,0,1210,24.557,24.557,40
7.2045,6.78891,0,6.78891,20.4,137.355,294,0,0,1210,24.557,24.557,40
7.21434,7.49813,0,7.49813,20.38,137.239,726,0,0,1211,24.5855,24.5855,40
7.22922,1.43419,0,1.43419,20.38,137.239,239,0,0,1212,24.5693,24.5693,40
7.24036,8.52628,0,8.52628,20.36,137.124,843,0,0,1213,24.6035,24.6035,40
7.25558,2.86366,0,2.86366,20.36,137.124,273,0,0,1214,24.5914,24.5914,40
7.26224,3.61827,0,3.61827,20.34,137.009,359,0,0,1215,24.5852,24.5852,40
7.27928,0.566536,0,0.566536,20.34,137.009,189,0,0,1215,24.5852,24.5852,40
7.28301,0.874238,0,0.874238,20.32,136.894,219,0,0,1216,24.5674,24.5674,40
7.30936,6.11439,0,6.11439,20.32,136.894,658,0,0,1217,24.6039,24.6039,40
7.31721,4.92448,0,4.92448,20.3,136.779,456,0,0,1220,24.5664,24.5664,40
7.34355,10.155,0,10.155,20.3,136.779,568,0,0,1221,24.5667,24.5667,40
7.354,7.66571,0,7.66571,20.28,136.663,872,0,0,1223,24.5969,24.5969,40
7.39444,26.9821,0,26.9821,20.28,136.663,1422,0,0,1224,24.6626,24.6626,40
7.40476,7.47561,0,7.47561,20.26,136.548,657,0,0,1227,24.6422,24.6422,40
7.43336,15.5025,0,15.5025,20.26,136.548,612,0,0,1228,24.6482,24.6482,40
7.43743,0.996831,0,0.996831,20.24,136.433,216,0,0,1228,24.6482,24.6482,40
7.47151,14.372,0,14.372,20.24,136.433,1101,0,0,1230,24.6862,24.6862,40
7.48516,10.6916,0,10.6916,20.22,136.318,964,0,0,1232,24.7321,24.7321,40
7.52177,26.3718,0,26.3718,20.22,136.318,2053,4,0,1233,24.8467,24.8467,40
7.54296,17.8889,0,17.8889,20.2,136.203,1431,4,0,1236,24.8754,24.8754,40
7.56125,15.7,0,15.7,20.18,136.087,1675,54,0,1239,24.9766,24.9766,40
7.58035,14.3816,0,14.3816,20.18,136.087,852,0,0,1241,24.9871,24.9871,40
7.59965,16.5134,0,16.5134,20.16,135.972,837,0,0,1243,25.0257,25.0257,40
7.60408,0.707701,0,0.707701,20.16,135.972,202,0,0,1243,25.0257,25.0257,40
7.60722,0.761275,0,0.761275,20.14,135.857,202,0,0,1243,25.0257,25.0257,40
7.6344,6.99922,0,6.99922,20.14,135.857,476,0,0,1246,24.9984,24.9984,40
7.64592,9.00527,0,9.00527,20.12,135.742,1008,0,0,1247,25.0441,25.0441,40
7.65931,1.34175,0,1.34175,20.12,135.742,232,0,0,1249,25.0072,25.0072,40
7.66424,1.82212,0,1.82212,20.1,135.626,339,0,0,1250,25.0104,25.0104,40
7.69691,13.5542,0,13.5542,20.1,135.626,885,0,0,1253,25.0104,25.0104,40
7.71326,13.6329,0,13.6329,20.08,135.511,953,0,0,1255,25.0327,25.0327,40
7.72761,6.86308,0,6.86308,20.08,135.511,526,0,0,1257,25.0525,25.0525,40
7.74831,17.7503,0,17.7503,20.06,135.396,1552,1,0,1259,25.1247,25.1247,40
7.75608,5.00681,0,5.00681,20.04,135.281,571,0,0,1260,25.1389,25.1389,40
7.77511,3.45462,0,3.45462,20.04,135.281,253,0,0,1261,25.1221,25.1221,40
7.7951,17.1206,0,17.1206,20.02,135.166,1311,0,0,1263,25.1805,25.1805,40
7.81025,11.8471,0,11.8471,20,135.05,720,0,0,1265,25.181,25.181,40
7.84055,21.4333,0,21.4333,20,135.05,1794,1,0,1268,25.265,25.265,40
7.8496,6.25716,0,6.25716,19.98,134.935,821,0,0,1269,25.2963,25.2963,40
7.86754,2.94253,0,2.94253,19.98,134.935,308,0,0,1269,25.2963,25.2963,40
7.87373,3.05577,0,3.05577,19.96,134.82,296,0,0,1270,25.2811,25.2811,40
7.90087,9.2081,0,9.2081,19.96,134.82,655,0,0,1271,25.2943,25.2943,40
7.90644,2.89761,0,2.89761,19.94,134.705,426,1,0,1272,25.3027,25.3027,40
7.92561,0.973301,0,0.973301,19.94,134.705,236,0,0,1272,25.3027,25.3027,40
7.93495,6.28994,0,6.28994,19.92,134.589,826,0,0,1274,25.31,25.31,40
7.9512,1.88793,0,1.88793,19.92,134.589,315,0,0,1275,25.2965,25.2965,40
7.9549,0.462392,0,0.462392,19.9,134.474,246,0,0,1275,25.2965,25.2965,40
7.98312,7.69754,0,7.69754,19.9,134.474,306,0,0,1276,25.2813,25.2813,40
7.99112,4.30409,0,4.30409,19.88,134.359,519,0,0,1277,25.2686,25.2686,40
8.02541,18.3229,0,18.3229,19.88,134.359,1276,0,0,1279,25.3104,25.3104,40
8.04904,20.356,0,20.356,19.86,134.244,1105,0,0,1281,25.3638,25.3638,40
8.07604,24.0755,0,24.0755,19.84,134.129,1583,4,0,1282,25.4485,25.4485,40
8.08308,3.63005,0,3.63005,19.82,134.013,424,0,0,1283,25.4451,25.4451,40
8.12445,24.5977,0,24.5977,19.82,134.013,1364,156,0,1284,25.5148,25.5148,40
8.14369,16.0355,0,16.0355,19.8,130.529,1236,0,0,1286,25.5661,25.5661,40
8.16229,14.0676,0,14.0676,19.8,130.529,1040,0,0,1288,25.6025,25.6025,40
8.17995,14.9871,0,14.9871,19.78,130.331,603,1,0,1290,25.586,25.586,40
8.18674,0.841234,0,0.841234,19.78,130.331,222,0,0,1290,25.586,25.586,40
8.20686,17.0574,0,17.0574,19.76,130.131,1199,0,0,1292,25.6331,25.6331,40
8.22005,9.71589,0,9.71589,19.74,129.929,766,2,0,1293,25.6582,25.6582,40
8.25717,26.3259,0,26.3259,19.74,129.929,1796,0,0,1296,25.7153,25.7153,40
8.29108,30.9859,0,30.9859,19.72,129.726,2594,2,0,1298,25.8906,25.8906,40
8.3439,49.8453,0,49.8453,19.7,129.521,3428,1,0,1301,26.0853,26.0853,40
8.36808,21.1474,0,21.1474,19.68,129.314,2279,1,0,1303,26.2348,26.2348,40
8.38553,14.2593,0,14.2593,19.66,129.106,985,0,0,1304,26.2722,26.2722,40
8.39569,3.11266,0,3.11266,19.66,129.106,325,0,0,1305,26.259,26.259,40
8.40797,8.75327,0,8.75327,19.64,128.896,423,0,0,1306,26.2519,26.2519,40
8.43434,14.3998,0,14.3998,19.64,128.896,1051,3,0,1309,26.2414,26.2414,40
8.44283,5.42327,0,5.42327,19.62,128.684,389,0,0,1310,26.2237,26.2237,40
8.46883,10.4876,0,10.4876,19.62,128.684,1050,0,0,1312,26.2477,26.2477,40
8.48469,12.6149,0,12.6149,19.6,128.47,1056,1,0,1315,26.2677,26.2677,40
8.51014,17.3188,0,17.3188,19.6,128.47,1329,0,0,1319,26.2745,26.2745,40
8.54326,30.0137,0,30.0137,19.58,128.255,2272,0,0,1322,26.3775,26.3775,40
8.54883,2.19214,0,2.19214,19.56,128.037,333,0,0,1323,26.3628,26.3628,40
8.57259,5.46701,0,5.46701,19.56,128.037,265,0,0,1323,26.3628,26.3628,40
8.57777,1.94733,0,1.94733,19.54,127.818,363,0,0,1324,26.3565,26.3565,40
8.61517,18.9267,0,18.9267,19.54,127.818,1083,0,0,1326,26.4495,26.4495,40
8.63745,19.0327,0,19.0327,19.52,127.596,1296,0,0,1330,26.4632,26.4632,40
8.64547,4.63097,0,4.63097,19.5,127.373,451,0,0,1331,26.4786,26.4786,40
8.66617,4.67317,0,4.67317,19.5,127.373,366,0,0,1331,26.4786,26.4786,40
8.67023,1.02662,0,1.02662,19.48,127.148,285,0,0,1331,26.4786,26.4786,40
8.69139,1.16118,0,1.16118,19.48,127.148,285,0,0,1331,26.4786,26.4786,40
8.70848,13.9777,0,13.9777,19.46,126.922,1094,0,0,1334,26.521,26.521,40
8.72891,13.2738,0,13.2738,19.46,126.922,1517,3,0,1337,26.5565,26.5565,40
8.75939,26.9017,0,26.9017,19.44,126.696,2513,2,0,1340,26.6806,26.6806,40
8.77443,11.4121,0,11.4121,19.42,126.469,1463,0,0,1343,26.7163,26.7163,40
8.80904,25.3608,0,25.3608,19.42,126.469,1914,4,0,1346,26.7779,26.7779,40
8.82337,10.7003,0,10.7003,19.4,126.242,872,0,0,1349,26.768,26.768,40
8.84234,9.24625,0,9.24625,19.4,126.242,399,0,0,1349,26.768,26.768,40
8.85598,10.0445,0,10.0445,19.38,126.015,1034,0,0,1350,26.8096,26.8096,40
8.88827,21.8682,0,21.8682,19.38,126.015,1941,0,0,1353,26.8825,26.8825,40
8.90155,9.76818,0,9.76818,19.36,125.787,915,0,0,1355,26.9151,26.9151,40
8.93107,18.4646,0,18.4646,19.36,125.787,1656,0,0,1357,26.9978,26.9978,40
8.93751,3.40403,0,3.40403,19.34,125.559,467,0,0,1358,27.0015,27.0015,40
8.99219,37.1908,0,37.1908,19.34,125.559,2861,9,0,1362,27.2445,27.2445,40
8.99809,2.6844,0,2.6844,19.32,125.33,468,0,0,1363,27.2553,27.2553,40
9.04483,28.6565,0,28.6565,19.32,125.33,1883,5,0,1364,27.3072,27.3072,40
9.08028,32.2598,0,32.2598,19.3,125.102,3047,0,0,1366,27.4744,27.4744,40
9.09454,10.7137,0,10.7137,19.28,124.885,831,0,0,1368,27.4832,27.4832,40
9.10691,2.29956,0,2.29956,19.28,124.885,340,0,0,1368,27.4832,27.4832,40
9.13549,25.2575,0,25.2575,19.26,124.672,1636,55,0,1370,27.5474,27.5474,40
9.14954,10.2085,0,10.2085,19.24,124.458,1218,0,0,1373,27.5827,27.5827,40
9.16467,4.97771,0,4.97771,19.24,124.458,280,0,0,1374,27.567,27.567,40
9.17524,6.93519,0,6.93519,19.22,124.244,426,0,0,1376,27.54,27.54,40
9.19835,9.6795,0,9.6795,19.22,124.244,702,0,0,1378,27.5399,27.5399,40
9.2078,5.7154,0,5.7154,19.2,124.031,491,0,0,1380,27.5174,27.5174,40
9.23809,15.3898,0,15.3898,19.2,124.031,1044,0,0,1382,27.5897,27.5897,40
9.25162,10.2797,0,10.2797,19.18,123.816,688,0,0,1384,27.5867,27.5867,40
9.27702,15.6113,0,15.6113,19.18,123.816,1019,0,0,1387,27.589,27.589,40
9.31717,37.02,0,37.02,19.16,123.602,3116,9,0,1390,27.746,27.746,40
9.33075,10.4682,0,10.4682,19.14,123.387,542,0,0,1390,27.746,27.746,40
9.35795,17.1582,0,17.1582,19.14,123.387,533,0,0,1391,27.7477,27.7477,40
9.38994,28.6428,0,28.6428,19.12,123.173,1991,10,0,1395,27.828,27.828,40
9.40916,15.572,0,15.572,19.1,122.977,1183,0,0,1396,27.8775,27.8775,40
9.43486,20.699,0,20.699,19.1,122.977,1610,0,0,1398,27.9442,27.9442,40
9.44582,7.93273,0,7.93273,19.08,122.786,742,0,0,1399,27.9621,27.9621,40
9.46334,4.82004,0,4.82004,19.08,122.786,651,1,0,1400,27.9971,27.9971,40
9.47449,7.69118,0,7.69118,19.06,122.596,670,0,0,1401,28.0093,28.0093,40
9.52274,35.4483,0,35.4483,19.06,122.596,2297,87,0,1402,28.1469,28.1469,40
9.52694,0.758697,0,0.758697,19.04,119.139,220,0,0,1402,28.1469,28.1469,40
9.56183,14.904,0,14.904,19.04,119.139,1546,2,0,1403,28.2338,28.2338,40
9.57916,13.7023,0,13.7023,19.02,118.911,1530,0,0,1406,28.3129,28.3129,40
9.62486,39.0057,0,39.0057,19.02,118.911,2744,0,0,1410,28.4305,28.4305,40
9.63363,5.51532,0,5.51532,19,118.683,626,0,0,1412,28.4441,28.4441,40
9.67598,26.9223,0,26.9223,19,118.683,2075,28,0,1414,28.5481,28.5481,40
9.68572,5.90122,0,5.90122,18.98,118.457,232,0,0,1414,28.5481,28.5481,40
9.71198,11.4034,0,11.4034,18.98,118.457,862,0,0,1415,28.5731,28.5731,40
9.7267,11.2985,0,11.2985,18.96,118.231,830,3,0,1416,28.6066,28.6066,40
9.75381,17.305,0,17.305,18.96,118.231,1455,0,0,1418,28.5853,28.5853,40
9.76266,5.29793,0,5.29793,18.94,118.006,290,0,0,1419,28.5659,28.5659,40
9.78256,4.18058,0,4.18058,18.94,118.006,382,0,0,1420,28.5606,28.5606,40
9.80868,22.7473,0,22.7473,18.92,117.782,1439,0,0,1423,28.5755,28.5755,40
9.81877,6.45695,0,6.45695,18.9,117.56,601,0,0,1425,28.56,28.56,40
9.83642,3.18781,0,3.18781,18.9,117.56,433,0,0,1426,28.5582,28.5582,40
10.6442,803.974,798.633,5.34037,18.88,117.354,95804,1272,0,1428,28.5301,28.5301,40
10.6601,13.1769,0,13.1769,18.86,117.161,793,0,0,1430,28.5608,28.5608,40
10.6688,1.58101,0,1.58101,18.86,117.161,77,0,0,1431,28.5451,28.5451,40
10.6913,20.2948,0,20.2948,18.84,116.969,1823,0,0,1432,28.5936,28.5936,40
10.6943,1.02582,0,1.02582,18.82,116.779,25,0,0,1432,28.5936,28.5936,40
10.7316,18.185,0,18.185,18.82,116.779,1480,0,0,1433,28.6797,28.6797,40
10.7561,22.0981,0,22.0981,18.8,116.591,1634,30,0,1435,28.7847,28.7847,40
10.759,0.61354,0,0.61354,18.78,116.404,30,0,0,1435,28.7847,28.7847,40
10.7967,18.22,0,18.22,18.78,116.404,1321,0,0,1436,28.8753,28.8753,40
10.8052,5.8442,0,5.8442,18.76,116.218,207,0,0,1438,28.8561,28.8561,40
10.8412,21.2995,0,21.2995,18.76,116.218,1751,4,0,1440,28.9583,28.9583,40
10.8492,5.78085,0,5.78085,18.74,116.034,461,0,0,1442,28.9736,28.9736,40
10.8814,17.2066,0,17.2066,18.74,116.034,1037,0,0,1444,29.0125,29.0125,40
10.8882,4.89441,0,4.89441,18.72,115.851,399,0,0,1445,29.0208,29.0208,40
10.9143,10.8919,0,10.8919,18.72,115.851,844,6,0,1446,29.0664,29.0664,40
10.9248,8.19009,0,8.19009,18.7,115.669,446,0,0,1448,29.0691,29.0691,40
10.9613,24.5461,0,24.5461,18.7,115.669,1691,0,0,1451,29.1213,29.1213,40
10.9837,19.8977,0,19.8977,18.68,115.488,1689,34,0,1453,29.2051,29.2051,40
11.0065,20.6407,0,20.6407,18.66,115.309,1851,0,0,1455,29.3155,29.3155,40
11.0246,16.1326,0,16.1326,18.64,115.131,837,0,0,1456,29.3386,29.3386,40
11.0422,12.8224,0,12.8224,18.64,115.131,429,0,0,1458,29.3176,29.3176,40
11.0642,20.4495,0,20.4495,18.62,114.955,1452,0,0,1461,29.384,29.384,40
11.0674,1.10119,0,1.10119,18.6,114.78,62,0,0,1461,29.384,29.384,40
11.0915,4.75058,0,4.75058,18.6,114.78,118,0,0,1461,29.384,29.384,40
11.0956,1.96437,0,1.96437,18.58,114.606,40,0,0,1461,29.384,29.384,40
11.1172,2.96986,0,2.96986,18.58,114.606,90,0,0,1462,29.3673,29.3673,40
11.1205,1.0875,0,1.0875,18.56,114.434,40,0,0,1462,29.3673,29.3673,40
11.1498,10.036,0,10.036,18.56,114.434,836,3,0,1465,29.3911,29.3911,40
11.1744,21.9975,0,21.9975,18.54,114.263,1057,7,0,1467,29.3981,29.3981,40
11.6099,433.22,424.908,8.31202,18.52,114.093,60373,1255,0,1469,29.4078,29.4078,40
11.6148,2.35173,0,2.35173,18.5,113.924,152,0,0,1469,29.4078,29.4078,40
11.6684,35.6581,0,35.6581,18.5,113.924,2284,28,0,1472,29.534,29.534,40
11.6794,8.6819,0,8.6819,18.48,113.756,772,2,0,1473,29.6314,29.6314,40
11.6961,5.07503,0,5.07503,18.48,113.756,449,1,0,1475,29.6359,29.6359,40
11.7039,5.57683,0,5.57683,18.46,113.589,446,2,0,1477,29.6357,29.6357,40
11.7485,29.1461,0,29.1461,18.46,113.589,2097,0,0,1480,29.7101,29.7101,40
11.791,40.3522,0,40.3522,18.44,113.424,2490,9,0,1484,29.8275,29.8275,40
11.7945,0.84946,0,0.84946,18.42,113.26,65,0,0,1484,29.8275,29.8275,40
11.8174,3.0793,0,3.0793,18.42,113.26,315,0,0,1485,29.8316,29.8316,40
11.8277,7.74026,0,7.74026,18.4,113.097,870,7,0,1489,29.8113,29.8113,40
11.8596,18.7291,0,18.7291,18.4,113.097,1274,0,0,1490,29.8758,29.8758,40
11.8723,10.4657,0,10.4657,18.38,112.936,935,0,0,1492,29.9162,29.9162,40
11.8914,8.91943,0,8.91943,18.38,112.936,713,0,0,1493,29.9397,29.9397,40
11.8983,4.35344,0,4.35344,18.36,112.775,511,0,0,1494,29.9538,29.9538,40
11.9208,6.19696,0,6.19696,18.36,112.775,140,0,0,1496,29.9178,29.9178,40
11.9409,17.9165,0,17.9165,18.34,112.615,897,0,0,1498,29.9539,29.9539,40
11.951,6.552,0,6.552,18.32,112.457,307,0,0,1499,29.9506,29.9506,40
11.982,17.8187,0,17.8187,18.32,112.457,1949,9,0,1501,30.06,30.06,40
11.9865,1.35099,0,1.35099,18.3,112.299,161,0,0,1501,30.06,30.06,40
12.0233,17.7512,0,17.7512,18.3,112.299,915,0,0,1503,30.0878,30.0878,40
12.0326,7.13777,0,7.13777,18.28,112.143,812,1,0,1504,30.1263,30.1263,40
12.0609,14.7148,0,14.7148,18.28,112.143,1388,4,0,1506,30.1946,30.1946,40
12.0732,9.78157,0,9.78157,18.26,111.987,483,0,0,1508,30.2102,30.2102,40
12.0929,8.61233,0,8.61233,18.26,111.987,680,0,0,1510,30.2252,30.2252,40
12.1188,23.3329,0,23.3329,18.24,111.833,1231,0,0,1512,30.2765,30.2765,40
12.1506,29.3796,0,29.3796,18.22,111.68,1841,0,0,1514,30.3547,30.3547,40
12.1716,18.3531,0,18.3531,18.2,111.527,1798,0,0,1515,30.4403,30.4403,40
12.1867,11.6511,0,11.6511,18.18,111.376,483,4,0,1517,30.4219,30.4219,40
12.2039,8.55416,0,8.55416,18.18,111.376,260,0,0,1519,30.3924,30.3924,40
12.2183,11.1914,0,11.1914,18.16,111.226,743,1,0,1521,30.4379,30.4379,40
12.2284,1.09663,0,1.09663,18.16,111.226,106,0,0,1521,30.4379,30.4379,40
12.2388,7.7415,0,7.7415,18.14,111.076,957,2,0,1522,30.4967,30.4967,40
12.257,4.87526,0,4.87526,18.14,111.076,105,0,0,1522,30.4967,30.4967,40
12.5086,249.31,238.425,10.8848,18.12,110.927,35273,189,0,1523,30.5227,30.5227,40
12.539,27.3654,0,27.3654,18.1,110.779,1984,113,0,1524,30.6614,30.6614,40
12.5493,7.64275,0,7.64275,18.08,110.632,903,4,0,1525,30.6767,30.6767,40
12.5703,8.17086,0,8.17086,18.08,110.632,577,5,0,1526,30.6894,30.6894,40
12.591,17.5638,0,17.5638,18.06,110.486,933,0,0,1527,30.6713,30.6713,40
12.6065,12.9453,0,12.9453,18.04,110.341,476,0,0,1528,30.6767,30.6767,40
12.6201,5.54277,0,5.54277,18.04,110.341,295,0,0,1529,30.6704,30.6704,40
12.6467,23.7047,0,23.7047,18.02,110.196,1354,0,0,1531,30.7348,30.7348,40
12.6602,11.1138,0,11.1138,18,110.052,1166,2,0,1534,30.7529,30.7529,40
12.6784,8.61616,0,8.61616,18,110.052,951,0,0,1536,30.8053,30.8053,40
12.6967,15.8222,0,15.8222,17.98,109.908,1562,77,0,1538,30.8628,30.8628,40
12.7136,11.6798,0,11.6798,17.98,109.908,137,0,0,1539,30.8447,30.8447,40
12.7286,12.5306,0,12.5306,17.96,109.765,831,0,0,1542,30.8372,30.8372,40
12.7407,3.65468,0,3.65468,17.96,109.765,511,2,0,1543,30.8509,30.8509,40
12.7677,24.5099,0,24.5099,17.94,109.622,1212,0,0,1547,30.8746,30.8746,40
12.771,0.857164,0,0.857164,17.92,109.479,102,0,0,1547,30.8746,30.8746,40
12.7985,7.76083,0,7.76083,17.92,109.479,722,9,0,1549,30.878,30.878,40
12.8214,19.9565,0,19.9565,17.9,109.336,1686,6,0,1550,30.9129,30.9129,40
12.8272,3.2049,0,3.2049,17.88,109.194,150,0,0,1551,30.8968,30.8968,40
12.846,1.3382,0,1.3382,17.88,109.194,115,0,0,1551,30.8968,30.8968,40
12.8505,1.74198,0,1.74198,17.86,109.051,115,0,0,1552,30.8776,30.8776,40
12.8786,8.83854,0,8.83854,17.86,109.051,910,1,0,1554,30.8983,30.8983,40
12.9033,21.8349,0,21.8349,17.84,108.915,1628,0,0,1555,30.9505,30.9505,40
12.9075,1.53115,0,1.53115,17.82,108.814,145,0,0,1556,30.9332,30.9332,40
12.9361,9.66089,0,9.66089,17.82,108.814,349,0,0,1558,30.9332,30.9332,40
12.953,14.2424,0,14.2424,17.8,108.714,573,4,0,1560,30.934,30.934,40
12.964,4.97418,0,4.97418,17.8,108.714,356,0,0,1561,30.9308,30.9308,40
12.9704,3.37619,0,3.37619,17.78,108.613,554,9,0,1562,30.9462,30.9462,40
12.9954,7.94031,0,7.94031,17.78,108.613,369,1,0,1564,30.9271,30.9271,40
13.0117,13.6611,0,13.6611,17.76,108.513,1427,20,0,1565,31.0051,31.0051,40
13.0343,15.8003,0,15.8003,17.76,108.513,1014,0,0,1567,31.0313,31.0313,40
13.0525,14.8785,0,14.8785,17.74,108.412,793,0,0,1570,31.0261,31.0261,40
13.0672,9.36809,0,9.36809,17.74,108.412,908,0,0,1571,31.0586,31.0586,40
13.0771,6.52556,0,6.52556,17.72,108.312,350,0,0,1572,31.0534,31.0534,40
13.0932,2.3557,0,2.3557,17.72,108.312,176,0,0,1573,31.0381,31.0381,40
13.0981,1.92668,0,1.92668,17.7,108.211,120,0,0,1573,31.0381,31.0381,40
13.1225,5.92776,0,5.92776,17.7,108.211,652,0,0,1575,31.0406,31.0406,40
13.1417,16.4537,0,16.4537,17.68,108.111,1051,1,0,1576,31.1117,31.1117,40
13.1479,1.49945,0,1.49945,17.68,108.111,110,0,0,1576,31.1117,31.1117,40
13.6469,496.162,492.459,3.70328,17.66,108.01,62186,1043,0,1577,31.1148,31.1148,40
13.6592,8.32038,0,8.32038,17.64,107.909,394,0,0,1578,31.1312,31.1312,40
13.6968,25.4415,0,25.4415,17.64,107.909,1861,0,0,1580,31.2297,31.2297,40
13.7142,14.5427,0,14.5427,17.62,107.809,1387,0,0,1583,31.2761,31.2761,40
13.7229,2.74611,0,2.74611,17.62,107.809,271,0,0,1583,31.2761,31.2761,40
13.7285,2.62438,0,2.62438,17.6,107.708,168,0,0,1583,31.2761,31.2761,40
13.7586,12.3169,0,12.3169,17.6,107.708,1146,0,0,1585,31.3085,31.3085,40
13.766,4.31081,0,4.31081,17.58,107.608,197,0,0,1586,31.2938,31.2938,40
13.7912,9.1539,0,9.1539,17.58,107.608,318,0,0,1588,31.2683,31.2683,40
13.7971,3.09447,0,3.09447,17.56,107.507,251,1,0,1589,31.2574,31.2574,40
13.8198,5.31072,0,5.31072,17.56,107.507,610,3,0,1590,31.2723,31.2723,40
13.834,11.2072,0,11.2072,17.54,107.407,1160,13,0,1592,31.2814,31.2814,40
13.8451,1.94641,0,1.94641,17.54,107.407,137,0,0,1592,31.2814,31.2814,40
13.8522,4.42574,0,4.42574,17.52,107.306,397,0,0,1593,31.28,31.28,40
13.8781,9.57155,0,9.57155,17.52,107.306,672,0,0,1597,31.2405,31.2405,40
13.8991,18.2159,0,18.2159,17.5,107.206,1123,0,0,1598,31.2584,31.2584,40
13.9043,1.74192,0,1.74192,17.48,107.105,142,0,0,1598,31.2584,31.2584,40
13.9409,17.699,0,17.699,17.48,107.105,1470,4,0,1599,31.3546,31.3546,40
13.953,9.36747,0,9.36747,17.46,107.005,961,0,0,1600,31.3906,31.3906,40
13.9782,13.8723,0,13.8723,17.46,107.005,1074,0,0,1601,31.4572,31.4572,40
13.9823,1.62299,0,1.62299,17.44,106.904,196,0,0,1602,31.4432,31.4432,40
14.0065,4.64457,0,4.64457,17.44,106.904,236,0,0,1602,31.4432,31.4432,40
14.0216,12.5321,0,12.5321,17.42,106.804,1379,15,0,1604,31.4994,31.4994,40
14.0397,9.98115,0,9.98115,17.42,106.804,529,0,0,1605,31.5153,31.5153,40
14.0479,5.68273,0,5.68273,17.4,106.703,236,0,0,1605,31.5153,31.5153,40
14.0677,4.60769,0,4.60769,17.4,106.703,352,0,0,1606,31.5156,31.5156,40
14.0858,15.4082,0,15.4082,17.38,106.603,1611,27,0,1608,31.5746,31.5746,40
14.0947,3.22187,0,3.22187,17.38,106.603,126,0,0,1608,31.5746,31.5746,40
14.1166,18.8581,0,18.8581,17.36,106.502,1086,63,0,1609,31.624,31.624,40
14.1395,20.1573,0,20.1573,17.34,106.402,1307,127,0,1611,31.6952,31.6952,40
14.1619,19.9698,0,19.9698,17.32,106.301,1321,3,0,1613,31.7303,31.7303,40
14.1694,4.1693,0,4.1693,17.3,106.201,687,9,0,1615,31.7344,31.7344,40
14.1871,1.28746,0,1.28746,17.3,106.201,126,0,0,1615,31.7344,31.7344,40
14.1941,3.81904,0,3.81904,17.28,106.1,154,0,0,1616,31.7172,31.7172,40
14.2232,12.378,0,12.378,17.28,106.1,1201,4,0,1618,31.7664,31.7664,40
14.2382,11.6524,0,11.6524,17.26,106,773,0,0,1620,31.7704,31.7704,40
14.2495,2.61714,0,2.61714,17.26,106,136,0,0,1620,31.7704,31.7704,40
14.2626,9.6735,0,9.6735,17.24,105.899,582,0,0,1622,31.7787,31.7787,40
14.2755,2.33728,0,2.33728,17.24,105.899,179,0,0,1622,31.7787,31.7787,40
14.3063,27.8654,0,27.8654,17.22,105.799,1191,0,0,1624,31.8085,31.8085,40
14.3478,38.7738,0,38.7738,17.2,105.698,3459,0,0,1626,31.992,31.992,40
14.3691,17.9634,0,17.9634,17.18,105.598,1429,6,0,1628,32.0326,32.0326,40
14.3743,2.74196,0,2.74196,17.16,105.497,375,2,0,1629,32.0319,32.0319,40
14.4182,25.6006,0,25.6006,17.16,105.497,1773,1,0,1631,32.076,32.076,40
15.3907,969.316,967.348,1.96802,17.14,105.397,140254,836,0,1631,32.076,32.076,40
15.4046,10.4174,0,10.4174,17.12,117.793,484,0,0,1632,32.0882,32.0882,40
15.4391,24.1212,0,24.1212,17.12,117.793,1572,16,0,1635,32.1456,32.1456,40
15.4515,9.33648,0,9.33648,17.1,117.626,594,7,0,1638,32.1422,32.1422,40
15.4719,9.31607,0,9.31607,17.1,117.626,608,0,0,1640,32.1378,32.1378,40
15.4919,16.9011,0,16.9011,17.08,117.46,1087,51,0,1642,32.1943,32.1943,40
15.5096,14.5387,0,14.5387,17.08,117.46,261,0,0,1643,32.1832,32.1832,40
15.5286,16.3452,0,16.3452,17.06,117.296,1385,0,0,1645,32.2675,32.2675,40
15.5583,26.1423,0,26.1423,17.06,117.296,1755,4,0,1646,32.4046,32.4046,40
15.57,8.89658,0,8.89658,17.04,117.132,540,0,0,1647,32.4177,32.4177,40
15.6024,20.7537,0,20.7537,17.04,117.132,1347,0,0,1649,32.4694,32.4694,40
15.6131,7.50901,0,7.50901,17.02,116.971,928,12,0,1650,32.5012,32.5012,40
15.6358,9.83591,0,9.83591,17.02,116.971,390,0,0,1651,32.4967,32.4967,40
15.6681,29.6708,0,29.6708,17,116.811,1877,2,0,1655,32.5505,32.5505,40
15.6798,8.66649,0,8.66649,16.98,116.651,516,0,0,1656,32.5598,32.5598,40
15.7071,15.836,0,15.836,16.98,116.651,1216,0,0,1657,32.6107,32.6107,40
15.7267,16.9664,0,16.9664,16.96,116.492,1077,0,0,1659,32.6631,32.6631,40
15.7382,8.63798,0,8.63798,16.94,116.334,227,0,0,1660,32.6512,32.6512,40
15.767,16.2668,0,16.2668,16.94,116.334,713,0,0,1662,32.6546,32.6546,40
15.7712,1.51421,0,1.51421,16.92,116.176,122,0,0,1662,32.6546,32.6546,40
15.813,23.3624,0,23.3624,16.92,116.176,1768,8,0,1664,32.7224,32.7224,40
15.8237,7.5332,0,7.5332,16.9,116.018,291,0,0,1665,32.7135,32.7135,40
15.8399,3.23054,0,3.23054,16.9,116.018,269,0,0,1666,32.7071,32.7071,40
15.843,0.614318,0,0.614318,16.88,115.861,97,0,0,1666,32.7071,32.7071,40
15.8653,2.07283,0,2.07283,16.88,115.861,110,0,0,1666,32.7071,32.7071,40
15.8843,16.1108,0,16.1108,16.86,115.705,1042,8,0,1668,32.7278,32.7278,40
15.8928,4.2565,0,4.2565,16.86,115.705,352,0,0,1669,32.7406,32.7406,40
15.9123,16.7159,0,16.7159,16.84,115.548,1771,0,0,1670,32.8377,32.8377,40
15.9305,14.3813,0,14.3813,16.84,115.548,1123,0,0,1672,32.8672,32.8672,40
15.9434,10.0879,0,10.0879,16.82,115.4,617,0,0,1673,32.8637,32.8637,40
15.9638,10.2979,0,10.2979,16.82,115.4,165,0,0,1674,32.8578,32.8578,40
15.9772,10.8385,0,10.8385,16.8,115.281,938,16,0,1676,32.8717,32.8717,40
15.9896,2.8778,0,2.8778,16.8,115.281,178,0,0,1676,32.8717,32.8717,40
16.0117,19.6352,0,19.6352,16.78,115.184,1187,0,0,1677,32.9946,32.9946,40
16.0164,1.24824,0,1.24824,16.76,115.119,89,0,0,1677,32.9946,32.9946,40
16.0484,12.5501,0,12.5501,16.76,115.119,1445,2,0,1678,33.0703,33.0703,40
16.058,7.01731,0,7.01731,16.74,115.054,400,0,0,1679,33.0709,33.0709,40
16.0758,3.70201,0,3.70201,16.74,115.054,368,0,0,1680,33.0738,33.0738,40
16.0926,13.8949,0,13.8949,16.72,114.989,1047,0,0,1682,33.1207,33.1207,40
16.112,12.2849,0,12.2849,16.72,114.989,1073,0,0,1683,33.1503,33.1503,40
16.1256,10.9217,0,10.9217,16.7,114.925,454,0,0,1684,33.1538,33.1538,40
16.1472,11.2392,0,11.2392,16.7,114.925,706,4,0,1687,33.1547,33.1547,40
16.1626,12.8667,0,12.8667,16.68,114.86,845,0,0,1689,33.1676,33.1676,40
16.1786,7.89144,0,7.89144,16.68,114.86,150,0,0,1689,33.1676,33.1676,40
16.1935,12.3696,0,12.3696,16.66,114.795,636,0,0,1690,33.1734,33.1734,40
16.2113,9.07769,0,9.07769,16.66,114.795,1204,26,0,1691,33.2229,33.2229,40
16.2224,8.18077,0,8.18077,16.64,114.73,692,0,0,1693,33.2191,33.2191,40
16.2557,20.7187,0,20.7187,16.64,114.73,1544,0,0,1695,33.2767,33.2767,40
16.2856,27.4433,0,27.4433,16.62,114.666,2062,4,0,1697,33.4196,33.4196,40
16.3129,24.3742,0,24.3742,16.6,114.601,1408,0,0,1699,33.5156,33.5156,40
16.328,12.2102,0,12.2102,16.58,114.536,802,0,0,1701,33.5168,33.5168,40
16.3376,1.17986,0,1.17986,16.58,114.536,149,0,0,1701,33.5168,33.5168,40
16.3644,24.1475,0,24.1475,16.56,114.471,1924,2,0,1703,33.5995,33.5995,40
16.382,14.0494,0,14.0494,16.54,114.407,457,0,0,1705,33.5806,33.5806,40
16.4173,29.0709,0,29.0709,16.54,114.407,1550,0,0,1707,33.6374,33.6374,40
16.6499,229.248,227.25,1.99759,16.52,114.342,32296,63,0,1707,33.6374,33.6374,40
16.657,3.14804,0,3.14804,16.5,114.277,154,0,0,1708,33.62,33.62,40
16.6827,8.16075,0,8.16075,16.5,114.277,799,0,0,1709,33.6501,33.6501,40
16.6885,2.61425,0,2.61425,16.48,114.212,189,0,0,1709,33.6501,33.6501,40
16.7096,2.71483,0,2.71483,16.48,114.212,342,0,0,1711,33.6271,33.6271,40
16.7336,21.0929,0,21.0929,16.46,114.148,1521,1,0,1714,33.6727,33.6727,40
16.7397,3.07088,0,3.07088,16.44,114.083,256,0,0,1715,33.6618,33.6618,40
16.7847,27.3295,0,27.3295,16.44,114.083,2395,0,0,1717,33.7851,33.7851,40
16.805,17.3106,0,17.3106,16.42,114.018,1443,1,0,1720,33.8192,33.8192,40
16.8334,25.2681,0,25.2681,16.42,114.018,1316,2,0,1724,33.8196,33.8196,40
16.8369,0.542193,0,0.542193,16.4,113.953,124,0,0,1724,33.8196,33.8196,40
16.8808,23.6714,0,23.6714,16.4,113.953,1268,1,0,1726,33.8731,33.8731,40
16.8852,1.40541,0,1.40541,16.38,113.889,249,2,0,1727,33.8645,33.8645,40
16.9146,9.6884,0,9.6884,16.38,113.889,1021,2,0,1729,33.8814,33.8814,40
16.9277,10.2347,0,10.2347,16.36,113.824,914,0,0,1730,33.9075,33.9075,40
16.9402,1.67449,0,1.67449,16.36,113.824,124,0,0,1730,33.9075,33.9075,40
16.9448,1.41082,0,1.41082,16.34,113.759,124,0,0,1730,33.9075,33.9075,40
16.9826,18.2433,0,18.2433,16.34,113.759,2099,12,0,1732,33.9954,33.9954,40
17.0051,19.4213,0,19.4213,16.32,113.694,1417,0,0,1735,34.0156,34.0156,40
17.0122,3.54759,0,3.54759,16.3,113.63,417,0,0,1736,34.015,34.015,40
17.0821,52.7042,0,52.7042,16.3,113.63,3196,7,0,1740,34.2126,34.2126,40
17.0966,11.2296,0,11.2296,16.28,113.565,1506,0,0,1741,34.3102,34.3102,40
17.1249,18.8749,0,18.8749,16.28,113.565,1601,3,0,1745,34.3324,34.3324,40
17.1332,5.00631,0,5.00631,16.26,113.5,689,0,0,1747,34.3297,34.3297,40
17.1584,9.9981,0,9.9981,16.26,113.5,468,1,0,1748,34.3352,34.3352,40
17.1821,20.8031,0,20.8031,16.24,113.435,2349,0,0,1750,34.448,34.448,40
17.1971,11.5001,0,11.5001,16.22,113.371,426,0,0,1752,34.4264,34.4264,40
17.2238,17.898,0,17.898,16.22,113.371,1059,0,0,1755,34.4325,34.4325,40
17.2461,18.5914,0,18.5914,16.2,113.306,620,0,0,1756,34.463,34.463,40
17.2499,1.12808,0,1.12808,16.18,113.241,132,0,0,1756,34.463,34.463,40
17.287,16.889,0,16.889,16.18,113.241,1034,8,0,1758,34.4915,34.4915,40
17.3075,17.3699,0,17.3699,16.16,113.176,1085,6,0,1760,34.5131,34.5131,40
17.3117,1.40435,0,1.40435,16.14,113.112,132,0,0,1760,34.5131,34.5131,40
17.3373,6.09601,0,6.09601,16.14,113.112,712,0,0,1761,34.5315,34.5315,40
17.3461,5.90645,0,5.90645,16.12,113.047,460,0,0,1763,34.5145,34.5145,40
17.3759,14.6731,0,14.6731,16.12,113.047,257,0,0,1764,34.5334,34.5334,40
17.3936,15.0951,0,15.0951,16.1,112.982,1424,1,0,1766,34.5776,34.5776,40
17.4182,18.5537,0,18.5537,16.1,112.982,2542,0,0,1767,34.6774,34.6774,40
17.4296,7.62985,0,7.62985,16.08,112.917,418,0,0,1769,34.6586,34.6586,40
17.4534,11.2686,0,11.2686,16.08,112.917,1403,8,0,1771,34.7007,34.7007,40
17.4848,27.6907,0,27.6907,16.06,112.853,2431,1,0,1775,34.7825,34.7825,40
17.5011,12.646,0,12.646,16.04,112.788,1512,4,0,1778,34.8178,34.8178,40
17.5225,13.686,0,13.686,16.04,112.788,336,0,0,1779,34.8168,34.8168,40
17.5317,5.74003,0,5.74003,16.02,112.723,424,0,0,1782,34.7795,34.7795,40
17.566,19.9325,0,19.9325,16.02,112.723,1331,0,0,1784,34.8156,34.8156,40
17.5791,10.1138,0,10.1138,16,112.658,445,0,0,1785,34.8179,34.8179,40
17.5954,5.45901,0,5.45901,16,112.658,814,2,0,1786,34.8387,34.8387,40
17.6205,22.2621,0,22.2621,15.98,112.594,2019,5,0,1789,34.9033,34.9033,40
17.6302,6.22433,0,6.22433,15.96,112.529,498,0,0,1791,34.8878,34.8878,40
17.6649,20.8453,0,20.8453,15.96,112.529,1928,4,0,1793,34.9788,34.9788,40
17.6911,23.1087,0,23.1087,15.94,112.464,1347,0,0,1794,35.0323,35.0323,40
17.6992,4.95632,0,4.95632,15.92,112.399,716,2,0,1796,35.0301,35.0301,40
17.7347,19.6201,0,19.6201,15.92,112.399,1166,0,0,1799,35.03,35.03,40
17.7416,4.05858,0,4.05858,15.9,112.335,437,0,0,1800,35.0283,35.0283,40
17.7614,2.64344,0,2.64344,15.9,112.335,136,0,0,1800,35.0283,35.0283,40
17.7951,30.8042,0,30.8042,15.88,112.27,2718,0,0,1802,35.1704,35.1704,40
17.8164,18.1039,0,18.1039,15.86,112.205,430,0,0,1803,35.1725,35.1725,40
17.8202,0.726197,0,0.726197,15.84,112.14,136,0,0,1803,35.1725,35.1725,40
17.8443,4.53937,0,4.53937,15.84,112.14,466,0,0,1804,35.1735,35.1735,40
18.415,567.024,540.999,26.0245,15.82,112.076,98580,750,0,1807,35.2153,35.2153,40
18.421,1.97966,0,1.97966,15.8,112.011,146,0,0,1807,35.2153,35.2153,40
18.4422,3.09506,0,3.09506,15.8,112.011,107,0,0,1807,35.2153,35.2153,40
18.4578,12.1018,0,12.1018,15.78,111.946,667,0,0,1809,35.2554,35.2554,40
18.4667,0.777284,0,0.777284,15.78,111.946,95,0,0,1809,35.2554,35.2554,40
18.4845,15.057,0,15.057,15.76,111.881,1478,85,0,1810,35.3149,35.3149,40
18.5031,12.4105,0,12.4105,15.76,111.881,517,2,0,1812,35.3146,35.3146,40
18.5124,6.58752,0,6.58752,15.74,111.817,217,0,0,1813,35.3034,35.3034,40
18.5367,10.6406,0,10.6406,15.74,111.817,175,1,0,1814,35.2883,35.2883,40
18.5412,1.49052,0,1.49052,15.72,111.752,86,0,0,1814,35.2883,35.2883,40
18.5626,2.80471,0,2.80471,15.72,111.752,109,0,0,1814,35.2883,35.2883,40
18.5835,18.2765,0,18.2765,15.7,111.687,840,0,0,1817,35.2829,35.2829,40
18.5968,10.5021,0,10.5021,15.68,111.622,186,0,0,1818,35.2706,35.2706,40
18.6127,6.04668,0,6.04668,15.68,111.622,586,12,0,1819,35.2787,35.2787,40
18.6233,7.85088,0,7.85088,15.66,111.558,749,0,0,1820,35.2995,35.2995,40
18.6534,17.0978,0,17.0978,15.66,111.558,1268,0,0,1821,35.3515,35.3515,40
18.6853,28.9704,0,28.9704,15.64,111.493,1036,0,0,1822,35.5044,35.5044,40
18.702,13.8194,0,13.8194,15.62,111.428,1055,1,0,1825,35.5019,35.5019,40
18.7227,13.7457,0,13.7457,15.62,111.428,878,3,0,1827,35.5063,35.5063,40
18.7324,7.43358,0,7.43358,15.6,111.364,530,4,0,1828,35.5137,35.5137,40
18.7592,13.0414,0,13.0414,15.6,111.364,1674,5,0,1829,35.5839,35.5839,39.9985
18.7765,13.8725,0,13.8725,15.58,111.299,371,0,0,1830,35.5765,35.5765,39.9947
18.7873,4.18994,0,4.18994,15.58,111.299,228,0,0,1831,35.5669,35.5669,39.9909
18.8088,18.9313,0,18.9313,15.56,111.234,1375,6,0,1833,35.6099,35.6099,39.9871
18.8209,8.88616,0,8.88616,15.54,111.169,875,0,0,1834,35.6483,35.6483,39.9795
18.8445,12.3555,0,12.3555,15.54,111.169,1367,4,0,1836,35.6912,35.6912,39.972
18.8487,0.928565,0,0.928565,15.52,111.105,88,0,0,1836,35.6912,35.6912,39.972
18.8716,3.55043,0,3.55043,15.52,111.105,187,0,0,1838,35.6605,35.6605,39.9682
18.8876,12.8252,0,12.8252,15.5,111.04,876,1,0,1840,35.681,35.681,39.9607
18.9007,6.09941,0,6.09941,15.5,111.04,921,12,0,1842,35.6954,35.6954,39.9531
18.9144,10.5618,0,10.5618,15.48,110.975,1270,20,0,1843,35.739,35.7385,39.9456
18.941,16.7087,0,16.7087,15.48,110.975,1733,0,0,1846,35.7839,35.7833,39.9343
18.971,26.82,0,26.82,15.46,110.91,839,5,0,1849,35.7837,35.7831,39.9268
18.9968,22.8437,0,22.8437,15.44,110.846,1241,0,0,1852,35.7975,35.797,39.9119
19.0109,11.3351,0,11.3351,15.42,110.781,1016,0,0,1853,35.837,35.8365,39.9081
19.0358,15.0284,0,15.0284,15.42,110.781,1848,1,0,1855,35.9019,35.9013,39.9007
19.0403,1.1433,0,1.1433,15.4,110.716,100,0,0,1855,35.9019,35.9013,39.9007
19.0914,32.0559,0,32.0559,15.4,110.716,2596,0,0,1858,36.0156,36.0151,39.8895
19.1036,8.9468,0,8.9468,15.38,110.651,230,0,0,1859,36.0054,36.0048,39.8858
19.1421,25.8966,0,25.8966,15.38,110.651,2112,2,0,1861,36.1123,36.1118,39.8783
19.1501,4.58666,0,4.58666,15.36,110.587,272,1,0,1862,36.102,36.1015,39.8783
19.1871,21.7476,0,21.7476,15.36,110.587,1554,0,0,1864,36.1556,36.155,39.8672
19.2008,10.1908,0,10.1908,15.34,110.522,268,0,0,1865,36.1523,36.1517,39.8635
19.2355,23.2967,0,23.2967,15.34,110.522,1703,0,0,1868,36.2007,36.2002,39.8561
19.2463,7.61852,0,7.61852,15.32,110.457,339,0,0,1870,36.185,36.1845,39.8487
19.261,2.07424,0,2.07424,15.32,110.457,156,1,0,1871,36.1689,36.1684,39.8413
19.265,1.18249,0,1.18249,15.3,110.392,104,0,0,1871,36.1689,36.1684,39.8413
19.2896,4.50772,0,4.50772,15.3,110.392,523,1,0,1872,36.1725,36.172,39.8376
19.3027,10.1448,0,10.1448,15.28,110.328,627,0,0,1874,36.1665,36.166,39.8339
19.3154,1.66298,0,1.66298,15.28,110.328,130,0,0,1874,36.1665,36.166,39.8302
19.3306,12.4494,0,12.4494,15.26,110.263,825,3,0,1876,36.1706,36.17,39.8265
19.3462,6.9123,0,6.9123,15.26,110.263,693,0,0,1877,36.1897,36.1891,39.8192
19.3495,0.31055,0,0.31055,15.24,110.198,106,0,0,1877,36.1897,36.1891,39.8192
19.3834,13.0162,0,13.0162,15.24,110.198,1158,0,0,1879,36.2171,36.2166,39.8118
19.3898,3.37051,0,3.37051,15.22,110.133,222,0,0,1880,36.209,36.2085,39.8081
19.4258,18.2287,0,18.2287,15.22,110.133,1015,0,0,1882,36.2651,36.2646,39.8008
19.4347,6.11017,0,6.11017,15.2,110.069,808,6,0,1885,36.2462,36.2456,39.7935
19.4575,7.60616,0,7.60616,15.2,110.069,627,4,0,1887,36.2395,36.239,39.7825
19.4637,3.07132,0,3.07132,15.18,110.004,164,1,0,1888,36.2219,36.2214,39.7788
19.4934,11.4669,0,11.4669,15.18,110.004,839,0,0,1890,36.2286,36.228,39.7715
19.5063,9.64247,0,9.64247,15.16,109.939,520,0,0,1891,36.2311,36.2306,39.7679
19.5255,8.64021,0,8.64021,15.16,109.939,110,0,0,1891,36.2311,36.2306,39.7679
19.5372,8.6288,0,8.6288,15.14,109.874,333,0,0,1892,36.2273,36.2267,39.7642
19.5743,25.342,0,25.342,15.14,109.874,1318,0,0,1894,36.2561,36.2555,39.7606
19.5891,11.5458,0,11.5458,15.12,109.81,1417,4,0,1897,36.2783,36.2778,39.746
19.6066,8.56044,0,8.56044,15.12,109.81,805,0,0,1898,36.3135,36.313,39.7424
19.6347,25.2116,0,25.2116,15.1,109.745,1829,0,0,1900,36.3758,36.3753,39.7351
19.6432,5.03236,0,5.03236,15.08,109.68,310,0,0,1901,36.3688,36.3682,39.7351
19.6921,33.6305,0,33.6305,15.08,109.68,1839,0,0,1904,36.4254,36.4249,39.7242
19.7038,7.84055,0,7.84055,15.06,109.615,918,0,0,1906,36.4313,36.4307,39.717
19.719,2.80272,0,2.80272,15.06,109.615,176,0,0,1907,36.4148,36.4143,39.7098
19.734,12.0028,0,12.0028,15.04,109.551,1184,0,0,1909,36.4447,36.4442,39.7025
19.7615,18.5465,0,18.5465,15.04,109.551,2093,16,0,1912,36.5073,36.5068,39.6953
19.7743,9.31311,0,9.31311,15.02,109.486,130,0,0,1913,36.4893,36.4888,39.6881
19.7977,12.4228,0,12.4228,15.02,109.486,318,0,0,1915,36.4627,36.4621,39.6809
19.81,9.08512,0,9.08512,15,109.421,919,0,0,1917,36.4778,36.4773,39.6737
19.8217,0.86804,0,0.86804,15,109.421,114,0,0,1917,36.4778,36.4773,39.6737
19.8726,46.7986,0,46.7986,14.98,109.356,3120,2,0,1921,36.6049,36.6044,39.663
19.8973,21.4009,0,21.4009,14.96,109.292,1566,0,0,1922,36.6681,36.6675,39.6558
19.9324,31.9547,0,31.9547,14.94,109.227,1535,16,0,1925,36.693,36.6925,39.6487
19.9481,12.5544,0,12.5544,14.92,105.507,1009,2,0,1927,36.7047,36.7042,39.6415
19.9843,28.4825,0,28.4825,14.92,105.507,2142,0,0,1931,36.7866,36.7861,39.6237
19.9977,9.78481,0,9.78481,14.9,105.337,1021,5,0,1933,36.7998,36.7993,39.6166
20.0146,5.80116,0,5.80116,14.9,105.337,408,0,0,1933,36.7998,36.7993,39.6166
20.0292,11.2527,0,11.2527,14.88,105.165,626,0,0,1936,36.7701,36.7696,39.6094
20.0405,1.37138,0,1.37138,14.88,105.165,110,0,0,1936,36.7701,36.7696,39.6059
20.056,12.216,0,12.216,14.86,104.993,625,0,0,1938,36.7621,36.7616,39.5988
20.0673,2.30303,0,2.30303,14.86,104.993,120,0,0,1938,36.7621,36.7616,39.5988
20.0718,1.57384,0,1.57384,14.84,104.82,149,0,0,1939,36.7452,36.7447,39.5953
20.0995,7.93492,0,7.93492,14.84,104.82,389,0,0,1939,36.7452,36.7447,39.5953
20.1156,13.378,0,13.378,14.82,104.645,1554,2,0,1942,36.7719,36.7714,39.5846
20.1399,16.376,0,16.376,14.82,104.645,1161,0,0,1943,36.8235,36.823,39.5811
20.1444,1.10534,0,1.10534,14.8,101.556,120,0,0,1943,36.8235,36.823,39.5811
20.1766,12.1865,0,12.1865,14.8,101.556,774,3,0,1945,36.8231,36.8226,39.574
20.1873,7.49696,0,7.49696,14.78,101.416,695,0,0,1946,36.8356,36.835,39.574
20.2334,32.3694,0,32.3694,14.78,101.416,2632,0,0,1949,36.941,36.9405,39.5599
20.2567,19.5038,0,19.5038,14.76,101.285,2124,1,0,1952,36.9964,36.9959,39.5493
20.2778,17.1969,0,17.1969,14.74,101.153,1848,0,0,1955,37.044,37.0435,39.5423
20.3041,23.097,0,23.097,14.72,101.021,1430,0,0,1957,37.0874,37.0869,39.5318
20.3136,5.68689,0,5.68689,14.7,100.89,619,0,0,1959,37.0781,37.0776,39.5248
20.3298,0.913401,0,0.913401,14.7,100.89,120,0,0,1959,37.0781,37.0776,39.5248
20.3353,1.96529,0,1.96529,14.68,100.758,120,0,0,1959,37.0781,37.0776,39.5248
20.3627,8.33,0,8.33,14.68,100.758,180,0,0,1960,37.0622,37.0617,39.5213
20.3765,10.5796,0,10.5796,14.66,100.627,168,0,0,1961,37.049,37.0484,39.5178
20.4082,21.2528,0,21.2528,14.66,100.627,2490,4,0,1964,37.1319,37.1314,39.5108
20.4227,11.2906,0,11.2906,14.64,100.495,1050,1,0,1966,37.1485,37.148,39.5003
20.4529,20.2846,0,20.2846,14.64,100.495,1431,0,0,1967,37.1912,37.1906,39.4968
20.4712,14.9777,0,14.9777,14.62,100.363,1464,0,0,1968,37.2546,37.2541,39.4933
20.4814,4.82066,0,4.82066,14.62,100.363,366,0,0,1969,37.2524,37.2519,39.4899
20.5394,54.9232,0,54.9232,14.6,100.232,3674,6,0,1974,37.3815,37.381,39.4759
20.5606,17.7156,0,17.7156,14.58,100.1,1461,24,0,1975,37.4638,37.4648,39.469
20.5785,14.2668,0,14.2668,14.56,99.9838,674,0,0,1977,37.4618,37.4628,39.4621
20.6018,16.644,0,16.644,14.56,99.9838,1524,0,0,1978,37.5293,37.5303,39.4586
20.6056,0.604021,0,0.604021,14.54,99.8974,120,0,0,1978,37.5293,37.5303,39.4586
20.6352,8.89988,0,8.89988,14.54,99.8974,879,0,0,1979,37.5558,37.5568,39.4586
20.6524,13.9956,0,13.9956,14.52,99.8111,1071,0,0,1981,37.5719,37.5729,39.4517
20.6769,17.6572,0,17.6572,14.52,99.8111,1053,0,0,1983,37.586,37.587,39.4413
20.706,26.1955,0,26.1955,14.5,99.7247,1490,2,0,1987,37.5944,37.5954,39.4309
20.7219,12.6952,0,12.6952,14.48,99.6383,1486,6,0,1990,37.6442,37.6452,39.4172
20.732,2.08252,0,2.08252,14.48,99.6383,147,0,0,1990,37.6442,37.6452,39.4172
20.7427,7.55585,0,7.55585,14.46,99.552,597,0,0,1991,37.6585,37.6595,39.4172
20.7586,2.46249,0,2.46249,14.46,99.552,281,0,0,1992,37.6491,37.6501,39.4103
20.7703,8.60065,0,8.60065,14.44,99.4656,1000,0,0,1993,37.7135,37.7145,39.4103
20.7903,8.24749,0,8.24749,14.44,99.4656,745,0,0,1994,37.7272,37.7282,39.4034
20.8023,8.33794,0,8.33794,14.42,99.3792,196,0,0,1994,37.7272,37.7282,39.4034
20.8325,18.7701,0,18.7701,14.42,99.3792,342,1,0,1996,37.7084,37.7094,39.4
20.8372,1.41114,0,1.41114,14.4,99.2929,135,0,0,1996,37.7084,37.7094,39.3966
20.8582,1.51473,0,1.51473,14.4,99.2929,124,0,0,1996,37.7084,37.7094,39.3966
20.8893,28.0831,0,28.0831,14.38,99.2065,3214,2,0,2000,37.8325,37.8335,39.3863
20.8943,1.22312,0,1.22312,14.36,99.1201,123,0,0,2000,37.8325,37.8335,39.3829
20.9288,15.4744,0,15.4744,14.36,99.1201,873,0,0,2001,37.8551,37.8561,39.3829
20.9548,22.6714,0,22.6714,14.34,99.0337,681,0,0,2003,37.8467,37.8477,39.3726
20.9739,15.7942,0,15.7942,14.32,98.9474,1480,0,0,2005,37.8858,37.8868,39.3658
20.9862,8.40865,0,8.40865,14.3,98.861,164,0,0,2006,37.8679,37.8689,39.3624
21.0241,25.177,0,25.177,14.3,98.861,880,0,0,2008,37.9238,37.9248,39.359
21.0316,3.90523,0,3.90523,14.28,98.7746,391,0,0,2009,37.9179,37.9189,39.3522
21.0539,5.42835,0,5.42835,14.28,98.7746,143,0,0,2010,37.8995,37.9005,39.3522
21.0584,1.30533,0,1.30533,14.26,98.6883,133,0,0,2010,37.8995,37.9005,39.3488
21.0864,8.66198,0,8.66198,14.26,98.6883,133,0,0,2010,37.8995,37.9005,39.3488
21.0948,4.82632,0,4.82632,14.24,98.6019,742,4,0,2012,37.8966,37.8976,39.3454
21.1167,6.49901,0,6.49901,14.24,98.6019,143,0,0,2012,37.8966,37.8976,39.342
21.1349,14.4854,0,14.4854,14.22,98.5155,821,0,0,2014,37.8952,37.8962,39.3352
21.1589,18.2308,0,18.2308,14.22,98.5155,665,0,0,2016,37.8934,37.8943,39.3318
21.1707,8.30964,0,8.30964,14.2,98.4292,217,0,0,2017,37.8765,37.8775,39.3284
21.1906,7.45845,0,7.45845,14.2,98.4292,684,0,0,2019,37.8722,37.8732,39.3182
21.2064,12.4611,0,12.4611,14.18,98.3428,1127,0,0,2022,37.8734,37.8744,39.3115
21.2186,3.55744,0,3.55744,14.18,98.3428,443,0,0,2023,37.8695,37.8705,39.3047
21.2365,14.687,0,14.687,14.16,98.2564,952,0,0,2024,37.8883,37.8893,39.3013
21.2662,23.5958,0,23.5958,14.16,98.2564,1907,0,0,2026,37.9511,37.9521,39.298
21.2851,14.338,0,14.338,14.14,98.1701,1649,48,0,2027,38.0439,38.0449,39.2912
21.2962,4.93196,0,4.93196,14.14,98.1701,645,0,0,2029,38.0414,38.0424,39.2845
21.3119,12.166,0,12.166,14.12,98.0837,243,0,0,2030,38.0276,38.0286,39.2845
21.3325,11.3279,0,11.3279,14.12,98.0837,1103,1,0,2032,38.0408,38.0418,39.2744
21.3397,3.68579,0,3.68579,14.1,97.9973,153,0,0,2033,38.0226,38.0236,39.2711
21.3812,24.2925,0,24.2925,14.1,97.9973,2148,0,0,2036,38.085,38.086,39.261
21.3938,8.79211,0,8.79211,14.08,97.911,243,0,0,2037,38.0717,38.0727,39.2577
21.4176,12.3686,0,12.3686,14.08,97.911,414,0,0,2039,38.0628,38.0638,39.2543
21.4426,20.9854,0,20.9854,14.06,97.8246,1870,1,0,2041,38.1156,38.1166,39.2443
21.4488,2.53348,0,2.53348,14.04,97.7382,142,0,0,2042,38.0979,38.0989,39.2409
21.4736,7.05334,0,7.05334,14.04,97.7382,283,0,0,2044,38.069,38.07,39.2343
21.5015,24.0203,0,24.0203,14.02,97.6519,476,0,0,2047,38.0405,38.0415,39.2243
21.5154,10.6643,0,10.6643,14,97.5655,1536,2,0,2049,38.0854,38.0864,39.2209
21.542,16.1257,0,16.1257,14,97.5655,1396,0,0,2053,38.0833,38.0843,39.2076
21.9691,423.064,413.034,10.0307,13.98,97.4791,77403,171,0,2055,37.9046,37.9246,39.1977
21.9913,17.29,0,17.29,13.96,97.3928,1611,2,0,2059,37.9169,37.9369,39.1878
22.0013,5.88265,0,5.88265,13.94,97.3064,410,0,0,2060,37.9126,37.9325,39.1811
22.0175,0.928911,0,0.928911,13.94,97.3064,113,0,0,2060,37.9126,37.9325,39.1811
22.0443,23.5395,0,23.5395,13.92,97.22,2561,1,0,2063,38.0034,38.0233,39.1745
22.0573,9.26107,0,9.26107,13.9,97.1337,430,0,0,2064,38.0039,38.0237,39.1679
22.0806,12.8092,0,12.8092,13.9,97.1337,388,0,0,2066,37.9802,38,39.1613
22.0888,4.01451,0,4.01451,13.88,97.0473,194,0,0,2068,37.9478,37.9676,39.158
22.1304,25.1305,0,25.1305,13.88,97.0473,1165,0,0,2071,37.9556,37.9754,39.1449
22.1475,13.7548,0,13.7548,13.86,96.9609,540,0,0,2072,37.9638,37.9836,39.1416
22.1565,1.16884,0,1.16884,13.86,96.9609,110,0,0,2072,37.9638,37.9836,39.1416
22.1881,27.9094,0,27.9094,13.84,96.8746,1317,0,0,2075,37.9658,37.9855,39.1318
22.2006,7.75725,0,7.75725,13.82,96.7882,517,0,0,2076,37.9682,37.988,39.1285
22.2249,11.6044,0,11.6044,13.82,96.7882,943,0,0,2077,38.0111,38.0308,39.1285
22.2398,11.4703,0,11.4703,13.8,96.7018,1082,12,0,2080,38.0058,38.0255,39.1187
22.2642,14.1576,0,14.1576,13.8,96.7018,1557,1,0,2081,38.0567,38.0764,39.1121
22.2964,28.1245,0,28.1245,13.78,96.6155,2422,0,0,2085,38.1204,38.14,39.1023
22.3269,27.1974,0,27.1974,13.76,96.5291,750,1,0,2087,38.138,38.1576,39.0926
22.3492,18.6594,0,18.6594,13.74,96.4427,348,0,0,2089,38.1149,38.1345,39.086
22.3551,1.83823,0,1.83823,13.72,96.3564,102,0,0,2089,38.1149,38.1345,39.086
22.386,12.2424,0,12.2424,13.72,96.3564,616,0,0,2091,38.1047,38.1243,39.0828
22.4164,26.9119,0,26.9119,13.7,96.27,2206,9,0,2094,38.1734,38.1929,39.0731
22.4294,8.94278,0,8.94278,13.68,96.1836,925,0,0,2096,38.1918,38.2114,39.0633
22.4536,12.3313,0,12.3313,13.68,96.1836,190,0,0,2097,38.1784,38.1979,39.0601
22.474,17.6272,0,17.6272,13.66,96.0973,776,2,0,2099,38.2082,38.223,39.0536
22.5109,32.5123,0,32.5123,13.64,96.0109,2376,3,0,2102,38.2835,38.2983,39.0471
22.5397,24.8247,0,24.8247,13.62,95.9245,2004,0,0,2105,38.3264,38.3411,39.0375
22.5776,33.6261,0,33.6261,13.6,95.8382,2805,5,0,2107,38.4689,38.4836,39.031
22.586,4.50544,0,4.50544,13.58,95.7518,413,0,0,2108,38.4682,38.4829,39.0278
22.6053,3.11968,0,3.11968,13.58,95.7518,379,2,0,2109,38.467,38.4817,39.0246
22.6321,23.0821,0,23.0821,13.56,95.6654,1644,3,0,2112,38.491,38.5057,39.0117
22.6558,19.7268,0,19.7268,13.54,95.579,629,0,0,2116,38.4802,38.4948,39.0021
22.6802,21.2546,0,21.2546,13.52,95.4927,2341,2,0,2118,38.5633,38.5779,38.9925
22.6989,13.9657,0,13.9657,13.5,95.4063,407,0,0,2119,38.5597,38.5743,38.9925
22.7184,13.1247,0,13.1247,13.5,95.4063,1571,0,0,2121,38.5931,38.6077,38.9861
22.7233,1.51764,0,1.51764,13.48,95.3199,113,0,0,2121,38.5931,38.6077,38.9829
22.7666,23.6644,0,23.6644,13.48,95.3199,773,0,0,2123,38.6105,38.6251,38.9765
22.7908,19.9126,0,19.9126,13.46,95.2336,993,0,0,2124,38.6351,38.6497,38.9733
22.796,1.89276,0,1.89276,13.44,95.1472,133,0,0,2124,38.6351,38.6497,38.9733
22.8192,3.84252,0,3.84252,13.44,95.1472,560,0,0,2125,38.64,38.6546,38.9733
22.8239,1.35245,0,1.35245,13.42,95.0608,133,0,0,2125,38.64,38.6546,38.9701
22.8668,22.8171,0,22.8171,13.42,95.0608,2969,7,0,2128,38.734,38.7486,38.9637
22.8728,1.88979,0,1.88979,13.4,94.9745,189,0,0,2128,38.734,38.7486,38.9605
22.901,10.0849,0,10.0849,13.4,94.9745,565,0,0,2129,38.7398,38.7543,38.9574
22.9443,39.1601,0,39.1601,13.38,94.8881,1660,0,0,2133,38.7496,38.7642,38.9478
22.962,13.973,0,13.973,13.36,94.8017,1359,0,0,2134,38.799,38.8135,38.9415
22.9718,2.92695,0,2.92695,13.36,94.8017,297,0,0,2135,38.7897,38.8042,38.9383
22.9804,5.2919,0,5.2919,13.34,94.7154,399,0,0,2136,38.7856,38.8001,38.9351
23.0032,6.72224,0,6.72224,13.34,94.7154,759,0,0,2137,38.7955,38.81,38.932
23.0159,9.36051,0,9.36051,13.32,94.629,593,0,0,2139,38.7747,38.7892,38.9256
23.0429,14.9527,0,14.9527,13.32,94.629,221,0,0,2141,38.7422,38.7567,38.9225
23.0634,17.5159,0,17.5159,13.3,94.5426,1770,1,0,2143,38.7849,38.7993,38.9161
23.104,36.4887,0,36.4887,13.28,94.4563,2708,17,0,2146,38.8658,38.8793,38.9035
23.1121,4.09532,0,4.09532,13.26,94.3699,133,0,0,2146,38.8658,38.8793,38.9035
23.1315,2.84511,0,2.84511,13.26,94.3699,312,0,0,2147,38.8584,38.8719,38.9004
23.1431,8.06975,0,8.06975,13.24,94.2835,1018,0,0,2149,38.8646,38.8781,38.8972
23.1695,13.7266,0,13.7266,13.24,94.2835,495,0,0,2151,38.847,38.8605,38.8878
23.1883,15.1252,0,15.1252,13.22,94.1972,1051,1,0,2153,38.8607,38.8741,38.8815
23.2071,13.1891,0,13.1891,13.22,94.1972,942,0,0,2154,38.8816,38.8951,38.8783
23.2202,9.68982,0,9.68982,13.2,94.1108,268,0,0,2155,38.8701,38.8835,38.8752
23.2337,2.12118,0,2.12118,13.2,94.1108,196,0,0,2156,38.8548,38.8683,38.8752
23.2508,13.8615,0,13.8615,13.18,94.0244,424,0,0,2157,38.8526,38.866,38.8689
23.2729,14.6241,0,14.6241,13.18,94.0244,193,0,0,2159,38.8203,38.8337,38.8627
23.283,6.49917,0,6.49917,13.16,93.9381,559,2,0,2161,38.807,38.8205,38.8564
23.3248,27.0677,0,27.0677,13.16,93.9381,1887,0,0,2163,38.8632,38.8766,38.8533
23.339,10.5723,0,10.5723,13.14,93.8517,436,0,0,2164,38.8609,38.8743,38.847
23.3592,10.5371,0,10.5371,13.14,93.8517,158,0,0,2166,38.8264,38.8398,38.8408
23.3639,1.16033,0,1.16033,13.12,93.7653,136,0,0,2167,38.8108,38.8242,38.8377
23.4095,26.5243,0,26.5243,13.12,93.7653,1570,0,0,2170,38.8783,38.8917,38.8314
23.4225,8.92763,0,8.92763,13.1,93.679,969,0,0,2172,38.8826,38.8959,38.8252
23.4423,7.87904,0,7.87904,13.1,93.679,600,0,0,2173,38.9006,38.9139,38.819
23.4794,33.649,0,33.649,13.08,93.5926,2398,0,0,2176,38.9619,38.9752,38.8097
23.4898,6.48789,0,6.48789,13.06,93.5062,783,0,0,2177,38.983,38.9963,38.8066
23.5149,10.9798,0,10.9798,13.06,93.5062,1066,2,0,2178,39.0092,39.0225,38.8035
23.5257,7.37015,0,7.37015,13.04,93.4199,103,0,0,2178,39.0092,39.0225,38.8035
23.5538,14.2572,0,14.2572,13.04,93.4199,1199,0,0,2179,39.0473,39.0606,38.8004
23.566,8.42928,0,8.42928,13.02,93.3335,1126,10,0,2180,39.0794,39.0927,38.8004
23.5842,6.37891,0,6.37891,13.02,93.3335,869,0,0,2182,39.0898,39.1031,38.7911
23.5906,2.55752,0,2.55752,13,93.2471,103,0,0,2182,39.0898,39.1031,38.7911
23.6169,8.73965,0,8.73965,13,93.2471,509,0,0,2183,39.0957,39.109,38.7911
23.6286,7.95249,0,7.95249,12.98,93.1608,665,0,0,2184,39.1053,39.1186,38.7849
23.6507,9.75934,0,9.75934,12.98,93.1608,1252,2,0,2185,39.1442,39.1574,38.7818
23.6787,24.0948,0,24.0948,12.96,93.0744,2327,4,0,2188,39.2395,39.2527,38.7756
23.6997,17.5053,0,17.5053,12.94,92.988,1797,11,0,2190,39.2927,39.3059,38.7664
23.7189,15.0518,0,15.0518,12.92,92.9017,924,0,0,2192,39.2997,39.313,38.7633
23.7307,6.58941,0,6.58941,12.92,92.9017,650,0,0,2193,39.3124,39.3256,38.7572
23.739,4.69513,0,4.69513,12.9,92.8153,593,0,0,2194,39.3213,39.3345,38.7572
23.7573,1.85065,0,1.85065,12.9,92.8153,106,0,0,2194,39.3213,39.3345,38.7541
23.7647,3.38656,0,3.38656,12.88,92.7289,163,0,0,2195,39.3066,39.3198,38.7541
23.8027,20.7388,0,20.7388,12.88,92.7289,2052,0,0,2199,39.3533,39.3665,38.7418
23.8214,14.661,0,14.661,12.86,92.6426,806,1,0,2202,39.3329,39.346,38.7326
23.83,2.40839,0,2.40839,12.86,92.6426,144,0,0,2203,39.3168,39.33,38.7265
23.8471,13.6185,0,13.6185,12.84,92.5562,1443,1,0,2204,39.3702,39.3834,38.7234
23.8565,2.18991,0,2.18991,12.84,92.5562,124,0,0,2204,39.3702,39.3834,38.7234
23.8815,21.6664,0,21.6664,12.82,92.4698,2533,18,0,2207,39.4427,39.4558,38.7173
23.8985,12.691,0,12.691,12.8,92.3835,1288,0,0,2208,39.481,39.4941,38.7112
23.9242,18.3533,0,18.3533,12.8,92.3835,1364,0,0,2210,39.5231,39.5362,38.7051
23.9326,4.49361,0,4.49361,12.78,92.2971,530,0,0,2211,39.5251,39.5382,38.7021
23.9524,4.54743,0,4.54743,12.78,92.2971,309,0,0,2212,39.5163,39.5294,38.699
25.3863,1429.73,1417.48,12.2494,12.76,92.2107,250192,1896,0,2214,38.2285,38.3415,38.696
25.3987,7.30433,0,7.30433,12.74,92.1243,195,0,0,2216,38.2026,38.3154,38.6869
25.4269,15.0648,0,15.0648,12.74,92.1243,1919,26,0,2218,38.2674,38.3801,38.6838
25.4411,11.2889,0,11.2889,12.72,92.038,1040,0,0,2219,38.2961,38.4087,38.6778
25.4548,3.9443,0,3.9443,12.72,92.038,60,0,0,2220,38.2806,38.3932,38.6778
25.4674,9.55909,0,9.55909,12.7,91.9516,310,0,0,2221,38.276,38.3886,38.6717
25.4873,8.20059,0,8.20059,12.7,91.9516,23,0,0,2221,38.276,38.3886,38.6717
25.5008,10.6156,0,10.6156,12.68,91.8652,1277,6,0,2223,38.3041,38.4166,38.6656
25.5353,23.9205,0,23.9205,12.68,91.8652,1946,38,0,2226,38.3679,38.4802,38.6566
25.5512,12.6933,0,12.6933,12.66,91.7789,1416,0,0,2228,38.3968,38.509,38.6535
25.5641,5.62509,0,5.62509,12.66,91.7789,208,0,0,2229,38.3854,38.4975,38.6475
25.5743,6.84445,0,6.84445,12.64,91.6925,1064,1,0,2231,38.4052,38.5173,38.6445
25.5888,1.36523,0,1.36523,12.64,91.6925,20,0,0,2231,38.4052,38.5173,38.6415
25.6092,17.6025,0,17.6025,12.62,91.6061,1708,3,0,2234,38.4382,38.5501,38.6324
25.6166,3.84836,0,3.84836,12.6,91.5198,480,19,0,2235,38.4416,38.5535,38.6294
25.637,4.38347,0,4.38347,12.6,91.5198,449,4,0,2237,38.4269,38.5387,38.6264
25.6517,11.2794,0,11.2794,12.58,91.4334,1486,4,0,2238,38.4861,38.5979,38.6204
25.6811,20.8366,0,20.8366,12.58,91.4334,965,0,0,2240,38.4987,38.6103,38.6174
25.7333,48.5338,0,48.5338,12.56,91.347,4028,2,0,2245,38.6089,38.7203,38.6024
25.7396,2.90991,0,2.90991,12.54,91.2607,33,0,0,2246,38.5935,38.7048,38.5964
25.7792,22.5533,0,22.5533,12.54,91.2607,94,0,0,2247,38.583,38.6943,38.5934
25.8009,18.4037,0,18.4037,12.52,91.1743,1171,0,0,2250,38.588,38.6991,38.5875
25.8161,11.5727,0,11.5727,12.5,91.0879,759,2,0,2252,38.5924,38.7034,38.5785
25.8312,6.78165,0,6.78165,12.5,91.0879,631,0,0,2253,38.6036,38.7146,38.5755
25.8518,16.9823,0,16.9823,12.48,91.0016,1201,0,0,2255,38.6235,38.7344,38.5696
25.8693,14.6335,0,14.6335,12.46,90.9152,1800,2,0,2257,38.6965,38.8073,38.5636
25.9177,41.7409,0,41.7409,12.46,90.9152,2934,1,0,2261,38.7656,38.8762,38.5547
25.9274,5.62561,0,5.62561,12.44,90.8288,172,0,0,2262,38.7524,38.863,38.5487
25.9558,13.2927,0,13.2927,12.44,90.8288,458,4,0,2263,38.7715,38.882,38.5458
25.988,29.5211,0,29.5211,12.42,90.7425,2169,2,0,2267,38.8161,38.9263,38.5339
26.007,15.6362,0,15.6362,12.4,90.6561,552,0,0,2269,38.7999,38.9101,38.528
26.014,2.18156,0,2.18156,12.4,90.6561,92,0,0,2269,38.7999,38.9101,38.528
26.0408,24.0196,0,24.0196,12.38,90.5697,1546,22,0,2272,38.8187,38.9287,38.5221
26.0577,13.6416,0,13.6416,12.36,90.4834,1083,5,0,2273,38.8522,38.9622,38.5192
26.0891,24.3004,0,24.3004,12.36,90.4834,1316,1,0,2275,38.8822,38.9921,38.5133
26.1118,19.3126,0,19.3126,12.34,90.397,1241,0,0,2276,38.9328,39.0426,38.5074
26.1197,4.44363,0,4.44363,12.32,90.3106,165,0,0,2278,38.9052,39.0149,38.5015
26.1532,17.18,0,17.18,12.32,90.3106,787,0,0,2281,38.8882,38.9978,38.4956
26.1744,18.0672,0,18.0672,12.3,90.2243,420,0,0,2284,38.8538,38.9632,38.4838
26.1955,17.9256,0,17.9256,12.28,90.1379,811,0,0,2286,38.8583,38.9676,38.4809
26.2378,38.6416,0,38.6416,12.26,90.0515,2988,20,0,2289,38.9633,39.0725,38.4692
26.2615,19.9019,0,19.9019,12.24,89.9652,1959,9,0,2292,39.0065,39.1156,38.4604
26.2987,33.5139,0,33.5139,12.22,89.8788,2906,0,0,2294,39.1238,39.2328,38.4575
26.3039,1.66625,0,1.66625,12.2,89.7924,114,0,0,2295,39.1102,39.2192,38.4517
26.3266,4.72399,0,4.72399,12.2,89.7924,368,0,0,2296,39.1084,39.2173,38.4487
26.36,29.5682,0,29.5682,12.18,89.7061,2869,0,0,2300,39.1765,39.2852,38.4371
26.3651,1.31368,0,1.31368,12.16,89.6197,40,0,0,2300,39.1765,39.2852,38.4371
26.4045,21.037,0,21.037,12.16,89.6197,903,1,0,2302,39.1829,39.2915,38.4313
26.4245,16.6207,0,16.6207,12.14,89.5333,929,0,0,2304,39.1866,39.2951,38.4254
26.4344,6.34058,0,6.34058,12.12,89.447,100,0,0,2306,39.1552,39.2637,38.4225
26.4492,1.55473,0,1.55473,12.12,89.447,43,0,0,2306,39.1552,39.2637,38.4196
26.4687,16.3493,0,16.3493,12.1,89.3606,1550,0,0,2307,39.2111,39.3195,38.4167
26.4788,5.53012,0,5.53012,12.1,89.3606,435,0,0,2308,39.2123,39.3206,38.4138
26.4858,3.58886,0,3.58886,12.08,89.2742,40,0,0,2308,39.2123,39.3206,38.4138
26.5062,2.84818,0,2.84818,12.08,89.2742,40,0,0,2308,39.2123,39.3206,38.4138
26.5345,24.891,0,24.891,12.06,89.1879,1510,4,0,2312,39.2119,39.3201,38.4052
27.4823,944.003,920.199,23.8039,12.04,89.1015,179288,2126,0,2314,38.6392,38.8241,38.3965
27.5088,21.7642,0,21.7642,12.02,89.0151,1889,0,0,2316,38.6926,38.8774,38.3907
27.5301,17.254,0,17.254,12,88.9288,587,0,0,2318,38.723,38.9077,38.3849
27.5606,25.8021,0,25.8021,11.98,88.8424,2178,0,0,2320,38.8004,38.9849,38.382
27.5849,20.4489,0,20.4489,11.96,88.756,650,0,0,2322,38.795,38.9793,38.3734
27.5892,1.06687,0,1.06687,11.94,88.6696,40,0,0,2322,38.795,38.9793,38.3734
27.6109,2.84716,0,2.84716,11.94,88.6696,360,1,0,2323,38.7921,38.9763,38.3705
27.6271,12.5753,0,12.5753,11.92,88.5833,1515,9,0,2325,38.8323,39.0163,38.3676
27.6409,6.46501,0,6.46501,11.92,88.5833,544,0,0,2326,38.8392,39.0232,38.3619
27.6665,22.5127,0,22.5127,11.9,88.4969,943,0,0,2328,38.8449,39.0288,38.3562
27.6998,29.704,0,29.704,11.88,88.4105,2846,0,0,2330,38.9412,39.1249,38.3504
27.709,5.61418,0,5.61418,11.86,88.3242,104,2,0,2331,38.9275,39.1111,38.3475
27.7385,14.5902,0,14.5902,11.86,88.3242,954,1,0,2333,38.9366,39.12,38.3418
27.7779,36.1887,0,36.1887,11.84,88.2378,1251,7,0,2337,38.9487,39.1318,38.3332
27.7826,1.43753,0,1.43753,11.82,88.1514,44,0,0,2337,38.9487,39.1318,38.3304
27.821,19.8792,0,19.8792,11.82,88.1514,344,1,0,2340,38.9167,39.0996,38.3218
27.8463,21.3541,0,21.3541,11.8,85.4444,2787,22,0,2343,38.9966,39.1793,38.3161
27.859,8.97437,0,8.97437,11.78,85.2633,961,14,0,2344,39.0218,39.2044,38.3104
27.8931,22.793,0,22.793,11.78,85.2633,1168,2,0,2347,39.0192,39.2015,38.3047
27.9133,16.6007,0,16.6007,11.76,85.0808,1235,8,0,2349,39.0421,39.2244,38.2962
27.9418,24.5426,0,24.5426,11.74,84.8969,655,0,0,2351,39.0693,39.2514,38.2905
27.9593,13.4768,0,13.4768,11.72,84.7114,1792,27,0,2353,39.1126,39.2945,38.2877
27.9748,9.13019,0,9.13019,11.72,84.7114,139,0,0,2354,39.0998,39.2816,38.282
28.0078,29.4426,0,29.4426,11.7,84.5247,3799,55,0,2356,39.2458,39.4274,38.2792
28.0165,4.87167,0,4.87167,11.68,84.3363,575,11,0,2357,39.2529,39.4345,38.2735
28.0397,8.20562,0,8.20562,11.68,84.3363,444,0,0,2359,39.2374,39.4188,38.2679
28.0483,4.61224,0,4.61224,11.66,84.1464,543,8,0,2360,39.2453,39.4267,38.265
28.0741,10.5642,0,10.5642,11.66,84.1464,1099,0,0,2361,39.2783,39.4596,38.2622
28.1224,44.1293,0,44.1293,11.64,83.9547,1527,2,0,2365,39.3746,39.5556,38.2537
28.1415,15.5357,0,15.5357,11.62,83.7614,1403,0,0,2367,39.4305,39.6113,38.2481
28.1486,2.38514,0,2.38514,11.62,83.7614,62,0,0,2367,39.4305,39.6113,38.2453
28.1524,0.907196,0,0.907196,11.6,83.5664,49,0,0,2367,39.4305,39.6113,38.2453
28.1733,1.46623,0,1.46623,11.6,83.5664,49,0,0,2367,39.4305,39.6113,38.2453
28.1803,2.74504,0,2.74504,11.58,83.3697,124,0,0,2367,39.4305,39.6113,38.2453
28.2068,9.35765,0,9.35765,11.58,83.3697,163,0,0,2368,39.4189,39.5997,38.2425
28.213,2.29506,0,2.29506,11.56,83.1712,62,0,0,2368,39.4189,39.5997,38.2425
28.2325,1.98324,0,1.98324,11.56,83.1712,71,0,0,2369,39.404,39.5846,38.2397
28.2431,7.26734,0,7.26734,11.54,82.971,604,0,0,2370,39.4143,39.5949,38.2368
28.2718,14.6854,0,14.6854,11.54,82.971,1819,2,0,2372,39.4557,39.6362,38.234
28.2897,13.855,0,13.855,11.52,82.7691,309,0,0,2373,39.4501,39.6304,38.2284
28.2971,1.32869,0,1.32869,11.52,82.7691,49,0,0,2373,39.4501,39.6304,38.2284
28.3348,34.223,0,34.223,11.5,82.5659,1693,0,0,2375,39.5036,39.6838,38.2228
28.3422,3.47346,0,3.47346,11.48,82.3625,297,2,0,2376,39.4975,39.6776,38.22
28.3736,14.2771,0,14.2771,11.48,82.3625,760,9,0,2378,39.4971,39.677,38.2144
28.3874,9.90361,0,9.90361,11.46,82.1589,1091,6,0,2380,39.5097,39.6895,38.2116
28.408,10.8314,0,10.8314,11.46,82.1589,689,0,0,2381,39.5229,39.7026,38.2088
28.4276,15.765,0,15.765,11.44,81.955,522,0,0,2384,39.4937,39.6732,38.1976
28.4508,19.2822,0,19.2822,11.44,81.955,731,0,0,2387,39.4726,39.6519,38.192
28.4642,9.96302,0,9.96302,11.42,81.7508,1199,6,0,2389,39.4902,39.6693,38.1837
28.4826,7.636,0,7.636,11.42,81.7508,605,0,0,2390,39.5067,39.6858,38.1809
28.5103,24.6281,0,24.6281,11.4,81.5464,1507,18,0,2392,39.5406,39.7195,38.1781
28.5249,10.8027,0,10.8027,11.38,81.3417,1264,4,0,2394,39.561,39.7398,38.1698
28.5364,2.35156,0,2.35156,11.38,81.3417,82,0,0,2394,39.561,39.7398,38.1698
28.551,10.7503,0,10.7503,11.36,81.1366,805,0,0,2395,39.5795,39.7582,38.167
28.5688,8.74948,0,8.74948,11.36,81.1366,1320,13,0,2397,39.6024,39.781,38.1614
28.5747,2.13061,0,2.13061,11.34,80.9312,209,0,0,2398,39.5934,39.7719,38.1587
28.6143,21.7786,0,21.7786,11.34,80.9312,1374,0,0,2399,39.6353,39.8137,38.1587
28.6279,9.97182,0,9.97182,11.32,80.7334,1377,7,0,2400,39.6808,39.8592,38.1531
28.6588,20.1646,0,20.1646,11.32,80.7334,1728,1,0,2402,39.7236,39.9017,38.1503
28.6712,9.07135,0,9.07135,11.3,80.5515,1640,21,0,2404,39.76,39.938,38.142
28.7203,37.2606,0,37.2606,11.3,80.5515,2498,0,0,2407,39.8421,40.0199,38.1337
28.7337,9.43206,0,9.43206,11.28,80.3857,79,0,0,2408,39.8268,40.0046,38.131
28.7819,37.3709,0,37.3709,11.28,80.3857,1579,7,0,2412,39.891,40.0684,38.1227
28.8178,31.4152,0,31.4152,11.26,80.2329,3143,0,0,2414,39.9963,40.1736,38.1172
29.11,288.065,284.882,3.1828,11.24,80.0801,63897,343,0,2415,39.7793,39.9545,38.1117
29.1174,2.96778,0,2.96778,11.22,79.9274,628,6,0,2416,39.7868,39.9619,38.1117
29.1506,15.7384,0,15.7384,11.22,79.9274,762,0,0,2417,39.801,39.976,38.1062
29.1558,2.01376,0,2.01376,11.2,79.7746,68,0,0,2417,39.801,39.976,38.1062
29.188,12.9902,0,12.9902,11.2,79.7746,650,0,0,2420,39.7893,39.964,38.098
29.1984,7.1977,0,7.1977,11.18,79.6218,458,0,0,2421,39.7893,39.9641,38.0952
29.2466,34.0063,0,34.0063,11.18,79.6218,1285,2,0,2424,39.7904,39.9649,38.0897
29.2668,16.3261,0,16.3261,11.16,79.469,358,0,0,2426,39.7704,39.9448,38.0843
29.302,31.1469,0,31.1469,11.14,79.3163,3355,14,0,2429,39.8633,40.0375,38.076
29.3142,8.05247,0,8.05247,11.12,79.1635,511,0,0,2431,39.8503,40.0243,38.0678
29.3342,8.4985,0,8.4985,11.12,79.1635,279,0,0,2432,39.8417,40.0156,38.0678
29.3526,14.4559,0,14.4559,11.1,79.0107,487,10,0,2435,39.8103,39.984,38.0569
29.3612,3.42622,0,3.42622,11.1,79.0107,323,0,0,2436,39.805,39.9787,38.0569
29.3707,5.16232,0,5.16232,11.08,78.8579,953,6,0,2438,39.8093,39.9828,38.0515
29.3872,1.63935,0,1.63935,11.08,78.8579,59,0,0,2438,39.8093,39.9828,38.0488
29.3942,3.35733,0,3.35733,11.06,78.7051,403,0,0,2439,39.8061,39.9795,38.046
29.4383,26.0245,0,26.0245,11.06,78.7051,1586,0,0,2442,39.821,39.9943,38.0406
29.4451,2.74976,0,2.74976,11.04,78.5524,98,0,0,2443,39.806,39.9791,38.0352
29.4785,15.512,0,15.512,11.04,78.5524,819,0,0,2444,39.8249,39.998,38.0325
29.4823,0.584396,0,0.584396,11.02,78.3996,58,0,0,2444,39.8249,39.998,38.0325
29.5087,5.54895,0,5.54895,11.02,78.3996,888,4,0,2445,39.8442,40.0172,38.0298
29.5131,1.03187,0,1.03187,11,78.2468,58,0,0,2445,39.8442,40.0172,38.0298
29.5437,10.1049,0,10.1049,11,78.2468,1325,1,0,2447,39.866,40.0388,38.0243
29.5615,14.0977,0,14.0977,10.98,78.094,358,0,0,2449,39.8461,40.0188,38.0216
29.5855,17.0696,0,17.0696,10.98,78.094,1382,0,0,2451,39.8739,40.0465,38.0162
29.6019,12.6136,0,12.6136,10.96,77.9412,1290,6,0,2453,39.8932,40.0656,38.0108
29.6287,18.2666,0,18.2666,10.96,77.9412,1651,0,0,2456,39.9169,40.0892,38
29.6355,2.66977,0,2.66977,10.94,77.7885,228,1,0,2457,39.9088,40.081,37.9973
29.6667,13.9179,0,13.9179,10.94,77.7885,738,0,0,2459,39.904,40.076,37.9946
29.6762,5.72142,0,5.72142,10.92,77.6357,277,1,0,2460,39.8963,40.0683,37.9892
29.7072,16.6953,0,16.6953,10.92,77.6357,1611,16,0,2463,39.918,40.0897,37.9811
29.7507,38.9783,0,38.9783,10.9,77.4829,2663,0,0,2465,40.0057,40.1773,37.9758
29.7561,1.24788,0,1.24788,10.88,77.3301,74,0,0,2465,40.0057,40.1773,37.9758
29.7815,6.2492,0,6.2492,10.88,77.3301,995,16,0,2466,40.032,40.2036,37.9731
29.8096,24.452,0,24.452,10.86,77.1774,1873,17,0,2468,40.0746,40.2464,37.9677
29.8152,1.23759,0,1.23759,10.84,77.0246,68,0,0,2468,40.0746,40.2464,37.9677
29.8645,29.8231,0,29.8231,10.84,77.0246,2859,0,0,2470,40.1664,40.3381,37.9623
29.88,10.9639,0,10.9639,10.82,76.8718,1425,5,0,2472,40.1917,40.3633,37.9597
29.9169,27.9857,0,27.9857,10.82,76.8718,1940,0,0,2475,40.2465,40.4178,37.9516
29.9245,3.67779,0,3.67779,10.8,76.719,188,0,0,2476,40.2351,40.4063,37.9463
29.9517,10.1304,0,10.1304,10.8,76.719,1180,0,0,2478,40.2534,40.4245,37.9409
29.9739,18.7885,0,18.7885,10.78,76.5662,773,0,0,2479,40.2695,40.4405,37.9383
30.0082,30.1297,0,30.1297,10.76,76.4135,3160,3,0,2483,40.3359,40.5066,37.9276
30.0231,10.8076,0,10.8076,10.74,76.2607,1320,1,0,2486,40.3407,40.5113,37.9196
30.0637,31.0168,0,31.0168,10.74,76.2607,1275,0,0,2489,40.3957,40.5661,37.9143
30.0949,26.524,0,26.524,10.72,76.1079,2724,0,0,2493,40.4493,40.6193,37.901
30.1181,17.7974,0,17.7974,10.7,75.9551,1192,1,0,2496,40.4487,40.6186,37.8957
30.1356,12.7427,0,12.7427,10.68,75.8024,82,0,0,2496,40.4487,40.6186,37.8931
30.1613,19.1543,0,19.1543,10.68,75.8024,630,2,0,2498,40.4392,40.6089,37.8904
30.1963,29.8228,0,29.8228,10.66,75.6496,1150,0,0,2502,40.4213,40.5907,37.8799
30.2137,13.0736,0,13.0736,10.64,75.4968,746,0,0,2504,40.4189,40.5883,37.8719
30.2532,31.6213,0,31.6213,10.64,75.4968,2957,18,0,2507,40.4858,40.655,37.8667
30.2592,0.869168,0,0.869168,10.62,75.344,67,0,0,2507,40.4858,40.655,37.864
30.2798,1.58498,0,1.58498,10.62,75.344,67,0,0,2507,40.4858,40.655,37.864
30.299,15.3657,0,15.3657,10.6,75.1912,655,0,0,2508,40.496,40.6651,37.8614
30.3065,1.82327,0,1.82327,10.6,75.1912,60,0,0,2508,40.496,40.6651,37.8614
30.3238,13.8579,0,13.8579,10.58,75.0385,962,0,0,2509,40.5185,40.6875,37.8614
30.3532,21.8411,0,21.8411,10.58,75.0385,1922,0,0,2510,40.5849,40.7538,37.8588
30.377,19.2841,0,19.2841,10.56,74.8857,1406,0,0,2513,40.5985,40.7672,37.8482
30.3932,12.1252,0,12.1252,10.54,74.7329,70,0,0,2514,40.5827,40.7514,37.8456
30.4073,4.95577,0,4.95577,10.54,74.7329,200,0,0,2516,40.556,40.7246,37.8404
30.4135,1.82023,0,1.82023,10.52,74.5801,50,0,0,2516,40.556,40.7246,37.8404
30.4424,9.42962,0,9.42962,10.52,74.5801,1084,2,0,2518,40.5655,40.7339,37.8351
30.4536,6.82003,0,6.82003,10.5,74.4274,272,0,0,2520,40.5429,40.7111,37.8325
30.5053,37.1678,0,37.1678,10.5,74.4274,2078,13,0,2521,40.6374,40.8056,37.8299
30.5261,15.9047,0,15.9047,10.48,74.2746,100,0,0,2523,40.6068,40.7749,37.8246
30.5316,1.06743,0,1.06743,10.46,74.1218,70,0,0,2523,40.6068,40.7749,37.822
30.5697,18.4881,0,18.4881,10.46,74.1218,1376,0,0,2524,40.6331,40.8011,37.822
30.5872,13.2988,0,13.2988,10.44,73.969,508,0,0,2525,40.6356,40.8036,37.8168
30.605,10.2785,0,10.2785,10.44,73.969,780,1,0,2526,40.652,40.8199,37.8142
30.6412,32.212,0,32.212,10.42,73.8162,2497,3,0,2528,40.7215,40.8892,37.809
30.6477,1.4446,0,1.4446,10.4,73.6635,90,0,0,2528,40.7215,40.8892,37.809
30.6798,13.0032,0,13.0032,10.4,73.6635,1202,5,0,2530,40.736,40.9036,37.8037
30.6953,10.8648,0,10.8648,10.38,73.5107,1055,13,0,2533,40.73,40.8974,37.7959
30.7083,4.32268,0,4.32268,10.38,73.5107,486,1,0,2534,40.7324,40.8998,37.7933
30.7134,0.729825,0,0.729825,10.36,73.3579,80,0,0,2534,40.7324,40.8998,37.7933
30.7477,13.977,0,13.977,10.36,73.3579,2595,2,0,2538,40.7711,40.9381,37.7855
30.7857,33.2538,0,33.2538,10.34,73.2051,2178,0,0,2541,40.8111,40.978,37.7777
31.6029,812.06,800.244,11.8153,10.32,73.0523,168792,1228,0,2542,40.1617,40.3454,37.7725
31.6209,13.6115,0,13.6115,10.3,72.8996,1943,4,0,2544,40.2087,40.3923,37.7674
31.6471,20.0757,0,20.0757,10.3,72.8996,2041,17,0,2546,40.2604,40.4438,37.7622
31.6723,20.7234,0,20.7234,10.28,72.7468,2033,0,0,2548,40.3061,40.4894,37.7596
31.6784,1.52304,0,1.52304,10.26,72.594,84,0,0,2548,40.3061,40.4894,37.757
31.6981,1.63169,0,1.63169,10.26,72.594,70,0,0,2548,40.3061,40.4894,37.757
31.7199,17.8467,0,17.8467,10.24,72.4412,365,0,0,2550,40.2863,40.4694,37.7544
31.7568,32.1592,0,32.1592,10.22,72.2885,2916,49,0,2552,40.3738,40.5568,37.7467
31.7628,1.03008,0,1.03008,10.2,72.1357,80,0,0,2552,40.3738,40.5568,37.7467
31.8072,24.78,0,24.78,10.2,72.1357,1850,7,0,2554,40.4111,40.594,37.7415
31.8164,4.64221,0,4.64221,10.18,71.9829,514,0,0,2555,40.4125,40.5953,37.7389
31.8345,2.77886,0,2.77886,10.18,71.9829,179,0,0,2555,40.4125,40.5953,37.7389
31.8768,37.9883,0,37.9883,10.16,71.8301,1555,12,0,2557,40.4849,40.6676,37.7364
31.8914,9.88813,0,9.88813,10.14,71.6773,855,0,0,2559,40.4846,40.6671,37.7286
31.9074,5.96003,0,5.96003,10.14,71.6773,219,0,0,2560,40.4746,40.657,37.7261
31.9147,3.12896,0,3.12896,10.12,71.5246,490,1,0,2561,40.4748,40.6572,37.7235
31.9444,12.8361,0,12.8361,10.12,71.5246,666,1,0,2563,40.4663,40.6485,37.7184
31.9688,19.4803,0,19.4803,10.1,71.3718,1101,0,0,2565,40.478,40.66,37.7132
31.9994,26.1003,0,26.1003,10.08,71.219,1423,13,0,2569,40.4675,40.6493,37.7055
32.0092,5.06739,0,5.06739,10.06,71.0662,446,0,0,2570,40.4658,40.6475,37.7004
32.0517,27.5465,0,27.5465,10.06,71.0662,3937,11,0,2574,40.5649,40.7463,37.6927
32.0722,15.4086,0,15.4086,10.04,70.9135,1061,0,0,2576,40.5745,40.7558,37.6851
32.1068,29.7861,0,29.7861,10.02,70.7607,2232,6,0,2579,40.6173,40.7984,37.68
32.1243,12.2798,0,12.2798,10,70.6079,252,0,0,2580,40.6085,40.7895,37.6749
32.1333,1.55453,0,1.55453,10,70.6079,110,0,0,2580,40.6085,40.7895,37.6749
32.1476,10.0598,0,10.0598,9.98,70.4551,1013,0,0,2582,40.6166,40.7974,37.6698
32.1643,6.78627,0,6.78627,9.98,70.4551,1036,1,0,2583,40.6384,40.8192,37.6672
32.2008,31.9676,0,31.9676,9.96,70.3023,2208,30,0,2584,40.7318,40.9125,37.6647
32.2223,16.4958,0,16.4958,9.94,70.1496,1220,0,0,2585,40.7625,40.9431,37.6621
32.228,1.70155,0,1.70155,9.92,69.9968,90,0,0,2585,40.7625,40.9431,37.6621
32.3023,54.4771,0,54.4771,9.92,69.9968,2075,2,0,2589,40.8293,41.0097,37.6545
32.31,2.63513,0,2.63513,9.9,69.844,80,0,0,2589,40.8293,41.0097,37.652
32.3311,3.87515,0,3.87515,9.9,69.844,110,0,0,2590,40.8147,40.995,37.6494
32.3426,6.40852,0,6.40852,9.88,69.6912,687,0,0,2592,40.8059,40.9861,37.6444
32.3641,8.07673,0,8.07673,9.88,69.6912,795,3,0,2594,40.803,40.983,37.6393
32.3981,28.8333,0,28.8333,9.86,69.5385,1639,6,0,2596,40.8436,41.0235,37.6342
32.4151,11.9856,0,11.9856,9.84,69.3857,603,3,0,2598,40.8333,41.0131,37.6292
32.4495,26.4046,0,26.4046,9.84,69.3857,2638,0,0,2601,40.905,41.0846,37.6241
32.463,8.8955,0,8.8955,9.82,69.2329,1005,8,0,2602,40.9304,41.1099,37.6191
32.4927,17.8482,0,17.8482,9.82,69.2329,619,0,0,2606,40.8903,41.0695,37.6115
32.5161,18.1313,0,18.1313,9.8,69.0801,752,0,0,2607,40.9018,41.0809,37.6065
32.5226,2.82929,0,2.82929,9.78,68.9273,122,0,0,2608,40.8869,41.066,37.6065
32.5555,14.3511,0,14.3511,9.78,68.9273,1000,1,0,2611,40.8797,41.0586,37.5964
32.5675,7.60928,0,7.60928,9.76,68.7746,658,0,0,2612,40.8897,41.0685,37.5964
32.5993,18.3157,0,18.3157,9.76,68.7746,601,0,0,2614,40.8814,41.0601,37.5889
32.6139,10.5167,0,10.5167,9.74,68.6218,270,0,0,2615,40.8734,41.052,37.5863
32.6476,24.5565,0,24.5565,9.74,68.6218,551,2,0,2616,40.8998,41.0784,37.5838
32.6724,20.198,0,20.198,9.72,68.469,1769,26,0,2619,40.9244,41.1027,37.5788
32.6806,3.55767,0,3.55767,9.7,68.3162,90,0,0,2620,40.9092,41.0874,37.5738
32.7076,9.70674,0,9.70674,9.7,68.3162,1565,2,0,2623,40.9264,41.1045,37.5688
32.7146,2.53455,0,2.53455,9.68,68.1634,332,0,0,2624,40.9207,41.0987,37.5638
32.7573,23.7526,0,23.7526,9.68,68.1634,1058,0,0,2626,40.9292,41.107,37.5588
32.7715,9.32263,0,9.32263,9.66,68.0107,1245,0,0,2627,40.9635,41.1412,37.5588
32.7851,3.40403,0,3.40403,9.66,68.0107,384,0,0,2628,40.9604,41.1381,37.5538
32.7956,6.05555,0,6.05555,9.64,67.8579,356,0,0,2629,40.9555,41.1331,37.5513
32.8151,4.27964,0,4.27964,9.64,67.8579,190,0,0,2630,40.9445,41.1221,37.5513
32.8464,27.3083,0,27.3083,9.62,67.7051,490,0,0,2632,40.9293,41.1068,37.5463
32.8663,14.795,0,14.795,9.6,67.5523,590,0,0,2633,40.9328,41.1101,37.5414
32.893,20.8543,0,20.8543,9.6,67.5523,3418,19,0,2636,41.0349,41.2121,37.5364
32.9063,8.30787,0,8.30787,9.58,67.3996,742,0,0,2638,41.0368,41.2138,37.5289
32.9375,19.5916,0,19.5916,9.58,67.3996,714,0,0,2640,41.0326,41.2095,37.524
32.9449,2.17593,0,2.17593,9.56,67.2468,159,0,0,2640,41.0326,41.2095,37.524
32.974,10.8697,0,10.8697,9.56,67.2468,1393,4,0,2642,41.0545,41.2313,37.5215
32.9873,8.74474,0,8.74474,9.54,67.094,1091,1,0,2644,41.0632,41.2398,37.5165
33.0223,22.3283,0,22.3283,9.54,67.094,1796,0,0,2645,41.1195,41.296,37.5116
33.035,7.96626,0,7.96626,9.52,66.9412,946,1,0,2646,41.1398,41.3163,37.5091
33.0543,7.33487,0,7.33487,9.52,66.9412,830,0,0,2647,41.1522,41.3287,37.5066
33.0746,15.3605,0,15.3605,9.5,66.7884,2131,17,0,2649,41.2091,41.3854,37.5017
33.0887,9.57915,0,9.57915,9.48,66.6357,378,0,0,2652,41.1738,41.3499,37.4967
33.1332,33.0045,0,33.0045,9.48,66.6357,1592,7,0,2654,41.2287,41.4047,37.4893
33.1461,7.66579,0,7.66579,9.46,66.4829,1086,30,0,2655,41.2584,41.4343,37.4868
33.183,23.9068,0,23.9068,9.46,66.4829,1840,0,0,2656,41.3106,41.4864,37.4844
33.1888,1.86836,0,1.86836,9.44,66.3301,140,0,0,2657,41.2973,41.4731,37.4819
33.2404,31.902,0,31.902,9.44,66.3301,2193,5,0,2659,41.3855,41.5611,37.477
33.2684,23.1633,0,23.1633,9.42,66.1773,1010,0,0,2663,41.3594,41.5347,37.4696
33.2969,23.2922,0,23.2922,9.4,66.0246,966,0,0,2666,41.3466,41.5218,37.4622
33.3152,13.0194,0,13.0194,9.38,65.8718,1094,0,0,2668,41.3572,41.5322,37.4573
33.3288,6.86587,0,6.86587,9.38,65.8718,182,0,0,2669,41.3458,41.5208,37.4524
33.3866,52.6669,0,52.6669,9.36,65.719,2369,6,0,2673,41.3924,41.5672,37.4451
33.4226,30.9333,0,30.9333,9.34,65.5662,2022,12,0,2675,41.4721,41.6467,37.4402
33.4427,14.8304,0,14.8304,9.32,65.4134,433,0,0,2676,41.4727,41.6472,37.4353
33.4599,12.4921,0,12.4921,9.32,65.4134,100,0,0,2677,41.4576,41.6321,37.4329
33.4824,17.1243,0,17.1243,9.3,65.2607,1008,0,0,2680,41.4478,41.622,37.428
34.8248,1337,1314.27,22.7291,9.28,65.1079,307394,1552,0,2682,40.7084,40.799,37.4207
34.8594,27.8249,0,27.8249,9.26,64.9551,1642,0,0,2684,40.7362,40.8268,37.4158
34.8713,5.52915,0,5.52915,9.24,64.8023,907,2,0,2685,40.7531,40.8436,37.4134
34.893,6.61111,0,6.61111,9.24,64.8023,1425,1,0,2687,40.773,40.8634,37.4085
34.9004,1.66272,0,1.66272,9.22,64.6496,100,0,0,2687,40.773,40.8634,37.4085
34.9331,12.8868,0,12.8868,9.22,64.6496,605,0,0,2689,40.7616,40.852,37.4036
34.9415,2.69842,0,2.69842,9.2,64.4968,100,0,0,2689,40.7616,40.852,37.4036
35.0023,42.4703,0,42.4703,9.2,64.4968,4649,9,0,2693,40.8797,40.9699,37.3963
35.0095,1.98658,0,1.98658,9.18,64.344,100,0,0,2693,40.8797,40.9699,37.3939
35.0466,19.3825,0,19.3825,9.18,64.344,1291,2,0,2697,40.8654,40.9555,37.3866
35.0954,43.6507,0,43.6507,9.16,64.1912,2915,0,0,2701,40.9585,41.0485,37.3745
35.1087,8.03442,0,8.03442,9.14,64.0384,582,0,0,2702,40.9615,41.0514,37.3721
35.1259,4.96732,0,4.96732,9.14,64.0384,170,0,0,2703,40.9486,41.0385,37.3721
35.1553,24.6611,0,24.6611,9.12,63.8857,3081,22,0,2706,41.0152,41.1013,37.3649
35.1651,4.32846,0,4.32846,9.1,63.7329,839,1,0,2707,41.0273,41.1134,37.3601
35.1827,1.72615,0,1.72615,9.1,63.7329,130,0,0,2707,41.0273,41.1134,37.3601
35.2215,34.691,0,34.691,9.08,63.5801,4458,2,0,2709,41.1731,41.2591,37.3552
35.2372,10.0865,0,10.0865,9.06,63.4273,1190,0,0,2711,41.1826,41.2685,37.3528
35.2609,13.4533,0,13.4533,9.06,63.4273,2211,0,0,2713,41.2352,41.321,37.3456
35.2839,18.4753,0,18.4753,9.04,63.2745,580,4,0,2716,41.2066,41.2923,37.3408
35.294,4.46155,0,4.46155,9.02,63.1218,643,0,0,2717,41.2105,41.2963,37.336
35.3143,4.65808,0,4.65808,9.02,63.1218,930,0,0,2718,41.2252,41.3109,37.3336
35.3328,14.0475,0,14.0475,9,62.969,2194,0,0,2720,41.2735,41.3592,37.3288
35.3496,9.98146,0,9.98146,9,62.969,1200,0,0,2721,41.2981,41.3837,37.3264
35.3651,10.5065,0,10.5065,8.98,62.8162,1442,0,0,2723,41.3177,41.4032,37.324
35.4025,26.9655,0,26.9655,8.98,62.8162,2233,0,0,2727,41.3348,41.4202,37.3144
35.4365,28.7127,0,28.7127,8.96,62.6634,1759,0,0,2729,41.3664,41.4518,37.3097
35.4605,18.933,0,18.933,8.94,62.5107,2191,0,0,2732,41.3975,41.4828,37.3025
35.4676,2.69523,0,2.69523,8.92,62.3579,410,0,0,2734,41.3778,41.4631,37.2953
35.4967,10.4658,0,10.4658,8.92,62.3579,120,0,0,2734,41.3778,41.4631,37.2953
35.5156,13.4314,0,13.4314,8.9,62.2051,293,0,0,2735,41.3693,41.4545,37.293
35.5351,13.0691,0,13.0691,8.9,62.2051,1444,0,0,2737,41.3924,41.4775,37.2906
35.547,6.62404,0,6.62404,8.88,62.0523,830,1,0,2738,41.4032,41.4883,37.2858
35.5712,10.9903,0,10.9903,8.88,62.0523,1090,0,0,2740,41.4099,41.4949,37.2834
35.583,6.2732,0,6.2732,8.86,61.8995,194,0,0,2741,41.3977,41.4827,37.2787
35.5994,3.06069,0,3.06069,8.86,61.8995,440,1,0,2742,41.3942,41.4792,37.2763
35.6252,20.8804,0,20.8804,8.84,61.7468,1423,0,0,2745,41.3982,41.4831,37.2692
35.64,9.91841,0,9.91841,8.82,61.594,1208,0,0,2746,41.4363,41.5211,37.2668
35.6812,29.8208,0,29.8208,8.82,61.594,1316,0,0,2748,41.4523,41.5371,37.2621
35.6968,10.5532,0,10.5532,8.8,61.4412,1186,0,0,2750,41.4727,41.5575,37.2573
35.7345,27.3433,0,27.3433,8.8,61.4412,1732,0,0,2753,41.4911,41.5757,37.2526
35.7496,9.79634,0,9.79634,8.78,61.2884,1161,1,0,2755,41.5045,41.5891,37.2455
35.7863,26.956,0,26.956,8.78,61.2884,4147,4,0,2758,41.6211,41.7056,37.2408
35.8015,10.0444,0,10.0444,8.76,61.1357,1044,0,0,2760,41.6395,41.7239,37.2337
35.8325,20.237,0,20.237,8.76,61.1357,1601,0,0,2763,41.6515,41.7358,37.229
35.8574,19.9069,0,19.9069,8.74,60.9829,725,0,0,2765,41.6434,41.7277,37.2243
35.8873,25.4829,0,25.4829,8.72,60.8301,2117,2,0,2768,41.6727,41.7569,37.2172
35.8942,1.84074,0,1.84074,8.7,60.6773,120,0,0,2768,41.6727,41.7569,37.2149
35.9279,14.9636,0,14.9636,8.7,60.6773,506,0,0,2770,41.657,41.7412,37.2125
35.9361,3.95964,0,3.95964,8.68,60.5245,430,0,0,2771,41.6536,41.7376,37.2078
35.9577,5.92151,0,5.92151,8.68,60.5245,483,0,0,2772,41.6522,41.7363,37.2055
35.9654,2.37514,0,2.37514,8.66,60.3718,180,0,0,2773,41.6397,41.7238,37.2031
35.99,7.47813,0,7.47813,8.66,60.3718,1190,1,0,2774,41.6626,41.7466,37.2008
36.0065,11.8122,0,11.8122,8.64,60.219,432,0,0,2777,41.6298,41.7137,37.1961
36.0174,1.79358,0,1.79358,8.64,60.219,120,0,0,2777,41.6298,41.7137,37.1938
36.0396,17.67,0,17.67,8.62,58.4146,1723,1,0,2780,41.6489,41.7327,37.1891
36.07,25.0861,0,25.0861,8.6,58.236,613,3,0,2783,41.6277,41.7115,37.1821
36.0812,5.83609,0,5.83609,8.58,58.0605,120,0,0,2784,41.6135,41.6972,37.1774
36.101,5.18335,0,5.18335,8.58,58.0605,770,1,0,2786,41.608,41.6917,37.1751
36.1248,19.295,0,19.295,8.56,57.8862,808,2,0,2788,41.604,41.6876,37.1704
36.1327,2.5147,0,2.5147,8.54,57.7132,440,0,0,2790,41.5864,41.6699,37.1634
36.172,21.727,0,21.727,8.54,57.7132,1469,0,0,2794,41.5787,41.6621,37.1541
36.1833,6.14199,0,6.14199,8.52,57.5415,195,0,0,2795,41.5674,41.6508,37.1518
36.2016,3.88112,0,3.88112,8.52,57.5415,102,0,0,2795,41.5674,41.6508,37.1518
36.2277,21.5741,0,21.5741,8.5,57.3711,1903,0,0,2800,41.5604,41.6436,37.1425
36.2348,1.25631,0,1.25631,8.48,57.2018,100,0,0,2800,41.5604,41.6436,37.1402
36.2619,8.69101,0,8.69101,8.48,57.2018,1101,0,0,2802,41.5717,41.6549,37.1379
36.2791,11.6011,0,11.6011,8.46,57.0331,250,0,0,2804,41.5474,41.6305,37.1309
36.2895,2.13359,0,2.13359,8.46,57.0331,100,0,0,2804,41.5474,41.6305,37.1309
36.2997,4.93142,0,4.93142,8.44,56.8651,618,0,0,2805,41.5512,41.6342,37.1286
36.3247,9.97916,0,9.97916,8.44,56.8651,146,0,0,2805,41.5512,41.6342,37.1286
36.3438,14.0278,0,14.0278,8.42,56.6977,1475,0,0,2807,41.5711,41.6541,37.124
36.3607,11.266,0,11.266,8.42,56.6977,1012,0,0,2810,41.5605,41.6434,37.1194
36.3736,7.52248,0,7.52248,8.4,56.5309,1469,0,0,2811,41.5991,41.682,37.1147
36.4151,29.1546,0,29.1546,8.4,56.5309,1945,0,0,2815,41.6192,41.702,37.1078
36.4234,3.12461,0,3.12461,8.38,56.3647,360,0,0,2816,41.6122,41.695,37.1032
36.4454,4.25918,0,4.25918,8.38,56.3647,786,0,0,2819,41.5928,41.6754,37.0986
36.4614,11.0279,0,11.0279,8.36,56.1991,734,0,0,2821,41.5867,41.6693,37.094
36.4916,19.915,0,19.915,8.36,56.1991,1486,0,0,2823,41.6082,41.6908,37.0871
36.5092,12.3282,0,12.3282,8.34,56.034,220,0,0,2825,41.5809,41.6634,37.0825
36.519,2.11194,0,2.11194,8.34,56.034,90,0,0,2825,41.5809,41.6634,37.0825
36.528,3.56306,0,3.56306,8.32,55.8695,670,4,0,2826,41.5863,41.6688,37.0825
36.5558,11.1748,0,11.1748,8.32,55.8695,1168,1,0,2828,41.5958,41.6782,37.0756
36.5815,20.4593,0,20.4593,8.3,55.7254,1937,3,0,2830,41.6332,41.7155,37.0711
36.5946,8.72236,0,8.72236,8.28,55.5958,845,0,0,2833,41.6167,41.6989,37.0665
36.6384,30.936,0,30.936,8.28,55.5958,2321,1,0,2836,41.6555,41.7377,37.0596
36.669,24.7537,0,24.7537,8.26,55.4662,1378,1,0,2839,41.6583,41.7404,37.0505
36.7307,57.1516,0,57.1516,8.24,55.3367,2228,1,0,2842,41.7664,41.8483,37.0436
36.7436,8.25692,0,8.25692,8.22,55.2071,1757,7,0,2843,41.8157,41.8976,37.0414
36.774,18.1359,0,18.1359,8.22,55.2071,1196,0,0,2844,41.8428,41.9248,37.0391
36.7979,19.2413,0,19.2413,8.2,55.0775,828,0,0,2846,41.845,41.9269,37.0345
36.8316,28.9158,0,28.9158,8.18,54.9479,1461,0,0,2849,41.8512,41.933,37.0277
36.8522,15.1161,0,15.1161,8.16,54.8183,1373,0,0,2851,41.8706,41.9523,37.0232
36.8688,10.7306,0,10.7306,8.14,54.6888,180,0,0,2853,41.8447,41.9264,37.0209
36.8982,20.8145,0,20.8145,8.14,54.6888,380,0,0,2855,41.8259,41.9075,37.0164
36.9319,28.2994,0,28.2994,8.12,54.5592,938,3,0,2857,41.8302,41.9118,37.0118
36.9462,8.86837,0,8.86837,8.1,54.4296,405,0,0,2859,41.8108,41.8923,37.005
36.9687,10.6102,0,10.6102,8.1,54.4296,983,0,0,2862,41.7987,41.8802,36.9982
36.9901,16.6916,0,16.6916,8.08,54.3,1515,3,0,2863,41.839,41.9204,36.996
37.2235,227.766,218.594,9.17215,8.06,54.1704,59970,103,0,2864,41.8293,41.9134,36.9937
37.2444,15.4411,0,15.4411,8.04,54.0409,2292,0,0,2866,41.8817,41.9658,36.9892
37.2555,5.29344,0,5.29344,8.02,53.9113,1006,2,0,2868,41.8856,41.9697,36.987
37.2812,11.133,0,11.133,8.02,53.9113,570,2,0,2870,41.8735,41.9575,36.9802
37.3005,14.0394,0,14.0394,8,53.7817,870,1,0,2872,41.8726,41.9565,36.9757
37.3128,6.42933,0,6.42933,8,53.7817,1310,1,0,2875,41.8717,41.9555,36.9712
37.3208,2.14079,0,2.14079,7.98,53.6521,84,0,0,2875,41.8717,41.9555,36.9689
37.3499,11.4069,0,11.4069,7.98,53.6521,1305,0,0,2877,41.886,41.9698,36.9644
37.3619,6.3493,0,6.3493,7.96,53.5225,300,0,0,2880,41.85,41.9337,36.9599
37.3793,3.98347,0,3.98347,7.96,53.5225,365,0,0,2881,41.8435,41.9271,36.9555
37.4112,26.4774,0,26.4774,7.94,53.393,1740,0,0,2883,41.872,41.9556,36.9532
37.4267,9.81091,0,9.81091,7.92,53.2634,1407,0,0,2885,41.8912,41.9747,36.9487
37.4435,6.84205,0,6.84205,7.92,53.2634,626,0,0,2886,41.9047,41.9882,36.9442
37.4587,9.05655,0,9.05655,7.9,53.1338,1188,1,0,2888,41.9169,42.0003,36.942
37.4736,4.4631,0,4.4631,7.9,53.1338,489,0,0,2889,41.9173,42.0007,36.9398
37.4845,6.22209,0,6.22209,7.88,53.0042,260,0,0,2891,41.8945,41.9779,36.9331
37.5042,4.2259,0,4.2259,7.88,53.0042,216,0,0,2892,41.8852,41.9685,36.9308
37.5224,13.6598,0,13.6598,7.86,52.8746,608,0,0,2894,41.8753,41.9585,36.9264
37.538,7.79356,0,7.79356,7.86,52.8746,700,0,0,2896,41.8677,41.951,36.9219
37.5552,12.5609,0,12.5609,7.84,52.7451,752,1,0,2898,41.8651,41.9482,36.9197
37.5992,35.047,0,35.047,7.84,52.7451,2210,5,0,2901,41.9073,41.9903,36.9108
37.6086,4.07316,0,4.07316,7.82,52.6155,80,0,0,2901,41.9073,41.9903,36.9108
37.6564,31.0643,0,31.0643,7.82,52.6155,3364,4,0,2902,42.0062,42.0892,36.9085
37.6895,27.6838,0,27.6838,7.8,52.4859,451,0,0,2906,41.9673,42.0502,36.9019
37.7128,17.9599,0,17.9599,7.78,52.3563,2732,10,0,2908,42.0368,42.1197,36.8974
37.7237,5.44155,0,5.44155,7.76,52.2267,943,6,0,2909,42.0523,42.1351,36.893
37.7882,50.1484,0,50.1484,7.76,52.2267,1965,1,0,2913,42.1267,42.2094,36.8841
37.7951,1.57941,0,1.57941,7.74,52.0972,80,0,0,2913,42.1267,42.2094,36.8841
37.8274,13.0611,0,13.0611,7.74,52.0972,170,0,0,2915,42.1015,42.1842,36.8819
37.8435,11.4777,0,11.4777,7.72,51.9676,90,0,0,2916,42.0881,42.1708,36.8775
37.8743,20.8839,0,20.8839,7.72,51.9676,2684,0,0,2918,42.1552,42.2378,36.8731
37.8954,15.4554,0,15.4554,7.7,51.838,1705,2,0,2920,42.186,42.2685,36.8686
37.9337,33.1411,0,33.1411,7.68,51.7084,1696,0,0,2922,42.2204,42.3029,36.8642
37.9565,17.8624,0,17.8624,7.66,51.5788,1014,0,0,2924,42.2257,42.3081,36.862
37.9724,10.338,0,10.338,7.64,51.4492,766,0,0,2925,42.2362,42.3186,36.8576
37.9947,12.1631,0,12.1631,7.64,51.4492,1048,0,0,2928,42.2295,42.3118,36.8532
38.0099,10.3028,0,10.3028,7.62,51.3197,1582,2,0,2930,42.2532,42.3355,36.8488
38.0326,11.7203,0,11.7203,7.62,51.3197,1200,0,0,2932,42.2684,42.3506,36.8444
38.0384,1.47043,0,1.47043,7.6,51.1901,70,0,0,2932,42.2684,42.3506,36.8422
38.0595,0.942067,0,0.942067,7.6,51.1901,50,0,0,2932,42.2684,42.3506,36.8422
38.0715,7.29202,0,7.29202,7.58,51.0605,443,0,0,2933,42.2683,42.3505,36.84
38.0872,1.4156,0,1.4156,7.58,51.0605,56,0,0,2933,42.2683,42.3505,36.84
38.1302,38.0509,0,38.0509,7.56,50.9309,2635,0,0,2935,42.3332,42.4153,36.8356
38.147,11.1445,0,11.1445,7.54,50.8013,1161,0,0,2937,42.3449,42.427,36.8312
38.1653,8.91384,0,8.91384,7.54,50.8013,1223,0,0,2938,42.3713,42.4534,36.829
38.1728,2.42348,0,2.42348,7.52,50.6718,60,0,0,2939,42.3573,42.4393,36.8268
38.2078,16.4053,0,16.4053,7.52,50.6718,570,0,0,2941,42.3461,42.4281,36.8224
38.2189,6.07653,0,6.07653,7.5,50.5422,1030,0,0,2942,42.3651,42.447,36.8203
38.2467,14.0038,0,14.0038,7.5,50.5422,740,0,0,2944,42.3597,42.4416,36.8159
38.2607,8.24818,0,8.24818,7.48,50.4126,550,3,0,2946,42.3479,42.4297,36.8137
38.2859,13.9111,0,13.9111,7.48,50.4126,1310,1,0,2947,42.3763,42.4581,36.8093
38.2937,2.26433,0,2.26433,7.46,50.283,89,0,0,2948,42.364,42.4457,36.8071
38.3173,5.42917,0,5.42917,7.46,50.283,589,0,0,2949,42.3686,42.4503,36.805
38.3452,23.4142,0,23.4142,7.44,50.1534,2727,5,0,2951,42.4344,42.5161,36.8028
38.3729,21.7519,0,21.7519,7.42,50.0239,1587,0,0,2952,42.4736,42.5552,36.7984
38.4214,42.9539,0,42.9539,7.4,49.8943,4900,10,0,2955,42.6102,42.6917,36.7919
38.4282,0.857707,0,0.857707,7.38,49.7647,50,0,0,2955,42.6102,42.6917,36.7919
38.4566,8.9619,0,8.9619,7.38,49.7647,1265,0,0,2957,42.626,42.7075,36.7875
38.4663,4.8042,0,4.8042,7.36,49.6351,452,0,0,2958,42.6261,42.7076,36.7853
38.4857,3.20223,0,3.20223,7.36,49.6351,90,0,0,2959,42.613,42.6945,36.7853
38.4953,4.54036,0,4.54036,7.34,49.5055,600,0,0,2960,42.6172,42.6986,36.781
38.5159,3.98186,0,3.98186,7.34,49.5055,330,0,0,2961,42.6123,42.6937,36.7788
38.5338,12.9942,0,12.9942,7.32,49.376,130,0,0,2963,42.5862,42.6676,36.7745
38.5548,12.8386,0,12.8386,7.32,49.376,773,0,0,2966,42.5671,42.6483,36.7701
38.565,5.27947,0,5.27947,7.3,49.2464,200,0,0,2968,42.5435,42.6247,36.7636
38.6061,25.3508,0,25.3508,7.3,49.2464,2573,0,0,2971,42.5947,42.6759,36.7593
38.6213,9.63825,0,9.63825,7.28,49.1168,519,0,0,2973,42.5843,42.6653,36.755
38.6536,22.1456,0,22.1456,7.28,49.1168,2124,0,0,2975,42.6269,42.7079,36.7506
38.7075,47.8437,0,47.8437,7.26,48.9872,3666,0,0,2978,42.7186,42.7995,36.7441
38.7365,22.9689,0,22.9689,7.24,48.8576,2292,3,0,2980,42.7711,42.852,36.7377
38.7535,11.452,0,11.452,7.22,48.7281,1074,0,0,2981,42.7927,42.8735,36.7355
38.7781,16.2644,0,16.2644,7.22,48.7281,1609,0,0,2982,42.8307,42.9115,36.7334
38.7945,10.4196,0,10.4196,7.2,48.5985,240,0,0,2983,42.8227,42.9035,36.7312
38.8114,7.14858,0,7.14858,7.2,48.5985,430,0,0,2984,42.821,42.9018,36.729
38.84,23.9746,0,23.9746,7.18,48.4689,1448,0,0,2987,42.8259,42.9066,36.7247
38.8525,7.28428,0,7.28428,7.16,48.3393,382,0,0,2988,42.8226,42.9033,36.7204
38.9009,35.9507,0,35.9507,7.16,48.3393,1200,0,0,2991,42.8355,42.9161,36.7161
38.9077,2.03333,0,2.03333,7.14,48.2097,95,0,0,2991,42.8355,42.9161,36.714
38.9338,8.53271,0,8.53271,7.14,48.2097,1606,6,0,2992,42.874,42.9545,36.7118
38.9537,14.0201,0,14.0201,7.12,48.0802,1205,0,0,2995,42.8708,42.9513,36.7075
38.9823,23.445,0,23.445,7.12,48.0802,2410,0,0,2997,42.9283,43.0087,36.7011
39.0069,18.9651,0,18.9651,7.1,47.9506,1954,0,0,2999,42.9633,43.0437,36.699
39.0374,25.1542,0,25.1542,7.08,47.821,2599,1,0,3003,42.9923,43.0726,36.6904
39.0576,14.38,0,14.38,7.06,47.6914,413,0,0,3004,42.9903,43.0706,36.6861
39.0691,6.49639,0,6.49639,7.06,47.6914,985,0,0,3005,43.0087,43.0889,36.684
39.0967,22.7574,0,22.7574,7.04,47.5618,1152,0,0,3008,43.0386,43.1187,36.6797
39.1188,16.0259,0,16.0259,7.02,47.4323,331,0,0,3009,43.0332,43.1133,36.6755
39.1295,6.33428,0,6.33428,7,47.3027,826,0,0,3010,43.0458,43.1259,36.6733
39.1595,14.9675,0,14.9675,7,47.3027,1533,0,0,3012,43.0697,43.1497,36.6691
39.171,5.44999,0,5.44999,6.98,47.1731,372,0,0,3013,43.0667,43.1467,36.6669
39.1893,4.38114,0,4.38114,6.98,47.1731,640,0,0,3015,43.058,43.138,36.6648
39.1991,4.77814,0,4.77814,6.96,47.0435,785,0,0,3016,43.069,43.1489,36.6605
39.2302,14.8145,0,14.8145,6.96,47.0435,860,0,0,3018,43.0683,43.1481,36.6563
39.2494,13.4327,0,13.4327,6.94,46.9139,2345,0,0,3019,43.1477,43.2276,36.6563
39.2933,37.8561,0,37.8561,6.94,46.9139,2604,2,0,3022,43.1949,43.2747,36.6499
39.31,10.8494,0,10.8494,6.92,46.7844,1819,0,0,3023,43.2398,43.3196,36.6457
39.3296,10.638,0,10.638,6.92,46.7844,143,0,0,3024,43.2292,43.3089,36.6435
39.3514,16.0765,0,16.0765,6.9,46.6548,474,8,0,3025,43.2294,43.3091,36.6414
39.359,2.70907,0,2.70907,6.88,46.5252,220,0,0,3025,43.2294,43.3091,36.6414
39.3941,16.6999,0,16.6999,6.88,46.5252,2497,1,0,3027,43.2834,43.3631,36.6393
39.4092,9.50416,0,9.50416,6.86,46.3956,1225,0,0,3029,43.2942,43.3737,36.6329
39.4249,5.30959,0,5.30959,6.86,46.3956,40,0,0,3029,43.2942,43.3737,36.6329
39.432,1.38841,0,1.38841,6.84,46.266,30,0,0,3029,43.2942,43.3737,36.6329
39.4567,6.39812,0,6.39812,6.84,46.266,832,0,0,3030,43.3073,43.3868,36.6329
39.4951,32.6515,0,32.6515,6.82,46.1365,2003,3,0,3032,43.347,43.4265,36.6266
39.5164,15.3786,0,15.3786,6.8,46.0069,430,0,0,3034,43.3322,43.4117,36.6224
39.5396,18.3057,0,18.3057,6.78,45.8773,642,3,0,3036,43.3221,43.4015,36.6181
39.5601,15.4709,0,15.4709,6.76,45.7477,1242,1,0,3038,43.3351,43.4144,36.6139
39.5869,20.9895,0,20.9895,6.74,45.6181,831,3,0,3039,43.388,43.4673,36.6118
39.5967,4.09739,0,4.09739,6.72,45.4886,240,0,0,3040,43.3806,43.4599,36.6118
39.6171,4.84296,0,4.84296,6.72,45.4886,330,0,0,3041,43.3749,43.4541,36.6076
39.6382,16.4753,0,16.4753,6.7,45.359,510,0,0,3042,43.3764,43.4556,36.6076
39.6618,18.7789,0,18.7789,6.68,45.2294,1552,0,0,3044,43.3982,43.4773,36.6013
41.3709,1703.42,1666.6,36.8199,6.66,45.0998,507351,1968,0,3047,42.0945,42.0798,36.595
41.3793,2.40892,0,2.40892,6.64,44.9702,20,0,0,3047,42.0945,42.0798,36.595
41.4076,11.2944,0,11.2944,6.64,44.9702,380,0,0,3049,42.0787,42.064,36.5908
41.4273,14.1004,0,14.1004,6.62,44.8407,1880,1,0,3053,42.0845,42.0698,36.5845
41.4341,1.43549,0,1.43549,6.62,44.8407,30,0,0,3054,42.0711,42.0563,36.5803
41.4466,7.86154,0,7.86154,6.6,44.7111,1260,2,0,3056,42.0841,42.0694,36.5761
41.4946,34.7052,0,34.7052,6.6,44.7111,2404,5,0,3058,42.1364,42.1216,36.5719
41.5019,1.28115,0,1.28115,6.58,44.5815,20,0,0,3058,42.1364,42.1216,36.5719
41.5264,5.32186,0,5.32186,6.58,44.5815,300,0,0,3059,42.1317,42.117,36.5698
41.5444,12.9763,0,12.9763,6.56,44.4519,1892,7,0,3062,42.1522,42.1375,36.5656
41.562,9.35159,0,9.35159,6.56,44.4519,1340,1,0,3065,42.154,42.1393,36.5593
41.5898,22.8892,0,22.8892,6.54,44.3223,2670,0,0,3068,42.1992,42.1845,36.5531
41.6008,5.18479,0,5.18479,6.52,44.1928,870,1,0,3069,42.2131,42.1984,36.5489
41.6475,31.4019,0,31.4019,6.52,44.1928,2911,0,0,3072,42.2682,42.2536,36.5447
41.6554,1.65413,0,1.65413,6.5,44.0632,20,0,0,3072,42.2682,42.2536,36.5427
41.7223,47.8206,0,47.8206,6.5,44.0632,2708,6,0,3074,42.3865,42.3718,36.5406
41.7318,3.45701,0,3.45701,6.48,43.9336,20,0,0,3074,42.3865,42.3718,36.5385
41.7527,3.85629,0,3.85629,6.48,43.9336,190,0,0,3075,42.3782,42.3636,36.5364
41.7674,10.0391,0,10.0391,6.46,43.804,1350,1,0,3076,42.4077,42.393,36.5343
41.7808,2.44035,0,2.44035,6.46,43.804,280,0,0,3078,42.3886,42.3739,36.5322
41.7955,10.2218,0,10.2218,6.44,43.6744,2000,8,0,3079,42.4443,42.4297,36.5302
41.8179,11.3442,0,11.3442,6.44,43.6744,40,0,0,3080,42.4312,42.4166,36.526
41.8535,30.8241,0,30.8241,6.42,43.5449,3202,2,0,3084,42.4899,42.4754,36.5198
41.8737,14.3785,0,14.3785,6.4,43.4153,2000,0,0,3086,42.5269,42.5123,36.5156
41.8816,1.83997,0,1.83997,6.38,43.2857,30,0,0,3086,42.5269,42.5123,36.5136
41.9008,1.6098,0,1.6098,6.38,43.2857,20,0,0,3086,42.5269,42.5123,36.5136
41.9388,31.9646,0,31.9646,6.36,43.1561,4022,3,0,3088,42.6292,42.6146,36.5094
41.9508,6.08854,0,6.08854,6.34,43.0265,528,0,0,3089,42.6319,42.6174,36.5074
41.9759,11.8612,0,11.8612,6.34,43.0265,650,0,0,3091,42.6247,42.6102,36.5032
42.0044,22.0908,0,22.0908,6.32,42.897,700,1,0,3093,42.6188,42.6043,36.4991
42.0197,9.91294,0,9.91294,6.3,42.7674,40,0,0,3094,42.6057,42.5911,36.497
42.0448,15.5021,0,15.5021,6.3,42.7674,1956,5,0,3095,42.6553,42.6407,36.497
42.0717,20.878,0,20.878,6.28,42.6378,2984,11,0,3097,42.7265,42.712,36.4908
42.0901,12.4378,0,12.4378,6.26,42.5082,1998,1,0,3099,42.769,42.7544,36.4867
42.0992,2.09968,0,2.09968,6.26,42.5082,20,0,0,3099,42.769,42.7544,36.4867
42.1344,29.6257,0,29.6257,6.24,42.3786,1956,0,0,3102,42.7972,42.7827,36.4826
42.1418,2.14812,0,2.14812,6.22,42.249,330,0,0,3103,42.7918,42.7773,36.4785
42.1675,8.32003,0,8.32003,6.22,42.249,220,0,0,3106,42.7569,42.7424,36.4743
42.188,14.4557,0,14.4557,6.2,42.1195,970,0,0,3108,42.76,42.7455,36.4682
42.2035,10.6309,0,10.6309,6.18,40.2215,1091,0,0,3110,42.7669,42.7524,36.4641
42.2193,4.7617,0,4.7617,6.18,40.2215,100,0,0,3111,42.7554,42.7409,36.462
42.2257,1.31526,0,1.31526,6.16,40.0296,30,0,0,3111,42.7554,42.7409,36.462
42.2579,12.1246,0,12.1246,6.16,40.0296,1002,2,0,3113,42.7607,42.7462,36.46
42.2648,1.49308,0,1.49308,6.14,39.8644,60,0,0,3114,42.7479,42.7335,36.4559
42.2901,5.67305,0,5.67305,6.14,39.8644,90,0,0,3115,42.7361,42.7217,36.4538
42.3173,22.0397,0,22.0397,6.12,39.7034,270,0,0,3116,42.7301,42.7157,36.4518
42.3272,4.2783,0,4.2783,6.1,39.5427,360,0,0,3117,42.727,42.7125,36.4497
42.3606,17.0756,0,17.0756,6.1,39.5427,472,0,0,3118,42.7277,42.7133,36.4497
42.3747,7.98407,0,7.98407,6.08,39.3887,1510,0,0,3120,42.7478,42.7333,36.4456
42.4007,14.6103,0,14.6103,6.08,39.3887,1570,2,0,3122,42.7723,42.7578,36.4395
42.4121,5.58255,0,5.58255,6.06,39.264,410,0,0,3123,42.7707,42.7563,36.4374
42.4588,32.4737,0,32.4737,6.06,39.264,1786,5,0,3124,42.823,42.8086,36.4354
42.467,2.11343,0,2.11343,6.04,39.1393,40,0,0,3124,42.823,42.8086,36.4354
42.4907,6.4161,0,6.4161,6.04,39.1393,170,0,0,3125,42.8134,42.799,36.4354
42.5052,9.52607,0,9.52607,6.02,39.0146,800,0,0,3126,42.8241,42.8097,36.4313
42.5448,27.6264,0,27.6264,6.02,39.0146,2018,0,0,3130,42.8335,42.8192,36.4232
42.5829,31.8149,0,31.8149,6,38.8899,1042,0,0,3133,42.8248,42.8104,36.417
42.5934,5.20718,0,5.20718,5.98,38.7653,160,0,0,3135,42.8013,42.7869,36.413
42.6167,7.76298,0,7.76298,5.98,38.7653,330,0,0,3137,42.7832,42.7689,36.4089
42.6367,15.2919,0,15.2919,5.96,38.6406,170,0,0,3138,42.7737,42.7594,36.4069
42.6519,9.12394,0,9.12394,5.94,38.5159,1080,1,0,3139,42.7932,42.7789,36.4048
42.6709,7.55109,0,7.55109,5.94,38.5159,192,0,0,3140,42.7847,42.7704,36.4028
42.6793,3.1381,0,3.1381,5.92,38.3912,220,0,0,3141,42.7768,42.7625,36.4008
42.7071,9.18453,0,9.18453,5.92,38.3912,1200,5,0,3143,42.7865,42.7722,36.3967
42.7137,1.17433,0,1.17433,5.9,38.2665,40,0,0,3143,42.7865,42.7722,36.3967
42.7496,15.8521,0,15.8521,5.9,38.2665,1890,2,0,3145,42.8172,42.8029,36.3927
42.7864,31.5369,0,31.5369,5.88,38.1418,2414,0,0,3147,42.8735,42.8592,36.3886
42.8136,21.0573,0,21.0573,5.86,38.0171,3165,5,0,3149,42.9473,42.933,36.3866
42.8236,3.71655,0,3.71655,5.84,37.8925,60,0,0,3150,42.934,42.9197,36.3846
42.8558,14.914,0,14.914,5.84,37.8925,1432,1,0,3153,42.9388,42.9245,36.3785
42.8883,25.8744,0,25.8744,5.82,37.7678,1880,7,0,3154,42.9835,42.9692,36.3745
42.908,12.9897,0,12.9897,5.8,37.6431,2032,1,0,3155,43.0384,43.0241,36.3724
42.9257,11.4826,0,11.4826,5.8,37.6431,874,0,0,3157,43.0377,43.0234,36.3684
42.9509,19.2788,0,19.2788,5.78,37.5184,2368,0,0,3159,43.0845,43.0703,36.3664
42.9797,23.4745,0,23.4745,5.76,37.3937,1270,0,0,3163,43.0689,43.0547,36.3583
43.0002,14.5015,0,14.5015,5.74,37.269,1700,0,0,3166,43.0805,43.0663,36.3523
43.0237,17.6692,0,17.6692,5.72,37.1443,1981,4,0,3168,43.1146,43.1004,36.3462
43.0378,7.78503,0,7.78503,5.7,37.0196,900,0,0,3170,43.1145,43.1003,36.3442
43.065,15.4149,0,15.4149,5.7,37.0196,450,0,0,3173,43.0867,43.0725,36.3382
43.088,17.9485,0,17.9485,5.68,36.895,1718,0,0,3176,43.1061,43.0919,36.3322
43.1197,25.4999,0,25.4999,5.66,36.7703,2712,3,0,3179,43.1497,43.1356,36.3262
43.1335,7.79258,0,7.79258,5.64,36.6456,1000,0,0,3180,43.1664,43.1522,36.3242
43.1527,7.24789,0,7.24789,5.64,36.6456,460,0,0,3181,43.166,43.1518,36.3202
43.1646,5.78421,0,5.78421,5.62,36.5209,50,0,0,3182,43.1527,43.1386,36.3182
43.2073,28.8146,0,28.8146,5.62,36.5209,1086,6,0,3185,43.1457,43.1316,36.3122
43.2211,7.49182,0,7.49182,5.6,36.3962,628,0,0,3186,43.1529,43.1387,36.3102
43.2528,18.6142,0,18.6142,5.6,36.3962,1950,0,0,3190,43.1586,43.1445,36.3022
43.8869,627.354,610.475,16.8785,5.58,36.2715,207477,501,0,3192,42.8515,42.8042,36.2982
43.8953,1.77746,0,1.77746,5.56,36.1468,40,0,0,3192,42.8515,42.8042,36.2982
43.9148,1.63892,0,1.63892,5.56,36.1468,80,0,0,3193,42.8393,42.792,36.2962
43.9274,5.82688,0,5.82688,5.54,36.0222,900,0,0,3194,42.8528,42.8056,36.2962
43.9456,4.50303,0,4.50303,5.54,36.0222,220,0,0,3195,42.8451,42.7978,36.2922
43.9581,5.85883,0,5.85883,5.52,35.8975,288,0,0,3196,42.8398,42.7926,36.2922
43.9799,7.88346,0,7.88346,5.52,35.8975,690,0,0,3197,42.847,42.7998,36.2883
44.0318,45.6867,0,45.6867,5.5,35.7728,4038,10,0,3200,42.9322,42.885,36.2843
44.0674,29.3503,0,29.3503,5.48,35.6481,580,0,0,3202,42.9225,42.8754,36.2783
44.0884,14.7197,0,14.7197,5.46,35.5234,220,0,0,3204,42.9017,42.8546,36.2744
44.1027,7.73892,0,7.73892,5.44,35.3987,780,0,0,3208,42.8716,42.8245,36.2684
44.1209,5.1722,0,5.1722,5.44,35.3987,30,0,0,3208,42.8716,42.8245,36.2664
44.1419,16.1633,0,16.1633,5.42,35.274,924,0,0,3209,42.8863,42.8392,36.2664
44.1786,30.906,0,30.906,5.4,35.1493,2674,0,0,3212,42.9287,42.8817,36.2585
44.1988,14.2927,0,14.2927,5.38,35.0247,130,0,0,3213,42.9185,42.8715,36.2565
44.2209,16.7436,0,16.7436,5.36,34.9,2100,8,0,3215,42.9577,42.9107,36.2526
44.2292,2.18826,0,2.18826,5.34,34.7753,70,0,0,3216,42.9456,42.8986,36.2506
44.2511,3.79613,0,3.79613,5.34,34.7753,460,1,0,3217,42.9456,42.8987,36.2486
44.2886,31.631,0,31.631,5.32,34.6506,760,3,0,3219,42.9416,42.8947,36.2467
44.3273,31.9504,0,31.9504,5.3,34.5259,1733,0,0,3221,42.968,42.9211,36.2407
44.3635,29.8059,0,29.8059,5.28,34.4012,1790,7,0,3223,42.996,42.9491,36.2368
44.385,15.2546,0,15.2546,5.26,34.2765,450,0,0,3224,42.9957,42.9488,36.2348
44.4029,11.5663,0,11.5663,5.24,34.1519,190,0,0,3226,42.974,42.9272,36.2329
44.4297,18.239,0,18.239,5.24,34.1519,3986,9,0,3228,43.0703,43.0235,36.2289
44.4551,19.6493,0,19.6493,5.22,34.0272,2370,30,0,3231,43.1028,43.056,36.223
44.4866,24.4441,0,24.4441,5.2,33.9025,710,2,0,3232,43.1105,43.0637,36.2211
44.4978,4.86264,0,4.86264,5.18,33.7778,42,0,0,3232,43.1105,43.0637,36.2191
44.515,1.78198,0,1.78198,5.18,33.7778,30,0,0,3232,43.1105,43.0637,36.2191
44.5453,24.1817,0,24.1817,5.16,33.6531,1110,8,0,3234,43.1172,43.0705,36.2152
44.5616,8.87487,0,8.87487,5.14,33.5284,1390,0,0,3235,43.1468,43.1002,36.2132
44.5812,9.37131,0,9.37131,5.14,33.5284,1168,0,0,3237,43.1554,43.1087,36.2093
44.6139,25.5839,0,25.5839,5.12,33.4037,1558,0,0,3238,43.1896,43.143,36.2073
44.6285,7.24906,0,7.24906,5.1,33.279,490,0,0,3239,43.1905,43.1439,36.2054
44.6641,23.4487,0,23.4487,5.1,33.279,600,0,0,3243,43.1548,43.1082,36.1995
44.6787,8.02706,0,8.02706,5.08,33.1544,1433,4,0,3245,43.172,43.1254,36.1956
44.7051,12.8433,0,12.8433,5.08,33.1544,1723,0,0,3248,43.1853,43.1389,36.1878
44.7446,32.8508,0,32.8508,5.06,33.0297,440,0,0,3251,43.1581,43.1117,36.1839
44.7674,14.0273,0,14.0273,5.04,32.905,280,0,0,3253,43.1393,43.0928,36.178
44.7955,23.1761,0,23.1761,5.02,32.7803,2690,1,0,3257,43.1679,43.1216,36.1722
44.8069,5.16815,0,5.16815,5,32.6556,210,0,0,3258,43.1593,43.113,36.1683
44.8304,6.53398,0,6.53398,5,32.6556,310,0,0,3259,43.1546,43.1083,36.1663
44.8789,40.4268,0,40.4268,4.98,32.5309,4028,0,0,3262,43.2376,43.1913,36.1605
44.8935,8.91194,0,8.91194,4.96,32.4062,740,0,0,3265,43.2196,43.1734,36.1566
44.9189,14.9262,0,14.9262,4.96,32.4062,2108,4,0,3267,43.2568,43.2106,36.1527
44.9317,5.67046,0,5.67046,4.94,32.2816,510,0,0,3268,43.2583,43.2121,36.1488
44.9584,11.0077,0,11.0077,4.94,32.2816,1358,0,0,3270,43.2725,43.2263,36.1469
45.0077,44.4797,0,44.4797,4.92,32.1569,640,11,0,3271,43.2779,43.2317,36.143
45.0175,2.83892,0,2.83892,4.9,32.0322,240,0,0,3272,43.2711,43.2249,36.143
45.0379,3.2541,0,3.2541,4.9,32.0322,30,0,0,3272,43.2711,43.2249,36.1411
45.0751,29.1849,0,29.1849,4.88,31.9075,1938,0,0,3275,43.2898,43.2437,36.1372
45.0906,8.26622,0,8.26622,4.86,31.7828,70,0,0,3276,43.2775,43.2314,36.1334
45.1214,19.0908,0,19.0908,4.86,31.7828,2090,3,0,3279,43.3013,43.2553,36.1295
45.1571,29.3208,0,29.3208,4.84,31.6581,1450,0,0,3281,43.3182,43.2722,36.1256
45.1759,9.37434,0,9.37434,4.82,31.5334,270,0,0,3282,43.3123,43.2663,36.1218
45.1866,2.07867,0,2.07867,4.82,31.5334,30,0,0,3282,43.3123,43.2663,36.1218
45.1948,4.14603,0,4.14603,4.8,31.4087,270,0,0,3284,43.2932,43.2473,36.1198
45.2758,63.8135,0,63.8135,4.8,31.4087,2780,0,0,3286,43.3506,43.3046,36.1141
45.3204,39.0535,0,39.0535,4.78,31.2841,2200,0,0,3287,43.4034,43.3575,36.1121
45.3443,17.8542,0,17.8542,4.76,31.1594,240,0,0,3290,43.3702,43.3243,36.1083
45.3653,14.8573,0,14.8573,4.74,31.0347,90,0,0,3292,43.3457,43.2998,36.1044
45.3984,27.8118,0,27.8118,4.72,30.91,2330,3,0,3296,43.3629,43.3171,36.0967
45.4371,32.2966,0,32.2966,4.7,30.7853,1131,0,0,3299,43.3571,43.3113,36.091
45.4488,5.09852,0,5.09852,4.68,30.6606,360,0,0,3302,43.3277,43.282,36.0833
45.4913,27.218,0,27.218,4.68,30.6606,730,0,0,3305,43.3068,43.2611,36.0776
45.5289,31.9916,0,31.9916,4.66,30.5359,1084,2,0,3308,43.2999,43.2542,36.0737
45.5563,21.0392,0,21.0392,4.64,30.4113,1304,0,0,3311,43.2996,43.254,36.0661
45.5825,20.3679,0,20.3679,4.62,30.2866,3860,9,0,3313,43.3894,43.3438,36.0642
45.6125,23.3155,0,23.3155,4.6,30.1619,1016,0,0,3316,43.3806,43.335,36.0566
45.6244,6.39168,0,6.39168,4.58,30.0372,20,0,0,3316,43.3806,43.335,36.0566
45.6448,6.22658,0,6.22658,4.58,30.0372,350,0,0,3318,43.3644,43.3189,36.0527
45.651,1.14205,0,1.14205,4.56,29.9125,30,0,0,3318,43.3644,43.3189,36.0527
45.7154,44.206,0,44.206,4.56,29.9125,3495,1,0,3321,43.4294,43.3839,36.0489
45.7347,10.3907,0,10.3907,4.54,29.7878,517,0,0,3322,43.4317,43.3862,36.0451
45.7588,15.2085,0,15.2085,4.54,29.7878,1690,0,0,3323,43.4689,43.4234,36.0432
45.7726,7.71156,0,7.71156,4.52,29.6631,1520,7,0,3324,43.5009,43.4555,36.0413
45.7997,15.5759,0,15.5759,4.52,29.6631,1530,2,0,3327,43.5071,43.4617,36.0356
45.818,11.5024,0,11.5024,4.5,29.5384,1270,0,0,3330,43.5054,43.4601,36.0299
45.8463,20.54,0,20.54,4.5,29.5384,3030,13,0,3334,43.5435,43.4982,36.0242
45.8779,25.0289,0,25.0289,4.48,29.4138,1302,0,0,3336,43.5552,43.5099,36.0205
45.9239,39.8299,0,39.8299,4.46,29.2891,1410,0,0,3338,43.5707,43.5255,36.0148
45.9463,15.7852,0,15.7852,4.44,29.1644,2254,3,0,3340,43.6117,43.5665,36.0129
45.9539,2.001,0,2.001,4.42,29.0397,20,0,0,3340,43.6117,43.5665,36.011
45.9919,18.917,0,18.917,4.42,29.0397,1928,0,0,3342,43.6427,43.5975,36.0072
46.0034,4.24108,0,4.24108,4.4,28.915,30,0,0,3343,43.63,43.5848,36.0053
46.034,15.5523,0,15.5523,4.4,28.915,2546,8,0,3345,43.6792,43.6341,36.0034
46.0588,15.8452,0,15.8452,4.38,28.7903,1018,0,0,3346,43.6961,43.6509,35.9997
46.2785,209.949,183.05,26.8996,4.36,28.6656,76878,44,0,3349,43.7107,43.6584,35.994
46.2934,8.21242,0,8.21242,4.34,28.541,510,0,0,3351,43.6992,43.647,35.9902
46.3081,2.53389,0,2.53389,4.34,28.541,20,0,0,3351,43.6992,43.647,35.9902
46.3539,40.5113,0,40.5113,4.32,28.4163,2128,12,0,3354,43.723,43.6708,35.9846
46.3854,25.5422,0,25.5422,4.3,28.2916,180,0,0,3355,43.7148,43.6626,35.9827
46.4554,62.6772,0,62.6772,4.28,28.1669,4358,0,0,3358,43.8049,43.7528,35.9771
46.4665,4.59754,0,4.59754,4.26,28.0422,390,0,0,3359,43.8029,43.7508,35.9752
46.4936,12.2856,0,12.2856,4.26,28.0422,1240,0,0,3362,43.8001,43.7481,35.9714
46.5124,11.4431,0,11.4431,4.24,27.9175,1230,13,0,3364,43.81,43.758,35.9677
46.5241,4.04235,0,4.04235,4.24,27.9175,80,0,0,3365,43.7988,43.7468,35.9639
46.5555,24.879,0,24.879,4.22,27.7928,4386,2,0,3369,43.8777,43.8258,35.9583
46.5755,13.727,0,13.727,4.2,27.6682,20,0,0,3369,43.8777,43.8258,35.9564
46.6241,41.4672,0,41.4672,4.18,27.5435,2870,0,0,3372,43.9232,43.8713,35.9527
46.6404,7.73322,0,7.73322,4.16,27.4188,630,0,0,3375,43.9022,43.8504,35.9471
46.6608,9.31047,0,9.31047,4.16,27.4188,1908,3,0,3376,43.9452,43.8934,35.9434
46.6816,12.1803,0,12.1803,4.14,27.2941,550,0,0,3378,43.9349,43.8831,35.9415
46.6947,4.87215,0,4.87215,4.14,27.2941,200,0,0,3379,43.9272,43.8754,35.9396
46.743,42.7436,0,42.7436,4.12,27.1694,3520,0,0,3382,43.9917,43.94,35.934
46.7598,10.4457,0,10.4457,4.1,27.0447,1990,0,0,3385,44.0109,43.9592,35.9284
46.7801,10.4212,0,10.4212,4.1,27.0447,420,4,0,3386,44.0097,43.9581,35.9247
46.7885,3.21099,0,3.21099,4.08,26.92,290,0,0,3387,44.0047,43.9531,35.9229
46.8127,6.03712,0,6.03712,4.08,26.92,730,0,0,3389,43.9997,43.9481,35.921
46.8275,9.80667,0,9.80667,4.06,26.7953,594,0,0,3392,43.9779,43.9263,35.9136
46.8606,21.8272,0,21.8272,4.06,26.7953,1750,1,0,3394,44.0029,43.9514,35.9098
46.9054,38.2471,0,38.2471,4.04,26.6707,4587,45,0,3399,44.0736,44.0221,35.9024
46.9238,11.9384,0,11.9384,4.02,26.546,2108,9,0,3400,44.1232,44.0718,35.8987
46.9536,21.1287,0,21.1287,4,26.4213,1120,0,0,3403,44.1167,44.0652,35.8932
46.9618,1.54086,0,1.54086,3.98,26.2966,20,0,0,3403,44.1167,44.0652,35.8932
46.9877,7.80166,0,7.80166,3.98,26.2966,350,0,0,3405,44.0993,44.0479,35.8913
47.0126,18.401,0,18.401,3.96,26.1719,1400,0,0,3406,44.1268,44.0755,35.8876
47.0284,9.73761,0,9.73761,3.94,26.0472,650,2,0,3409,44.1065,44.0551,35.8821
47.071,32.8086,0,32.8086,3.94,26.0472,620,0,0,3412,44.0853,44.034,35.8784
47.0992,23.1814,0,23.1814,3.92,25.9225,1360,0,0,3414,44.0987,44.0475,35.8747
47.1092,4.47497,0,4.47497,3.9,25.7979,880,5,0,3415,44.111,44.0597,35.8729
47.1393,14.134,0,14.134,3.9,25.7979,874,2,0,3416,44.1232,44.072,35.8692
47.1478,3.50368,0,3.50368,3.88,25.6732,20,0,0,3416,44.1232,44.072,35.8692
47.1905,24.4286,0,24.4286,3.88,25.6732,2458,1,0,3418,44.1688,44.1176,35.8673
47.205,8.38213,0,8.38213,3.86,25.5485,400,0,0,3419,44.167,44.1158,35.8636
47.2193,2.25933,0,2.25933,3.86,25.5485,70,0,0,3420,44.1556,44.1044,35.8618
47.272,47.708,0,47.708,3.84,25.4238,3368,0,0,3423,44.2165,44.1654,35.8563
47.2942,15.5668,0,15.5668,3.82,25.2991,570,0,0,3424,44.2196,44.1685,35.8545
47.33,30.0176,0,30.0176,3.8,25.1744,1690,0,0,3425,44.2555,44.2044,35.8526
47.3417,5.86064,0,5.86064,3.78,25.0497,60,0,0,3426,44.2437,44.1926,35.8508
47.3606,4.00799,0,4.00799,3.78,25.0497,270,0,0,3428,44.2252,44.1742,35.8471
47.3681,2.59341,0,2.59341,3.76,24.925,20,0,0,3428,44.2252,44.1742,35.8471
47.3935,6.19635,0,6.19635,3.76,24.925,160,0,0,3429,44.2164,44.1654,35.8453
47.4251,26.7235,0,26.7235,3.74,24.8004,1564,1,0,3432,44.2229,44.1719,35.8398
47.4339,3.18807,0,3.18807,3.72,24.6757,500,0,0,3433,44.224,44.173,35.8379
47.461,9.83518,0,9.83518,3.72,24.6757,730,0,0,3435,44.2189,44.168,35.8343
47.4828,16.7883,0,16.7883,3.7,24.551,1900,0,0,3437,44.2485,44.1976,35.8306
47.4909,1.96993,0,1.96993,3.68,24.4263,30,0,0,3437,44.2485,44.1976,35.8306
47.5122,4.0059,0,4.0059,3.68,24.4263,340,0,0,3439,44.232,44.1812,35.8288
47.5282,9.57329,0,9.57329,3.66,24.3016,50,0,0,3440,44.2201,44.1692,35.827
47.5393,1.55198,0,1.55198,3.66,24.3016,20,0,0,3440,44.2201,44.1692,35.8251
47.5507,6.42005,0,6.42005,3.64,24.1769,190,0,0,3441,44.2119,44.161,35.8233
47.5703,4.70271,0,4.70271,3.64,24.1769,560,2,0,3444,44.189,44.1382,35.8178
47.6055,30.0197,0,30.0197,3.62,24.0522,2530,0,0,3445,44.2491,44.1983,35.816
47.6352,23.4908,0,23.4908,3.6,23.9276,2524,1,0,3447,44.2971,44.2463,35.8124
47.671,30.4598,0,30.4598,3.58,23.8029,900,0,0,3449,44.2969,44.2462,35.8087
47.6964,18.7197,0,18.7197,3.56,23.6782,1378,0,0,3451,44.3103,44.2596,35.8069
47.7316,30.2493,0,30.2493,3.54,23.5535,1150,0,0,3455,44.2918,44.2411,35.7996
47.7412,1.94991,0,1.94991,3.52,23.4288,40,0,0,3456,44.2795,44.2289,35.796
47.7699,9.6316,0,9.6316,3.52,23.4288,1240,0,0,3458,44.2892,44.2386,35.7924
47.7848,8.14132,0,8.14132,3.5,23.3041,1328,1,0,3460,44.3014,44.2509,35.7887
47.8206,24.6874,0,24.6874,3.5,23.3041,2434,0,0,3462,44.3452,44.2946,35.7851
47.8281,1.22293,0,1.22293,3.48,23.1794,20,0,0,3462,44.3452,44.2946,35.7851
47.8607,11.8802,0,11.8802,3.48,23.1794,1328,0,0,3463,44.3705,44.32,35.7833
47.9089,41.5757,0,41.5757,3.46,23.0547,2890,13,0,3466,44.4149,44.3644,35.7778
47.9199,2.92893,0,2.92893,3.44,22.9301,20,0,0,3466,44.4149,44.3644,35.7778
47.9521,15.7598,0,15.7598,3.44,22.9301,1080,1,0,3468,44.4198,44.3694,35.7742
48.0144,51.1469,0,51.1469,3.42,22.8054,2350,0,0,3472,44.4358,44.3854,35.7688
48.0726,50.0586,0,50.0586,3.4,22.6807,2368,0,0,3475,44.465,44.4147,35.7634
48.0822,2.25644,0,2.25644,3.38,22.556,20,0,0,3475,44.465,44.4147,35.7616
48.1182,19.0623,0,19.0623,3.38,22.556,1738,3,0,3478,44.4761,44.4258,35.758
48.1331,5.11384,0,5.11384,3.36,22.4313,940,0,0,3479,44.4898,44.4395,35.7562
48.1534,5.29515,0,5.29515,3.36,22.4313,1080,3,0,3481,44.4947,44.4444,35.7507
48.1765,17.7783,0,17.7783,3.34,22.3066,1543,5,0,3483,44.5136,44.4634,35.7471
48.2077,24.5201,0,24.5201,3.32,22.1819,2910,0,0,3485,44.571,44.5208,35.7435
48.2252,10.1077,0,10.1077,3.3,22.0573,960,0,0,3487,44.5724,44.5222,35.7417
48.2368,2.56157,0,2.56157,3.3,22.0573,80,0,0,3488,44.5614,44.5112,35.7381
48.2546,11.335,0,11.335,3.28,21.9326,40,0,0,3490,44.5364,44.4862,35.7345
48.2699,7.47741,0,7.47741,3.28,21.9326,1570,3,0,3492,44.5553,44.5052,35.731
48.3112,34.7019,0,34.7019,3.26,21.8079,3188,2,0,3495,44.6077,44.5577,35.7274
48.3312,12.5235,0,12.5235,3.24,21.6832,1140,5,0,3497,44.6142,44.5642,35.7238
48.3701,31.386,0,31.386,3.24,21.6832,3157,0,0,3502,44.6405,44.5905,35.7148
48.3871,10.4337,0,10.4337,3.22,21.5585,70,0,0,3504,44.6164,44.5665,35.7095
48.4318,36.2446,0,36.2446,3.22,21.5585,780,4,0,3506,44.6127,44.5627,35.7059
48.4534,15.5337,0,15.5337,3.2,21.4338,2105,0,0,3507,44.6598,44.6099,35.7059
48.5458,86.4363,0,86.4363,3.18,21.3091,2583,0,0,3510,44.6949,44.645,35.6987
48.5982,43.8325,0,43.8325,3.16,21.1844,3090,0,0,3511,44.7625,44.7126,35.6969
48.6268,21.9069,0,21.9069,3.14,21.0598,2768,0,0,3514,44.8025,44.7527,35.6934
48.6379,5.70599,0,5.70599,3.12,20.9351,550,0,0,3516,44.7912,44.7415,35.688
48.6568,3.24687,0,3.24687,3.12,20.9351,238,0,0,3517,44.7845,44.7347,35.6863
48.6867,23.64,0,23.64,3.1,20.8104,1698,0,0,3519,44.8068,44.757,35.6827
48.709,16.1852,0,16.1852,3.08,20.6857,472,6,0,3520,44.8074,44.7577,35.6809
48.7807,65.8193,0,65.8193,3.06,20.561,3532,1,0,3523,44.8717,44.822,35.6774
48.7924,5.4692,0,5.4692,3.04,20.4363,50,0,0,3524,44.8598,44.8102,35.6738
48.8165,8.67009,0,8.67009,3.04,20.4363,310,0,0,3525,44.8553,44.8057,35.6738
48.856,34.4886,0,34.4886,3.02,20.3116,2543,0,0,3528,44.8895,44.8399,35.6667
48.8713,9.47768,0,9.47768,3,20.187,410,0,0,3530,44.8751,44.8255,35.6649
48.8917,9.3752,0,9.3752,3,20.187,1590,0,0,3532,44.8941,44.8446,35.6596
49.3446,448.102,427.228,20.874,2.98,20.0623,206281,448,0,3534,44.4236,44.352,35.6561
49.376,24.5587,0,24.5587,2.96,19.9376,2170,0,0,3537,44.4467,44.3752,35.6525
49.3844,2.49632,0,2.49632,2.94,19.8129,50,0,0,3537,44.4467,44.3752,35.6508
49.4238,21.2662,0,21.2662,2.94,19.8129,970,0,0,3538,44.4604,44.3889,35.6508
49.4445,14.4145,0,14.4145,2.92,19.6882,1588,0,0,3541,44.4671,44.3957,35.6437
49.4746,24.6099,0,24.6099,2.9,19.5635,3712,2,0,3544,44.5339,44.4625,35.6384
49.4957,14.7973,0,14.7973,2.88,19.4388,2120,0,0,3546,44.568,44.4966,35.6366
49.5323,29.9004,0,29.9004,2.86,19.3141,1918,1,0,3551,44.5587,44.4875,35.6278
49.5624,24.2389,0,24.2389,2.84,19.1895,1498,1,0,3554,44.5627,44.4916,35.6208
49.5749,5.18651,0,5.18651,2.82,19.0648,70,0,0,3556,44.5391,44.4679,35.6172
49.6007,11.9595,0,11.9595,2.82,19.0648,110,0,0,3557,44.5291,44.458,35.6155
49.6124,5.92638,0,5.92638,2.8,18.9401,940,3,0,3560,44.5174,44.4463,35.612
49.6342,7.0287,0,7.0287,2.8,18.9401,1198,2,0,3562,44.5255,44.4545,35.6085
49.649,9.84976,0,9.84976,2.78,18.8154,1270,0,0,3563,44.5481,44.4771,35.6049
49.6682,7.39574,0,7.39574,2.78,18.8154,1530,22,0,3564,44.5777,44.5067,35.6032
49.6885,15.2743,0,15.2743,2.76,18.6907,2904,0,0,3566,44.6338,44.5628,35.5997
49.6965,2.03473,0,2.03473,2.74,18.566,20,0,0,3566,44.6338,44.5628,35.5997
49.7205,6.62093,0,6.62093,2.74,18.566,50,0,0,3567,44.6221,44.5512,35.5979
49.7406,14.3312,0,14.3312,2.72,18.4413,310,0,0,3568,44.6177,44.5468,35.5962
49.7721,26.049,0,26.049,2.7,18.3167,458,0,0,3571,44.5926,44.5217,35.5927
49.7859,7.61384,0,7.61384,2.68,18.192,1440,0,0,3572,44.6198,44.549,35.5892
49.8053,6.0551,0,6.0551,2.68,18.192,150,0,0,3574,44.5985,44.5277,35.5857
49.8171,6.42442,0,6.42442,2.66,18.0673,810,0,0,3576,44.5956,44.5249,35.5839
49.8346,2.21936,0,2.21936,2.66,18.0673,20,0,0,3576,44.5956,44.5249,35.5822
49.8682,28.0093,0,28.0093,2.64,17.9426,1740,9,0,3578,44.6196,44.5489,35.5804
49.8909,15.1185,0,15.1185,2.62,17.8179,700,0,0,3580,44.6137,44.543,35.5752
49.9171,20.1209,0,20.1209,2.6,17.6932,1661,0,0,3582,44.6348,44.5642,35.5735
49.9497,26.3208,0,26.3208,2.58,17.5685,1263,1,0,3585,44.6324,44.5618,35.5682
49.9693,14.5555,0,14.5555,2.56,17.4438,610,0,0,3586,44.6364,44.5658,35.5648
49.9911,16.5393,0,16.5393,2.54,17.3192,1238,2,0,3587,44.6582,44.5877,35.563
50.0151,16.7431,0,16.7431,2.52,17.1945,784,0,0,3589,44.6545,44.584,35.5613
50.0354,14.1963,0,14.1963,2.5,17.0698,150,0,0,3590,44.6457,44.5752,35.5578
50.0489,8.51379,0,8.51379,2.48,16.9451,1934,21,0,3592,44.6743,44.6038,35.5543
50.0705,8.57208,0,8.57208,2.48,16.9451,450,0,0,3594,44.6614,44.591,35.5508
50.0834,7.14376,0,7.14376,2.46,16.8204,1400,0,0,3596,44.6749,44.6046,35.5491
50.1219,24.2958,0,24.2958,2.46,16.8204,1408,0,0,3599,44.6763,44.606,35.5422
50.1769,48.0721,0,48.0721,2.44,16.6957,3820,34,0,3601,44.7567,44.6865,35.5387
50.2086,25.6795,0,25.6795,2.42,16.571,1620,0,0,3603,44.7763,44.7061,35.5352
50.2225,8.78312,0,8.78312,2.4,16.4464,20,0,0,3603,44.7763,44.7061,35.5352
50.2431,8.3406,0,8.3406,2.4,16.4464,40,0,0,3604,44.7644,44.6942,35.5352
50.2721,23.9381,0,23.9381,2.38,16.3217,810,0,0,3607,44.7491,44.679,35.53
50.3241,45.7452,0,45.7452,2.36,16.197,5015,11,0,3611,44.8385,44.7685,35.5214
50.3516,20.7084,0,20.7084,2.34,16.0723,760,0,0,3613,44.8339,44.7639,35.5179
50.374,16.3716,0,16.3716,2.32,15.9476,1190,0,0,3615,44.8415,44.7715,35.5145
50.4087,28.1981,0,28.1981,2.3,15.8229,3226,0,0,3618,44.893,44.8231,35.5093
50.4263,10.4557,0,10.4557,2.28,15.6982,904,0,0,3620,44.8928,44.8229,35.5059
50.4427,6.14763,0,6.14763,2.28,15.6982,460,0,0,3622,44.8802,44.8103,35.5024
50.4564,6.6887,0,6.6887,2.26,15.5735,20,0,0,3622,44.8802,44.8103,35.5024
50.4778,8.89874,0,8.89874,2.26,15.5735,710,0,0,3625,44.8621,44.7923,35.4973
50.5297,45.5561,0,45.5561,2.24,15.4489,1938,5,0,3628,44.8782,44.8084,35.4921
50.5408,4.97401,0,4.97401,2.22,15.3242,120,0,0,3629,44.8686,44.7988,35.4904
50.5796,22.6651,0,22.6651,2.22,15.3242,130,0,0,3630,44.8592,44.7895,35.4887
50.5936,7.94272,0,7.94272,2.2,15.1995,1286,1,0,3632,44.8695,44.7998,35.4852
50.6219,17.0125,0,17.0125,2.2,15.1995,390,0,0,3635,44.8426,44.773,35.4818
50.6366,8.86052,0,8.86052,2.18,15.0748,640,0,0,3636,44.8474,44.7778,35.4784
50.667,18.748,0,18.748,2.18,15.0748,1034,0,0,3637,44.8631,44.7935,35.4767
50.6956,22.6098,0,22.6098,2.16,14.9501,1864,10,0,3638,44.9016,44.8321,35.4767
50.7345,31.5952,0,31.5952,2.14,14.8254,2964,22,0,3641,44.9467,44.8772,35.4715
50.7622,21.4408,0,21.4408,2.12,14.7007,1836,1,0,3644,44.9597,44.8902,35.4664
50.7897,20.0952,0,20.0952,2.1,14.5761,2678,0,0,3647,44.9956,44.9262,35.4613
50.7981,1.04119,0,1.04119,2.08,14.4514,20,0,0,3647,44.9956,44.9262,35.4596
50.8271,9.66641,0,9.66641,2.08,14.4514,650,0,0,3650,44.9759,44.9066,35.4545
50.8422,9.52462,0,9.52462,2.06,14.3267,420,0,0,3651,44.9745,44.9052,35.4527
50.8728,18.8959,0,18.8959,2.06,14.3267,2280,1,0,3654,44.9995,44.9302,35.4493
50.89,10.8035,0,10.8035,2.04,14.202,1520,0,0,3655,45.0282,44.959,35.4476
50.9144,16.008,0,16.008,2.04,14.202,130,0,0,3656,45.0189,44.9497,35.4442
50.9526,32.2979,0,32.2979,2.02,14.0773,4488,0,0,3659,45.1041,45.035,35.4408
50.9657,5.87013,0,5.87013,2,13.9526,730,0,0,3661,45.0989,45.0298,35.4374
51.0113,31.0989,0,31.0989,2,13.9526,1140,0,0,3664,45.0925,45.0235,35.4323
51.0257,8.01243,0,8.01243,1.98,13.8279,20,0,0,3664,45.0925,45.0235,35.4306
51.0408,3.70901,0,3.70901,1.98,13.8279,970,0,0,3665,45.1061,45.0371,35.4289
51.0545,7.19418,0,7.19418,1.96,13.7032,20,0,0,3665,45.1061,45.0371,35.4289
51.0778,10.984,0,10.984,1.96,13.7032,960,8,0,3667,45.1072,45.0382,35.4255
51.094,9.48938,0,9.48938,1.94,13.5786,1438,0,0,3668,45.1336,45.0646,35.4238
51.1075,3.96626,0,3.96626,1.94,13.5786,60,0,0,3669,45.1224,45.0534,35.4221
51.1238,10.0438,0,10.0438,1.92,13.4539,1628,0,0,3670,45.154,45.085,35.4204
51.1358,2.77787,0,2.77787,1.92,13.4539,20,0,0,3670,45.154,45.085,35.4204
51.1496,8.67149,0,8.67149,1.9,13.3292,300,0,0,3672,45.137,45.0681,35.4171
51.1669,4.22663,0,4.22663,1.9,13.3292,200,0,0,3673,45.1296,45.0607,35.4154
51.1763,4.36405,0,4.36405,1.88,13.2045,340,0,0,3675,45.1137,45.0449,35.412
51.2251,31.5299,0,31.5299,1.88,13.2045,2084,4,0,3678,45.1332,45.0644,35.4086
51.2446,12.8166,0,12.8166,1.86,13.0798,880,0,0,3680,45.1321,45.0633,35.4052
51.2607,9.00062,0,9.00062,1.86,13.0798,770,0,0,3683,45.1157,45.047,35.3985
51.2885,22.9459,0,22.9459,1.84,12.9551,4618,20,0,3685,45.216,45.1474,35.3951
51.3019,6.58705,0,6.58705,1.82,12.8304,20,0,0,3685,45.216,45.1474,35.3951
51.3288,13.322,0,13.322,1.82,12.8304,2760,13,0,3686,45.2786,45.21,35.3934
51.3357,1.91222,0,1.91222,1.8,12.7058,20,0,0,3686,45.2786,45.21,35.3934
51.3903,34.8921,0,34.8921,1.8,12.7058,1070,0,0,3689,45.2703,45.2017,35.39
51.4059,9.39726,0,9.39726,1.78,12.5811,1524,14,0,3691,45.2866,45.2181,35.3866
51.4271,10.1922,0,10.1922,1.78,12.5811,1640,1,0,3694,45.2937,45.2252,35.3799
51.4394,6.9162,0,6.9162,1.76,12.4564,410,0,0,3696,45.2798,45.2113,35.3782
51.5035,49.4216,0,49.4216,1.76,12.4564,4520,6,0,3699,45.3647,45.2963,35.3715
51.5299,19.8657,0,19.8657,1.74,12.3317,2268,7,0,3702,45.3887,45.3204,35.3682
51.554,18.1002,0,18.1002,1.72,12.207,760,0,0,3704,45.3842,45.3159,35.3631
51.5664,5.78536,0,5.78536,1.7,12.0823,330,0,0,3705,45.3803,45.312,35.3631
51.5843,3.25376,0,3.25376,1.7,12.0823,200,0,0,3706,45.3729,45.3046,35.3598
51.598,7.3864,0,7.3864,1.68,11.9576,680,0,0,3708,45.3662,45.298,35.3581
51.6425,30.3515,0,30.3515,1.68,11.9576,2454,0,0,3710,45.4075,45.3394,35.3547
51.6716,22.3069,0,22.3069,1.66,11.833,1940,0,0,3712,45.4348,45.3666,35.3514
51.6964,18.3584,0,18.3584,1.64,11.7083,1390,0,0,3714,45.4472,45.3791,35.3464
51.7045,2.80772,0,2.80772,1.62,11.5836,340,0,0,3715,45.4436,45.3755,35.3447
51.7358,12.3698,0,12.3698,1.62,11.5836,1192,0,0,3716,45.4634,45.3953,35.343
51.7475,5.34086,0,5.34086,1.6,11.4589,644,0,0,3717,45.4676,45.3995,35.3414
51.7747,13.2906,0,13.2906,1.6,11.4589,2000,3,0,3720,45.4841,45.4161,35.338
51.784,2.72732,0,2.72732,1.58,11.3342,20,0,0,3720,45.4841,45.4161,35.3364
51.8287,26.8283,0,26.8283,1.58,11.3342,2426,0,0,3723,45.512,45.444,35.333
51.8399,4.71429,0,4.71429,1.56,11.2095,160,0,0,3724,45.5035,45.4356,35.3313
51.8674,11.8967,0,11.8967,1.56,11.2095,1190,0,0,3726,45.5105,45.4426,35.328
51.8876,13.3566,0,13.3566,1.54,11.0848,2396,20,0,3727,45.5621,45.4942,35.3247
51.9137,20.4965,0,20.4965,1.52,10.9601,3308,0,0,3730,45.6137,45.5458,35.3214
51.9279,6.98765,0,6.98765,1.5,10.8355,300,0,0,3733,45.5845,45.5167,35.3147
51.9788,37.1731,0,37.1731,1.5,10.8355,1974,0,0,3736,45.6004,45.5327,35.3114
52.0093,23.2535,0,23.2535,1.48,10.7108,3037,0,0,3739,45.6448,45.5772,35.3047
52.0201,3.4717,0,3.4717,1.46,10.5861,20,0,0,3739,45.6448,45.5772,35.3047
52.0664,29.4072,0,29.4072,1.46,10.5861,3028,1,0,3740,45.7134,45.6457,35.3031
52.0824,9.99173,0,9.99173,1.44,10.4614,270,2,0,3741,45.7078,45.6402,35.3014
52.1153,23.0905,0,23.0905,1.44,10.4614,2366,1,0,3744,45.734,45.6664,35.2981
52.3069,184.427,170.278,14.1493,1.42,10.3367,97139,699,0,3746,45.2023,45.1781,35.2948
52.3348,20.4744,0,20.4744,1.4,10.212,2230,0,0,3749,45.2251,45.2009,35.2898
52.3827,41.1373,0,41.1373,1.38,10.0873,2830,0,0,3751,45.2757,45.2514,35.2865
52.41,21.9045,0,21.9045,1.36,9.96265,3010,1,0,3754,45.3191,45.2949,35.2799
52.4368,20.5703,0,20.5703,1.34,9.83796,853,0,0,3756,45.3174,45.2931,35.2766
52.4625,19.2199,0,19.2199,1.32,9.71328,2080,0,0,3759,45.336,45.3118,35.2733
52.485,15.7291,0,15.7291,1.3,9.58859,1570,0,0,3762,45.341,45.3169,35.2684
52.5401,49.496,0,49.496,1.28,9.46391,4380,1,0,3764,45.4328,45.4086,35.2651
52.5669,21.2981,0,21.2981,1.26,9.33922,1430,3,0,3767,45.434,45.4099,35.2601
52.603,29.6005,0,29.6005,1.24,9.21453,3050,4,0,3772,45.4541,45.43,35.2519
52.625,15.7415,0,15.7415,1.22,9.08985,240,0,0,3773,45.4479,45.4238,35.2503
52.6522,20.7894,0,20.7894,1.2,8.96516,1730,0,0,3775,45.4691,45.445,35.2454
52.6657,7.98107,0,7.98107,1.18,8.84047,620,0,0,3777,45.4609,45.4369,35.2421
52.6818,2.30115,0,2.30115,1.18,8.84047,20,0,0,3777,45.4609,45.4369,35.2421
52.7205,32.3784,0,32.3784,1.16,8.71579,3870,6,0,3779,45.5388,45.5147,35.2388
52.7493,22.2573,0,22.2573,1.14,8.5911,840,0,0,3781,45.5364,45.5123,35.2372
52.7636,8.60923,0,8.60923,1.12,8.46641,990,2,0,3784,45.5259,45.5018,35.2322
52.786,9.35104,0,9.35104,1.12,8.46641,210,0,0,3786,45.5069,45.4828,35.229
52.8134,21.9988,0,21.9988,1.1,8.34173,1030,0,0,3788,45.5095,45.4855,35.2257
52.8374,17.3088,0,17.3088,1.08,8.21704,290,0,0,3790,45.4926,45.4686,35.2224
52.883,38.719,0,38.719,1.06,8.09235,3720,1,0,3793,45.5542,45.5302,35.2159
52.931,41.2816,0,41.2816,1.04,7.96767,3790,2,0,3798,45.5935,45.5695,35.2094
52.9809,43.4372,0,43.4372,1.02,7.84298,3970,0,0,3801,45.6614,45.6375,35.2029
52.9937,6.20617,0,6.20617,1,7.71829,510,0,0,3802,45.6623,45.6383,35.2029
53.0279,20.0101,0,20.0101,1,7.71829,830,1,0,3804,45.6596,45.6356,35.198
53.0626,27.3447,0,27.3447,0.98,7.59361,750,0,0,3806,45.6548,45.6308,35.1947
53.0918,22.3541,0,22.3541,0.96,7.46892,1130,1,0,3809,45.6479,45.624,35.1899
53.111,12.231,0,12.231,0.94,7.34423,1710,0,0,3814,45.6324,45.6085,35.1834
53.1513,33.7563,0,33.7563,0.94,7.34423,2280,1,0,3818,45.6438,45.62,35.1769
53.2081,45.1949,0,45.1949,0.92,7.34423,4733,0,0,3821,45.7317,45.7079,35.1704
53.2305,11.1985,0,11.1985,0.9,7.34423,1060,0,0,3823,45.7353,45.7115,35.1672
53.2676,25.3237,0,25.3237,0.88,7.34423,1820,0,0,3826,45.7467,45.7229,35.1639
53.2864,7.40404,0,7.40404,0.86,7.34423,890,0,0,3828,45.7458,45.722,35.1607
53.3375,38.0405,0,38.0405,0.86,7.34423,3490,0,0,3831,45.8008,45.7771,35.1559
53.3626,14.3482,0,14.3482,0.84,7.34423,280,0,0,3833,45.784,45.7602,35.151
53.3963,22.5519,0,22.5519,0.82,7.34423,290,0,0,3835,45.7674,45.7437,35.1494
53.4164,8.63515,0,8.63515,0.8,7.34423,350,0,0,3836,45.7641,45.7404,35.1462
53.4408,12.1443,0,12.1443,0.78,7.34423,1450,0,0,3838,45.7777,45.754,35.1446
53.4714,20.3253,0,20.3253,0.76,7.34423,920,0,0,3840,45.7776,45.7539,35.1398
53.5044,22.0904,0,22.0904,0.74,7.34423,2500,0,0,3841,45.8305,45.8068,35.1382
53.5303,14.4297,0,14.4297,0.72,7.34423,1210,0,0,3843,45.8379,45.8142,35.1365
53.5635,22.3376,0,22.3376,0.7,7.34423,2040,0,0,3846,45.8549,45.8313,35.1301
53.5972,22.6491,0,22.6491,0.68,7.34423,2890,9,0,3849,45.894,45.8704,35.1269
53.6128,2.97299,0,2.97299,0.66,7.34423,10,0,0,3849,45.894,45.8704,35.1253
53.6334,2.95609,0,2.95609,0.66,7.34423,160,0,0,3850,45.886,45.8623,35.1237
53.6506,6.95788,0,6.95788,0.64,7.34423,140,0,0,3852,45.8655,45.8419,35.1205
53.6838,18.7235,0,18.7235,0.64,7.34423,1050,0,0,3854,45.8687,45.8451,35.1189
53.6969,1.95348,0,1.95348,0.62,7.34423,270,0,0,3855,45.8636,45.8399,35.1157
53.7328,18.1537,0,18.1537,0.62,7.34423,2450,0,0,3857,45.903,45.8794,35.1125
53.763,18.2399,0,18.2399,0.6,7.34423,550,0,0,3858,45.9051,45.8815,35.1125
53.7759,0.766667,0,0.766667,0.58,7.34423,10,0,0,3858,45.9051,45.8815,35.1109
53.8018,6.29023,0,6.29023,0.58,7.34423,140,0,0,3860,45.8847,45.8611,35.1077
53.8263,13.3854,0,13.3854,0.56,7.34423,1470,0,0,3862,45.8988,45.8752,35.1045
53.996,157.543,153.794,3.74911,0.54,7.34423,148592,2,0,3862,45.8988,45.8752,35.1045
54.028,20.5743,0,20.5743,0.52,7.34423,1700,8,0,3865,45.9069,45.8833,35.1013
54.0763,36.155,0,36.155,0.5,7.34423,1350,0,0,3866,45.9296,45.9061,35.0981
54.0898,1.70531,0,1.70531,0.48,7.34423,10,0,0,3866,45.9296,45.9061,35.0981
54.129,21.4812,0,21.4812,0.48,7.34423,210,0,0,3867,45.9229,45.8994,35.0965
54.1491,8.84213,0,8.84213,0.46,7.34423,1260,0,0,3870,45.9196,45.8961,35.0917
54.1827,21.6735,0,21.6735,0.44,7.34423,1650,1,0,3872,45.9383,45.9148,35.0901
54.2381,43.1217,0,43.1217,0.42,7.34423,2710,1,0,3875,45.9724,45.9489,35.0854
54.3033,54.6323,0,54.6323,0.4,7.34423,6476,12,0,3879,46.092,46.0686,35.079
54.333,18.9573,0,18.9573,0.38,7.34423,1820,0,0,3882,46.103,46.0796,35.0742
