elapsed_s,total_latency_ms,update_ms,plan_ms,time_to_goal,path_cost,obstacle_checks,queue_operations,collision_count,tree_size,avg_deg_out,avg_deg_in,radius
0.387454,387.007,383.805,3.20148,25,159.025,44195,695,0,594,12.9007,12.9007,40
0.392804,4.12437,0,4.12437,24.98,163.84,263,7,0,597,12.8827,12.8827,40
0.414423,5.5914,0,5.5914,24.98,163.84,196,2,0,599,12.8681,12.8681,40
0.418843,3.72631,0,3.72631,24.96,163.684,298,0,0,600,12.8983,12.8983,40
0.440679,5.26459,0,5.26459,24.96,163.684,375,0,0,601,12.9401,12.9401,40
0.44974,8.19454,0,8.19454,24.94,163.528,776,0,0,603,13.0995,13.0995,40
0.471502,9.44771,0,9.44771,24.94,163.528,460,0,0,606,13.198,13.198,40
0.484578,12.1288,0,12.1288,24.92,163.371,829,0,0,608,13.2401,13.2401,40
0.497904,5.01683,0,5.01683,24.92,163.371,276,1,0,611,13.2259,13.2259,40
0.501584,2.95498,0,2.95498,24.9,163.215,52,0,0,612,13.2092,13.2092,40
0.519522,0.582802,0,0.582802,24.9,163.215,26,0,0,612,13.2092,13.2092,40
0.526145,5.38655,0,5.38655,24.88,163.058,256,0,0,612,13.2092,13.2092,40
0.542675,1.75397,0,1.75397,24.88,163.058,116,0,0,613,13.2023,13.2023,40
0.555999,12.4091,0,12.4091,24.86,162.901,811,0,0,614,13.3127,13.3127,40
0.569855,5.93732,0,5.93732,24.86,162.901,238,0,0,616,13.3279,13.3279,40
0.575323,4.59934,0,4.59934,24.84,162.743,391,2,0,618,13.3301,13.3301,40
0.606464,15.2671,0,15.2671,24.84,162.743,828,17,0,621,13.4251,13.4251,40
0.613976,6.54537,0,6.54537,24.82,162.585,439,0,0,624,13.4375,13.4375,40
0.636283,8.55095,0,8.55095,24.82,162.585,437,0,0,627,13.4434,13.4434,40
0.640154,3.10482,0,3.10482,24.8,162.426,314,0,0,628,13.4554,13.4554,40
0.666014,8.48808,0,8.48808,24.8,162.426,506,0,0,630,13.4968,13.4968,40
0.674128,7.29873,0,7.29873,24.78,162.267,691,0,0,632,13.5854,13.5854,40
0.689504,2.21316,0,2.21316,24.78,162.267,40,0,0,632,13.5854,13.5854,40
0.698448,7.98306,0,7.98306,24.76,162.108,414,4,0,633,13.6272,13.6272,40
0.712079,1.32651,0,1.32651,24.76,162.108,26,0,0,633,13.6272,13.6272,40
0.717442,4.34927,0,4.34927,24.74,161.947,184,0,0,633,13.6272,13.6272,40
0.736676,3.07146,0,3.07146,24.74,161.947,36,0,0,634,13.6073,13.6073,40
0.744676,7.22663,0,7.22663,24.72,161.786,667,0,0,636,13.6777,13.6777,40
0.76405,6.12835,0,6.12835,24.72,161.786,523,1,0,638,13.732,13.732,40
0.774517,9.45762,0,9.45762,24.7,161.624,748,0,0,639,13.8732,13.8732,40
0.791802,6.11733,0,6.11733,24.7,161.624,242,0,0,639,13.8732,13.8732,40
0.794884,2.20706,0,2.20706,24.68,161.462,72,0,0,640,13.8578,13.8578,40
0.829248,16.1367,0,16.1367,24.68,161.462,659,0,0,641,13.9485,13.9485,40
0.831536,1.07548,0,1.07548,24.66,161.298,32,0,0,641,13.9485,13.9485,40
0.862645,11.8181,0,11.8181,24.66,161.298,532,0,0,642,14.0047,14.0047,40
0.867361,3.64343,0,3.64343,24.64,161.134,142,0,0,644,13.9736,13.9736,40
0.888832,4.63475,0,4.63475,24.64,161.134,122,0,0,645,13.9659,13.9659,40
0.893247,3.56168,0,3.56168,24.62,160.968,238,3,0,646,13.9582,13.9582,40
0.913368,3.26172,0,3.26172,24.62,160.968,163,0,0,647,13.9645,13.9645,40
0.917498,2.72766,0,2.72766,24.6,160.802,144,2,0,649,13.9553,13.9553,40
0.944993,9.82915,0,9.82915,24.6,160.802,803,0,0,654,14.0245,14.0245,40
0.95501,8.67193,0,8.67193,24.58,160.635,629,0,0,656,14.0976,14.0976,40
0.973625,6.98278,0,6.98278,24.58,160.635,206,0,0,657,14.0944,14.0944,40
0.977572,3.10219,0,3.10219,24.56,160.466,164,0,0,658,14.0942,14.0942,40
1.01344,18.3682,0,18.3682,24.56,160.466,1190,3,0,660,14.2818,14.2818,40
1.02134,6.85746,0,6.85746,24.54,160.297,512,0,0,662,14.3233,14.3233,40
1.036,0.984202,0,0.984202,24.54,160.297,32,0,0,662,14.3233,14.3233,40
1.04435,7.35216,0,7.35216,24.52,160.126,565,0,0,664,14.3991,14.3991,40
1.06727,9.68321,0,9.68321,24.52,160.126,580,3,0,667,14.4288,14.4288,40
1.0697,1.53567,0,1.53567,24.5,159.954,163,1,0,668,14.4281,14.4281,40
1.0987,9.91301,0,9.91301,24.5,159.954,811,3,0,670,14.5164,14.5164,40
1.10074,1.14899,0,1.14899,24.48,159.781,131,1,0,671,14.5082,14.5082,40
1.13321,12.9781,0,12.9781,24.48,159.781,706,26,0,673,14.5468,14.5468,40
1.13568,1.58476,0,1.58476,24.46,159.606,204,0,0,674,14.5549,14.5549,40
1.16502,10.321,0,10.321,24.46,159.606,443,0,0,676,14.5754,14.5754,40
1.16943,3.13022,0,3.13022,24.44,159.43,186,0,0,676,14.5754,14.5754,40
1.19627,9.45951,0,9.45951,24.44,159.43,662,0,0,679,14.6377,14.6377,40
1.19784,0.705755,0,0.705755,24.42,159.253,38,0,0,679,14.6377,14.6377,40
1.22218,4.35121,0,4.35121,24.42,159.253,153,0,0,680,14.6221,14.6221,40
1.22366,0.343147,0,0.343147,24.4,159.074,33,0,0,680,14.6221,14.6221,40
1.24654,2.7614,0,2.7614,24.4,159.074,55,0,0,681,14.605,14.605,40
1.24832,0.702539,0,0.702539,24.38,158.894,63,0,0,682,14.588,14.588,40
1.26875,0.642821,0,0.642821,24.38,158.894,33,0,0,682,14.588,14.588,40
1.28711,16.2868,0,16.2868,24.36,158.713,906,0,0,685,14.6628,14.6628,40
1.30452,13.5131,0,13.5131,24.36,158.713,726,18,0,688,14.702,14.702,40
1.31425,8.69218,0,8.69218,24.34,158.53,250,0,0,690,14.6783,14.6783,40
1.33172,5.71216,0,5.71216,24.34,158.53,231,0,0,692,14.6821,14.6821,40
1.33633,3.26917,0,3.26917,24.32,158.345,217,1,0,694,14.6772,14.6772,40
1.35785,4.29437,0,4.29437,24.32,158.345,194,0,0,697,14.6442,14.6442,40
1.35913,0.300292,0,0.300292,24.3,158.159,33,0,0,697,14.6442,14.6442,40
1.39175,12.3171,0,12.3171,24.3,158.159,572,0,0,699,14.6824,14.6824,40
1.39986,6.68544,0,6.68544,24.28,157.971,233,0,0,701,14.6648,14.6648,40
1.41691,3.32911,0,3.32911,24.28,157.971,90,0,0,703,14.6316,14.6316,40
1.41998,2.03618,0,2.03618,24.26,157.781,93,0,0,705,14.5986,14.5986,40
1.45136,13.1489,0,13.1489,24.26,157.781,881,0,0,707,14.6492,14.6492,40
1.46818,15.7526,0,15.7526,24.24,157.59,696,0,0,708,14.7712,14.7712,40
1.47586,3.10391,0,3.10391,24.24,157.59,151,0,0,709,14.7673,14.7673,40
1.48193,4.81335,0,4.81335,24.22,157.397,345,0,0,710,14.8028,14.8028,40
1.50126,3.58406,0,3.58406,24.22,157.397,225,0,0,711,14.8481,14.8481,40
1.50905,6.92323,0,6.92323,24.2,157.203,523,2,0,713,14.8822,14.8822,40
1.53877,16.0957,0,16.0957,24.2,157.203,939,0,0,716,14.9707,14.9707,40
1.54565,5.88315,0,5.88315,24.18,157.007,659,0,0,717,15.0795,15.0795,40
1.56732,7.0685,0,7.0685,24.18,157.007,387,6,0,718,15.1212,15.1212,40
1.56876,0.263814,0,0.263814,24.16,156.811,40,0,0,718,15.1212,15.1212,40
1.59122,2.30358,0,2.30358,24.16,156.811,176,0,0,719,15.121,15.121,40
1.60234,9.75147,0,9.75147,24.14,156.614,692,2,0,721,15.1567,15.1567,40
1.62004,6.93889,0,6.93889,24.14,156.614,476,0,0,722,15.2064,15.2064,40
1.62733,5.91294,0,5.91294,24.12,156.418,467,0,0,723,15.2725,15.2725,40
1.64539,3.71437,0,3.71437,24.12,156.418,276,2,0,724,15.2901,15.2901,40
1.65497,7.91082,0,7.91082,24.1,156.22,313,6,0,726,15.2934,15.2934,40
1.67113,3.99511,0,3.99511,24.1,156.22,82,0,0,727,15.2779,15.2779,40
1.68392,11.4635,0,11.4635,24.08,156.023,401,0,0,730,15.2808,15.2808,40
1.70351,10.5929,0,10.5929,24.08,156.023,716,0,0,731,15.3694,15.3694,40
1.70485,0.37393,0,0.37393,24.06,155.825,35,0,0,731,15.3694,15.3694,40
1.72871,3.59332,0,3.59332,24.06,155.825,246,0,0,732,15.3921,15.3921,40
1.73261,2.78949,0,2.78949,24.04,155.627,283,1,0,733,15.4093,15.4093,40
1.75595,5.57939,0,5.57939,24.04,155.627,285,0,0,734,15.4537,15.4537,40
1.76155,4.13264,0,4.13264,24.02,155.428,45,0,0,735,15.434,15.434,40
1.78474,6.97104,0,6.97104,24.02,155.428,378,0,0,737,15.4817,15.4817,40
1.79501,8.69635,0,8.69635,24,155.239,424,0,0,738,15.5122,15.5122,40
1.8162,9.4221,0,9.4221,24,155.239,644,25,0,739,15.5792,15.5792,40
1.82458,7.08296,0,7.08296,23.98,155.063,665,2,0,741,15.6289,15.6289,40
1.84872,10.9246,0,10.9246,23.98,155.063,377,0,0,742,15.6536,15.6536,40
1.85355,3.51587,0,3.51587,23.96,154.888,35,0,0,742,15.6536,15.6536,40
1.87255,2.43749,0,2.43749,23.96,154.888,71,1,0,743,15.6353,15.6353,40
1.87754,3.41471,0,3.41471,23.94,154.735,202,2,0,744,15.6425,15.6425,40
1.90097,6.78159,0,6.78159,23.94,154.735,515,3,0,748,15.627,15.627,40
1.9026,0.523213,0,0.523213,23.92,154.59,52,0,0,748,15.627,15.627,40
1.92478,1.9563,0,1.9563,23.92,154.59,173,0,0,750,15.6093,15.6093,40
1.92748,1.38543,0,1.38543,23.9,154.444,112,0,0,751,15.5965,15.5965,40
1.94865,1.87298,0,1.87298,23.9,154.444,74,0,0,752,15.5798,15.5798,40
1.95225,2.52061,0,2.52061,23.88,154.299,90,0,0,754,15.5531,15.5531,40
1.97672,6.18264,0,6.18264,23.88,154.299,318,0,0,755,15.5947,15.5947,40
1.98236,3.86567,0,3.86567,23.86,154.154,372,0,0,756,15.6217,15.6217,40
2.01068,11.8134,0,11.8134,23.86,154.154,409,11,0,757,15.6579,15.6579,40
2.01413,1.59071,0,1.59071,23.84,154.008,133,0,0,758,15.6504,15.6504,40
2.04073,7.97791,0,7.97791,23.84,154.008,96,1,0,760,15.6132,15.6132,40
2.04381,1.50529,0,1.50529,23.82,153.863,90,0,0,761,15.6005,15.6005,40
2.07594,13.3102,0,13.3102,23.82,153.863,701,0,0,765,15.6092,15.6092,40
2.08997,12.1341,0,12.1341,23.8,153.718,234,0,0,767,15.6023,15.6023,40
2.11005,12.272,0,12.272,23.8,153.718,557,0,0,769,15.6619,15.6619,40
2.12418,12.3973,0,12.3973,23.78,153.572,901,2,0,771,15.7445,15.7445,40
2.13615,4.33941,0,4.33941,23.78,153.572,95,0,0,771,15.7445,15.7445,40
2.13921,1.91126,0,1.91126,23.76,153.427,179,0,0,772,15.7396,15.7396,40
2.17543,17.3888,0,17.3888,23.76,153.427,1000,79,0,773,15.8448,15.8448,40
2.18111,4.28362,0,4.28362,23.74,153.281,363,0,0,775,15.8503,15.8503,40
2.20399,7.0203,0,7.0203,23.74,153.281,348,0,0,777,15.8481,15.8481,40
2.21236,6.97654,0,6.97654,23.72,153.136,189,0,0,779,15.8357,15.8357,40
2.22797,2.16112,0,2.16112,23.72,153.136,123,0,0,780,15.8256,15.8256,40
2.23501,5.23203,0,5.23203,23.7,152.991,373,0,0,783,15.8123,15.8123,40
2.25732,6.86084,0,6.86084,23.7,152.991,332,0,0,785,15.8127,15.8127,40
2.26323,4.19465,0,4.19465,23.68,152.845,350,2,0,786,15.8422,15.8422,40
2.30257,23.0029,0,23.0029,23.68,152.845,1391,0,0,788,16.0228,16.0228,40
2.30478,0.705456,0,0.705456,23.66,152.7,69,0,0,788,16.0228,16.0228,40
2.32748,3.188,0,3.188,23.66,152.7,69,0,0,788,16.0228,16.0228,40
2.33526,6.33151,0,6.33151,23.64,152.555,435,0,0,791,16.0164,16.0164,40
2.35681,7.12988,0,7.12988,23.64,152.555,146,0,0,793,15.9937,15.9937,40
2.37284,14.4191,0,14.4191,23.62,152.409,1105,0,0,794,16.1234,16.1234,40
2.37977,0.620996,0,0.620996,23.62,152.409,69,0,0,794,16.1234,16.1234,40
2.39195,10.65,0,10.65,23.6,152.264,733,0,0,796,16.1533,16.1533,40
2.40774,5.83073,0,5.83073,23.6,152.264,423,0,0,798,16.1654,16.1654,40
2.41919,9.90037,0,9.90037,23.58,152.118,655,3,0,800,16.2087,16.2087,40
2.43139,1.76783,0,1.76783,23.58,152.118,92,0,0,801,16.191,16.191,40
2.43342,0.470291,0,0.470291,23.56,151.973,69,0,0,801,16.191,16.191,40
2.4572,3.59225,0,3.59225,23.56,151.973,313,1,0,802,16.2244,16.2244,40
2.46346,4.75849,0,4.75849,23.54,151.828,318,0,0,803,16.2279,16.2279,40
2.48081,1.10981,0,1.10981,23.54,151.828,70,0,0,803,16.2279,16.2279,40
2.49282,9.95415,0,9.95415,23.52,151.682,594,0,0,804,16.3271,16.3271,40
2.51057,7.241,0,7.241,23.52,151.682,430,0,0,805,16.3391,16.3391,40
2.52718,14.7738,0,14.7738,23.5,151.537,516,0,0,807,16.3643,16.3643,40
2.53648,3.82126,0,3.82126,23.5,151.537,220,0,0,808,16.3688,16.3688,40
2.55234,14.2062,0,14.2062,23.48,151.392,814,6,0,809,16.4265,16.4265,40
2.56532,6.83594,0,6.83594,23.48,151.392,441,0,0,812,16.4273,16.4273,40
2.56736,0.667349,0,0.667349,23.46,151.246,70,0,0,812,16.4273,16.4273,40
2.59603,8.50384,0,8.50384,23.46,151.246,685,0,0,815,16.4552,16.4552,40
2.62112,23.5166,0,23.5166,23.44,151.101,1556,11,0,817,16.5826,16.5826,40
2.62844,5.76332,0,5.76332,23.42,150.955,616,0,0,819,16.6129,16.6129,40
2.6484,5.23368,0,5.23368,23.42,150.955,355,0,0,821,16.6297,16.6297,40
2.65452,4.54321,0,4.54321,23.4,150.81,177,0,0,822,16.6375,16.6375,40
2.6777,6.93137,0,6.93137,23.4,150.81,199,0,0,823,16.6209,16.6209,40
2.69686,17.379,0,17.379,23.38,150.665,940,0,0,825,16.7552,16.7552,40
2.70464,4.40741,0,4.40741,23.38,150.665,367,0,0,827,16.7594,16.7594,40
2.71211,5.88997,0,5.88997,23.36,150.519,282,3,0,830,16.7265,16.7265,40
2.7292,2.37242,0,2.37242,23.36,150.519,110,0,0,830,16.7265,16.7265,40
2.74594,15.139,0,15.139,23.34,150.374,693,2,0,832,16.7656,16.7656,40
2.75632,4.77008,0,4.77008,23.34,150.374,443,1,0,836,16.7356,16.7356,40
2.76768,9.81985,0,9.81985,23.32,150.229,751,0,0,839,16.7688,16.7688,40
2.78432,5.55714,0,5.55714,23.32,150.229,432,0,0,840,16.7893,16.7893,40
2.79302,7.37905,0,7.37905,23.3,150.083,527,0,0,841,16.8252,16.8252,40
2.81327,7.03053,0,7.03053,23.3,150.083,557,0,0,843,16.8541,16.8541,40
2.81675,1.87343,0,1.87343,23.28,149.938,139,0,0,843,16.8541,16.8541,40
2.83944,4.10209,0,4.10209,23.28,149.938,259,0,0,844,16.8661,16.8661,40
2.84451,3.48801,0,3.48801,23.26,149.792,269,0,0,845,16.903,16.903,40
2.87186,10.2415,0,10.2415,23.26,149.792,552,0,0,848,16.8774,16.8774,40
2.8753,1.79098,0,1.79098,23.24,149.647,171,0,0,849,16.8704,16.8704,40
2.89594,1.91579,0,1.91579,23.24,149.647,91,0,0,849,16.8704,16.8704,40
2.90042,2.35887,0,2.35887,23.22,149.502,114,0,0,850,16.8553,16.8553,40
2.93286,14.6114,0,14.6114,23.22,149.502,903,0,0,853,16.9015,16.9015,40
2.94394,8.67666,0,8.67666,23.2,149.356,451,1,0,855,16.9345,16.9345,40
2.95679,1.48304,0,1.48304,23.2,149.356,84,0,0,855,16.9345,16.9345,40
2.95983,1.40064,0,1.40064,23.18,149.211,136,0,0,856,16.9229,16.9229,40
2.97999,0.78808,0,0.78808,23.18,149.211,87,0,0,856,16.9229,16.9229,40
2.9863,4.62726,0,4.62726,23.16,149.066,279,0,0,858,16.9091,16.9091,40
3.00798,5.47516,0,5.47516,23.16,149.066,423,0,0,860,16.9105,16.9105,40
3.01423,4.66812,0,4.66812,23.14,148.92,219,0,0,861,16.9071,16.9071,40
3.03984,9.82709,0,9.82709,23.14,148.92,800,4,0,862,16.9432,16.9432,40
3.04931,8.00883,0,8.00883,23.12,148.775,474,1,0,864,16.9514,16.9514,40
3.06347,1.87325,0,1.87325,23.12,148.775,183,0,0,865,16.9434,16.9434,40
3.07565,10.2079,0,10.2079,23.1,148.629,975,0,0,868,16.9977,16.9977,40
3.08663,0.770237,0,0.770237,23.1,148.629,92,0,0,868,16.9977,16.9977,40
3.09692,8.37849,0,8.37849,23.08,148.484,429,1,0,870,17.0184,17.0184,40
3.11277,3.55349,0,3.55349,23.08,148.484,372,0,0,871,17.031,17.031,40
3.14247,27.9728,0,27.9728,23.06,148.339,2101,31,0,876,17.2397,17.2397,40
3.14931,5.02708,0,5.02708,23.04,148.193,285,0,0,877,17.2258,17.2258,40
3.17487,9.87401,0,9.87401,23.04,148.193,1093,0,0,879,17.3242,17.3242,40
3.18553,8.92047,0,8.92047,23.02,148.048,892,0,0,881,17.3825,17.3825,40
3.20377,6.26114,0,6.26114,23.02,148.048,431,0,0,883,17.4066,17.4066,40
3.20902,3.7117,0,3.7117,23,147.903,263,2,0,885,17.3864,17.3864,40
3.23543,9.50776,0,9.50776,23,147.903,577,0,0,886,17.4244,17.4244,40
3.24398,6.67114,0,6.67114,22.98,147.757,501,0,0,889,17.3926,17.3926,40
3.26277,5.05097,0,5.05097,22.98,147.757,243,0,0,891,17.3704,17.3704,40
3.26868,4.09932,0,4.09932,22.96,147.612,166,0,0,892,17.3621,17.3621,40
3.28892,4.01619,0,4.01619,22.96,147.612,422,0,0,894,17.3647,17.3647,40
3.29216,1.25626,0,1.25626,22.94,147.466,170,0,0,895,17.3542,17.3542,40
3.3147,2.92871,0,2.92871,22.94,147.466,277,0,0,896,17.3538,17.3538,40
3.32312,6.08907,0,6.08907,22.92,147.321,147,0,0,896,17.3538,17.3538,40
3.34839,10.7914,0,10.7914,22.92,147.321,926,0,0,897,17.4247,17.4247,40
3.35545,4.96952,0,4.96952,22.9,147.176,278,1,0,900,17.3944,17.3944,40
3.37274,1.48883,0,1.48883,22.9,147.176,115,0,0,900,17.3944,17.3944,40
3.38498,10.4092,0,10.4092,22.88,147.03,996,24,0,902,17.4712,17.4712,40
3.39604,0.49636,0,0.49636,22.88,147.03,112,0,0,902,17.4712,17.4712,40
3.39976,1.87963,0,1.87963,22.86,146.885,112,0,0,902,17.4712,17.4712,40
3.42305,4.38541,0,4.38541,22.86,146.885,112,0,0,902,17.4712,17.4712,40
3.46043,35.6447,0,35.6447,22.84,146.74,2776,2,0,906,17.7804,17.7804,40
3.46823,5.96029,0,5.96029,22.82,146.594,628,0,0,908,17.8018,17.8018,40
3.49583,13.4064,0,13.4064,22.82,146.594,1074,0,0,909,17.923,17.923,40
3.51251,14.7454,0,14.7454,22.8,146.449,1128,2,0,912,17.9978,17.9978,40
3.53053,12.2493,0,12.2493,22.8,146.449,468,0,0,914,18.0077,18.0077,40
3.53627,3.90744,0,3.90744,22.78,146.303,346,1,0,916,18.0109,18.0109,40
3.56848,15.5526,0,15.5526,22.78,146.303,1318,0,0,917,18.0862,18.0862,40
3.57104,0.751676,0,0.751676,22.76,146.158,102,0,0,917,18.0862,18.0862,40
3.59576,4.69954,0,4.69954,22.76,146.158,474,0,0,919,18.0936,18.0936,40
3.59809,0.531756,0,0.531756,22.74,146.013,102,0,0,919,18.0936,18.0936,40
3.61902,0.78757,0,0.78757,22.74,146.013,102,0,0,919,18.0936,18.0936,40
3.62938,8.54942,0,8.54942,22.72,145.867,350,0,0,921,18.0858,18.0858,40
3.66221,20.4983,0,20.4983,22.72,145.867,946,0,0,926,18.0896,18.0896,40
3.67049,6.28273,0,6.28273,22.7,145.722,303,0,0,928,18.0765,18.0765,40
3.68894,4.43497,0,4.43497,22.7,145.722,295,0,0,930,18.0667,18.0667,40
3.6924,0.991242,0,0.991242,22.68,145.577,98,0,0,930,18.0667,18.0667,40
3.71458,2.8401,0,2.8401,22.68,145.577,318,0,0,931,18.0709,18.0709,40
3.72315,6.59974,0,6.59974,22.66,145.431,389,0,0,932,18.0869,18.0869,40
3.74918,11.7051,0,11.7051,22.66,145.431,803,4,0,933,18.149,18.149,40
3.77351,22.6964,0,22.6964,22.64,145.286,1512,233,0,935,18.2663,18.2663,40
3.78028,4.74801,0,4.74801,22.62,145.14,323,0,0,938,18.2356,18.2356,40
3.80131,5.46922,0,5.46922,22.62,145.14,378,0,0,939,18.246,18.246,40
3.8044,0.886243,0,0.886243,22.6,144.995,99,0,0,939,18.246,18.246,40
3.8349,10.9428,0,10.9428,22.6,144.995,223,0,0,940,18.2287,18.2287,40
3.86331,26.7364,0,26.7364,22.58,144.85,1471,2,0,944,18.3242,18.3242,40
3.87691,11.6826,0,11.6826,22.56,152.969,995,0,0,948,18.3703,18.3703,40
3.89321,7.24888,0,7.24888,22.56,152.969,519,0,0,951,18.3764,18.3764,40
3.89691,0.955833,0,0.955833,22.54,164.465,92,0,0,951,18.3764,18.3764,40
3.92226,6.05333,0,6.05333,22.54,164.465,253,83,0,952,18.3729,18.3729,40
3.93912,14.6597,0,14.6597,22.52,152.818,976,0,0,956,18.4749,18.4749,40
3.95632,11.4064,0,11.4064,22.52,152.818,767,0,0,960,18.4781,18.4781,40
3.96271,3.79791,0,3.79791,22.5,152.604,226,0,0,960,18.4781,18.4781,40
3.98503,6.04125,0,6.04125,22.5,152.604,239,0,0,963,18.4403,18.4403,40
3.99227,5.24851,0,5.24851,22.48,152.389,469,4,0,964,18.4658,18.4658,40
4.01626,8.71322,0,8.71322,22.48,152.389,627,0,0,966,18.4731,18.4731,40
4.02358,5.55874,0,5.55874,22.46,152.175,200,0,0,967,18.4726,18.4726,40
4.04299,4.09214,0,4.09214,22.46,152.175,430,2,0,968,18.4886,18.4886,40
4.04645,1.372,0,1.372,22.44,151.961,98,0,0,968,18.4886,18.4886,40
4.06758,1.58357,0,1.58357,22.44,151.961,128,0,0,968,18.4886,18.4886,40
4.07229,2.85232,0,2.85232,22.42,151.746,223,0,0,969,18.4902,18.4902,40
4.09469,4.22628,0,4.22628,22.42,151.746,259,0,0,970,18.5031,18.5031,40
4.1081,10.8163,0,10.8163,22.4,151.533,731,1,0,972,18.534,18.534,40
4.13587,18.3334,0,18.3334,22.4,151.533,1382,2,0,975,18.6379,18.6379,40
4.16142,23.7637,0,23.7637,22.38,151.32,1220,0,0,976,18.7336,18.7336,40
4.17672,13.5476,0,13.5476,22.36,151.109,1072,12,0,979,18.8039,18.8039,40
4.19481,10.9083,0,10.9083,22.36,151.109,822,0,0,981,18.8491,18.8491,40
4.20145,4.86637,0,4.86637,22.34,150.898,384,1,0,982,18.8595,18.8595,40
4.2298,12.659,0,12.659,22.34,150.898,669,59,0,983,18.9054,18.9054,40
4.25124,19.6523,0,19.6523,22.32,150.689,1006,14,0,987,18.9149,18.9149,40
4.25387,0.827068,0,0.827068,22.3,150.48,103,0,0,987,18.9149,18.9149,40
4.27956,5.9914,0,5.9914,22.3,150.48,308,0,0,988,18.9261,18.9261,40
4.28203,0.83474,0,0.83474,22.28,150.273,73,0,0,988,18.9261,18.9261,40
4.30616,4.1863,0,4.1863,22.28,150.273,335,0,0,989,18.9403,18.9403,40
4.30971,1.55379,0,1.55379,22.26,150.066,164,0,0,990,18.9303,18.9303,40
4.33765,8.7303,0,8.7303,22.26,150.066,599,0,0,992,18.9627,18.9627,40
4.34492,4.19994,0,4.19994,22.24,149.86,162,0,0,993,18.9809,18.9809,40
4.37377,13.0252,0,13.0252,22.24,149.86,502,3,0,995,18.992,18.992,40
4.37876,2.60749,0,2.60749,22.22,149.671,122,0,0,995,18.992,18.992,40
4.42192,25.0445,0,25.0445,22.22,149.671,1731,2,0,998,19.1263,19.1263,40
4.42449,0.597715,0,0.597715,22.2,149.49,72,0,0,998,19.1263,19.1263,40
4.44554,1.31594,0,1.31594,22.2,149.49,72,0,0,998,19.1263,19.1263,40
4.45026,2.78199,0,2.78199,22.18,149.309,131,1,0,999,19.1151,19.1151,40
4.47308,4.32575,0,4.32575,22.18,149.309,358,0,0,1000,19.131,19.131,40
4.48058,5.29371,0,5.29371,22.16,149.13,102,0,0,1001,19.1149,19.1149,40
4.51416,18.2956,0,18.2956,22.16,149.13,856,0,0,1002,19.1098,19.1098,40
4.5344,18.2085,0,18.2085,22.14,148.951,736,0,0,1003,19.1585,19.1585,40
4.53786,1.62886,0,1.62886,22.12,148.773,125,0,0,1004,19.1484,19.1484,40
4.55877,1.68894,0,1.68894,22.12,148.773,88,0,0,1005,19.1333,19.1333,40
4.57495,14.3671,0,14.3671,22.1,148.595,691,0,0,1006,19.1779,19.1779,40
4.605,23.4493,0,23.4493,22.1,148.595,1198,21,0,1009,19.2398,19.2398,40
4.62151,14.7704,0,14.7704,22.08,148.418,874,0,0,1011,19.3076,19.3076,40
4.64092,12.9323,0,12.9323,22.08,148.418,711,1,0,1012,19.3725,19.3725,40
4.64738,4.70032,0,4.70032,22.06,199.02,72,0,0,1012,19.3725,19.3725,40
4.66396,0.556438,0,0.556438,22.06,199.02,68,0,0,1012,19.3725,19.3725,40
4.66913,3.27836,0,3.27836,22.04,148.207,114,0,0,1013,19.3593,19.3593,40
4.69962,12.8831,0,12.8831,22.04,148.207,244,7,0,1015,19.3379,19.3379,40
4.70597,4.59119,0,4.59119,22.02,148.006,414,0,0,1016,19.3652,19.3652,40
4.72421,1.40407,0,1.40407,22.02,148.006,75,0,0,1016,19.3652,19.3652,40
4.73212,4.87236,0,4.87236,22,147.83,589,0,0,1017,19.4022,19.4022,40
4.76354,16.132,0,16.132,22,147.83,1145,1,0,1019,19.4966,19.4966,40
4.76766,2.34274,0,2.34274,21.98,147.655,114,0,0,1020,19.4804,19.4804,40
4.79697,10.031,0,10.031,21.98,147.655,443,0,0,1023,19.4761,19.4761,40
4.79965,1.13342,0,1.13342,21.96,147.481,75,0,0,1023,19.4761,19.4761,40
4.82513,5.05599,0,5.05599,21.96,147.481,115,0,0,1025,19.442,19.442,40
4.85784,30.9371,0,30.9371,21.94,147.308,1834,0,0,1028,19.5827,19.5827,40
4.86735,7.46072,0,7.46072,21.92,147.135,475,1,0,1029,19.6132,19.6132,40
4.8942,13.6532,0,13.6532,21.92,147.135,505,2,0,1031,19.6237,19.6237,40
4.90252,6.46371,0,6.46371,21.9,146.963,488,0,0,1033,19.6515,19.6515,40
4.92133,4.18585,0,4.18585,21.9,146.963,284,0,0,1034,19.6344,19.6344,40
4.92405,0.795357,0,0.795357,21.88,146.791,76,0,0,1034,19.6344,19.6344,40
4.95813,14.121,0,14.121,21.88,146.791,822,0,0,1036,19.6728,19.6728,40
4.97126,11.4058,0,11.4058,21.86,146.62,1074,15,0,1038,19.7466,19.7466,40
4.98813,7.14616,0,7.14616,21.86,146.62,264,0,0,1042,19.6929,19.6929,40
4.99444,4.47875,0,4.47875,21.84,146.449,284,0,0,1043,19.6932,19.6932,40
5.053,41.6925,0,41.6925,21.84,146.449,2276,44,0,1046,19.8939,19.8939,40
5.05546,0.48611,0,0.48611,21.82,146.279,81,0,0,1046,19.8939,19.8939,40
5.09853,22.4287,0,22.4287,21.82,146.279,1309,5,0,1049,19.9638,19.9638,40
5.10681,6.31469,0,6.31469,21.8,146.109,261,0,0,1051,19.9439,19.9439,40
5.14423,22.7847,0,22.7847,21.8,146.109,1311,0,0,1052,20.0513,20.0513,40
5.15036,4.05168,0,4.05168,21.78,176.958,224,34,0,1054,20.0275,20.0275,40
5.18517,18.3459,0,18.3459,21.78,176.836,1715,4,0,1056,20.1638,20.1638,40
5.19084,3.43271,0,3.43271,21.76,145.811,142,0,0,1057,20.1533,20.1533,40
5.20907,1.05277,0,1.05277,21.76,145.811,88,0,0,1057,20.1533,20.1533,40
5.22353,12.5112,0,12.5112,21.74,145.617,952,10,0,1059,20.2021,20.2021,40
5.23315,1.38163,0,1.38163,21.74,145.617,105,0,0,1060,20.184,20.184,40
5.2509,15.5642,0,15.5642,21.72,145.448,1328,0,0,1062,20.2712,20.2712,40
5.26507,8.96329,0,8.96329,21.72,145.448,749,2,0,1064,20.3064,20.3064,40
5.26787,0.89481,0,0.89481,21.7,176.233,117,0,0,1064,20.3064,20.3064,40
5.29316,5.19161,0,5.19161,21.7,176.233,551,2,0,1066,20.3152,20.3152,40
5.30721,12.052,0,12.052,21.68,145.152,627,0,0,1067,20.3299,20.3299,40
5.31758,1.53688,0,1.53688,21.68,145.152,105,0,0,1067,20.3299,20.3299,40
5.34263,22.9961,0,22.9961,21.66,144.96,1777,4,0,1070,20.4673,20.4673,40
5.34731,2.29856,0,2.29856,21.64,144.792,222,0,0,1071,20.465,20.465,40
5.38212,17.0794,0,17.0794,21.64,144.792,1123,28,0,1074,20.5317,20.5317,40
5.38565,1.52585,0,1.52585,21.62,144.626,238,1,0,1075,20.5293,20.5293,40
5.41791,13.1831,0,13.1831,21.62,144.626,1084,1,0,1078,20.5761,20.5761,40
5.42555,5.55772,0,5.55772,21.6,175.482,563,1,0,1080,20.612,20.612,40
5.44696,6.20929,0,6.20929,21.6,175.482,727,0,0,1081,20.6596,20.6596,40
5.45624,7.13108,0,7.13108,21.58,144.333,356,0,0,1083,20.6445,20.6445,40
5.47311,3.3489,0,3.3489,21.58,144.333,381,0,0,1085,20.6516,20.6516,40
5.49652,20.9939,0,20.9939,21.56,144.141,1447,0,0,1087,20.7507,20.7507,40
5.50482,6.29614,0,6.29614,21.54,143.975,547,0,0,1089,20.7778,20.7778,40
5.53192,12.4838,0,12.4838,21.54,143.975,723,0,0,1091,20.8277,20.8277,40
5.54444,10.5606,0,10.5606,21.52,143.81,349,0,0,1094,20.7879,20.7879,40
5.56235,7.46892,0,7.46892,21.52,143.81,380,4,0,1096,20.7746,20.7746,40
5.56707,2.66709,0,2.66709,21.5,143.646,132,0,0,1097,20.7566,20.7566,40
5.59373,8.26485,0,8.26485,21.5,143.646,312,0,0,1097,20.7566,20.7566,40
5.59652,0.781143,0,0.781143,21.48,143.482,122,0,0,1097,20.7566,20.7566,40
5.62908,12.2736,0,12.2736,21.48,143.482,865,0,0,1100,20.77,20.77,40
5.6333,1.97332,0,1.97332,21.46,174.457,163,0,0,1102,20.7359,20.7359,40
5.66998,18.0987,0,18.0987,21.46,174.457,1220,6,0,1104,20.808,20.808,40
5.68153,9.25069,0,9.25069,21.44,143.192,681,0,0,1105,20.8398,20.8398,40
5.69468,1.9988,0,1.9988,21.44,143.192,138,0,0,1105,20.8398,20.8398,40
5.70077,3.79125,0,3.79125,21.42,143.001,419,3,0,1106,20.8617,20.8617,40
5.73325,15.7114,0,15.7114,21.42,143.001,1032,0,0,1108,20.9242,20.9242,40
5.73901,3.30339,0,3.30339,21.4,142.866,348,1,0,1110,20.9081,20.9081,40
5.76212,5.9407,0,5.9407,21.4,142.866,202,0,0,1111,20.9001,20.9001,40
5.76665,2.29204,0,2.29204,21.38,142.737,245,0,0,1112,20.8966,20.8966,40
5.80136,16.0076,0,16.0076,21.38,142.737,1011,0,0,1115,20.9632,20.9632,40
5.80808,4.26699,0,4.26699,21.36,142.608,249,0,0,1116,20.9552,20.9552,40
5.85317,28.9566,0,28.9566,21.36,142.608,1866,26,0,1117,21.06,21.06,40
5.86461,8.95813,0,8.95813,21.34,142.478,364,0,0,1118,21.0456,21.0456,40
5.88483,8.66775,0,8.66775,21.34,142.478,605,5,0,1122,21.0134,21.0134,40
5.89192,4.95252,0,4.95252,21.32,142.349,535,0,0,1123,21.0178,21.0178,40
5.91414,6.27536,0,6.27536,21.32,142.349,498,0,0,1124,21.0614,21.0614,40
5.94843,31.7506,0,31.7506,21.3,142.219,2022,15,0,1126,21.2131,21.2131,40
5.95814,7.2702,0,7.2702,21.28,142.09,789,0,0,1128,21.2349,21.2349,40
5.98261,11.0216,0,11.0216,21.28,142.09,979,0,0,1130,21.2814,21.2814,40
6.00412,19.0487,0,19.0487,21.26,141.96,1787,1,0,1133,21.3769,21.3769,40
6.01747,10.3637,0,10.3637,21.24,141.831,908,0,0,1135,21.4264,21.4264,40
6.02829,0.967834,0,0.967834,21.24,141.831,160,0,0,1135,21.4264,21.4264,40
6.03847,7.71444,0,7.71444,21.22,141.701,373,0,0,1138,21.3998,21.3998,40
6.06173,9.86525,0,9.86525,21.22,141.701,620,0,0,1140,21.4096,21.4096,40
6.06426,0.484219,0,0.484219,21.2,141.572,160,0,0,1140,21.4096,21.4096,40
6.09407,9.05583,0,9.05583,21.2,141.572,743,0,0,1144,21.3907,21.3907,40
6.09755,1.33916,0,1.33916,21.18,141.443,178,0,0,1144,21.3907,21.3907,40
6.12945,12.1595,0,12.1595,21.18,141.443,468,0,0,1146,21.3805,21.3805,40
6.14405,11.8392,0,11.8392,21.16,141.313,1012,0,0,1148,21.426,21.426,40
6.15663,3.99491,0,3.99491,21.16,141.313,330,0,0,1149,21.4151,21.4151,40
6.16665,7.26309,0,7.26309,21.14,141.184,246,0,0,1151,21.3849,21.3849,40
6.18121,0.866422,0,0.866422,21.14,141.184,166,0,0,1151,21.3849,21.3849,40
6.20182,18.1654,0,18.1654,21.12,141.054,1456,0,0,1154,21.4913,21.4913,40
6.21307,8.4983,0,8.4983,21.1,140.925,476,0,0,1155,21.4952,21.4952,40
6.23076,5.82111,0,5.82111,21.1,140.925,532,0,0,1156,21.5242,21.5242,40
6.24627,12.5368,0,12.5368,21.08,140.795,967,0,0,1158,21.5579,21.5579,40
6.2654,10.9504,0,10.9504,21.08,140.795,533,0,0,1159,21.5807,21.5807,40
6.27099,2.98632,0,2.98632,21.06,140.666,212,0,0,1159,21.5807,21.5807,40
6.29654,8.52795,0,8.52795,21.06,140.666,537,0,0,1162,21.5731,21.5731,40
6.32567,26.2205,0,26.2205,21.04,140.536,2243,0,0,1166,21.717,21.717,40
6.33768,9.15197,0,9.15197,21.02,140.407,373,0,0,1168,21.6961,21.6961,40
6.35141,2.68179,0,2.68179,21.02,140.407,276,0,0,1169,21.6878,21.6878,40
6.36134,7.5589,0,7.5589,21,140.278,574,0,0,1170,21.6855,21.6855,40
6.4037,29.5904,0,29.5904,21,140.278,1787,23,0,1172,21.7944,21.7944,40
6.42544,19.0138,0,19.0138,20.98,140.148,584,0,0,1175,21.766,21.766,40
6.42836,0.417166,0,0.417166,20.96,140.019,169,0,0,1175,21.766,21.766,40
6.44968,1.46734,0,1.46734,20.96,140.019,179,0,0,1176,21.7483,21.7483,40
6.45719,4.66609,0,4.66609,20.94,139.889,449,0,0,1177,21.7536,21.7536,40
6.48297,10.2152,0,10.2152,20.94,139.889,722,0,0,1179,21.7956,21.7956,40
6.4939,8.21138,0,8.21138,20.92,139.76,544,0,0,1181,21.7993,21.7993,40
6.51939,13.4756,0,13.4756,20.92,139.76,1313,3,0,1183,21.8631,21.8631,40
6.52766,4.58321,0,4.58321,20.9,139.63,253,0,0,1184,21.8471,21.8471,40
6.54478,1.19963,0,1.19963,20.9,139.63,223,0,0,1184,21.8471,21.8471,40
6.5544,6.67543,0,6.67543,20.88,139.501,687,0,0,1185,21.8751,21.8751,40
6.57353,4.94293,0,4.94293,20.88,139.501,377,0,0,1186,21.8676,21.8676,40
6.58075,4.31506,0,4.31506,20.86,139.371,466,0,0,1187,21.8804,21.8804,40
6.63357,36.0518,0,36.0518,20.86,139.371,2360,4,0,1189,22.0437,22.0437,40
6.64888,12.3928,0,12.3928,20.84,139.242,1080,0,0,1191,22.0865,22.0865,40
6.66512,8.04743,0,8.04743,20.84,139.242,759,0,0,1193,22.1308,22.1308,40
6.6849,16.7147,0,16.7147,20.82,139.113,1528,1,0,1196,22.1915,22.1915,40
6.69264,4.37879,0,4.37879,20.82,139.113,508,0,0,1198,22.2012,22.2012,40
6.69775,2.38303,0,2.38303,20.8,138.983,337,3,0,1201,22.1557,22.1557,40
6.72733,11.2941,0,11.2941,20.8,138.983,795,0,0,1201,22.1557,22.1557,40
6.7356,5.45662,0,5.45662,20.78,138.854,436,0,0,1203,22.138,22.138,40
6.75993,9.13349,0,9.13349,20.78,138.854,758,3,0,1205,22.1568,22.1568,40
6.76501,2.40017,0,2.40017,20.76,138.724,345,0,0,1206,22.1509,22.1509,40
6.78563,2.50895,0,2.50895,20.76,138.724,249,0,0,1207,22.1359,22.1359,40
6.79771,9.20264,0,9.20264,20.74,138.595,619,0,0,1209,22.1348,22.1348,40
6.81807,8.43488,0,8.43488,20.74,138.595,789,0,0,1210,22.1628,22.1628,40
6.83875,17.8346,0,17.8346,20.72,138.465,1024,3,0,1214,22.159,22.159,40
6.85681,15.0028,0,15.0028,20.7,138.336,1573,0,0,1218,22.2143,22.2143,40
6.86704,4.47282,0,4.47282,20.7,138.336,210,0,0,1218,22.2143,22.2143,40
6.87647,6.3947,0,6.3947,20.68,138.207,701,0,0,1220,22.2254,22.2254,40
6.89348,2.67107,0,2.67107,20.68,138.207,216,0,0,1220,22.2254,22.2254,40
6.90318,6.6412,0,6.6412,20.66,138.077,481,0,0,1221,22.2359,22.2359,40
6.91844,1.17714,0,1.17714,20.66,138.077,222,0,0,1221,22.2359,22.2359,40
6.92373,2.06021,0,2.06021,20.64,137.948,300,0,0,1221,22.2359,22.2359,40
6.96341,20.8504,0,20.8504,20.64,137.948,1690,0,0,1224,22.3227,22.3227,40
6.99054,23.4747,0,23.4747,20.62,137.818,2096,19,0,1226,22.4527,22.4527,40
6.99705,3.51528,0,3.51528,20.6,137.689,450,0,0,1229,22.4166,22.4166,40
7.03052,16.4282,0,16.4282,20.6,137.689,1581,0,0,1230,22.5252,22.5252,40
7.042,8.06393,0,8.06393,20.58,137.559,728,0,0,1231,22.5418,22.5418,40
7.05718,2.7886,0,2.7886,20.58,137.559,238,0,0,1231,22.5418,22.5418,40
7.0798,19.3744,0,19.3744,20.56,137.43,1530,0,0,1234,22.6143,22.6143,40
7.08862,6.13136,0,6.13136,20.54,137.3,340,0,0,1236,22.5874,22.5874,40
7.13884,35.1372,0,35.1372,20.54,137.3,2674,0,0,1240,22.7242,22.7242,40
7.14402,2.1501,0,2.1501,20.52,137.171,419,0,0,1241,22.7236,22.7236,40
7.17332,10.6671,0,10.6671,20.52,137.171,960,3,0,1244,22.7347,22.7347,40
7.19582,19.934,0,19.934,20.5,137.042,1182,0,0,1245,22.7976,22.7976,40
7.20473,6.06952,0,6.06952,20.48,136.912,807,1,0,1246,22.8315,22.8315,40
7.22715,7.9654,0,7.9654,20.48,136.912,742,0,0,1247,22.8645,22.8645,40
7.24281,12.3538,0,12.3538,20.46,136.783,1117,0,0,1249,22.9239,22.9239,40
7.25392,3.04663,0,3.04663,20.46,136.783,450,0,0,1250,22.936,22.936,40
7.28426,26.9674,0,26.9674,20.44,136.653,2099,0,0,1252,23.0599,23.0599,40
7.3073,19.6934,0,19.6934,20.42,136.524,1092,6,0,1255,23.0821,23.0821,40
7.32723,17.4171,0,17.4171,20.4,136.394,1072,0,0,1255,23.0821,23.0821,40
7.33582,5.51633,0,5.51633,20.38,136.265,572,0,0,1257,23.074,23.074,40
7.35699,6.6815,0,6.6815,20.38,136.265,662,0,0,1259,23.0842,23.0842,40
7.38549,25.2315,0,25.2315,20.36,136.135,1820,2,0,1262,23.1656,23.1656,40
7.41994,31.1678,0,31.1678,20.34,136.006,2204,86,0,1264,23.2951,23.2951,40
7.42694,3.85622,0,3.85622,20.32,135.877,346,0,0,1265,23.2877,23.2877,40
7.45778,14.3227,0,14.3227,20.32,135.877,971,45,0,1266,23.3294,23.3294,40
7.48447,23.8826,0,23.8826,20.3,135.747,1457,0,0,1268,23.3541,23.3541,40
7.4936,6.058,0,6.058,20.28,135.618,326,0,0,1269,23.3452,23.3452,40
7.52502,17.1298,0,17.1298,20.28,135.618,669,0,0,1271,23.3446,23.3446,40
7.54491,17.1645,0,17.1645,20.26,135.488,1147,13,0,1273,23.3857,23.3857,40
7.5563,8.51656,0,8.51656,20.24,135.359,684,0,0,1274,23.4521,23.4521,40
7.5696,0.790971,0,0.790971,20.24,135.359,206,0,0,1274,23.4521,23.4521,40
7.58064,7.93745,0,7.93745,20.22,135.229,683,0,0,1276,23.4647,23.4647,40
7.61377,20.1768,0,20.1768,20.22,135.229,1369,2,0,1278,23.5274,23.5274,40
7.6203,3.88419,0,3.88419,20.2,135.1,306,0,0,1279,23.5168,23.5168,40
7.6441,6.9129,0,6.9129,20.2,135.1,562,0,0,1281,23.5098,23.5098,40
7.66099,14.0114,0,14.0114,20.18,134.97,1005,0,0,1285,23.5416,23.5416,40
7.68155,13.5406,0,13.5406,20.18,134.97,588,0,0,1287,23.5392,23.5392,40
7.70462,20.2549,0,20.2549,20.16,134.841,2157,22,0,1290,23.6558,23.6558,40
7.71186,4.25473,0,4.25473,20.14,134.712,313,0,0,1291,23.6383,23.6383,40
7.74362,15.0393,0,15.0393,20.14,134.712,992,0,0,1293,23.6729,23.6729,40
7.76322,16.9929,0,16.9929,20.12,134.582,1302,0,0,1294,23.7427,23.7427,40
7.78185,15.1938,0,15.1938,20.12,134.582,886,0,0,1295,23.8324,23.8324,40
7.7929,8.23296,0,8.23296,20.1,134.453,748,0,0,1297,23.8466,23.8466,40
7.81498,9.70036,0,9.70036,20.1,134.453,542,0,0,1298,23.8305,23.8305,40
7.8271,9.28827,0,9.28827,20.08,134.323,901,0,0,1300,23.8515,23.8515,40
7.84405,5.81316,0,5.81316,20.08,134.323,517,0,0,1301,23.8563,23.8563,40
7.86033,13.4751,0,13.4751,20.06,134.194,1164,6,0,1303,23.8956,23.8956,40
7.88481,16.9777,0,16.9777,20.06,134.194,1178,6,0,1306,23.9342,23.9342,40
7.89317,5.6355,0,5.6355,20.04,134.064,385,0,0,1308,23.9159,23.9159,40
7.93344,25.1351,0,25.1351,20.04,134.064,1815,2,0,1311,24.0259,24.0259,40
7.95074,14.0469,0,14.0469,20.02,133.935,1003,0,0,1315,24.0198,24.0198,40
7.97562,18.7072,0,18.7072,20.02,133.935,1501,137,0,1316,24.1102,24.1102,40
7.99804,19.6821,0,19.6821,20,133.419,1318,1,0,1318,24.1646,24.1646,40
8.01886,17.7132,0,17.7132,19.98,133.289,1451,0,0,1320,24.2447,24.2447,40
8.02478,2.37647,0,2.37647,19.96,133.16,336,0,0,1321,24.2377,24.2377,40
8.05836,15.5742,0,15.5742,19.96,133.16,870,0,0,1322,24.2761,24.2761,40
8.07153,10.0954,0,10.0954,19.94,133.03,1152,8,0,1323,24.3326,24.3326,40
8.08358,1.24235,0,1.24235,19.94,133.03,225,0,0,1324,24.3165,24.3165,40
8.09067,3.69188,0,3.69188,19.92,132.901,223,0,0,1325,24.2989,24.2989,40
8.12524,17.4844,0,17.4844,19.92,132.901,875,0,0,1327,24.312,24.312,40
8.16039,31.8367,0,31.8367,19.9,132.771,2384,28,0,1330,24.4023,24.4023,40
8.16744,3.87945,0,3.87945,19.88,132.642,297,0,0,1331,24.3877,24.3877,40
8.18468,0.669715,0,0.669715,19.88,132.642,247,0,0,1331,24.3877,24.3877,40
8.19504,6.91028,0,6.91028,19.86,132.512,660,0,0,1333,24.3826,24.3826,40
8.22023,11.2729,0,11.2729,19.86,132.512,1096,2,0,1335,24.4165,24.4165,40
8.24319,19.2909,0,19.2909,19.84,132.383,1781,4,0,1338,24.491,24.491,40
8.26056,13.5259,0,13.5259,19.82,132.254,683,0,0,1341,24.4974,24.4974,40
8.27927,11.8059,0,11.8059,19.82,132.254,694,0,0,1342,24.5015,24.5015,40
8.28609,3.18471,0,3.18471,19.8,132.124,459,0,0,1343,24.5227,24.5227,40
8.30839,4.72796,0,4.72796,19.8,132.124,562,1,0,1344,24.529,24.529,40
8.31988,7.58873,0,7.58873,19.78,131.995,436,8,0,1345,24.5249,24.5249,40
8.34534,12.4949,0,12.4949,19.78,131.995,1293,0,0,1347,24.5872,24.5872,40
8.35893,9.8447,0,9.8447,19.76,131.865,1113,6,0,1349,24.6249,24.6249,40
8.37449,4.81102,0,4.81102,19.76,131.865,628,1,0,1350,24.64,24.64,40
8.41879,40.2618,0,40.2618,19.74,131.736,2555,0,0,1353,24.7391,24.7391,40
8.4303,7.86389,0,7.86389,19.72,124.101,462,0,0,1354,24.7319,24.7319,40
8.45084,7.64001,0,7.64001,19.72,124.101,808,0,0,1357,24.7178,24.7178,40
8.45645,2.08252,0,2.08252,19.7,123.913,393,0,0,1357,24.7178,24.7178,40
8.49154,16.3428,0,16.3428,19.7,123.913,1280,1,0,1359,24.7307,24.7307,40
8.51713,21.9467,0,21.9467,19.68,128.275,1172,22,0,1361,24.748,24.748,40
8.52601,5.18207,0,5.18207,19.66,128.197,789,1,0,1363,24.7608,24.7608,40
8.56063,19.2573,0,19.2573,19.66,128.197,1735,2,0,1365,24.8674,24.8674,40
8.57297,8.32051,0,8.32051,19.64,127.996,997,0,0,1368,24.8692,24.8692,40
8.58653,1.13941,0,1.13941,19.64,127.996,310,0,0,1368,24.8692,24.8692,40
8.5981,7.93612,0,7.93612,19.62,127.796,444,1,0,1370,24.8438,24.8438,40
8.61216,0.896169,0,0.896169,19.62,127.796,300,0,0,1370,24.8438,24.8438,40
8.62571,9.97603,0,9.97603,19.6,127.597,625,0,0,1371,24.8483,24.8483,40
8.64754,10.9462,0,10.9462,19.6,127.597,965,2,0,1374,24.8479,24.8479,40
8.66991,18.8701,0,18.8701,19.58,128.562,2035,15,0,1377,24.9375,24.9375,40
8.69775,23.8803,0,23.8803,19.56,131.02,1454,0,0,1382,24.9588,24.9588,40
8.72106,19.1384,0,19.1384,19.54,122.696,1451,0,0,1385,25.0108,25.0108,40
8.73317,7.11749,0,7.11749,19.52,122.502,850,2,0,1386,25.0346,25.0346,40
8.75568,9.34277,0,9.34277,19.52,122.502,880,0,0,1389,25.0252,25.0252,40
8.77277,12.7842,0,12.7842,19.5,122.331,944,0,0,1392,25.023,25.023,40
8.80561,24.9279,0,24.9279,19.5,122.331,1720,4,0,1394,25.099,25.099,40
8.83014,21.0195,0,21.0195,19.48,126.841,1528,0,0,1395,25.1706,25.1706,40
8.8485,14.9531,0,14.9531,19.46,126.64,932,0,0,1396,25.1984,25.1984,40
8.85504,1.12295,0,1.12295,19.46,126.64,282,0,0,1396,25.1984,25.1984,40
8.86111,2.36402,0,2.36402,19.44,126.439,316,0,0,1397,25.1825,25.1825,40
8.88093,1.09265,0,1.09265,19.44,126.439,296,0,0,1398,25.1652,25.1652,40
8.88978,4.86414,0,4.86414,19.42,121.727,608,0,0,1400,25.16,25.16,40
8.91691,11.2384,0,11.2384,19.42,121.727,932,0,0,1402,25.1869,25.1869,40
8.926,5.27982,0,5.27982,19.4,121.529,680,1,0,1405,25.1644,25.1644,40
8.95845,16.8903,0,16.8903,19.4,121.529,672,0,0,1406,25.1472,25.1472,40
8.97871,16.1319,0,16.1319,19.38,121.333,945,0,0,1407,25.1464,25.1464,40
8.9957,11.7894,0,11.7894,19.36,121.137,1199,0,0,1409,25.1689,25.1689,40
9.02623,21.9139,0,21.9139,19.36,121.137,1805,1,0,1411,25.2502,25.2502,40
9.03513,4.34797,0,4.34797,19.34,120.963,592,0,0,1413,25.2307,25.2307,40
9.06119,9.67174,0,9.67174,19.34,120.963,714,0,0,1414,25.2426,25.2426,40
9.08234,17.1056,0,17.1056,19.32,120.79,1124,0,0,1416,25.2451,25.2451,40
9.10353,16.5553,0,16.5553,19.3,120.616,1642,0,0,1418,25.3018,25.3018,40
9.11082,2.7524,0,2.7524,19.28,120.443,461,0,0,1419,25.2925,25.2925,40
9.15372,24.8962,0,24.8962,19.28,120.443,1712,0,0,1423,25.324,25.324,40
9.1631,5.17765,0,5.17765,19.26,120.268,678,0,0,1424,25.316,25.316,40
9.18428,5.33951,0,5.33951,19.26,120.268,500,0,0,1425,25.3095,25.3095,40
9.19958,11.1802,0,11.1802,19.24,120.093,723,0,0,1427,25.3069,25.3069,40
9.21279,3.35616,0,3.35616,19.24,120.093,340,0,0,1427,25.3069,25.3069,40
9.22264,5.38132,0,5.38132,19.22,119.918,608,0,0,1428,25.313,25.313,40
9.25307,15.0099,0,15.0099,19.22,119.918,1613,1,0,1430,25.3797,25.3797,40
9.27697,19.4942,0,19.4942,19.2,119.742,1497,0,0,1433,25.4082,25.4082,40
9.30528,19.9918,0,19.9918,19.18,119.565,1420,0,0,1435,25.4641,25.4641,40
9.32607,15.5655,0,15.5655,19.16,119.388,1240,0,0,1437,25.492,25.492,40
9.35057,19.661,0,19.661,19.14,119.211,1248,0,0,1439,25.5365,25.5365,40
9.37713,21.9876,0,21.9876,19.12,119.032,1362,0,0,1442,25.5687,25.5687,40
9.38416,2.0937,0,2.0937,19.1,118.854,370,0,0,1442,25.5687,25.5687,40
9.40492,2.24117,0,2.24117,19.1,118.854,390,0,0,1443,25.5523,25.5523,40
9.41872,9.17285,0,9.17285,19.08,118.674,926,1,0,1445,25.564,25.564,40
9.43644,6.24559,0,6.24559,19.08,118.674,629,0,0,1447,25.557,25.557,40
9.44945,8.08349,0,8.08349,19.06,118.494,1039,0,0,1449,25.568,25.568,40
9.46436,2.60594,0,2.60594,19.06,118.494,423,0,0,1450,25.5538,25.5538,40
9.49914,29.5502,0,29.5502,19.04,118.313,2081,0,0,1453,25.6304,25.6304,40
9.5493,45.1979,0,45.1979,19.02,118.132,3232,7,0,1457,25.7749,25.7749,40
9.56708,13.1358,0,13.1358,19,117.95,811,0,0,1458,25.7641,25.7641,40
9.60089,26.0538,0,26.0538,19,117.95,1526,0,0,1460,25.8315,25.8315,40
9.60832,2.96974,0,2.96974,18.98,117.767,515,0,0,1462,25.8098,25.8098,40
9.65495,28.9664,0,28.9664,18.98,117.767,2678,22,0,1465,25.9106,25.9106,40
9.67194,11.9478,0,11.9478,18.96,117.583,815,0,0,1467,25.908,25.908,40
9.70093,19.9393,0,19.9393,18.96,117.583,1704,0,0,1469,25.9626,25.9626,40
9.70668,1.07179,0,1.07179,18.94,117.398,370,0,0,1469,25.9626,25.9626,40
9.73979,13.5553,0,13.5553,18.94,117.398,1049,0,0,1470,25.9993,25.9993,40
9.76976,24.9751,0,24.9751,18.92,117.213,2052,0,0,1473,26.0726,26.0726,40
9.78116,6.60531,0,6.60531,18.9,117.028,658,0,0,1475,26.0556,26.0556,40
9.82233,26.8246,0,26.8246,18.9,117.028,2582,2,0,1478,26.1854,26.1854,40
10.5949,767.278,745.239,22.0386,18.88,116.842,87644,1280,0,1481,26.2296,26.2296,40
10.613,14.7561,0,14.7561,18.86,116.656,769,0,0,1481,26.2296,26.2296,40
10.6267,7.618,0,7.618,18.86,116.656,503,3,0,1483,26.2414,26.2414,40
10.6505,20.7702,0,20.7702,18.84,116.47,995,2,0,1487,26.2798,26.2798,40
10.6607,7.42749,0,7.42749,18.82,116.283,453,0,0,1488,26.2823,26.2823,40
10.6922,18.4355,0,18.4355,18.82,116.283,793,0,0,1491,26.275,26.275,40
10.6959,0.942362,0,0.942362,18.8,116.096,145,0,0,1491,26.275,26.275,40
10.7242,8.75197,0,8.75197,18.8,116.096,245,0,0,1492,26.2654,26.2654,40
10.7368,9.895,0,9.895,18.78,115.909,760,2,0,1495,26.2635,26.2635,40
10.7555,7.92569,0,7.92569,18.78,115.909,386,0,0,1497,26.2505,26.2505,40
10.7702,12.1164,0,12.1164,18.76,115.721,1213,0,0,1500,26.314,26.314,40
10.7902,11.6795,0,11.6795,18.76,115.721,518,3,0,1503,26.3094,26.3094,40
10.8033,10.4288,0,10.4288,18.74,115.544,784,0,0,1506,26.3539,26.3539,40
10.8236,10.2879,0,10.2879,18.74,115.544,658,0,0,1508,26.3581,26.3581,40
10.827,0.509975,0,0.509975,18.72,115.385,135,0,0,1508,26.3581,26.3581,40
10.8626,15.4563,0,15.4563,18.72,115.385,1080,0,0,1509,26.4155,26.4155,40
10.8741,8.77805,0,8.77805,18.7,115.225,259,0,0,1511,26.3911,26.3911,40
10.8982,12.138,0,12.138,18.7,115.225,941,0,0,1512,26.412,26.412,40
10.927,25.7515,0,25.7515,18.68,115.065,1465,0,0,1516,26.4518,26.4518,40
10.9588,29.049,0,29.049,18.66,114.906,1524,0,0,1517,26.5267,26.5267,40
10.98,18.4486,0,18.4486,18.64,114.746,1206,3,0,1519,26.5912,26.5912,40
10.9874,4.07242,0,4.07242,18.62,114.586,309,0,0,1519,26.5912,26.5912,40
11.0603,56.4181,0,56.4181,18.62,114.586,3627,6,0,1524,26.7657,26.7657,40
11.0735,9.49232,0,9.49232,18.6,114.427,1126,6,0,1527,26.7839,26.7839,40
11.087,2.24364,0,2.24364,18.6,114.427,285,0,0,1527,26.7839,26.7839,40
11.1182,27.9903,0,27.9903,18.58,114.267,1960,0,0,1529,26.8823,26.8823,40
11.1353,14.0794,0,14.0794,18.56,114.107,501,0,0,1531,26.8674,26.8674,40
11.1578,15.7604,0,15.7604,18.56,114.107,1066,0,0,1533,26.8989,26.8989,40
11.1658,4.54046,0,4.54046,18.54,113.948,419,0,0,1535,26.884,26.884,40
11.2029,20.7553,0,20.7553,18.54,113.948,1039,2,0,1537,26.9161,26.9161,40
11.6576,451.754,449.322,2.43169,18.52,113.788,58287,1323,0,1537,26.9161,26.9161,40
11.664,2.40852,0,2.40852,18.5,113.628,199,0,0,1538,26.9031,26.9031,40
11.6939,11.7595,0,11.7595,18.5,113.628,1266,0,0,1540,26.9435,26.9435,40
11.7153,18.5261,0,18.5261,18.48,113.469,684,0,0,1545,26.9204,26.9204,40
11.7241,5.94247,0,5.94247,18.46,113.309,583,0,0,1546,26.9353,26.9353,40
11.7622,23.463,0,23.463,18.46,113.309,1610,0,0,1548,27.0594,27.0594,40
11.7855,19.4677,0,19.4677,18.44,113.149,1626,4,0,1550,27.1432,27.1432,40
11.798,9.46796,0,9.46796,18.42,112.99,678,1,0,1552,27.1424,27.1424,40
11.8245,15.0041,0,15.0041,18.42,112.99,1138,0,0,1554,27.2342,27.2342,40
11.8384,10.886,0,10.886,18.4,112.83,923,7,0,1555,27.281,27.281,40
11.8617,13.1786,0,13.1786,18.4,112.83,1123,0,0,1557,27.3179,27.3179,40
11.8712,6.04277,0,6.04277,18.38,112.67,635,0,0,1558,27.3389,27.3389,40
11.8953,9.22148,0,9.22148,18.38,112.67,719,0,0,1559,27.3669,27.3669,40
11.9073,8.54553,0,8.54553,18.36,112.511,445,0,0,1560,27.3814,27.3814,40
11.9337,13.8626,0,13.8626,18.36,112.511,625,0,0,1561,27.419,27.419,40
11.949,12.3426,0,12.3426,18.34,112.351,491,0,0,1564,27.3996,27.3996,40
11.9644,7.01209,0,7.01209,18.34,112.351,753,0,0,1566,27.424,27.424,40
11.9706,2.83935,0,2.83935,18.32,112.191,210,0,0,1566,27.424,27.424,40
11.9945,5.88353,0,5.88353,18.32,112.191,458,0,0,1568,27.4075,27.4075,40
12.0118,14.0682,0,14.0682,18.3,112.032,1066,0,0,1571,27.429,27.429,40
12.0271,8.11888,0,8.11888,18.3,112.032,350,1,0,1572,27.4218,27.4218,40
12.046,15.7275,0,15.7275,18.28,111.872,1501,0,0,1575,27.4616,27.4616,40
12.0757,24.4635,0,24.4635,18.28,111.872,1001,7,0,1577,27.4908,27.4908,40
12.1024,23.586,0,23.586,18.26,111.712,1209,3,0,1579,27.5307,27.5307,40
12.1204,14.6907,0,14.6907,18.24,111.553,1362,0,0,1581,27.599,27.599,40
12.1393,13.0774,0,13.0774,18.24,111.553,743,0,0,1583,27.6298,27.6298,40
12.1575,14.8979,0,14.8979,18.22,111.393,840,0,0,1584,27.6578,27.6578,40
12.1686,5.41123,0,5.41123,18.22,111.393,684,5,0,1585,27.682,27.682,40
12.1817,9.37349,0,9.37349,18.2,111.233,704,0,0,1587,27.7007,27.7007,40
12.21,17.0935,0,17.0935,18.2,111.233,1636,5,0,1590,27.7522,27.7522,40
12.2295,15.461,0,15.461,18.18,111.074,1099,0,0,1593,27.7596,27.7596,40
12.2511,17.018,0,17.018,18.18,111.074,666,0,0,1594,27.7673,27.7673,40
12.2664,11.6865,0,11.6865,18.16,110.914,1255,1,0,1596,27.8271,27.8271,40
12.2909,15.4168,0,15.4168,18.16,110.914,1237,0,0,1598,27.8842,27.8842,40
12.3031,8.87044,0,8.87044,18.14,110.754,801,0,0,1600,27.895,27.895,40
12.3209,5.87163,0,5.87163,18.14,110.754,466,0,0,1602,27.8901,27.8901,40
12.5572,232.419,226.801,5.61765,18.12,110.595,31708,205,0,1603,27.8802,27.8802,40
12.5672,5.55651,0,5.55651,18.1,110.435,420,0,0,1604,27.8778,27.8778,40
12.5934,11.0917,0,11.0917,18.1,110.435,944,0,0,1606,27.9172,27.9172,40
12.5983,1.4434,0,1.4434,18.08,110.275,190,0,0,1606,27.9172,27.9172,40
12.6439,25.8961,0,25.8961,18.08,110.275,1185,20,0,1609,27.9466,27.9466,40
12.653,5.60703,0,5.60703,18.06,110.116,220,0,0,1610,27.9311,27.9311,40
12.6896,21.5145,0,21.5145,18.06,110.116,1480,3,0,1612,28.0329,28.0329,40
12.6997,6.61503,0,6.61503,18.04,109.956,333,0,0,1613,28.0242,28.0242,40
12.7402,26.1388,0,26.1388,18.04,109.956,1874,0,0,1616,28.1071,28.1071,40
12.757,13.2288,0,13.2288,18.02,109.797,859,4,0,1619,28.1013,28.1013,40
12.796,32.0086,0,32.0086,18.02,109.797,2082,0,0,1622,28.1714,28.1714,40
12.8258,26.1187,0,26.1187,18,109.637,1602,0,0,1626,28.2485,28.2485,40
12.836,6.63615,0,6.63615,17.98,109.477,1047,1,0,1628,28.2684,28.2684,40
12.8589,8.2361,0,8.2361,17.98,109.477,798,0,0,1629,28.31,28.31,40
12.8737,11.1041,0,11.1041,17.96,109.318,1180,0,0,1631,28.3476,28.3476,40
12.8878,4.02619,0,4.02619,17.96,109.318,290,0,0,1632,28.3339,28.3339,40
12.9042,12.7838,0,12.7838,17.94,109.158,786,2,0,1636,28.3007,28.3007,40
12.9177,5.13291,0,5.13291,17.94,109.158,262,0,0,1637,28.2853,28.2853,40
12.9261,4.6258,0,4.6258,17.92,108.998,280,0,0,1638,28.2705,28.2705,40
12.9499,7.31093,0,7.31093,17.92,108.998,702,0,0,1639,28.2874,28.2874,40
12.9566,2.6744,0,2.6744,17.9,108.839,266,0,0,1639,28.2874,28.2874,40
12.9862,11.3283,0,11.3283,17.9,108.839,737,0,0,1640,28.2805,28.2805,40
12.9935,3.39187,0,3.39187,17.88,108.679,377,0,0,1641,28.2748,28.2748,40
13.0165,5.19717,0,5.19717,17.88,108.679,292,0,0,1641,28.2748,28.2748,40
13.0277,7.18407,0,7.18407,17.86,108.519,370,0,0,1642,28.2643,28.2643,40
13.0488,7.21886,0,7.21886,17.86,108.519,652,1,0,1644,28.2561,28.2561,40
13.0608,7.89175,0,7.89175,17.84,108.36,656,1,0,1647,28.2404,28.2404,40
13.086,12.1221,0,12.1221,17.84,108.36,422,0,0,1648,28.2275,28.2275,40
13.1042,14.7024,0,14.7024,17.82,108.2,709,0,0,1650,28.2133,28.2133,40
13.1148,4.8785,0,4.8785,17.82,108.2,773,1,0,1651,28.2338,28.2338,40
13.1354,16.8633,0,16.8633,17.8,108.04,1146,0,0,1655,28.2423,28.2423,40
13.1602,20.9592,0,20.9592,17.78,107.881,1022,1,0,1658,28.2467,28.2467,40
13.1744,10.2886,0,10.2886,17.76,107.721,638,0,0,1660,28.2422,28.2422,40
13.1989,14.2888,0,14.2888,17.76,107.721,1543,1,0,1661,28.307,28.307,40
13.2417,38.4973,0,38.4973,17.74,107.561,2049,1,0,1664,28.3888,28.3888,40
13.2562,10.3931,0,10.3931,17.72,107.402,1145,10,0,1666,28.4208,28.4208,40
13.2748,8.03885,0,8.03885,17.72,107.402,690,1,0,1667,28.4391,28.4391,40
13.2991,20.1307,0,20.1307,17.7,107.242,1531,0,0,1669,28.5303,28.5303,40
13.3047,1.10141,0,1.10141,17.68,107.082,290,0,0,1669,28.5303,28.5303,40
13.3527,28.6256,0,28.6256,17.68,107.082,2276,6,0,1672,28.6118,28.6118,40
13.8388,481.698,432.31,49.3881,17.66,106.923,54836,1074,0,1676,28.8514,28.8514,40
13.8449,1.74656,0,1.74656,17.64,106.763,260,0,0,1676,28.8514,28.8514,40
13.8844,20.5202,0,20.5202,17.64,106.763,848,0,0,1678,28.8504,28.8504,40
13.8925,4.47303,0,4.47303,17.62,106.603,526,0,0,1679,28.8642,28.8642,40
13.9117,3.48787,0,3.48787,17.62,106.603,629,1,0,1680,28.8768,28.8768,40
13.9226,7.05838,0,7.05838,17.6,106.444,1045,3,0,1681,28.9286,28.9286,40
13.9506,13.8724,0,13.8724,17.6,106.444,365,0,0,1682,28.9162,28.9162,40
13.9583,4.12686,0,4.12686,17.58,106.284,465,0,0,1683,28.921,28.921,40
13.993,18.8627,0,18.8627,17.58,106.284,1183,0,0,1685,28.9691,28.9691,40
14.0031,6.38121,0,6.38121,17.56,106.124,422,0,0,1686,28.9626,28.9626,40
14.0186,1.46942,0,1.46942,17.56,106.124,260,0,0,1686,28.9626,28.9626,40
14.0386,16.039,0,16.039,17.54,105.965,1097,0,0,1688,28.9858,28.9858,40
14.0582,15.6601,0,15.6601,17.52,105.805,750,0,0,1690,28.997,28.997,40
14.067,3.79084,0,3.79084,17.52,105.805,474,0,0,1692,28.9675,28.9675,40
14.0729,1.96128,0,1.96128,17.5,105.645,260,0,0,1692,28.9675,28.9675,40
14.0961,4.08834,0,4.08834,17.5,105.645,476,1,0,1694,28.9475,28.9475,40
14.1245,24.6299,0,24.6299,17.48,105.486,1109,1,0,1697,28.9529,28.9529,40
14.1603,32.1009,0,32.1009,17.46,105.326,2256,10,0,1701,29.0388,29.0388,40
14.1735,8.51614,0,8.51614,17.44,105.166,506,0,0,1703,29.0094,29.0094,40
14.1864,1.15583,0,1.15583,17.44,105.166,270,0,0,1703,29.0094,29.0094,40
14.2011,11.3305,0,11.3305,17.42,105.007,1273,0,0,1705,29.0499,29.0499,40
14.2305,19.818,0,19.818,17.42,105.007,1527,0,0,1708,29.096,29.096,40
14.2534,18.5768,0,18.5768,17.4,104.847,859,0,0,1710,29.0836,29.0836,40
14.2991,41.9528,0,41.9528,17.38,104.687,2844,31,0,1713,29.2644,29.2644,40
14.304,0.834688,0,0.834688,17.36,104.528,280,0,0,1713,29.2644,29.2644,40
14.3323,8.27284,0,8.27284,17.36,104.528,765,0,0,1715,29.2601,29.2601,40
14.3502,14.0631,0,14.0631,17.34,104.368,873,0,0,1717,29.3005,29.3005,40
14.364,6.96795,0,6.96795,17.34,104.368,463,0,0,1718,29.2881,29.2881,40
14.3991,30.652,0,30.652,17.32,104.329,2849,11,0,1721,29.4358,29.4358,40
14.4183,15.4634,0,15.4634,17.3,104.114,1586,1,0,1722,29.4948,29.4948,40
14.4296,6.0086,0,6.0086,17.3,104.114,792,2,0,1724,29.4954,29.4954,40
14.4533,19.9515,0,19.9515,17.28,103.899,1962,0,0,1725,29.5861,29.5861,40
14.4658,6.97135,0,6.97135,17.26,103.685,532,1,0,1726,29.5898,29.5898,40
14.4797,0.632812,0,0.632812,17.26,103.685,280,0,0,1726,29.5898,29.5898,40
14.5025,18.0638,0,18.0638,17.24,103.473,722,0,0,1727,29.5981,29.5981,40
14.5242,18.0087,0,18.0087,17.22,103.264,1154,0,0,1729,29.6183,29.6183,40
14.5398,11.156,0,11.156,17.2,103.08,870,1,0,1730,29.659,29.659,40
14.5704,20.9109,0,20.9109,17.2,103.08,1501,10,0,1734,29.6932,29.6932,40
14.594,19.2695,0,19.2695,17.18,102.898,1477,0,0,1736,29.731,29.731,40
14.6043,5.86742,0,5.86742,17.16,102.716,608,0,0,1737,29.7306,29.7306,40
14.6283,9.17248,0,9.17248,17.16,102.716,966,1,0,1740,29.7241,29.7241,40
15.6444,1011.78,989.163,22.6122,17.14,102.536,137241,730,0,1744,29.6892,29.6892,40
15.6594,5.19188,0,5.19188,17.12,99.7884,926,0,0,1745,29.6837,29.6837,40
15.6986,23.4734,0,23.4734,17.12,99.7884,2658,5,0,1747,29.8128,29.8128,40
15.717,8.001,0,8.001,17.1,99.577,869,0,0,1749,29.7827,29.7827,40
15.7492,20.1045,0,20.1045,17.1,99.577,1666,2,0,1751,29.8087,29.8087,40
15.7646,5.78709,0,5.78709,17.08,99.3655,1323,4,0,1753,29.8163,29.8163,40
15.7967,16.6761,0,16.6761,17.08,99.3655,2481,11,0,1757,29.8765,29.8765,40
15.8149,8.2235,0,8.2235,17.06,99.154,960,0,0,1758,29.8743,29.8743,40
15.8467,18.9413,0,18.9413,17.06,99.154,1767,7,0,1760,29.9153,29.9153,40
15.88,23.809,0,23.809,17.04,98.9424,2910,9,0,1762,30.0312,30.0312,40
15.9002,10.5934,0,10.5934,17.02,98.7307,1016,0,0,1764,30.0113,30.0113,40
15.9215,11.7377,0,11.7377,17,98.5189,1921,3,0,1766,30.0589,30.0589,40
15.9492,17.3066,0,17.3066,16.98,98.3072,1693,2,0,1767,30.1098,30.1098,40
15.9827,23.4427,0,23.4427,16.96,98.0956,2313,0,0,1770,30.1757,30.1757,40
15.9991,6.20868,0,6.20868,16.94,97.8844,1020,0,0,1771,30.192,30.192,40
16.0314,18.4159,0,18.4159,16.94,97.8844,1793,5,0,1774,30.2159,30.2159,40
16.0482,7.3258,0,7.3258,16.92,97.6734,939,0,0,1775,30.2073,30.2073,40
16.0836,22.5108,0,22.5108,16.92,97.6734,1732,3,0,1778,30.2435,30.2435,40
16.1087,14.9791,0,14.9791,16.9,97.4626,2011,0,0,1780,30.3135,30.3135,40
16.1247,5.70481,0,5.70481,16.88,97.252,1226,6,0,1781,30.3369,30.3369,40
16.166,26.6081,0,26.6081,16.88,97.252,1865,8,0,1784,30.3952,30.3952,40
16.189,13.3739,0,13.3739,16.86,97.0416,1533,1,0,1786,30.4138,30.4138,40
16.2071,8.43824,0,8.43824,16.84,96.8313,1631,0,0,1787,30.4471,30.4471,40
16.2239,4.43541,0,4.43541,16.84,96.8313,883,0,0,1788,30.4334,30.4334,40
16.2377,11.5159,0,11.5159,16.82,96.6211,1151,1,0,1790,30.4665,30.4665,40
16.2488,1.81663,0,1.81663,16.82,96.6211,32,0,0,1790,30.4665,30.4665,40
16.2557,4.40551,0,4.40551,16.8,96.411,32,0,0,1790,30.4665,30.4665,40
16.2892,16.8163,0,16.8163,16.8,96.411,639,4,0,1793,30.4618,30.4618,40
16.3022,10.8434,0,10.8434,16.78,96.2127,634,9,0,1796,30.4516,30.4516,40
16.3304,18.0855,0,18.0855,16.78,96.2127,1483,0,0,1797,30.5019,30.5019,40
16.3618,28.6495,0,28.6495,16.76,96.0289,1935,0,0,1801,30.5664,30.5664,40
16.3675,3.04487,0,3.04487,16.74,95.8456,79,0,0,1802,30.5522,30.5522,40
16.3862,1.56847,0,1.56847,16.74,95.8456,32,0,0,1802,30.5522,30.5522,40
16.4091,20.2932,0,20.2932,16.72,95.6783,1894,0,0,1803,30.6423,30.6423,40
16.415,2.90751,0,2.90751,16.7,95.5254,226,0,0,1804,30.633,30.633,40
16.4508,18.0236,0,18.0236,16.7,95.5254,1389,0,0,1805,30.7025,30.7025,40
16.4744,13.4298,0,13.4298,16.68,95.3724,1404,0,0,1806,30.7237,30.7237,40
16.491,13.8006,0,13.8006,16.66,95.2195,448,0,0,1807,30.7537,30.7537,40
16.5029,4.86007,0,4.86007,16.66,95.2195,503,29,0,1808,30.7638,30.7638,40
16.5262,20.6192,0,20.6192,16.64,95.0665,654,3,0,1810,30.8215,30.8215,40
16.5363,7.57625,0,7.57625,16.62,94.9136,444,0,0,1811,30.8244,30.8244,40
16.562,13.0244,0,13.0244,16.62,94.9136,983,5,0,1812,30.856,30.856,40
16.5761,11.1555,0,11.1555,16.6,94.7607,441,4,0,1814,30.8445,30.8445,40
16.5866,1.56885,0,1.56885,16.6,94.7607,40,0,0,1814,30.8445,30.8445,40
16.5984,9.37573,0,9.37573,16.58,94.6077,761,0,0,1816,30.8563,30.8563,40
16.624,13.9135,0,13.9135,16.58,94.6077,911,1,0,1818,30.9428,30.9428,40
16.6391,12.3573,0,12.3573,16.56,94.4548,784,0,0,1820,30.9604,30.9604,40
16.6719,24.9653,0,24.9653,16.56,94.4548,1283,1,0,1821,31.0456,31.0456,40
16.6927,17.9713,0,17.9713,16.54,94.3018,467,5,0,1822,31.0582,31.0582,40
17.0019,305.923,282.99,22.9328,16.52,94.1489,38858,112,0,1824,31.1393,31.1393,40
17.0438,38.1189,0,38.1189,16.5,93.9959,3784,2,0,1826,31.3242,31.3242,40
17.0561,8.32614,0,8.32614,16.48,93.843,594,0,0,1828,31.3375,31.3375,40
17.0709,2.46011,0,2.46011,16.48,93.843,84,0,0,1829,31.3226,31.3226,40
17.0812,7.88789,0,7.88789,16.46,93.6901,211,0,0,1831,31.2982,31.2982,39.9947
17.0988,4.34755,0,4.34755,16.46,93.6901,114,0,0,1832,31.2849,31.2849,39.9871
17.1099,8.68919,0,8.68919,16.44,93.5371,363,0,0,1833,31.2891,31.2891,39.9833
17.1314,8.95163,0,8.95163,16.44,93.5371,746,0,0,1835,31.3117,31.3117,39.9757
17.1588,24.9388,0,24.9388,16.42,93.3842,1015,8,0,1837,31.3451,31.3451,39.9682
17.1728,11.297,0,11.297,16.4,93.2312,560,0,0,1839,31.3458,31.3458,39.9607
17.1901,8.32552,0,8.32552,16.4,93.2312,474,1,0,1841,31.3346,31.3346,39.9569
17.197,3.57589,0,3.57589,16.38,93.0783,534,5,0,1842,31.3436,31.3436,39.9494
17.2259,12.3269,0,12.3269,16.38,93.0783,390,0,0,1844,31.3324,31.3324,39.9456
17.2602,31.5679,0,31.5679,16.36,92.9254,2746,0,0,1847,31.4472,31.4472,39.9343
17.2666,3.62428,0,3.62428,16.34,92.7724,346,0,0,1848,31.4464,31.4464,39.9268
17.2869,3.72448,0,3.72448,16.34,92.7724,215,0,0,1849,31.4635,31.4635,39.9268
17.3045,14.4524,0,14.4524,16.32,92.6195,527,5,0,1851,31.4679,31.4679,39.9194
17.3303,19.9082,0,19.9082,16.32,92.6195,589,0,0,1854,31.4482,31.4482,39.9044
17.3385,4.88696,0,4.88696,16.3,92.4665,242,0,0,1855,31.4464,31.4464,39.9044
17.3687,14.8527,0,14.8527,16.3,92.4665,423,3,0,1857,31.4459,31.4459,39.8969
17.3878,16,0,16,16.28,92.3136,571,0,0,1861,31.4132,31.4132,39.8783
17.3947,1.96687,0,1.96687,16.28,92.3136,52,0,0,1861,31.4132,31.4132,39.8783
17.4075,8.90591,0,8.90591,16.26,92.1607,623,0,0,1863,31.4321,31.4321,39.8746
17.4296,9.95738,0,9.95738,16.26,92.1607,520,0,0,1865,31.4263,31.4263,39.8635
17.4567,24.2344,0,24.2344,16.24,92.0077,1079,0,0,1866,31.4689,31.4689,39.8635
17.4642,4.34913,0,4.34913,16.22,91.8548,228,0,0,1867,31.4606,31.4606,39.8561
17.484,4.46481,0,4.46481,16.22,91.8548,95,0,0,1868,31.447,31.447,39.8524
17.4923,4.87726,0,4.87726,16.2,91.7018,235,0,0,1869,31.4414,31.4414,39.8487
17.5219,14.2289,0,14.2289,16.2,91.7018,1358,2,0,1871,31.4939,31.4939,39.8413
17.545,19.6008,0,19.6008,16.18,91.5489,1008,3,0,1873,31.5141,31.5141,39.8339
17.5502,2.78308,0,2.78308,16.16,91.396,294,0,0,1874,31.5288,31.5288,39.8339
17.5726,4.11079,0,4.11079,16.16,91.396,424,8,0,1875,31.5392,31.5392,39.8265
17.5844,9.02504,0,9.02504,16.14,91.243,499,0,0,1877,31.5344,31.5344,39.8192
17.6016,5.06745,0,5.06745,16.14,91.243,629,8,0,1878,31.5501,31.5501,39.8155
17.6368,32.1401,0,32.1401,16.12,91.0901,1437,0,0,1880,31.6069,31.6069,39.8081
17.6451,5.34979,0,5.34979,16.1,90.9371,246,0,0,1880,31.6069,31.6069,39.8081
17.7042,43.8387,0,43.8387,16.1,90.9371,2335,0,0,1883,31.7069,31.7069,39.8008
17.7274,20.1957,0,20.1957,16.08,90.7842,1486,4,0,1885,31.7687,31.7687,39.7898
17.7328,2.16203,0,2.16203,16.06,90.6312,116,0,0,1885,31.7687,31.7687,39.7898
17.7615,10.3614,0,10.3614,16.06,90.6312,765,0,0,1886,31.7932,31.7932,39.7861
17.7656,1.21577,0,1.21577,16.04,90.4783,88,0,0,1886,31.7932,31.7932,39.7861
17.7869,1.29377,0,1.29377,16.04,90.4783,88,0,0,1886,31.7932,31.7932,39.7861
17.8141,24.2815,0,24.2815,16.02,90.3254,1320,1,0,1889,31.8105,31.8105,39.7752
17.8264,8.55826,0,8.55826,16,90.1724,1030,0,0,1891,31.8466,31.8466,39.7679
17.8481,10.1142,0,10.1142,16,90.1724,314,1,0,1893,31.8288,31.8288,39.7606
17.8545,2.86297,0,2.86297,15.98,90.0195,199,0,0,1895,31.8016,31.8016,39.7569
17.8791,7.20411,0,7.20411,15.98,90.0195,455,0,0,1897,31.7923,31.7923,39.746
17.8894,6.6084,0,6.6084,15.96,89.8665,158,0,0,1898,31.7787,31.7787,39.746
17.9047,1.51602,0,1.51602,15.96,89.8665,104,0,0,1898,31.7787,31.7787,39.7424
17.9132,5.1335,0,5.1335,15.94,89.7136,292,0,0,1899,31.7757,31.7757,39.7387
17.9444,15.158,0,15.158,15.94,89.7136,1298,1,0,1901,31.8175,31.8175,39.7351
17.9613,13.1211,0,13.1211,15.92,89.5607,368,0,0,1903,31.7982,31.7982,39.7242
17.9893,21.0981,0,21.0981,15.92,89.5607,1898,1,0,1907,31.8579,31.8579,39.7134
18.0034,10.2212,0,10.2212,15.9,89.4077,1093,11,0,1908,31.9099,31.9099,39.7062
18.0417,28.1458,0,28.1458,15.9,89.4077,1504,0,0,1911,31.9435,31.9435,39.6953
18.0547,9.52928,0,9.52928,15.88,89.2548,854,1,0,1913,32.0277,32.0277,39.6917
18.09,24.4947,0,24.4947,15.88,89.2548,1069,0,0,1915,32.0538,32.0538,39.6809
18.1164,23.3073,0,23.3073,15.86,89.1018,1671,1,0,1916,32.1273,32.1273,39.6773
18.1295,9.67399,0,9.67399,15.84,88.9489,982,0,0,1917,32.181,32.181,39.6737
18.1458,5.74892,0,5.74892,15.84,88.9489,643,0,0,1918,32.2226,32.2226,39.6737
18.754,604.478,590.005,14.4725,15.82,88.796,104988,486,0,1920,32.1203,32.1479,39.6666
18.7938,32.0936,0,32.0936,15.8,88.643,2461,3,0,1923,32.2761,32.3037,39.6558
18.8208,18.9769,0,18.9769,15.78,88.4901,1079,6,0,1924,32.2989,32.3264,39.6487
18.8437,15.8802,0,15.8802,15.76,88.3371,2274,24,0,1926,32.3785,32.4071,39.6415
18.8625,10.4608,0,10.4608,15.74,88.1842,1207,1,0,1928,32.4082,32.4367,39.6344
18.9023,29.8113,0,29.8113,15.74,88.1842,2228,3,0,1931,32.4562,32.4847,39.6272
18.9267,16.7241,0,16.7241,15.72,88.0313,1643,5,0,1933,32.4832,32.5116,39.6166
18.9485,14.5722,0,14.5722,15.7,87.8783,667,0,0,1934,32.4752,32.5036,39.6166
18.9586,7.53219,0,7.53219,15.68,87.7254,357,6,0,1935,32.477,32.5054,39.613
18.9869,15.0608,0,15.0608,15.68,87.7254,291,0,0,1936,32.4685,32.4969,39.6059
19.0097,20.6323,0,20.6323,15.66,87.5724,1292,13,0,1939,32.4961,32.5245,39.5953
19.0146,2.12739,0,2.12739,15.64,87.4195,69,0,0,1939,32.4961,32.5245,39.5953
19.0457,13.1116,0,13.1116,15.64,87.4195,678,1,0,1943,32.4735,32.5018,39.5846
19.0514,3.09383,0,3.09383,15.62,87.2665,145,0,0,1943,32.4735,32.5018,39.5811
19.0752,6.13224,0,6.13224,15.62,87.2665,411,0,0,1945,32.4545,32.4828,39.5776
19.0848,7.13881,0,7.13881,15.6,87.1136,195,0,0,1946,32.4486,32.4769,39.5705
19.108,9.80134,0,9.80134,15.6,87.1136,887,1,0,1948,32.4615,32.4897,39.5634
19.1352,24.2358,0,24.2358,15.58,86.9607,1794,19,0,1951,32.5115,32.5397,39.5564
19.1624,24.1778,0,24.1778,15.56,86.8077,1212,1,0,1954,32.5722,32.6003,39.5458
19.1659,1.00434,0,1.00434,15.54,86.6548,33,0,0,1954,32.5722,32.6003,39.5423
19.1988,12.7231,0,12.7231,15.54,86.6548,769,14,0,1955,32.5959,32.624,39.5388
19.2237,21.7673,0,21.7673,15.52,86.5018,1242,0,0,1957,32.6341,32.6622,39.5353
19.2429,16.2958,0,16.2958,15.5,86.3489,760,4,0,1959,32.6723,32.7004,39.5283
19.2667,19.7557,0,19.7557,15.5,86.3489,490,0,0,1961,32.6629,32.691,39.5178
19.3044,34.541,0,34.541,15.48,86.196,2318,1,0,1965,32.7455,32.7735,39.5073
19.3263,18.6259,0,18.6259,15.46,86.043,909,12,0,1966,32.7742,32.8021,39.5003
19.3383,9.40166,0,9.40166,15.44,85.8901,519,0,0,1969,32.7679,32.7958,39.4899
19.37,20.2544,0,20.2544,15.44,85.8901,2279,19,0,1974,32.8343,32.8622,39.4759
19.386,13.0304,0,13.0304,15.42,85.7371,672,2,0,1976,32.8411,32.8689,39.4655
19.4118,18.5874,0,18.5874,15.42,85.7371,1761,9,0,1978,32.913,32.9408,39.4621
19.4191,3.53681,0,3.53681,15.4,85.5842,159,0,0,1979,32.9035,32.9313,39.4551
19.4502,14.2507,0,14.2507,15.4,85.5842,943,0,0,1981,32.9157,32.9435,39.4482
19.4826,29.7562,0,29.7562,15.38,85.4313,2714,11,0,1984,33.0353,33.063,39.4378
19.4937,7.74519,0,7.74519,15.36,85.2783,68,0,0,1984,33.0353,33.063,39.4378
19.5315,25.1322,0,25.1322,15.36,85.2783,442,6,0,1987,33.0086,33.0362,39.4309
19.5571,22.9502,0,22.9502,15.34,85.1254,1664,13,0,1989,33.0613,33.089,39.4241
19.5815,21.7636,0,21.7636,15.32,84.9724,436,0,0,1990,33.0749,33.1025,39.4172
19.5935,9.09972,0,9.09972,15.3,84.8195,482,0,0,1992,33.0728,33.1004,39.4103
19.6138,8.97595,0,8.97595,15.3,84.8195,474,0,0,1992,33.0728,33.1004,39.4103
19.6216,4.82685,0,4.82685,15.28,84.6666,527,1,0,1994,33.0712,33.0988,39.4069
19.6464,8.98953,0,8.98953,15.28,84.6666,605,8,0,1995,33.0847,33.1123,39.4
19.6599,10.8773,0,10.8773,15.26,84.5136,1148,0,0,1998,33.1091,33.1366,39.3897
19.6807,10.9465,0,10.9465,15.26,84.5136,416,0,0,1999,33.1146,33.1421,39.3897
19.7001,16.927,0,16.927,15.24,84.3607,445,3,0,2001,33.1074,33.1349,39.3794
19.7101,6.12246,0,6.12246,15.24,84.3607,641,2,0,2002,33.1329,33.1603,39.376
19.7179,5.21531,0,5.21531,15.22,84.2077,133,0,0,2002,33.1329,33.1603,39.376
19.7487,15.2468,0,15.2468,15.22,84.2077,711,4,0,2004,33.1342,33.1617,39.3726
19.7623,11.2953,0,11.2953,15.2,84.0548,187,0,0,2006,33.1122,33.1396,39.3624
19.7825,10.2345,0,10.2345,15.2,84.0548,405,0,0,2007,33.1281,33.1555,39.359
19.7921,7.26846,0,7.26846,15.18,83.9018,259,0,0,2008,33.1265,33.1539,39.3556
19.8132,7.26511,0,7.26511,15.18,83.9018,72,0,0,2009,33.1125,33.1399,39.3522
19.8514,35.4784,0,35.4784,15.16,83.7489,1024,10,0,2012,33.1491,33.1764,39.3454
19.8743,20.0624,0,20.0624,15.14,83.596,439,4,0,2015,33.1251,33.1524,39.3352
19.8855,8.49236,0,8.49236,15.12,83.443,117,0,0,2017,33.0987,33.1259,39.325
19.9381,40.4228,0,40.4228,15.12,83.443,2551,4,0,2020,33.2292,33.2564,39.3182
19.9602,19.0283,0,19.0283,15.1,83.2901,634,6,0,2023,33.217,33.2442,39.3047
19.9732,9.69711,0,9.69711,15.08,83.1371,697,1,0,2024,33.2396,33.2668,39.3047
19.9886,4.97692,0,4.97692,15.08,83.1371,205,0,0,2026,33.2157,33.2428,39.2946
19.9955,3.36813,0,3.36813,15.06,82.9842,322,0,0,2028,33.1987,33.2258,39.2879
20.0176,5.38974,0,5.38974,15.06,82.9842,168,0,0,2028,33.1987,33.2258,39.2879
20.0357,15.177,0,15.177,15.04,82.8313,560,0,0,2029,33.1878,33.2149,39.2845
20.0752,33.5924,0,33.5924,15.04,82.8313,1528,1,0,2032,33.2643,33.2913,39.2744
20.1051,27.054,0,27.054,15.02,82.6783,893,2,0,2036,33.2525,33.2795,39.261
20.1244,16.3243,0,16.3243,15,82.5254,1495,6,0,2039,33.2771,33.3041,39.2543
20.1302,1.63558,0,1.63558,15,82.5254,102,0,0,2039,33.2771,33.3041,39.251
20.1532,20.322,0,20.322,14.98,82.3724,1032,16,0,2041,33.3224,33.3493,39.2476
20.1757,19.1398,0,19.1398,14.96,82.2195,918,0,0,2044,33.3806,33.4075,39.2376
20.1845,5.9427,0,5.9427,14.94,82.0666,473,0,0,2046,33.3724,33.3993,39.2309
20.2142,14.5771,0,14.5771,14.94,82.0666,366,3,0,2047,33.3757,33.4025,39.2276
20.2346,16.9462,0,16.9462,14.92,81.9136,938,0,0,2048,33.3989,33.4258,39.2209
20.2474,9.08101,0,9.08101,14.92,81.9136,834,2,0,2050,33.4156,33.4424,39.2176
20.2722,21.8131,0,21.8131,14.9,81.7607,735,1,0,2051,33.4408,33.4676,39.2143
20.277,1.76332,0,1.76332,14.88,81.6077,83,0,0,2051,33.4408,33.4676,39.211
20.3211,25.0771,0,25.0771,14.88,81.6077,934,7,0,2053,33.5056,33.5324,39.2076
20.3303,6.26098,0,6.26098,14.86,81.4548,53,0,0,2053,33.5056,33.5324,39.2043
20.3463,2.09749,0,2.09749,14.86,81.4548,96,0,0,2053,33.5056,33.5324,39.2043
20.3757,26.3988,0,26.3988,14.84,81.3019,1635,10,0,2057,33.5265,33.5532,39.1944
20.4004,21.0546,0,21.0546,14.82,81.1489,1697,5,0,2060,33.5864,33.6131,39.1844
20.4192,15.4185,0,15.4185,14.8,80.996,1606,24,0,2062,33.646,33.6726,39.1778
20.4291,4.9902,0,4.9902,14.8,80.996,299,0,0,2063,33.6505,33.6772,39.1712
20.4428,10.9244,0,10.9244,14.78,80.843,200,0,0,2065,33.6266,33.6533,39.1679
20.4768,24.2344,0,24.2344,14.78,80.843,898,0,0,2067,33.6454,33.672,39.158
20.5069,26.88,0,26.88,14.76,80.6901,1067,1,0,2071,33.6437,33.6702,39.1482
20.5155,5.36539,0,5.36539,14.74,80.5371,527,0,0,2072,33.6626,33.6892,39.1416
20.5382,7.38365,0,7.38365,14.74,80.5371,274,2,0,2074,33.6418,33.6683,39.135
20.5486,7.43729,0,7.43729,14.72,80.3842,232,0,0,2075,33.6357,33.6622,39.1318
20.5664,4.02959,0,4.02959,14.72,80.3842,425,6,0,2077,33.6221,33.6485,39.1252
20.5823,12.6494,0,12.6494,14.7,80.2313,933,23,0,2078,33.6521,33.6785,39.1252
20.6307,39.9599,0,39.9599,14.7,80.2313,1746,5,0,2082,33.744,33.7704,39.1121
20.6593,24.8077,0,24.8077,14.68,80.0783,1704,2,0,2085,33.777,33.8034,39.0991
20.6822,19.1414,0,19.1414,14.66,79.9254,148,0,0,2086,33.7646,33.791,39.0958
20.7053,20.127,0,20.127,14.64,79.7724,968,0,0,2087,33.8495,33.8759,39.0958
20.737,28.8714,0,28.8714,14.62,79.6195,1414,5,0,2090,33.901,33.9273,39.0828
20.7542,13.6244,0,13.6244,14.6,79.4666,1142,0,0,2092,33.934,33.9603,39.0763
20.767,6.12369,0,6.12369,14.6,79.4666,530,0,0,2093,33.9408,33.967,39.0731
20.8004,30.4767,0,30.4767,14.58,79.3136,1465,8,0,2095,34.0234,34.0496,39.0698
20.807,3.24509,0,3.24509,14.56,79.1607,211,0,0,2096,34.0115,34.0377,39.0633
20.8273,3.19844,0,3.19844,14.56,79.1607,191,0,0,2097,33.9995,34.0258,39.0601
20.8398,9.39416,0,9.39416,14.54,79.0077,84,0,0,2098,33.9847,34.011,39.0568
20.8577,6.08104,0,6.08104,14.54,79.0077,560,0,0,2099,33.9886,34.0148,39.0536
20.8775,16.4712,0,16.4712,14.52,78.8548,358,0,0,2101,33.9881,34.0143,39.0504
20.9052,23.5934,0,23.5934,14.52,78.8548,1495,3,0,2103,34.0685,34.0946,39.0407
20.9215,12.4904,0,12.4904,14.5,78.7019,440,0,0,2105,34.0565,34.0827,39.0375
20.9515,21.7796,0,21.7796,14.5,78.7019,688,0,0,2108,34.0508,34.0769,39.0278
20.9789,23.5936,0,23.5936,14.48,78.5489,1440,2,0,2111,34.1355,34.1615,39.0181
20.9878,5.10269,0,5.10269,14.46,78.396,505,0,0,2112,34.1449,34.1709,39.0117
21.0301,27.1809,0,27.1809,14.46,78.396,1473,0,0,2115,34.1943,34.2203,39.0053
21.0417,8.10281,0,8.10281,14.44,78.243,360,0,0,2117,34.1819,34.2078,38.9957
21.0567,2.38249,0,2.38249,14.44,78.243,240,1,0,2118,34.1747,34.2007,38.9957
21.0676,7.86896,0,7.86896,14.42,78.0901,746,1,0,2119,34.1977,34.2237,38.9893
21.0921,12.0553,0,12.0553,14.42,78.0901,903,0,0,2120,34.2316,34.2575,38.9861
21.0966,1.03975,0,1.03975,14.4,77.9372,64,0,0,2120,34.2316,34.2575,38.9861
21.1255,9.25947,0,9.25947,14.4,77.9372,737,0,0,2122,34.2451,34.271,38.9797
21.1296,1.15049,0,1.15049,14.38,77.7842,60,0,0,2122,34.2451,34.271,38.9797
21.1671,17.4022,0,17.4022,14.38,77.7842,706,0,0,2124,34.2467,34.2726,38.9733
21.1905,20.3819,0,20.3819,14.36,77.6313,858,0,0,2126,34.2531,34.2789,38.9701
21.1982,4.86644,0,4.86644,14.34,77.4783,202,0,0,2127,34.2449,34.2708,38.9637
21.2182,4.0127,0,4.0127,14.34,77.4783,70,0,0,2128,34.2293,34.2552,38.9637
21.2587,37.0104,0,37.0104,14.32,77.3254,3696,39,0,2131,34.3862,34.412,38.9542
21.2631,0.988898,0,0.988898,14.3,77.1724,60,0,0,2131,34.3862,34.412,38.951
21.3097,26.7941,0,26.7941,14.3,77.1724,1767,0,0,2133,34.4519,34.4777,38.9478
21.3431,29.745,0,29.745,14.28,77.0195,1806,0,0,2135,34.5616,34.5874,38.9415
21.3741,27.2836,0,27.2836,14.26,76.8666,1144,0,0,2138,34.5688,34.5945,38.932
21.3911,13.5933,0,13.5933,14.24,76.7136,922,2,0,2141,34.6217,34.6474,38.9225
21.4023,5.05457,0,5.05457,14.24,76.7136,724,1,0,2143,34.6416,34.6673,38.913
21.4235,17.8888,0,17.8888,14.22,76.5607,1320,0,0,2145,34.6811,34.7068,38.9098
21.4564,29.1316,0,29.1316,14.2,76.4077,2519,1,0,2147,34.7816,34.8072,38.9035
21.4677,7.40577,0,7.40577,14.18,76.2548,222,1,0,2149,34.7576,34.7832,38.8972
21.4941,13.0201,0,13.0201,14.18,76.2548,1209,5,0,2150,34.7995,34.8251,38.8909
21.5162,18.5108,0,18.5108,14.16,76.1019,1072,0,0,2153,34.8017,34.8272,38.8846
21.5357,15.7503,0,15.7503,14.14,75.9489,1659,0,0,2155,34.8677,34.8933,38.8752
21.5482,8.28286,0,8.28286,14.14,75.9489,442,1,0,2156,34.8692,34.8947,38.8721
21.5767,24.878,0,24.878,14.12,75.796,524,3,0,2158,34.8577,34.8832,38.8658
21.5821,2.01473,0,2.01473,14.1,75.643,84,0,0,2158,34.8577,34.8832,38.8658
21.612,11.6683,0,11.6683,14.1,75.643,548,0,0,2160,34.8514,34.8769,38.8595
21.6368,21.5846,0,21.5846,14.08,75.4901,1437,0,0,2162,34.8978,34.9232,38.8533
21.6546,14.92,0,14.92,14.06,75.3372,403,0,0,2164,34.9071,34.9325,38.847
21.6743,13.1871,0,13.1871,14.06,75.3372,146,0,0,2165,34.8933,34.9187,38.847
21.6857,8.11064,0,8.11064,14.04,75.1842,542,0,0,2167,34.8851,34.9105,38.8377
21.7249,26.9794,0,26.9794,14.04,75.1842,1237,0,0,2170,34.9475,34.9728,38.8283
21.7396,10.7833,0,10.7833,14.02,75.0313,268,0,0,2172,34.9259,34.9512,38.8221
21.7543,5.25756,0,5.25756,14.02,75.0313,600,3,0,2173,34.9406,34.9659,38.819
21.763,5.17039,0,5.17039,14,74.8783,184,1,0,2174,34.931,34.9563,38.8159
21.8102,31.2854,0,31.2854,14,74.8783,2194,7,0,2178,34.9949,35.0202,38.8066
22.2663,451.786,449.407,2.37948,13.98,74.7254,77120,144,0,2178,34.7686,34.8324,38.8035
22.2772,6.99148,0,6.99148,13.96,74.5725,430,0,0,2180,34.7537,34.8174,38.7973
22.3011,10.7292,0,10.7292,13.96,74.5725,367,2,0,2181,34.751,34.8148,38.7942
22.3105,5.60605,0,5.60605,13.94,74.4195,486,0,0,2182,34.7585,34.8222,38.7911
22.3461,21.3842,0,21.3842,13.94,74.4195,438,3,0,2183,34.7829,34.8465,38.788
22.352,2.14091,0,2.14091,13.92,74.2666,187,0,0,2183,34.7829,34.8465,38.788
22.3818,11.1498,0,11.1498,13.92,74.2666,629,0,0,2185,34.784,34.8476,38.7849
22.4116,26.8048,0,26.8048,13.9,74.1136,1484,0,0,2188,34.8483,34.9118,38.7756
22.417,1.6855,0,1.6855,13.88,73.9607,84,0,0,2188,34.8483,34.9118,38.7726
22.4378,1.83126,0,1.83126,13.88,73.9607,84,0,0,2188,34.8483,34.9118,38.7726
22.4588,17.9532,0,17.9532,13.86,73.8078,463,0,0,2189,34.8524,34.9159,38.7695
22.4745,12.3458,0,12.3458,13.84,73.6548,1266,7,0,2190,34.9247,34.9881,38.7664
22.5115,28.2361,0,28.2361,13.84,73.6548,2227,0,0,2193,34.9813,35.0447,38.7602
22.5278,12.5866,0,12.5866,13.82,73.5019,1033,0,0,2195,35.0141,35.0774,38.7541
22.5528,16.9284,0,16.9284,13.82,73.5019,988,0,0,2198,35.0096,35.0728,38.7418
22.5656,8.83792,0,8.83792,13.8,73.3489,546,0,0,2200,35.0027,35.0659,38.7357
22.5841,6.27119,0,6.27119,13.8,73.3489,401,0,0,2202,34.9918,35.055,38.7326
22.6008,12.892,0,12.892,13.78,73.196,797,0,0,2203,35.0232,35.0862,38.7265
22.619,9.86493,0,9.86493,13.78,73.196,598,0,0,2204,35.0445,35.1075,38.7265
22.6609,38.3213,0,38.3213,13.76,73.043,1703,0,0,2207,35.0902,35.1531,38.7173
22.6761,11.171,0,11.171,13.74,72.8901,864,0,0,2208,35.1082,35.1712,38.7143
22.6867,1.51769,0,1.51769,13.74,72.8901,123,0,0,2208,35.1082,35.1712,38.7112
22.6921,2.04368,0,2.04368,13.72,72.7372,215,0,0,2208,35.1082,35.1712,38.7112
22.7129,1.86053,0,1.86053,13.72,72.7372,116,0,0,2208,35.1082,35.1712,38.7112
22.7344,17.8624,0,17.8624,13.7,72.5842,1351,2,0,2211,35.1275,35.1904,38.7051
22.7391,0.83542,0,0.83542,13.68,72.4313,116,0,0,2211,35.1275,35.1904,38.7021
22.7884,29.9385,0,29.9385,13.68,72.4313,1244,2,0,2215,35.14,35.2027,38.6929
22.8251,33.0132,0,33.0132,13.66,72.2783,1148,0,0,2217,35.1795,35.2422,38.6838
22.8319,2.75235,0,2.75235,13.64,72.1254,335,0,0,2218,35.1754,35.2381,38.6808
22.855,5.18783,0,5.18783,13.64,72.1254,166,1,0,2219,35.1613,35.224,38.6778
22.8674,9.16914,0,9.16914,13.62,71.9725,922,0,0,2221,35.1751,35.2377,38.6747
22.8918,12.1943,0,12.1943,13.62,71.9725,889,0,0,2223,35.1898,35.2524,38.6687
22.9013,5.45367,0,5.45367,13.6,71.8195,221,0,0,2224,35.1794,35.2419,38.6626
22.9292,13.1644,0,13.1644,13.6,71.8195,1860,11,0,2226,35.2403,35.3028,38.6596
22.9427,9.06248,0,9.06248,13.58,71.6666,360,0,0,2227,35.2402,35.3026,38.6566
22.9616,7.85212,0,7.85212,13.58,71.6666,712,0,0,2228,35.2558,35.3182,38.6505
22.9845,18.5061,0,18.5061,13.56,71.5136,1215,0,0,2231,35.264,35.3263,38.6445
22.9955,7.64201,0,7.64201,13.54,71.3607,761,2,0,2232,35.2823,35.3445,38.6415
23.0185,9.23124,0,9.23124,13.54,71.3607,401,0,0,2234,35.2614,35.3236,38.6324
23.0321,10.0936,0,10.0936,13.52,71.2078,936,0,0,2236,35.2777,35.3399,38.6294
23.0565,13.1542,0,13.1542,13.52,71.2078,770,0,0,2239,35.2671,35.3292,38.6204
23.0739,14.3376,0,14.3376,13.5,71.0548,602,2,0,2242,35.2475,35.3095,38.6084
23.0889,7.9933,0,7.9933,13.5,71.0548,128,0,0,2243,35.2332,35.2951,38.6084
23.0957,3.0911,0,3.0911,13.48,70.9019,238,0,0,2244,35.221,35.283,38.6024
23.1248,11.1096,0,11.1096,13.48,70.9019,1219,10,0,2247,35.2234,35.2853,38.5934
23.1328,3.42568,0,3.42568,13.46,70.7489,127,0,0,2247,35.2234,35.2853,38.5934
23.1542,4.92657,0,4.92657,13.46,70.7489,351,0,0,2248,35.222,35.2838,38.5904
23.1597,1.59374,0,1.59374,13.44,70.596,111,0,0,2248,35.222,35.2838,38.5904
23.2077,28.2974,0,28.2974,13.44,70.596,2242,0,0,2250,35.3142,35.376,38.5845
23.2187,6.94442,0,6.94442,13.42,70.4431,487,0,0,2251,35.3474,35.4092,38.5815
23.2596,27.0391,0,27.0391,13.42,70.4431,1843,3,0,2254,35.3922,35.4539,38.5755
23.2873,23.4235,0,23.4235,13.4,70.2901,2150,5,0,2258,35.4221,35.4836,38.5636
23.299,7.05299,0,7.05299,13.38,70.1372,136,0,0,2259,35.4077,35.4692,38.5577
23.3149,2.77783,0,2.77783,13.38,70.1372,121,0,0,2260,35.3925,35.454,38.5547
23.3499,31.0691,0,31.0691,13.36,69.9842,1000,4,0,2263,35.4008,35.4622,38.5458
23.3571,2.56571,0,2.56571,13.34,69.8313,421,7,0,2264,35.4024,35.4638,38.5428
23.3817,6.42701,0,6.42701,13.34,69.8313,287,0,0,2265,35.3951,35.4565,38.5399
23.4052,19.6315,0,19.6315,13.32,69.6783,1570,5,0,2267,35.4839,35.5452,38.5339
23.4245,15.1973,0,15.1973,13.3,69.5254,1087,0,0,2269,35.4954,35.5566,38.531
23.4524,22.7001,0,22.7001,13.3,69.5254,2020,0,0,2272,35.5423,35.6034,38.5221
23.491,34.9413,0,34.9413,13.28,69.3725,1587,7,0,2274,35.6108,35.6719,38.5162
23.5114,16.1414,0,16.1414,13.26,69.2195,415,0,0,2276,35.5962,35.6573,38.5074
23.5819,66.7517,0,66.7517,13.24,69.0666,4432,1,0,2281,35.7545,35.8154,38.4956
23.63,43.4886,0,43.4886,13.22,68.9136,2897,5,0,2283,35.9093,35.9702,38.4868
23.6363,1.89244,0,1.89244,13.2,68.7607,130,0,0,2283,35.9093,35.9702,38.4868
23.6905,36.2342,0,36.2342,13.2,68.7607,1405,1,0,2286,35.9615,36.0223,38.478
23.7062,11.4613,0,11.4613,13.18,68.6078,1016,1,0,2288,35.9781,36.0389,38.4721
23.7244,9.57827,0,9.57827,13.18,68.6078,931,0,0,2289,35.9978,36.0585,38.4692
23.7352,6.43138,0,6.43138,13.16,68.4548,160,0,0,2289,35.9978,36.0585,38.4692
23.7735,24.4162,0,24.4162,13.16,68.4548,1208,0,0,2292,36.0227,36.0833,38.4633
23.7787,1.1457,0,1.1457,13.14,68.3019,143,0,0,2292,36.0227,36.0833,38.4604
23.8272,29.319,0,29.319,13.14,68.3019,1087,1,0,2294,36.0514,36.112,38.4546
23.8491,17.2331,0,17.2331,13.12,68.1489,1810,1,0,2297,36.0906,36.1511,38.4487
23.8793,25.5533,0,25.5533,13.1,67.996,1835,18,0,2299,36.1366,36.197,38.4429
23.8951,12.09,0,12.09,13.08,67.8431,912,0,0,2301,36.1469,36.2073,38.4342
23.9063,1.84849,0,1.84849,13.08,67.8431,242,0,0,2302,36.1351,36.1955,38.4313
23.9113,0.856864,0,0.856864,13.06,67.6901,152,0,0,2302,36.1351,36.1955,38.4313
23.972,40.5881,0,40.5881,13.06,67.6901,1996,1,0,2304,36.2109,36.2713,38.4284
23.9784,1.77075,0,1.77075,13.04,67.5372,155,0,0,2304,36.2109,36.2713,38.4254
24.025,28.0394,0,28.0394,13.04,67.5372,1037,2,0,2306,36.2333,36.2936,38.4196
24.0358,6.02476,0,6.02476,13.02,67.3842,724,0,0,2307,36.244,36.3043,38.4167
24.0771,27.3544,0,27.3544,13.02,67.3842,1322,0,0,2310,36.2545,36.3147,38.408
24.0914,10.0862,0,10.0862,13,67.2313,1335,1,0,2312,36.2967,36.3568,38.4052
24.1413,39.2591,0,39.2591,13,67.2313,1937,8,0,2315,36.3473,36.4073,38.3965
24.1705,24.8796,0,24.8796,12.98,67.0784,438,0,0,2318,36.3136,36.3736,38.3878
24.1869,12.17,0,12.17,12.96,66.9254,652,0,0,2319,36.3165,36.3765,38.382
24.2244,28.7405,0,28.7405,12.96,66.9254,1154,0,0,2322,36.332,36.3919,38.3763
24.2487,19.6501,0,19.6501,12.94,66.7725,675,0,0,2324,36.3266,36.3864,38.3676
24.2795,25.9012,0,25.9012,12.92,66.6195,908,0,0,2326,36.3319,36.3917,38.3619
24.3084,24.2889,0,24.2889,12.9,66.4666,1801,4,0,2330,36.3708,36.4305,38.3533
24.3347,21.9856,0,21.9856,12.88,66.3136,1889,1,0,2332,36.4421,36.5017,38.3475
24.3621,22.5304,0,22.5304,12.86,66.1607,915,1,0,2334,36.4717,36.5313,38.3418
24.3783,11.6757,0,11.6757,12.84,66.0078,644,0,0,2335,36.4805,36.54,38.3361
24.3896,2.41351,0,2.41351,12.84,66.0078,363,0,0,2336,36.4765,36.536,38.3332
24.4157,21.1992,0,21.1992,12.82,65.8548,1356,0,0,2338,36.5107,36.5701,38.3275
24.4502,28.8094,0,28.8094,12.8,65.7019,1429,0,0,2340,36.5462,36.6056,38.3247
24.4598,3.42718,0,3.42718,12.78,65.5489,400,0,0,2342,36.526,36.5854,38.319
24.4842,8.00769,0,8.00769,12.78,65.5489,399,0,0,2344,36.5107,36.57,38.3104
25.9878,1498.94,1473.41,25.5243,12.76,65.396,244183,1402,0,2347,35.1163,35.3656,38.3047
26.0086,13.7326,0,13.7326,12.74,76.6151,1784,13,0,2349,35.1673,35.4163,38.299
26.0436,27.9502,0,27.9502,12.72,76.3915,2248,0,0,2351,35.2373,35.4862,38.2905
26.0512,0.745973,0,0.745973,12.7,76.1659,409,0,0,2351,35.2373,35.4862,38.2905
26.0949,23.9564,0,23.9564,12.7,76.1659,1682,7,0,2353,35.2809,35.5295,38.2877
26.1246,25.7258,0,25.7258,12.68,75.9384,1603,0,0,2355,35.3274,35.5758,38.282
26.1303,2.24802,0,2.24802,12.66,75.7087,141,0,0,2356,35.3166,35.5649,38.2763
26.1753,25.9026,0,25.9026,12.66,75.7087,1883,5,0,2359,35.3633,35.6113,38.2679
26.1861,6.74657,0,6.74657,12.64,75.4771,1058,14,0,2361,35.3761,35.6239,38.265
26.2076,7.99542,0,7.99542,12.64,75.4771,1020,0,0,2364,35.3777,35.6252,38.2566
26.2127,1.50098,0,1.50098,12.62,75.2433,105,0,0,2364,35.3777,35.6252,38.2537
26.2517,19.6283,0,19.6283,12.62,75.2433,1552,11,0,2366,35.4163,35.6636,38.2509
26.2874,32.411,0,32.411,12.6,75.0075,527,4,0,2369,35.3964,35.6433,38.2425
26.3382,46.5215,0,46.5215,12.58,74.7696,1862,10,0,2372,35.4473,35.6939,38.234
26.3457,2.5623,0,2.5623,12.56,74.5296,167,0,0,2372,35.4473,35.6939,38.2312
26.3748,11.4902,0,11.4902,12.56,74.5296,489,6,0,2374,35.444,35.6904,38.2284
26.4172,38.4244,0,38.4244,12.54,74.2875,2159,21,0,2378,35.4903,35.7363,38.2144
26.4337,12.0157,0,12.0157,12.52,74.0433,1127,0,0,2380,35.5101,35.7559,38.2116
26.4535,11.5364,0,11.5364,12.52,74.0433,116,0,0,2380,35.5101,35.7559,38.2088
26.4625,5.86203,0,5.86203,12.5,73.7969,208,0,0,2381,35.4998,35.7455,38.206
26.4817,4.27521,0,4.27521,12.5,73.7969,456,2,0,2382,35.5013,35.7469,38.2032
26.498,12.202,0,12.202,12.48,73.5484,380,6,0,2384,35.4849,35.7303,38.2004
26.5239,17.3166,0,17.3166,12.48,73.5484,438,0,0,2387,35.4625,35.7076,38.192
26.5632,35.0128,0,35.0128,12.46,73.2976,833,7,0,2391,35.4513,35.6959,38.1809
26.5786,10.1023,0,10.1023,12.44,73.0447,356,1,0,2394,35.4173,35.6617,38.1725
26.599,11.645,0,11.645,12.44,73.0447,1212,0,0,2395,35.448,35.6923,38.167
26.6188,15.615,0,15.615,12.42,72.7895,838,0,0,2397,35.4739,35.718,38.1614
26.6294,6.48124,0,6.48124,12.4,72.5321,946,0,0,2398,35.4967,35.7406,38.1587
26.6464,2.52208,0,2.52208,12.4,72.5321,136,0,0,2398,35.4967,35.7406,38.1587
26.6769,27.0811,0,27.0811,12.38,72.2725,1109,5,0,2400,35.5329,35.7767,38.1559
26.6863,2.2092,0,2.2092,12.36,72.0106,128,0,0,2400,35.5329,35.7767,38.1531
26.7112,8.30033,0,8.30033,12.36,72.0106,840,4,0,2403,35.5235,35.767,38.1476
26.7216,6.4959,0,6.4959,12.34,71.7466,467,0,0,2404,35.5158,35.7592,38.1448
26.7382,2.21046,0,2.21046,12.34,71.7466,132,0,0,2404,35.5158,35.7592,38.142
26.7632,20.9837,0,20.9837,12.32,71.4802,777,0,0,2405,35.5347,35.778,38.1393
26.7856,18.5816,0,18.5816,12.3,71.2116,948,0,0,2406,35.564,35.8071,38.1393
26.7995,9.50308,0,9.50308,12.28,70.9407,357,0,0,2407,35.5563,35.7993,38.1337
26.8182,8.60476,0,8.60476,12.28,70.9407,249,0,0,2408,35.5486,35.7915,38.131
26.8614,39.3327,0,39.3327,12.26,70.6674,1813,5,0,2413,35.5939,35.8363,38.12
26.8787,13.1991,0,13.1991,12.24,70.3919,972,4,0,2414,35.6193,35.8616,38.1172
26.9206,35.568,0,35.568,12.24,70.3919,1657,0,0,2418,35.629,35.871,38.1035
26.9271,1.15211,0,1.15211,12.22,70.114,156,0,0,2418,35.629,35.871,38.1035
26.9744,28.87,0,28.87,12.22,70.114,2001,0,0,2421,35.6724,35.9141,38.098
27.0022,22.9697,0,22.9697,12.2,69.8338,395,0,0,2423,35.6529,35.8943,38.0925
27.0082,1.21745,0,1.21745,12.18,69.5512,168,0,0,2423,35.6529,35.8943,38.0897
27.0489,21.6397,0,21.6397,12.18,69.5512,1342,6,0,2426,35.6748,35.9159,38.0843
27.0818,28.8386,0,28.8386,12.16,69.2663,2841,22,0,2429,35.7583,35.9992,38.0733
27.0919,5.27556,0,5.27556,12.14,68.9796,540,2,0,2430,35.7597,36.0004,38.0706
27.137,28.5257,0,28.5257,12.14,68.9796,1582,19,0,2431,35.8087,36.0494,38.0678
27.1573,13.7321,0,13.7321,12.12,68.6922,487,0,0,2434,35.7773,36.0177,38.0624
27.1658,2.29078,0,2.29078,12.12,68.6922,208,0,0,2434,35.7773,36.0177,38.0597
27.1795,9.44775,0,9.44775,12.1,68.404,290,0,0,2435,35.7663,36.0066,38.0569
27.2117,18.4459,0,18.4459,12.1,68.404,712,2,0,2437,35.7731,36.0131,38.0542
27.2232,6.94612,0,6.94612,12.08,68.1151,596,16,0,2438,35.7744,36.0144,38.0488
27.2615,24.4112,0,24.4112,12.08,68.1151,514,1,0,2440,35.7656,36.0053,38.0433
27.3022,35.4662,0,35.4662,12.06,67.8255,1513,1,0,2442,35.8485,36.088,38.0406
28.5003,1193.15,1186.39,6.75791,12.04,67.535,202326,1507,0,2444,35.099,35.412,38.0325
28.5195,14.504,0,14.504,12.02,72.7184,1406,0,0,2445,35.1456,35.4585,38.0298
28.5373,12.2956,0,12.2956,12.02,72.7184,699,0,0,2447,35.1492,35.4618,38.0243
28.5624,20.4138,0,20.4138,12,72.4372,347,0,0,2448,35.1458,35.4583,38.0216
28.574,8.51306,0,8.51306,11.98,72.1578,314,0,0,2449,35.1401,35.4524,38.0189
28.5883,1.96304,0,1.96304,11.98,72.1578,104,0,0,2449,35.1401,35.4524,38.0189
28.6113,19.6876,0,19.6876,11.96,71.8801,1009,5,0,2452,35.1374,35.4494,38.0108
28.6313,14.237,0,14.237,11.94,71.6041,732,11,0,2454,35.1341,35.4458,38.0081
28.6491,12.2734,0,12.2734,11.92,71.3298,694,15,0,2455,35.1466,35.4582,38.0027
28.6636,7.36519,0,7.36519,11.92,71.3298,434,0,0,2458,35.1172,35.4284,37.9973
28.6759,9.002,0,9.002,11.9,71.0571,776,24,0,2459,35.133,35.4441,37.9946
28.701,13.3694,0,13.3694,11.9,71.0571,1221,23,0,2461,35.1556,35.4665,37.9865
28.7077,2.13975,0,2.13975,11.88,70.7862,156,0,0,2461,35.1556,35.4665,37.9865
28.7454,20.3482,0,20.3482,11.88,70.7862,718,5,0,2463,35.1677,35.4783,37.9838
28.7579,8.53738,0,8.53738,11.86,70.5169,136,0,0,2463,35.1677,35.4783,37.9811
28.7868,17.2475,0,17.2475,11.86,70.5169,1132,22,0,2465,35.1862,35.4966,37.9785
28.8337,40.1303,0,40.1303,11.84,70.2493,599,4,0,2468,35.1848,35.4947,37.9704
28.8741,35.5794,0,35.5794,11.82,69.9843,2747,0,0,2470,35.2717,35.5814,37.9623
28.8801,1.52086,0,1.52086,11.8,69.7373,125,0,0,2470,35.2717,35.5814,37.9623
28.9004,2.24455,0,2.24455,11.8,69.7373,125,0,0,2470,35.2717,35.5814,37.9623
28.9236,18.9482,0,18.9482,11.78,69.4913,1935,24,0,2472,35.3281,35.6375,37.957
28.9591,31.2947,0,31.2947,11.76,69.2463,1421,0,0,2475,35.3467,35.6558,37.949
28.9649,1.67362,0,1.67362,11.74,69.0025,129,0,0,2475,35.3467,35.6558,37.949
28.9891,5.2964,0,5.2964,11.74,69.0025,309,0,0,2476,35.3393,35.6482,37.9463
29.0029,10.0334,0,10.0334,11.72,68.7595,1201,0,0,2477,35.3755,35.6843,37.9463
29.0379,23.8306,0,23.8306,11.72,68.7595,1021,4,0,2480,35.3863,35.6948,37.9356
29.0573,15.1817,0,15.1817,11.7,68.5175,963,0,0,2482,35.3948,35.7031,37.9303
29.0738,11.7393,0,11.7393,11.7,68.5175,849,0,0,2485,35.3883,35.6962,37.9223
29.089,10.7275,0,10.7275,11.68,68.2763,143,0,0,2485,35.3883,35.6962,37.9223
29.0987,0.493483,0,0.493483,11.68,68.2763,143,0,0,2485,35.3883,35.6962,37.9223
29.1131,10.4565,0,10.4565,11.66,68.036,230,0,0,2486,35.3781,35.6858,37.9196
29.1652,42.2682,0,42.2682,11.66,68.036,1637,9,0,2490,35.3871,35.6944,37.9116
29.1803,11.0086,0,11.0086,11.64,67.7967,1270,16,0,2493,35.3959,35.7028,37.9037
29.2043,15.0404,0,15.0404,11.64,67.7967,1062,2,0,2495,35.4112,35.7178,37.8957
29.225,16.2047,0,16.2047,11.62,67.5582,1993,76,0,2498,35.4536,35.7598,37.8878
29.2504,21.6143,0,21.6143,11.6,67.3205,1110,26,0,2500,35.4676,35.7736,37.8825
29.2768,21.9424,0,21.9424,11.58,58.4824,709,0,0,2501,35.473,35.7789,37.8825
29.2858,4.98979,0,4.98979,11.56,58.2405,556,2,0,2502,35.4744,35.7802,37.8772
29.33,28.6198,0,28.6198,11.56,58.2405,3031,58,0,2506,35.5507,35.8559,37.8693
29.3475,12.5786,0,12.5786,11.54,58.0009,528,0,0,2507,35.5501,35.8552,37.864
29.3711,15.9969,0,15.9969,11.54,58.0009,1152,27,0,2509,35.5695,35.8745,37.8588
29.388,11.9947,0,11.9947,11.52,66.4909,1817,1,0,2510,35.6147,35.9195,37.8561
29.4001,4.26507,0,4.26507,11.52,66.4909,289,0,0,2512,35.5939,35.8985,37.8509
29.409,3.9572,0,3.9572,11.5,52.1799,519,0,0,2513,35.5937,35.8981,37.8482
29.432,6.79015,0,6.79015,11.5,52.1799,817,10,0,2514,35.605,35.9093,37.8456
29.4392,1.89971,0,1.89971,11.48,51.9425,195,0,0,2514,35.605,35.9093,37.8456
29.4739,16.5177,0,16.5177,11.48,51.9425,1342,4,0,2516,35.626,35.93,37.8404
29.496,17.3443,0,17.3443,11.46,54.8016,712,1,0,2518,35.6187,35.9226,37.8351
29.5259,24.8336,0,24.8336,11.44,54.5679,1001,1,0,2521,35.6105,35.9139,37.8299
29.5424,11.5208,0,11.5208,11.42,54.3365,1321,11,0,2523,35.625,35.9283,37.822
29.5526,1.45326,0,1.45326,11.42,54.3365,182,0,0,2523,35.625,35.9283,37.822
29.5765,19.492,0,19.492,11.4,56.396,1030,0,0,2525,35.6352,35.9382,37.8194
29.5893,8.28255,0,8.28255,11.38,56.1707,363,0,0,2526,35.6291,35.9319,37.8142
29.6456,44.2747,0,44.2747,11.38,56.1707,2577,50,0,2528,35.7658,36.0684,37.809
29.6709,20.3087,0,20.3087,11.36,55.9475,2062,15,0,2530,35.8225,36.1249,37.8037
29.6966,21.1242,0,21.1242,11.34,55.7266,1701,2,0,2534,35.8346,36.1365,37.7959
29.7029,1.467,0,1.467,11.32,55.5069,175,0,0,2534,35.8346,36.1365,37.7933
29.7352,14.2302,0,14.2302,11.32,55.5069,1820,25,0,2535,35.8856,36.1874,37.7907
29.7429,2.89909,0,2.89909,11.3,55.2878,185,0,0,2535,35.8856,36.1874,37.7907
29.7708,9.9955,0,9.9955,11.3,55.2878,821,9,0,2537,35.8885,36.19,37.7855
29.7889,14.1703,0,14.1703,11.28,55.0695,881,0,0,2539,35.8901,36.1914,37.7803
29.8167,20.5584,0,20.5584,11.28,55.0695,436,1,0,2540,35.898,36.1992,37.7803
29.8283,7.04603,0,7.04603,11.26,54.8519,617,0,0,2542,35.8883,36.1892,37.7725
29.8769,35.0094,0,35.0094,11.26,54.8519,2580,5,0,2545,35.9395,36.2401,37.7674
30.2556,373.844,354.532,19.3121,11.24,54.6349,70091,395,0,2547,35.7656,36.0495,37.7596
30.2631,3.21686,0,3.21686,11.22,54.4186,361,1,0,2548,35.759,36.0428,37.757
30.2996,19.5707,0,19.5707,11.22,54.4186,2075,5,0,2551,35.7989,36.0823,37.7518
30.3127,6.56319,0,6.56319,11.2,54.203,177,0,0,2551,35.7989,36.0823,37.7493
30.3395,13.7336,0,13.7336,11.2,54.203,357,1,0,2552,35.7919,36.0752,37.7467
30.3827,39.2296,0,39.2296,11.18,53.988,1802,9,0,2556,35.8396,36.1225,37.7389
30.4161,28.2247,0,28.2247,11.16,53.7737,1646,0,0,2557,35.8968,36.1795,37.7364
30.425,3.87252,0,3.87252,11.14,53.5827,227,0,0,2558,35.8847,36.1673,37.7312
30.4462,5.44541,0,5.44541,11.14,53.5827,358,0,0,2560,35.8648,36.1473,37.7261
30.482,31.5142,0,31.5142,11.12,53.4053,1371,7,0,2563,35.8701,36.1522,37.7209
30.4959,9.04498,0,9.04498,11.1,53.2485,471,0,0,2564,35.8693,36.1513,37.7158
30.508,1.70453,0,1.70453,11.1,53.2485,175,0,0,2564,35.8693,36.1513,37.7158
30.5475,35.5619,0,35.5619,11.08,53.0917,3009,7,0,2569,35.9163,36.1977,37.7055
30.574,21.8007,0,21.8007,11.06,52.9349,1527,0,0,2571,35.951,36.2322,37.7004
30.599,20.8182,0,20.8182,11.04,52.7782,953,7,0,2574,35.9448,36.2257,37.6927
30.6412,37.1202,0,37.1202,11.02,52.6214,1453,9,0,2577,35.9856,36.2662,37.6851
30.6662,17.9883,0,17.9883,11,47.1927,1254,0,0,2578,36.0136,36.294,37.68
30.6999,27.8055,0,27.8055,10.98,46.9831,1652,0,0,2580,36.0488,36.3291,37.6749
30.725,19.9884,0,19.9884,10.96,46.7897,629,0,0,2582,36.0395,36.3195,37.6698
30.7545,24.3357,0,24.3357,10.94,46.6143,1408,15,0,2584,36.1026,36.3824,37.6647
30.7663,7.02349,0,7.02349,10.92,46.4403,678,0,0,2585,36.1091,36.3888,37.6621
30.8172,37.2474,0,37.2474,10.92,46.4403,2249,11,0,2588,36.1577,36.437,37.657
30.839,16.7036,0,16.7036,10.9,46.2679,859,0,0,2591,36.1525,36.4315,37.6469
30.8587,15.1827,0,15.1827,10.88,46.0969,658,0,0,2592,36.1582,36.4371,37.6444
30.8822,17.8023,0,17.8023,10.88,46.0969,949,0,0,2595,36.1538,36.4324,37.6368
30.9156,27.9868,0,27.9868,10.86,45.9275,1624,0,0,2598,36.1855,36.4638,37.6292
30.9386,17.8377,0,17.8377,10.84,45.7595,969,0,0,2600,36.1912,36.4692,37.6266
30.9783,35.1117,0,35.1117,10.82,45.593,1841,0,0,2602,36.2314,36.5092,37.6216
30.9923,8.85216,0,8.85216,10.8,45.428,801,0,0,2605,36.2138,36.4914,37.614
31.0168,13.7848,0,13.7848,10.8,45.428,1990,6,0,2607,36.2639,36.5412,37.609
31.0533,31.336,0,31.336,10.78,45.2644,1957,7,0,2609,36.3492,36.6263,37.6039
31.0615,3.18544,0,3.18544,10.76,45.1026,233,0,0,2609,36.3492,36.6263,37.6014
31.0833,4.7376,0,4.7376,10.76,45.1026,221,0,0,2609,36.3492,36.6263,37.6014
31.0952,6.9023,0,6.9023,10.74,44.9421,435,1,0,2610,36.3487,36.6257,37.5989
31.1251,16.7171,0,16.7171,10.74,44.9421,1708,0,0,2612,36.3828,36.6596,37.5939
31.1418,11.5247,0,11.5247,10.72,44.7831,209,0,0,2613,36.3693,36.646,37.5914
31.2118,60.9204,0,60.9204,10.72,44.7831,2160,1,0,2617,36.4616,36.7379,37.5838
31.2247,7.82146,0,7.82146,10.7,44.6254,672,0,0,2619,36.4521,36.7281,37.5763
31.2384,1.44024,0,1.44024,10.7,44.6254,206,0,0,2619,36.4521,36.7281,37.5763
31.2869,44.1979,0,44.1979,10.68,44.4692,3885,37,0,2622,36.5858,36.8616,37.5713
31.3032,10.6612,0,10.6612,10.66,44.3143,220,0,0,2622,36.5858,36.8616,37.5688
31.3331,20.3535,0,20.3535,10.66,44.3143,2413,2,0,2624,36.6307,36.9062,37.5638
31.3591,21.2546,0,21.2546,10.64,44.1607,2625,13,0,2627,36.7046,36.9798,37.5563
31.3757,10.9204,0,10.9204,10.62,44.0086,1782,0,0,2629,36.7326,37.0076,37.5513
31.4334,48.4855,0,48.4855,10.62,44.0086,4191,0,0,2632,36.8628,37.1375,37.5463
31.468,29.3651,0,29.3651,10.6,43.8578,3932,36,0,2635,36.9871,37.2615,37.5389
31.481,7.52561,0,7.52561,10.58,43.7084,668,0,0,2636,36.9875,37.2618,37.5339
31.4967,2.28661,0,2.28661,10.58,43.7084,277,0,0,2636,36.9875,37.2618,37.5339
31.5238,22.5478,0,22.5478,10.56,43.5605,881,2,0,2638,37.0121,37.2862,37.5289
31.5307,1.4217,0,1.4217,10.54,43.4139,276,0,0,2638,37.0121,37.2862,37.5289
31.5564,6.69142,0,6.69142,10.54,43.4139,580,0,0,2639,37.0083,37.2823,37.5264
31.5677,6.56843,0,6.56843,10.52,43.2685,648,2,0,2640,37.0121,37.286,37.524
31.6019,19.5149,0,19.5149,10.52,43.2685,1466,0,0,2642,37.0341,37.3077,37.5215
31.6239,16.9275,0,16.9275,10.5,43.1245,1037,0,0,2643,37.0518,37.3254,37.5165
31.6413,11.3853,0,11.3853,10.48,42.9816,810,0,0,2646,37.0348,37.308,37.5091
31.6699,19.6231,0,19.6231,10.48,42.9816,1578,1,0,2648,37.0593,37.3323,37.5066
31.6811,4.99146,0,4.99146,10.46,42.84,615,0,0,2649,37.0581,37.3311,37.5017
31.7048,8.86338,0,8.86338,10.46,42.84,684,0,0,2650,37.0619,37.3347,37.4992
31.7203,9.58019,0,9.58019,10.44,42.6996,1585,2,0,2653,37.0701,37.3426,37.4918
31.7525,21.7727,0,21.7727,10.44,42.6996,1591,0,0,2655,37.0949,37.3672,37.4893
31.7632,5.33127,0,5.33127,10.42,42.5605,564,0,0,2656,37.0896,37.3618,37.4868
31.7882,9.59876,0,9.59876,10.42,42.5605,569,0,0,2658,37.073,37.345,37.4819
31.8092,16.4474,0,16.4474,10.4,42.4225,672,0,0,2660,37.0609,37.3327,37.4745
31.8162,1.64678,0,1.64678,10.38,42.2858,283,0,0,2660,37.0609,37.3327,37.4745
31.8404,6.33548,0,6.33548,10.38,42.2858,406,0,0,2661,37.0541,37.3258,37.4721
31.8829,36.9271,0,36.9271,10.36,42.1502,2640,8,0,2663,37.1637,37.4352,37.4672
31.8914,2.75428,0,2.75428,10.34,42.015,346,0,0,2663,37.1637,37.4352,37.4672
31.9148,5.56483,0,5.56483,10.34,42.015,812,0,0,2664,37.1693,37.4407,37.4647
32.7204,800.243,790.01,10.2333,10.32,40.5843,151634,1111,0,2666,36.6493,36.9475,37.4622
32.7687,37.9593,0,37.9593,10.3,inf,888,4050,0,2668,35.9213,36.2448,37.4573
32.7873,10.3939,0,10.3939,10.28,48.4436,1238,2,0,2670,35.9303,36.2536,37.4524
32.8024,6.23372,0,6.23372,10.28,48.4436,878,0,0,2672,35.9222,36.2451,37.4451
32.8202,11.0302,0,11.0302,10.26,48.2636,1752,0,0,2675,35.9372,36.2598,37.4402
32.8519,23.0606,0,23.0606,10.26,48.2636,2332,6,0,2677,36.037,36.3594,37.4329
32.8725,12.9567,0,12.9567,10.24,48.0839,774,0,0,2679,36.025,36.3471,37.4304
32.9072,27.3984,0,27.3984,10.24,48.0839,2311,0,0,2680,36.091,36.4131,37.4255
32.9181,2.80326,0,2.80326,10.22,47.9048,519,0,0,2681,36.0828,36.4047,37.4231
32.9602,24.4295,0,24.4295,10.22,47.9048,697,0,0,2683,36.0678,36.3895,37.4207
32.9871,19.4027,0,19.4027,10.2,47.7257,1725,0,0,2685,36.0957,36.4171,37.4158
33.0198,26.2035,0,26.2035,10.18,47.5467,2390,1,0,2688,36.1403,36.4613,37.4085
33.0476,20.5376,0,20.5376,10.16,47.3676,1662,0,0,2690,36.1669,36.4877,37.4012
33.0704,14.3068,0,14.3068,10.14,47.1884,1199,0,0,2691,36.1891,36.5098,37.3988
33.1067,28.1712,0,28.1712,10.12,47.0092,1674,2,0,2694,36.2346,36.5549,37.3939
33.129,13.6308,0,13.6308,10.1,46.8298,2193,2,0,2696,36.293,36.6131,37.3891
33.1389,1.71904,0,1.71904,10.08,46.6502,324,0,0,2696,36.293,36.6131,37.3866
33.1664,9.23963,0,9.23963,10.08,46.6502,1113,0,0,2697,36.3111,36.6311,37.3842
33.1744,1.55204,0,1.55204,10.06,46.4704,300,0,0,2697,36.3111,36.6311,37.3842
33.2061,13.4755,0,13.4755,10.06,46.4704,387,0,0,2699,36.2875,36.6073,37.3818
33.2253,13.1878,0,13.1878,10.04,46.2907,410,0,0,2700,36.2781,36.5978,37.377
33.2419,8.92179,0,8.92179,10.04,46.2907,1072,0,0,2701,36.2932,36.6127,37.377
33.2552,7.20059,0,7.20059,10.02,46.1115,564,0,0,2703,36.2778,36.5971,37.3697
33.2865,17.4084,0,17.4084,10.02,46.1115,1056,0,0,2705,36.2806,36.5996,37.3649
33.3145,22.185,0,22.185,10,45.9332,416,0,0,2707,36.2582,36.577,37.3601
33.3253,5.45281,0,5.45281,9.98,45.7557,531,0,0,2709,36.2414,36.56,37.3552
33.3435,2.57021,0,2.57021,9.98,45.7557,309,0,0,2709,36.2414,36.56,37.3552
33.3522,3.37815,0,3.37815,9.96,45.5792,554,0,0,2710,36.2391,36.5576,37.3552
33.3792,9.15722,0,9.15722,9.96,45.5792,763,0,0,2713,36.2197,36.5378,37.348
33.3937,9.10465,0,9.10465,9.94,45.4034,1372,0,0,2714,36.2483,36.5663,37.3432
33.4348,29.009,0,29.009,9.94,45.4034,768,0,0,2717,36.2282,36.5458,37.3384
33.4756,34.6316,0,34.6316,9.92,45.2283,2238,0,0,2720,36.2687,36.586,37.3288
33.4888,5.81239,0,5.81239,9.9,45.054,1252,9,0,2721,36.2929,36.6101,37.3264
33.5436,39.8404,0,39.8404,9.9,45.054,2574,0,0,2724,36.3421,36.659,37.3216
33.562,12.5207,0,12.5207,9.88,44.8804,500,0,0,2726,36.325,36.6416,37.3144
33.5722,1.64597,0,1.64597,9.88,44.8804,240,0,0,2726,36.325,36.6416,37.3144
33.5897,12.2564,0,12.2564,9.86,44.7074,810,0,0,2727,36.3333,36.6498,37.312
33.6367,38.0084,0,38.0084,9.86,44.7074,1848,0,0,2730,36.3663,36.6824,37.3049
33.6469,4.34631,0,4.34631,9.84,44.5532,506,0,0,2731,36.3599,36.6759,37.3025
33.667,3.9296,0,3.9296,9.84,44.5532,510,0,0,2732,36.3561,36.672,37.3001
33.676,3.80676,0,3.80676,9.82,44.4111,337,0,0,2733,36.3461,36.6619,37.3001
33.696,2.42275,0,2.42275,9.82,44.4111,248,0,0,2733,36.3461,36.6619,37.2977
33.7057,4.45845,0,4.45845,9.8,44.2698,310,0,0,2734,36.3354,36.6511,37.2953
33.7253,2.65212,0,2.65212,9.8,44.2698,302,0,0,2734,36.3354,36.6511,37.2953
33.7514,20.4505,0,20.4505,9.78,44.1289,1948,0,0,2736,36.3721,36.6875,37.2906
33.7853,27.9224,0,27.9224,9.76,43.9887,1395,0,0,2740,36.3646,36.6796,37.2834
33.796,4.78392,0,4.78392,9.74,43.849,1066,0,0,2741,36.3812,36.6961,37.2811
33.8296,18.3407,0,18.3407,9.74,43.849,2339,0,0,2743,36.4437,36.7583,37.2739
33.8543,18.9814,0,18.9814,9.72,43.7098,1523,4,0,2747,36.4387,36.7528,37.2644
33.9027,42.4478,0,42.4478,9.7,43.6127,1962,0,0,2750,36.4724,36.7862,37.2597
33.9287,20.1367,0,20.1367,9.68,43.5161,1719,5,0,2752,36.5047,36.8183,37.2526
33.9364,1.70934,0,1.70934,9.66,43.4194,240,0,0,2752,36.5047,36.8183,37.2526
33.9658,10.214,0,10.214,9.66,43.4194,778,0,0,2754,36.5015,36.8148,37.2502
33.9731,2.06038,0,2.06038,9.64,43.3228,245,0,0,2754,36.5015,36.8148,37.2479
33.9944,1.66117,0,1.66117,9.64,43.3228,240,0,0,2754,36.5015,36.8148,37.2479
34.0058,6.32615,0,6.32615,9.62,43.2262,581,0,0,2755,36.5013,36.8145,37.2479
34.0261,5.20131,0,5.20131,9.62,43.2262,1002,0,0,2756,36.5192,36.8324,37.2455
34.0347,3.61833,0,3.61833,9.6,43.1295,488,0,0,2757,36.5161,36.8292,37.2408
34.0851,32.2025,0,32.2025,9.6,43.1295,1643,1,0,2762,36.5022,36.8146,37.2313
34.1197,28.765,0,28.765,9.58,43.0329,650,0,0,2766,36.4664,36.7784,37.2219
34.1343,8.9601,0,8.9601,9.56,42.9363,1146,0,0,2768,36.4729,36.7847,37.2172
34.1553,10.3025,0,10.3025,9.56,42.9363,930,0,0,2769,36.489,36.8007,37.2125
34.1927,31.5782,0,31.5782,9.54,42.8396,1715,0,0,2771,36.5189,36.8304,37.2078
34.2226,22.1815,0,22.1815,9.52,42.743,2131,1,0,2774,36.5526,36.8637,37.2008
34.2363,5.74842,0,5.74842,9.5,42.6464,315,0,0,2774,36.5526,36.8637,37.2008
34.2645,13.8593,0,13.8593,9.5,42.6464,2097,17,0,2775,36.622,36.933,37.2008
34.2991,28.3907,0,28.3907,9.48,42.5498,1714,0,0,2777,36.6817,36.9924,37.1938
34.3304,23.278,0,23.278,9.46,42.4531,2756,0,0,2780,36.7543,37.0647,37.1891
34.3585,21.2141,0,21.2141,9.44,42.3565,926,0,0,2782,36.7559,37.0661,37.1821
34.3923,26.3634,0,26.3634,9.42,42.2599,3908,0,0,2786,36.855,37.1648,37.1751
34.4332,32.7881,0,32.7881,9.4,42.1632,851,0,0,2789,36.8383,37.1477,37.1681
34.4458,5.16723,0,5.16723,9.38,42.0666,528,0,0,2790,36.8351,37.1444,37.1634
34.503,41.8782,0,41.8782,9.38,42.0666,1508,1,0,2793,36.8761,37.1851,37.1588
34.5276,17.3383,0,17.3383,9.36,41.97,1184,0,0,2795,36.8862,37.195,37.1541
34.5438,7.70646,0,7.70646,9.34,41.8733,942,1,0,2797,36.8863,37.1949,37.1495
34.5675,11.3916,0,11.3916,9.34,41.8733,329,0,0,2799,36.8675,37.1758,37.1425
34.6175,43.6672,0,43.6672,9.32,41.7767,2855,0,0,2801,36.9514,37.2596,37.1402
34.6456,21.784,0,21.784,9.3,41.6801,1668,17,0,2802,36.9932,37.3012,37.1356
36.0059,1351.92,1336.79,15.1296,9.28,41.5834,302421,839,0,2804,36.5892,36.9126,37.1309
36.0294,16.4249,0,16.4249,9.26,41.4868,1274,0,0,2805,36.6203,36.9437,37.1309
36.0479,11.2081,0,11.2081,9.24,41.3902,1198,0,0,2806,36.6475,36.9708,37.1263
36.0671,11.1565,0,11.1565,9.24,41.3902,680,0,0,2809,36.6262,36.9491,37.1194
36.0906,16.5178,0,16.5178,9.22,41.2935,1532,0,0,2812,36.6358,36.9584,37.1147
36.1337,35.4167,0,35.4167,9.2,41.1969,2080,0,0,2814,36.6827,37.005,37.1078
36.1493,8.66551,0,8.66551,9.18,41.1003,610,0,0,2815,36.6856,37.0078,37.1055
36.1654,5.23462,0,5.23462,9.18,41.1003,180,0,0,2815,36.6856,37.0078,37.1055
36.181,8.6889,0,8.6889,9.16,41.0037,1254,4,0,2818,36.6852,37.0071,37.1009
36.1995,7.40038,0,7.40038,9.16,41.0037,773,0,0,2819,36.6978,37.0195,37.0963
36.2312,25.5331,0,25.5331,9.14,40.907,2251,0,0,2821,36.749,37.0705,37.094
36.2398,1.95287,0,1.95287,9.12,40.8104,243,0,0,2821,36.749,37.0705,37.0917
36.2681,10.0799,0,10.0799,9.12,40.8104,715,0,0,2823,36.7411,37.0623,37.0871
36.2788,5.48764,0,5.48764,9.1,40.7138,220,0,0,2824,36.7295,37.0506,37.0871
36.3041,10.9958,0,10.9958,9.1,40.7138,554,0,0,2826,36.7187,37.0396,37.0825
36.3242,14.4575,0,14.4575,9.08,40.6171,640,0,0,2827,36.7206,37.0414,37.0779
36.3407,10.3837,0,10.3837,9.08,40.6171,920,0,0,2828,36.7337,37.0545,37.0779
36.368,21.9816,0,21.9816,9.06,40.5205,843,3,0,2829,36.7437,37.0643,37.0733
36.395,21.1554,0,21.1554,9.04,40.4239,2455,3,0,2832,36.7959,37.1162,37.0665
36.4042,3.81292,0,3.81292,9.02,40.3272,180,0,0,2832,36.7959,37.1162,37.0665
36.4491,28.6042,0,28.6042,9.02,40.3272,2079,4,0,2835,36.8265,37.1464,37.0596
36.4793,24.7207,0,24.7207,9,40.2306,2437,6,0,2838,36.8707,37.1903,37.0528
36.4889,4.05521,0,4.05521,8.98,40.134,270,0,0,2839,36.8612,37.1807,37.0528
36.5205,15.1693,0,15.1693,8.98,40.134,910,2,0,2841,36.8613,37.1806,37.0459
36.5375,11.5344,0,11.5344,8.96,36.2933,1082,0,0,2842,36.8849,37.2041,37.0436
36.5568,10.1626,0,10.1626,8.96,36.2933,1030,0,0,2843,36.9029,37.2219,37.0414
36.5828,20.1929,0,20.1929,8.94,36.1203,704,0,0,2845,36.8938,37.2127,37.0391
36.6131,25.7672,0,25.7672,8.92,35.9481,2233,0,0,2847,36.9463,37.2648,37.0345
36.6405,22.0581,0,22.0581,8.9,35.7765,2483,5,0,2849,37.0032,37.3215,37.0277
36.6488,2.71768,0,2.71768,8.88,40.0637,170,0,0,2849,37.0032,37.3215,37.0277
36.6758,9.32057,0,9.32057,8.88,40.0637,337,0,0,2850,36.9968,37.3151,37.0254
36.6892,8.96699,0,8.96699,8.86,35.6336,1530,0,0,2852,37.0193,37.3373,37.0209
36.7263,24.1613,0,24.1613,8.86,35.6336,2427,2,0,2855,37.0813,37.3989,37.0141
36.7335,1.65533,0,1.65533,8.84,35.4627,206,0,0,2855,37.0813,37.3989,37.0141
36.7762,24.1523,0,24.1523,8.84,35.4627,1954,0,0,2857,37.1229,37.4403,37.0118
36.7935,11.8779,0,11.8779,8.82,35.2925,242,0,0,2859,37.099,37.4162,37.005
36.8218,19.279,0,19.279,8.82,35.2925,328,0,0,2861,37.079,37.396,37.0028
36.8452,17.8124,0,17.8124,8.8,35.1229,2853,37,0,2865,37.1281,37.4447,36.9937
36.8672,17.2861,0,17.2861,8.78,34.9539,1175,0,0,2866,37.1556,37.4721,36.9892
36.8808,8.13587,0,8.13587,8.76,39.7835,160,0,0,2866,37.1556,37.4721,36.9892
36.896,3.18272,0,3.18272,8.76,39.7835,601,0,0,2867,37.1615,37.4779,36.9892
36.9055,4.59715,0,4.59715,8.74,39.6156,337,0,0,2868,37.1569,37.4732,36.9847
36.9251,2.97085,0,2.97085,8.74,39.6156,161,0,0,2868,37.1569,37.4732,36.9847
36.9465,16.5208,0,16.5208,8.72,40.2631,1637,0,0,2870,37.1885,37.5045,36.9802
36.9658,13.6197,0,13.6197,8.7,34.472,974,0,0,2872,37.1957,37.5115,36.9779
36.9976,24.082,0,24.082,8.7,34.472,1915,0,0,2875,37.233,37.5485,36.9712
37.0127,9.82215,0,9.82215,8.68,39.3294,388,0,0,2876,37.2392,37.5546,36.9667
37.031,7.03629,0,7.03629,8.68,39.3294,529,0,0,2877,37.2409,37.5561,36.9644
37.0375,2.00753,0,2.00753,8.66,34.1402,214,0,0,2878,37.2286,37.5438,36.9622
37.0656,8.45041,0,8.45041,8.66,34.1402,456,0,0,2880,37.2132,37.5281,36.9577
37.115,44.9207,0,44.9207,8.64,33.9746,5588,22,0,2884,37.3547,37.6692,36.951
37.132,10.9681,0,10.9681,8.62,33.8095,1547,0,0,2886,37.3836,37.6979,36.9465
37.1438,3.22837,0,3.22837,8.62,33.8095,160,0,0,2886,37.3836,37.6979,36.9442
37.1545,6.00164,0,6.00164,8.6,33.6449,675,0,0,2887,37.389,37.7032,36.942
37.1928,22.6395,0,22.6395,8.6,33.6449,1365,0,0,2890,37.3948,37.7087,36.9353
37.2028,4.64799,0,4.64799,8.58,33.4808,433,3,0,2891,37.3926,37.7063,36.9331
37.2336,14.5339,0,14.5339,8.58,33.4808,2384,1,0,2893,37.4501,37.7636,36.9286
37.2611,22.2389,0,22.2389,8.56,33.3171,1786,2,0,2896,37.47,37.7831,36.9219
37.2682,1.63068,0,1.63068,8.54,33.1539,150,0,0,2896,37.47,37.7831,36.9219
37.2998,12.4989,0,12.4989,8.54,33.1539,967,0,0,2897,37.4915,37.8046,36.9197
37.3096,4.85449,0,4.85449,8.52,32.991,800,1,0,2898,37.5017,37.8147,36.9174
37.3495,23.4745,0,23.4745,8.52,32.991,2017,0,0,2900,37.5493,37.8621,36.913
37.3586,2.74826,0,2.74826,8.5,32.8387,130,0,0,2900,37.5493,37.8621,36.913
37.3831,7.2665,0,7.2665,8.5,32.8387,686,0,0,2901,37.5546,37.8673,36.913
37.4,11.5863,0,11.5863,8.48,32.7141,1582,0,0,2903,37.5828,37.8953,36.9063
37.4122,3.74102,0,3.74102,8.48,32.7141,270,0,0,2904,37.573,37.8853,36.9041
37.4255,7.91218,0,7.91218,8.46,32.5898,1144,0,0,2905,37.601,37.9133,36.9041
37.4393,2.25419,0,2.25419,8.46,32.5898,146,0,0,2906,37.5891,37.9012,36.8996
37.4532,9.28805,0,9.28805,8.44,32.4657,852,0,0,2909,37.571,37.8828,36.8952
37.4716,6.69755,0,6.69755,8.44,32.4657,120,0,0,2909,37.571,37.8828,36.893
37.4986,22.5479,0,22.5479,8.42,32.3417,2890,0,0,2911,37.6496,37.9612,36.8886
37.5065,2.08525,0,2.08525,8.4,32.2179,138,0,0,2911,37.6496,37.9612,36.8886
37.5368,11.972,0,11.972,8.4,32.2179,1394,0,0,2913,37.6718,37.9832,36.8841
37.5462,5.01134,0,5.01134,8.38,32.0943,421,0,0,2915,37.6559,37.9671,36.8819
37.5665,3.86414,0,3.86414,8.38,32.0943,160,0,0,2916,37.6444,37.9554,36.8775
37.5835,12.0616,0,12.0616,8.36,32.0169,536,0,0,2918,37.633,37.9438,36.8731
37.597,4.38975,0,4.38975,8.36,32.0169,308,4,0,2919,37.6269,37.9376,36.8708
37.6473,45.8697,0,45.8697,8.34,31.9448,2492,3,0,2921,37.6888,37.9993,36.8686
37.6646,11.6556,0,11.6556,8.32,31.8727,412,0,0,2923,37.6733,37.9836,36.862
37.6938,21.008,0,21.008,8.32,31.8727,1317,0,0,2925,37.6896,37.9997,36.8598
37.7189,19.1931,0,19.1931,8.3,31.8006,884,0,0,2926,37.704,38.014,36.8554
37.7274,2.86905,0,2.86905,8.28,31.7285,448,4,0,2927,37.7028,38.0126,36.8532
37.7532,8.64767,0,8.64767,8.28,31.7285,845,6,0,2928,37.7145,38.0242,36.8532
37.7796,20.0816,0,20.0816,8.26,31.6564,2491,2,0,2930,37.7812,38.0908,36.8488
37.8158,30.3419,0,30.3419,8.24,31.5843,3297,34,0,2933,37.8667,38.1759,36.84
37.8285,7.01855,0,7.01855,8.22,31.5122,931,0,0,2934,37.877,38.1861,36.8378
37.8578,16.5508,0,16.5508,8.22,31.5122,1105,0,0,2936,37.8852,38.1941,36.8356
37.8728,9.35076,0,9.35076,8.2,31.4401,1917,1,0,2937,37.9377,38.2465,36.8312
37.9036,19.8544,0,19.8544,8.2,31.4401,2000,3,0,2939,37.9735,38.2821,36.8268
37.9142,5.53301,0,5.53301,8.18,31.368,120,0,0,2939,37.9735,38.2821,36.8268
37.9319,1.85577,0,1.85577,8.18,31.368,120,0,0,2939,37.9735,38.2821,36.8268
37.9388,2.56479,0,2.56479,8.16,31.2959,120,0,0,2940,37.9609,38.2694,36.8268
37.9598,1.80968,0,1.80968,8.16,31.2959,110,0,0,2940,37.9609,38.2694,36.8246
37.9848,20.364,0,20.364,8.14,31.2239,2581,9,0,2943,38.0173,38.3255,36.8203
38.0175,27.1242,0,27.1242,8.12,31.1518,2445,0,0,2945,38.0774,38.3854,36.8159
38.0253,2.53644,0,2.53644,8.1,31.0797,140,0,0,2946,38.0655,38.3734,36.8115
38.0613,18.7785,0,18.7785,8.1,31.0797,985,0,0,2947,38.0814,38.3892,36.8115
38.0711,4.35869,0,4.35869,8.08,31.0076,186,0,0,2948,38.0716,38.3792,36.8071
38.1018,14.1938,0,14.1938,8.08,31.0076,1664,0,0,2951,38.0868,38.3941,36.8006
38.404,297.17,282.233,14.9367,8.06,30.9355,71314,249,0,2954,37.8968,38.1947,36.7962
38.4342,23.2856,0,23.2856,8.04,30.8634,2590,7,0,2956,37.9587,38.2564,36.7919
38.4641,23.5193,0,23.5193,8.02,30.7913,300,0,0,2958,37.9395,38.237,36.7853
38.4793,8.87006,0,8.87006,8,30.7192,740,0,0,2959,37.9439,38.2413,36.7832
38.498,6.47838,0,6.47838,8,30.7192,250,0,0,2961,37.923,38.2202,36.781
38.5124,8.13319,0,8.13319,7.98,30.6471,323,0,0,2963,37.9048,38.2018,36.7745
38.5314,5.71483,0,5.71483,7.98,30.6471,340,0,0,2965,37.887,38.1838,36.7701
38.5495,10.7039,0,10.7039,7.96,30.575,1851,2,0,2966,37.937,38.2336,36.7701
38.5848,26.0162,0,26.0162,7.96,30.575,598,0,0,2968,37.9788,38.2753,36.7636
38.6045,14.1943,0,14.1943,7.94,30.5029,1252,3,0,2971,37.9818,38.278,36.7571
38.6356,24.7194,0,24.7194,7.94,30.5029,3358,12,0,2974,38.0629,38.3588,36.7506
38.6426,1.54731,0,1.54731,7.92,30.4308,100,0,0,2974,38.0629,38.3588,36.7506
38.6904,29.3468,0,29.3468,7.92,30.4308,349,0,0,2977,38.0333,38.3289,36.7441
38.7067,11.2577,0,11.2577,7.9,30.3588,1252,9,0,2980,38.0376,38.3329,36.7398
38.7277,11.8058,0,11.8058,7.9,30.3588,558,0,0,2982,38.0285,38.3236,36.7355
38.7464,14.1398,0,14.1398,7.88,30.2867,662,0,0,2984,38.0228,38.3177,36.729
38.7638,10.454,0,10.454,7.88,30.2867,983,0,0,2985,38.0412,38.336,36.7269
38.7933,23.3081,0,23.3081,7.86,30.2146,1226,0,0,2988,38.0462,38.3407,36.7204
38.8082,10.3964,0,10.3964,7.84,30.1425,915,0,0,2991,38.0388,38.333,36.7161
38.8216,2.07407,0,2.07407,7.84,30.1425,160,0,0,2992,38.0281,38.3222,36.7118
38.8403,14.1293,0,14.1293,7.82,30.0704,1912,1,0,2994,38.0638,38.3577,36.7075
38.8584,10.56,0,10.56,7.82,30.0704,222,0,0,2995,38.0554,38.3492,36.7075
38.881,18.1143,0,18.1143,7.8,29.9983,110,0,0,2996,38.0431,38.3368,36.7054
38.9144,27.7479,0,27.7479,7.78,29.9262,1586,0,0,2998,38.0704,38.3639,36.7011
38.9425,22.1812,0,22.1812,7.76,29.8541,1358,0,0,3000,38.0897,38.383,36.6968
38.9541,5.85667,0,5.85667,7.74,29.782,840,3,0,3001,38.1016,38.3949,36.6925
38.9788,10.0911,0,10.0911,7.74,29.782,279,0,0,3002,38.0939,38.3871,36.6904
38.9993,16.2383,0,16.2383,7.72,29.7099,378,0,0,3003,38.0906,38.3836,36.6883
39.0086,3.79354,0,3.79354,7.7,29.6378,165,0,0,3004,38.0792,38.3722,36.6861
39.0268,2.24466,0,2.24466,7.7,29.6378,190,0,0,3005,38.0696,38.3624,36.684
39.0371,5.25776,0,5.25776,7.68,29.5657,238,0,0,3006,38.0619,38.3546,36.6819
39.0897,36.309,0,36.309,7.68,29.5657,1335,0,0,3008,38.1167,38.4092,36.6797
39.0987,1.9316,0,1.9316,7.66,29.4937,100,0,0,3008,38.1167,38.4092,36.6776
39.1246,7.39845,0,7.39845,7.66,29.4937,1186,8,0,3010,38.1279,38.4203,36.6733
39.14,8.90408,0,8.90408,7.64,29.4216,1356,0,0,3012,38.1451,38.4373,36.6691
39.16,7.3608,0,7.3608,7.64,29.4216,763,2,0,3013,38.1547,38.4467,36.6669
39.1911,23.9859,0,23.9859,7.62,29.3495,1020,0,0,3014,38.1749,38.4668,36.6648
39.2016,4.82394,0,4.82394,7.6,29.2774,114,0,0,3015,38.1635,38.4554,36.6627
39.2224,4.11973,0,4.11973,7.6,29.2774,210,0,0,3017,38.1422,38.4339,36.6605
39.2431,15.2521,0,15.2521,7.58,29.2053,1696,0,0,3018,38.1899,38.4814,36.6563
39.2876,37.7882,0,37.7882,7.56,29.1332,4059,3,0,3022,38.2799,38.5711,36.6499
39.3011,7.10828,0,7.10828,7.54,29.0611,932,7,0,3023,38.2971,38.5882,36.6457
39.3222,7.42883,0,7.42883,7.54,29.0611,201,0,0,3024,38.2864,38.5774,36.6435
39.3424,14.1844,0,14.1844,7.52,28.989,1835,6,0,3026,38.3252,38.616,36.6393
39.3566,5.67869,0,5.67869,7.5,28.9169,650,0,0,3027,38.3314,38.6221,36.6372
39.3766,5.13761,0,5.13761,7.5,28.9169,480,0,0,3028,38.3319,38.6225,36.6351
39.3964,14.1814,0,14.1814,7.48,28.8448,2230,19,0,3031,38.3662,38.6565,36.6308
39.4055,2.02844,0,2.02844,7.48,28.8448,91,0,0,3031,38.3662,38.6565,36.6287
39.4184,8.68742,0,8.68742,7.46,28.7727,515,0,0,3034,38.3438,38.6338,36.6245
39.4354,4.04818,0,4.04818,7.46,28.7727,160,0,0,3035,38.3338,38.6237,36.6203
39.4469,7.09837,0,7.09837,7.44,28.7007,400,0,0,3037,38.3191,38.6088,36.616
39.4697,9.27516,0,9.27516,7.44,28.7007,1076,0,0,3038,38.3456,38.6353,36.6139
39.4781,2.66343,0,2.66343,7.42,28.6286,163,0,0,3039,38.3353,38.6249,36.6118
39.4996,3.53818,0,3.53818,7.42,28.6286,146,0,0,3040,38.3243,38.6138,36.6097
39.5193,15.2503,0,15.2503,7.4,28.5565,1996,0,0,3042,38.3626,38.6519,36.6055
39.5343,10.2667,0,10.2667,7.4,28.5565,944,0,0,3043,38.3792,38.6684,36.6034
39.5467,6.68252,0,6.68252,7.38,28.4844,770,0,0,3045,38.3767,38.6657,36.5992
39.5721,12.3746,0,12.3746,7.38,28.4844,1932,1,0,3047,38.4191,38.7079,36.595
39.5972,18.8526,0,18.8526,7.36,28.4123,1576,0,0,3048,38.4692,38.7579,36.5929
39.6215,18.7847,0,18.7847,7.34,28.3402,2000,3,0,3051,38.4959,38.7843,36.5887
39.6324,6.64945,0,6.64945,7.32,28.2681,1130,8,0,3053,38.5051,38.7933,36.5824
39.6701,22.3776,0,22.3776,7.32,28.2681,1453,5,0,3056,38.5216,38.8096,36.5761
39.6815,5.78418,0,5.78418,7.3,28.196,834,0,0,3058,38.5213,38.809,36.5719
39.7052,8.91687,0,8.91687,7.3,28.196,1021,0,0,3059,38.5485,38.8362,36.5698
39.7307,20.8508,0,20.8508,7.28,28.1239,1061,2,0,3061,38.557,38.8445,36.5677
39.7389,2.31948,0,2.31948,7.26,28.0518,80,0,0,3061,38.557,38.8445,36.5656
39.7712,14.8014,0,14.8014,7.26,28.0518,1374,0,0,3063,38.5788,38.8661,36.5635
39.7829,4.80237,0,4.80237,7.24,27.9797,374,0,0,3064,38.5751,38.8623,36.5593
39.8167,18.4839,0,18.4839,7.24,27.9797,259,0,0,3065,38.5687,38.8558,36.5593
39.8301,9.15068,0,9.15068,7.22,27.9076,516,0,0,3067,38.5605,38.8474,36.5531
39.8501,7.3941,0,7.3941,7.22,27.9076,477,0,0,3069,38.55,38.8368,36.551
39.8766,21.7073,0,21.7073,7.2,27.8356,2304,0,0,3072,38.5895,38.876,36.5447
39.8888,6.80742,0,6.80742,7.18,27.7635,400,0,0,3074,38.5755,38.8617,36.5385
39.906,3.31368,0,3.31368,7.18,27.7635,110,0,0,3075,38.5646,38.8507,36.5364
39.941,30.3125,0,30.3125,7.16,27.6914,1140,0,0,3077,38.6029,38.8889,36.5322
39.9572,11.7416,0,11.7416,7.14,27.6193,1310,0,0,3078,38.6316,38.9175,36.5322
39.9686,1.98974,0,1.98974,7.14,27.6193,50,0,0,3078,38.6316,38.9175,36.5302
39.9869,13.3777,0,13.3777,7.12,27.5472,1267,0,0,3081,38.6358,38.9215,36.5239
40.0215,27.0204,0,27.0204,7.12,27.5472,2031,5,0,3083,38.675,38.9604,36.5198
40.0292,2.09453,0,2.09453,7.1,27.4751,71,0,0,3083,38.675,38.9604,36.5198
40.0656,18.7786,0,18.7786,7.1,27.4751,666,0,0,3085,38.6707,38.9559,36.5156
40.1253,54.7042,0,54.7042,7.08,27.403,3289,17,0,3088,38.8109,39.0959,36.5115
40.1483,17.3386,0,17.3386,7.06,27.3309,1070,0,0,3090,38.8204,39.1052,36.5053
40.1647,10.6574,0,10.6574,7.04,27.2588,69,0,0,3090,38.8204,39.1052,36.5053
40.184,9.2371,0,9.2371,7.04,27.2588,165,0,0,3093,38.7863,39.0708,36.5012
40.2206,31.09,0,31.09,7.02,27.1867,2745,3,0,3095,38.8549,39.1393,36.497
40.256,29.4357,0,29.4357,7,27.1146,2150,1,0,3099,38.8819,39.1659,36.4867
40.2777,16.0848,0,16.0848,6.98,27.0425,1220,0,0,3101,38.9016,39.1854,36.4826
40.2911,8.54859,0,8.54859,6.96,26.9705,1505,1,0,3104,38.9143,39.1978,36.4764
40.3122,8.10368,0,8.10368,6.96,26.9705,782,0,0,3105,38.9308,39.2142,36.4743
40.3258,8.92308,0,8.92308,6.94,26.8984,1059,0,0,3107,38.9388,39.2221,36.4702
40.3486,9.92288,0,9.92288,6.94,26.8984,1214,1,0,3109,38.9537,39.2367,36.4661
40.3924,37.7431,0,37.7431,6.92,26.8263,1440,7,0,3112,38.9608,39.2436,36.462
40.4122,15.0665,0,15.0665,6.9,26.7542,2154,2,0,3115,38.9917,39.2742,36.4559
40.4301,12.8932,0,12.8932,6.88,26.6821,1038,0,0,3118,38.9872,39.2694,36.4497
40.4686,30.3038,0,30.3038,6.88,26.6821,2154,10,0,3119,39.0446,39.3267,36.4456
40.4779,3.57545,0,3.57545,6.86,26.61,70,0,0,3119,39.0446,39.3267,36.4456
40.5049,9.97291,0,9.97291,6.86,26.61,745,0,0,3120,39.0551,39.3372,36.4436
40.5144,4.82766,0,4.82766,6.84,26.5379,130,0,0,3121,39.0452,39.3271,36.4415
40.5332,2.13514,0,2.13514,6.84,26.5379,65,0,0,3122,39.0333,39.3152,36.4395
40.5395,1.70812,0,1.70812,6.82,26.4658,50,0,0,3122,39.0333,39.3152,36.4395
40.5769,17.4127,0,17.4127,6.82,26.4658,940,0,0,3125,39.0243,39.3059,36.4354
40.6145,32.1147,0,32.1147,6.8,26.3937,2192,2,0,3129,39.0431,39.3244,36.4272
40.6342,13.9642,0,13.9642,6.78,26.3216,1050,2,0,3132,39.039,39.3199,36.4191
40.6501,10.5773,0,10.5773,6.78,26.3216,1038,0,0,3134,39.0472,39.328,36.417
40.6828,27.2241,0,27.2241,6.76,26.2495,2268,14,0,3137,39.1176,39.3982,36.4089
40.6963,7.8019,0,7.8019,6.74,26.1774,140,0,0,3138,39.1077,39.3881,36.4069
40.7206,12.4806,0,12.4806,6.74,26.1774,795,0,0,3140,39.1083,39.3885,36.4028
40.7553,28.7942,0,28.7942,6.72,26.1054,844,0,0,3144,39.0846,39.3645,36.3967
40.7796,18.5555,0,18.5555,6.7,26.0333,362,0,0,3146,39.0699,39.3497,36.3906
40.8067,20.8613,0,20.8613,6.68,25.9612,998,2,0,3148,39.0801,39.3596,36.3866
42.5661,1754.81,1704.16,50.65,6.66,25.8891,508388,1292,0,3152,38.0501,38.2951,36.3805
42.588,14.7467,0,14.7467,6.64,25.817,1502,1,0,3155,38.0609,38.3055,36.3745
42.6092,13.2638,0,13.2638,6.62,25.7449,1980,2,0,3157,38.0982,38.3427,36.3704
42.6434,26.6125,0,26.6125,6.6,25.6728,3342,1,0,3160,38.1715,38.4158,36.3644
42.6581,8.74969,0,8.74969,6.58,25.6007,403,0,0,3162,38.1591,38.4032,36.3583
42.6823,12.311,0,12.311,6.58,25.6007,298,0,0,3165,38.1308,38.3747,36.3523
42.6926,5.43101,0,5.43101,6.56,25.5286,140,0,0,3166,38.1222,38.3661,36.3503
42.7106,1.96295,0,1.96295,6.56,25.5286,30,0,0,3166,38.1222,38.3661,36.3503
42.7172,2.09085,0,2.09085,6.54,25.4565,36,0,0,3166,38.1222,38.3661,36.3503
42.7431,6.59635,0,6.59635,6.54,25.4565,268,0,0,3167,38.1165,38.3603,36.3503
42.7673,19.2993,0,19.2993,6.52,25.3844,2175,1,0,3169,38.1644,38.408,36.3442
42.7762,3.0649,0,3.0649,6.5,25.3123,180,0,0,3170,38.1571,38.4006,36.3422
42.7943,1.70048,0,1.70048,6.5,25.3123,30,0,0,3170,38.1571,38.4006,36.3422
42.8411,40.6436,0,40.6436,6.48,25.2403,1719,0,0,3173,38.1777,38.4211,36.3382
42.8545,7.76581,0,7.76581,6.46,25.1682,1132,0,0,3174,38.2026,38.4458,36.3342
42.875,7.4227,0,7.4227,6.46,25.1682,902,0,0,3175,38.2186,38.4617,36.3342
42.8846,4.77216,0,4.77216,6.44,25.0961,320,0,0,3177,38.2037,38.4466,36.3302
42.923,21.8989,0,21.8989,6.44,25.0961,1875,25,0,3179,38.2384,38.4813,36.3242
42.9569,28.371,0,28.371,6.42,25.024,1188,2,0,3182,38.2514,38.494,36.3202
42.9742,11.8968,0,11.8968,6.4,24.9519,1040,0,0,3184,38.2591,38.5016,36.3142
42.9849,3.14511,0,3.14511,6.4,24.9519,200,0,0,3185,38.2524,38.4948,36.3122
43.0122,22.9031,0,22.9031,6.38,24.8798,3552,8,0,3187,38.343,38.5852,36.3102
43.0551,37.5043,0,37.5043,6.36,24.8077,2972,0,0,3191,38.4011,38.6431,36.3022
43.0651,4.42851,0,4.42851,6.34,24.7356,90,0,0,3192,38.391,38.6328,36.2982
43.1128,32.6568,0,32.6568,6.34,24.7356,530,0,0,3196,38.3586,38.6001,36.2902
43.1204,1.93519,0,1.93519,6.32,24.6635,30,0,0,3196,38.3586,38.6001,36.2902
43.1463,6.96416,0,6.96416,6.32,24.6635,528,0,0,3197,38.3622,38.6037,36.2883
43.1523,1.4274,0,1.4274,6.3,24.5914,30,0,0,3197,38.3622,38.6037,36.2883
43.1841,11.6102,0,11.6102,6.3,24.5914,334,0,0,3199,38.3479,38.5892,36.2863
43.1975,8.05739,0,8.05739,6.28,24.5193,798,0,0,3201,38.3483,38.5895,36.2803
43.2236,12.804,0,12.804,6.28,24.5193,180,0,0,3202,38.341,38.5821,36.2783
43.266,36.9509,0,36.9509,6.26,24.4472,3550,2,0,3206,38.4039,38.6447,36.2704
43.2763,4.66765,0,4.66765,6.24,24.3752,174,0,0,3207,38.3966,38.6374,36.2684
43.3127,20.623,0,20.623,6.24,24.3752,2271,1,0,3209,38.4509,38.6915,36.2644
43.3295,9.59594,0,9.59594,6.22,24.3031,824,0,0,3211,38.4509,38.6914,36.2605
43.349,7.69071,0,7.69071,6.22,24.3031,920,0,0,3212,38.4667,38.707,36.2585
43.3838,27.5967,0,27.5967,6.2,24.231,2628,0,0,3216,38.5466,38.7867,36.2526
43.4147,23.784,0,23.784,6.18,24.1589,730,0,0,3219,38.5325,38.7723,36.2467
43.438,17.4506,0,17.4506,6.16,24.0868,2083,2,0,3221,38.5725,38.8122,36.2407
43.4512,7.29277,0,7.29277,6.14,24.0147,880,0,0,3222,38.5866,38.8262,36.2407
43.4796,14.9724,0,14.9724,6.14,24.0147,1220,0,0,3224,38.5996,38.839,36.2368
43.4896,5.02271,0,5.02271,6.12,23.9426,560,0,0,3225,38.604,38.8434,36.2329
43.5249,18.7664,0,18.7664,6.12,23.9426,2660,14,0,3227,38.6616,38.9008,36.2289
43.532,1.304,0,1.304,6.1,23.8705,30,0,0,3227,38.6616,38.9008,36.2289
43.5645,14.1158,0,14.1158,6.1,23.8705,848,2,0,3230,38.6594,38.8985,36.225
43.5848,14.6251,0,14.6251,6.08,23.7984,692,0,0,3232,38.6559,38.8948,36.2211
43.6041,13.4235,0,13.4235,6.06,23.7263,1846,9,0,3235,38.6776,38.9162,36.2132
43.6115,1.5863,0,1.5863,6.06,23.7263,30,0,0,3235,38.6776,38.9162,36.2132
43.641,25.1101,0,25.1101,6.04,23.6542,1960,1,0,3238,38.7048,38.9432,36.2093
43.6592,12.4885,0,12.4885,6.02,23.5821,610,0,0,3240,38.6988,38.937,36.2054
43.6732,5.88626,0,5.88626,6.02,23.5821,200,0,0,3242,38.6801,38.9183,36.1995
43.6915,13.6527,0,13.6527,6,23.5101,1990,11,0,3246,38.6969,38.9347,36.1936
43.7018,2.18391,0,2.18391,6,23.5101,30,0,0,3246,38.6969,38.9347,36.1917
43.7134,6.76431,0,6.76431,5.98,23.438,910,1,0,3248,38.7001,38.9378,36.1897
43.7507,22.5917,0,22.5917,5.98,23.438,898,0,0,3250,38.7052,38.9428,36.1839
43.7921,36.9641,0,36.9641,5.96,23.3659,670,0,0,3251,38.713,38.9505,36.1819
43.8038,5.15256,0,5.15256,5.94,23.2938,100,0,0,3252,38.7033,38.9407,36.18
43.8256,6.79417,0,6.79417,5.94,23.2938,650,0,0,3254,38.6985,38.9358,36.1761
43.8482,17.2669,0,17.2669,5.92,23.2217,1530,0,0,3257,38.7089,38.946,36.1702
43.8882,34.5445,0,34.5445,5.9,23.1496,1474,0,0,3260,38.7199,38.9567,36.1663
43.8984,4.152,0,4.152,5.88,23.0775,58,0,0,3261,38.7087,38.9454,36.1624
43.9312,17.2937,0,17.2937,5.88,23.0775,2093,31,0,3263,38.749,38.9856,36.1605
43.9438,6.81799,0,6.81799,5.86,23.0054,150,0,0,3264,38.7408,38.9773,36.1566
43.9788,21.4579,0,21.4579,5.86,23.0054,1132,0,0,3265,38.7629,38.9994,36.1547
43.9894,5.17884,0,5.17884,5.84,22.9333,360,0,0,3266,38.7612,38.9976,36.1547
44.0138,9.84115,0,9.84115,5.84,22.9333,600,0,0,3268,38.7549,38.9911,36.1488
44.03,10.1568,0,10.1568,5.82,22.8612,30,0,0,3268,38.7549,38.9911,36.1488
44.0536,14.3932,0,14.3932,5.82,22.8612,2290,2,0,3270,38.8003,39.0364,36.145
44.073,13.6862,0,13.6862,5.8,22.7891,610,0,0,3272,38.794,39.03,36.1411
44.0904,11.6009,0,11.6009,5.8,22.7891,1580,24,0,3273,38.8277,39.0636,36.1392
44.1155,19.056,0,19.056,5.78,22.7171,816,0,0,3275,38.8287,39.0644,36.1353
44.1314,9.76748,0,9.76748,5.76,22.645,644,0,0,3277,38.8236,39.0592,36.1314
44.1516,10.5123,0,10.5123,5.76,22.645,793,0,0,3278,38.8356,39.0711,36.1295
44.1631,5.70116,0,5.70116,5.74,22.5729,1090,1,0,3279,38.8561,39.0915,36.1295
44.18,3.31647,0,3.31647,5.74,22.5729,100,0,0,3279,38.8561,39.0915,36.1276
44.196,9.88612,0,9.88612,5.72,22.5008,1478,0,0,3281,38.8763,39.1116,36.1256
44.2135,7.90079,0,7.90079,5.72,22.5008,30,0,0,3281,38.8763,39.1116,36.1237
44.2221,2.75785,0,2.75785,5.7,22.4287,310,0,0,3282,38.8729,39.1082,36.1218
44.2504,11.5136,0,11.5136,5.7,22.4287,1314,0,0,3284,38.8913,39.1264,36.1179
44.2755,19.3925,0,19.3925,5.68,22.3566,426,0,0,3287,38.8698,39.1047,36.1121
44.2863,4.86318,0,4.86318,5.66,22.2845,590,0,0,3289,38.8632,39.0979,36.1102
44.322,20.9669,0,20.9669,5.66,22.2845,1178,0,0,3290,38.8921,39.1267,36.1063
44.3503,22.4495,0,22.4495,5.64,22.2124,1810,2,0,3293,38.9113,39.1458,36.1006
44.3832,26.8754,0,26.8754,5.62,22.1403,2352,0,0,3296,38.9496,39.1839,36.0948
44.3953,5.99237,0,5.99237,5.6,22.0682,180,0,0,3297,38.9427,39.1768,36.0929
44.4107,2.01308,0,2.01308,5.6,22.0682,20,0,0,3297,38.9427,39.1768,36.0929
45.1019,685.491,657.674,27.8179,5.58,21.9961,217825,482,0,3299,38.6099,38.8372,36.091
45.1236,13.6509,0,13.6509,5.56,21.924,940,0,0,3300,38.6236,38.8509,36.0871
45.141,11.6804,0,11.6804,5.54,21.852,540,0,0,3301,38.6274,38.8546,36.0871
45.152,1.49322,0,1.49322,5.54,21.852,20,0,0,3301,38.6274,38.8546,36.0852
45.1783,21.1175,0,21.1175,5.52,21.7799,2342,0,0,3304,38.6631,38.8901,36.0814
45.2066,19.8083,0,19.8083,5.5,21.7078,1640,0,0,3307,38.677,38.9038,36.0757
45.2419,28.9388,0,28.9388,5.48,21.6357,1760,0,0,3309,38.7063,38.9329,36.0699
45.2762,28.6632,0,28.6632,5.46,21.5636,3370,2,0,3312,38.769,38.9955,36.0661
45.3153,32.867,0,32.867,5.44,21.4915,3524,18,0,3315,38.8404,39.0667,36.0585
45.346,24.8833,0,24.8833,5.42,21.4194,380,0,0,3316,38.8396,39.0657,36.0566
45.3526,1.96439,0,1.96439,5.4,21.3473,33,0,0,3316,38.8396,39.0657,36.0566
45.3808,9.43272,0,9.43272,5.4,21.3473,30,0,0,3317,38.8282,39.0543,36.0566
45.4039,18.1924,0,18.1924,5.38,21.2752,2620,0,0,3320,38.8714,39.0973,36.0489
45.4217,11.8509,0,11.8509,5.36,21.2031,2232,10,0,3323,38.9034,39.1291,36.0451
45.4308,1.55804,0,1.55804,5.36,21.2031,20,0,0,3323,38.9034,39.1291,36.0432
45.4501,13.9196,0,13.9196,5.34,21.131,1350,0,0,3325,38.92,39.1456,36.0394
45.48,24.3338,0,24.3338,5.34,21.131,4756,38,0,3328,39.0267,39.2521,36.0337
45.4885,2.83437,0,2.83437,5.32,21.0589,260,0,0,3329,39.0222,39.2475,36.0318
45.5184,12.1204,0,12.1204,5.32,21.0589,40,0,0,3330,39.0111,39.2363,36.0299
45.5373,14.0724,0,14.0724,5.3,20.9869,270,0,0,3333,38.9835,39.2085,36.0242
45.5807,36.4693,0,36.4693,5.3,20.9869,2950,2,0,3335,39.048,39.2729,36.0223
45.6035,16.5936,0,16.5936,5.28,20.9148,2310,2,0,3338,39.0815,39.3062,36.0148
45.6325,22.8601,0,22.8601,5.26,20.8427,470,0,0,3341,39.0599,39.2843,36.011
45.6397,1.73699,0,1.73699,5.24,20.7706,30,0,0,3341,39.0599,39.2843,36.0091
45.6668,9.3186,0,9.3186,5.24,20.7706,470,0,0,3343,39.05,39.2743,36.0053
45.6741,1.57188,0,1.57188,5.22,20.6985,20,0,0,3343,39.05,39.2743,36.0053
45.7108,18.912,0,18.912,5.22,20.6985,3164,6,0,3345,39.1217,39.3459,36.0034
45.7285,11.0614,0,11.0614,5.2,20.6264,1206,0,0,3346,39.1461,39.3703,35.9997
45.7543,16.4039,0,16.4039,5.2,20.6264,940,0,0,3349,39.1385,39.3625,35.9959
45.7943,35.1064,0,35.1064,5.18,20.5543,2312,17,0,3352,39.1721,39.3959,35.9902
45.8232,22.3177,0,22.3177,5.16,20.4822,3890,17,0,3355,39.2525,39.476,35.9846
45.8383,9.7766,0,9.7766,5.14,20.4101,568,0,0,3357,39.2452,39.4686,35.9789
45.8772,27.4043,0,27.4043,5.14,20.4101,160,0,0,3359,39.226,39.4492,35.9752
45.886,3.19583,0,3.19583,5.12,20.338,40,0,0,3360,39.2149,39.4381,35.9733
45.9068,3.36093,0,3.36093,5.12,20.338,210,0,0,3361,39.2089,39.432,35.9714
45.9141,2.04808,0,2.04808,5.1,20.2659,20,0,0,3361,39.2089,39.432,35.9714
45.9628,29.5231,0,29.5231,5.1,20.2659,4434,10,0,3365,39.2936,39.5165,35.9639
45.9796,10.9786,0,10.9786,5.08,20.1938,210,0,0,3367,39.2759,39.4987,35.9621
46.0115,23.2639,0,23.2639,5.08,20.1938,3786,60,0,3370,39.3531,39.5757,35.9546
46.0424,24.6078,0,24.6078,5.06,20.1218,804,3,0,3371,39.3649,39.5874,35.9546
46.0628,14.4053,0,14.4053,5.04,20.0497,958,0,0,3373,39.3697,39.5921,35.949
46.0744,5.76826,0,5.76826,5.02,19.9776,716,3,0,3374,39.3782,39.6005,35.9471
46.1001,12.0666,0,12.0666,5.02,19.9776,1960,1,0,3376,39.4123,39.6345,35.9452
46.1536,47.1655,0,47.1655,5,19.9055,4024,0,0,3379,39.4969,39.7189,35.9396
46.1756,16.0284,0,16.0284,4.98,19.8334,1190,1,0,3381,39.5081,39.73,35.9359
46.1895,8.18008,0,8.18008,4.96,19.7613,224,0,0,3382,39.5027,39.7244,35.9322
46.2341,32.3135,0,32.3135,4.96,19.7613,3286,0,0,3384,39.5759,39.7976,35.9284
46.2423,2.39047,0,2.39047,4.94,19.6892,43,0,0,3384,39.5759,39.7976,35.9284
46.2737,13.2086,0,13.2086,4.94,19.6892,1979,0,0,3386,39.611,39.8325,35.9247
46.2952,16.137,0,16.137,4.92,19.6171,50,0,0,3387,39.6002,39.8217,35.9229
46.3147,13.7678,0,13.7678,4.9,19.545,810,0,0,3389,39.6002,39.8215,35.921
46.3415,20.9827,0,20.9827,4.9,19.545,1830,0,0,3393,39.6068,39.8279,35.9136
46.3975,50.4776,0,50.4776,4.88,19.4729,2850,1,0,3396,39.6552,39.876,35.908
46.4076,4.02533,0,4.02533,4.86,19.4008,20,0,0,3396,39.6552,39.876,35.9061
46.4818,58.8162,0,58.8162,4.86,19.4008,3410,4,0,3399,39.7199,39.9406,35.9024
46.4928,4.56252,0,4.56252,4.84,19.3287,270,0,0,3400,39.7156,39.9362,35.8987
46.5115,2.73793,0,2.73793,4.84,19.3287,20,0,0,3400,39.7156,39.9362,35.8987
46.5234,6.92915,0,6.92915,4.82,19.2567,1190,1,0,3401,39.7383,39.9588,35.8969
46.5487,10.778,0,10.778,4.82,19.2567,570,0,0,3403,39.7311,39.9515,35.8932
46.5641,10.2277,0,10.2277,4.8,19.1846,891,2,0,3405,39.7336,39.9539,35.8895
46.6069,31.5292,0,31.5292,4.8,19.1846,1720,0,0,3407,39.7602,39.9803,35.8876
46.6189,5.72196,0,5.72196,4.78,19.1125,270,0,0,3408,39.7559,39.9759,35.8839
46.6519,18.0659,0,18.0659,4.78,19.1125,2504,0,0,3411,39.7939,40.0138,35.8802
46.6956,37.4816,0,37.4816,4.76,19.0404,1640,0,0,3413,39.818,40.0378,35.8747
46.7088,7.835,0,7.835,4.74,18.9683,660,0,0,3414,39.8251,40.0448,35.8747
46.7265,6.02662,0,6.02662,4.74,18.9683,870,0,0,3415,39.8384,40.058,35.871
46.7574,25.0463,0,25.0463,4.72,18.8962,4508,19,0,3417,39.9476,40.1671,35.8692
46.7664,3.20079,0,3.20079,4.7,18.8241,110,0,0,3418,39.9386,40.158,35.8655
46.835,52.4162,0,52.4162,4.7,18.8241,5220,1,0,3423,40.0321,40.2512,35.8581
46.8551,13.7578,0,13.7578,4.68,18.752,510,0,0,3425,40.0231,40.242,35.8545
46.8675,5.7139,0,5.7139,4.68,18.752,950,0,0,3428,40.0152,40.234,35.8489
46.9026,29.5978,0,29.5978,4.66,18.6799,1302,1,0,3430,40.0294,40.2481,35.8453
46.9217,13.0513,0,13.0513,4.64,18.6078,890,0,0,3431,40.0417,40.2603,35.8416
46.9331,3.76162,0,3.76162,4.64,18.6078,58,0,0,3432,40.0315,40.25,35.8398
46.9682,29.9258,0,29.9258,4.62,18.5357,1730,0,0,3435,40.0463,40.2646,35.8343
46.9853,11.1636,0,11.1636,4.6,18.4636,1540,0,0,3438,40.0564,40.2746,35.8288
47.0264,31.4629,0,31.4629,4.6,18.4636,1446,0,0,3441,40.0636,40.2816,35.8251
47.0387,5.45943,0,5.45943,4.58,18.3916,550,2,0,3442,40.0674,40.2853,35.8215
47.0553,1.63088,0,1.63088,4.58,18.3916,20,0,0,3442,40.0674,40.2853,35.8215
47.0667,6.15091,0,6.15091,4.56,18.3195,230,0,0,3445,40.0386,40.2563,35.8178
47.101,20.1788,0,20.1788,4.56,18.3195,2686,5,0,3448,40.0812,40.2987,35.8105
47.1302,22.8748,0,22.8748,4.54,18.2474,3544,0,0,3451,40.1487,40.366,35.8069
47.1428,6.35071,0,6.35071,4.52,18.1753,690,0,0,3452,40.1564,40.3737,35.8033
47.1748,18.1609,0,18.1609,4.52,18.1753,1442,15,0,3454,40.1746,40.3917,35.7996
47.1945,14.8908,0,14.8908,4.5,18.1032,2690,5,0,3457,40.2172,40.4342,35.7942
47.2185,17.9435,0,17.9435,4.48,18.0311,2765,0,0,3458,40.284,40.5009,35.7924
47.2523,27.1064,0,27.1064,4.46,17.959,980,1,0,3459,40.2986,40.5155,35.7905
47.2614,2.66254,0,2.66254,4.44,17.8869,130,0,0,3460,40.2902,40.5069,35.7887
47.2845,5.8018,0,5.8018,4.44,17.8869,330,0,0,3463,40.2642,40.4808,35.7851
47.3183,27.589,0,27.589,4.42,17.8148,2894,0,0,3464,40.3366,40.5531,35.7815
47.3326,8.07859,0,8.07859,4.4,17.7427,1476,0,0,3465,40.3677,40.5841,35.7797
47.3636,19.6547,0,19.6547,4.4,17.7427,960,0,0,3467,40.3703,40.5867,35.776
47.3835,13.9426,0,13.9426,4.38,17.6706,790,0,0,3469,40.3693,40.5855,35.7724
47.5826,192.806,183.68,9.12613,4.36,17.5986,74690,60,0,3472,40.3327,40.5429,35.7688
47.6061,17.1177,0,17.1177,4.34,17.5265,2206,1,0,3474,40.3728,40.5829,35.7634
47.6207,9.14564,0,9.14564,4.32,17.4544,510,0,0,3476,40.3636,40.5736,35.7616
47.6531,20.0167,0,20.0167,4.32,17.4544,2822,1,0,3480,40.3983,40.608,35.7544
47.6651,5.77615,0,5.77615,4.3,17.3823,670,0,0,3481,40.4053,40.6151,35.7507
47.6876,7.69149,0,7.69149,4.3,17.3823,330,0,0,3482,40.4026,40.6123,35.7507
47.7072,14.6917,0,14.6917,4.28,17.3102,1010,1,0,3486,40.3847,40.5941,35.7435
47.74,26.545,0,26.545,4.28,17.3102,2240,0,0,3488,40.4252,40.6345,35.7381
47.7521,5.76024,0,5.76024,4.26,17.2381,40,0,0,3489,40.4142,40.6234,35.7381
47.7836,18.015,0,18.015,4.26,17.2381,810,0,0,3490,40.4252,40.6344,35.7345
47.8103,20.5863,0,20.5863,4.24,17.166,1506,2,0,3492,40.445,40.6541,35.731
47.8272,10.0112,0,10.0112,4.22,17.0939,1758,11,0,3495,40.4604,40.6692,35.7274
47.8438,7.66656,0,7.66656,4.22,17.0939,320,0,0,3496,40.4574,40.6662,35.7238
47.8579,8.57945,0,8.57945,4.2,17.0218,410,3,0,3497,40.457,40.6657,35.722
47.8896,20.8051,0,20.8051,4.2,17.0218,330,0,0,3500,40.4311,40.6397,35.7166
47.9188,23.0063,0,23.0063,4.18,16.9497,2536,0,0,3502,40.48,40.6885,35.7148
47.9633,37.6524,0,37.6524,4.16,16.8776,2840,2,0,3504,40.5374,40.7457,35.7095
47.9798,10.5503,0,10.5503,4.14,16.8055,920,0,0,3505,40.5512,40.7595,35.7077
47.998,8.29586,0,8.29586,4.14,16.8055,1070,0,0,3507,40.558,40.7662,35.7041
48.0172,13.9451,0,13.9451,4.12,16.7335,590,2,0,3509,40.5512,40.7592,35.7023
48.0281,3.73184,0,3.73184,4.12,16.7335,170,0,0,3510,40.5439,40.7519,35.6987
48.0625,29.6704,0,29.6704,4.1,16.6614,3166,0,0,3514,40.5879,40.7957,35.6934
48.0872,18.7393,0,18.7393,4.08,16.5893,2000,0,0,3518,40.5981,40.8056,35.6863
48.1278,34.3549,0,34.3549,4.06,16.5172,3526,0,0,3521,40.6637,40.8711,35.6791
48.148,13.6708,0,13.6708,4.04,16.4451,450,0,0,3523,40.6529,40.8601,35.6774
48.1651,10.6123,0,10.6123,4.04,16.4451,740,0,0,3525,40.6494,40.8565,35.6738
48.182,12.3813,0,12.3813,4.02,16.373,536,0,0,3529,40.6172,40.824,35.6667
48.2128,22.1527,0,22.1527,4.02,16.373,2216,0,0,3532,40.6455,40.8522,35.6614
48.2306,11.4508,0,11.4508,4,16.3009,150,0,0,3533,40.6377,40.8443,35.6578
48.2484,9.88057,0,9.88057,4,16.3009,370,0,0,3534,40.6361,40.8427,35.6578
48.2614,6.80922,0,6.80922,3.98,16.2288,940,0,0,3536,40.6391,40.8456,35.6525
48.2949,19.5086,0,19.5086,3.98,16.2288,2120,2,0,3538,40.6755,40.8819,35.649
48.3027,2.58176,0,2.58176,3.96,16.1567,100,0,0,3539,40.6663,40.8726,35.6472
48.3391,17.2717,0,17.2717,3.96,16.1567,2868,8,0,3541,40.7241,40.9302,35.6437
48.3609,15.0043,0,15.0043,3.94,16.0846,1230,0,0,3544,40.7238,40.9297,35.6401
48.4142,47.8212,0,47.8212,3.92,16.0125,3760,0,0,3547,40.7948,41.0006,35.6331
48.4336,13.8793,0,13.8793,3.9,15.9404,2272,1,0,3550,40.8242,41.0299,35.6278
48.4423,1.78946,0,1.78946,3.88,15.8684,20,0,0,3550,40.8242,41.0299,35.6278
48.5024,42.508,0,42.508,3.88,15.8684,3771,0,0,3554,40.8858,41.0912,35.6225
48.5332,24.3935,0,24.3935,3.86,15.7963,2696,0,0,3557,40.9266,41.1319,35.6172
48.5469,7.22306,0,7.22306,3.84,15.7242,240,0,0,3558,40.921,41.1262,35.6137
48.5746,15.6948,0,15.6948,3.84,15.7242,300,2,0,3560,40.9059,41.111,35.6102
48.6044,23.4379,0,23.4379,3.82,15.6521,2150,3,0,3563,40.9312,41.1361,35.6049
48.6213,10.7274,0,10.7274,3.8,15.58,1700,0,0,3566,40.9439,41.1486,35.6014
48.6328,2.91335,0,2.91335,3.8,15.58,40,0,0,3566,40.9439,41.1486,35.5997
48.6866,47.7859,0,47.7859,3.78,15.5079,4984,0,0,3569,41.0488,41.2533,35.5962
48.7217,28.4966,0,28.4966,3.76,15.4358,1540,0,0,3572,41.0566,41.2609,35.5892
48.7382,9.46857,0,9.46857,3.74,15.3637,1110,3,0,3574,41.0641,41.2683,35.5857
48.7512,1.90535,0,1.90535,3.74,15.3637,20,0,0,3574,41.0641,41.2683,35.5857
48.7698,12.8708,0,12.8708,3.72,15.2916,754,0,0,3578,41.0388,41.2429,35.5787
48.7999,21.3448,0,21.3448,3.72,15.2916,1372,0,0,3581,41.0427,41.2466,35.5752
48.8325,25.9657,0,25.9657,3.7,15.2195,2114,2,0,3584,41.067,41.2706,35.57
48.8473,8.7838,0,8.7838,3.68,15.1474,20,0,0,3584,41.067,41.2706,35.5682
48.882,24.0212,0,24.0212,3.68,15.1474,240,3,0,3586,41.0502,41.2538,35.5648
48.9028,14.1383,0,14.1383,3.66,15.0753,1238,0,0,3590,41.0384,41.2418,35.5578
48.9347,25.9331,0,25.9331,3.66,15.0753,2410,3,0,3593,41.0707,41.2739,35.5543
48.9519,11.6386,0,11.6386,3.64,15.0033,568,0,0,3594,41.0748,41.278,35.5508
48.992,32.2123,0,32.2123,3.64,15.0033,2702,7,0,3596,41.1268,41.3298,35.5474
49.0092,10.7764,0,10.7764,3.62,14.9312,672,0,0,3598,41.1226,41.3255,35.5456
49.0284,9.68068,0,9.68068,3.62,14.9312,50,0,0,3599,41.112,41.3148,35.5439
49.0491,15.2978,0,15.2978,3.6,14.8591,2042,1,0,3602,41.1341,41.3368,35.5387
49.0859,31.1247,0,31.1247,3.58,14.787,1150,0,0,3604,41.1426,41.3452,35.5352
49.1094,17.3587,0,17.3587,3.56,14.7149,1240,0,0,3607,41.1422,41.3446,35.53
49.1182,2.42276,0,2.42276,3.54,14.6428,20,0,0,3607,41.1422,41.3446,35.5283
49.1394,2.92466,0,2.92466,3.54,14.6428,20,0,0,3607,41.1422,41.3446,35.5283
49.1566,11.9999,0,11.9999,3.52,14.5707,80,0,0,3608,41.1325,41.3348,35.5266
49.1756,9.10607,0,9.10607,3.52,14.5707,1370,7,0,3611,41.1357,41.3379,35.5214
49.1981,17.1683,0,17.1683,3.5,14.4986,494,0,0,3613,41.1262,41.3283,35.5179
49.2079,3.43532,0,3.43532,3.48,14.4265,470,0,0,3614,41.1273,41.3293,35.5162
49.2456,21.8488,0,21.8488,3.48,14.4265,2082,0,0,3617,41.1507,41.3525,35.511
49.2641,11.6821,0,11.6821,3.46,14.3544,280,0,0,3620,41.1238,41.3254,35.5076
49.2919,19.2828,0,19.2828,3.46,14.3544,2196,2,0,3622,41.1618,41.3633,35.5024
49.3485,50.5402,0,50.5402,3.44,14.2823,2750,0,0,3625,41.203,41.4044,35.4973
49.3662,11.9853,0,11.9853,3.42,14.2102,780,0,0,3627,41.201,41.4023,35.4956
49.4057,31.2559,0,31.2559,3.42,14.2102,1860,4,0,3629,41.229,41.4301,35.4904
49.4392,26.6426,0,26.6426,3.4,14.1382,3232,0,0,3631,41.295,41.496,35.4887
49.4745,29.2495,0,29.2495,3.38,14.0661,1080,0,0,3634,41.2895,41.4904,35.4818
49.4915,10.3074,0,10.3074,3.36,13.994,868,0,0,3636,41.2904,41.4912,35.4784
49.5131,11.8439,0,11.8439,3.36,13.994,492,0,0,3638,41.2812,41.4819,35.475
49.5594,40.9318,0,40.9318,3.34,13.9219,3528,3,0,3642,41.3325,41.5329,35.4698
49.598,32.4731,0,32.4731,3.32,13.8498,1790,0,0,3645,41.3471,41.5473,35.463
49.61,5.79999,0,5.79999,3.3,13.7777,120,0,0,3646,41.3382,41.5384,35.4613
49.6259,2.25678,0,2.25678,3.3,13.7777,20,0,0,3646,41.3382,41.5384,35.4613
49.6596,27.7571,0,27.7571,3.28,13.7056,2838,1,0,3649,41.3815,41.5815,35.4562
49.6785,12.6503,0,12.6503,3.26,13.6335,24,0,0,3649,41.3815,41.5815,35.4562
49.7114,26.4048,0,26.4048,3.26,13.6335,2948,0,0,3650,41.451,41.651,35.4545
49.7344,16.1022,0,16.1022,3.24,13.5614,1350,0,0,3652,41.4647,41.6646,35.4527
49.7476,7.31025,0,7.31025,3.22,13.4893,610,0,0,3653,41.4695,41.6693,35.4493
49.7703,9.14914,0,9.14914,3.22,13.4893,1590,0,0,3655,41.4897,41.6895,35.4459
49.7953,19.6703,0,19.6703,3.2,13.4172,260,0,0,3656,41.485,41.6846,35.4442
49.8076,6.78385,0,6.78385,3.18,13.3451,1538,12,0,3657,41.5163,41.7159,35.4425
49.8257,5.40219,0,5.40219,3.18,13.3451,530,0,0,3658,41.5189,41.7184,35.4408
49.8381,6.09833,0,6.09833,3.16,13.2731,740,0,0,3659,41.5272,41.7267,35.4391
49.8673,16.0529,0,16.0529,3.16,13.2731,2194,15,0,3661,41.5641,41.7635,35.4374
49.8831,9.08149,0,9.08149,3.14,13.201,170,0,0,3663,41.5455,41.7447,35.434
49.9175,22.9273,0,22.9273,3.14,13.201,400,0,0,3664,41.5445,41.7437,35.4306
49.9573,33.8499,0,33.8499,3.12,13.1289,2768,0,0,3666,41.5968,41.796,35.4289
49.9703,7.4814,0,7.4814,3.1,13.0568,84,0,0,3667,41.5874,41.7865,35.4255
49.998,15.5371,0,15.5371,3.1,13.0568,2206,2,0,3669,41.6244,41.8234,35.4221
50.0176,12.8026,0,12.8026,3.08,12.9847,710,6,0,3670,41.6319,41.8308,35.4204
50.0561,30.9893,0,30.9893,3.08,12.9847,2624,7,0,3673,41.6689,41.8677,35.4171
50.0714,8.74923,0,8.74923,3.06,12.9126,570,0,0,3675,41.6612,41.8599,35.412
50.125,42.9069,0,42.9069,3.06,12.9126,2867,18,0,3679,41.6937,41.8921,35.4052
50.1462,14.6062,0,14.6062,3.04,12.8405,60,0,0,3680,41.6834,41.8818,35.4035
50.1718,20.7177,0,20.7177,3.02,12.7684,2840,0,0,3683,41.726,41.9242,35.3985
50.1992,20.6623,0,20.6623,3,12.6963,1926,0,0,3684,41.7671,41.9653,35.3968
50.7065,500.638,480.269,20.3683,2.98,12.6242,221516,415,0,3686,41.2623,41.4965,35.3951
50.7625,49.2619,0,49.2619,2.96,12.5521,4450,0,0,3689,41.3489,41.5828,35.39
50.7857,16.4896,0,16.4896,2.94,12.4801,1858,0,0,3691,41.3766,41.6104,35.385
50.7995,6.72837,0,6.72837,2.92,12.408,198,0,0,3692,41.3705,41.6043,35.3833
50.8238,11.9336,0,11.9336,2.92,12.408,1648,0,0,3694,41.3923,41.6259,35.3816
50.871,41.1889,0,41.1889,2.9,12.3359,2982,27,0,3697,41.4398,41.6732,35.3766
50.8938,16.6089,0,16.6089,2.88,12.2638,950,0,0,3699,41.4426,41.6759,35.3732
50.9086,8.09503,0,8.09503,2.86,12.1917,1390,1,0,3701,41.4572,41.6904,35.3698
50.9386,17.593,0,17.593,2.86,12.1917,263,0,0,3702,41.4525,41.6856,35.3665
50.9679,24.2465,0,24.2465,2.84,12.1196,2460,0,0,3703,41.5072,41.7402,35.3648
50.9863,12.0932,0,12.0932,2.82,12.0475,2516,1,0,3705,41.5525,41.7854,35.3614
51.0009,6.14252,0,6.14252,2.82,12.0475,730,3,0,3707,41.5492,41.782,35.3598
51.012,5.7883,0,5.7883,2.8,11.9754,450,0,0,3708,41.5494,41.7821,35.3564
51.0696,41.9616,0,41.9616,2.8,11.9754,3830,0,0,3712,41.6072,41.8397,35.3497
51.0955,19.3187,0,19.3187,2.78,11.9033,2446,1,0,3716,41.6286,41.8609,35.3447
51.1231,21.01,0,21.01,2.76,11.8312,2482,0,0,3719,41.6617,41.8938,35.3397
51.1408,10.4338,0,10.4338,2.74,11.7591,1100,0,0,3720,41.6793,41.9113,35.338
51.1674,16.723,0,16.723,2.74,11.7591,918,0,0,3723,41.6702,41.902,35.333
51.2155,42.262,0,42.262,2.72,11.687,1030,1,0,3726,41.6637,41.8953,35.3263
51.2405,18.0847,0,18.0847,2.7,11.615,2386,3,0,3728,41.7063,41.9378,35.3247
51.2882,41.2715,0,41.2715,2.68,11.5429,3692,0,0,3732,41.7605,41.9917,35.318
51.3023,7.4732,0,7.4732,2.66,11.4708,920,0,0,3734,41.7622,41.9933,35.313
51.323,7.24055,0,7.24055,2.66,11.4708,240,0,0,3735,41.7569,41.988,35.3114
51.3445,16.4753,0,16.4753,2.64,11.3987,760,5,0,3737,41.7543,41.9853,35.3081
51.3785,26.4036,0,26.4036,2.62,11.3266,1490,2,0,3740,41.761,41.9917,35.3047
51.406,20.2116,0,20.2116,2.6,11.2545,2230,0,0,3744,41.7762,42.0067,35.2981
51.4209,8.22044,0,8.22044,2.58,11.1824,230,0,0,3745,41.7706,42.0011,35.2948
51.465,33.2172,0,33.2172,2.58,11.1824,2826,0,0,3748,41.8127,42.043,35.2915
51.4922,20.9335,0,20.9335,2.56,11.1103,1044,3,0,3750,41.8179,42.048,35.2882
51.5455,46.8686,0,46.8686,2.54,11.0382,4746,10,0,3753,41.9113,42.1412,35.2832
51.5605,8.36262,0,8.36262,2.52,10.9661,1650,11,0,3755,41.9326,42.1625,35.2783
51.5768,5.35456,0,5.35456,2.52,10.9661,490,0,0,3757,41.9228,42.1525,35.275
51.5915,7.90489,0,7.90489,2.5,10.894,444,0,0,3759,41.9119,42.1415,35.2717
51.6088,5.90669,0,5.90669,2.5,10.894,70,0,0,3760,41.9021,42.1316,35.2717
51.6174,2.04957,0,2.04957,2.48,10.8219,20,0,0,3760,41.9021,42.1316,35.27
51.656,21.4208,0,21.4208,2.48,10.8219,1860,0,0,3762,41.929,42.1584,35.2667
51.6749,12.4526,0,12.4526,2.46,10.7499,794,0,0,3764,41.9275,42.1567,35.2634
51.6964,13.642,0,13.642,2.46,10.7499,2450,0,0,3767,41.9594,42.1885,35.2601
51.7172,14.4472,0,14.4472,2.44,10.6778,1178,0,0,3769,41.9682,42.1971,35.2552
51.7416,17.8906,0,17.8906,2.44,10.6778,1240,0,0,3771,41.9783,42.2071,35.2519
51.7534,5.37504,0,5.37504,2.42,10.6057,490,1,0,3773,41.9685,42.1972,35.2503
51.7707,3.42774,0,3.42774,2.42,10.6057,530,0,0,3774,41.9709,42.1995,35.247
51.7945,17.4626,0,17.4626,2.4,10.5336,2860,1,0,3777,42.0127,42.2412,35.2437
51.8217,20.8429,0,20.8429,2.38,10.4615,1696,0,0,3781,42.0127,42.2409,35.2372
51.8384,9.89124,0,9.89124,2.36,10.3894,200,0,0,3783,41.9952,42.2234,35.2322
51.8509,2.34835,0,2.34835,2.36,10.3894,120,0,0,3784,41.9868,42.2149,35.2306
51.8583,2.03815,0,2.03815,2.34,10.3173,20,0,0,3784,41.9868,42.2149,35.2306
51.8921,13.9728,0,13.9728,2.34,10.3173,360,0,0,3787,41.9625,42.1904,35.2257
51.9307,32.6998,0,32.6998,2.32,10.2452,2350,5,0,3788,42.0129,42.2408,35.2241
51.9502,12.8354,0,12.8354,2.3,10.1731,2146,5,0,3790,42.047,42.2747,35.2208
51.9649,8.40117,0,8.40117,2.3,10.1731,850,4,0,3792,42.0467,42.2743,35.2175
52.0069,35.5098,0,35.5098,2.28,10.101,640,0,0,3794,42.0409,42.2683,35.2159
52.0173,5.21318,0,5.21318,2.26,10.0289,1000,0,0,3795,42.0556,42.283,35.2126
52.0621,30.3271,0,30.3271,2.26,10.0289,1368,5,0,3798,42.0574,42.2846,35.2077
52.0986,30.2023,0,30.2023,2.24,9.95685,1722,0,0,3800,42.0805,42.3076,35.2045
52.1328,28.1093,0,28.1093,2.22,9.88475,1896,1,0,3803,42.097,42.324,35.2012
52.1605,21.4489,0,21.4489,2.2,9.81266,1476,0,0,3805,42.1135,42.3403,35.198
52.1951,28.1237,0,28.1237,2.18,9.74057,4074,4,0,3808,42.187,42.4136,35.1931
52.213,11.5441,0,11.5441,2.16,9.66848,1620,4,0,3809,42.2179,42.4445,35.1915
52.249,28.455,0,28.455,2.16,9.66848,538,0,0,3812,42.1986,42.425,35.1866
52.262,6.47356,0,6.47356,2.14,9.59639,260,0,0,3813,42.1938,42.4201,35.1834
52.2997,23.6832,0,23.6832,2.14,9.59639,440,0,0,3814,42.1938,42.42,35.1817
52.3547,48.6927,0,48.6927,2.12,9.5243,2890,0,0,3816,42.2469,42.473,35.1785
52.387,25.3279,0,25.3279,2.1,9.4522,260,0,0,3818,42.231,42.457,35.1769
52.4002,7.48924,0,7.48924,2.08,9.38011,1536,0,0,3819,42.2598,42.4857,35.1736
52.4289,15.7408,0,15.7408,2.08,9.38011,380,0,0,3820,42.2581,42.484,35.1736
52.4502,14.5982,0,14.5982,2.06,9.30802,230,0,0,3823,42.2304,42.4562,35.1688
52.4987,43.0178,0,43.0178,2.04,9.23593,1448,0,0,3825,42.246,42.4716,35.1639
52.5255,20.1313,0,20.1313,2.02,9.16384,2234,0,0,3827,42.2822,42.5077,35.1623
52.5509,18.8565,0,18.8565,2,9.09175,2824,0,0,3829,42.3335,42.5589,35.1575
52.6064,49.8226,0,49.8226,1.98,9.01966,1944,1,0,3832,42.351,42.5762,35.1526
52.6359,23.1932,0,23.1932,1.96,8.94756,1382,0,0,3835,42.3538,42.5789,35.1494
52.6735,30.9873,0,30.9873,1.94,8.87547,1730,0,0,3836,42.3874,42.6124,35.1462
52.7111,29.5021,0,29.5021,1.92,8.80338,254,0,0,3838,42.3715,42.5964,35.1446
52.7605,42.7114,0,42.7114,1.9,8.73129,5278,1,0,3842,42.4651,42.6897,35.1382
52.7803,12.7695,0,12.7695,1.88,8.6592,1610,0,0,3845,42.4733,42.6978,35.1333
52.7978,11.4508,0,11.4508,1.88,8.6592,930,0,0,3848,42.4639,42.6881,35.1269
52.8476,43.2389,0,43.2389,1.86,8.58711,1018,0,0,3851,42.457,42.6811,35.1237
52.9003,45.4135,0,45.4135,1.84,8.51501,3570,0,0,3853,42.5271,42.7511,35.1205
52.9507,44.4116,0,44.4116,1.82,8.44292,2228,0,0,3857,42.5403,42.7641,35.1141
52.9612,4.14275,0,4.14275,1.8,8.37083,410,0,0,3858,42.5394,42.7631,35.1109
52.985,7.12873,0,7.12873,1.8,8.37083,410,0,0,3859,42.5385,42.7621,35.1093
53.0105,20.1224,0,20.1224,1.78,8.29874,1988,0,0,3860,42.5795,42.8031,35.1077
53.0248,6.70895,0,6.70895,1.76,8.22665,1270,0,0,3861,42.6009,42.8244,35.1077
53.0588,20.3204,0,20.3204,1.76,8.22665,2970,0,0,3863,42.6552,42.8786,35.1029
53.0856,20.3778,0,20.3778,1.74,8.15456,650,0,0,3865,42.6494,42.8727,35.1013
53.1009,8.79136,0,8.79136,1.72,8.08247,1300,15,0,3867,42.6602,42.8834,35.0965
53.149,37.886,0,37.886,1.72,8.08247,2778,0,0,3871,42.6877,42.9106,35.0917
53.1713,15.0378,0,15.0378,1.7,8.01037,1336,0,0,3872,42.7113,42.9341,35.0885
53.1877,9.28162,0,9.28162,1.68,7.93828,620,0,0,3873,42.7157,42.9385,35.0869
53.2537,54.7859,0,54.7859,1.68,7.93828,3214,27,0,3875,42.777,42.9997,35.0854
53.2713,10.6678,0,10.6678,1.66,7.86619,1480,1,0,3877,42.7926,43.0152,35.0806
53.3138,34.0372,0,34.0372,1.66,7.86619,1898,0,0,3880,42.808,43.0304,35.0758
53.3255,5.21245,0,5.21245,1.64,7.7941,30,0,0,3881,42.7972,43.0196,35.0742
53.3672,26.5446,0,26.5446,1.64,7.7941,3000,3,0,3884,42.8409,43.0631,35.071
53.38,6.11557,0,6.11557,1.62,7.72201,860,0,0,3885,42.8515,43.0736,35.0695
53.4211,26.5878,0,26.5878,1.62,7.72201,2020,9,0,3888,42.8699,43.0918,35.0631
53.437,8.94568,0,8.94568,1.6,7.64992,1668,2,0,3890,42.8902,43.1121,35.0599
53.4533,6.33419,0,6.33419,1.6,7.64992,290,0,0,3892,42.8751,43.0969,35.0584
53.4781,18.3454,0,18.3454,1.58,7.57782,1300,1,0,3894,42.886,43.1076,35.0552
53.5143,30.425,0,30.425,1.56,7.50573,2480,9,0,3898,42.9053,43.1267,35.0473
53.5367,15.7059,0,15.7059,1.54,7.43364,2150,0,0,3900,42.9379,43.1592,35.0457
53.5571,14.7116,0,14.7116,1.52,7.36155,1400,0,0,3902,42.9513,43.1725,35.041
53.6148,50.8997,0,50.8997,1.5,7.28946,3978,0,0,3905,43.0205,43.2415,35.0378
53.6394,16.9412,0,16.9412,1.48,7.21737,2594,0,0,3907,43.0645,43.2854,35.0331
53.6531,8.23278,0,8.23278,1.46,7.14527,560,0,0,3908,43.0673,43.2881,35.0315
53.6899,23.4007,0,23.4007,1.46,7.14527,3875,9,0,3910,43.1445,43.3652,35.0283
53.7008,4.05472,0,4.05472,1.44,7.07318,610,0,0,3911,43.1486,43.3692,35.0268
53.7262,10.3487,0,10.3487,1.44,7.07318,330,0,0,3913,43.1342,43.3547,35.0236
53.9681,234.615,214.394,20.2216,1.42,7.00109,120482,966,0,3915,42.3709,42.5908,35.022
53.9819,6.4213,0,6.4213,1.4,6.929,1240,0,0,3916,42.3912,42.6111,35.0189
54.009,13.0923,0,13.0923,1.4,6.929,1870,9,0,3918,42.4168,42.6365,35.0173
54.0337,17.7011,0,17.7011,1.38,6.85691,610,0,0,3920,42.4102,42.6298,35.0126
54.0545,14.4238,0,14.4238,1.36,6.78482,2630,0,0,3922,42.4551,42.6747,35.0095
54.0737,12.4383,0,12.4383,1.34,6.71273,780,1,0,3923,42.4634,42.6829,35.0079
54.0834,1.79279,0,1.79279,1.34,6.71273,20,0,0,3923,42.4634,42.6829,35.0079
54.1209,32.3509,0,32.3509,1.32,6.64063,1150,0,0,3925,42.4703,42.6897,35.0048
54.1363,9.16025,0,9.16025,1.3,6.56854,80,0,0,3926,42.461,42.6803,35.0032
54.1753,27.6539,0,27.6539,1.3,6.56854,2650,0,0,3928,42.5064,42.7256,35.0001
54.2107,28.6357,0,28.6357,1.28,6.49645,810,2,0,3931,42.494,42.7131,34.9969
54.2379,21.2935,0,21.2935,1.26,6.42436,3623,1,0,3934,42.5534,42.7722,34.9922
54.2492,4.90906,0,4.90906,1.24,6.35227,470,2,0,3935,42.554,42.7728,34.9891
54.2828,17.1297,0,17.1297,1.24,6.35227,120,0,0,3936,42.5457,42.7645,34.9876
54.3135,24.258,0,24.258,1.22,6.28018,832,0,0,3938,42.5442,42.7628,34.9844
54.3531,32.8833,0,32.8833,1.2,6.20808,1200,0,0,3941,42.5417,42.7602,34.9813
54.3871,26.1822,0,26.1822,1.18,6.13599,370,0,0,3944,42.5183,42.7366,34.9751
54.4282,33.8795,0,33.8795,1.16,6.0639,2150,0,0,3946,42.5507,42.7689,34.9719
54.4654,30.3886,0,30.3886,1.14,5.99181,880,0,0,3949,42.5401,42.7582,34.9673
54.489,17.1441,0,17.1441,1.12,5.91972,2530,0,0,3952,42.5714,42.7892,34.9626
54.5031,6.77217,0,6.77217,1.1,5.84763,160,0,0,3953,42.5641,42.7819,34.9626
54.564,47.1028,0,47.1028,1.1,5.84763,4830,8,0,3957,42.6427,42.8602,34.9564
54.6186,47.5102,0,47.5102,1.08,5.77554,4190,4,0,3961,42.7049,42.9222,34.9502
54.6315,5.99855,0,5.99855,1.06,5.70344,180,0,0,3962,42.6979,42.9152,34.9471
54.6485,2.34515,0,2.34515,1.06,5.70344,20,0,0,3962,42.6979,42.9152,34.9471
54.7143,60.4679,0,60.4679,1.04,5.63135,5630,0,0,3965,42.8071,43.0242,34.9424
54.7297,8.84792,0,8.84792,1.02,5.55926,20,0,0,3965,42.8071,43.0242,34.9424
54.7474,6.01651,0,6.01651,1.02,5.55926,140,0,0,3967,42.7885,43.0055,34.9393
54.7701,16.9613,0,16.9613,1,5.48717,340,0,0,3968,42.7855,43.0025,34.9378
54.7867,8.97988,0,8.97988,0.98,5.41508,1160,0,0,3970,42.7927,43.0096,34.9347
54.8069,10.0994,0,10.0994,0.98,5.41508,890,0,0,3974,42.7715,42.9882,34.93
54.8307,16.6309,0,16.6309,0.96,5.34299,2080,2,0,3977,42.791,43.0075,34.9254
54.8486,11.7724,0,11.7724,0.94,5.27089,1820,0,0,3979,42.8148,43.0312,34.9223
54.8679,9.27933,0,9.27933,0.94,5.27089,200,0,0,3980,42.8085,43.0249,34.9208
54.8829,7.83535,0,7.83535,0.92,5.1988,580,1,0,3982,42.8001,43.0163,34.9177
54.9103,15.5352,0,15.5352,0.92,5.1988,930,0,0,3983,42.8122,43.0284,34.9146
54.9197,2.58535,0,2.58535,0.9,5.12671,270,0,0,3984,42.8077,43.0238,34.9146
54.941,4.46446,0,4.46446,0.9,5.12671,250,0,0,3987,42.7813,42.9972,34.9084
54.9569,8.48024,0,8.48024,0.88,5.05462,920,0,0,3988,42.7931,43.009,34.9084
54.996,29.4028,0,29.4028,0.88,5.05462,2870,0,0,3990,42.8431,43.0589,34.9038
55.0179,14.467,0,14.467,0.86,4.98253,1580,0,0,3992,42.8607,43.0764,34.9023
55.0287,3.11905,0,3.11905,0.84,4.91044,310,0,0,3993,42.8573,43.0729,34.9007
55.05,4.21596,0,4.21596,0.84,4.91044,70,0,0,3994,42.8478,43.0633,34.8977
55.0588,3.06381,0,3.06381,0.82,4.83834,20,0,0,3994,42.8478,43.0633,34.8977
55.0972,19.4374,0,19.4374,0.82,4.83834,390,0,0,3997,42.8249,43.0403,34.8946
55.1266,21.886,0,21.886,0.8,4.76625,2570,0,0,3999,42.8672,43.0825,34.89
55.1687,36.2402,0,36.2402,0.78,4.69416,3460,0,0,4001,42.9318,43.147,34.8869
55.2101,34.6989,0,34.6989,0.76,4.62207,380,1,0,4003,42.9193,43.1344,34.8838
55.2179,2.4373,0,2.4373,0.74,4.54998,20,0,0,4003,42.9193,43.1344,34.8838
55.2628,25.5428,0,25.5428,0.74,4.54998,1840,0,0,4005,42.9433,43.1583,34.8808
55.2776,7.97902,0,7.97902,0.72,4.47789,150,0,0,4006,42.9358,43.1508,34.8793
55.3348,45.9634,0,45.9634,0.72,4.47789,2983,0,0,4010,42.9671,43.1818,34.8747
55.3443,2.92417,0,2.92417,0.7,4.4058,20,0,0,4010,42.9671,43.1818,34.8731
55.3691,6.60764,0,6.60764,0.7,4.4058,120,0,0,4012,42.9482,43.1628,34.8716
55.3934,17.813,0,17.813,0.68,4.3337,1430,0,0,4013,42.9726,43.1871,34.8685
55.4136,14.6296,0,14.6296,0.66,4.26161,750,0,0,4015,42.9694,43.1838,34.8655
55.4403,19.7898,0,19.7898,0.64,4.18952,2330,0,0,4017,43.0055,43.2198,34.864
55.469,20.7635,0,20.7635,0.62,4.11743,520,0,0,4020,42.9858,43.2,34.8594
55.5607,84.8153,0,84.8153,0.6,4.04534,4830,18,0,4024,43.0626,43.2766,34.8533
55.5799,13.3585,0,13.3585,0.58,3.97325,50,0,0,4025,43.0524,43.2663,34.8502
55.5924,6.66196,0,6.66196,0.58,3.97325,690,0,0,4027,43.0477,43.2615,34.8472
55.626,28.4955,0,28.4955,0.56,3.90115,590,0,0,4028,43.0511,43.2649,34.8457
55.7977,157.58,145.828,11.7519,0.54,3.90115,139739,11,0,4029,43.0901,43.3038,34.8441
55.841,25.743,0,25.743,0.52,3.90115,3170,0,0,4032,43.1364,43.35,34.8411
55.8807,27.4797,0,27.4797,0.5,3.90115,540,0,0,4035,43.1175,43.3309,34.8365
55.9029,6.31894,0,6.31894,0.48,3.90115,210,0,0,4036,43.1117,43.3251,34.8335
55.931,13.4846,0,13.4846,0.46,3.90115,20,0,0,4037,43.1013,43.3146,34.832
55.9671,23.7969,0,23.7969,0.44,3.90115,2000,0,0,4040,43.1186,43.3317,34.829
55.982,2.47484,0,2.47484,0.42,3.90115,10,0,0,4040,43.1186,43.3317,34.8274
56.0219,22.4696,0,22.4696,0.42,3.90115,1060,0,0,4042,43.1232,43.3362,34.8244
56.0446,9.40602,0,9.40602,0.4,3.90115,1110,0,0,4044,43.1291,43.342,34.8214
56.0673,9.79738,0,9.79738,0.38,3.90115,2240,2,0,4045,43.1735,43.3864,34.8199
