elapsed_s,total_latency_ms,update_ms,plan_ms,time_to_goal,path_cost,obstacle_checks,queue_operations,collision_count,tree_size,avg_deg_out,avg_deg_in,radius
0.68909,688.708,687.389,1.3196,30,146.969,52562,618,0,775,15.8297,15.8297,20
0.694366,3.81437,0,3.81437,29.98,155.191,298,0,0,776,15.8428,15.8428,20
0.711047,0.220474,0,0.220474,29.98,155.191,40,0,0,776,15.8428,15.8428,20
0.719345,7.05696,0,7.05696,29.96,155.025,539,4,0,777,15.8867,15.8867,20
0.735994,3.16604,0,3.16604,29.96,155.025,192,0,0,778,15.8766,15.8766,20
0.742218,4.77328,0,4.77328,29.94,154.86,342,0,0,779,15.9063,15.9063,20
0.758453,0.546904,0,0.546904,29.94,154.86,60,0,0,780,15.8885,15.8885,20
0.760271,0.4549,0,0.4549,29.92,154.694,50,0,0,780,15.8885,15.8885,20
0.787037,6.69353,0,6.69353,29.92,154.694,479,4,0,782,15.9066,15.9066,20
0.794678,6.12577,0,6.12577,29.9,154.529,474,54,0,784,15.9209,15.9209,20
0.818917,9.94614,0,9.94614,29.9,154.529,560,0,0,785,15.9656,15.9656,20
0.824633,4.14267,0,4.14267,29.88,154.363,340,0,0,786,15.9822,15.9822,20
0.840649,0.129901,0,0.129901,29.88,154.363,50,0,0,786,15.9822,15.9822,20
0.84234,0.252548,0,0.252548,29.86,154.198,50,0,0,786,15.9822,15.9822,20
0.874689,12.3265,0,12.3265,29.86,154.198,870,6,0,788,16.047,16.047,20
0.876282,0.099502,0,0.099502,29.84,154.033,50,0,0,788,16.047,16.047,20
0.907463,11.0178,0,11.0178,29.84,154.033,823,16,0,790,16.1101,16.1101,20
0.925326,16.4727,0,16.4727,29.82,153.868,1100,70,0,792,16.202,16.202,20
0.934828,5.56959,0,5.56959,29.82,153.868,370,0,0,793,16.2219,16.2219,20
0.936654,0.155647,0,0.155647,29.8,153.702,50,0,0,793,16.2219,16.2219,20
0.96403,7.12749,0,7.12749,29.8,153.702,463,4,0,795,16.234,16.234,20
0.967741,2.25611,0,2.25611,29.78,153.537,192,0,0,796,16.2412,16.2412,20
0.989354,3.325,0,3.325,29.78,153.537,210,0,0,798,16.2206,16.2206,20
0.990856,0.067941,0,0.067941,29.76,153.372,50,0,0,798,16.2206,16.2206,20
1.01138,0.136934,0,0.136934,29.76,153.372,50,0,0,798,16.2206,16.2206,20
1.01362,0.659079,0,0.659079,29.74,153.207,50,0,0,798,16.2206,16.2206,20
1.04083,7.26858,0,7.26858,29.74,153.207,527,0,0,800,16.2488,16.2488,20
1.04444,2.24877,0,2.24877,29.72,153.041,210,0,0,801,16.2484,16.2484,20
1.06424,1.36442,0,1.36442,29.72,153.041,129,2,0,802,16.2406,16.2406,20
1.06576,0.133608,0,0.133608,29.7,152.876,50,0,0,802,16.2406,16.2406,20
1.09297,6.37846,0,6.37846,29.7,152.876,324,3,0,804,16.2388,16.2388,20
1.1102,14.5916,0,14.5916,29.68,152.711,720,0,0,805,16.3019,16.3019,20
1.11674,0.973036,0,0.973036,29.68,152.711,50,0,0,805,16.3019,16.3019,20
1.12729,8.59154,0,8.59154,29.66,152.546,573,4,0,807,16.3333,16.3333,20
1.14398,5.06682,0,5.06682,29.66,152.546,370,2,0,808,16.3527,16.3527,20
1.14835,2.9544,0,2.9544,29.64,152.381,257,0,0,809,16.3622,16.3622,20
1.16677,0.745661,0,0.745661,29.64,152.381,50,0,0,809,16.3622,16.3622,20
1.16927,0.653726,0,0.653726,29.62,152.215,50,0,0,809,16.3622,16.3622,20
1.19552,6.45895,0,6.45895,29.62,152.215,470,0,0,810,16.3975,16.3975,20
1.20983,12.1944,0,12.1944,29.6,152.05,710,12,0,812,16.4397,16.4397,20
1.21859,0.675829,0,0.675829,29.6,152.05,50,0,0,812,16.4397,16.4397,20
1.2214,1.23064,0,1.23064,29.58,151.885,122,0,0,812,16.4397,16.4397,20
1.24852,7.89157,0,7.89157,29.58,151.885,340,0,0,813,16.4551,16.4551,20
1.25854,7.94968,0,7.94968,29.56,151.72,573,2,0,815,16.4822,16.4822,20
1.27867,7.88941,0,7.88941,29.56,151.72,415,0,0,817,16.4945,16.4945,20
1.28629,5.80877,0,5.80877,29.54,151.554,347,1,0,819,16.4908,16.4908,20
1.30253,1.6446,0,1.6446,29.54,151.554,153,0,0,820,16.4866,16.4866,20
1.30468,0.087412,0,0.087412,29.52,151.389,66,0,0,820,16.4866,16.4866,20
1.32791,2.83509,0,2.83509,29.52,151.389,236,0,0,821,16.4872,16.4872,20
1.33251,2.66893,0,2.66893,29.5,151.224,136,0,0,822,16.4757,16.4757,20
1.37914,28.9017,0,28.9017,29.5,151.224,1163,0,0,824,16.5704,16.5704,20
1.38725,6.11545,0,6.11545,29.48,151.059,472,12,0,825,16.5976,16.5976,20
1.40885,7.22846,0,7.22846,29.48,151.059,422,2,0,826,16.6186,16.6186,20
1.41877,7.7344,0,7.7344,29.46,150.893,602,0,0,827,16.6614,16.6614,20
1.44091,9.14788,0,9.14788,29.46,150.893,562,14,0,828,16.6993,16.6993,20
1.44395,0.90456,0,0.90456,29.44,150.728,142,0,0,829,16.6864,16.6864,20
1.4711,7.08843,0,7.08843,29.44,150.728,382,2,0,830,16.7012,16.7012,20
1.48064,6.96253,0,6.96253,29.42,150.563,520,0,0,832,16.7188,16.7188,20
1.49712,2.86002,0,2.86002,29.42,150.563,214,6,0,833,16.7263,16.7263,20
1.5056,5.88977,0,5.88977,29.4,150.398,335,0,0,834,16.741,16.741,20
1.52054,0.2613,0,0.2613,29.4,150.398,82,0,0,834,16.741,16.741,20
1.52829,5.83092,0,5.83092,29.38,150.233,482,2,0,835,16.7689,16.7689,20
1.55102,7.88092,0,7.88092,29.38,150.233,582,12,0,837,16.7885,16.7885,20
1.56509,11.2682,0,11.2682,29.36,150.067,608,16,0,839,16.8164,16.8164,20
1.5886,14.6127,0,14.6127,29.36,150.067,842,0,0,841,16.8668,16.8668,20
1.59359,2.68581,0,2.68581,29.34,149.902,212,0,0,842,16.8622,16.8622,20
1.61529,3.82594,0,3.82594,29.34,149.902,252,2,0,843,16.8731,16.8731,20
1.62504,7.3536,0,7.3536,29.32,149.737,478,0,0,845,16.884,16.884,20
1.64269,4.72812,0,4.72812,29.32,149.737,415,0,0,846,16.9125,16.9125,20
1.64856,3.73724,0,3.73724,29.3,149.572,347,2,0,847,16.9209,16.9209,20
1.66947,4.58109,0,4.58109,29.3,149.572,357,0,0,848,16.9328,16.9328,20
1.68192,10.4158,0,10.4158,29.28,149.406,657,6,0,850,16.9682,16.9682,20
1.69911,6.64759,0,6.64759,29.28,149.406,463,0,0,851,16.9965,16.9965,20
1.70386,2.70984,0,2.70984,29.26,149.241,268,0,0,852,16.9977,16.9977,20
1.73713,15.0218,0,15.0218,29.26,149.241,998,6,0,854,17.0644,17.0644,20
1.748,8.72485,0,8.72485,29.24,149.076,628,2,0,855,17.1076,17.1076,20
1.76623,6.50447,0,6.50447,29.24,149.076,498,4,0,856,17.1355,17.1355,20
1.78016,11.645,0,11.645,29.22,148.911,940,0,0,858,17.1981,17.1981,20
1.8001,10.9098,0,10.9098,29.22,148.911,879,32,0,860,17.2523,17.2523,20
1.80389,1.64979,0,1.64979,29.2,148.745,186,0,0,861,17.2462,17.2462,20
1.82321,0.39879,0,0.39879,29.2,148.745,98,0,0,861,17.2462,17.2462,20
1.83964,14.1124,0,14.1124,29.18,148.58,1064,0,0,863,17.3233,17.3233,20
1.84694,0.718232,0,0.718232,29.18,148.58,98,0,0,863,17.3233,17.3233,20
1.85225,3.00427,0,3.00427,29.16,148.415,273,0,0,864,17.3322,17.3322,20
1.86998,0.27723,0,0.27723,29.16,148.415,98,0,0,864,17.3322,17.3322,20
1.87366,1.64603,0,1.64603,29.14,148.25,238,0,0,865,17.3283,17.3283,20
1.89908,6.14534,0,6.14534,29.14,148.25,496,11,0,867,17.3356,17.3356,20
1.90342,2.06522,0,2.06522,29.12,148.085,204,0,0,868,17.3295,17.3295,20
1.92546,3.45455,0,3.45455,29.12,148.085,326,18,0,869,17.3383,17.3383,20
1.92917,0.986691,0,0.986691,29.1,147.919,114,0,0,869,17.3383,17.3383,20
1.95363,4.81725,0,4.81725,29.1,147.919,342,0,0,870,17.3471,17.3471,20
1.96659,10.1179,0,10.1179,29.08,147.754,541,2,0,872,17.3589,17.3589,20
1.98331,6.16191,0,6.16191,29.08,147.754,373,0,0,873,17.378,17.378,20
1.98647,0.185199,0,0.185199,29.06,147.589,114,0,0,873,17.378,17.378,20
2.01265,5.72235,0,5.72235,29.06,147.589,357,0,0,875,17.376,17.376,20
2.02017,3.76136,0,3.76136,29.04,147.424,300,0,0,876,17.3767,17.3767,20
2.04749,10.9381,0,10.9381,29.04,147.424,846,0,0,878,17.4226,17.4226,20
2.05907,8.28352,0,8.28352,29.02,147.258,730,0,0,879,17.4721,17.4721,20
2.07618,5.24003,0,5.24003,29.02,147.258,381,0,0,880,17.483,17.483,20
2.08006,0.729212,0,0.729212,29,147.093,120,0,0,880,17.483,17.483,20
2.10777,8.26819,0,8.26819,29,147.093,510,0,0,881,17.5074,17.5074,20
2.11553,4.54262,0,4.54262,28.98,146.928,381,2,0,882,17.5215,17.5215,20
2.13156,0.289048,0,0.289048,28.98,146.928,130,0,0,882,17.5215,17.5215,20
2.14408,9.9266,0,9.9266,28.96,146.763,550,0,0,883,17.5504,17.5504,20
2.1626,8.07074,0,8.07074,28.96,146.763,538,61,0,884,17.5701,17.5701,20
2.17272,6.94955,0,6.94955,28.94,146.597,451,9,0,886,17.5756,17.5756,20
2.19859,12.6228,0,12.6228,28.94,142.853,950,6,0,888,17.6295,17.6295,20
2.21023,9.2939,0,9.2939,28.92,142.688,724,6,0,890,17.6629,17.6629,20
2.22894,7.20467,0,7.20467,28.92,142.688,562,0,0,891,17.6947,17.6947,20
2.23744,5.94421,0,5.94421,28.9,142.523,470,6,0,892,17.713,17.713,20
2.25251,0.116222,0,0.116222,28.9,142.523,130,0,0,892,17.713,17.713,20
2.26211,7.22321,0,7.22321,28.88,142.358,552,0,0,893,17.7447,17.7447,20
2.2761,0.193423,0,0.193423,28.88,142.358,130,0,0,893,17.7447,17.7447,20
2.28275,3.84124,0,3.84124,28.86,142.192,384,10,0,894,17.7606,17.7606,20
2.30207,2.64748,0,2.64748,28.86,142.192,260,2,0,895,17.7542,17.7542,20
2.30554,0.417436,0,0.417436,28.84,142.027,140,0,0,895,17.7542,17.7542,20
2.32792,2.26651,0,2.26651,28.84,142.027,240,0,0,896,17.7455,17.7455,20
2.33942,7.91561,0,7.91561,28.82,141.862,530,146,0,897,17.7681,17.7681,20
2.35598,4.44011,0,4.44011,28.82,141.862,407,0,0,898,17.7884,17.7884,20
2.36355,5.06019,0,5.06019,28.8,141.697,430,17,0,899,17.7998,17.7998,20
2.38116,1.95263,0,1.95263,28.8,141.697,284,0,0,900,17.7856,17.7856,20
2.38944,5.83164,0,5.83164,28.78,141.532,550,21,0,902,17.8004,17.8004,20
2.41187,7.37566,0,7.37566,28.78,141.532,687,6,0,903,17.8416,17.8416,20
2.41638,1.93514,0,1.93514,28.76,141.366,260,0,0,904,17.8341,17.8341,20
2.43897,3.98365,0,3.98365,28.76,141.366,362,0,0,905,17.8387,17.8387,20
2.44361,1.99506,0,1.99506,28.74,141.201,290,0,0,906,17.8333,17.8333,20
2.46543,2.957,0,2.957,28.74,141.201,292,2,0,907,17.8291,17.8291,20
2.47343,5.16674,0,5.16674,28.72,141.036,532,0,0,908,17.8524,17.8524,20
2.50466,15.6213,0,15.6213,28.72,141.036,1120,10,0,910,17.9187,17.9187,20
2.51115,3.75257,0,3.75257,28.7,140.871,434,6,0,911,17.933,17.933,20
2.52847,0.666161,0,0.666161,28.7,140.871,160,0,0,911,17.933,17.933,20
2.53954,8.03615,0,8.03615,28.68,140.705,740,16,0,913,17.9573,17.9573,20
2.56097,8.52356,0,8.52356,28.68,140.705,564,4,0,915,17.9705,17.9705,20
2.56834,4.22079,0,4.22079,28.66,140.54,444,2,0,916,17.9825,17.9825,20
2.59106,6.50484,0,6.50484,28.66,140.54,562,0,0,918,17.9902,17.9902,20
2.59964,5.47122,0,5.47122,28.64,140.375,524,0,0,919,18.0109,18.0109,20
2.61502,0.282122,0,0.282122,28.64,140.375,154,0,0,919,18.0109,18.0109,20
2.6282,10.1268,0,10.1268,28.62,140.21,778,0,0,921,18.0445,18.0445,20
2.64454,5.85801,0,5.85801,28.62,140.21,566,0,0,922,18.0716,18.0716,20
2.65972,12.6557,0,12.6557,28.6,140.044,983,0,0,924,18.1288,18.1288,20
2.66994,1.78557,0,1.78557,28.6,140.044,275,0,0,925,18.1286,18.1286,20
2.67582,3.3637,0,3.3637,28.58,139.879,400,0,0,926,18.1425,18.1425,20
2.69909,5.89291,0,5.89291,28.58,139.879,583,20,0,927,18.1726,18.1726,20
2.70381,1.84473,0,1.84473,28.56,139.714,271,2,0,928,18.1681,18.1681,20
2.7267,4.14938,0,4.14938,28.56,139.714,446,0,0,929,18.1819,18.1819,20
2.73399,4.61493,0,4.61493,28.54,139.549,425,0,0,930,18.1914,18.1914,20
2.75608,5.7641,0,5.7641,28.54,139.549,514,0,0,931,18.1998,18.1998,20
2.75902,0.322495,0,0.322495,28.52,139.384,155,0,0,931,18.1998,18.1998,20
2.78465,4.67537,0,4.67537,28.52,139.384,375,2,0,932,18.2039,18.2039,20
2.79152,3.98773,0,3.98773,28.5,139.218,415,14,0,933,18.2133,18.2133,20
2.81335,5.18684,0,5.18684,28.5,139.218,496,0,0,935,18.2128,18.2128,20
2.82938,12.546,0,12.546,28.48,139.053,725,2,0,936,18.2553,18.2553,20
2.83793,0.814952,0,0.814952,28.48,139.053,145,0,0,936,18.2553,18.2553,20
2.85155,10.8733,0,10.8733,28.46,138.888,851,4,0,938,18.3006,18.3006,20
2.8649,3.27841,0,3.27841,28.46,138.888,285,0,0,939,18.2961,18.2961,20
2.87255,4.52787,0,4.52787,28.44,138.723,474,0,0,940,18.3138,18.3138,20
2.88848,0.036755,0,0.036755,28.44,138.723,145,0,0,940,18.3138,18.3138,20
2.89358,2.40161,0,2.40161,28.42,138.557,335,0,0,941,18.3146,18.3146,20
2.9123,0.163,0,0.163,28.42,138.557,145,0,0,941,18.3146,18.3146,20
2.92075,5.53891,0,5.53891,28.4,138.394,501,2,0,942,18.3344,18.3344,20
2.94718,10.8228,0,10.8228,28.4,138.394,612,0,0,944,18.3464,18.3464,20
2.96388,13.7943,0,13.7943,28.38,138.227,853,0,0,946,18.3901,18.3901,20
2.97695,6.03859,0,6.03859,28.38,138.227,527,10,0,948,18.3987,18.3987,20
2.98424,4.28427,0,4.28427,28.36,138.062,361,0,0,949,18.4078,18.4078,20
3.00374,2.90955,0,2.90955,28.36,138.062,293,14,0,950,18.4158,18.4158,20
3.0171,10.1817,0,10.1817,28.34,137.897,835,59,0,952,18.4496,18.4496,20
3.0349,7.37665,0,7.37665,28.34,137.897,485,2,0,953,18.4659,18.4659,20
3.04669,8.53139,0,8.53139,28.32,137.732,715,38,0,955,18.4869,18.4869,20
3.06174,3.32888,0,3.32888,28.32,137.732,382,2,0,956,18.4958,18.4958,20
3.06887,4.08252,0,4.08252,28.3,137.548,380,2,0,957,18.5131,18.5131,20
3.09067,5.29219,0,5.29219,28.3,137.548,425,0,0,958,18.524,18.524,20
3.09515,1.53303,0,1.53303,28.28,137.386,197,1,0,959,18.512,18.512,20
3.11994,5.57582,0,5.57582,28.28,137.386,484,0,0,960,18.5292,18.5292,20
3.13011,7.53601,0,7.53601,28.26,137.223,671,0,0,961,18.5671,18.5671,20
3.15023,6.63597,0,6.63597,28.26,137.223,545,6,0,962,18.5904,18.5904,20
3.16164,8.68247,0,8.68247,28.24,137.06,685,20,0,963,18.6282,18.6282,20
3.17981,5.75223,0,5.75223,28.24,137.06,500,0,0,964,18.6483,18.6483,20
3.18288,0.423406,0,0.423406,28.22,136.898,135,0,0,964,18.6483,18.6483,20
3.21356,10.4968,0,10.4968,28.22,136.898,685,0,0,965,18.686,18.686,20
3.22091,4.27111,0,4.27111,28.2,136.735,445,0,0,966,18.6988,18.6988,20
3.2426,5.37055,0,5.37055,28.2,136.735,435,2,0,968,18.6911,18.6911,20
3.25438,9.2922,0,9.2922,28.18,136.573,757,2,0,970,18.7175,18.7175,20
3.27712,11.4858,0,11.4858,28.18,136.573,930,6,0,972,18.7665,18.7665,20
3.28923,9.5012,0,9.5012,28.16,136.411,735,0,0,973,18.8088,18.8088,20
3.30923,8.59044,0,8.59044,28.16,136.411,755,0,0,974,18.8532,18.8532,20
3.31202,0.166587,0,0.166587,28.14,136.249,135,0,0,974,18.8532,18.8532,20
3.33802,5.32745,0,5.32745,28.14,136.249,531,0,0,976,18.8586,18.8586,20
3.3511,10.61,0,10.61,28.12,136.087,820,4,0,978,18.8947,18.8947,20
3.36826,7.1876,0,7.1876,28.12,136.087,639,6,0,979,18.9234,18.9234,20
3.38058,9.54586,0,9.54586,28.1,135.925,684,8,0,980,18.9602,18.9602,20
3.39162,0.35902,0,0.35902,28.1,135.925,135,0,0,980,18.9602,18.9602,20
3.39793,3.47271,0,3.47271,28.08,135.763,386,0,0,981,18.9715,18.9715,20
3.4152,0.213908,0,0.213908,28.08,135.763,135,0,0,981,18.9715,18.9715,20
3.418,0.199922,0,0.199922,28.06,135.602,141,0,0,981,18.9715,18.9715,20
3.44674,7.97327,0,7.97327,28.06,135.602,662,0,0,982,19.0061,19.0061,20
3.46089,11.2009,0,11.2009,28.04,135.44,831,2,0,984,19.0366,19.0366,20
3.47448,4.18966,0,4.18966,28.04,135.44,392,0,0,985,19.0426,19.0426,20
3.48618,8.85458,0,8.85458,28.02,135.278,658,0,0,986,19.0801,19.0801,20
3.49835,0.363117,0,0.363117,28.02,135.278,151,0,0,986,19.0801,19.0801,20
3.50976,8.77683,0,8.77683,28,135.116,761,2,0,988,19.1032,19.1032,20
3.52793,6.5244,0,6.5244,28,135.116,621,6,0,989,19.1234,19.1234,20
3.53415,3.40227,0,3.40227,27.98,134.955,367,0,0,990,19.1364,19.1364,20
3.55695,5.617,0,5.617,27.98,134.955,471,0,0,991,19.1493,19.1493,20
3.56394,4.1585,0,4.1585,27.96,134.793,405,0,0,992,19.1593,19.1593,20
3.59157,11.0598,0,11.0598,27.96,134.793,897,0,0,994,19.1972,19.1972,20
3.59473,0.092827,0,0.092827,27.94,134.631,157,0,0,994,19.1972,19.1972,20
3.62576,11.011,0,11.011,27.94,134.631,847,0,0,996,19.2369,19.2369,20
3.63437,5.27874,0,5.27874,27.92,134.469,478,0,0,997,19.2528,19.2528,20
3.65293,3.93314,0,3.93314,27.92,134.469,366,0,0,998,19.2545,19.2545,20
3.66615,10.3812,0,10.3812,27.9,134.308,746,0,0,999,19.2933,19.2933,20
3.67745,0.719242,0,0.719242,27.9,134.308,200,0,0,999,19.2933,19.2933,20
3.68417,3.8917,0,3.8917,27.88,134.146,371,0,0,1000,19.296,19.296,20
3.71671,15.5998,0,15.5998,27.88,134.146,1267,0,0,1002,19.3683,19.3683,20
3.72461,5.08488,0,5.08488,27.86,133.984,513,6,0,1003,19.3829,19.3829,20
3.7409,0.402791,0,0.402791,27.86,133.984,173,0,0,1003,19.3829,19.3829,20
3.7506,6.66611,0,6.66611,27.84,133.823,623,0,0,1004,19.4084,19.4084,20
3.77843,13.7352,0,13.7352,27.84,133.823,1001,0,0,1006,19.4543,19.4543,20
3.78196,0.469913,0,0.469913,27.82,133.661,173,0,0,1006,19.4543,19.4543,20
3.81349,11.255,0,11.255,27.82,133.661,885,82,0,1008,19.5,19.5,20
3.82319,6.63693,0,6.63693,27.8,133.499,598,0,0,1010,19.5069,19.5069,20
3.84545,8.21101,0,8.21101,27.8,133.499,673,0,0,1012,19.5178,19.5178,20
3.84863,0.373135,0,0.373135,27.78,133.337,173,0,0,1012,19.5178,19.5178,20
3.87709,7.77737,0,7.77737,27.78,133.337,689,2,0,1014,19.5444,19.5444,20
3.88966,9.68956,0,9.68956,27.76,133.176,734,0,0,1016,19.561,19.561,20
3.90795,6.90938,0,6.90938,27.76,133.176,564,0,0,1017,19.5801,19.5801,20
3.91646,5.67875,0,5.67875,27.74,133.014,547,0,0,1018,19.5972,19.5972,20
3.94395,12.1961,0,12.1961,27.74,133.014,938,0,0,1020,19.6343,19.6343,20
3.95176,4.96442,0,4.96442,27.72,132.852,489,0,0,1021,19.6454,19.6454,20
3.98013,12.5804,0,12.5804,27.72,132.852,962,0,0,1023,19.6862,19.6862,20
3.98984,6.57787,0,6.57787,27.7,132.691,609,0,0,1024,19.709,19.709,20
4.00453,0.441329,0,0.441329,27.7,132.691,179,0,0,1024,19.709,19.709,20
4.01022,2.93798,0,2.93798,27.68,132.529,381,0,0,1025,19.7102,19.7102,20
4.03569,7.36181,0,7.36181,27.68,132.529,629,0,0,1027,19.7215,19.7215,20
4.0417,3.0694,0,3.0694,27.66,132.367,386,0,0,1028,19.7237,19.7237,20
4.06247,2.91507,0,2.91507,27.66,132.367,305,0,0,1029,19.7162,19.7162,20
4.07904,13.1502,0,13.1502,27.64,132.205,1094,0,0,1031,19.7662,19.7662,20
4.08974,3.631,0,3.631,27.64,132.205,405,0,0,1032,19.7684,19.7684,20
4.09296,0.142286,0,0.142286,27.62,132.044,185,0,0,1032,19.7684,19.7684,20
4.12111,7.46874,0,7.46874,27.62,132.044,637,0,0,1034,19.7747,19.7747,20
4.12456,0.103018,0,0.103018,27.6,131.882,175,0,0,1034,19.7747,19.7747,20
4.15195,7.0233,0,7.0233,27.6,131.882,525,18,0,1036,19.7703,19.7703,20
4.16346,8.64829,0,8.64829,27.58,131.72,621,0,0,1037,19.7946,19.7946,20
4.17968,4.1755,0,4.1755,27.58,131.72,351,2,0,1038,19.7929,19.7929,20
4.18369,0.567276,0,0.567276,27.56,131.558,177,0,0,1038,19.7929,19.7929,20
4.21254,9.00981,0,9.00981,27.56,131.558,787,40,0,1039,19.8325,19.8325,20
4.21538,0.1125,0,0.1125,27.54,131.397,177,0,0,1039,19.8325,19.8325,20
4.24587,9.69934,0,9.69934,27.54,131.397,815,22,0,1041,19.8626,19.8626,20
4.25019,1.28653,0,1.28653,27.52,131.235,247,0,0,1042,19.8512,19.8512,20
4.28366,13.9687,0,13.9687,27.52,131.235,1013,0,0,1044,19.8937,19.8937,20
4.28928,2.07267,0,2.07267,27.5,131.073,291,2,0,1045,19.889,19.889,20
4.30795,0.567571,0,0.567571,27.5,131.073,173,0,0,1045,19.889,19.889,20
4.32537,14.1762,0,14.1762,27.48,130.912,933,0,0,1047,19.9236,19.9236,20
4.34265,11.0662,0,11.0662,27.48,130.912,925,32,0,1049,19.9581,19.9581,20
4.34957,3.87812,0,3.87812,27.46,130.75,383,0,0,1050,19.959,19.959,20
4.3711,4.80624,0,4.80624,27.46,130.75,453,0,0,1051,19.9667,19.9667,20
4.3742,0.427269,0,0.427269,27.44,130.588,167,0,0,1051,19.9667,19.9667,20
4.4084,13.7794,0,13.7794,27.44,130.588,1110,2,0,1053,20.0237,20.0237,20
4.42119,10.137,0,10.137,27.42,130.426,845,10,0,1055,20.054,20.054,20
4.43569,3.47105,0,3.47105,27.42,130.426,383,2,0,1056,20.0549,20.0549,20
4.43912,0.633277,0,0.633277,27.4,130.265,202,0,0,1056,20.0549,20.0549,20
4.45928,0.009655,0,0.009655,27.4,130.265,173,0,0,1056,20.0549,20.0549,20
4.46776,5.60014,0,5.60014,27.38,130.103,592,14,0,1057,20.0757,20.0757,20
4.48964,6.95928,0,6.95928,27.38,130.103,641,2,0,1059,20.0831,20.0831,20
4.49405,0.5644,0,0.5644,27.36,129.941,183,0,0,1059,20.0831,20.0831,20
4.52492,11.6063,0,11.6063,27.36,129.941,863,0,0,1060,20.1283,20.1283,20
4.53714,8.05479,0,8.05479,27.34,129.78,691,0,0,1062,20.1412,20.1412,20
4.55508,5.71665,0,5.71665,27.34,129.78,435,0,0,1063,20.1468,20.1468,20
4.5631,4.55754,0,4.55754,27.32,129.618,487,0,0,1064,20.157,20.157,20
4.59622,17.729,0,17.729,27.32,129.618,1197,10,0,1066,20.2148,20.2148,20
4.60029,0.113299,0,0.113299,27.3,129.456,187,0,0,1066,20.2148,20.2148,20
4.62867,8.08887,0,8.08887,27.3,129.456,767,4,0,1067,20.2502,20.2502,20
4.63914,6.88814,0,6.88814,27.28,129.294,615,0,0,1068,20.28,20.28,20
4.65509,1.94664,0,1.94664,27.28,129.294,266,0,0,1069,20.2806,20.2806,20
4.66408,6.13425,0,6.13425,27.26,129.133,517,0,0,1070,20.2944,20.2944,20
4.69138,12.5403,0,12.5403,27.26,129.133,966,0,0,1072,20.3321,20.3321,20
4.70324,8.78679,0,8.78679,27.24,128.971,769,0,0,1073,20.37,20.37,20
4.72561,10.288,0,10.288,27.24,128.971,849,2,0,1075,20.3963,20.3963,20
4.74447,15.6611,0,15.6611,27.22,128.809,1137,0,0,1077,20.4485,20.4485,20
4.75344,3.82996,0,3.82996,27.22,128.809,399,0,0,1078,20.4518,20.4518,20
4.75661,0.245416,0,0.245416,27.2,128.647,167,0,0,1078,20.4518,20.4518,20
4.77737,0.137579,0,0.137579,27.2,128.647,167,0,0,1078,20.4518,20.4518,20
4.79415,13.3311,0,13.3311,27.18,128.486,1093,2,0,1080,20.5037,20.5037,20
4.80975,8.93346,0,8.93346,27.18,128.486,754,4,0,1081,20.5393,20.5393,20
4.8232,9.78524,0,9.78524,27.16,128.324,653,0,0,1082,20.5647,20.5647,20
4.83393,0.56283,0,0.56283,27.16,128.324,173,0,0,1082,20.5647,20.5647,20
4.84349,6.37687,0,6.37687,27.14,128.162,605,0,0,1083,20.5873,20.5873,20
4.86228,4.40756,0,4.40756,27.14,128.162,411,2,0,1084,20.5932,20.5932,20
4.87446,8.79589,0,8.79589,27.12,128.001,781,0,0,1086,20.6197,20.6197,20
4.90482,18.3355,0,18.3355,27.12,128.001,1243,89,0,1088,20.6801,20.6801,20
4.91769,9.66471,0,9.66471,27.1,127.839,901,17,0,1089,20.7282,20.7282,20
4.93266,4.01883,0,4.01883,27.1,127.839,471,0,0,1090,20.7477,20.7477,20
4.94285,7.02404,0,7.02404,27.08,127.677,639,0,0,1091,20.7663,20.7663,20
4.95715,0.274473,0,0.274473,27.08,127.677,182,0,0,1091,20.7663,20.7663,20
4.97221,11.5633,0,11.5633,27.06,127.515,985,0,0,1093,20.8097,20.8097,20
4.99586,14.2103,0,14.2103,27.06,127.515,1072,2,0,1095,20.8575,20.8575,20
5.00791,8.40088,0,8.40088,27.04,127.354,736,0,0,1096,20.885,20.885,20
5.0205,0.208459,0,0.208459,27.04,127.354,192,0,0,1096,20.885,20.885,20
5.03025,6.236,0,6.236,27.02,127.192,578,0,0,1097,20.9043,20.9043,20
5.04737,2.63807,0,2.63807,27.02,127.192,342,0,0,1098,20.8989,20.8989,20
5.0619,11.1683,0,11.1683,27,127.03,909,0,0,1099,20.9445,20.9445,20
5.08101,9.59998,0,9.59998,27,127.03,878,0,0,1100,20.9809,20.9809,20
5.09389,9.1862,0,9.1862,26.98,126.869,892,6,0,1102,21.0091,21.0091,20
5.11622,11.171,0,11.171,26.98,126.869,1019,2,0,1104,21.0453,21.0453,20
5.13369,13.6513,0,13.6513,26.96,126.707,1099,36,0,1106,21.0886,21.0886,20
5.14128,0.725589,0,0.725589,26.96,126.707,199,0,0,1106,21.0886,21.0886,20
5.14983,4.80259,0,4.80259,26.94,126.545,569,0,0,1107,21.1075,21.1075,20
5.173,7.40845,0,7.40845,26.94,126.545,719,32,0,1108,21.1354,21.1354,20
5.18818,11.5179,0,11.5179,26.92,126.383,915,0,0,1110,21.1631,21.1631,20
5.20322,5.86964,0,5.86964,26.92,126.383,530,0,0,1112,21.1754,21.1754,20
5.20721,0.399815,0,0.399815,26.9,126.222,199,0,0,1112,21.1754,21.1754,20
5.22834,0.392832,0,0.392832,26.9,126.222,199,0,0,1112,21.1754,21.1754,20
5.23229,0.438296,0,0.438296,26.88,126.06,199,0,0,1112,21.1754,21.1754,20
5.26239,9.65853,0,9.65853,26.88,126.06,859,0,0,1114,21.211,21.211,20
5.27132,5.10506,0,5.10506,26.86,125.898,508,0,0,1115,21.2197,21.2197,20
5.29765,10.5829,0,10.5829,26.86,125.898,808,94,0,1116,21.2554,21.2554,20
5.30212,0.536939,0,0.536939,26.84,125.736,209,0,0,1116,21.2554,21.2554,20
5.33351,11.2744,0,11.2744,26.84,125.736,909,12,0,1117,21.299,21.299,20
5.33806,0.276239,0,0.276239,26.82,125.575,219,0,0,1117,21.299,21.299,20
5.35858,0.138924,0,0.138924,26.82,125.575,219,0,0,1117,21.299,21.299,20
5.3819,19.0436,0,19.0436,26.8,125.413,1384,0,0,1119,21.3664,21.3664,20
5.39416,7.81934,0,7.81934,26.78,125.251,710,2,0,1121,21.372,21.372,20
5.42433,17.7137,0,17.7137,26.78,125.251,1349,0,0,1123,21.4346,21.4346,20
5.43168,3.11074,0,3.11074,26.76,125.09,427,0,0,1124,21.4333,21.4333,20
5.4602,10.9898,0,10.9898,26.76,125.09,964,4,0,1126,21.4627,21.4627,20
5.46972,5.33272,0,5.33272,26.74,124.928,535,0,0,1127,21.4694,21.4694,20
5.49656,11.1338,0,11.1338,26.74,124.928,955,0,0,1128,21.5133,21.5133,20
5.50346,2.74559,0,2.74559,26.72,124.766,365,8,0,1129,21.5058,21.5058,20
5.53199,10.4873,0,10.4873,26.72,124.766,985,0,0,1130,21.5531,21.5531,20
5.54162,5.11562,0,5.11562,26.7,124.604,565,8,0,1131,21.5632,21.5632,20
5.56344,6.24689,0,6.24689,26.7,124.604,655,2,0,1132,21.5813,21.5813,20
5.58388,15.9841,0,15.9841,26.68,124.443,1215,0,0,1134,21.6296,21.6296,20
5.59411,5.32414,0,5.32414,26.66,124.281,535,6,0,1135,21.637,21.637,20
5.61524,6.20248,0,6.20248,26.66,124.281,602,0,0,1136,21.654,21.654,20
5.63219,12.032,0,12.032,26.64,124.119,989,2,0,1138,21.6845,21.6845,20
5.64453,4.04242,0,4.04242,26.64,124.119,499,0,0,1139,21.6945,21.6945,20
5.6554,6.03436,0,6.03436,26.62,123.958,681,3,0,1141,21.7108,21.7108,20
5.67844,8.89946,0,8.89946,26.62,123.958,802,0,0,1142,21.7417,21.7417,20
5.6925,7.95092,0,7.95092,26.6,123.796,699,0,0,1143,21.7629,21.7629,20
5.71574,11.7261,0,11.7261,26.6,123.796,1082,0,0,1145,21.8026,21.8026,20
5.73315,11.9639,0,11.9639,26.58,123.634,1023,0,0,1147,21.8326,21.8326,20
5.75696,15.6889,0,15.6889,26.58,123.634,1353,8,0,1149,21.8912,21.8912,20
5.77109,8.27501,0,8.27501,26.56,123.472,743,0,0,1151,21.8966,21.8966,20
5.79523,11.8625,0,11.8625,26.56,123.472,938,0,0,1152,21.9366,21.9366,20
5.80292,2.57178,0,2.57178,26.54,123.311,369,0,0,1153,21.9341,21.9341,20
5.83169,10.8421,0,10.8421,26.54,123.311,803,4,0,1154,21.9636,21.9636,20
5.83732,0.288137,0,0.288137,26.52,123.149,237,0,0,1154,21.9636,21.9636,20
5.85895,0.867016,0,0.867016,26.52,123.149,237,0,0,1154,21.9636,21.9636,20
5.87734,11.3605,0,11.3605,26.5,122.987,977,0,0,1155,22.0087,22.0087,20
5.892,6.96251,0,6.96251,26.5,122.987,682,8,0,1156,22.0329,22.0329,20
5.9123,15.2262,0,15.2262,26.48,122.825,1320,0,0,1158,22.0915,22.0915,20
5.92158,4.11527,0,4.11527,26.48,122.825,434,0,0,1159,22.0889,22.0889,20
5.93146,4.99418,0,4.99418,26.46,122.664,554,0,0,1160,22.0957,22.0957,20
5.94822,0.621198,0,0.621198,26.46,122.664,254,0,0,1160,22.0957,22.0957,20
5.96033,6.76996,0,6.76996,26.44,122.502,665,0,0,1162,22.1093,22.1093,20
5.97655,2.30922,0,2.30922,26.44,122.502,433,0,0,1163,22.1083,22.1083,20
5.9889,7.16018,0,7.16018,26.42,122.34,705,0,0,1164,22.1314,22.1314,20
6.00513,2.73922,0,2.73922,26.42,122.34,453,0,0,1165,22.1305,22.1305,20
6.02339,12.9962,0,12.9962,26.4,122.179,1155,0,0,1167,22.1731,22.1731,20
6.03399,2.9699,0,2.9699,26.4,122.179,426,0,0,1168,22.1824,22.1824,20
6.042,2.72038,0,2.72038,26.38,122.017,478,0,0,1169,22.1814,22.1814,20
6.06011,0.117885,0,0.117885,26.38,122.017,268,0,0,1169,22.1814,22.1814,20
6.07266,7.43492,0,7.43492,26.36,121.855,758,48,0,1170,22.2043,22.2043,20
6.09151,5.63709,0,5.63709,26.36,121.855,638,28,0,1171,22.2169,22.2169,20
6.10038,3.89622,0,3.89622,26.34,121.693,575,2,0,1172,22.2278,22.2278,20
6.12608,8.96232,0,8.96232,26.34,121.693,871,0,0,1174,22.2445,22.2445,20
6.5342,402.852,389.145,13.7075,26.32,121.532,31555,974,0,1176,22.2832,22.2832,20
6.53926,1.05145,0,1.05145,26.3,121.283,153,0,0,1176,22.2832,22.2832,20
6.5591,0.340178,0,0.340178,26.3,121.283,153,0,0,1176,22.2832,22.2832,20
6.57482,11.9345,0,11.9345,26.28,121.222,997,2,0,1178,22.32,22.32,20
6.58941,6.21931,0,6.21931,26.28,121.222,605,0,0,1180,22.3364,22.3364,20
6.60482,11.62,0,11.62,26.26,121.161,923,0,0,1181,22.3819,22.3819,20
6.61417,0.176994,0,0.176994,26.26,121.161,163,0,0,1181,22.3819,22.3819,20
6.61979,2.24993,0,2.24993,26.24,121.1,337,0,0,1182,22.3858,22.3858,20
6.64888,10.2562,0,10.2562,26.24,121.1,913,0,0,1184,22.4122,22.4122,20
6.65534,3.20669,0,3.20669,26.22,121.038,366,14,0,1185,22.4127,22.4127,20
6.67369,0.493221,0,0.493221,26.22,121.038,144,0,0,1185,22.4127,22.4127,20
6.67776,0.238051,0,0.238051,26.2,120.977,153,0,0,1185,22.4127,22.4127,20
6.70493,6.78034,0,6.78034,26.2,120.977,519,0,0,1186,22.4292,22.4292,20
6.70975,0.535833,0,0.535833,26.18,120.916,146,0,0,1186,22.4292,22.4292,20
6.72979,0.239591,0,0.239591,26.18,120.916,146,0,0,1186,22.4292,22.4292,20
6.7391,5.92978,0,5.92978,26.16,120.855,566,5,0,1187,22.4457,22.4457,20
6.77272,19.1088,0,19.1088,26.16,120.855,1526,4,0,1189,22.524,22.524,20
6.78692,9.9002,0,9.9002,26.14,120.794,767,0,0,1191,22.5458,22.5458,20
6.80247,5.12153,0,5.12153,26.14,120.794,435,1,0,1192,22.5579,22.5579,20
6.80688,0.591585,0,0.591585,26.12,120.733,146,0,0,1192,22.5579,22.5579,20
6.83318,5.97098,0,5.97098,26.12,120.733,581,4,0,1193,22.5767,22.5767,20
6.84769,10.6922,0,10.6922,26.1,120.672,816,0,0,1195,22.595,22.595,20
6.85786,0.302363,0,0.302363,26.1,120.672,146,0,0,1195,22.595,22.595,20
6.87342,11.661,0,11.661,26.08,120.612,1024,4,0,1197,22.6341,22.6341,20
6.88835,5.69615,0,5.69615,26.08,120.612,486,0,0,1199,22.6247,22.6247,20
7.33774,445.652,431.499,14.1533,26.06,120.551,35340,848,0,1201,22.6753,22.6753,20
7.34231,1.97377,0,1.97377,26.04,120.49,175,0,0,1202,22.6681,22.6681,20
7.36465,4.18249,0,4.18249,26.04,120.49,323,0,0,1203,22.6725,22.6725,20
7.36971,3.20275,0,3.20275,26.02,120.429,234,0,0,1204,22.6694,22.6694,20
7.39225,4.93632,0,4.93632,26.02,120.429,378,0,0,1206,22.6642,22.6642,20
7.40018,5.7602,0,5.7602,26,120.368,513,7,0,1208,22.6755,22.6755,20
7.41844,3.67999,0,3.67999,26,120.368,294,0,0,1209,22.6774,22.6774,20
7.43415,13.4943,0,13.4943,25.98,120.308,906,6,0,1211,22.7118,22.7118,20
7.4495,8.65751,0,8.65751,25.98,120.308,664,12,0,1212,22.7442,22.7442,20
7.4583,6.65083,0,6.65083,25.96,120.247,514,5,0,1213,22.7741,22.7741,20
7.47843,6.59713,0,6.59713,25.96,120.247,444,0,0,1214,22.7883,22.7883,20
7.48842,8.01129,0,8.01129,25.94,120.186,620,2,0,1215,22.8165,22.8165,20
7.50895,7.75314,0,7.75314,25.94,120.186,664,2,0,1216,22.8405,22.8405,20
7.74159,230.561,226.839,3.72253,25.92,120.125,22505,870,0,1217,22.8431,22.8431,20
7.74733,2.77338,0,2.77338,25.9,120.065,226,0,0,1218,22.8391,22.8391,20
7.76925,4.13325,0,4.13325,25.9,120.065,323,0,0,1219,22.8425,22.8425,20
7.77237,1.12373,0,1.12373,25.88,120.004,53,0,0,1219,22.8425,22.8425,20
7.79758,5.47365,0,5.47365,25.88,120.004,446,0,0,1220,22.8582,22.8582,20
7.80647,6.98465,0,6.98465,25.86,119.943,592,0,0,1221,22.8886,22.8886,20
7.82958,9.25837,0,9.25837,25.86,119.943,643,0,0,1222,22.9182,22.9182,20
7.84102,9.52496,0,9.52496,25.84,119.882,723,0,0,1224,22.9355,22.9355,20
7.86189,9.56843,0,9.56843,25.84,119.882,649,0,0,1225,22.96,22.96,20
7.86428,0.502735,0,0.502735,25.82,119.821,53,0,0,1225,22.96,22.96,20
7.89495,10.2562,0,10.2562,25.82,119.821,733,0,0,1227,22.9837,22.9837,20
7.90409,7.16021,0,7.16021,25.8,119.761,533,0,0,1228,23.0041,23.0041,20
7.91913,1.41486,0,1.41486,25.8,119.761,135,0,0,1229,22.9951,22.9951,20
7.9268,5.549,0,5.549,25.78,119.7,430,2,0,1230,23.0114,23.0114,20
7.94683,5.06497,0,5.06497,25.78,119.7,343,52,0,1231,23.0162,23.0162,20
7.95675,7.70982,0,7.70982,25.76,119.639,533,2,0,1233,23.0178,23.0178,20
7.97409,4.99434,0,4.99434,25.76,119.639,378,0,0,1234,23.0284,23.0284,20
7.98209,5.79234,0,5.79234,25.74,119.578,373,18,0,1235,23.0356,23.0356,20
8.01347,16.4415,0,16.4415,25.74,119.578,1093,0,0,1237,23.0825,23.0825,20
8.02753,11.5653,0,11.5653,25.72,119.517,713,4,0,1239,23.0985,23.0985,20
8.04406,7.9903,0,7.9903,25.72,119.517,629,7,0,1241,23.1346,23.1346,20
8.04702,0.679387,0,0.679387,25.7,119.457,53,0,0,1241,23.1346,23.1346,20
8.07452,8.07419,0,8.07419,25.7,119.457,632,7,0,1243,23.1609,23.1609,20
8.0794,2.70891,0,2.70891,25.68,119.396,274,1,0,1244,23.1632,23.1632,20
8.10158,4.05041,0,4.05041,25.68,119.396,273,3,0,1245,23.1639,23.1639,20
8.10627,2.42428,0,2.42428,25.66,119.335,243,0,0,1246,23.1653,23.1653,20
8.12528,0.567447,0,0.567447,25.66,119.335,63,0,0,1246,23.1653,23.1653,20
8.13642,8.66942,0,8.66942,25.64,119.274,603,2,0,1247,23.1901,23.1901,20
8.15652,8.02777,0,8.02777,25.64,119.274,625,4,0,1248,23.2171,23.2171,20
8.17259,13.2654,0,13.2654,25.62,119.214,838,0,0,1250,23.2536,23.2536,20
8.19007,10.0536,0,10.0536,25.62,119.214,773,0,0,1251,23.2918,23.2918,20
8.19632,3.74337,0,3.74337,25.6,119.153,268,0,0,1252,23.2963,23.2963,20
8.22881,15.7472,0,15.7472,25.6,119.153,974,0,0,1254,23.3325,23.3325,20
8.23787,6.68022,0,6.68022,25.58,119.092,523,0,0,1255,23.3506,23.3506,20
8.26308,11.0444,0,11.0444,25.58,119.092,763,12,0,1256,23.3877,23.3877,20
8.26899,3.34751,0,3.34751,25.56,119.031,345,0,0,1257,23.3946,23.3946,20
8.28936,3.1396,0,3.1396,25.56,119.031,253,0,0,1258,23.3903,23.3903,20
8.29886,6.87772,0,6.87772,25.54,118.97,568,8,0,1259,23.413,23.413,20
8.32641,13.5232,0,13.5232,25.54,118.97,1053,17,0,1261,23.4647,23.4647,20
8.32986,0.829613,0,0.829613,25.52,118.91,83,0,0,1261,23.4647,23.4647,20
8.35438,4.47507,0,4.47507,25.52,118.91,321,0,0,1262,23.4723,23.4723,20
8.36503,8.01445,0,8.01445,25.5,118.849,689,0,0,1264,23.4842,23.4842,20
8.38134,3.50063,0,3.50063,25.5,118.849,324,0,0,1265,23.4846,23.4846,20
8.39361,9.62807,0,9.62807,25.48,118.788,763,26,0,1266,23.519,23.519,20
8.40893,4.39085,0,4.39085,25.48,118.788,353,0,0,1267,23.5209,23.5209,20
8.41583,4.20591,0,4.20591,25.46,118.727,313,0,0,1268,23.5205,23.5205,20
8.44231,10.0314,0,10.0314,25.46,118.727,696,0,0,1270,23.5378,23.5378,20
8.44924,3.84076,0,3.84076,25.44,118.667,312,1,0,1271,23.5366,23.5366,20
8.47215,6.39266,0,6.39266,25.44,118.667,464,0,0,1272,23.5605,23.5605,20
8.48223,6.65721,0,6.65721,25.42,118.606,442,0,0,1274,23.5502,23.5502,20
8.50113,5.26289,0,5.26289,25.42,118.606,464,0,0,1275,23.5608,23.5608,20
8.90731,403.383,395.233,8.14962,25.4,118.545,38257,1396,0,1277,23.5662,23.5662,20
8.91026,0.09539,0,0.09539,25.38,118.484,92,0,0,1277,23.5662,23.5662,20
8.9477,17.1623,0,17.1623,25.38,118.484,1332,25,0,1279,23.6263,23.6263,20
8.95557,4.81006,0,4.81006,25.36,118.423,438,2,0,1280,23.6438,23.6438,20
8.98118,9.87413,0,9.87413,25.36,118.423,832,0,0,1281,23.6831,23.6831,20
8.98771,4.09702,0,4.09702,25.34,118.363,422,4,0,1282,23.6927,23.6927,20
9.01398,9.34249,0,9.34249,25.34,118.363,786,0,0,1284,23.7103,23.7103,20
9.02333,6.6048,0,6.6048,25.32,118.302,544,0,0,1285,23.7284,23.7284,20
9.05246,14.7868,0,14.7868,25.32,118.302,1138,98,0,1287,23.7762,23.7762,20
9.05535,0.129376,0,0.129376,25.3,118.241,102,0,0,1287,23.7762,23.7762,20
9.08137,5.21589,0,5.21589,25.3,118.241,519,5,0,1288,23.795,23.795,20
9.0912,7.04258,0,7.04258,25.28,118.18,543,2,0,1289,23.8014,23.8014,20
9.11104,5.84391,0,5.84391,25.28,118.18,511,6,0,1290,23.8202,23.8202,20
9.11476,0.894918,0,0.894918,25.26,118.119,112,0,0,1290,23.8202,23.8202,20
9.14352,9.10474,0,9.10474,25.26,118.119,672,2,0,1291,23.8451,23.8451,20
9.15778,10.7639,0,10.7639,25.24,118.059,780,2,0,1292,23.88,23.88,20
9.16778,0.606598,0,0.606598,25.24,118.059,112,0,0,1292,23.88,23.88,20
9.17542,4.62345,0,4.62345,25.22,117.998,462,3,0,1293,23.891,23.891,20
9.20661,15.1951,0,15.1951,25.22,117.998,1296,41,0,1295,23.9475,23.9475,20
9.31558,105.786,91.8422,13.9442,25.2,117.937,9415,284,0,1297,23.9846,23.9846,20
9.32636,7.75675,0,7.75675,25.18,117.876,670,0,0,1298,24.0077,24.0077,20
9.34843,9.02159,0,9.02159,25.18,117.876,740,0,0,1299,24.0362,24.0362,20
9.35755,6.05647,0,6.05647,25.16,117.816,570,0,0,1300,24.0508,24.0508,20
9.37275,0.496591,0,0.496591,25.16,117.816,140,0,0,1300,24.0508,24.0508,20
9.38261,6.76966,0,6.76966,25.14,117.755,550,42,0,1301,24.0638,24.0638,20
9.4057,9.27008,0,9.27008,25.14,117.755,790,113,0,1302,24.0952,24.0952,20
9.41987,10.5364,0,10.5364,25.12,117.694,904,2,0,1304,24.1189,24.1189,20
9.43866,9.33317,0,9.33317,25.12,117.694,760,0,0,1305,24.1479,24.1479,20
9.44325,0.717463,0,0.717463,25.1,117.633,150,0,0,1305,24.1479,24.1479,20
9.46524,2.73665,0,2.73665,25.1,117.633,380,0,0,1306,24.147,24.147,20
9.48366,15.1336,0,15.1336,25.08,117.572,1198,12,0,1308,24.2034,24.2034,20
9.49309,4.04624,0,4.04624,25.08,117.572,449,4,0,1309,24.2139,24.2139,20
9.50116,4.9653,0,4.9653,25.06,117.512,500,0,0,1310,24.2221,24.2221,20
9.52901,11.9674,0,11.9674,25.06,117.512,1044,6,0,1312,24.2546,24.2546,20
9.54194,9.75234,0,9.75234,25.04,117.451,746,22,0,1314,24.2641,24.2641,20
9.55766,5.03761,0,5.03761,25.04,117.451,527,0,0,1315,24.2753,24.2753,20
9.57127,10.7163,0,10.7163,25.02,117.39,800,0,0,1316,24.3062,24.3062,20
9.59131,9.83454,0,9.83454,25.02,117.39,902,6,0,1317,24.3462,24.3462,20
9.60398,9.63672,0,9.63672,25,117.329,746,0,0,1318,24.3748,24.3748,20
9.62445,9.17197,0,9.17197,25,117.329,760,16,0,1319,24.4026,24.4026,20
9.87523,247.68,243.668,4.01186,24.98,117.269,27496,1260,0,1320,24.4144,24.4144,20
9.88505,6.64173,0,6.64173,24.96,117.208,649,2,0,1322,24.4198,24.4198,20
9.91126,11.9274,0,11.9274,24.96,117.208,956,4,0,1323,24.4543,24.4543,20
9.92668,12.5071,0,12.5071,24.94,117.147,1012,4,0,1325,24.4928,24.4928,20
9.94065,5.63222,0,5.63222,24.94,117.147,564,0,0,1326,24.5302,24.5302,20
9.94875,5.26182,0,5.26182,24.92,117.086,556,0,0,1328,24.5331,24.5331,20
9.96488,0.356852,0,0.356852,24.92,117.086,150,0,0,1328,24.5331,24.5331,20
9.97598,8.34014,0,8.34014,24.9,117.025,768,34,0,1330,24.5541,24.5541,20
9.98895,0.566961,0,0.566961,24.9,117.025,150,0,0,1330,24.5541,24.5541,20
9.99821,6.20364,0,6.20364,24.88,116.965,656,0,0,1332,24.5586,24.5586,20
10.0242,10.9873,0,10.9873,24.88,116.965,790,642,0,1333,24.5874,24.5874,20
10.0364,8.7286,0,8.7286,24.86,116.904,824,0,0,1335,24.6037,24.6037,20
10.0551,7.54965,0,7.54965,24.86,116.904,608,0,0,1337,24.6043,24.6043,20
10.0654,7.15116,0,7.15116,24.84,116.843,744,0,0,1339,24.6191,24.6191,20
10.0843,4.98884,0,4.98884,24.84,116.843,455,2,0,1340,24.6239,24.6239,20
10.0883,0.496935,0,0.496935,24.82,116.782,170,0,0,1340,24.6239,24.6239,20
10.1154,6.70434,0,6.70434,24.82,116.782,544,0,0,1341,24.6406,24.6406,20
10.119,0.229839,0,0.229839,24.8,116.721,170,0,0,1341,24.6406,24.6406,20
10.1523,12.6707,0,12.6707,24.8,116.721,994,6,0,1343,24.6694,24.6694,20
10.1627,6.89889,0,6.89889,24.78,116.661,596,5,0,1344,24.683,24.683,20
10.1765,0.319166,0,0.319166,24.78,116.661,170,0,0,1344,24.683,24.683,20
10.1841,3.62698,0,3.62698,24.76,116.6,465,0,0,1345,24.6907,24.6907,20
10.2077,6.45811,0,6.45811,24.76,116.6,599,0,0,1346,24.708,24.708,20
10.2195,7.46509,0,7.46509,24.74,116.539,771,0,0,1347,24.735,24.735,20
10.2365,4.02515,0,4.02515,24.74,116.539,400,0,0,1348,24.7329,24.7329,20
10.2445,4.39057,0,4.39057,24.72,116.478,445,0,0,1349,24.7494,24.7494,20
10.269,7.91921,0,7.91921,24.72,116.478,708,0,0,1350,24.7711,24.7711,20
10.2731,0.352448,0,0.352448,24.7,116.418,180,0,0,1350,24.7711,24.7711,20
10.3029,9.3079,0,9.3079,24.7,116.418,876,4,0,1352,24.7877,24.7877,20
10.3078,0.348893,0,0.348893,24.68,116.357,190,0,0,1352,24.7877,24.7877,20
10.3332,5.54762,0,5.54762,24.68,116.357,580,26,0,1353,24.7982,24.7982,20
10.3495,12.5433,0,12.5433,24.66,116.296,913,2,0,1355,24.8177,24.8177,20
10.3637,5.7031,0,5.7031,24.66,116.296,548,0,0,1356,24.8282,24.8282,20
10.3871,19.3633,0,19.3633,24.64,116.235,1468,0,0,1358,24.8881,24.8881,20
10.3932,2.51709,0,2.51709,24.62,116.174,406,0,0,1359,24.8874,24.8874,20
10.424,12.764,0,12.764,24.62,116.174,1259,2,0,1361,24.9368,24.9368,20
10.4405,12.4365,0,12.4365,24.6,116.114,1057,0,0,1363,24.9707,24.9707,20
10.4578,9.38765,0,9.38765,24.6,116.114,970,0,0,1365,25.0051,25.0051,20
10.4707,9.03377,0,9.03377,24.58,116.053,707,0,0,1366,25.0315,25.0315,20
10.4827,0.499448,0,0.499448,24.58,116.053,200,0,0,1366,25.0315,25.0315,20
10.4935,7.48,0,7.48,24.56,115.992,770,0,0,1367,25.0549,25.0549,20
10.5163,8.82874,0,8.82874,24.56,115.992,873,0,0,1369,25.076,25.076,20
10.5231,3.18676,0,3.18676,24.54,115.931,353,0,0,1370,25.081,25.081,20
10.5417,0.890137,0,0.890137,24.54,115.931,200,0,0,1370,25.081,25.081,20
10.5533,8.03488,0,8.03488,24.52,115.87,829,1,0,1372,25.1028,25.1028,20
10.5817,15.2779,0,15.2779,24.52,115.87,1350,1,0,1374,25.1521,25.1521,20
10.5952,9.72253,0,9.72253,24.5,115.81,830,0,0,1375,25.1789,25.1789,20
10.6134,6.87737,0,6.87737,24.5,115.81,816,14,0,1377,25.2048,25.2048,20
10.8033,186.186,179.512,6.67363,24.48,115.749,18270,455,0,1379,25.2226,25.2226,20
10.819,12.7048,0,12.7048,24.46,114.805,1056,24,0,1381,25.2665,25.2665,20
10.8345,7.39237,0,7.39237,24.46,114.805,619,0,0,1383,25.2661,25.2661,20
10.8389,1.36916,0,1.36916,24.44,114.508,218,0,0,1383,25.2661,25.2661,20
10.8627,4.40808,0,4.40808,24.44,114.508,508,2,0,1384,25.2789,25.2789,20
10.866,0.239187,0,0.239187,24.42,114.212,145,0,0,1384,25.2789,25.2789,20
10.8924,5.72472,0,5.72472,24.42,114.212,561,0,0,1385,25.2946,25.2946,20
10.9009,5.27405,0,5.27405,24.4,113.915,612,4,0,1386,25.3153,25.3153,20
10.9221,6.00587,0,6.00587,24.4,113.915,597,0,0,1387,25.3338,25.3338,20
10.9348,9.28272,0,9.28272,24.38,113.619,844,6,0,1389,25.3636,25.3636,20
10.9463,0.690865,0,0.690865,24.38,113.619,166,0,0,1389,25.3636,25.3636,20
10.9581,8.51555,0,8.51555,24.36,113.323,835,0,0,1391,25.3911,25.3911,20
10.9795,8.60445,0,8.60445,24.36,113.323,756,2,0,1393,25.3984,25.3984,20
10.995,12.1789,0,12.1789,24.34,113.026,1019,2,0,1395,25.4444,25.4444,20
11.0148,10.8089,0,10.8089,24.34,113.026,977,2,0,1397,25.4803,25.4803,20
11.0255,7.11079,0,7.11079,24.32,112.73,683,8,0,1398,25.4986,25.4986,20
11.046,7.04741,0,7.04741,24.32,112.73,693,0,0,1400,25.5043,25.5043,20
11.0567,7.00138,0,7.00138,24.3,112.434,685,18,0,1401,25.5253,25.5253,20
11.071,0.786309,0,0.786309,24.3,112.434,180,0,0,1401,25.5253,25.5253,20
11.078,2.91631,0,2.91631,24.28,112.138,408,0,0,1402,25.5292,25.5292,20
11.1054,9.79813,0,9.79813,24.28,112.138,852,0,0,1404,25.5491,25.5491,20
11.1158,6.59929,0,6.59929,24.26,111.841,643,2,0,1406,25.5455,25.5455,20
11.1334,3.06134,0,3.06134,24.26,111.841,428,0,0,1406,25.5455,25.5455,20
11.1379,0.622055,0,0.622055,24.24,111.545,183,0,0,1406,25.5455,25.5455,20
11.1672,9.35217,0,9.35217,24.24,111.545,873,4,0,1407,25.5764,25.5764,20
11.1747,3.52556,0,3.52556,24.22,111.249,436,5,0,1408,25.5774,25.5774,20
11.1959,3.72436,0,3.72436,24.22,111.249,423,0,0,1409,25.5763,25.5763,20
11.2002,0.691477,0,0.691477,24.2,110.952,183,0,0,1409,25.5763,25.5763,20
11.2295,9.01302,0,9.01302,24.2,110.952,747,0,0,1410,25.6092,25.6092,20
11.2433,9.54707,0,9.54707,24.18,110.656,811,0,0,1411,25.64,25.64,20
11.2614,7.10449,0,7.10449,24.18,110.656,754,0,0,1413,25.6525,25.6525,20
11.2655,0.012443,0,0.012443,24.16,124.048,170,0,0,1413,25.6525,25.6525,20
11.2905,4.04662,0,4.04662,24.16,124.048,499,2,0,1414,25.6655,25.6655,20
11.2968,2.30656,0,2.30656,24.14,110.146,292,0,0,1414,25.6655,25.6655,20
11.3222,6.68824,0,6.68824,24.14,110.146,547,0,0,1415,25.6742,25.6742,20
11.3333,6.70468,0,6.70468,24.12,109.847,627,0,0,1417,25.6733,25.6733,20
11.3631,16.1302,0,16.1302,24.12,109.847,1377,13,0,1419,25.723,25.723,20
11.3728,5.5903,0,5.5903,24.1,109.549,638,1,0,1421,25.727,25.727,20
11.4003,12.4022,0,12.4022,24.1,109.549,1007,0,0,1423,25.7526,25.7526,20
11.4097,5.37992,0,5.37992,24.08,109.25,599,0,0,1424,25.7626,25.7626,20
11.4281,3.29036,0,3.29036,24.08,109.25,448,0,0,1425,25.7628,25.7628,20
11.4417,9.77164,0,9.77164,24.06,108.951,881,6,0,1426,25.7924,25.7924,20
11.4635,10.4001,0,10.4001,24.06,108.951,962,8,0,1428,25.8102,25.8102,20
11.4728,5.49784,0,5.49784,24.04,108.653,693,8,0,1429,25.8293,25.8293,20
11.4936,5.59671,0,5.59671,24.04,108.653,578,0,0,1431,25.8225,25.8225,20
11.5013,3.88514,0,3.88514,24.02,108.354,465,0,0,1432,25.8219,25.8219,20
11.5304,11.7373,0,11.7373,24.02,108.354,985,0,0,1434,25.8389,25.8389,20
11.5351,0.292439,0,0.292439,24,110.848,225,0,0,1434,25.8389,25.8389,20
11.5679,12.2994,0,12.2994,24,110.848,1141,0,0,1436,25.8753,25.8753,20
11.5842,11.8944,0,11.8944,23.98,107.669,1167,5,0,1438,25.9179,25.9179,20
11.6034,10.2119,0,10.2119,23.98,107.669,995,0,0,1440,25.9507,25.9507,20
11.6151,7.25733,0,7.25733,23.96,107.374,722,0,0,1441,25.966,25.966,20
11.631,2.37668,0,2.37668,23.96,107.374,352,0,0,1442,25.9556,25.9556,20
11.6388,3.61272,0,3.61272,23.94,107.078,493,0,0,1443,25.9563,25.9563,20
11.6607,4.50584,0,4.50584,23.94,107.078,565,2,0,1444,25.9598,25.9598,20
11.6778,12.7661,0,12.7661,23.92,106.783,1185,2,0,1446,25.9896,25.9896,20
11.6934,7.35503,0,7.35503,23.92,106.783,661,0,0,1447,26,26,20
11.6983,0.259879,0,0.259879,23.9,106.487,257,0,0,1447,26,26,20
11.7324,13.2208,0,13.2208,23.9,106.487,1234,29,0,1449,26.0331,26.0331,20
11.7519,14.6617,0,14.6617,23.88,106.192,1196,1,0,1451,26.0737,26.0737,20
11.7769,18.7009,0,18.7009,23.88,106.192,1609,52,0,1453,26.1404,26.1404,20
11.7892,7.3136,0,7.3136,23.86,105.896,757,0,0,1455,26.1436,26.1436,20
11.8119,9.6789,0,9.6789,23.86,105.896,979,11,0,1457,26.1661,26.1661,20
11.8181,1.19215,0,1.19215,23.84,105.601,257,0,0,1457,26.1661,26.1661,20
11.8483,11.124,0,11.124,23.84,105.601,1029,0,0,1458,26.2078,26.2078,20
11.857,3.53884,0,3.53884,23.82,105.305,489,0,0,1459,26.2056,26.2056,20
11.8932,19.7219,0,19.7219,23.82,105.305,1713,117,0,1461,26.269,26.269,20
11.8987,0.332632,0,0.332632,23.8,105.01,266,0,0,1461,26.269,26.269,20
11.9195,0.144531,0,0.144531,23.8,105.01,266,0,0,1461,26.269,26.269,20
11.9328,8.32382,0,8.32382,23.78,104.714,880,0,0,1462,26.2969,26.2969,20
11.9573,12.0583,0,12.0583,23.78,104.714,1201,8,0,1464,26.3292,26.3292,20
11.9665,4.31777,0,4.31777,23.76,104.419,522,0,0,1465,26.3283,26.3283,20
11.9948,11.7479,0,11.7479,23.76,104.419,1072,0,0,1467,26.3531,26.3531,20
12.0097,9.15916,0,9.15916,23.74,104.123,950,0,0,1468,26.3828,26.3828,20
12.0232,2.08953,0,2.08953,23.74,104.123,441,0,0,1469,26.3771,26.3771,20
12.029,0.46976,0,0.46976,23.72,103.828,297,0,0,1469,26.3771,26.3771,20
12.0569,7.43531,0,7.43531,23.72,103.828,864,0,0,1471,26.4018,26.4018,20
12.0723,9.86909,0,9.86909,23.7,103.532,999,177,0,1473,26.4134,26.4134,20
12.0897,6.34964,0,6.34964,23.7,103.532,837,14,0,1474,26.4301,26.4301,20
12.0956,0.134863,0,0.134863,23.68,103.237,337,0,0,1474,26.4301,26.4301,20
12.1231,6.99654,0,6.99654,23.68,103.237,827,0,0,1475,26.4454,26.4454,20
12.1351,5.88995,0,5.88995,23.66,102.941,682,0,0,1476,26.4573,26.4573,20
12.1496,0.091354,0,0.091354,23.66,102.941,330,0,0,1476,26.4573,26.4573,20
12.1637,8.9016,0,8.9016,23.64,102.646,929,19,0,1477,26.4794,26.4794,20
12.1786,2.68697,0,2.68697,23.64,102.646,476,0,0,1478,26.4716,26.4716,20
12.1962,11.8986,0,11.8986,23.62,102.35,1204,0,0,1480,26.5007,26.5007,20
12.2058,0.540236,0,0.540236,23.62,102.35,332,0,0,1480,26.5007,26.5007,20
12.2241,12.0495,0,12.0495,23.6,102.055,1125,0,0,1482,26.5175,26.5175,20
12.2362,3.86967,0,3.86967,23.6,102.055,613,0,0,1483,26.5253,26.5253,20
12.2474,4.72552,0,4.72552,23.58,101.759,589,0,0,1484,26.5263,26.5263,20
12.2694,6.3035,0,6.3035,23.58,101.759,683,0,0,1486,26.5242,26.5242,20
12.2876,11.9041,0,11.9041,23.56,101.464,1292,0,0,1488,26.5598,26.5598,20
12.3,3.68859,0,3.68859,23.56,101.464,644,0,0,1489,26.5635,26.5635,20
12.3096,3.37427,0,3.37427,23.54,101.169,555,0,0,1490,26.5604,26.5604,20
12.3345,7.75106,0,7.75106,23.54,101.169,897,0,0,1491,26.5882,26.5882,20
12.3491,7.90097,0,7.90097,23.52,100.873,955,8,0,1492,26.6113,26.6113,20
12.3653,4.39357,0,4.39357,23.52,100.873,601,0,0,1492,26.6113,26.6113,20
12.3808,9.34544,0,9.34544,23.5,100.578,1069,2,0,1494,26.6392,26.6392,20
12.4039,12.0025,0,12.0025,23.5,100.578,1180,0,0,1496,26.6644,26.6644,20
12.419,8.62277,0,8.62277,23.48,100.237,956,4,0,1497,26.6887,26.6887,20
12.4369,6.67254,0,6.67254,23.48,100.237,789,0,0,1498,26.6956,26.6956,20
12.447,3.82854,0,3.82854,23.46,100.116,627,1,0,1499,26.6978,26.6978,20
12.4733,10.1784,0,10.1784,23.46,100.116,1095,1,0,1501,26.7115,26.7115,20
12.4951,14.3963,0,14.3963,23.44,99.995,1351,0,0,1503,26.7598,26.7598,20
12.504,1.81018,0,1.81018,23.42,99.8744,445,0,0,1504,26.748,26.748,20
12.5284,5.35089,0,5.35089,23.42,99.8744,760,0,0,1505,26.7581,26.7581,20
12.5385,3.48701,0,3.48701,23.4,99.7538,602,0,0,1506,26.7583,26.7583,20
12.5568,0.912387,0,0.912387,23.4,99.7538,368,0,0,1506,26.7583,26.7583,20
12.5636,0.354196,0,0.354196,23.38,99.6332,368,0,0,1506,26.7583,26.7583,20
12.5896,5.49887,0,5.49887,23.38,99.6332,790,5,0,1508,26.7593,26.7593,20
12.614,17.7347,0,17.7347,23.36,99.5126,1620,0,0,1510,26.8113,26.8113,20
12.6359,14.6779,0,14.6779,23.34,99.392,1480,1,0,1512,26.8565,26.8565,20
12.6439,0.991038,0,0.991038,23.32,99.2714,371,0,0,1512,26.8565,26.8565,20
12.6649,1.88802,0,1.88802,23.32,99.2714,508,0,0,1513,26.8526,26.8526,20
12.6791,6.95575,0,6.95575,23.3,99.1509,881,2,0,1514,26.8851,26.8851,20
12.7002,8.18557,0,8.18557,23.3,99.1509,1003,1,0,1515,26.9102,26.9102,20
12.7194,11.8436,0,11.8436,23.28,99.0303,1210,0,0,1517,26.9361,26.9361,20
12.7329,5.59623,0,5.59623,23.28,99.0303,803,4,0,1518,26.9552,26.9552,20
12.7459,5.85146,0,5.85146,23.26,98.9097,799,3,0,1519,26.9763,26.9763,20
12.7626,2.59555,0,2.59555,23.26,98.9097,587,0,0,1520,26.9724,26.9724,20
12.7774,7.11135,0,7.11135,23.24,98.7891,879,0,0,1521,26.9882,26.9882,20
12.7937,3.62862,0,3.62862,23.24,98.7891,648,2,0,1522,26.998,26.998,20
12.8129,11.7237,0,11.7237,23.22,98.6685,1195,4,0,1523,27.0361,27.0361,20
12.8256,3.7196,0,3.7196,23.22,98.6685,760,15,0,1524,27.0453,27.0453,20
12.8335,0.796183,0,0.796183,23.2,98.5479,404,0,0,1524,27.0453,27.0453,20
12.8669,12.8263,0,12.8263,23.2,98.5479,1363,0,0,1526,27.076,27.076,20
12.8869,12.5445,0,12.5445,23.18,98.4273,1428,0,0,1528,27.1158,27.1158,20
12.9088,13.9479,0,13.9479,23.18,98.4273,1407,1,0,1530,27.1686,27.1686,20
12.9241,7.73382,0,7.73382,23.16,96.1832,1052,5,0,1532,27.1815,27.1815,20
12.9494,12.2551,0,12.2551,23.16,96.1832,1308,0,0,1533,27.2224,27.2224,20
12.9602,3.82723,0,3.82723,23.14,96.1128,667,0,0,1534,27.221,27.221,20
12.983,5.65367,0,5.65367,23.14,96.1128,938,0,0,1535,27.2397,27.2397,20
12.9964,6.20436,0,6.20436,23.12,96.0425,832,1,0,1536,27.2591,27.2591,20
13.0286,17.3783,0,17.3783,23.12,96.0425,1708,5,0,1538,27.3166,27.3166,20
13.049,12.6151,0,12.6151,23.1,95.9723,1380,4,0,1540,27.3604,27.3604,20
13.0572,0.78995,0,0.78995,23.1,95.9723,437,0,0,1540,27.3604,27.3604,20
13.0685,3.56049,0,3.56049,23.08,95.9021,607,0,0,1541,27.3537,27.3537,20
13.0908,4.85712,0,4.85712,23.08,95.9021,808,0,0,1542,27.3606,27.3606,20
13.1118,13.6475,0,13.6475,23.06,95.8319,1540,0,0,1544,27.3983,27.3983,20
13.1197,0.411621,0,0.411621,23.04,95.7618,447,0,0,1544,27.3983,27.3983,20
13.1485,8.35418,0,8.35418,23.04,95.7618,1127,5,0,1546,27.4069,27.4069,20
13.1647,7.95803,0,7.95803,23.02,95.6917,1084,0,0,1548,27.4264,27.4264,20
13.1824,4.99321,0,4.99321,23.02,95.6917,748,0,0,1549,27.4325,27.4325,20
13.2025,12.2643,0,12.2643,23,95.6216,1427,10,0,1551,27.4597,27.4597,20
13.2236,13.116,0,13.116,23,95.6216,1418,0,0,1553,27.4913,27.4913,20
13.2413,9.62265,0,9.62265,22.98,95.5515,1188,2,0,1554,27.5142,27.5142,20
13.2624,10.1862,0,10.1862,22.98,95.5515,1117,148,0,1555,27.5383,27.5383,20
13.2742,3.54311,0,3.54311,22.96,95.4814,751,0,0,1556,27.5553,27.5553,20
13.2954,4.5972,0,4.5972,22.96,95.4814,837,0,0,1557,27.5626,27.5626,20
13.3158,12.2069,0,12.2069,22.94,95.4113,1351,8,0,1559,27.5985,27.5985,20
13.3277,4.24083,0,4.24083,22.92,95.3412,818,0,0,1560,27.6122,27.6122,20
13.3502,4.93489,0,4.93489,22.92,95.3412,665,0,0,1561,27.6099,27.6099,20
13.3732,9.76962,0,9.76962,22.9,95.2711,948,0,0,1563,27.6078,27.6078,20
13.3972,15.628,0,15.628,22.88,95.201,1669,2,0,1565,27.6569,27.6569,20
13.4101,4.97341,0,4.97341,22.86,95.1309,753,0,0,1566,27.6679,27.6679,20
13.4375,12.6819,0,12.6819,22.86,95.1309,1325,8,0,1568,27.7124,27.7124,20
13.4468,0.531105,0,0.531105,22.84,95.0608,450,0,0,1568,27.7124,27.7124,20
13.4706,3.89008,0,3.89008,22.84,95.0608,743,0,0,1569,27.717,27.717,20
13.488,9.51738,0,9.51738,22.82,94.9907,1102,0,0,1570,27.7522,27.7522,20
13.5141,14.9497,0,14.9497,22.82,94.9907,1646,7,0,1572,27.806,27.806,20
13.5246,2.85597,0,2.85597,22.8,94.9206,660,0,0,1573,27.8017,27.8017,20
13.5576,15.0014,0,15.0014,22.8,94.9206,1547,1,0,1575,27.8387,27.8387,20
13.5823,16.6082,0,16.6082,22.78,94.8505,1652,2,0,1577,27.8903,27.8903,20
13.5927,2.56759,0,2.56759,22.76,94.7804,694,1,0,1578,27.8847,27.8847,20
13.6176,6.5997,0,6.5997,22.76,94.7804,995,2,0,1580,27.8873,27.8873,20
13.6389,13.2605,0,13.2605,22.74,94.7103,1377,22,0,1581,27.9292,27.9292,20
13.6475,0.517589,0,0.517589,22.72,94.6401,450,0,0,1581,27.9292,27.9292,20
13.6762,7.98058,0,7.98058,22.72,94.6401,1042,9,0,1582,27.9532,27.9532,20
13.692,7.97063,0,7.97063,22.7,94.57,1115,1,0,1584,27.9653,27.9653,20
13.7086,3.66295,0,3.66295,22.7,94.57,740,0,0,1585,27.9653,27.9653,20
13.7241,7.58978,0,7.58978,22.68,94.4999,1145,0,0,1587,27.9786,27.9786,20
13.7472,9.6812,0,9.6812,22.68,94.4999,1201,0,0,1588,28.0113,28.0113,20
14.4394,684.021,674.301,9.72006,22.66,94.4298,62147,1228,0,1589,28.0321,28.0321,20
14.4475,4.62096,0,4.62096,22.64,94.3597,581,3,0,1590,28.0491,28.0491,20
14.4694,5.9568,0,5.9568,22.64,94.3597,486,1,0,1591,28.0629,28.0629,20
14.478,5.28851,0,5.28851,22.62,94.2896,474,0,0,1592,28.0704,28.0704,20
14.5072,13.4865,0,13.4865,22.62,94.2896,1080,0,0,1594,28.1029,28.1029,20
14.5175,7.19926,0,7.19926,22.6,94.2195,679,0,0,1595,28.1367,28.1367,20
14.5372,5.87476,0,5.87476,22.6,94.2195,630,0,0,1596,28.1591,28.1591,20
14.5425,2.30943,0,2.30943,22.58,94.1494,247,0,0,1596,28.1591,28.1591,20
14.5761,15.2319,0,15.2319,22.58,94.1494,1228,4,0,1598,28.1965,28.1965,20
14.5836,4.27148,0,4.27148,22.56,94.0793,427,2,0,1599,28.2114,28.2114,20
14.6063,6.07676,0,6.07676,22.56,94.0793,510,0,0,1600,28.2375,28.2375,20
14.6204,11.2064,0,11.2064,22.54,94.0092,901,14,0,1601,28.2711,28.2711,20
14.6423,11.9911,0,11.9911,22.54,94.0092,1035,3,0,1603,28.2969,28.2969,20
14.646,0.583872,0,0.583872,22.52,93.9391,100,0,0,1603,28.2969,28.2969,20
14.6686,2.08319,0,2.08319,22.52,93.9391,256,0,0,1603,28.2969,28.2969,20
14.6823,10.3169,0,10.3169,22.5,93.869,862,6,0,1605,28.3097,28.3097,20
14.6981,5.01702,0,5.01702,22.5,93.869,525,5,0,1606,28.33,28.33,20
14.7064,5.2526,0,5.2526,22.48,93.7989,460,2,0,1607,28.3348,28.3348,20
14.729,7.09491,0,7.09491,22.48,93.7989,560,0,0,1608,28.3458,28.3458,20
14.7436,11.2642,0,11.2642,22.46,93.7288,1041,0,0,1610,28.3857,28.3857,20
14.7623,9.40231,0,9.40231,22.46,93.7288,700,103,0,1611,28.4053,28.4053,20
14.7689,3.24793,0,3.24793,22.44,93.6587,320,0,0,1612,28.4014,28.4014,20
14.7953,9.03166,0,9.03166,22.44,93.6587,754,0,0,1613,28.4272,28.4272,20
14.8049,6.16044,0,6.16044,22.42,93.5886,561,2,0,1614,28.4424,28.4424,20
14.8319,12.0403,0,12.0403,22.42,93.5886,953,2,0,1615,28.4805,28.4805,20
14.8378,2.81263,0,2.81263,22.4,93.5185,285,1,0,1616,28.4752,28.4752,20
14.8606,4.72913,0,4.72913,22.4,93.5185,432,0,0,1617,28.4774,28.4774,20
14.8817,17.766,0,17.766,22.38,93.4484,1314,6,0,1619,28.5207,28.5207,20
14.8998,14.3595,0,14.3595,22.36,93.3783,1252,2,0,1621,28.5713,28.5713,20
14.91,4.33278,0,4.33278,22.36,93.3783,439,3,0,1623,28.5582,28.5582,20
14.9194,5.47242,0,5.47242,22.34,93.3081,553,0,0,1624,28.5714,28.5714,20
14.9394,5.33809,0,5.33809,22.34,93.3081,517,7,0,1625,28.5865,28.5865,20
14.949,5.811,0,5.811,22.32,93.238,431,4,0,1626,28.5929,28.5929,20
14.969,5.54559,0,5.54559,22.32,93.238,511,1,0,1627,28.6066,28.6066,20
14.9856,13.2321,0,13.2321,22.3,93.1679,1089,14,0,1629,28.636,28.636,20
14.9944,1.08652,0,1.08652,22.3,93.1679,110,0,0,1629,28.636,28.636,20
15.0052,7.62088,0,7.62088,22.28,93.0978,610,0,0,1630,28.6491,28.6491,20
15.0277,9.11659,0,9.11659,22.28,93.0978,942,0,0,1632,28.6722,28.6722,20
15.0389,7.83971,0,7.83971,22.26,93.0277,735,7,0,1633,28.7018,28.7018,20
15.0526,0.49918,0,0.49918,22.26,93.0277,110,0,0,1633,28.7018,28.7018,20
15.0687,12.7344,0,12.7344,22.24,92.9576,1186,1,0,1635,28.7492,28.7492,20
15.0836,6.92735,0,6.92735,22.24,92.9576,479,0,0,1636,28.7751,28.7751,20
15.0934,6.54709,0,6.54709,22.22,92.8875,609,0,0,1637,28.7886,28.7886,20
15.1211,13.6631,0,13.6631,22.22,92.8875,1155,2,0,1639,28.8279,28.8279,20
15.1389,14.06,0,14.06,22.2,92.8174,1139,0,0,1641,28.8678,28.8678,20
15.1537,7.95773,0,7.95773,22.2,92.8174,661,2,0,1642,28.8965,28.8965,20
15.1628,5.48762,0,5.48762,22.18,92.7473,573,0,0,1643,28.9148,28.9148,20
15.1827,4.52713,0,4.52713,22.18,92.7473,472,0,0,1644,28.913,28.913,20
15.1877,1.59509,0,1.59509,22.16,92.6772,184,0,0,1644,28.913,28.913,20
15.2135,6.63093,0,6.63093,22.16,92.6772,600,0,0,1645,28.9246,28.9246,20
15.9422,724.873,711.618,13.2551,22.14,92.6071,69360,1112,0,1647,28.9642,28.9642,20
15.9537,4.04524,0,4.04524,22.12,97.9963,963,1,0,1648,28.9727,28.9727,20
15.9818,10.8617,0,10.8617,22.12,97.9963,1509,7,0,1650,29.0048,29.0048,20
15.9916,3.13485,0,3.13485,22.1,97.8202,912,7,0,1651,28.9994,28.9994,20
16.0166,6.88249,0,6.88249,22.1,97.8202,1131,1,0,1652,29.0151,29.0151,20
16.0265,3.32959,0,3.32959,22.08,97.6441,845,0,0,1653,29.0206,29.0206,20
16.0606,16.2911,0,16.2911,22.08,97.6441,2004,0,0,1655,29.0767,29.0767,20
16.0822,14.2959,0,14.2959,22.06,97.4681,1797,0,0,1657,29.1358,29.1358,20
16.0916,2.00409,0,2.00409,22.04,97.2921,771,0,0,1658,29.1333,29.1333,20
16.1106,0.465937,0,0.465937,22.04,97.2921,615,0,0,1658,29.1333,29.1333,20
16.1182,0.789078,0,0.789078,22.02,97.1161,630,0,0,1658,29.1333,29.1333,20
16.1388,0.084172,0,0.084172,22.02,97.1161,630,0,0,1658,29.1333,29.1333,20
16.1498,4.12645,0,4.12645,22,96.9401,928,2,0,1659,29.1332,29.1332,20
16.1705,4.21467,0,4.21467,22,96.9401,1019,0,0,1659,29.1332,29.1332,20
16.1886,10.659,0,10.659,21.98,96.7642,1459,4,0,1661,29.1541,29.1541,20
16.2064,8.13202,0,8.13202,21.98,96.7642,1214,0,0,1662,29.1715,29.1715,20
16.2221,8.10124,0,8.10124,21.96,96.5883,1256,0,0,1663,29.196,29.196,20
16.2423,7.69216,0,7.69216,21.96,96.5883,1295,0,0,1664,29.2163,29.2163,20
16.2602,10.3589,0,10.3589,21.94,96.4124,1475,11,0,1666,29.2347,29.2347,20
16.2717,0.533392,0,0.533392,21.94,96.4124,675,0,0,1666,29.2347,29.2347,20
16.2864,7.22772,0,7.22772,21.92,96.2365,1260,0,0,1667,29.2513,29.2513,20
16.3033,3.27271,0,3.27271,21.92,96.2365,1034,0,0,1668,29.253,29.253,20
16.3125,0.842846,0,0.842846,21.9,96.0606,740,0,0,1668,29.253,29.253,20
16.3392,6.98036,0,6.98036,21.9,96.0606,1313,5,0,1669,29.2816,29.2816,20
16.3482,0.674054,0,0.674054,21.88,95.8846,745,0,0,1669,29.2816,29.2816,20
16.3739,5.51712,0,5.51712,21.88,95.8846,1165,1,0,1670,29.2892,29.2892,20
16.3939,12.1442,0,12.1442,21.86,95.7087,1650,4,0,1672,29.3242,29.3242,20
16.8226,420.235,409.18,11.0546,21.84,95.5328,49588,1263,0,1674,29.3507,29.3507,20
16.8378,12.3655,0,12.3655,21.82,95.3569,959,2,0,1676,29.3753,29.3753,20
16.8553,9.69096,0,9.69096,21.82,95.3569,827,0,0,1678,29.3945,29.3945,20
16.8587,0.410879,0,0.410879,21.8,95.181,45,0,0,1678,29.3945,29.3945,20
16.8836,5.27096,0,5.27096,21.8,95.181,474,0,0,1679,29.4032,29.4032,20
16.8948,8.61255,0,8.61255,21.78,95.0051,771,6,0,1680,29.4357,29.4357,20
16.912,4.77561,0,4.77561,21.78,95.0051,430,0,0,1681,29.442,29.442,20
16.9199,5.10655,0,5.10655,21.76,94.8292,501,8,0,1682,29.4566,29.4566,20
16.9474,11.6119,0,11.6119,21.76,94.8292,1022,2,0,1684,29.4822,29.4822,20
16.9561,6.01632,0,6.01632,21.74,94.6532,504,0,0,1685,29.4955,29.4955,20
16.9817,10.5821,0,10.5821,21.74,94.6532,830,0,0,1686,29.5243,29.5243,20
17.0025,18.2012,0,18.2012,21.72,94.4773,1420,12,0,1688,29.5711,29.5711,20
17.0107,4.9836,0,4.9836,21.7,94.3014,425,1,0,1689,29.5779,29.5779,20
17.0388,12.7602,0,12.7602,21.7,94.3014,1181,0,0,1691,29.6156,29.6156,20
17.042,0.41754,0,0.41754,21.68,94.1255,65,0,0,1691,29.6156,29.6156,20
17.0692,6.65568,0,6.65568,21.68,94.1255,642,0,0,1692,29.6413,29.6413,20
17.0816,9.63286,0,9.63286,21.66,93.9496,824,0,0,1694,29.6718,29.6718,20
17.1033,10.3322,0,10.3322,21.66,93.9496,773,5,0,1695,29.7074,29.7074,20
17.1206,14.0964,0,14.0964,21.64,93.7737,1115,0,0,1697,29.7342,29.7342,20
17.1289,1.48297,0,1.48297,21.64,93.7737,65,0,0,1697,29.7342,29.7342,20
17.137,5.20936,0,5.20936,21.62,93.5977,490,69,0,1698,29.7415,29.7415,20
17.1698,17.7977,0,17.7977,21.62,93.5977,1418,0,0,1700,29.8035,29.8035,20
17.1803,7.0425,0,7.0425,21.6,93.4218,622,0,0,1701,29.8183,29.8183,20
17.2029,8.9986,0,8.9986,21.6,93.4218,810,2,0,1702,29.8437,29.8437,20
17.2066,0.732513,0,0.732513,21.58,93.2459,80,0,0,1702,29.8437,29.8437,20
17.2349,8.04946,0,8.04946,21.58,93.2459,808,9,0,1703,29.8714,29.8714,20
17.2541,16.1019,0,16.1019,21.56,93.07,1274,9,0,1705,29.9097,29.9097,20
17.2695,10.5576,0,10.5576,21.56,93.07,1024,13,0,1707,29.9379,29.9379,20
17.2803,8.40611,0,8.40611,21.54,92.8941,650,0,0,1708,29.9537,29.9537,20
17.2937,0.588694,0,0.588694,21.54,92.8941,80,0,0,1708,29.9537,29.9537,20
17.3005,3.54795,0,3.54795,21.52,92.7182,353,0,0,1709,29.9526,29.9526,20
17.3317,14.2442,0,14.2442,21.52,92.7182,1264,9,0,1711,29.993,29.993,20
17.3385,3.30294,0,3.30294,21.5,92.5422,351,1,0,1712,29.9988,29.9988,20
17.3733,17.3865,0,17.3865,21.5,92.5422,1531,12,0,1714,30.0525,30.0525,20
17.3766,0.038793,0,0.038793,21.48,92.3663,75,0,0,1714,30.0525,30.0525,20
17.4038,6.34718,0,6.34718,21.48,92.3663,549,1,0,1715,30.0676,30.0676,20
17.4079,1.07919,0,1.07919,21.46,92.1904,75,0,0,1715,30.0676,30.0676,20
17.4299,1.88369,0,1.88369,21.46,92.1904,235,6,0,1716,30.0594,30.0594,20
17.4494,16.5094,0,16.5094,21.44,92.0145,1323,5,0,1718,30.0995,30.0995,20
17.4684,14.7218,0,14.7218,21.44,92.0145,1175,1,0,1720,30.1308,30.1308,20
17.4814,9.99102,0,9.99102,21.42,91.8386,893,16,0,1722,30.1458,30.1458,20
17.5005,8.15167,0,8.15167,21.42,91.8386,759,13,0,1724,30.1543,30.1543,20
17.5077,3.70885,0,3.70885,21.4,91.6627,208,1,0,1725,30.1664,30.1664,20
17.526,0.944278,0,0.944278,21.4,91.6627,100,0,0,1725,30.1664,30.1664,20
17.5395,10.2249,0,10.2249,21.38,91.4868,865,74,0,1726,30.1929,30.1929,20
17.5518,1.98633,0,1.98633,21.38,91.4868,223,0,0,1727,30.1853,30.1853,20
17.5713,15.636,0,15.636,21.36,91.3108,1298,6,0,1729,30.2244,30.2244,20
17.5835,7.61003,0,7.61003,21.36,91.3108,773,5,0,1730,30.2514,30.2514,20
17.596,9.2947,0,9.2947,21.34,91.1349,951,2,0,1732,30.2667,30.2667,20
17.6073,0.427295,0,0.427295,21.34,91.1349,105,0,0,1732,30.2667,30.2667,20
17.6246,13.7843,0,13.7843,21.32,90.959,1357,4,0,1734,30.3074,30.3074,20
17.6427,11.207,0,11.207,21.32,90.959,999,0,0,1736,30.3295,30.3295,20
17.6517,5.47583,0,5.47583,21.3,90.7831,593,4,0,1737,30.3535,30.3535,20
17.6796,12.2054,0,12.2054,21.3,90.7831,1183,53,0,1739,30.3876,30.3876,20
17.6847,1.24756,0,1.24756,21.28,90.6072,145,0,0,1739,30.3876,30.3876,20
17.7203,16.7508,0,16.7508,21.28,90.6072,1337,0,0,1741,30.4337,30.4337,19.9988
17.7249,0.914151,0,0.914151,21.26,90.4313,105,0,0,1741,30.4337,30.4337,19.9963
17.7474,3.0716,0,3.0716,21.26,90.4313,316,0,0,1742,30.4317,30.4317,19.9938
17.7513,0.20817,0,0.20817,21.24,90.2553,110,0,0,1742,30.4317,30.4317,19.9938
17.7836,12.2659,0,12.2659,21.24,90.2553,1066,16,0,1743,30.4641,30.4641,19.9913
17.804,16.6556,0,16.6556,21.22,90.0794,1443,0,0,1745,30.5106,30.5106,19.9889
17.8083,0.862486,0,0.862486,21.2,89.9035,110,0,0,1745,30.5106,30.5106,19.9864
17.8286,0.123924,0,0.123924,21.2,89.9035,110,0,0,1745,30.5106,30.5106,19.9864
17.8442,12.4212,0,12.4212,21.18,89.7276,1156,0,0,1747,30.5392,30.5392,19.9839
17.8747,21.7083,0,21.7083,21.18,89.7276,1885,1,0,1749,30.6112,30.6112,19.979
17.8835,5.2878,0,5.2878,21.16,89.5517,547,4,0,1750,30.6211,30.6211,19.9765
17.907,7.69427,0,7.69427,21.16,89.5517,686,1,0,1751,30.6299,30.6299,19.9715
17.9181,7.82816,0,7.82816,21.14,89.3758,730,5,0,1753,30.6429,30.6429,19.9691
17.9356,4.24539,0,4.24539,21.14,89.3758,399,0,0,1754,30.6437,30.6437,19.9641
17.9443,5.21459,0,5.21459,21.12,89.1998,530,0,0,1755,30.6507,30.6507,19.9641
17.9611,0.793596,0,0.793596,21.12,89.1998,100,0,0,1755,30.6507,30.6507,19.9617
17.9699,5.27801,0,5.27801,21.1,89.0239,510,0,0,1756,30.656,30.656,19.9617
17.9907,5.35113,0,5.35113,21.1,89.0239,463,7,0,1757,30.6705,30.6705,19.9567
18.0051,10.6179,0,10.6179,21.08,88.848,1107,0,0,1759,30.701,30.701,19.9543
18.0258,10.4601,0,10.4601,21.08,88.848,959,0,0,1761,30.7172,30.7172,19.9494
18.0354,5.94001,0,5.94001,21.06,82.6975,593,8,0,1762,30.7367,30.7367,19.9445
18.0609,10.3371,0,10.3371,21.06,82.6975,802,0,0,1763,30.7663,30.7663,19.9445
18.0831,18.6614,0,18.6614,21.04,82.609,1575,0,0,1765,30.8323,30.8323,19.9396
18.0922,5.19549,0,5.19549,21.02,82.5204,516,0,0,1766,30.8392,30.8392,19.9347
18.1086,1.15601,0,1.15601,21.02,82.5204,135,0,0,1766,30.8392,30.8392,19.9347
18.1162,3.30368,0,3.30368,21,82.4321,333,0,0,1766,30.8392,30.8392,19.9347
18.1334,0.253232,0,0.253232,21,82.4321,135,0,0,1766,30.8392,30.8392,19.9347
18.1382,1.22009,0,1.22009,20.98,82.3439,182,1,0,1767,30.8325,30.8325,19.9347
18.1665,8.25756,0,8.25756,20.98,82.3439,765,0,0,1768,30.8501,30.8501,19.9322
18.1863,16.1389,0,16.1389,20.96,82.2557,1404,3,0,1770,30.9096,30.9096,19.9274
18.1937,2.92374,0,2.92374,20.96,82.2557,435,1,0,1771,30.9119,30.9119,19.9249
18.2035,6.33482,0,6.33482,20.94,82.1677,668,12,0,1772,30.9374,30.9374,19.9225
18.2337,15.5529,0,15.5529,20.94,82.1677,1405,11,0,1774,30.9729,30.9718,19.9176
18.2497,12.1897,0,12.1897,20.92,88.0851,1158,25,0,1776,30.9983,30.9983,19.9127
18.2596,0.873218,0,0.873218,20.92,88.0851,150,0,0,1776,30.9983,30.9983,19.9103
18.2761,12.5512,0,12.5512,20.9,81.9128,1255,7,0,1778,31.0484,31.0484,19.9079
18.3019,17.3589,0,17.3589,20.9,81.9128,1646,7,0,1780,31.1157,31.1157,19.903
18.3074,1.00148,0,1.00148,20.88,81.8251,175,0,0,1780,31.1157,31.1157,19.9006
18.3293,2.37931,0,2.37931,20.88,81.8251,372,0,0,1781,31.1095,31.1095,19.8982
18.3395,6.74528,0,6.74528,20.86,81.7374,730,1,0,1782,31.1324,31.1324,19.8982
18.3611,7.2419,0,7.2419,20.86,81.7374,714,0,0,1783,31.1453,31.1453,19.8958
18.385,19.7086,0,19.7086,20.84,81.6499,1658,6,0,1785,31.2011,31.2,19.8909
19.1336,744.185,743.474,0.710864,20.82,81.5626,85438,1393,0,1785,31.1076,31.0975,19.8885
19.1489,7.6774,0,7.6774,20.8,89.3394,1123,0,0,1786,31.1221,31.112,19.8885
19.17,8.49722,0,8.49722,20.8,89.3394,1274,0,0,1787,31.1522,31.1421,19.8837
19.1834,6.5867,0,6.5867,20.78,88.9637,1084,3,0,1788,31.1678,31.1577,19.8837
19.2036,6.21735,0,6.21735,20.78,88.9637,1009,0,0,1789,31.1755,31.1655,19.8789
19.2108,0.246147,0,0.246147,20.76,88.5879,624,0,0,1789,31.1755,31.1655,19.8789
19.238,7.03295,0,7.03295,20.76,88.5879,1101,1,0,1790,31.1888,31.1788,19.8789
19.2509,5.75935,0,5.75935,20.74,88.2122,1083,0,0,1791,31.1965,31.1865,19.8765
19.2687,3.01798,0,3.01798,20.74,88.2122,822,0,0,1791,31.1965,31.1865,19.8741
19.2938,17.0717,0,17.0717,20.72,87.8365,2219,7,0,1793,31.2532,31.2432,19.8717
19.3072,4.72942,0,4.72942,20.7,87.4607,1186,0,0,1794,31.257,31.2469,19.8669
19.3323,9.04899,0,9.04899,20.7,87.4607,1479,5,0,1795,31.2886,31.2786,19.8645
19.35,8.50866,0,8.50866,20.68,87.085,1643,0,0,1797,31.3228,31.3127,19.8621
19.3709,8.37548,0,8.37548,20.68,87.085,1668,4,0,1798,31.342,31.332,19.8573
19.3805,0.935569,0,0.935569,20.66,86.7092,796,0,0,1798,31.342,31.332,19.8573
19.4005,0.285313,0,0.285313,20.66,86.7092,796,0,0,1798,31.342,31.332,19.8573
19.4154,6.25054,0,6.25054,20.64,86.3335,1381,3,0,1799,31.3608,31.3508,19.8573
19.4364,6.989,0,6.989,20.64,86.3335,1346,3,0,1800,31.3756,31.3656,19.8525
19.4592,13.8827,0,13.8827,20.62,85.9578,1911,0,0,1802,31.4029,31.3929,19.8501
19.4729,5.16673,0,5.16673,20.6,85.582,1252,0,0,1803,31.4104,31.4004,19.8453
19.5006,11.0806,0,11.0806,20.6,85.582,1800,5,0,1805,31.4421,31.4321,19.843
19.5235,13.8486,0,13.8486,20.58,85.2063,1833,1,0,1807,31.466,31.456,19.8382
19.5389,6.82771,0,6.82771,20.56,84.8306,1428,0,0,1808,31.4817,31.4718,19.8358
19.5612,7.2954,0,7.2954,20.56,84.8306,1529,0,0,1809,31.4947,31.4848,19.8334
19.5711,1.13065,0,1.13065,20.54,84.4548,825,0,0,1809,31.4947,31.4848,19.8311
19.603,12.685,0,12.685,20.54,84.4548,1772,1,0,1811,31.5179,31.508,19.8287
19.6127,0.605505,0,0.605505,20.52,84.0791,838,0,0,1811,31.5179,31.508,19.8263
19.6387,6.43629,0,6.43629,20.52,84.0791,1360,0,0,1812,31.5386,31.5287,19.8239
19.6496,1.52157,0,1.52157,20.5,83.7034,832,0,0,1812,31.5386,31.5287,19.8239
19.674,5.3909,0,5.3909,20.5,83.7034,1262,0,0,1813,31.545,31.535,19.8239
19.6916,8.27466,0,8.27466,20.48,83.3276,1523,2,0,1814,31.5722,31.5623,19.8216
19.7145,10.9424,0,10.9424,20.48,83.3276,1646,2,0,1815,31.6,31.5901,19.8192
19.7281,4.58218,0,4.58218,20.46,82.9519,1211,0,0,1816,31.6035,31.5936,19.8145
19.7514,6.368,0,6.368,20.46,82.9519,1461,5,0,1818,31.6106,31.6007,19.8121
19.76,0.042814,0,0.042814,20.44,82.5761,828,0,0,1818,31.6106,31.6007,19.8098
19.7907,9.60206,0,9.60206,20.44,82.5761,1618,5,0,1819,31.6366,31.6267,19.8074
19.9902,196.028,194.174,1.85408,20.42,82.2004,23012,189,0,1820,31.5912,31.5824,19.805
20.001,7.26619,0,7.26619,20.4,81.8247,618,0,0,1821,31.5947,31.5859,19.8027
20.024,10.0315,0,10.0315,20.4,81.8247,1054,4,0,1823,31.6171,31.6083,19.8003
20.0413,13.7412,0,13.7412,20.38,81.4489,1105,2,0,1825,31.64,31.6312,19.7956
20.0695,21.8284,0,21.8284,20.38,81.4489,1801,28,0,1827,31.7028,31.6929,19.7909
20.0737,0.573367,0,0.573367,20.36,81.0732,88,0,0,1827,31.7028,31.6929,19.7886
20.103,9.24456,0,9.24456,20.36,81.0732,638,0,0,1828,31.7166,31.7068,19.7862
20.1072,0.919274,0,0.919274,20.34,80.6975,72,0,0,1828,31.7166,31.7068,19.7862
20.1415,14.2322,0,14.2322,20.34,80.6975,1097,1,0,1830,31.7568,31.747,19.7839
20.1516,7.12633,0,7.12633,20.32,80.3217,751,3,0,1831,31.7826,31.7728,19.7792
20.1692,3.57746,0,3.57746,20.32,80.3217,338,0,0,1832,31.7795,31.7697,19.7768
20.1908,18.3528,0,18.3528,20.3,79.946,1532,5,0,1834,31.8337,31.8239,19.7745
20.2042,9.84453,0,9.84453,20.28,79.5703,833,2,0,1835,31.8643,31.8545,19.7722
20.226,11.6355,0,11.6355,20.28,79.5703,1047,14,0,1837,31.8857,31.8759,19.7675
20.2363,6.64206,0,6.64206,20.26,74.0681,650,1,0,1838,31.8988,31.8896,19.7652
20.2582,8.36677,0,8.36677,20.26,74.0681,706,0,0,1839,31.9326,31.9233,19.7605
20.2696,7.71208,0,7.71208,20.24,73.7837,826,23,0,1840,31.9614,31.9522,19.7605
20.2831,1.08275,0,1.08275,20.24,73.7837,84,0,0,1840,31.9614,31.9522,19.7582
20.3012,14.6625,0,14.6625,20.22,73.4994,1308,5,0,1842,31.9962,31.987,19.7559
20.313,5.50723,0,5.50723,20.22,73.4994,563,3,0,1843,32.0071,31.9978,19.7535
20.3262,9.80096,0,9.80096,20.2,73.2151,864,0,0,1845,32.0228,32.0136,19.7489
20.342,4.615,0,4.615,20.2,73.2151,498,2,0,1846,32.0314,32.0222,19.7466
20.3456,0.309331,0,0.309331,20.18,72.9308,88,0,0,1846,32.0314,32.0222,19.7442
20.3726,6.11357,0,6.11357,20.18,72.9308,529,2,0,1847,32.0482,32.039,19.7419
20.3851,9.10718,0,9.10718,20.16,72.6465,805,18,0,1849,32.0568,32.0476,19.7396
20.4006,3.44439,0,3.44439,20.16,72.6465,361,1,0,1850,32.0578,32.0486,19.735
20.4073,3.56131,0,3.56131,20.14,72.3622,404,0,0,1851,32.0583,32.0492,19.735
20.4358,10.8216,0,10.8216,20.14,72.3622,928,0,0,1852,32.0929,32.0837,19.7327
20.448,8.98196,0,8.98196,20.12,72.0779,733,1,0,1854,32.1014,32.0922,19.7281
20.4662,6.2265,0,6.2265,20.12,72.0779,696,18,0,1855,32.1229,32.1137,19.7257
20.474,4.31308,0,4.31308,20.1,71.7936,372,0,0,1856,32.132,32.1228,19.7211
20.4971,6.46188,0,6.46188,20.1,71.7936,655,0,0,1857,32.1508,32.1416,19.7188
20.5084,7.62035,0,7.62035,20.08,71.5093,584,1,0,1859,32.1565,32.1474,19.7165
20.528,6.05922,0,6.05922,20.08,71.5093,646,0,0,1860,32.1683,32.1591,19.7119
20.5483,16.7234,0,16.7234,20.06,71.225,1355,3,0,1862,32.203,32.1939,19.7096
20.5605,8.43549,0,8.43549,20.04,70.9407,906,0,0,1864,32.2135,32.2044,19.705
20.5828,9.4952,0,9.4952,20.04,70.9407,716,0,0,1865,32.2418,32.2327,19.7028
20.5916,4.30144,0,4.30144,20.02,70.6564,525,0,0,1865,32.2418,32.2327,19.7005
20.6085,1.21816,0,1.21816,20.02,70.6564,219,0,0,1866,32.232,32.2229,19.7005
20.6223,9.70078,0,9.70078,20,70.3721,963,5,0,1868,32.2425,32.2334,19.6959
20.6344,0.49641,0,0.49641,20,70.3721,138,0,0,1868,32.2425,32.2334,19.6936
21.1031,464.202,462.775,1.4273,19.98,70.0878,63910,1361,0,1868,32.0369,32.0252,19.6936
21.107,0.161565,0,0.161565,19.96,82.8274,126,0,0,1868,32.0369,32.0252,19.6936
21.1328,5.17661,0,5.17661,19.96,82.8274,608,0,0,1869,32.046,32.0342,19.6936
21.1405,4.03446,0,4.03446,19.94,82.5431,504,3,0,1870,32.0492,32.0374,19.689
21.1664,8.87074,0,8.87074,19.94,82.5431,1031,10,0,1872,32.0636,32.0518,19.6867
21.1757,5.71902,0,5.71902,19.92,82.2588,569,1,0,1873,32.0763,32.0646,19.6822
21.2011,9.99448,0,9.99448,19.92,82.2588,1029,27,0,1875,32.0896,32.0784,19.6799
21.2099,5.16837,0,5.16837,19.9,81.9745,543,1,0,1877,32.0868,32.0757,19.6754
21.2263,0.254902,0,0.254902,19.9,81.9745,125,0,0,1877,32.0868,32.0757,19.6731
21.2414,11.4509,0,11.4509,19.88,81.6902,970,2,0,1879,32.1096,32.0985,19.6708
21.261,10.1248,0,10.1248,19.88,81.6902,1055,0,0,1881,32.1281,32.117,19.6663
21.2651,0.328088,0,0.328088,19.86,81.4059,123,0,0,1881,32.1281,32.117,19.664
21.2965,10.6443,0,10.6443,19.86,81.4059,974,2,0,1883,32.1545,32.1434,19.6617
21.3083,8.14546,0,8.14546,19.84,81.1216,1063,13,0,1885,32.1719,32.1607,19.6572
21.3296,8.26278,0,8.26278,19.84,81.1216,794,1,0,1886,32.1983,32.1872,19.6527
21.3379,4.70417,0,4.70417,19.82,80.8373,511,3,0,1887,32.203,32.1918,19.6527
21.3655,11.1856,0,11.1856,19.82,80.8373,950,0,0,1888,32.2341,32.223,19.6482
21.3831,13.8284,0,13.8284,19.8,80.553,1322,2,0,1890,32.2688,32.2577,19.6459
21.4037,13.5123,0,13.5123,19.8,80.553,1296,63,0,1892,32.3002,32.2886,19.6414
21.4225,14.6437,0,14.6437,19.78,80.2687,1213,0,0,1894,32.3231,32.3115,19.6369
21.4321,3.01275,0,3.01275,19.78,80.2687,293,0,0,1895,32.323,32.3113,19.6324
21.4563,20.0586,0,20.0586,19.76,79.9844,1766,0,0,1897,32.3838,32.3722,19.6302
21.4641,3.38339,0,3.38339,19.74,79.7001,467,4,0,1898,32.3846,32.373,19.6257
21.4861,4.44879,0,4.44879,19.74,79.7001,596,9,0,1899,32.3949,32.3834,19.6234
21.4978,7.85793,0,7.85793,19.72,79.4158,630,0,0,1900,32.4037,32.3921,19.6212
21.5218,10.4942,0,10.4942,19.72,79.4158,1200,14,0,1902,32.429,32.4175,19.619
21.5393,13.0009,0,13.0009,19.7,79.1315,1142,6,0,1904,32.4606,32.4491,19.6145
21.5524,5.07899,0,5.07899,19.7,79.1315,667,3,0,1905,32.4703,32.4588,19.6122
21.561,4.65351,0,4.65351,19.68,78.8472,602,18,0,1906,32.4811,32.4696,19.6078
21.5913,13.6503,0,13.6503,19.68,78.8472,1384,6,0,1908,32.5199,32.5084,19.6056
21.6089,13.5246,0,13.5246,19.66,78.5629,1266,11,0,1910,32.5466,32.5351,19.6011
21.6217,5.00234,0,5.00234,19.66,78.5629,596,0,0,1911,32.5526,32.5411,19.5989
21.6308,4.71402,0,4.71402,19.64,78.2785,608,3,0,1912,32.5622,32.5507,19.5944
21.656,8.67082,0,8.67082,19.64,78.2785,1002,10,0,1914,32.5742,32.5627,19.5922
21.6759,15.5746,0,15.5746,19.62,77.9942,1385,6,0,1916,32.6086,32.5971,19.5878
21.6974,16.4919,0,16.4919,19.6,77.7099,1471,0,0,1918,32.6491,32.6376,19.5833
21.7023,0.442616,0,0.442616,19.58,77.4256,177,0,0,1918,32.6491,32.6376,19.5811
21.7324,9.30088,0,9.30088,19.58,77.4256,807,0,0,1919,32.6649,32.6535,19.5789
21.7481,10.9498,0,10.9498,19.56,77.1413,1065,0,0,1920,32.6974,32.6859,19.5789
21.7591,0.824573,0,0.824573,19.56,77.1413,183,0,0,1920,32.6974,32.6859,19.5767
21.7714,7.39354,0,7.39354,19.54,76.857,715,0,0,1921,32.708,32.6965,19.5767
21.7946,9.66501,0,9.66501,19.54,76.857,872,0,0,1922,32.7352,32.7237,19.5723
21.8099,10.7596,0,10.7596,19.52,76.5727,1127,4,0,1924,32.7526,32.7412,19.5701
21.8221,1.86415,0,1.86415,19.52,76.5727,351,2,0,1925,32.7439,32.7325,19.5678
21.8286,1.22436,0,1.22436,19.5,71.6443,298,0,0,1925,32.7439,32.7325,19.5656
21.8501,2.27053,0,2.27053,19.5,71.6443,272,0,0,1925,32.7439,32.7325,19.5656
21.8636,8.46552,0,8.46552,19.48,71.5926,896,10,0,1927,32.7483,32.7369,19.5634
21.8875,11.6369,0,11.6369,19.48,71.5926,1047,6,0,1929,32.7688,32.7574,19.559
21.9042,11.5477,0,11.5477,19.46,71.541,1248,6,0,1931,32.7903,32.7789,19.5546
21.9159,2.25415,0,2.25415,19.46,71.541,313,0,0,1931,32.7903,32.7789,19.5524
21.9293,8.10746,0,8.10746,19.44,71.4893,769,2,0,1932,32.8018,32.7904,19.5524
21.9614,19.2397,0,19.2397,19.44,71.4893,1937,4,0,1934,32.8588,32.8475,19.548
21.9867,19.9039,0,19.9039,19.42,71.4376,1684,0,0,1936,32.9044,32.8931,19.5437
21.9933,0.870495,0,0.870495,19.4,71.3859,255,0,0,1936,32.9044,32.8931,19.5415
22.0158,2.51949,0,2.51949,19.4,71.3859,355,0,0,1936,32.9044,32.8931,19.5415
22.0313,9.48227,0,9.48227,19.38,63.6998,1087,0,0,1937,32.9293,32.9179,19.5415
22.0475,4.68026,0,4.68026,19.38,63.6998,550,0,0,1938,32.9386,32.9272,19.5371
22.0537,0.353574,0,0.353574,19.36,69.9365,258,0,0,1938,32.9386,32.9272,19.5371
22.0805,5.94824,0,5.94824,19.36,69.9365,714,0,0,1939,32.9448,32.9335,19.5349
22.0965,10.0726,0,10.0726,19.34,63.5159,1098,5,0,1940,32.9701,32.9588,19.5327
22.1184,10.8365,0,10.8365,19.34,63.5159,1213,20,0,1942,32.9949,32.9835,19.5305
22.1267,2.56144,0,2.56144,19.32,63.4514,538,0,0,1943,32.9907,32.9794,19.5284
22.1467,1.25354,0,1.25354,19.32,63.4514,322,0,0,1943,32.9907,32.9794,19.5262
22.158,5.26475,0,5.26475,19.3,63.3871,721,0,0,1944,33.0015,32.9902,19.5262
22.1843,10.3179,0,10.3179,19.3,63.3871,1187,0,0,1946,33.0221,33.0108,19.5218
22.2053,14.5457,0,14.5457,19.28,63.3227,1828,8,0,1948,33.0729,33.0616,19.5175
22.2134,0.820121,0,0.820121,19.26,63.2584,323,0,0,1948,33.0729,33.0616,19.5153
22.2438,11.0974,0,11.0974,19.26,63.2584,1406,24,0,1950,33.0959,33.0846,19.5131
22.2592,8.52924,0,8.52924,19.24,63.1942,1093,18,0,1951,33.1302,33.1189,19.5109
22.2781,6.77924,0,6.77924,19.24,63.1942,889,0,0,1952,33.1434,33.1322,19.5066
22.3,15.3056,0,15.3056,19.22,63.13,1558,6,0,1954,33.1735,33.1622,19.5044
22.3188,11.8479,0,11.8479,19.2,63.0658,1457,4,0,1956,33.2035,33.1922,19.5001
22.3377,10.9809,0,10.9809,19.2,63.0658,1384,1,0,1958,33.2242,33.213,19.4958
22.3499,5.41193,0,5.41193,19.18,60.8512,802,0,0,1959,33.2318,33.2205,19.4936
22.3732,8.62237,0,8.62237,19.18,60.8512,1124,5,0,1961,33.2422,33.231,19.4893
22.3913,11.4584,0,11.4584,19.16,60.8023,1260,1,0,1962,33.2757,33.2645,19.4871
22.4094,8.96981,0,8.96981,19.16,60.8023,1052,13,0,1964,33.2805,33.2693,19.4828
22.4275,11.1213,0,11.1213,19.14,60.7534,1188,2,0,1965,33.3094,33.2982,19.4785
22.4463,9.88376,0,9.88376,19.14,60.7534,1184,0,0,1966,33.3362,33.325,19.4785
22.4695,16.2319,0,16.2319,19.12,60.7044,1662,4,0,1968,33.3887,33.3775,19.4742
22.4798,3.3187,0,3.3187,19.1,60.6555,636,0,0,1969,33.386,33.3748,19.4721
22.5029,5.98495,0,5.98495,19.1,60.6555,840,0,0,1970,33.3944,33.3832,19.4678
22.5255,15.5851,0,15.5851,19.08,60.6066,1655,2,0,1972,33.4376,33.4265,19.4656
22.5409,8.34184,0,8.34184,19.06,60.5577,1051,12,0,1973,33.4612,33.4501,19.4635
22.5598,6.37903,0,6.37903,19.06,60.5577,876,17,0,1974,33.4742,33.463,19.4613
22.5736,6.77419,0,6.77419,19.04,60.5087,956,11,0,1975,33.4957,33.4846,19.4592
22.5969,8.84864,0,8.84864,19.04,60.5087,966,5,0,1977,33.4967,33.4856,19.4549
22.608,3.21258,0,3.21258,19.02,60.4598,634,0,0,1978,33.4939,33.4828,19.4507
22.6345,9.44825,0,9.44825,19.02,60.4598,1247,0,0,1980,33.5035,33.4924,19.4485
22.6599,17.4458,0,17.4458,19,60.4109,1877,2,0,1982,33.5464,33.5353,19.4443
23.8565,1189.03,1185.57,3.46575,18.98,60.362,136297,1550,0,1983,33.118,33.121,19.44
23.874,11.9369,0,11.9369,18.96,60.313,972,1,0,1985,33.129,33.132,19.4379
23.8943,12.4386,0,12.4386,18.96,60.313,1182,1,0,1987,33.1545,33.1575,19.4336
23.9001,1.59392,0,1.59392,18.94,60.2641,148,0,0,1987,33.1545,33.1575,19.4315
23.9256,7.08597,0,7.08597,18.94,60.2641,829,2,0,1988,33.1776,33.1806,19.4294
23.9381,8.25948,0,8.25948,18.92,60.2152,847,1,0,1989,33.1956,33.1986,19.4294
23.9535,3.38824,0,3.38824,18.92,60.2152,417,3,0,1990,33.195,33.198,19.4273
23.9682,10.3451,0,10.3451,18.9,60.1663,1071,2,0,1992,33.2103,33.2134,19.423
23.9872,8.90399,0,8.90399,18.9,60.1663,716,0,0,1993,33.2238,33.2268,19.4188
23.9964,4.83586,0,4.83586,18.88,60.1173,508,3,0,1994,33.2277,33.2307,19.4188
24.0156,3.95199,0,3.95199,18.88,60.1173,442,0,0,1995,33.2301,33.2331,19.4146
24.0245,4.44867,0,4.44867,18.86,60.0684,526,0,0,1996,33.234,33.237,19.4124
24.0508,10.5138,0,10.5138,18.86,60.0684,1148,10,0,1998,33.2613,33.2643,19.4103
24.0661,11.0418,0,11.0418,18.84,60.0195,1069,6,0,2000,33.2815,33.2845,19.4061
24.0875,12.0154,0,12.0154,18.84,60.0195,1248,13,0,2002,33.3082,33.3112,19.4019
24.1037,11.7766,0,11.7766,18.82,59.9705,1026,0,0,2004,33.3204,33.3234,19.3977
24.1182,5.76071,0,5.76071,18.82,59.9705,660,0,0,2005,33.3312,33.3342,19.3935
24.1285,5.6669,0,5.6669,18.8,59.9216,606,0,0,2006,33.3385,33.3415,19.3935
24.152,9.20502,0,9.20502,18.8,59.9216,978,1,0,2008,33.3511,33.3541,19.3893
24.1678,10.9419,0,10.9419,18.78,59.8727,1146,3,0,2010,33.3687,33.3716,19.3851
24.1872,10.2318,0,10.2318,18.78,59.8727,997,18,0,2012,33.3797,33.3827,19.3809
24.208,15.9137,0,15.9137,18.76,59.8238,1406,0,0,2014,33.4101,33.4131,19.3767
24.2122,0.123455,0,0.123455,18.74,59.7748,136,0,0,2014,33.4101,33.4131,19.3746
24.2427,9.24324,0,9.24324,18.74,59.7748,756,2,0,2015,33.4243,33.4273,19.3746
24.2498,3.01718,0,3.01718,18.72,59.7259,436,0,0,2016,33.4226,33.4256,19.3705
24.272,3.8983,0,3.8983,18.72,59.7259,481,11,0,2017,33.4239,33.4269,19.3705
24.2763,0.15443,0,0.15443,18.7,59.677,143,0,0,2017,33.4239,33.4269,19.3684
24.3141,16.6084,0,16.6084,18.7,59.677,1516,7,0,2019,33.4577,33.4621,19.3663
24.3225,3.29223,0,3.29223,18.68,59.6281,499,1,0,2020,33.4579,33.4624,19.3621
24.3429,3.60965,0,3.60965,18.68,59.6281,383,0,0,2021,33.4523,33.4567,19.3621
24.354,6.40765,0,6.40765,18.66,59.5791,613,0,0,2022,33.458,33.4624,19.358
24.3719,3.05813,0,3.05813,18.66,59.5791,393,7,0,2023,33.4543,33.4587,19.358
24.3773,1.13387,0,1.13387,18.64,59.5302,219,0,0,2023,33.4543,33.4587,19.3559
24.4091,11.566,0,11.566,18.64,59.5302,964,1,0,2024,33.4822,33.4867,19.3538
24.4298,15.8405,0,15.8405,18.62,59.4813,1446,2,0,2026,33.5128,33.5173,19.3517
24.4361,1.17575,0,1.17575,18.6,59.4324,163,0,0,2026,33.5128,33.5173,19.3497
24.463,7.31917,0,7.31917,18.6,59.4324,790,3,0,2027,33.5432,33.5476,19.3476
24.4761,8.49412,0,8.49412,18.58,59.3834,894,0,0,2029,33.549,33.5535,19.3455
24.4957,7.03167,0,7.03167,18.58,59.3834,789,1,0,2030,33.564,33.5685,19.3435
24.5117,11.4387,0,11.4387,18.56,59.3345,1190,8,0,2032,33.5856,33.5901,19.3393
24.5318,10.2382,0,10.2382,18.56,59.3345,1375,13,0,2034,33.6116,33.616,19.3352
24.5453,8.64945,0,8.64945,18.54,59.2856,986,3,0,2035,33.6403,33.6447,19.3311
24.5632,5.19382,0,5.19382,18.54,59.2856,670,0,0,2036,33.6473,33.6518,19.3311
24.5776,9.50657,0,9.50657,18.52,59.2367,1170,6,0,2038,33.6614,33.6658,19.3269
24.59,0.851797,0,0.851797,18.52,59.2367,210,0,0,2038,33.6614,33.6658,19.3249
24.6043,9.61956,0,9.61956,18.5,59.1877,1159,3,0,2040,33.6804,33.6848,19.3228
24.6293,13.0645,0,13.0645,18.5,59.1877,1356,0,0,2042,33.7135,33.7179,19.3187
24.6514,17.2529,0,17.2529,18.48,59.1388,1582,7,0,2044,33.7485,33.7529,19.3146
24.6614,4.44852,0,4.44852,18.46,59.0899,730,0,0,2045,33.7575,33.7619,19.3125
24.678,0.778408,0,0.778408,18.46,59.0899,210,0,0,2045,33.7575,33.7619,19.3105
24.694,10.1906,0,10.1906,18.44,59.0409,1068,0,0,2047,33.7758,33.7802,19.3084
24.7137,9.9656,0,9.9656,18.44,59.0409,1197,16,0,2049,33.8019,33.8062,19.3043
24.7254,5.78253,0,5.78253,18.42,58.992,900,3,0,2050,33.818,33.8224,19.3023
24.7481,8.5062,0,8.5062,18.42,58.992,1021,14,0,2052,33.8309,33.8353,19.2982
24.7552,0.792977,0,0.792977,18.4,58.9431,230,0,0,2052,33.8309,33.8353,19.2962
24.7802,5.73805,0,5.73805,18.4,58.9431,758,0,0,2053,33.8388,33.8432,19.2962
24.7864,0.333428,0,0.333428,18.38,58.8942,230,0,0,2053,33.8388,33.8432,19.2941
24.8069,0.505853,0,0.505853,18.38,58.8942,230,0,0,2053,33.8388,33.8432,19.2941
24.8174,4.70719,0,4.70719,18.36,58.8452,654,1,0,2054,33.8437,33.8481,19.2941
24.8375,4.78495,0,4.78495,18.36,58.8452,702,0,0,2055,33.8506,33.855,19.29
24.8557,12.8759,0,12.8759,18.34,58.7963,1348,22,0,2057,33.8824,33.8867,19.288
24.875,10.8122,0,10.8122,18.34,58.7963,1212,1,0,2059,33.9014,33.9058,19.2839
24.8998,18.9842,0,18.9842,18.32,58.7474,1742,4,0,2061,33.9597,33.9641,19.2799
24.9194,13.5457,0,13.5457,18.3,58.6985,1310,1,0,2063,33.9787,33.983,19.2758
24.9326,5.44088,0,5.44088,18.3,58.6985,703,3,0,2064,33.984,33.9884,19.2717
24.939,0.94902,0,0.94902,18.28,58.6495,240,0,0,2064,33.984,33.9884,19.2717
24.962,2.58806,0,2.58806,18.28,58.6495,430,1,0,2065,33.9768,33.9811,19.2697
24.9764,8.47899,0,8.47899,18.26,58.6006,924,0,0,2067,33.9831,33.9874,19.2677
24.9892,0.594802,0,0.594802,18.26,58.6006,240,0,0,2067,33.9831,33.9874,19.2656
25.0012,6.50325,0,6.50325,18.24,58.5517,823,1,0,2068,34,34.0044,19.2656
25.0318,15.9712,0,15.9712,18.24,58.5517,1556,8,0,2070,34.0391,34.0435,19.2616
25.0383,0.833281,0,0.833281,18.22,58.5028,240,0,0,2070,34.0391,34.0435,19.2596
25.0644,5.88028,0,5.88028,18.22,58.5028,642,0,0,2071,34.042,34.0464,19.2596
25.9885,918.446,914.715,3.73106,18.2,58.4538,107204,1019,0,2072,33.8277,33.8306,19.2576
26.0153,14.1157,0,14.1157,18.18,59.2212,2536,2,0,2074,33.866,33.8689,19.2535
26.0299,9.36642,0,9.36642,18.16,59.1242,852,0,0,2075,33.893,33.8959,19.2495
26.0503,9.09953,0,9.09953,18.16,59.1242,981,24,0,2077,33.9042,33.9071,19.2475
26.0643,2.43497,0,2.43497,18.14,59.0272,1419,0,0,2078,33.911,33.9139,19.2455
26.0943,10.1998,0,10.1998,18.14,59.0272,2432,19,0,2080,33.9327,33.9356,19.2414
26.1133,6.92052,0,6.92052,18.12,58.9301,1759,0,0,2081,33.9404,33.9433,19.2374
26.1351,8.52623,0,8.52623,18.12,58.9301,2157,1,0,2082,33.964,33.9669,19.2354
26.1557,7.71173,0,7.71173,18.1,58.8331,2214,10,0,2084,33.9726,33.9755,19.2334
26.1713,3.13694,0,3.13694,18.08,58.7361,1649,3,0,2085,33.9698,33.9727,19.2294
26.1964,7.51503,0,7.51503,18.08,58.7361,2044,0,0,2086,33.9794,33.9823,19.2274
26.2099,0.623598,0,0.623598,18.06,58.6391,1394,0,0,2086,33.9794,33.9823,19.2274
26.2343,5.22569,0,5.22569,18.06,58.6391,1944,9,0,2087,33.9895,33.9923,19.2274
26.2531,5.26307,0,5.26307,18.04,58.5421,1970,9,0,2088,34.001,34.0038,19.2254
26.2723,5.04589,0,5.04589,18.04,58.5421,1807,1,0,2089,34.0115,34.0144,19.2234
26.2919,6.2249,0,6.2249,18.02,58.4451,1986,17,0,2091,34.0182,34.021,19.2194
26.3175,10.6405,0,10.6405,18.02,58.4451,2563,22,0,2093,34.0487,34.0516,19.2154
26.3376,7.8929,0,7.8929,18,58.3481,2063,1,0,2094,34.063,34.0659,19.2134
26.3579,6.97418,0,6.97418,17.98,58.2511,1984,2,0,2095,34.0902,34.0931,19.2094
26.379,6.90475,0,6.90475,17.96,58.154,1991,8,0,2096,34.0997,34.1026,19.2074
26.4095,17.801,0,17.801,17.94,58.057,3083,12,0,2098,34.1592,34.1621,19.2054
26.4199,6.2104,0,6.2104,17.92,57.96,718,12,0,2099,34.1725,34.1753,19.2034
26.4449,10.8625,0,10.8625,17.92,57.96,1245,22,0,2101,34.1985,34.2013,19.1995
26.4575,8.87048,0,8.87048,17.9,57.863,1073,28,0,2103,34.2149,34.2178,19.1955
26.4862,16.4442,0,16.4442,17.9,57.863,1523,2,0,2105,34.2584,34.2613,19.1915
26.4904,0.543096,0,0.543096,17.88,57.766,128,0,0,2105,34.2584,34.2613,19.1895
26.5117,0.684154,0,0.684154,17.88,57.766,128,0,0,2105,34.2584,34.2613,19.1895
26.5225,7.12648,0,7.12648,17.86,57.669,874,0,0,2106,34.2797,34.2825,19.1876
26.5403,3.76861,0,3.76861,17.86,57.669,394,0,0,2107,34.2781,34.281,19.1876
26.5507,6.84961,0,6.84961,17.84,57.572,807,16,0,2109,34.2783,34.2812,19.1836
26.5677,2.69615,0,2.69615,17.84,57.572,408,10,0,2110,34.2754,34.2782,19.1796
26.581,9.44094,0,9.44094,17.82,57.475,1066,24,0,2112,34.2874,34.2902,19.1777
26.6091,17.2841,0,17.2841,17.82,57.475,1518,2,0,2114,34.3254,34.3283,19.1737
26.6257,12.0788,0,12.0788,17.8,57.378,1180,9,0,2116,34.3488,34.3516,19.1698
26.6507,16.1745,0,16.1745,17.8,57.378,1422,0,0,2118,34.3768,34.3796,19.1658
26.6672,12.5391,0,12.5391,17.78,57.2809,1120,0,0,2119,34.4068,34.4096,19.1639
26.6765,0.626696,0,0.626696,17.78,57.2809,147,0,0,2119,34.4068,34.4096,19.1619
27.1644,483.716,476.886,6.83021,17.76,57.1839,67196,979,0,2120,34.2561,34.2618,19.1619
27.1776,2.58047,0,2.58047,17.74,57.0869,983,0,0,2120,34.2561,34.2618,19.1599
27.2083,12.494,0,12.494,17.74,57.0869,1787,2,0,2121,34.2876,34.2933,19.158
27.2286,11.9291,0,11.9291,17.72,56.9899,2127,62,0,2123,34.3227,34.3283,19.156
27.2382,0.398263,0,0.398263,17.7,56.8929,835,0,0,2123,34.3227,34.3283,19.1541
27.2691,11.0416,0,11.0416,17.7,56.8929,1856,10,0,2124,34.3578,34.3635,19.1521
27.2859,8.04933,0,8.04933,17.68,56.7959,1504,5,0,2126,34.3617,34.3674,19.1501
27.3047,5.21526,0,5.21526,17.68,56.7959,1304,2,0,2127,34.3728,34.3785,19.1482
27.3142,0.637208,0,0.637208,17.66,56.6989,873,0,0,2127,34.3728,34.3785,19.1462
27.3369,2.39276,0,2.39276,17.66,56.6989,1124,6,0,2128,34.3689,34.3745,19.1443
27.3563,10.3969,0,10.3969,17.64,56.6019,1720,1,0,2129,34.395,34.4007,19.1423
27.3742,6.92721,0,6.92721,17.64,56.6019,1521,7,0,2130,34.4089,34.4146,19.1404
27.3959,12.6213,0,12.6213,17.62,56.5048,2118,14,0,2132,34.4367,34.4423,19.1384
27.4134,7.71087,0,7.71087,17.6,56.4078,1647,24,0,2133,34.4623,34.4679,19.1365
27.438,10.9199,0,10.9199,17.6,56.4078,1851,9,0,2134,34.4963,34.5019,19.1345
27.4498,8.36652,0,8.36652,17.58,56.3108,802,9,0,2136,34.5056,34.5112,19.1306
27.4685,5.97286,0,5.97286,17.58,56.3108,606,26,0,2137,34.5152,34.5208,19.1287
27.4766,4.94343,0,4.94343,17.56,56.2138,616,12,0,2138,34.5253,34.5309,19.1248
27.5052,12.2024,0,12.2024,17.56,56.2138,1379,36,0,2140,34.5565,34.5621,19.1228
27.5162,7.61936,0,7.61936,17.54,56.1168,928,9,0,2142,34.5658,34.5714,19.1189
27.5391,9.19049,0,9.19049,17.54,56.1168,933,9,0,2144,34.5756,34.5812,19.1151
27.55,7.5685,0,7.5685,17.52,56.0198,684,5,0,2145,34.5893,34.5949,19.1131
27.5644,0.63499,0,0.63499,17.52,56.0198,56,0,0,2145,34.5893,34.5949,19.1112
27.5885,20.3415,0,20.3415,17.5,55.9228,1622,5,0,2147,34.6386,34.6442,19.1092
27.6039,11.5059,0,11.5059,17.48,55.8258,971,8,0,2149,34.6626,34.6682,19.1054
27.6257,13.2473,0,13.2473,17.48,55.8258,1426,12,0,2151,34.6941,34.6997,19.1015
27.6306,0.737033,0,0.737033,17.46,55.7287,56,0,0,2151,34.6941,34.6997,19.0996
27.6532,2.99158,0,2.99158,17.46,55.7287,286,0,0,2152,34.6887,34.6942,19.0996
27.6573,0.637662,0,0.637662,17.44,55.6317,56,0,0,2152,34.6887,34.6942,19.0976
27.6875,10.176,0,10.176,17.44,55.6317,998,9,0,2154,34.7066,34.7122,19.0957
27.6924,0.871822,0,0.871822,17.42,55.5347,84,0,0,2154,34.7066,34.7122,19.0938
27.7285,17.3246,0,17.3246,17.42,55.5347,1654,6,0,2156,34.7505,34.756,19.0919
27.7484,15.7352,0,15.7352,17.4,55.4377,1428,20,0,2158,34.7989,34.8044,19.088
27.7625,9.68129,0,9.68129,17.4,55.4377,808,0,0,2159,34.8194,34.8249,19.0861
27.7706,4.9023,0,4.9023,17.38,55.3407,471,0,0,2160,34.8259,34.8315,19.0822
27.7984,11.2733,0,11.2733,17.38,55.3407,895,1,0,2162,34.8335,34.839,19.0803
27.8056,3.66694,0,3.66694,17.36,55.2437,341,0,0,2163,34.8345,34.84,19.0784
27.8277,4.57373,0,4.57373,17.36,55.2437,545,3,0,2164,34.8401,34.8457,19.0765
27.8408,9.5826,0,9.5826,17.34,55.1467,1107,24,0,2166,34.8569,34.8624,19.0727
27.8671,14.5071,0,14.5071,17.34,55.1467,1616,44,0,2168,34.9022,34.9077,19.0688
27.882,11.1322,0,11.1322,17.32,55.0497,1251,35,0,2170,34.9267,34.9323,19.065
27.8967,4.63189,0,4.63189,17.32,55.0497,515,1,0,2171,34.9309,34.9364,19.0612
27.9102,9.9126,0,9.9126,17.3,54.9527,1121,10,0,2173,34.9485,34.954,19.0593
27.9242,2.88245,0,2.88245,17.3,54.9527,201,0,0,2173,34.9485,34.954,19.0574
27.9396,12.0566,0,12.0566,17.28,54.8556,1195,5,0,2175,34.9678,34.9733,19.0555
27.9585,9.59569,0,9.59569,17.28,54.8556,1097,8,0,2177,34.9867,34.9922,19.0516
27.9667,4.57702,0,4.57702,17.26,54.7586,535,2,0,2178,34.9917,34.9972,19.0478
27.9954,11.9709,0,11.9709,17.26,54.7586,1305,27,0,2180,35.0161,35.0216,19.0459
28.0026,3.17627,0,3.17627,17.24,54.6616,230,0,0,2180,35.0161,35.0216,19.044
28.0326,11.9361,0,11.9361,17.24,54.6616,1351,16,0,2182,35.0458,35.0513,19.0421
28.0456,8.91176,0,8.91176,17.22,54.5646,871,6,0,2183,35.0733,35.0788,19.0402
28.0666,8.77724,0,8.77724,17.22,54.5646,772,10,0,2184,35.092,35.0975,19.0383
28.0804,9.67528,0,9.67528,17.2,54.4676,1001,28,0,2186,35.1107,35.1162,19.0345
28.1045,12.4971,0,12.4971,17.2,54.4676,1164,2,0,2188,35.1289,35.1344,19.0308
28.1221,13.7465,0,13.7465,17.18,54.3706,1537,27,0,2190,35.1635,35.1689,19.027
28.1432,14.1622,0,14.1622,17.18,54.3706,1523,24,0,2192,35.2044,35.2099,19.0232
28.1613,13.5634,0,13.5634,17.16,54.2736,1193,4,0,2194,35.227,35.2325,19.0194
28.1809,12.8389,0,12.8389,17.16,54.2736,1239,1,0,2196,35.2477,35.2532,19.0157
28.1897,4.12779,0,4.12779,17.14,54.1766,507,1,0,2197,35.2526,35.2581,19.0119
28.2098,4.07165,0,4.07165,17.14,54.1766,396,1,0,2198,35.2539,35.2593,19.01
28.2171,2.52327,0,2.52327,17.12,54.0795,224,0,0,2198,35.2539,35.2593,19.01
28.2439,9.08407,0,9.08407,17.12,54.0795,861,0,0,2199,35.2538,35.2592,19.0081
28.2565,7.88093,0,7.88093,17.1,53.9825,705,7,0,2201,35.269,35.2744,19.0062
28.2816,12.8931,0,12.8931,17.1,53.9825,1212,10,0,2203,35.2991,35.3046,19.0025
28.2884,2.01265,0,2.01265,17.08,53.8855,127,0,0,2203,35.2991,35.3046,19.0006
28.3069,0.626433,0,0.626433,17.08,53.8855,103,0,0,2203,35.2991,35.3046,19.0006
28.3174,5.54625,0,5.54625,17.06,53.7885,693,5,0,2205,35.2939,35.2993,18.9987
28.3403,8.21509,0,8.21509,17.06,53.7885,864,0,0,2206,35.3191,35.3246,18.9969
28.3502,5.35343,0,5.35343,17.04,53.6915,583,1,0,2207,35.3249,35.3303,18.995
28.3653,0.352601,0,0.352601,17.04,53.6915,103,0,0,2207,35.3249,35.3303,18.9931
28.3755,6.12303,0,6.12303,17.02,53.5945,667,12,0,2208,35.3356,35.341,18.9912
28.3991,8.37687,0,8.37687,17.02,53.5945,784,4,0,2210,35.3362,35.3416,18.9894
28.4126,9.33827,0,9.33827,17,53.4975,765,7,0,2211,35.3564,35.3618,18.9875
28.4346,10.1208,0,10.1208,17,53.4975,1128,3,0,2213,35.3723,35.3778,18.9838
28.4451,6.52602,0,6.52602,16.98,53.4005,554,0,0,2214,35.3767,35.3821,18.9819
28.4631,3.15411,0,3.15411,16.98,53.4005,479,0,0,2215,35.3779,35.3833,18.9782
28.4797,12.6933,0,12.6933,16.96,53.3035,1141,3,0,2217,35.4001,35.4055,18.9763
28.4999,11.5968,0,11.5968,16.96,53.3035,1235,9,0,2219,35.4304,35.4358,18.9726
28.51,6.06865,0,6.06865,16.94,53.2064,734,0,0,2220,35.4423,35.4477,18.9707
28.5329,7.59262,0,7.59262,16.94,53.2064,822,0,0,2222,35.4455,35.4509,18.967
28.5378,0.702988,0,0.702988,16.92,53.1094,143,0,0,2222,35.4455,35.4509,18.9652
28.5696,11.1418,0,11.1418,16.92,53.1094,1233,9,0,2224,35.4685,35.4739,18.9633
28.5866,12.0425,0,12.0425,16.9,53.0124,1382,6,0,2226,35.4991,35.5045,18.9596
28.6001,5.47109,0,5.47109,16.9,53.0124,578,3,0,2227,35.5034,35.5088,18.9577
28.6051,0.740654,0,0.740654,16.88,52.9154,153,0,0,2227,35.5034,35.5088,18.9559
28.64,14.4527,0,14.4527,16.88,52.9154,1485,9,0,2229,35.5334,35.5388,18.954
28.646,0.853536,0,0.853536,16.86,52.8184,153,0,0,2229,35.5334,35.5388,18.9522
28.6701,5.00149,0,5.00149,16.86,52.8184,643,3,0,2230,35.5395,35.5448,18.9503
28.6811,5.80795,0,5.80795,16.84,52.7214,623,0,0,2231,35.5446,35.55,18.9485
28.7081,12.694,0,12.694,16.84,52.7214,1371,15,0,2233,35.5723,35.5777,18.9466
28.7224,9.16948,0,9.16948,16.82,52.6244,933,0,0,2235,35.5754,35.5808,18.9429
28.7463,12.8403,0,12.8403,16.82,52.6244,1070,9,0,2237,35.6089,35.6142,18.9393
28.7551,3.8148,0,3.8148,16.8,52.5274,404,1,0,2238,35.6099,35.6153,18.9374
28.7725,0.880212,0,0.880212,16.8,52.5274,164,0,0,2238,35.6099,35.6153,18.9356
28.7826,4.86043,0,4.86043,16.78,52.4303,568,0,0,2239,35.6217,35.6271,18.9337
28.8117,13.4818,0,13.4818,16.78,52.4303,1440,13,0,2241,35.6537,35.6591,18.9319
28.8226,5.67149,0,5.67149,16.76,52.3333,723,0,0,2242,35.6624,35.6677,18.93
28.8474,10.1683,0,10.1683,16.76,52.3333,983,1,0,2243,35.6857,35.691,18.9264
28.8558,3.82008,0,3.82008,16.74,52.2363,426,3,0,2244,35.6876,35.693,18.9264
28.8796,6.4617,0,6.4617,16.74,52.2363,786,0,0,2245,35.7002,35.7056,18.9227
28.8955,11.2619,0,11.2619,16.72,52.1393,1144,8,0,2246,35.7302,35.7355,18.9227
28.9185,12.9079,0,12.9079,16.72,52.1393,1410,4,0,2248,35.7544,35.7598,18.919
28.9297,6.59396,0,6.59396,16.7,52.0423,731,2,0,2249,35.7657,35.771,18.9154
28.9526,8.1819,0,8.1819,16.7,52.0423,986,4,0,2250,35.7871,35.7924,18.9135
28.9678,10.5788,0,10.5788,16.68,51.9453,1185,4,0,2252,35.8006,35.806,18.9117
28.9927,14.2697,0,14.2697,16.68,51.9453,1628,4,0,2254,35.8341,35.8394,18.9081
29.0065,8.80265,0,8.80265,16.66,51.8483,1132,12,0,2256,35.8444,35.8497,18.9044
29.0325,13.414,0,13.414,16.66,51.8483,1352,0,0,2258,35.8645,35.8698,18.9008
29.038,0.011743,0,0.011743,16.64,51.7513,182,0,0,2258,35.8645,35.8698,18.8989
29.058,0.402811,0,0.402811,16.64,51.7513,182,0,0,2258,35.8645,35.8698,18.8989
29.0776,14.6533,0,14.6533,16.62,51.6542,1362,3,0,2260,35.9208,35.9261,18.8971
29.093,9.05337,0,9.05337,16.62,51.6542,1092,6,0,2261,35.9452,35.9505,18.8935
29.1065,8.60646,0,8.60646,16.6,51.5572,1065,8,0,2263,35.9532,35.9585,18.8917
29.135,15.6844,0,15.6844,16.6,51.5572,1740,6,0,2265,35.9903,35.9956,18.888
29.1487,8.2262,0,8.2262,16.58,51.4602,942,4,0,2266,36.0115,36.0168,18.8844
29.1636,3.21208,0,3.21208,16.58,51.4602,552,0,0,2267,36.0119,36.0172,18.8826
29.1747,5.71847,0,5.71847,16.56,51.3632,612,5,0,2268,36.015,36.0203,18.8808
29.1954,6.66888,0,6.66888,16.56,51.3632,786,4,0,2269,36.0273,36.0326,18.879
29.2119,11.1425,0,11.1425,16.54,51.2662,1334,6,0,2271,36.0489,36.0542,18.8772
29.2207,0.273551,0,0.273551,16.54,51.2662,182,0,0,2271,36.0489,36.0542,18.8753
29.2346,9.01327,0,9.01327,16.52,51.1692,1121,0,0,2273,36.0585,36.0638,18.8735
29.2504,3.57452,0,3.57452,16.52,51.1692,532,2,0,2274,36.058,36.0633,18.8699
29.2691,13.5797,0,13.5797,16.5,51.0722,1395,19,0,2276,36.1002,36.1054,18.8681
29.2877,10.8813,0,10.8813,16.5,51.0722,1207,6,0,2278,36.1185,36.1238,18.8645
29.3008,8.0512,0,8.0512,16.48,50.9752,920,0,0,2279,36.1343,36.1395,18.8609
29.3213,7.63672,0,7.63672,16.48,50.9752,860,7,0,2281,36.1346,36.1399,18.8591
29.3391,12.8398,0,12.8398,16.46,50.8782,1419,10,0,2283,36.1577,36.1629,18.8555
29.3478,0.626938,0,0.626938,16.46,50.8782,191,0,0,2283,36.1577,36.1629,18.8537
29.359,6.44643,0,6.44643,16.44,50.7811,796,1,0,2284,36.1673,36.1725,18.8537
29.3869,12.8084,0,12.8084,16.44,50.7811,1421,10,0,2286,36.1894,36.1947,18.8501
29.3972,5.37248,0,5.37248,16.42,50.6841,751,1,0,2287,36.1981,36.2033,18.8465
29.418,5.23932,0,5.23932,16.42,50.6841,621,3,0,2288,36.201,36.2063,18.8447
29.429,6.05467,0,6.05467,16.4,50.5871,580,2,0,2289,36.2123,36.2176,18.8429
29.4565,12.8914,0,12.8914,16.4,50.5871,1404,0,0,2291,36.2353,36.2405,18.8411
29.4737,12.2501,0,12.2501,16.38,50.4901,1143,1,0,2293,36.259,36.2643,18.8376
29.4884,5.68773,0,5.68773,16.38,50.4901,837,26,0,2294,36.272,36.2772,18.8358
29.5081,14.8208,0,14.8208,16.36,50.3931,1442,5,0,2296,36.2979,36.3031,18.8322
29.5172,3.33286,0,3.33286,16.34,50.2961,414,0,0,2297,36.2926,36.2978,18.8286
29.5513,16.502,0,16.502,16.34,50.2961,1651,1,0,2299,36.331,36.3362,18.8268
29.5711,14.8751,0,14.8751,16.32,50.1991,1490,1,0,2301,36.369,36.3742,18.8233
29.5856,8.35375,0,8.35375,16.3,50.1021,845,0,0,2302,36.3884,36.3936,18.8215
29.6082,10.1506,0,10.1506,16.3,50.1021,1323,7,0,2304,36.4049,36.4102,18.8179
29.6283,14.7903,0,14.7903,16.28,50.005,1583,5,0,2306,36.4384,36.4436,18.8144
29.6351,0.813349,0,0.813349,16.26,49.908,223,0,0,2306,36.4384,36.4436,18.8126
29.6637,9.37911,0,9.37911,16.26,49.908,1156,8,0,2307,36.4638,36.469,18.8108
30.5347,864.535,863.235,1.29954,16.24,49.811,121224,987,0,2307,36.1387,36.1625,18.8108
30.5522,12.4078,0,12.4078,16.22,49.714,1137,1,0,2309,36.162,36.1858,18.8091
30.5671,7.20211,0,7.20211,16.22,49.714,814,13,0,2311,36.1692,36.193,18.8055
30.5736,3.03403,0,3.03403,16.2,49.617,374,0,0,2312,36.1734,36.1972,18.8037
30.5922,0.680868,0,0.680868,16.2,49.617,117,0,0,2312,36.1734,36.1972,18.802
30.5972,0.667194,0,0.667194,16.18,49.52,117,0,0,2312,36.1734,36.1972,18.802
30.6174,0.57816,0,0.57816,16.18,49.52,117,0,0,2312,36.1734,36.1972,18.802
30.6282,7.05287,0,7.05287,16.16,49.423,654,7,0,2313,36.1911,36.2149,18.8002
30.6478,6.65443,0,6.65443,16.16,49.423,837,29,0,2314,36.2092,36.2329,18.8002
30.6597,7.80413,0,7.80413,16.14,49.326,689,1,0,2315,36.2186,36.2423,18.7984
30.6832,11.1534,0,11.1534,16.14,49.326,1109,5,0,2317,36.2305,36.2542,18.7949
30.689,1.51816,0,1.51816,16.12,49.2289,109,0,0,2317,36.2305,36.2542,18.7931
30.713,5.67261,0,5.67261,16.12,49.2289,533,1,0,2318,36.2347,36.2584,18.7914
30.721,4.68014,0,4.68014,16.1,49.1319,540,13,0,2319,36.2389,36.2626,18.7896
30.7541,16.4683,0,16.4683,16.1,49.1319,1387,8,0,2321,36.2848,36.3085,18.7878
30.7595,0.980564,0,0.980564,16.08,49.0349,109,0,0,2321,36.2848,36.3085,18.7861
30.7825,4.60893,0,4.60893,16.08,49.0349,415,5,0,2322,36.2847,36.3084,18.7843
30.7925,5.67778,0,5.67778,16.06,48.9379,486,11,0,2323,36.291,36.3147,18.7843
30.8066,0.229732,0,0.229732,16.06,48.9379,109,0,0,2323,36.291,36.3147,18.7825
30.8299,19.7453,0,19.7453,16.04,48.8409,1817,8,0,2325,36.3398,36.3634,18.7808
30.8349,0.596878,0,0.596878,16.02,48.7439,119,0,0,2325,36.3398,36.3634,18.779
30.8643,9.12757,0,9.12757,16.02,48.7439,833,11,0,2327,36.3446,36.3679,18.7773
30.8745,6.42426,0,6.42426,16,48.6469,682,0,0,2328,36.3505,36.3737,18.7755
30.9061,16.8772,0,16.8772,16,48.6469,1544,1,0,2330,36.3991,36.4223,18.772
30.9111,1.21153,0,1.21153,15.98,48.5499,119,0,0,2330,36.3991,36.4223,18.7702
30.9437,12.5763,0,12.5763,15.98,48.5499,1071,6,0,2332,36.4177,36.4408,18.7685
30.9536,6.09716,0,6.09716,15.96,48.4529,658,0,0,2333,36.4252,36.4483,18.765
30.9698,0.866997,0,0.866997,15.96,48.4529,119,0,0,2333,36.4252,36.4483,18.765
30.9854,11.8705,0,11.8705,15.94,48.3558,1289,10,0,2335,36.4437,36.4668,18.7632
31.0009,5.97326,0,5.97326,15.94,48.3558,549,3,0,2336,36.4461,36.4692,18.7615
31.0061,1.40087,0,1.40087,15.92,48.2588,129,0,0,2336,36.4461,36.4692,18.7597
31.0271,0.87334,0,0.87334,15.92,48.2588,129,0,0,2336,36.4461,36.4692,18.7597
31.0343,3.69121,0,3.69121,15.9,48.1618,381,5,0,2337,36.4467,36.4698,18.758
31.0572,5.28055,0,5.28055,15.9,48.1618,567,32,0,2338,36.4508,36.4739,18.758
31.0616,0.706747,0,0.706747,15.88,48.0648,119,0,0,2338,36.4508,36.4739,18.7562
31.0918,9.51673,0,9.51673,15.88,48.0648,957,9,0,2340,36.4615,36.4846,18.7545
31.1068,11.1511,0,11.1511,15.86,47.9678,1106,1,0,2342,36.4778,36.5009,18.751
31.1225,5.43142,0,5.43142,15.86,47.9678,567,0,0,2343,36.4814,36.5045,18.7475
31.1324,6.10499,0,6.10499,15.84,47.8708,779,2,0,2344,36.4936,36.5166,18.7458
31.1561,8.50677,0,8.50677,15.84,47.8708,1050,8,0,2345,36.5207,36.5437,18.7458
31.1611,1.22264,0,1.22264,15.82,47.7738,129,0,0,2345,36.5207,36.5437,18.744
31.1894,8.06909,0,8.06909,15.82,47.7738,934,28,0,2346,36.5405,36.5635,18.7423
31.194,0.65247,0,0.65247,15.8,47.6768,129,0,0,2346,36.5405,36.5635,18.7423
31.218,3.48291,0,3.48291,15.8,47.6768,301,4,0,2347,36.5364,36.5594,18.7406
31.226,3.80014,0,3.80014,15.78,47.5797,449,2,0,2348,36.5345,36.5575,18.7406
31.2495,6.72288,0,6.72288,15.78,47.5797,745,1,0,2349,36.5453,36.5683,18.7388
31.2601,5.66569,0,5.66569,15.76,47.4827,492,0,0,2349,36.5453,36.5683,18.7371
31.2812,7.05745,0,7.05745,15.76,47.4827,907,29,0,2350,36.5664,36.5894,18.7371
31.2982,12.1703,0,12.1703,15.74,47.3857,1066,16,0,2351,36.587,36.61,18.7336
31.3162,10.5052,0,10.5052,15.74,47.3857,1056,3,0,2352,36.6122,36.6352,18.7319
31.3219,0.903249,0,0.903249,15.72,47.2887,140,0,0,2352,36.6122,36.6352,18.7319
31.3458,4.57903,0,4.57903,15.72,47.2887,450,7,0,2353,36.6099,36.6328,18.7319
31.3576,7.26664,0,7.26664,15.7,47.1917,982,19,0,2354,36.6317,36.6546,18.7301
31.3815,11.0006,0,11.0006,15.7,47.1917,1140,2,0,2355,36.659,36.682,18.7284
31.3917,5.3846,0,5.3846,15.68,47.0947,634,17,0,2356,36.6647,36.6876,18.7249
31.4142,8.10717,0,8.10717,15.68,47.0947,793,3,0,2357,36.6703,36.6933,18.7249
31.4312,12.29,0,12.29,15.66,46.9977,1178,6,0,2359,36.6914,36.7143,18.7215
31.4447,5.5887,0,5.5887,15.66,46.9977,595,6,0,2360,36.697,36.7199,18.7197
31.6631,213.697,203.789,9.90757,15.64,46.9007,29332,185,0,2362,36.6296,36.66,18.7163
31.6847,15.5032,0,15.5032,15.62,46.8036,1619,10,0,2364,36.6633,36.6937,18.7128
31.6975,6.43865,0,6.43865,15.6,46.7066,806,32,0,2365,36.6799,36.7104,18.7094
31.7172,5.84154,0,5.84154,15.6,46.7066,676,3,0,2366,36.6893,36.7198,18.7077
31.7356,14.4345,0,14.4345,15.58,46.6096,1524,5,0,2368,36.7188,36.7492,18.706
31.7439,1.23802,0,1.23802,15.58,46.6096,130,0,0,2368,36.7188,36.7492,18.7042
31.7593,11.4173,0,11.4173,15.56,46.5126,1225,23,0,2370,36.7384,36.7688,18.7025
31.7783,9.78148,0,9.78148,15.56,46.5126,1138,12,0,2372,36.7576,36.7879,18.6991
31.7886,5.24826,0,5.24826,15.54,46.4156,600,4,0,2373,36.7623,36.7927,18.6956
31.8078,4.26723,0,4.26723,15.54,46.4156,242,3,0,2374,36.7578,36.7881,18.6939
31.8242,11.4943,0,11.4943,15.52,46.3186,1300,1,0,2376,36.7765,36.8068,18.6922
31.837,4.2767,0,4.2767,15.52,46.3186,530,0,0,2377,36.7783,36.8086,18.6888
31.8495,7.45786,0,7.45786,15.5,46.2216,841,17,0,2378,36.7969,36.8272,18.6888
31.8673,5.09245,0,5.09245,15.5,46.2216,544,0,0,2379,36.7982,36.8285,18.6871
31.8803,8.61581,0,8.61581,15.48,46.1246,947,10,0,2380,36.8176,36.8479,18.6836
31.9087,15.7824,0,15.7824,15.48,46.1246,1560,1,0,2382,36.8476,36.8778,18.6819
31.9234,9.68533,0,9.68533,15.46,46.0276,953,5,0,2384,36.8633,36.8935,18.6785
31.9341,0.384642,0,0.384642,15.46,46.0276,130,0,0,2384,36.8633,36.8935,18.6768
31.9453,6.05702,0,6.05702,15.44,45.9305,785,14,0,2385,36.8755,36.9057,18.6768
31.9682,9.32825,0,9.32825,15.44,45.9305,991,13,0,2387,36.8819,36.912,18.6734
31.9737,0.280211,0,0.280211,15.42,45.8335,130,0,0,2387,36.8819,36.912,18.6717
32.0087,15.2202,0,15.2202,15.42,45.8335,1419,21,0,2389,36.9104,36.9406,18.67
32.0265,12.5567,0,12.5567,15.4,45.7365,1637,3,0,2391,36.9427,36.9728,18.6666
32.041,7.62427,0,7.62427,15.4,45.7365,891,0,0,2393,36.944,36.9741,18.6632
32.0534,7.41041,0,7.41041,15.38,45.6395,914,1,0,2395,36.9491,36.9791,18.6598
32.078,12.4529,0,12.4529,15.38,45.6395,1223,17,0,2397,36.9695,36.9996,18.6564
32.0938,10.6495,0,10.6495,15.36,45.5425,1097,10,0,2399,36.9817,37.0117,18.653
32.1088,5.48461,0,5.48461,15.36,45.5425,672,0,0,2400,36.9896,37.0196,18.6496
32.1145,0.63429,0,0.63429,15.34,45.4455,140,0,0,2400,36.9896,37.0196,18.6496
32.1411,7.67012,0,7.67012,15.34,45.4455,920,5,0,2402,36.9946,37.0246,18.6479
33.1593,1013.04,998.741,14.3006,15.32,45.3485,130158,997,0,2404,36.629,36.6485,18.6445
33.1715,6.31703,0,6.31703,15.3,44.7959,752,4,0,2405,36.6403,36.6599,18.6428
33.1908,6.16129,0,6.16129,15.3,44.7959,680,0,0,2406,36.6484,36.6679,18.6395
33.2009,5.53777,0,5.53777,15.28,44.7482,602,1,0,2407,36.6535,36.673,18.6395
33.2255,10.4639,0,10.4639,15.28,44.7482,826,1,0,2408,36.6711,36.6906,18.6378
33.2364,6.35531,0,6.35531,15.26,44.7006,749,3,0,2409,36.6849,36.7044,18.6344
33.2505,0.94663,0,0.94663,15.26,44.7006,120,0,0,2409,36.6849,36.7044,18.6344
33.2654,11.0449,0,11.0449,15.24,44.653,1222,3,0,2410,36.7017,36.7212,18.6344
33.2846,8.97018,0,8.97018,15.24,44.653,1015,26,0,2411,36.7279,36.7474,18.631
33.3016,13.0553,0,13.0553,15.22,44.6054,1472,8,0,2413,36.758,36.7775,18.6294
33.3111,1.16383,0,1.16383,15.22,44.6054,120,0,0,2413,36.758,36.7775,18.6277
33.3158,0.726878,0,0.726878,15.2,44.5578,120,0,0,2413,36.758,36.7775,18.6277
33.3457,9.46648,0,9.46648,15.2,44.5578,1166,17,0,2415,36.7743,36.7938,18.626
33.36,10.278,0,10.278,15.18,44.5103,1300,12,0,2417,36.7927,36.8122,18.6226
33.3804,9.21865,0,9.21865,15.18,44.5103,947,11,0,2418,36.8151,36.8346,18.621
33.3971,12.6593,0,12.6593,15.16,44.4628,1370,8,0,2420,36.8421,36.8616,18.6176
33.4081,2.12594,0,2.12594,15.16,44.4628,202,0,0,2420,36.8421,36.8616,18.6159
33.4252,13.0498,0,13.0498,15.14,44.4152,1307,5,0,2422,36.865,36.8844,18.6142
33.4422,8.80362,0,8.80362,15.14,44.4152,1038,25,0,2424,36.8742,36.8936,18.6109
33.4539,7.4167,0,7.4167,15.12,44.3677,958,1,0,2425,36.8948,36.9142,18.6075
33.4852,17.2506,0,17.2506,15.12,44.3677,1681,3,0,2427,36.9337,36.953,18.6059
33.4996,9.71004,0,9.71004,15.1,44.3202,1239,4,0,2429,36.958,36.9774,18.6025
33.5163,6.72203,0,6.72203,15.1,44.3202,850,5,0,2430,36.9724,36.9918,18.5992
33.5297,9.23069,0,9.23069,15.08,44.2727,1075,3,0,2432,36.9823,37.0016,18.5975
33.542,0.17844,0,0.17844,15.08,44.2727,140,0,0,2432,36.9823,37.0016,18.5959
33.5557,9.42334,0,9.42334,15.06,44.2251,1196,2,0,2434,37.0025,37.0218,18.5942
33.5733,5.93751,0,5.93751,15.06,44.2251,735,9,0,2435,37.0119,37.0312,18.5925
33.5843,6.78207,0,6.78207,15.04,44.1776,910,3,0,2437,37.0131,37.0324,18.5892
33.6122,13.4745,0,13.4745,15.04,44.1776,1429,24,0,2439,37.0398,37.059,18.5859
33.617,0.662109,0,0.662109,15.02,44.1301,140,0,0,2439,37.0398,37.059,18.5842
33.6414,4.00259,0,4.00259,15.02,44.1301,421,1,0,2440,37.0402,37.0594,18.5826
33.6488,3.24065,0,3.24065,15,44.0826,560,5,0,2441,37.0422,37.0615,18.5809
33.6813,14.8472,0,14.8472,15,44.0826,1605,2,0,2443,37.0778,37.097,18.5792
34.1808,495.041,489.483,5.55816,14.98,44.0351,84907,766,0,2444,36.9071,36.9726,18.5759
34.1903,4.30291,0,4.30291,14.96,43.9875,553,16,0,2445,36.9129,36.9783,18.5759
34.2119,6.32509,0,6.32509,14.96,43.9875,524,13,0,2446,36.9227,36.9881,18.5743
34.2294,13.426,0,13.426,14.94,43.94,1499,29,0,2448,36.9551,37.0204,18.571
34.2417,6.07139,0,6.07139,14.94,43.94,533,0,0,2449,36.96,37.0253,18.5693
34.2561,10.9487,0,10.9487,14.92,43.8925,944,22,0,2451,36.9796,37.0449,18.566
34.2759,9.51514,0,9.51514,14.92,43.8925,1048,6,0,2452,37.0057,37.071,18.5627
34.2901,10.7261,0,10.7261,14.9,43.845,1366,3,0,2454,37.0302,37.0954,18.561
34.3062,5.43645,0,5.43645,14.9,43.845,487,16,0,2455,37.033,37.0982,18.5594
34.3187,9.02995,0,9.02995,14.88,43.7975,775,5,0,2456,37.0529,37.1181,18.5561
34.3372,6.10468,0,6.10468,14.88,43.7975,526,1,0,2457,37.0594,37.1245,18.5545
34.3493,8.45946,0,8.45946,14.86,43.7499,710,13,0,2458,37.083,37.1481,18.5528
34.3737,11.38,0,11.38,14.86,43.7499,1132,7,0,2460,37.0963,37.1614,18.5512
34.3782,0.713188,0,0.713188,14.84,43.7024,108,0,0,2460,37.0963,37.1614,18.5495
34.4043,5.80723,0,5.80723,14.84,43.7024,620,1,0,2461,37.0963,37.1613,18.5495
34.4184,10.2284,0,10.2284,14.82,43.6549,1062,16,0,2462,37.1243,37.1893,18.5462
34.4384,8.74936,0,8.74936,14.82,43.6549,1026,32,0,2464,37.1331,37.1981,18.5446
34.4537,11.0608,0,11.0608,14.8,43.6074,1167,8,0,2466,37.1557,37.2206,18.5413
34.4646,0.780681,0,0.780681,14.8,43.6074,106,0,0,2466,37.1557,37.2206,18.5397
34.4823,13.7761,0,13.7761,14.78,43.5598,1606,16,0,2468,37.1904,37.2553,18.538
34.4946,4.60839,0,4.60839,14.78,43.5598,586,4,0,2469,37.1948,37.2596,18.5348
34.5037,5.07104,0,5.07104,14.76,43.5123,544,7,0,2470,37.2036,37.2684,18.5348
34.5228,2.89786,0,2.89786,14.76,43.5123,366,0,0,2471,37.2044,37.2691,18.5315
34.5417,14.8908,0,14.8908,14.74,43.4648,1579,9,0,2473,37.2418,37.3065,18.5299
34.549,0.802946,0,0.802946,14.74,43.4648,106,0,0,2473,37.2418,37.3065,18.5282
34.5588,6.04331,0,6.04331,14.72,43.4173,786,0,0,2474,37.2542,37.3189,18.5282
34.5861,12.6941,0,12.6941,14.72,43.4173,1470,10,0,2476,37.2799,37.3445,18.525
34.5998,8.61669,0,8.61669,14.7,43.3698,1226,2,0,2478,37.295,37.3596,18.5217
34.6199,8.83596,0,8.83596,14.7,43.3698,881,13,0,2480,37.304,37.3685,18.5184
34.6253,0.441633,0,0.441633,14.68,43.3222,106,0,0,2480,37.304,37.3685,18.5168
34.6536,8.08951,0,8.08951,14.68,43.3222,1026,8,0,2481,37.3261,37.3906,18.5168
34.6626,4.88127,0,4.88127,14.66,43.2747,566,1,0,2482,37.3296,37.394,18.5136
34.6915,12.4379,0,12.4379,14.66,43.2747,1202,38,0,2484,37.3531,37.4175,18.5119
34.703,7.40911,0,7.40911,14.64,43.2272,766,10,0,2485,37.3646,37.429,18.5103
34.7206,3.77384,0,3.77384,14.64,43.2272,315,4,0,2486,37.358,37.4224,18.5071
34.7259,1.26567,0,1.26567,14.62,43.1797,135,0,0,2486,37.358,37.4224,18.5071
34.7529,6.76201,0,6.76201,14.62,43.1797,777,15,0,2487,37.3691,37.4335,18.5071
34.7641,6.99259,0,6.99259,14.6,43.1322,692,1,0,2488,37.3883,37.4526,18.5054
34.7836,5.29958,0,5.29958,14.6,43.1322,650,4,0,2489,37.3965,37.4608,18.5038
34.7989,11.0137,0,11.0137,14.58,43.0846,1150,27,0,2491,37.4183,37.4825,18.5006
34.8175,9.09972,0,9.09972,14.58,43.0846,957,7,0,2493,37.43,37.4942,18.4973
34.8262,3.79215,0,3.79215,14.56,43.0371,436,0,0,2494,37.4282,37.4924,18.4957
34.8504,7.56823,0,7.56823,14.56,43.0371,788,2,0,2496,37.4287,37.4928,18.4925
34.8628,8.14819,0,8.14819,14.54,42.9896,874,3,0,2498,37.4351,37.4992,18.4893
34.8805,4.57391,0,4.57391,14.54,42.9896,526,3,0,2499,37.4366,37.5006,18.486
34.8893,4.72971,0,4.72971,14.52,42.9421,476,0,0,2500,37.436,37.5,18.4844
34.918,12.789,0,12.789,14.52,42.9421,1417,41,0,2502,37.4624,37.5264,18.4828
34.9289,5.68365,0,5.68365,14.5,42.8945,726,0,0,2503,37.4718,37.5358,18.4796
34.956,12.4004,0,12.4004,14.5,42.8945,1606,5,0,2505,37.5014,37.5653,18.478
34.9638,3.61964,0,3.61964,14.48,42.847,441,5,0,2506,37.5012,37.565,18.4764
34.9925,11.4484,0,11.4484,14.48,42.847,1318,6,0,2508,37.5199,37.5837,18.4731
34.997,0.370402,0,0.370402,14.46,42.7995,116,0,0,2508,37.5199,37.5837,18.4715
35.0183,0.536379,0,0.536379,14.46,42.7995,116,0,0,2508,37.5199,37.5837,18.4715
35.0225,0.190649,0,0.190649,14.44,42.752,116,0,0,2508,37.5199,37.5837,18.4715
35.0438,0.545217,0,0.545217,14.44,42.752,116,0,0,2508,37.5199,37.5837,18.4715
35.0487,0.601093,0,0.601093,14.42,42.7045,126,0,0,2508,37.5199,37.5837,18.4715
35.0811,12.407,0,12.407,14.42,42.7045,1156,7,0,2510,37.5375,37.6012,18.4699
35.0942,7.84084,0,7.84084,14.4,42.6569,765,2,0,2512,37.5454,37.6091,18.4667
35.1184,12.7123,0,12.7123,14.4,42.6569,1219,2,0,2514,37.5601,37.6237,18.4635
35.1305,7.04085,0,7.04085,14.38,42.6094,1004,6,0,2516,37.5672,37.6308,18.4603
35.1493,5.05198,0,5.05198,14.38,42.6094,632,3,0,2517,37.5717,37.6353,18.4587
35.1584,4.88109,0,4.88109,14.36,42.5619,544,3,0,2518,37.5743,37.6378,18.4555
35.1817,6.82486,0,6.82486,14.36,42.5619,949,15,0,2519,37.5963,37.6598,18.4555
35.1867,0.714182,0,0.714182,14.34,42.5144,136,0,0,2519,37.5963,37.6598,18.4539
35.2199,12.5989,0,12.5989,14.34,42.5144,1523,19,0,2521,37.6228,37.6862,18.4523
35.2279,3.75501,0,3.75501,14.32,42.4669,516,6,0,2522,37.6229,37.6864,18.4507
35.2577,12.1582,0,12.1582,14.32,42.4669,1521,16,0,2524,37.6486,37.712,18.4475
35.272,9.96703,0,9.96703,14.3,42.4193,987,14,0,2525,37.6752,37.7386,18.4459
35.2874,4.00196,0,4.00196,14.3,42.4193,446,0,0,2526,37.6726,37.7359,18.4443
36.3407,1048.97,1045.39,3.57526,14.28,42.3718,146381,1024,0,2527,37.3601,37.4551,18.4412
36.3503,4.02559,0,4.02559,14.26,42.3243,337,0,0,2528,37.3584,37.4533,18.4396
36.3714,4.65364,0,4.65364,14.26,42.3243,573,18,0,2529,37.3634,37.4583,18.438
36.3852,10.4668,0,10.4668,14.24,42.2768,1095,35,0,2531,37.3761,37.471,18.4364
36.3965,0.308891,0,0.308891,14.24,42.2768,73,0,0,2531,37.3761,37.471,18.4348
36.4026,2.85066,0,2.85066,14.22,42.2292,256,0,0,2531,37.3761,37.471,18.4348
36.4307,10.7513,0,10.7513,14.22,42.2292,1293,10,0,2533,37.3948,37.4895,18.4332
36.4496,14.6396,0,14.6396,14.2,42.1817,1739,19,0,2535,37.432,37.5266,18.43
36.4554,0.724641,0,0.724641,14.2,42.1817,73,0,0,2535,37.432,37.5266,18.4285
36.4606,0.934102,0,0.934102,14.18,42.1342,73,0,0,2535,37.432,37.5266,18.4285
36.4806,1.38598,0,1.38598,14.18,42.1342,73,0,0,2535,37.432,37.5266,18.4285
36.4877,3.48605,0,3.48605,14.16,42.0867,369,0,0,2535,37.432,37.5266,18.4285
36.5178,12.0805,0,12.0805,14.16,42.0867,1287,18,0,2537,37.4596,37.5542,18.4269
36.5355,13.9817,0,13.9817,14.14,42.0392,1447,0,0,2539,37.4907,37.5853,18.4237
36.552,9.14763,0,9.14763,14.14,42.0392,1063,9,0,2540,37.5146,37.6091,18.4221
36.5597,3.81442,0,3.81442,14.12,41.9916,365,2,0,2541,37.5116,37.6061,18.4205
36.5875,10.6419,0,10.6419,14.12,41.9916,1001,22,0,2542,37.5342,37.6286,18.4174
36.5968,4.84598,0,4.84598,14.1,41.9441,663,8,0,2543,37.5423,37.6366,18.4174
36.6176,6.18173,0,6.18173,14.1,41.9441,618,11,0,2544,37.5546,37.649,18.4158
36.6284,7.07694,0,7.07694,14.08,41.8966,708,15,0,2545,37.5701,37.6644,18.4142
36.6426,0.291871,0,0.291871,14.08,41.8966,83,0,0,2545,37.5701,37.6644,18.4126
36.6534,7.09325,0,7.09325,14.06,41.8491,823,0,0,2547,37.5697,37.6639,18.4111
36.6752,7.57361,0,7.57361,14.06,41.8491,903,3,0,2548,37.5871,37.6813,18.4095
36.6844,5.12501,0,5.12501,14.04,41.8016,583,2,0,2549,37.592,37.6862,18.4079
36.7143,13.7823,0,13.7823,14.04,41.8016,1622,30,0,2551,37.6284,37.7225,18.4048
36.7218,3.55908,0,3.55908,14.02,41.754,483,0,0,2552,37.6289,37.723,18.4016
36.7423,2.95506,0,2.95506,14.02,41.754,313,0,0,2553,37.6228,37.7168,18.4016
36.7569,10.6799,0,10.6799,14,41.7065,1420,21,0,2555,37.6466,37.7405,18.3985
36.7807,13.4024,0,13.4024,14,41.7065,1412,2,0,2557,37.677,37.7708,18.3953
36.7981,13.4617,0,13.4617,13.98,41.659,1631,23,0,2559,37.7085,37.8023,18.3922
36.8089,3.24074,0,3.24074,13.98,41.659,393,20,0,2560,37.7051,37.7988,18.3906
36.8258,12.8797,0,12.8797,13.96,41.6115,1603,18,0,2562,37.7416,37.8353,18.3875
36.8433,9.62782,0,9.62782,13.96,41.6115,1213,1,0,2564,37.7555,37.8491,18.3843
36.8619,14.3714,0,14.3714,13.94,41.5639,1635,9,0,2566,37.7884,37.8819,18.3812
36.8834,15.1056,0,15.1056,13.94,41.5639,1583,15,0,2568,37.8263,37.9198,18.3781
36.8939,6.50404,0,6.50404,13.92,41.5164,795,0,0,2569,37.8385,37.9319,18.375
36.915,6.15391,0,6.15391,13.92,41.5164,756,1,0,2570,37.8486,37.942,18.375
36.9312,12.173,0,12.173,13.9,41.4689,1332,3,0,2572,37.8752,37.9685,18.3719
36.9443,3.8538,0,3.8538,13.9,41.4689,496,0,0,2573,37.8752,37.9685,18.3687
36.9532,4.83695,0,4.83695,13.88,41.4214,586,0,0,2574,37.8807,37.974,18.3687
36.9779,8.2748,0,8.2748,13.88,41.4214,1068,3,0,2576,37.8886,37.9818,18.3656
36.9832,1.07455,0,1.07455,13.86,41.3739,126,0,0,2576,37.8886,37.9818,18.3641
37.009,5.20288,0,5.20288,13.86,41.3739,557,3,0,2577,37.8925,37.9856,18.3641
37.0215,8.41883,0,8.41883,13.84,41.3263,1166,23,0,2579,37.9038,37.9969,18.361
37.0417,7.39277,0,7.39277,13.84,41.3263,946,5,0,2580,37.9213,38.0143,18.3579
37.0598,13.7905,0,13.7905,13.82,41.2788,1554,4,0,2582,37.952,38.0449,18.3563
37.0711,3.58139,0,3.58139,13.82,41.2788,419,7,0,2583,37.9489,38.0418,18.3548
37.0803,4.99052,0,4.99052,13.8,41.2313,489,0,0,2584,37.9485,38.0414,18.3517
37.1057,8.84384,0,8.84384,13.8,41.2313,1028,11,0,2586,37.9582,38.051,18.3501
37.1109,0.937647,0,0.937647,13.78,41.1838,119,0,0,2586,37.9582,38.051,18.3486
37.1389,7.69346,0,7.69346,13.78,41.1838,763,5,0,2587,37.9729,38.0657,18.3486
37.1437,0.620771,0,0.620771,13.76,41.1363,119,0,0,2587,37.9729,38.0657,18.347
37.1654,0.798636,0,0.798636,13.76,41.1363,119,0,0,2587,37.9729,38.0657,18.347
37.1762,6.64382,0,6.64382,13.74,41.0887,637,1,0,2588,37.9934,38.0862,18.347
37.2037,13.0113,0,13.0113,13.74,41.0887,1165,4,0,2590,38.0189,38.1116,18.3439
37.2228,14.7954,0,14.7954,13.72,41.0412,1636,13,0,2592,38.0509,38.1435,18.3408
37.2365,7.40044,0,7.40044,13.72,41.0412,839,0,0,2593,38.0636,38.1562,18.3377
37.7959,554.978,545.348,9.63055,13.7,40.9937,92777,889,0,2594,37.8863,37.985,18.3377
37.8092,6.88819,0,6.88819,13.68,40.9462,898,23,0,2595,37.9029,38.0015,18.3346
37.8292,6.54855,0,6.54855,13.68,40.9462,770,20,0,2597,37.8999,37.9985,18.3331
37.8474,13.8877,0,13.8877,13.66,40.8986,1461,2,0,2599,37.9304,38.0289,18.33
37.8604,5.34327,0,5.34327,13.66,40.8986,628,19,0,2600,37.9377,38.0362,18.3269
37.8714,5.87442,0,5.87442,13.64,40.8511,700,6,0,2601,37.9458,38.0442,18.3269
37.8964,9.87086,0,9.87086,13.64,40.8511,1233,23,0,2603,37.9624,38.0607,18.3239
37.9116,10.9272,0,10.9272,13.62,40.8036,1280,11,0,2605,37.9804,38.0787,18.3208
37.922,0.39861,0,0.39861,13.62,40.8036,110,0,0,2605,37.9804,38.0787,18.3193
37.9341,7.93327,0,7.93327,13.6,40.7561,794,1,0,2606,37.9946,38.0929,18.3177
37.948,0.434376,0,0.434376,13.6,40.7561,113,0,0,2606,37.9946,38.0929,18.3177
37.9579,5.4293,0,5.4293,13.58,40.7086,663,1,0,2607,38.0012,38.0993,18.3162
37.9838,10.8101,0,10.8101,13.58,40.7086,1397,27,0,2609,38.0226,38.1207,18.3147
37.9912,2.24344,0,2.24344,13.56,40.661,203,5,0,2610,38.0126,38.1107,18.3131
38.0145,5.54727,0,5.54727,13.56,40.661,683,4,0,2611,38.0199,38.118,18.3116
38.0279,7.69092,0,7.69092,13.54,40.6135,897,3,0,2612,38.0387,38.1367,18.3101
38.0481,7.96613,0,7.96613,13.54,40.6135,854,23,0,2613,38.057,38.155,18.3085
38.0599,6.60816,0,6.60816,13.52,40.566,753,0,0,2614,38.0669,38.1649,18.3055
38.076,2.82349,0,2.82349,13.52,40.566,413,8,0,2615,38.0639,38.1618,18.3055
38.0814,0.143669,0,0.143669,13.5,40.5185,113,0,0,2615,38.0639,38.1618,18.304
38.1026,1.52675,0,1.52675,13.5,40.5185,113,0,0,2615,38.0639,38.1618,18.304
38.3998,293.151,292.306,0.844901,13.48,40.471,49151,241,0,2615,37.9977,38.0937,18.304
38.4145,8.78772,0,8.78772,13.46,40.4234,949,7,0,2617,38.0031,38.099,18.3024
38.4404,14.6802,0,14.6802,13.46,40.4234,1391,14,0,2619,38.0412,38.1371,18.2994
38.4473,1.13835,0,1.13835,13.44,40.3759,131,0,0,2619,38.0412,38.1371,18.2979
38.4662,0.582354,0,0.582354,13.44,40.3759,131,0,0,2619,38.0412,38.1371,18.2979
38.48,8.83246,0,8.83246,13.42,40.3284,1062,7,0,2620,38.0626,38.1584,18.2963
38.4956,3.6526,0,3.6526,13.42,40.3284,349,0,0,2620,38.0626,38.1584,18.2963
38.5107,10.3696,0,10.3696,13.4,40.2809,942,8,0,2622,38.0652,38.1609,18.2948
38.524,2.80261,0,2.80261,13.4,40.2809,263,0,0,2622,38.0652,38.1609,18.2933
38.5405,11.423,0,11.423,13.38,40.2333,1499,24,0,2624,38.088,38.1837,18.2918
38.5589,8.5985,0,8.5985,13.38,40.2333,1038,0,0,2625,38.1105,38.2061,18.2887
38.575,11.4074,0,11.4074,13.36,40.1858,1597,6,0,2627,38.137,38.2326,18.2872
38.593,8.42733,0,8.42733,13.36,40.1858,805,0,0,2628,38.148,38.2435,18.2857
38.5984,0.918209,0,0.918209,13.34,40.1383,149,0,0,2628,38.148,38.2435,18.2842
38.6311,12.6646,0,12.6646,13.34,40.1383,1629,7,0,2630,38.1753,38.2707,18.2826
38.6495,13.2617,0,13.2617,13.32,40.0908,1009,12,0,2631,38.1935,38.2889,18.2811
38.6574,0.362696,0,0.362696,13.32,40.0908,149,0,0,2631,38.1935,38.2889,18.2796
38.6672,5.66815,0,5.66815,13.3,40.0433,649,6,0,2632,38.1976,38.2929,18.2796
38.6868,4.22529,0,4.22529,13.3,40.0433,563,15,0,2633,38.1986,38.294,18.2766
38.6967,4.43821,0,4.43821,13.28,39.9957,659,3,0,2634,38.2027,38.298,18.2751
38.7148,1.61164,0,1.61164,13.28,39.9957,173,0,0,2634,38.2027,38.298,18.2751
38.7205,0.532739,0,0.532739,13.26,39.9482,169,0,0,2634,38.2027,38.298,18.2751
38.7494,8.53169,0,8.53169,13.26,39.9482,927,13,0,2635,38.2269,38.3222,18.2751
38.7555,0.779238,0,0.779238,13.24,39.9007,169,0,0,2635,38.2269,38.3222,18.2735
38.7833,7.52736,0,7.52736,13.24,39.9007,947,11,0,2637,38.2325,38.3276,18.272
38.7936,4.97801,0,4.97801,13.22,39.8532,789,9,0,2638,38.2415,38.3366,18.269
38.8099,0.205085,0,0.205085,13.22,39.8532,169,0,0,2638,38.2415,38.3366,18.269
38.8219,6.85377,0,6.85377,13.2,39.8057,939,15,0,2640,38.2417,38.3367,18.2675
38.8559,16.7921,0,16.7921,13.2,39.8057,1474,14,0,2642,38.2714,38.3664,18.2645
38.8711,9.97757,0,9.97757,13.18,39.7581,1335,18,0,2644,38.2893,38.3843,18.2615
38.8887,6.71221,0,6.71221,13.18,39.7581,832,4,0,2645,38.2994,38.3943,18.26
38.898,4.05226,0,4.05226,13.16,39.7106,715,9,0,2646,38.305,38.3998,18.2569
38.9214,6.18908,0,6.18908,13.16,39.7106,835,4,0,2647,38.3151,38.4099,18.2554
38.9354,8.74875,0,8.74875,13.14,39.6631,1024,4,0,2649,38.3239,38.4186,18.2539
38.959,11.4056,0,11.4056,13.14,39.6631,1377,20,0,2651,38.3482,38.4429,18.2509
38.9765,11.9348,0,11.9348,13.12,39.6156,1584,6,0,2653,38.3728,38.4674,18.2479
38.9946,9.04193,0,9.04193,13.12,39.6156,988,2,0,2655,38.3755,38.4701,18.2449
39.0131,12.2475,0,12.2475,13.1,39.568,1452,12,0,2657,38.3963,38.4908,18.2419
39.0208,0.495392,0,0.495392,13.1,39.568,185,0,0,2657,38.3963,38.4908,18.2404
39.0306,5.28517,0,5.28517,13.08,39.5205,755,10,0,2659,38.3896,38.484,18.2389
39.0529,6.15063,0,6.15063,13.08,39.5205,935,2,0,2660,38.4034,38.4977,18.2359
39.0757,17.3844,0,17.3844,13.06,39.473,1781,19,0,2662,38.4361,38.5304,18.2344
39.0971,14.8066,0,14.8066,13.04,39.4255,1754,6,0,2664,38.4703,38.5646,18.2314
39.1156,11.0797,0,11.0797,13.02,39.378,878,0,0,2665,38.4822,38.5764,18.2284
39.1366,14.1466,0,14.1466,13.02,39.378,1477,6,0,2667,38.5021,38.5962,18.227
39.1602,14.9613,0,14.9613,13,39.3304,995,23,0,2668,38.5187,38.6128,18.2255
39.1782,10.7865,0,10.7865,12.98,39.2829,788,31,0,2669,38.5257,38.6186,18.224
39.1915,6.08202,0,6.08202,12.98,39.2829,788,0,0,2670,38.5337,38.6266,18.221
39.2048,7.69693,0,7.69693,12.96,39.2354,1038,5,0,2671,38.5511,38.644,18.2195
39.2203,2.30998,0,2.30998,12.96,39.2354,364,0,0,2671,38.5511,38.644,18.2195
39.2312,5.50057,0,5.50057,12.94,39.1879,638,4,0,2672,38.5588,38.6516,18.218
39.2546,8.07673,0,8.07673,12.94,39.1879,1208,26,0,2674,38.5677,38.6604,18.2165
39.2716,11.3551,0,11.3551,12.92,39.1404,1448,5,0,2676,38.5874,38.6801,18.2135
39.2882,6.99886,0,6.99886,12.92,39.1404,845,7,0,2677,38.6029,38.6956,18.2106
39.2945,0.613077,0,0.613077,12.9,39.0928,208,0,0,2677,38.6029,38.6956,18.2106
39.3152,0.256097,0,0.256097,12.9,39.0928,208,0,0,2677,38.6029,38.6956,18.2106
39.3271,6.61622,0,6.61622,12.88,39.0453,928,5,0,2678,38.6165,38.7091,18.2091
39.3567,15.1645,0,15.1645,12.88,39.0453,1921,8,0,2680,38.6582,38.7507,18.2076
39.3696,6.96242,0,6.96242,12.86,38.9978,948,8,0,2681,38.671,38.7635,18.2061
39.3968,13.2091,0,13.2091,12.86,38.9978,1018,1,0,2683,38.672,38.7644,18.2032
39.4155,10.1438,0,10.1438,12.84,38.9503,748,0,0,2684,38.6773,38.7697,18.2017
39.4289,5.76283,0,5.76283,12.84,38.9503,730,6,0,2685,38.6864,38.7788,18.2002
39.4438,8.87903,0,8.87903,12.82,38.9028,1128,4,0,2686,38.7059,38.7982,18.1972
39.4611,6.7857,0,6.7857,12.82,38.9028,698,0,0,2688,38.6983,38.7906,18.1958
39.4757,7.94058,0,7.94058,12.8,38.8552,978,12,0,2689,38.7133,38.8055,18.1943
39.4873,0.195565,0,0.195565,12.8,38.8552,215,0,0,2689,38.7133,38.8055,18.1928
39.5005,8.19092,0,8.19092,12.78,38.8077,1115,0,0,2691,38.7179,38.8101,18.1913
39.5174,4.03207,0,4.03207,12.78,38.8077,695,6,0,2692,38.7214,38.8135,18.1898
39.5318,8.62884,0,8.62884,12.76,38.7602,983,1,0,2694,38.7249,38.817,18.1869
39.5533,9.32692,0,9.32692,12.76,38.7602,878,0,0,2695,38.7406,38.8327,18.1839
39.5666,7.9529,0,7.9529,12.74,38.7127,952,6,0,2696,38.7578,38.8498,18.1825
39.5806,0.963217,0,0.963217,12.74,38.7127,225,0,0,2696,38.7578,38.8498,18.1825
39.5937,7.40778,0,7.40778,12.72,38.6651,1085,4,0,2697,38.7753,38.8673,18.181
39.6131,5.88012,0,5.88012,12.72,38.6651,845,0,0,2698,38.7839,38.8758,18.181
39.6228,4.25649,0,4.25649,12.7,38.6176,683,10,0,2699,38.7888,38.8807,18.1795
39.6449,3.058,0,3.058,12.7,38.6176,225,0,0,2699,38.7888,38.8807,18.1781
39.6695,13.3327,0,13.3327,12.68,38.5701,1137,6,0,2700,38.8085,38.9004,18.1781
39.6847,7.92662,0,7.92662,12.66,38.5226,917,3,0,2702,38.8057,38.8975,18.1751
39.7025,5.98681,0,5.98681,12.66,38.5226,955,8,0,2703,38.8183,38.9101,18.1722
39.7164,8.68547,0,8.68547,12.64,38.4751,1169,23,0,2705,38.8311,38.9227,18.1707
39.7396,11.0181,0,11.0181,12.64,38.4751,1483,16,0,2707,38.8515,38.9431,18.1678
39.7539,8.35941,0,8.35941,12.62,38.4275,976,2,0,2709,38.852,38.9435,18.1649
39.7675,1.08005,0,1.08005,12.62,38.4275,235,0,0,2709,38.852,38.9435,18.1634
39.788,15.351,0,15.351,12.6,38.38,1901,24,0,2711,38.8857,38.9771,18.1619
39.8083,14.2127,0,14.2127,12.58,38.3325,1863,20,0,2713,38.9248,39.0162,18.159
39.8199,6.16723,0,6.16723,12.56,38.285,965,5,0,2714,38.9374,39.0287,18.1561
39.8386,3.95762,0,3.95762,12.56,38.285,625,2,0,2715,38.9374,39.0287,18.1561
39.8469,2.49804,0,2.49804,12.54,38.2375,455,5,0,2716,38.9311,39.0225,18.1546
39.8726,7.21035,0,7.21035,12.54,38.2375,975,5,0,2717,38.9444,39.0357,18.1517
39.8904,11.6139,0,11.6139,12.52,38.1899,1360,11,0,2719,38.9706,39.0618,18.1502
39.9061,7.05394,0,7.05394,12.52,38.1899,1010,4,0,2720,38.9886,39.0798,18.1473
39.9155,3.97938,0,3.97938,12.5,38.1424,678,5,0,2721,38.9904,39.0816,18.1459
39.9448,12.1445,0,12.1445,12.5,38.1424,1374,5,0,2723,39.0051,39.0962,18.1444
39.9606,10.4723,0,10.4723,12.48,38.0949,1240,6,0,2725,39.0143,39.1053,18.1415
39.9737,2.55878,0,2.55878,12.48,38.0949,488,1,0,2726,39.0092,39.1001,18.1386
40.0024,21.6024,0,21.6024,12.46,38.0474,1082,1,0,2728,39.0253,39.1162,18.1371
40.0207,7.98671,0,7.98671,12.44,37.9998,688,0,0,2729,39.0275,39.1184,18.1357
40.0413,11.2398,0,11.2398,12.44,37.9998,1427,14,0,2731,39.045,39.1358,18.1328
40.0549,6.4691,0,6.4691,12.42,37.9523,818,1,0,2732,39.052,39.1428,18.1299
40.0768,9.0163,0,9.0163,12.42,37.9523,1061,2,0,2734,39.064,39.1547,18.1284
40.0867,3.80527,0,3.80527,12.4,37.9048,568,3,0,2735,39.0618,39.1525,18.127
40.1105,6.39356,0,6.39356,12.4,37.9048,719,0,0,2736,39.0753,39.1659,18.1241
40.1264,9.27062,0,9.27062,12.38,37.8573,1358,6,0,2738,39.0877,39.1782,18.1226
40.1451,6.88163,0,6.88163,12.38,37.8573,770,5,0,2739,39.0964,39.1869,18.1212
40.1585,7.88909,0,7.88909,12.36,37.8098,854,0,0,2740,39.1142,39.2047,18.1183
40.1797,7.99134,0,7.99134,12.36,37.8098,1058,2,0,2741,39.1299,39.2204,18.1169
40.187,0.591022,0,0.591022,12.34,37.7622,238,0,0,2741,39.1299,39.2204,18.1169
40.2169,9.39948,0,9.39948,12.34,37.7622,1300,14,0,2743,39.1404,39.2308,18.1154
40.2293,6.00105,0,6.00105,12.32,37.7147,953,11,0,2744,39.1542,39.2445,18.1125
40.2488,6.35347,0,6.35347,12.32,37.7147,1038,11,0,2745,39.169,39.2594,18.1125
40.264,9.3374,0,9.3374,12.3,37.6672,1358,4,0,2747,39.1813,39.2716,18.1097
40.2817,6.26972,0,6.26972,12.3,37.6672,878,2,0,2748,39.1903,39.2806,18.1068
40.3012,12.4898,0,12.4898,12.28,37.6197,1419,6,0,2750,39.2131,39.3033,18.1053
40.3144,6.49254,0,6.49254,12.28,37.6197,891,3,0,2751,39.2225,39.3126,18.1025
40.3274,6.98669,0,6.98669,12.26,37.5722,933,14,0,2752,39.238,39.3281,18.101
40.3564,12.9236,0,12.9236,12.26,37.5722,719,0,0,2753,39.2426,39.3327,18.101
40.3659,0.821485,0,0.821485,12.24,37.5246,241,0,0,2753,39.2426,39.3327,18.0996
40.3961,11.0566,0,11.0566,12.24,37.5246,1239,9,0,2755,39.2519,39.3419,18.0981
40.4031,0.335764,0,0.335764,12.22,37.4771,241,0,0,2755,39.2519,39.3419,18.0967
40.4322,8.90773,0,8.90773,12.22,37.4771,877,5,0,2756,39.2616,39.3512,18.0953
40.4441,3.98584,0,3.98584,12.2,37.4296,509,4,0,2757,39.2583,39.3478,18.0938
40.469,7.90848,0,7.90848,12.2,37.4296,701,6,0,2758,39.2607,39.3503,18.0938
40.4938,18.2808,0,18.2808,12.18,37.3821,1770,18,0,2760,39.2931,39.3826,18.091
40.5297,23.9256,0,23.9256,12.16,37.3345,1721,2,0,2762,39.3244,39.4138,18.0881
40.538,0.741559,0,0.741559,12.14,37.287,271,0,0,2762,39.3244,39.4138,18.0867
40.5648,6.48949,0,6.48949,12.14,37.287,841,0,0,2763,39.3308,39.4202,18.0853
40.5894,14.5657,0,14.5657,12.12,37.2395,1831,18,0,2765,39.3588,39.4481,18.0838
40.599,1.03789,0,1.03789,12.1,37.192,271,0,0,2765,39.3588,39.4481,18.0824
40.6294,11.6885,0,11.6885,12.1,37.192,1471,4,0,2767,39.3737,39.463,18.081
40.645,7.8921,0,7.8921,12.08,37.1445,929,6,0,2768,39.3898,39.479,18.0781
40.662,4.69569,0,4.69569,12.08,37.1445,861,5,0,2769,39.3969,39.4861,18.0781
40.6749,6.26549,0,6.26549,12.06,37.0969,958,12,0,2770,39.4069,39.496,18.0767
40.7005,10.926,0,10.926,12.06,37.0969,1528,3,0,2772,39.4232,39.5123,18.0738
40.7202,12.6348,0,12.6348,12.04,37.0494,1165,4,0,2773,39.4403,39.5294,18.0724
40.7317,3.46335,0,3.46335,12.04,37.0494,682,0,0,2774,39.4398,39.5288,18.0696
40.7439,6.17798,0,6.17798,12.02,37.0019,1005,0,0,2775,39.4512,39.5402,18.0681
40.7663,7.16629,0,7.16629,12.02,37.0019,1065,1,0,2776,39.4647,39.5537,18.0667
40.7887,15.7184,0,15.7184,12,36.9544,1883,3,0,2778,39.5094,39.5983,18.0653
40.8017,5.78626,0,5.78626,11.98,36.9069,815,0,0,2779,39.5139,39.6027,18.0625
40.8309,15.0556,0,15.0556,11.98,36.9069,2003,7,0,2781,39.5512,39.6401,18.061
40.8515,13.0953,0,13.0953,11.96,36.8593,1493,17,0,2783,39.5706,39.6594,18.0582
40.8586,0.12092,0,0.12092,11.96,36.8593,295,0,0,2783,39.5706,39.6594,18.0568
40.8723,7.32501,0,7.32501,11.94,36.8118,1095,15,0,2784,39.5851,39.6739,18.0568
40.9023,15.8639,0,15.8639,11.94,36.8118,1778,5,0,2786,39.6152,39.7039,18.0539
40.915,6.03462,0,6.03462,11.92,36.7643,1015,1,0,2787,39.6265,39.7151,18.0525
40.9371,6.86223,0,6.86223,11.92,36.7643,1075,0,0,2788,39.6406,39.7292,18.0497
40.9563,12.4016,0,12.4016,11.9,36.7168,1834,11,0,2790,39.6699,39.7584,18.0483
40.9691,4.09196,0,4.09196,11.9,36.7168,715,0,0,2791,39.6704,39.7589,18.0469
40.9867,11.4132,0,11.4132,11.88,36.6692,1596,4,0,2793,39.6881,39.7766,18.044
41.0058,9.36858,0,9.36858,11.88,36.6692,1372,4,0,2795,39.6977,39.786,18.0412
41.015,3.4039,0,3.4039,11.86,36.6217,772,0,0,2796,39.6999,39.7883,18.0384
41.0374,4.31281,0,4.31281,11.86,36.6217,822,1,0,2797,39.704,39.7923,18.037
41.0458,2.23077,0,2.23077,11.84,36.5742,423,0,0,2797,39.704,39.7923,18.037
41.0758,11.0604,0,11.0604,11.84,36.5742,1368,0,0,2799,39.7253,39.8135,18.0356
41.0948,12.3083,0,12.3083,11.82,36.5267,1682,5,0,2801,39.7458,39.834,18.0328
41.1131,10.6741,0,10.6741,11.82,36.5267,1342,9,0,2803,39.7542,39.8423,18.03
41.1282,8.11615,0,8.11615,11.8,36.4792,1095,4,0,2805,39.7537,39.8417,18.0271
41.1446,5.02138,0,5.02138,11.8,36.4792,865,0,0,2806,39.7591,39.8471,18.0257
41.1608,8.84901,0,8.84901,11.78,36.4316,1085,16,0,2807,39.7763,39.8643,18.0243
41.1773,5.58291,0,5.58291,11.78,36.4316,902,3,0,2808,39.7828,39.8707,18.0215
41.1921,7.60309,0,7.60309,11.76,36.3841,995,1,0,2809,39.7971,39.885,18.0215
41.2138,9.59776,0,9.59776,11.76,36.3841,1522,0,0,2810,39.8174,39.9053,18.0201
41.2317,10.5297,0,10.5297,11.74,36.3366,1428,9,0,2812,39.8286,39.9164,18.0173
41.2418,0.631341,0,0.631341,11.74,36.3366,332,0,0,2812,39.8286,39.9164,18.0159
41.2605,11.2547,0,11.2547,11.72,36.2891,1532,5,0,2814,39.844,39.9318,18.0145
41.2727,3.78677,0,3.78677,11.72,36.2891,662,7,0,2815,39.8416,39.9293,18.0117
41.2851,5.05104,0,5.05104,11.7,36.2416,762,0,0,2816,39.8427,39.9304,18.0117
41.3045,4.65264,0,4.65264,11.7,36.2416,802,0,0,2817,39.8452,39.9329,18.0103
41.3165,5.56552,0,5.56552,11.68,36.194,802,1,0,2818,39.8478,39.9354,18.0089
41.3429,11.1149,0,11.1149,11.68,36.194,1622,26,0,2820,39.8652,39.9528,18.0061
43.2337,1883.26,1875.55,7.70909,11.66,36.1465,304512,2320,0,2822,39.2481,39.342,18.0034
43.2526,10.7524,0,10.7524,11.64,36.4469,1881,26,0,2824,39.2758,39.3697,18.0006
43.2749,12.8668,0,12.8668,11.64,36.4469,2061,68,0,2826,39.3089,39.4027,17.9978
43.2867,5.40862,0,5.40862,11.62,36.3585,948,8,0,2827,39.3102,39.404,17.9964
43.3063,3.84544,0,3.84544,11.62,36.3585,803,8,0,2828,39.3126,39.4063,17.9936
43.3123,0.488679,0,0.488679,11.6,36.2701,360,0,0,2828,39.3126,39.4063,17.9936
43.34,7.04665,0,7.04665,11.6,36.2701,1008,12,0,2829,39.3238,39.4175,17.9922
43.3527,7.00664,0,7.00664,11.58,36.1817,988,0,0,2830,39.3378,39.4314,17.9908
43.3717,4.80867,0,4.80867,11.58,36.1817,1020,6,0,2831,39.3465,39.4401,17.9908
43.378,0.616608,0,0.616608,11.56,36.0934,380,0,0,2831,39.3465,39.4401,17.9894
43.4091,10.5973,0,10.5973,11.56,36.0934,1464,2,0,2833,39.3576,39.4511,17.988
43.4249,9.92774,0,9.92774,11.54,36.005,1446,21,0,2835,39.3686,39.4621,17.9853
43.4375,1.07954,0,1.07954,11.54,36.005,405,0,0,2835,39.3686,39.4621,17.9839
43.4476,4.36252,0,4.36252,11.52,35.9166,900,2,0,2836,39.3731,39.4665,17.9839
43.4711,6.47666,0,6.47666,11.52,35.9166,1190,19,0,2837,39.3877,39.4811,17.9811
43.4809,3.99113,0,3.99113,11.5,35.8282,770,7,0,2838,39.3894,39.4827,17.9797
43.5043,5.86071,0,5.86071,11.5,35.8282,889,0,0,2839,39.3966,39.49,17.9783
43.5149,4.73166,0,4.73166,11.48,35.7399,825,0,0,2840,39.3982,39.4915,17.9783
43.5368,5.08862,0,5.08862,11.48,35.7399,1019,3,0,2841,39.4073,39.5005,17.977
43.5505,7.83429,0,7.83429,11.46,35.6515,1283,37,0,2842,39.4254,39.5186,17.9742
43.5761,11.8272,0,11.8272,11.46,35.6515,1714,8,0,2844,39.4466,39.5397,17.9728
43.5897,7.63772,0,7.63772,11.44,35.5631,1313,5,0,2845,39.4657,39.5589,17.9714
43.6136,10.1961,0,10.1961,11.44,35.5631,1693,15,0,2847,39.4844,39.5774,17.9687
43.625,5.17545,0,5.17545,11.42,35.4747,903,0,0,2848,39.4891,39.5822,17.9659
43.6485,7.18453,0,7.18453,11.42,35.4747,1179,1,0,2850,39.4951,39.5881,17.9645
43.6565,1.0762,0,1.0762,11.4,35.3864,373,0,0,2850,39.4951,39.5881,17.9632
43.6818,6.42571,0,6.42571,11.4,35.3864,1113,15,0,2851,39.5072,39.6001,17.9632
43.7002,11.2063,0,11.2063,11.38,35.298,1763,14,0,2853,39.5286,39.6215,17.9604
43.7168,8.22264,0,8.22264,11.38,35.298,1283,16,0,2854,39.5466,39.6395,17.959
43.7255,1.07034,0,1.07034,11.36,35.2096,380,0,0,2854,39.5466,39.6395,17.9576
43.7565,12.2095,0,12.2095,11.36,35.2096,1820,19,0,2856,39.5693,39.6621,17.9563
43.7675,4.14624,0,4.14624,11.34,35.1212,850,4,0,2857,39.5719,39.6647,17.9549
43.7911,8.40312,0,8.40312,11.34,35.1212,1218,19,0,2858,39.5875,39.6802,17.9535
43.8029,4.92213,0,4.92213,11.32,35.0329,788,8,0,2859,39.5922,39.6849,17.9522
43.8263,8.26925,0,8.26925,11.32,35.0329,1550,30,0,2861,39.6057,39.6984,17.9494
43.841,7.75827,0,7.75827,11.3,34.9445,1133,7,0,2862,39.6244,39.717,17.9467
43.8549,0.871695,0,0.871695,11.3,34.9445,390,0,0,2862,39.6244,39.717,17.9467
43.8668,5.87323,0,5.87323,11.28,34.8561,1096,3,0,2864,39.6219,39.7144,17.9453
43.8832,1.20072,0,1.20072,11.28,34.8561,400,0,0,2864,39.6219,39.7144,17.9439
43.897,6.63732,0,6.63732,11.26,34.7677,1300,16,0,2865,39.6394,39.7319,17.9426
43.9129,3.26961,0,3.26961,11.26,34.7677,800,1,0,2866,39.6396,39.732,17.9412
43.9283,7.73822,0,7.73822,11.24,34.6794,1198,28,0,2867,39.6589,39.7513,17.9412
43.9464,6.75185,0,6.75185,11.24,34.6794,1094,25,0,2868,39.6712,39.7636,17.9398
43.9586,4.77536,0,4.77536,11.22,34.591,1010,14,0,2869,39.6776,39.77,17.9385
43.9837,10.5255,0,10.5255,11.22,34.591,1470,2,0,2871,39.6862,39.7785,17.9357
43.996,4.62242,0,4.62242,11.2,34.5026,1000,0,0,2872,39.6922,39.7845,17.9344
44.0114,0.232417,0,0.232417,11.2,34.5026,430,0,0,2872,39.6922,39.7845,17.933
44.0202,1.35336,0,1.35336,11.18,34.4142,430,0,0,2872,39.6922,39.7845,17.933
44.0487,10.446,0,10.446,11.18,34.4142,1760,1,0,2874,39.7109,39.8031,17.9316
44.0642,7.96111,0,7.96111,11.16,34.3259,1338,3,0,2875,39.7287,39.8209,17.9289
44.0797,3.53539,0,3.53539,11.16,34.3259,880,6,0,2876,39.7302,39.8223,17.9275
44.103,15.458,0,15.458,11.14,34.2375,1858,16,0,2878,39.7599,39.852,17.9262
44.1115,1.15909,0,1.15909,11.12,34.1491,472,0,0,2878,39.7599,39.852,17.9248
44.143,11.5614,0,11.5614,11.12,34.1491,1832,8,0,2880,39.7837,39.8757,17.9234
44.1641,14.3083,0,14.3083,11.1,34.0607,2270,15,0,2882,39.8189,39.9108,17.9207
44.1794,7.50227,0,7.50227,11.08,33.9724,1400,0,0,2883,39.838,39.9299,17.918
44.2055,12.7819,0,12.7819,11.08,33.9724,1697,13,0,2885,39.8631,39.9549,17.9166
44.2201,7.76717,0,7.76717,11.06,33.884,1450,43,0,2886,39.8839,39.9757,17.9139
44.2411,7.3265,0,7.3265,11.06,33.884,1137,0,0,2887,39.9002,39.992,17.9126
44.2525,4.4944,0,4.4944,11.04,33.7956,1040,10,0,2888,39.9062,39.9979,17.9126
44.2811,11.491,0,11.491,11.04,33.7956,1712,0,0,2890,39.9273,40.019,17.9099
44.2895,0.250692,0,0.250692,11.02,33.7072,480,0,0,2890,39.9273,40.019,17.9085
44.3142,5.44558,0,5.44558,11.02,33.7072,1115,15,0,2891,39.9377,40.0294,17.9085
44.3293,6.80078,0,6.80078,11,33.6189,1033,1,0,2892,39.9433,40.0349,17.9058
44.3567,14.4543,0,14.4543,11,33.6189,1978,8,0,2894,39.9696,40.0612,17.9044
44.369,3.84566,0,3.84566,10.98,33.5305,960,0,0,2895,39.9724,40.0639,17.9031
44.3869,1.18553,0,1.18553,10.98,33.5305,480,0,0,2895,39.9724,40.0639,17.9017
44.4056,11.1483,0,11.1483,10.96,33.4421,1774,8,0,2897,39.9948,40.0863,17.9004
44.4286,12.5906,0,12.5906,10.96,33.4421,2039,19,0,2899,40.021,40.1125,17.8977
44.4468,10.9113,0,10.9113,10.94,33.3537,1900,20,0,2901,40.0424,40.1337,17.895
44.4687,11.7469,0,11.7469,10.94,33.3537,1912,19,0,2903,40.0675,40.1588,17.8923
44.4767,0.969547,0,0.969547,10.92,33.2653,480,0,0,2903,40.0675,40.1588,17.8909
44.4978,0.455671,0,0.455671,10.92,33.2653,480,0,0,2903,40.0675,40.1588,17.8909
44.516,10.9023,0,10.9023,10.9,33.177,1880,11,0,2905,40.0878,40.179,17.8896
44.5274,0.36954,0,0.36954,10.9,33.177,490,0,0,2905,40.0878,40.179,17.8882
44.5472,12.2856,0,12.2856,10.88,33.0886,2000,22,0,2907,40.1121,40.2033,17.8869
44.5599,3.95816,0,3.95816,10.88,33.0886,960,2,0,2908,40.1145,40.2056,17.8842
44.7294,162.293,151.714,10.5789,10.86,33.0002,31857,70,0,2910,40.1162,40.2079,17.8829
44.7409,2.9074,0,2.9074,10.84,32.9118,780,0,0,2911,40.1127,40.2044,17.8815
44.7592,1.01397,0,1.01397,10.84,32.9118,480,0,0,2911,40.1127,40.2044,17.8802
44.7782,11.9898,0,11.9898,10.82,32.8235,1880,23,0,2913,40.1339,40.2255,17.8788
44.7967,8.92951,0,8.92951,10.82,32.8235,1497,0,0,2915,40.1424,40.234,17.8762
44.8159,11.601,0,11.601,10.8,32.7351,2000,32,0,2917,40.1676,40.2592,17.8735
44.8334,7.70589,0,7.70589,10.8,32.7351,1317,32,0,2918,40.1847,40.2762,17.8708
44.8423,1.31136,0,1.31136,10.78,32.6467,500,0,0,2918,40.1847,40.2762,17.8708
44.8721,9.94103,0,9.94103,10.78,32.6467,1503,14,0,2920,40.2041,40.2955,17.8695
44.8879,7.52999,0,7.52999,10.76,32.5583,1238,2,0,2922,40.2053,40.2967,17.8668
44.9067,6.86906,0,6.86906,10.76,32.5583,975,0,0,2923,40.2176,40.3089,17.8641
44.9155,0.558978,0,0.558978,10.74,32.47,490,0,0,2923,40.2176,40.3089,17.8641
44.939,4.54812,0,4.54812,10.74,32.47,1020,5,0,2924,40.222,40.3133,17.8628
44.9558,8.53696,0,8.53696,10.72,32.3816,1437,5,0,2926,40.229,40.3202,17.8614
44.9725,5.74911,0,5.74911,10.72,32.3816,1230,18,0,2927,40.2402,40.3314,17.8588
44.9814,0.493474,0,0.493474,10.7,32.2932,500,0,0,2927,40.2402,40.3314,17.8588
45.0095,9.14111,0,9.14111,10.7,32.2932,1536,9,0,2929,40.2503,40.3414,17.8574
45.0234,5.67321,0,5.67321,10.68,32.2048,1220,6,0,2930,40.2611,40.3522,17.8548
45.0424,4.7488,0,4.7488,10.68,32.2048,990,0,0,2930,40.2611,40.3522,17.8548
45.0515,0.524175,0,0.524175,10.66,32.1165,510,0,0,2930,40.2611,40.3522,17.8548
45.0715,0.882674,0,0.882674,10.66,32.1165,510,0,0,2930,40.2611,40.3522,17.8548
45.085,5.39534,0,5.39534,10.64,32.0281,1060,0,0,2931,40.2665,40.3576,17.8534
45.0999,0.212097,0,0.212097,10.64,32.0281,500,0,0,2931,40.2665,40.3576,17.8534
45.12,11.8381,0,11.8381,10.62,31.9397,1815,27,0,2933,40.285,40.3761,17.8521
45.1282,0.625296,0,0.625296,10.6,31.8513,500,0,0,2933,40.285,40.3761,17.8508
45.1563,7.20857,0,7.20857,10.6,31.8513,1126,5,0,2935,40.2814,40.3724,17.8494
45.17,5.75212,0,5.75212,10.58,31.763,1190,6,0,2936,40.2905,40.3815,17.8481
45.1951,9.42035,0,9.42035,10.58,31.763,1660,33,0,2938,40.3022,40.3931,17.8454
45.2062,3.68476,0,3.68476,10.56,31.6746,694,0,0,2939,40.3008,40.3916,17.8441
45.2244,0.647874,0,0.647874,10.56,31.6746,530,0,0,2939,40.3008,40.3916,17.8428
45.2366,4.42547,0,4.42547,10.54,31.5862,940,9,0,2940,40.3014,40.3922,17.8428
45.2583,4.99934,0,4.99934,10.54,31.5862,1060,1,0,2941,40.306,40.3968,17.8415
45.2742,8.30104,0,8.30104,10.52,31.4978,1650,25,0,2942,40.3304,40.4211,17.8401
45.2952,8.28668,0,8.28668,10.52,31.4978,1550,5,0,2944,40.3376,40.4283,17.8375
45.3165,13.982,0,13.982,10.5,31.4095,2209,8,0,2946,40.3693,40.4599,17.8348
45.3395,14.5297,0,14.5297,10.48,31.3211,2287,13,0,2948,40.403,40.4936,17.8322
45.3488,0.364231,0,0.364231,10.46,30.0528,540,0,0,2948,40.403,40.4936,17.8309
45.3738,5.63804,0,5.63804,10.46,30.0528,1164,8,0,2949,40.4113,40.5019,17.8295
45.3947,11.7534,0,11.7534,10.44,30.0034,2052,30,0,2951,40.4354,40.5259,17.8282
45.4024,0.309421,0,0.309421,10.42,29.9541,540,0,0,2951,40.4354,40.5259,17.8269
45.4327,8.82338,0,8.82338,10.42,29.9541,1650,11,0,2953,40.4456,40.5361,17.8256
45.4416,0.064907,0,0.064907,10.4,29.9048,540,0,0,2953,40.4456,40.5361,17.8243
45.4678,6.75076,0,6.75076,10.4,29.9048,1350,6,0,2954,40.4594,40.5498,17.8229
45.4819,4.984,0,4.984,10.38,29.8555,1004,11,0,2955,40.4626,40.553,17.8229
45.5027,6.01337,0,6.01337,10.38,29.8555,1199,5,0,2956,40.4719,40.5622,17.8203
45.5126,0.798258,0,0.798258,10.36,29.8063,550,0,0,2956,40.4719,40.5622,17.8203
45.5423,10.3616,0,10.3616,10.36,29.8063,1880,5,0,2958,40.4895,40.5798,17.819
46.3985,847.088,834.654,12.4332,10.34,29.7571,159140,693,0,2960,40.3635,40.4571,17.8163
46.4074,1.79722,0,1.79722,10.32,29.7079,380,0,0,2960,40.3635,40.4571,17.815
46.4349,9.61258,0,9.61258,10.32,29.7079,1700,29,0,2962,40.3808,40.4743,17.8137
46.4469,4.50545,0,4.50545,10.3,29.6587,950,3,0,2963,40.3864,40.4799,17.8111
46.4695,6.44071,0,6.44071,10.3,29.6587,1127,9,0,2964,40.3988,40.4922,17.8111
46.4801,4.34489,0,4.34489,10.28,29.6096,960,9,0,2965,40.4047,40.4981,17.8098
46.5024,5.30749,0,5.30749,10.28,29.6096,1130,1,0,2966,40.4164,40.5098,17.8085
46.5159,7.10076,0,7.10076,10.26,29.5605,1260,11,0,2967,40.4324,40.5258,17.8071
46.5381,8.01911,0,8.01911,10.26,29.5605,1300,10,0,2968,40.4498,40.5431,17.8058
46.5542,9.31242,0,9.31242,10.24,29.5114,1710,6,0,2970,40.4673,40.5606,17.8032
46.5715,5.51279,0,5.51279,10.24,29.5114,869,5,0,2971,40.4716,40.5648,17.8006
46.5787,0.915825,0,0.915825,10.22,29.4622,380,0,0,2971,40.4716,40.5648,17.8006
46.6049,5.86921,0,5.86921,10.22,29.4622,1130,18,0,2972,40.4832,40.5764,17.8006
46.6253,14.0495,0,14.0495,10.2,29.4131,2082,10,0,2974,40.5128,40.6059,17.798
46.6335,0.688964,0,0.688964,10.18,29.364,400,0,0,2974,40.5128,40.6059,17.7967
46.6591,6.61836,0,6.61836,10.18,29.364,1240,13,0,2975,40.5264,40.6195,17.7953
46.6723,5.63991,0,5.63991,10.16,29.3149,1130,0,0,2976,40.5373,40.6304,17.794
46.6916,4.96292,0,4.96292,10.16,29.3149,990,3,0,2977,40.5435,40.6365,17.794
46.7055,6.3754,0,6.3754,10.14,29.2658,1270,4,0,2978,40.5594,40.6525,17.7927
46.7252,6.20032,0,6.20032,10.14,29.2658,1140,4,0,2979,40.571,40.664,17.7914
46.7428,10.2868,0,10.2868,10.12,29.2167,1567,2,0,2981,40.5834,40.6763,17.7888
46.7633,11.2869,0,11.2869,10.12,29.2167,2020,20,0,2983,40.6108,40.7037,17.7862
46.7807,10.3434,0,10.3434,10.1,29.1676,1568,4,0,2985,40.6245,40.7173,17.7836
46.7983,7.69266,0,7.69266,10.1,29.1676,1193,8,0,2987,40.6281,40.7208,17.781
46.8047,0.197025,0,0.197025,10.08,29.1184,380,0,0,2987,40.6281,40.7208,17.7797
46.8289,2.54145,0,2.54145,10.08,29.1184,659,4,0,2988,40.6245,40.7172,17.7797
46.8426,7.3093,0,7.3093,10.06,29.0693,1380,26,0,2990,40.6308,40.7234,17.7771
46.8585,2.29521,0,2.29521,10.06,29.0693,640,0,0,2991,40.6259,40.7185,17.7745
46.875,10.0479,0,10.0479,10.04,29.0202,1651,4,0,2993,40.6448,40.7374,17.7732
46.8896,4.53371,0,4.53371,10.04,29.0202,990,1,0,2994,40.6516,40.7442,17.7719
46.9013,4.40518,0,4.40518,10.02,28.9711,800,1,0,2995,40.6521,40.7446,17.7706
46.9175,1.44715,0,1.44715,10.02,28.9711,404,0,0,2995,40.6521,40.7446,17.7693
46.937,12.1165,0,12.1165,10,28.922,2050,1,0,2997,40.6807,40.7731,17.768
46.9518,7.51107,0,7.51107,10,28.922,1430,24,0,2999,40.6886,40.7809,17.7654
47.4333,473.727,466.683,7.04488,9.98,28.8729,108455,1028,0,3001,40.5661,40.6544,17.7628
47.4429,3.75799,0,3.75799,9.96,28.8238,460,0,0,3002,40.5633,40.6516,17.7615
47.4636,4.1937,0,4.1937,9.96,28.8238,540,2,0,3003,40.5608,40.649,17.7602
47.4725,4.12636,0,4.12636,9.94,28.7746,453,10,0,3004,40.5603,40.6485,17.7589
47.4927,3.16683,0,3.16683,9.94,28.7746,444,3,0,3005,40.5584,40.6466,17.7576
47.4981,0.883533,0,0.883533,9.92,28.7255,130,0,0,3005,40.5584,40.6466,17.7563
47.5243,5.46008,0,5.46008,9.92,28.7255,830,11,0,3006,40.5582,40.6464,17.7563
47.5346,5.67303,0,5.67303,9.9,28.6764,580,0,0,3007,40.5597,40.6478,17.755
47.5549,4.62166,0,4.62166,9.9,28.6764,620,0,0,3008,40.5622,40.6503,17.7524
47.5646,4.87852,0,4.87852,9.88,28.6273,701,33,0,3009,40.5676,40.6557,17.7524
47.5873,7.21596,0,7.21596,9.88,28.6273,857,4,0,3010,40.5787,40.6668,17.7499
47.597,3.94602,0,3.94602,9.86,28.5782,700,9,0,3011,40.5835,40.6715,17.7499
47.6187,5.97046,0,5.97046,9.86,28.5782,770,4,0,3012,40.5906,40.6786,17.7486
47.6318,7.26859,0,7.26859,9.84,28.5291,906,0,0,3013,40.605,40.693,17.7473
47.6509,6.92443,0,6.92443,9.84,28.5291,903,31,0,3014,40.6198,40.7077,17.746
47.6617,4.96339,0,4.96339,9.82,28.48,724,0,0,3015,40.6255,40.7134,17.7434
47.6775,1.2847,0,1.2847,9.82,28.48,179,0,0,3015,40.6255,40.7134,17.7434
47.6942,10.8826,0,10.8826,9.8,28.4308,1388,4,0,3017,40.64,40.7279,17.7421
47.7041,1.00198,0,1.00198,9.8,28.4308,150,0,0,3017,40.64,40.7279,17.7408
47.7144,5.75275,0,5.75275,9.78,28.3817,880,16,0,3018,40.6508,40.7386,17.7408
47.7309,0.561415,0,0.561415,9.78,28.3817,150,0,0,3018,40.6508,40.7386,17.7396
47.7357,0.280923,0,0.280923,9.76,28.3326,150,0,0,3018,40.6508,40.7386,17.7396
47.7617,4.57036,0,4.57036,9.76,28.3326,660,3,0,3019,40.6525,40.7403,17.7396
47.7787,12.3679,0,12.3679,9.74,28.2835,1616,6,0,3021,40.6763,40.764,17.737
47.7947,6.7533,0,6.7533,9.74,28.2835,1060,7,0,3022,40.687,40.7747,17.7344
47.8108,11.5073,0,11.5073,9.72,28.2344,1750,1,0,3024,40.713,40.8006,17.7331
47.8292,8.43622,0,8.43622,9.72,28.2344,1004,2,0,3025,40.7312,40.8188,17.7319
47.8383,4.62651,0,4.62651,9.7,28.1853,810,5,0,3026,40.7396,40.8272,17.7293
47.8648,8.64975,0,8.64975,9.7,28.1853,1400,15,0,3028,40.754,40.8415,17.728
47.876,6.35439,0,6.35439,9.68,28.1362,970,19,0,3029,40.7672,40.8547,17.7267
47.8971,5.94986,0,5.94986,9.68,28.1362,838,1,0,3030,40.7792,40.8667,17.7242
47.9072,5.35726,0,5.35726,9.66,28.087,840,6,0,3031,40.7882,40.8756,17.7242
47.934,10.7998,0,10.7998,9.66,28.087,1720,26,0,3033,40.8127,40.9001,17.7216
47.9399,0.910957,0,0.910957,9.64,28.0379,150,0,0,3033,40.8127,40.9001,17.7203
47.9677,7.00503,0,7.00503,9.64,28.0379,948,45,0,3034,40.8256,40.913,17.7191
48.4316,458.935,449.904,9.0308,9.62,27.9888,102845,1379,0,3035,40.7657,40.8593,17.7191
48.4373,0.396893,0,0.396893,9.6,39.6249,38,0,0,3035,40.7657,40.8593,17.7178
48.4676,10.0663,0,10.0663,9.6,39.6249,1253,24,0,3037,40.783,40.8765,17.7165
48.4769,5.11093,0,5.11093,9.58,39.5443,706,30,0,3038,40.7854,40.8789,17.7139
48.4979,6.34175,0,6.34175,9.58,39.5443,933,2,0,3039,40.7868,40.8802,17.7139
48.5142,12.9144,0,12.9144,9.56,39.4638,1826,47,0,3041,40.8182,40.9115,17.7114
48.5338,10.7668,0,10.7668,9.56,39.4638,1613,48,0,3043,40.8426,40.9359,17.7088
48.5388,0.700038,0,0.700038,9.54,39.3833,56,0,0,3043,40.8426,40.9359,17.7076
48.566,8.53019,0,8.53019,9.54,39.3833,1021,22,0,3044,40.862,40.9553,17.7076
48.5717,0.989632,0,0.989632,9.52,39.3028,56,0,0,3044,40.862,40.9553,17.7063
48.5958,5.4383,0,5.4383,9.52,39.3028,588,0,0,3046,40.8529,40.9462,17.705
48.6068,7.35821,0,7.35821,9.5,39.2223,1086,38,0,3047,40.873,40.9662,17.7025
48.622,0.797047,0,0.797047,9.5,39.2223,66,0,0,3047,40.873,40.9662,17.7025
48.6378,12.144,0,12.144,9.48,39.1418,1535,29,0,3049,40.9,40.9931,17.7012
48.6596,12.3596,0,12.3596,9.48,39.1418,1744,15,0,3051,40.9282,41.0213,17.6987
48.6688,5.48647,0,5.48647,9.46,39.0612,776,36,0,3052,40.9381,41.0311,17.6961
48.6932,8.00244,0,8.00244,9.46,39.0612,1096,44,0,3053,40.9564,41.0495,17.6949
48.6971,0.215142,0,0.215142,9.44,38.9807,66,0,0,3053,40.9564,41.0495,17.6949
48.7236,5.01541,0,5.01541,9.44,38.9807,606,2,0,3054,40.9607,41.0537,17.6949
48.7358,8.50982,0,8.50982,9.42,38.9002,1066,10,0,3055,40.98,41.073,17.6936
48.7612,12.1965,0,12.1965,9.42,38.9002,1596,48,0,3057,41.0033,41.0962,17.6911
48.7682,3.0186,0,3.0186,9.4,33.1035,426,0,0,3058,41,41.0929,17.6885
48.7925,5.64978,0,5.64978,9.4,33.1035,706,21,0,3059,41.0075,41.1004,17.6873
48.804,7.71449,0,7.71449,9.38,33.0289,916,16,0,3060,41.0219,41.1147,17.686
48.8237,5.87162,0,5.87162,9.38,33.0289,846,5,0,3062,41.0206,41.1133,17.6847
48.8325,4.86071,0,4.86071,9.36,32.9542,526,25,0,3063,41.0222,41.1149,17.6835
48.8514,2.1105,0,2.1105,9.36,32.9542,206,0,0,3063,41.0222,41.1149,17.6822
48.8589,3.63425,0,3.63425,9.34,32.8798,251,0,0,3064,41.0277,41.1204,17.6822
48.8849,7.96496,0,7.96496,9.34,32.8798,936,2,0,3065,41.0437,41.1364,17.6809
48.8986,10.0527,0,10.0527,9.32,38.5264,1418,26,0,3067,41.061,41.1536,17.6784
48.9218,11.4694,0,11.4694,9.32,38.5264,1598,9,0,3069,41.0841,41.1766,17.6759
48.9385,12.6353,0,12.6353,9.3,32.7311,1568,56,0,3071,41.1062,41.1986,17.6734
48.9508,3.2988,0,3.2988,9.3,32.7311,468,0,0,3072,41.1058,41.1982,17.6709
48.9605,5.99514,0,5.99514,9.28,32.6567,848,25,0,3073,41.1178,41.2102,17.6709
48.9765,0.236677,0,0.236677,9.28,32.6567,68,0,0,3073,41.1178,41.2102,17.6696
48.9856,5.20804,0,5.20804,9.26,32.5823,838,25,0,3075,41.1161,41.2085,17.6683
49.007,5.08813,0,5.08813,9.26,32.5823,648,3,0,3076,41.1216,41.2139,17.6671
49.0181,7.26065,0,7.26065,9.24,32.508,908,12,0,3077,41.1358,41.2281,17.6646
49.043,11.398,0,11.398,9.24,32.508,1352,22,0,3079,41.1517,41.2439,17.6633
49.0525,4.52895,0,4.52895,9.22,32.4337,760,43,0,3080,41.161,41.2532,17.6608
49.0795,10.9606,0,10.9606,9.22,32.4337,1583,76,0,3082,41.1849,41.2771,17.6595
49.0901,6.43358,0,6.43358,9.2,32.3595,906,32,0,3083,41.1992,41.2913,17.657
49.1148,9.52877,0,9.52877,9.2,32.3595,1380,35,0,3085,41.2152,41.3073,17.6558
49.1283,9.03452,0,9.03452,9.18,32.2854,1028,18,0,3087,41.2303,41.3223,17.6533
49.1411,0.334202,0,0.334202,9.18,32.2854,62,0,0,3087,41.2303,41.3223,17.652
49.152,6.0448,0,6.0448,9.16,32.2113,762,18,0,3088,41.2396,41.3316,17.652
49.1716,4.12611,0,4.12611,9.16,32.2113,552,3,0,3089,41.2409,41.3328,17.6495
49.181,5.24842,0,5.24842,9.14,32.1373,786,18,0,3090,41.2463,41.3382,17.6483
49.2057,9.36491,0,9.36491,9.14,32.1373,1267,42,0,3092,41.2587,41.3506,17.647
49.2178,6.95054,0,6.95054,9.12,32.0633,902,34,0,3093,41.2726,41.3644,17.6445
49.2319,0.359183,0,0.359183,9.12,32.0633,62,0,0,3093,41.2726,41.3644,17.6445
49.2443,8.25144,0,8.25144,9.1,31.9894,1182,7,0,3095,41.2821,41.3738,17.6433
49.2572,0.518644,0,0.518644,9.1,31.9894,62,0,0,3095,41.2821,41.3738,17.642
49.2672,5.3429,0,5.3429,9.08,31.9154,802,28,0,3096,41.2926,41.3844,17.642
49.2896,6.56457,0,6.56457,9.08,31.9154,702,25,0,3097,41.3,41.3917,17.6408
49.2988,4.8132,0,4.8132,9.06,31.8414,622,9,0,3098,41.3047,41.3964,17.6395
49.323,7.83328,0,7.83328,9.06,31.8414,1092,9,0,3100,41.3113,41.4029,17.637
49.3395,12.0172,0,12.0172,9.04,31.7675,1652,33,0,3102,41.3359,41.4275,17.6345
49.356,7.44526,0,7.44526,9.04,31.7675,982,12,0,3104,41.3389,41.4304,17.6321
49.3612,0.728239,0,0.728239,9.02,31.6935,62,0,0,3104,41.3389,41.4304,17.6308
49.3864,4.81703,0,4.81703,9.02,31.6935,672,20,0,3105,41.3452,41.4367,17.6308
49.3911,0.150469,0,0.150469,9,31.6195,62,0,0,3105,41.3452,41.4367,17.6296
49.4194,7.23241,0,7.23241,9,31.6195,1022,10,0,3107,41.3495,41.4409,17.6283
49.4315,7.53684,0,7.53684,8.98,31.5456,1032,36,0,3108,41.3674,41.4588,17.6271
49.4527,7.535,0,7.535,8.98,31.5456,1082,29,0,3109,41.3869,41.4783,17.6258
49.4581,0.742832,0,0.742832,8.96,31.4716,62,0,0,3109,41.3869,41.4783,17.6246
49.4899,11.3379,0,11.3379,8.96,31.4716,1772,45,0,3111,41.4153,41.5066,17.6234
49.5003,4.77696,0,4.77696,8.94,31.3976,652,0,0,3112,41.421,41.5122,17.6209
49.5192,3.86949,0,3.86949,8.94,31.3976,296,0,0,3113,41.4208,41.512,17.6209
49.5358,11.9617,0,11.9617,8.92,31.3236,1489,16,0,3115,41.4401,41.5313,17.6184
49.5527,7.24244,0,7.24244,8.92,31.3236,1014,38,0,3116,41.4573,41.5485,17.6172
49.5677,10.3825,0,10.3825,8.9,31.2497,1294,26,0,3118,41.4702,41.5613,17.6147
49.5849,6.16174,0,6.16174,8.9,31.2497,907,20,0,3119,41.4854,41.5765,17.6122
49.5973,7.8891,0,7.8891,8.88,31.1757,949,19,0,3120,41.5019,41.5929,17.6122
49.616,4.9688,0,4.9688,8.88,31.1757,684,16,0,3121,41.5085,41.5995,17.6097
49.6282,7.71908,0,7.71908,8.86,31.1017,1147,14,0,3122,41.5304,41.6214,17.6097
49.6462,4.18864,0,4.18864,8.86,31.1017,572,4,0,3123,41.5335,41.6244,17.6073
49.6568,6.0193,0,6.0193,8.84,31.0278,794,15,0,3124,41.5435,41.6344,17.606
49.6821,9.57161,0,9.57161,8.84,31.0278,1544,26,0,3126,41.5643,41.6552,17.6048
49.6999,13.189,0,13.189,8.82,30.9538,1894,43,0,3128,41.5962,41.687,17.6023
49.7117,3.4936,0,3.4936,8.82,30.9538,394,0,0,3129,41.5935,41.6842,17.5999
49.726,9.58665,0,9.58665,8.8,30.8798,1152,13,0,3131,41.6078,41.6985,17.5986
49.747,8.93839,0,8.93839,8.8,30.8798,1388,7,0,3133,41.6234,41.714,17.5962
49.7603,8.73437,0,8.73437,8.78,30.8059,1003,36,0,3135,41.6322,41.7228,17.5937
49.7804,7.22899,0,7.22899,8.78,30.8059,733,8,0,3136,41.6435,41.7341,17.5925
49.7921,6.97609,0,6.97609,8.76,30.7319,962,20,0,3137,41.6586,41.7491,17.59
49.8213,14.5699,0,14.5699,8.76,30.7319,1978,23,0,3139,41.6939,41.7843,17.5888
49.8335,6.13676,0,6.13676,8.74,30.6579,502,5,0,3140,41.7003,41.7908,17.5864
49.8486,1.59449,0,1.59449,8.74,30.6579,292,0,0,3141,41.694,41.7845,17.5864
49.8578,4.40797,0,4.40797,8.72,30.5839,552,9,0,3142,41.6941,41.7845,17.5851
49.8823,7.26414,0,7.26414,8.72,30.5839,1082,0,0,3143,41.713,41.8034,17.5839
49.897,9.77028,0,9.77028,8.7,30.51,1188,31,0,3145,41.7234,41.8137,17.5815
49.9215,12.634,0,12.634,8.7,30.51,1445,29,0,3147,41.7461,41.8364,17.579
49.933,5.23447,0,5.23447,8.68,30.436,652,0,0,3148,41.751,41.8412,17.5766
49.955,7.54439,0,7.54439,8.68,30.436,912,2,0,3149,41.7641,41.8542,17.5753
49.9663,5.06362,0,5.06362,8.66,30.362,772,14,0,3150,41.7727,41.8629,17.5753
49.9948,13.5509,0,13.5509,8.66,30.362,1112,12,0,3152,41.7789,41.869,17.5729
50.0056,2.04312,0,2.04312,8.64,30.2881,82,0,0,3152,41.7789,41.869,17.5717
50.0394,14.0697,0,14.0697,8.64,30.2881,1332,29,0,3154,41.792,41.8821,17.5705
50.0657,14.6159,0,14.6159,8.62,30.2141,1710,72,0,3156,41.8175,41.9075,17.568
50.0845,10.778,0,10.778,8.6,30.1401,1392,28,0,3158,41.8325,41.9224,17.5656
50.1038,9.63108,0,9.63108,8.6,30.1401,1532,4,0,3160,41.8519,41.9418,17.5631
50.1103,1.64863,0,1.64863,8.58,30.0662,89,0,0,3160,41.8519,41.9418,17.5619
50.134,3.7707,0,3.7707,8.58,30.0662,455,4,0,3161,41.8557,41.9456,17.5607
50.1414,2.30897,0,2.30897,8.56,29.9922,412,0,0,3162,41.8529,41.9428,17.5595
50.169,7.47277,0,7.47277,8.56,29.9922,722,9,0,3163,41.8571,41.9469,17.5595
50.1839,9.30878,0,9.30878,8.54,29.9182,1162,7,0,3164,41.8777,41.9674,17.5583
50.2042,7.88904,0,7.88904,8.54,29.9182,1026,11,0,3165,41.8942,41.9839,17.5571
50.2213,11.3674,0,11.3674,8.52,29.8442,1366,8,0,3167,41.9157,42.0054,17.5546
50.2387,7.08536,0,7.08536,8.52,29.8442,1004,3,0,3168,41.9315,42.0211,17.5534
50.2576,13.5184,0,13.5184,8.5,29.7703,1642,36,0,3170,41.9562,42.0457,17.551
50.2742,8.48075,0,8.48075,8.5,29.7703,1109,19,0,3171,41.9751,42.0646,17.5498
50.2913,11.8168,0,11.8168,8.48,29.6963,1576,19,0,3173,41.9956,42.0851,17.5474
50.3023,1.20449,0,1.20449,8.48,29.6963,156,0,0,3173,41.9956,42.0851,17.5461
50.3085,0.559194,0,0.559194,8.46,29.6223,86,0,0,3173,41.9956,42.0851,17.5461
50.341,11.4773,0,11.4773,8.46,29.6223,1616,9,0,3175,42.0173,42.1068,17.5449
50.3574,11.0506,0,11.0506,8.44,29.5484,1526,13,0,3177,42.0362,42.1256,17.5425
50.3752,7.00603,0,7.00603,8.44,29.5484,806,1,0,3178,42.0456,42.135,17.5401
50.3873,6.40078,0,6.40078,8.42,29.4744,906,9,0,3179,42.0582,42.1475,17.5401
50.4081,5.94854,0,5.94854,8.42,29.4744,746,6,0,3180,42.0635,42.1528,17.5377
50.4269,12.9332,0,12.9332,8.4,29.4004,1790,9,0,3182,42.0908,42.1801,17.5365
50.4468,11.6119,0,11.6119,8.4,29.4004,1568,42,0,3184,42.1109,42.2001,17.5341
50.4576,4.85713,0,4.85713,8.38,29.3264,610,8,0,3185,42.1143,42.2035,17.5329
50.479,6.21619,0,6.21619,8.38,29.3264,818,5,0,3186,42.1246,42.2137,17.5304
50.4946,9.47474,0,9.47474,8.36,29.2525,1265,11,0,3188,42.1355,42.2246,17.5292
50.5161,10.9084,0,10.9084,8.36,29.2525,1520,10,0,3190,42.1542,42.2433,17.5268
50.5287,7.39235,0,7.39235,8.34,26.244,906,6,0,3191,42.1677,42.2567,17.5244
50.5473,6.62405,0,6.62405,8.34,26.244,882,10,0,3192,42.1811,42.2701,17.5232
50.5612,8.73815,0,8.73815,8.32,26.1781,1016,11,0,3194,42.1885,42.2774,17.522
50.5818,9.90171,0,9.90171,8.32,26.1781,1292,2,0,3196,42.2015,42.2904,17.5196
50.5944,7.37566,0,7.37566,8.3,26.1122,932,6,0,3197,42.2165,42.3053,17.5184
50.613,6.5401,0,6.5401,8.3,26.1122,764,0,0,3198,42.2189,42.3077,17.516
50.6243,6.16354,0,6.16354,8.28,26.0465,780,11,0,3199,42.2307,42.3195,17.5148
50.6446,7.03025,0,7.03025,8.28,26.0465,570,2,0,3201,42.2309,42.3196,17.5136
50.6577,7.76709,0,7.76709,8.26,25.9807,972,0,0,3202,42.247,42.3357,17.5124
50.6756,6.28339,0,6.28339,8.26,25.9807,832,23,0,3203,42.2588,42.3475,17.51
50.6914,11.4866,0,11.4866,8.24,25.9151,1327,12,0,3205,42.2746,42.3632,17.5088
50.7087,7.16511,0,7.16511,8.24,25.9151,1070,1,0,3206,42.2941,42.3827,17.5076
50.7197,6.77178,0,6.77178,8.22,25.8495,860,2,0,3207,42.3068,42.3954,17.5052
50.74,5.50606,0,5.50606,8.22,25.8495,740,13,0,3208,42.3158,42.4043,17.5052
50.7496,5.34812,0,5.34812,8.2,25.7839,700,1,0,3209,42.3235,42.412,17.504
50.7743,8.34839,0,8.34839,8.2,25.7839,1000,1,0,3210,42.3405,42.429,17.5028
50.7904,11.4616,0,11.4616,8.18,25.7184,1570,16,0,3212,42.3621,42.4505,17.5005
50.805,4.31036,0,4.31036,8.18,25.7184,580,0,0,3213,42.366,42.4544,17.4993
50.8126,3.28588,0,3.28588,8.16,25.653,290,0,0,3214,42.3693,42.4577,17.4981
50.8375,6.65056,0,6.65056,8.16,25.653,670,13,0,3215,42.3764,42.4647,17.4969
50.8428,1.05127,0,1.05127,8.14,25.5877,30,0,0,3215,42.3764,42.4647,17.4957
50.8653,1.86693,0,1.86693,8.14,25.5877,30,0,0,3215,42.3764,42.4647,17.4957
50.8718,2.22357,0,2.22357,8.12,25.5224,90,0,0,3215,42.3764,42.4647,17.4957
50.8932,1.84408,0,1.84408,8.12,25.5224,30,0,0,3215,42.3764,42.4647,17.4957
50.9045,7.07059,0,7.07059,8.1,25.4571,762,1,0,3216,42.3846,42.4729,17.4945
50.9192,0.535469,0,0.535469,8.1,25.4571,32,0,0,3216,42.3846,42.4729,17.4945
50.9322,8.08692,0,8.08692,8.08,25.3918,917,1,0,3217,42.3998,42.488,17.4933
50.9454,1.17975,0,1.17975,8.08,25.3918,32,0,0,3217,42.3998,42.488,17.4933
50.9574,6.30782,0,6.30782,8.06,25.3266,692,8,0,3218,42.4071,42.4953,17.4921
50.9767,6.41846,0,6.41846,8.06,25.3266,632,14,0,3219,42.4135,42.5017,17.4909
50.9937,11.285,0,11.285,8.04,25.2613,1482,3,0,3221,42.4322,42.5203,17.4897
51.0168,15.0008,0,15.0008,8.04,25.2613,1596,13,0,3223,42.4549,42.543,17.4874
51.0261,3.78,0,3.78,8.02,25.196,542,1,0,3224,42.4575,42.5456,17.4862
51.0495,8.03938,0,8.03938,8.02,25.196,792,20,0,3225,42.4729,42.5609,17.4838
51.0624,7.32096,0,7.32096,8,25.1308,1022,36,0,3227,42.4772,42.5652,17.4826
51.0803,6.1156,0,6.1156,8,25.1308,562,16,0,3228,42.4805,42.5685,17.4814
51.9123,825.258,817.792,7.46598,7.98,25.0655,186545,1338,0,3229,42.2338,42.3605,17.4802
51.9201,3.02445,0,3.02445,7.96,25.0002,558,0,0,3230,42.2372,42.3638,17.479
51.9513,13.9709,0,13.9709,7.96,25.0002,2008,47,0,3232,42.2723,42.3988,17.4767
51.9601,5.06747,0,5.06747,7.94,24.935,818,34,0,3233,42.2836,42.4101,17.4743
51.9906,14.0087,0,14.0087,7.94,24.935,1928,38,0,3235,42.3162,42.4427,17.4731
51.999,4.50215,0,4.50215,7.92,24.8697,558,6,0,3236,42.3195,42.4459,17.4708
52.0239,7.63927,0,7.63927,7.92,24.8697,1098,31,0,3237,42.3395,42.4659,17.4696
52.0281,0.42148,0,0.42148,7.9,24.8044,28,0,0,3237,42.3395,42.4659,17.4696
52.0536,4.16943,0,4.16943,7.9,24.8044,390,0,0,3238,42.3391,42.4654,17.4684
52.0645,7.07526,0,7.07526,7.88,24.7392,1008,16,0,3239,42.3563,42.4826,17.4672
52.0799,0.840099,0,0.840099,7.88,24.7392,28,0,0,3239,42.3563,42.4826,17.4672
52.0973,13.8229,0,13.8229,7.86,24.6739,1926,51,0,3241,42.3894,42.5156,17.466
52.1218,16.5943,0,16.5943,7.86,24.6739,2307,54,0,3243,42.4345,42.5606,17.4637
52.1308,4.95488,0,4.95488,7.84,24.6086,678,6,0,3244,42.439,42.565,17.4613
52.1564,8.88439,0,8.88439,7.84,24.6086,1034,17,0,3245,42.4555,42.5815,17.4601
52.1659,5.22826,0,5.22826,7.82,24.5434,798,26,0,3246,42.4661,42.5921,17.4589
52.1844,2.38667,0,2.38667,7.82,24.5434,28,0,0,3246,42.4661,42.5921,17.4589
52.198,9.32694,0,9.32694,7.8,24.4781,638,0,0,3247,42.4718,42.5978,17.4578
52.218,7.91573,0,7.91573,7.8,24.4781,1068,21,0,3248,42.4905,42.6164,17.4566
52.2323,9.77274,0,9.77274,7.78,24.4128,542,6,0,3249,42.5029,42.6288,17.4554
52.2519,8.02797,0,8.02797,7.78,24.4128,986,15,0,3250,42.52,42.6458,17.4554
52.2637,6.75169,0,6.75169,7.76,24.3476,518,0,0,3251,42.522,42.6478,17.4531
52.2831,4.91749,0,4.91749,7.76,24.3476,462,0,0,3252,42.5271,42.6528,17.4519
52.2963,8.1861,0,8.1861,7.74,24.2823,828,29,0,3253,42.5386,42.6643,17.4507
52.3188,9.43587,0,9.43587,7.74,24.2823,1328,23,0,3255,42.5524,42.678,17.4495
52.3359,11.4931,0,11.4931,7.72,24.217,1478,3,0,3257,42.5708,42.6963,17.4472
52.3466,0.862537,0,0.862537,7.72,24.217,32,0,0,3257,42.5708,42.6963,17.446
52.3632,11.8251,0,11.8251,7.7,24.1518,1102,30,0,3259,42.5796,42.7051,17.4448
52.3774,4.61683,0,4.61683,7.7,24.1518,738,16,0,3260,42.5883,42.7138,17.4425
52.3869,5.53267,0,5.53267,7.68,24.0865,478,2,0,3261,42.5891,42.7145,17.4413
52.4113,8.40653,0,8.40653,7.68,24.0865,1118,9,0,3263,42.5964,42.7217,17.4401
52.4212,5.6919,0,5.6919,7.66,24.0212,708,0,0,3264,42.6042,42.7295,17.4378
52.4485,11.3389,0,11.3389,7.66,24.0212,1508,16,0,3266,42.6234,42.7486,17.4366
52.4592,6.56966,0,6.56966,7.64,23.9559,908,23,0,3267,42.6373,42.7625,17.4355
52.4754,1.16438,0,1.16438,7.64,23.9559,28,0,0,3267,42.6373,42.7625,17.4343
52.49,10.1919,0,10.1919,7.62,23.8907,1258,6,0,3269,42.6571,42.7822,17.4331
52.5016,0.147187,0,0.147187,7.62,23.8907,28,0,0,3269,42.6571,42.7822,17.432
52.5127,7.01381,0,7.01381,7.6,23.8254,988,11,0,3270,42.6734,42.7985,17.432
52.533,6.87299,0,6.87299,7.6,23.8254,908,28,0,3271,42.6873,42.8123,17.4296
52.5383,0.140572,0,0.140572,7.58,23.7601,36,0,0,3271,42.6873,42.8123,17.4296
52.5597,2.08073,0,2.08073,7.58,23.7601,56,0,0,3271,42.6873,42.8123,17.4296
52.5733,8.60419,0,8.60419,7.56,23.6949,1316,9,0,3273,42.7003,42.8252,17.4285
52.5945,10.343,0,10.343,7.56,23.6949,1346,6,0,3275,42.7142,42.8391,17.4261
52.6149,15.2298,0,15.2298,7.54,23.6296,2066,5,0,3277,42.7498,42.8746,17.4238
52.6248,5.19541,0,5.19541,7.52,23.5643,517,0,0,3278,42.7526,42.8774,17.4226
52.6441,3.16945,0,3.16945,7.52,23.5643,466,0,0,3278,42.7526,42.8774,17.4215
52.649,0.472593,0,0.472593,7.5,23.4991,46,0,0,3278,42.7526,42.8774,17.4215
52.671,0.689837,0,0.689837,7.5,23.4991,46,0,0,3278,42.7526,42.8774,17.4215
52.6857,10.1,0,10.1,7.48,23.4338,1370,45,0,3280,42.7671,42.8918,17.4203
52.7011,3.86473,0,3.86473,7.48,23.4338,546,19,0,3281,42.7693,42.8939,17.4191
52.7139,8.11568,0,8.11568,7.46,23.3685,1026,10,0,3283,42.7731,42.8977,17.4168
52.7314,5.22096,0,5.22096,7.46,23.3685,592,0,0,3284,42.782,42.9065,17.4145
52.7452,8.14418,0,8.14418,7.44,23.3033,1056,6,0,3285,42.7997,42.9242,17.4145
52.7582,1.75807,0,1.75807,7.44,23.3033,46,0,0,3285,42.7997,42.9242,17.4133
52.7695,5.82147,0,5.82147,7.42,23.238,846,5,0,3286,42.811,42.9355,17.4133
52.7895,6.57222,0,6.57222,7.42,23.238,856,1,0,3287,42.8226,42.9471,17.4122
52.7988,3.59089,0,3.59089,7.4,23.1727,506,2,0,3288,42.8236,42.948,17.4098
52.8195,4.87048,0,4.87048,7.4,23.1727,576,0,0,3289,42.8267,42.951,17.4087
52.8382,14.3084,0,14.3084,7.38,23.1075,1976,23,0,3291,42.8593,42.9836,17.4075
52.851,5.70326,0,5.70326,7.38,23.1075,916,31,0,3292,42.8727,42.997,17.4064
52.8677,12.5366,0,12.5366,7.36,23.0422,1706,17,0,3294,42.8971,43.0213,17.404
52.8811,4.33598,0,4.33598,7.36,23.0422,606,8,0,3295,42.9011,43.0252,17.4017
52.8867,1.06217,0,1.06217,7.34,22.9769,56,0,0,3295,42.9011,43.0252,17.4017
52.9126,5.20924,0,5.20924,7.34,22.9769,656,0,0,3296,42.9066,43.0306,17.4006
52.9216,4.65937,0,4.65937,7.32,22.9117,508,0,0,3297,42.9114,43.0355,17.4006
52.9414,2.78908,0,2.78908,7.32,22.9117,249,2,0,3298,42.9099,43.034,17.3983
52.9568,11.0194,0,11.0194,7.3,22.8464,1539,3,0,3300,42.9303,43.0542,17.3971
52.9684,0.946495,0,0.946495,7.3,22.8464,86,0,0,3300,42.9303,43.0542,17.3959
52.9848,11.764,0,11.764,7.28,22.7811,1776,22,0,3302,42.9564,43.0803,17.3948
53.002,7.51019,0,7.51019,7.28,22.7811,1016,1,0,3304,42.9594,43.0832,17.3925
53.0116,5.27574,0,5.27574,7.26,22.7159,540,3,0,3305,42.964,43.0877,17.3913
53.0292,1.54715,0,1.54715,7.26,22.7159,266,0,0,3305,42.964,43.0877,17.3902
53.0391,5.18669,0,5.18669,7.24,22.6506,568,12,0,3306,42.9667,43.0904,17.389
53.065,10.9664,0,10.9664,7.24,22.6506,1656,20,0,3308,42.9891,43.1128,17.3879
53.0729,2.38403,0,2.38403,7.22,22.5853,135,0,0,3308,42.9891,43.1128,17.3867
53.0986,8.967,0,8.967,7.22,22.5853,1176,8,0,3310,42.997,43.1205,17.3856
53.1054,1.21851,0,1.21851,7.2,22.5201,82,0,0,3310,42.997,43.1205,17.3844
53.1281,3.69523,0,3.69523,7.2,22.5201,326,2,0,3311,42.9921,43.1157,17.3844
53.1365,3.60631,0,3.60631,7.18,22.4548,566,0,0,3312,42.99,43.1135,17.3821
53.1554,2.24599,0,2.24599,7.18,22.4548,126,0,0,3312,42.99,43.1135,17.3821
53.165,3.95106,0,3.95106,7.16,22.3895,360,2,0,3313,42.9891,43.1126,17.3821
53.1818,1.53528,0,1.53528,7.16,22.3895,56,0,0,3313,42.9891,43.1126,17.381
53.1932,6.42787,0,6.42787,7.14,22.3243,856,23,0,3314,43.0003,43.1237,17.381
53.2122,3.76166,0,3.76166,7.14,22.3243,496,5,0,3315,43.0006,43.124,17.3798
53.225,7.519,0,7.519,7.12,22.259,786,7,0,3316,43.0093,43.1327,17.3787
53.2417,2.63706,0,2.63706,7.12,22.259,476,0,0,3317,43.0087,43.132,17.3764
53.2533,7.03704,0,7.03704,7.1,22.1937,926,8,0,3318,43.0217,43.145,17.3764
53.2716,3.69597,0,3.69597,7.1,22.1937,470,1,0,3319,43.0211,43.1443,17.3752
53.8388,562.46,555.951,6.50974,7.08,22.1284,151589,465,0,3320,42.8741,43.0331,17.3741
53.8507,6.25009,0,6.25009,7.06,22.0632,886,2,0,3321,42.8859,43.0449,17.3718
53.8751,9.94116,0,9.94116,7.06,22.0632,1486,26,0,3323,42.9028,43.0617,17.3706
53.884,4.30261,0,4.30261,7.04,21.9979,668,2,0,3324,42.9079,43.0668,17.3695
53.9069,5.48715,0,5.48715,7.04,21.9979,718,7,0,3325,42.9146,43.0734,17.3683
53.9193,7.64554,0,7.64554,7.02,21.9326,1278,3,0,3327,42.9252,43.0839,17.3661
53.942,8.65246,0,8.65246,7.02,21.9326,1368,9,0,3329,42.9384,43.097,17.3638
53.9545,8.02185,0,8.02185,7,21.8674,1008,9,0,3330,42.9538,43.1123,17.3615
53.9742,6.04813,0,6.04813,7,21.8674,818,16,0,3331,42.9634,43.1219,17.3615
53.9948,16.0589,0,16.0589,6.98,21.8021,1572,18,0,3333,42.9829,43.1413,17.3592
54.0054,4.55495,0,4.55495,6.96,21.7368,572,1,0,3334,42.9853,43.1437,17.3581
54.028,6.24366,0,6.24366,6.96,21.7368,656,3,0,3336,42.979,43.1373,17.3558
54.0374,4.78685,0,4.78685,6.94,21.6716,682,6,0,3337,42.9847,43.1429,17.3546
54.055,0.507125,0,0.507125,6.94,21.6716,62,0,0,3337,42.9847,43.1429,17.3535
54.0611,1.12263,0,1.12263,6.92,21.6063,82,0,0,3337,42.9847,43.1429,17.3535
54.0871,6.61645,0,6.61645,6.92,21.6063,562,1,0,3338,42.9868,43.145,17.3523
54.0948,1.63864,0,1.63864,6.9,21.541,182,0,0,3338,42.9868,43.145,17.3523
54.1264,13.7488,0,13.7488,6.9,21.541,1732,28,0,3340,43.0111,43.1692,17.3512
54.1324,0.223833,0,0.223833,6.88,21.4758,62,0,0,3340,43.0111,43.1692,17.3501
54.1568,4.21929,0,4.21929,6.88,21.4758,742,0,0,3341,43.0186,43.1766,17.3501
54.1651,3.68732,0,3.68732,6.86,21.4105,422,8,0,3342,43.0165,43.1744,17.3489
54.1933,10.3818,0,10.3818,6.86,21.4105,1552,38,0,3344,43.0353,43.1932,17.3467
54.2016,3.34276,0,3.34276,6.84,21.3452,442,0,0,3345,43.0338,43.1916,17.3455
54.2281,8.15786,0,8.15786,6.84,21.3452,1174,23,0,3346,43.0535,43.2113,17.3444
54.2378,5.01454,0,5.01454,6.82,21.28,682,0,0,3347,43.0592,43.2169,17.3432
54.2632,8.64911,0,8.64911,6.82,21.28,1182,15,0,3349,43.0684,43.226,17.341
54.2682,0.249525,0,0.249525,6.8,21.2147,62,0,0,3349,43.0684,43.226,17.3398
54.2946,4.93581,0,4.93581,6.8,21.2147,562,0,0,3350,43.0704,43.2281,17.3387
54.3142,14.6969,0,14.6969,6.78,21.1494,1472,13,0,3352,43.0868,43.2443,17.3376
54.3214,0.826824,0,0.826824,6.78,21.1494,62,0,0,3352,43.0868,43.2443,17.3364
54.3272,1.20751,0,1.20751,6.76,21.0842,62,0,0,3352,43.0868,43.2443,17.3364
54.3526,4.88497,0,4.88497,6.76,21.0842,782,25,0,3353,43.0954,43.2529,17.3364
54.3613,3.92906,0,3.92906,6.74,21.0189,592,5,0,3354,43.0972,43.2546,17.3353
54.387,8.00061,0,8.00061,6.74,21.0189,1112,3,0,3355,43.1142,43.2715,17.333
54.3961,4.4981,0,4.4981,6.72,20.9536,692,1,0,3356,43.1198,43.2771,17.3319
54.4198,6.42649,0,6.42649,6.72,20.9536,1002,7,0,3358,43.1218,43.279,17.3308
54.4338,9.15344,0,9.15344,6.7,20.8884,952,32,0,3359,43.1352,43.2923,17.3285
54.4587,12.451,0,12.451,6.7,20.8884,1829,13,0,3361,43.1642,43.3213,17.3274
54.4739,9.29131,0,9.29131,6.68,20.8231,840,11,0,3362,43.174,43.3311,17.3251
54.4908,5.06633,0,5.06633,6.68,20.8231,770,0,0,3363,43.1817,43.3387,17.3251
54.5106,13.8084,0,13.8084,6.66,20.7578,1530,11,0,3365,43.1991,43.356,17.3229
54.5185,0.696117,0,0.696117,6.66,20.7578,80,0,0,3365,43.1991,43.356,17.3217
54.5356,12.2321,0,12.2321,6.64,20.6926,1210,5,0,3367,43.207,43.3638,17.3206
54.5458,0.577209,0,0.577209,6.64,20.6926,80,0,0,3367,43.207,43.3638,17.3195
54.5553,4.60635,0,4.60635,6.62,20.6273,720,12,0,3368,43.2132,43.37,17.3183
54.5812,10.1322,0,10.1322,6.62,20.6273,1460,9,0,3370,43.2285,43.3852,17.3172
54.5883,1.10688,0,1.10688,6.6,20.562,80,0,0,3370,43.2285,43.3852,17.3161
54.6145,8.10369,0,8.10369,6.6,20.562,1242,9,0,3372,43.2396,43.3962,17.315
54.6235,3.09856,0,3.09856,6.58,20.4968,400,14,0,3373,43.2363,43.3928,17.3138
54.6444,4.43206,0,4.43206,6.58,20.4968,670,3,0,3374,43.241,43.3975,17.3127
54.6567,6.29588,0,6.29588,6.56,20.4315,850,0,0,3376,43.2382,43.3945,17.3105
54.6752,5.45847,0,5.45847,6.56,20.4315,770,3,0,3377,43.2458,43.4021,17.3093
54.6822,1.10385,0,1.10385,6.54,20.3662,80,0,0,3377,43.2458,43.4021,17.3082
54.7059,5.21676,0,5.21676,6.54,20.3662,437,0,0,3378,43.2519,43.4082,17.3082
54.7176,5.53484,0,5.53484,6.52,20.3009,800,8,0,3379,43.2613,43.4176,17.3071
54.7378,6.31263,0,6.31263,6.52,20.3009,872,1,0,3381,43.2588,43.415,17.3049
54.7561,12.2111,0,12.2111,6.5,20.2357,1882,50,0,3383,43.2861,43.4422,17.3026
54.7639,0.681005,0,0.681005,6.5,20.2357,92,0,0,3383,43.2861,43.4422,17.3015
54.7742,5.12575,0,5.12575,6.48,20.1704,1010,4,0,3384,43.3002,43.4563,17.3004
54.7922,1.3853,0,1.3853,6.48,20.1704,210,0,0,3384,43.3002,43.4563,17.3004
54.8087,11.4749,0,11.4749,6.46,20.1051,1678,13,0,3386,43.3213,43.4773,17.2992
54.8254,6.82194,0,6.82194,6.46,20.1051,1030,8,0,3388,43.3232,43.479,17.297
54.8375,6.87663,0,6.87663,6.44,20.0399,1118,18,0,3389,43.3402,43.496,17.2959
54.856,4.0914,0,4.0914,6.44,20.0399,444,0,0,3390,43.3381,43.4938,17.2936
55.4071,545.626,539.408,6.2189,6.42,19.9746,142865,466,0,3391,43.2518,43.4344,17.2936
55.4178,4.79285,0,4.79285,6.4,19.9093,710,1,0,3392,43.2571,43.4396,17.2914
55.4389,6.52915,0,6.52915,6.4,19.9093,1070,10,0,3394,43.2602,43.4425,17.2903
55.4523,7.34447,0,7.34447,6.38,19.8441,1140,21,0,3396,43.2653,43.4476,17.2881
55.4655,1.02954,0,1.02954,6.38,19.8441,100,0,0,3396,43.2653,43.4476,17.2869
55.4767,4.77573,0,4.77573,6.36,19.7788,660,0,0,3397,43.2691,43.4513,17.2869
55.5027,11.7118,0,11.7118,6.36,19.7788,1850,22,0,3399,43.2951,43.4772,17.2847
55.5186,9.84011,0,9.84011,6.34,19.7135,1720,7,0,3401,43.3173,43.4993,17.2825
55.5331,4.74538,0,4.74538,6.34,19.7135,690,5,0,3402,43.3219,43.5038,17.2814
55.5439,4.65702,0,4.65702,6.32,19.6483,800,7,0,3403,43.3297,43.5116,17.2791
55.5696,11.2794,0,11.2794,6.32,19.6483,1750,43,0,3405,43.3527,43.5345,17.278
55.5772,1.34231,0,1.34231,6.3,19.583,192,0,0,3405,43.3527,43.5345,17.2769
55.6018,6.4595,0,6.4595,6.3,19.583,1050,26,0,3406,43.3679,43.5496,17.2769
55.6096,1.67815,0,1.67815,6.28,19.5177,100,0,0,3406,43.3679,43.5496,17.2758
55.6323,4.9619,0,4.9619,6.28,19.5177,790,6,0,3407,43.3754,43.5571,17.2758
55.6447,6.04833,0,6.04833,6.26,19.4525,900,6,0,3408,43.3882,43.5698,17.2736
55.6669,8.81841,0,8.81841,6.26,19.4525,1316,5,0,3410,43.405,43.5865,17.2725
55.6795,6.34797,0,6.34797,6.24,19.3872,1140,0,0,3412,43.41,43.5914,17.2702
55.6969,4.23428,0,4.23428,6.24,19.3872,539,0,0,3413,43.4102,43.5916,17.2691
55.7147,11.587,0,11.587,6.22,19.3219,1760,8,0,3415,43.4334,43.6146,17.2669
55.7282,5.63935,0,5.63935,6.22,19.3219,830,3,0,3416,43.442,43.6232,17.2658
55.7411,6.58232,0,6.58232,6.2,19.2567,770,6,0,3417,43.4472,43.6283,17.2636
55.7602,6.24533,0,6.24533,6.2,19.2567,1090,13,0,3418,43.4634,43.6445,17.2636
55.7771,10.4913,0,10.4913,6.18,16.1578,1760,9,0,3420,43.4854,43.6664,17.2614
55.7882,0.967584,0,0.967584,6.18,16.1578,140,0,0,3420,43.4854,43.6664,17.2603
55.7979,4.54522,0,4.54522,6.16,16.1055,770,7,0,3421,43.4911,43.672,17.2592
55.8166,0.846581,0,0.846581,6.16,16.1055,140,0,0,3421,43.4911,43.672,17.2592
55.8291,6.35699,0,6.35699,6.14,16.0531,1140,21,0,3422,43.5076,43.6885,17.2592
55.8523,8.55272,0,8.55272,6.14,16.0531,1400,21,0,3424,43.519,43.6998,17.257
55.8611,3.32653,0,3.32653,6.12,16.0008,550,4,0,3425,43.5182,43.699,17.2547
55.8936,13.0129,0,13.0129,6.12,16.0008,2150,18,0,3427,43.5515,43.7321,17.2536
55.9065,6.71464,0,6.71464,6.1,15.9485,1000,10,0,3428,43.5607,43.7412,17.2525
55.9276,8.24598,0,8.24598,6.1,15.9485,1307,2,0,3430,43.5752,43.7557,17.2503
56.0297,95.6017,85.9518,9.64989,6.08,15.8962,25800,23,0,3432,43.5842,43.7646,17.2481
56.0409,3.97709,0,3.97709,6.06,15.8439,510,0,0,3433,43.5794,43.7597,17.2459
56.0639,6.90179,0,6.90179,6.06,15.8439,1050,13,0,3434,43.5932,43.7734,17.2448
56.0771,6.4999,0,6.4999,6.04,15.7916,1060,1,0,3435,43.6073,43.7875,17.2437
56.0953,5.62603,0,5.62603,6.04,15.7916,768,3,0,3436,43.6161,43.7963,17.2426
56.113,10.8434,0,10.8434,6.02,15.7393,1930,12,0,3438,43.6428,43.8229,17.2415
56.1317,9.9832,0,9.9832,6.02,15.7393,1530,24,0,3440,43.6578,43.8378,17.2393
56.1426,4.25622,0,4.25622,6,15.687,750,4,0,3441,43.6629,43.8428,17.2371
56.1615,3.78846,0,3.78846,6,15.687,570,4,0,3442,43.6627,43.8425,17.2371
56.1707,2.55288,0,2.55288,5.98,15.6347,390,0,0,3443,43.6573,43.8371,17.236
56.199,10.1783,0,10.1783,5.98,15.6347,1710,8,0,3445,43.6775,43.8572,17.2338
56.2073,1.60322,0,1.60322,5.96,15.5824,170,0,0,3445,43.6775,43.8572,17.2327
56.2311,4.92023,0,4.92023,5.96,15.5824,800,3,0,3446,43.684,43.8636,17.2327
56.2437,5.44285,0,5.44285,5.94,15.5301,790,1,0,3447,43.6902,43.8697,17.2305
56.2672,9.8331,0,9.8331,5.94,15.5301,1620,16,0,3449,43.7077,43.8872,17.2294
56.2803,6.53009,0,6.53009,5.92,15.4779,1060,9,0,3450,43.7217,43.9012,17.2272
56.3009,6.92341,0,6.92341,5.92,15.4779,1030,0,0,3451,43.7349,43.9142,17.2261
56.307,0.92474,0,0.92474,5.9,15.4256,170,0,0,3451,43.7349,43.9142,17.2261
56.3281,0.595812,0,0.595812,5.9,15.4256,140,0,0,3451,43.7349,43.9142,17.2261
56.3411,7.4967,0,7.4967,5.88,15.3733,1149,4,0,3453,43.7423,43.9215,17.2251
56.3625,9.12903,0,9.12903,5.88,15.3733,1383,12,0,3455,43.7531,43.9323,17.2229
56.3747,5.68769,0,5.68769,5.86,15.321,952,2,0,3457,43.7515,43.9306,17.2207
56.3949,6.76937,0,6.76937,5.86,15.321,1030,17,0,3458,43.7646,43.9436,17.2185
56.4077,6.33261,0,6.33261,5.84,15.2687,1030,4,0,3459,43.7777,43.9566,17.2174
56.4298,9.31546,0,9.31546,5.84,15.2687,1307,13,0,3461,43.7894,43.9682,17.2163
56.4411,4.41129,0,4.41129,5.82,15.2164,790,1,0,3462,43.7952,43.974,17.2152
56.4611,4.8011,0,4.8011,5.82,15.2164,780,0,0,3463,43.8008,43.9795,17.213
56.4684,0.707301,0,0.707301,5.8,15.1641,150,0,0,3463,43.8008,43.9795,17.213
56.4948,6.81058,0,6.81058,5.8,15.1641,1090,0,0,3464,43.8152,43.9939,17.212
56.5024,1.11504,0,1.11504,5.78,15.1118,150,0,0,3464,43.8152,43.9939,17.212
56.528,5.78766,0,5.78766,5.78,15.1118,1020,4,0,3465,43.8277,44.0063,17.2109
56.5356,1.05665,0,1.05665,5.76,15.0595,150,0,0,3465,43.8277,44.0063,17.2109
56.56,4.68081,0,4.68081,5.76,15.0595,940,31,0,3466,43.8379,44.0164,17.2098
56.5735,6.92544,0,6.92544,5.74,15.0072,1130,3,0,3467,43.8532,44.0317,17.2087
56.5972,11.6841,0,11.6841,5.74,15.0072,1663,2,0,3469,43.8798,44.0582,17.2076
56.6103,6.48904,0,6.48904,5.72,14.955,658,0,0,3470,43.8859,44.0643,17.2054
56.6342,9.63348,0,9.63348,5.72,14.955,1390,33,0,3472,43.896,44.0743,17.2043
56.6464,6.10846,0,6.10846,5.7,14.9027,1000,0,0,3474,43.8949,44.0731,17.2022
56.674,10.8246,0,10.8246,5.7,14.9027,1695,21,0,3476,43.9148,44.0929,17.2
56.6868,7.0762,0,7.0762,5.68,14.8504,1250,30,0,3477,43.9333,44.1113,17.1989
56.7092,8.00226,0,8.00226,5.68,14.8504,1500,17,0,3478,43.9526,44.1305,17.1967
56.7253,10.3729,0,10.3729,5.66,14.7981,1600,4,0,3480,43.9687,44.1466,17.1956
56.7407,4.4058,0,4.4058,5.66,14.7981,770,3,0,3481,43.9736,44.1514,17.1935
56.7496,2.95427,0,2.95427,5.64,14.7458,570,0,0,3482,43.9727,44.1505,17.1935
56.7748,5.27767,0,5.27767,5.64,14.7458,612,0,0,3483,43.9767,44.1545,17.1913
56.7892,8.68897,0,8.68897,5.62,14.6935,1430,2,0,3485,43.9877,44.1653,17.1902
56.8037,1.76515,0,1.76515,5.62,14.6935,380,18,0,3486,43.9811,44.1586,17.1881
56.8127,3.15625,0,3.15625,5.6,14.6412,610,4,0,3487,43.9811,44.1586,17.1881
56.8393,8.22819,0,8.22819,5.6,14.6412,1480,0,0,3489,43.9934,44.1708,17.1859
56.8486,3.1991,0,3.1991,5.58,14.5889,560,2,0,3490,43.992,44.1693,17.1848
56.8741,7.20838,0,7.20838,5.58,14.5889,1082,3,0,3491,44.01,44.1873,17.1837
56.8851,5.1561,0,5.1561,5.56,14.5366,800,0,0,3492,44.0158,44.193,17.1816
56.9077,6.3803,0,6.3803,5.56,14.5366,850,4,0,3493,44.0229,44.2001,17.1816
57.248,334.395,328.734,5.66139,5.54,14.4843,100577,1070,0,3494,43.9505,44.1368,17.1794
57.2574,3.93336,0,3.93336,5.52,14.4321,470,2,0,3495,43.9505,44.1368,17.1783
57.2775,3.91237,0,3.91237,5.52,14.4321,510,5,0,3496,43.9517,44.1379,17.1773
57.2914,8.17516,0,8.17516,5.5,14.3798,1230,3,0,3498,43.9608,44.1469,17.1762
57.3042,0.831371,0,0.831371,5.5,14.3798,30,0,0,3498,43.9608,44.1469,17.1751
57.3138,5.62265,0,5.62265,5.48,14.3275,930,28,0,3499,43.974,44.16,17.174
57.3362,5.27235,0,5.27235,5.48,14.3275,880,12,0,3500,43.9857,44.1717,17.174
57.3458,5.60948,0,5.60948,5.46,14.2752,910,15,0,3502,43.9857,44.1716,17.1719
57.3665,4.69521,0,4.69521,5.46,14.2752,590,25,0,3504,43.9766,44.1624,17.1697
57.3761,5.1371,0,5.1371,5.44,14.2229,750,29,0,3505,43.9846,44.1703,17.1687
57.3986,5.55551,0,5.55551,5.44,14.2229,606,15,0,3506,43.9937,44.1794,17.1665
57.4095,6.44814,0,6.44814,5.42,14.1706,940,39,0,3507,44.0071,44.1928,17.1654
57.4262,0.540296,0,0.540296,5.42,14.1706,30,0,0,3507,44.0071,44.1928,17.1654
57.4389,8.17568,0,8.17568,5.4,14.1183,1100,0,0,3509,44.0125,44.1981,17.1644
57.4601,7.42578,0,7.42578,5.4,14.1183,1190,0,0,3511,44.0205,44.2059,17.1622
57.4666,1.94404,0,1.94404,5.38,14.066,117,0,0,3511,44.0205,44.2059,17.1611
57.4923,5.31444,0,5.31444,5.38,14.066,740,1,0,3512,44.0282,44.2136,17.1611
57.5007,4.10367,0,4.10367,5.36,14.0137,740,4,0,3513,44.0359,44.2212,17.1601
57.5272,8.06866,0,8.06866,5.36,14.0137,1116,0,0,3515,44.0469,44.2321,17.1579
57.539,7.50173,0,7.50173,5.34,13.9614,1190,39,0,3517,44.0549,44.24,17.1558
57.5656,11.4662,0,11.4662,5.34,13.9614,1836,52,0,3519,44.0816,44.2666,17.1536
57.5827,12.1313,0,12.1313,5.32,13.9092,1876,29,0,3521,44.1108,44.2957,17.1515
57.6023,9.05948,0,9.05948,5.32,13.9092,1318,10,0,3523,44.1235,44.3083,17.1494
57.6143,7.40127,0,7.40127,5.3,13.8569,930,8,0,3524,44.1365,44.3212,17.1472
57.6326,4.06105,0,4.06105,5.3,13.8569,530,22,0,3525,44.1382,44.3228,17.1472
57.6393,1.40629,0,1.40629,5.28,13.8046,78,0,0,3525,44.1382,44.3228,17.1462
57.6692,8.85918,0,8.85918,5.28,13.8046,1288,49,0,3526,44.1523,44.3369,17.1462
57.6836,9.22412,0,9.22412,5.26,13.7523,1490,29,0,3528,44.1687,44.3532,17.144
57.7057,9.2315,0,9.2315,5.26,13.7523,1320,27,0,3530,44.1836,44.368,17.1419
57.7183,6.73262,0,6.73262,5.24,13.7,940,22,0,3531,44.1968,44.3812,17.1408
57.7334,1.77252,0,1.77252,5.24,13.7,250,10,0,3532,44.1905,44.3749,17.1398
57.7439,5.49864,0,5.49864,5.22,13.6477,518,8,0,3533,44.2018,44.3861,17.1376
57.7683,7.48723,0,7.48723,5.22,13.6477,990,4,0,3534,44.2165,44.4007,17.1376
57.781,7.7897,0,7.7897,5.2,13.5954,1180,0,0,3536,44.224,44.4081,17.1355
57.7963,0.798436,0,0.798436,5.2,13.5954,30,0,0,3536,44.224,44.4081,17.1345
57.8111,10.0592,0,10.0592,5.18,13.5431,1663,41,0,3538,44.2453,44.4293,17.1334
57.824,0.561274,0,0.561274,5.18,13.5431,30,0,0,3538,44.2453,44.4293,17.1323
57.8367,7.98455,0,7.98455,5.16,13.4908,1140,6,0,3539,44.2642,44.4481,17.1313
57.8546,3.2888,0,3.2888,5.16,13.4908,340,19,0,3540,44.2605,44.4444,17.1302
57.8681,8.51135,0,8.51135,5.14,13.4385,1260,9,0,3542,44.2702,44.454,17.1291
57.8902,7.74238,0,7.74238,5.14,13.4385,1150,10,0,3544,44.2768,44.4605,17.127
57.8974,2.3487,0,2.3487,5.12,13.3863,340,19,0,3545,44.2731,44.4567,17.126
57.9236,7.31177,0,7.31177,5.12,13.3863,960,16,0,3546,44.2868,44.4704,17.1238
57.9322,3.75045,0,3.75045,5.1,13.334,490,5,0,3547,44.2873,44.4708,17.1238
57.9558,4.57995,0,4.57995,5.1,13.334,650,15,0,3548,44.2923,44.4758,17.1228
57.9673,6.66363,0,6.66363,5.08,13.2817,940,16,0,3549,44.3054,44.4889,17.1207
57.9957,12.3727,0,12.3727,5.08,13.2817,1734,39,0,3551,44.334,44.5173,17.1196
58.0105,10.1961,0,10.1961,5.06,13.2294,1570,19,0,3553,44.3524,44.5356,17.1175
58.0292,6.93689,0,6.93689,5.06,13.2294,1090,3,0,3554,44.3697,44.5529,17.1154
58.0434,9.65667,0,9.65667,5.04,13.1771,1463,5,0,3556,44.3855,44.5686,17.1143
58.0623,6.71379,0,6.71379,5.04,13.1771,1150,5,0,3558,44.3921,44.575,17.1122
58.0673,0.697562,0,0.697562,5.02,13.1248,30,0,0,3558,44.3921,44.575,17.1111
58.0981,8.63178,0,8.63178,5.02,13.1248,1470,26,0,3560,44.4076,44.5904,17.1101
58.1063,3.58397,0,3.58397,5,13.0725,460,1,0,3561,44.4072,44.59,17.109
58.1322,6.86091,0,6.86091,5,13.0725,950,27,0,3562,44.4222,44.605,17.108
58.4175,280.206,272.596,7.60973,4.98,13.0202,103601,262,0,3564,44.3552,44.5323,17.1059
58.4302,6.53939,0,6.53939,4.96,12.9679,950,3,0,3566,44.3561,44.5331,17.1038
58.4484,4.53348,0,4.53348,4.96,12.9679,680,12,0,3567,44.3619,44.5388,17.1017
58.4668,13.3411,0,13.3411,4.94,12.9156,1980,39,0,3569,44.3917,44.5685,17.1006
58.4776,2.5516,0,2.5516,4.94,12.9156,270,0,0,3570,44.386,44.5627,17.0985
58.485,3.23166,0,3.23166,4.92,12.8634,460,0,0,3571,44.3856,44.5623,17.0985
58.5138,10.5791,0,10.5791,4.92,12.8634,1646,29,0,3573,44.4067,44.5833,17.0964
58.5295,9.71271,0,9.71271,4.9,12.8111,1630,11,0,3575,44.4266,44.6031,17.0943
58.5485,7.04574,0,7.04574,4.9,12.8111,940,1,0,3576,44.443,44.6194,17.0922
58.5558,2.54999,0,2.54999,4.88,12.7588,350,14,0,3577,44.4395,44.6159,17.0912
58.582,5.82984,0,5.82984,4.88,12.7588,1020,1,0,3578,44.4547,44.6311,17.0912
58.5891,2.45069,0,2.45069,4.86,12.7065,440,3,0,3579,44.4538,44.6301,17.0901
58.6116,2.2567,0,2.2567,4.86,12.7065,230,0,0,3580,44.4469,44.6232,17.088
58.6206,4.24275,0,4.24275,4.84,12.6542,750,12,0,3581,44.4546,44.6308,17.088
58.6404,0.823466,0,0.823466,4.84,12.6542,30,0,0,3581,44.4546,44.6308,17.087
58.6498,3.73337,0,3.73337,4.82,12.6019,470,0,0,3582,44.4545,44.6307,17.087
58.6708,3.35481,0,3.35481,4.82,12.6019,510,0,0,3583,44.4555,44.6316,17.0849
58.6839,7.14758,0,7.14758,4.8,12.5496,1190,12,0,3584,44.4754,44.6515,17.0838
58.7004,3.4269,0,3.4269,4.8,12.5496,560,13,0,3585,44.4778,44.6538,17.0828
58.7066,0.07163,0,0.07163,4.78,12.4973,30,0,0,3585,44.4778,44.6538,17.0828
58.7329,6.22114,0,6.22114,4.78,12.4973,950,14,0,3586,44.4911,44.667,17.0817
58.7499,10.8095,0,10.8095,4.76,12.445,1760,13,0,3588,44.5145,44.6904,17.0807
58.7661,8.02269,0,8.02269,4.76,12.445,1410,12,0,3590,44.5281,44.7039,17.0786
58.7782,5.98827,0,5.98827,4.74,12.3927,814,3,0,3591,44.538,44.7137,17.0765
58.8034,11.9069,0,11.9069,4.74,12.3927,1930,9,0,3593,44.5661,44.7417,17.0755
58.8206,11.1906,0,11.1906,4.72,12.3405,1860,34,0,3595,44.5922,44.7677,17.0734
58.8367,8.41915,0,8.41915,4.72,12.3405,1230,20,0,3597,44.6008,44.7762,17.0713
58.8503,7.02824,0,7.02824,4.7,12.2882,980,15,0,3598,44.6148,44.7902,17.0692
58.8692,5.32293,0,5.32293,4.7,12.2882,770,13,0,3599,44.623,44.7983,17.0682
58.8819,7.12954,0,7.12954,4.68,12.2359,1180,2,0,3601,44.6301,44.8053,17.0671
58.8949,0.842621,0,0.842621,4.68,12.2359,30,0,0,3601,44.6301,44.8053,17.0661
58.9023,1.32789,0,1.32789,4.66,12.1836,30,0,0,3601,44.6301,44.8053,17.0661
58.9252,3.90442,0,3.90442,4.66,12.1836,500,20,0,3602,44.6308,44.8059,17.0661
58.934,3.8327,0,3.8327,4.64,12.1313,384,3,0,3603,44.6286,44.8038,17.064
58.9554,3.73763,0,3.73763,4.64,12.1313,540,22,0,3604,44.6301,44.8052,17.064
58.9633,2.98527,0,2.98527,4.62,12.079,540,2,0,3605,44.6316,44.8067,17.063
58.9893,6.02316,0,6.02316,4.62,12.079,890,4,0,3606,44.6428,44.8178,17.0619
58.9953,0.605347,0,0.605347,4.6,12.0267,40,0,0,3606,44.6428,44.8178,17.0609
59.0244,8.13581,0,8.13581,4.6,12.0267,1380,14,0,3608,44.6552,44.8301,17.0599
59.0361,6.62413,0,6.62413,4.58,11.9744,1070,10,0,3609,44.6714,44.8462,17.0588
59.0564,3.80053,0,3.80053,4.58,11.9744,540,0,0,3610,44.6729,44.8476,17.0568
59.0745,12.9556,0,12.9556,4.56,11.9221,1860,10,0,3612,44.6985,44.8732,17.0557
59.0857,1.02856,0,1.02856,4.56,11.9221,40,0,0,3612,44.6985,44.8732,17.0547
59.0913,0.683469,0,0.683469,4.54,11.8698,40,0,0,3612,44.6985,44.8732,17.0547
59.1168,5.08592,0,5.08592,4.54,11.8698,700,12,0,3614,44.692,44.8666,17.0536
59.126,3.95937,0,3.95937,4.52,11.8176,500,1,0,3615,44.6924,44.8669,17.0526
59.1486,5.4219,0,5.4219,4.52,11.8176,880,9,0,3616,44.7033,44.8778,17.0516
59.1595,5.57396,0,5.57396,4.5,11.7653,990,7,0,3617,44.7172,44.8916,17.0505
59.1778,0.946168,0,0.946168,4.5,11.7653,50,0,0,3617,44.7172,44.8916,17.0495
59.1851,2.0135,0,2.0135,4.48,11.713,430,11,0,3618,44.7156,44.89,17.0485
59.2046,0.422038,0,0.422038,4.48,11.713,40,0,0,3618,44.7156,44.89,17.0485
59.2178,8.22498,0,8.22498,4.46,11.6607,1340,5,0,3620,44.7268,44.9011,17.0474
59.2367,4.37993,0,4.37993,4.46,11.6607,590,4,0,3621,44.7296,44.9039,17.0464
59.2509,8.98474,0,8.98474,4.44,11.6084,1390,5,0,3623,44.7422,44.9164,17.0443
59.2678,4.43953,0,4.43953,4.44,11.6084,700,16,0,3624,44.7481,44.9222,17.0423
59.2777,4.77078,0,4.77078,4.42,11.5561,790,10,0,3625,44.7564,44.9305,17.0423
59.3039,10.069,0,10.069,4.42,11.5561,1450,17,0,3627,44.7706,44.9446,17.0402
59.3161,5.46158,0,5.46158,4.4,11.5038,800,1,0,3628,44.7792,44.9531,17.0392
59.3362,5.4777,0,5.4777,4.4,11.5038,820,4,0,3629,44.7884,44.9622,17.0371
59.3507,9.16377,0,9.16377,4.38,11.4515,1380,7,0,3631,44.8006,44.9744,17.0361
59.3636,0.918196,0,0.918196,4.38,11.4515,40,0,0,3631,44.8006,44.9744,17.0351
59.3743,5.35922,0,5.35922,4.36,11.3992,860,8,0,3632,44.8108,44.9846,17.034
59.3949,6.05965,0,6.05965,4.36,11.3992,830,7,0,3634,44.8079,44.9816,17.033
59.4088,7.62255,0,7.62255,4.34,11.3469,1100,3,0,3636,44.8127,44.9862,17.0309
59.4319,11.4404,0,11.4404,4.34,11.3469,1560,26,0,3638,44.8301,45.0036,17.0289
59.8633,424.515,418.556,5.95864,4.32,11.2947,134651,239,0,3639,44.7879,44.967,17.0268
59.8799,6.89102,0,6.89102,4.3,11.2424,939,1,0,3640,44.8005,44.9797,17.0268
59.905,11.5946,0,11.5946,4.3,11.2424,1780,4,0,3642,44.824,45.003,17.0248
59.9241,11.5741,0,11.5741,4.28,11.1901,1980,29,0,3644,44.8529,45.0318,17.0227
59.9359,1.55127,0,1.55127,4.28,11.1901,30,0,0,3644,44.8529,45.0318,17.0217
59.9512,9.76299,0,9.76299,4.26,11.1378,1530,48,0,3646,44.8694,45.0483,17.0207
59.9671,4.31363,0,4.31363,4.26,11.1378,600,3,0,3647,44.8728,45.0515,17.0186
59.9795,6.95621,0,6.95621,4.24,11.0855,1000,12,0,3648,44.8871,45.0658,17.0186
59.9998,5.52403,0,5.52403,4.24,11.0855,770,0,0,3649,44.895,45.0737,17.0166
60.0093,4.08296,0,4.08296,4.22,11.0332,660,1,0,3650,44.9,45.0786,17.0155
60.0389,11.6652,0,11.6652,4.22,11.0332,1791,10,0,3652,44.9239,45.1024,17.0145
60.0547,10.1444,0,10.1444,4.2,10.9809,1615,29,0,3654,44.9444,45.1229,17.0125
60.0724,6.42276,0,6.42276,4.2,10.9809,1150,1,0,3656,44.9505,45.1288,17.0104
60.0862,8.14268,0,8.14268,4.18,10.9286,1470,19,0,3658,44.9653,45.1435,17.0084
60.1077,8.33565,0,8.33565,4.18,10.9286,1390,8,0,3660,44.9779,45.156,17.0063
60.1206,7.63431,0,7.63431,4.16,10.8763,1268,13,0,3662,44.9891,45.1671,17.0043
60.1406,6.14496,0,6.14496,4.16,10.8763,890,11,0,3663,45.0003,45.1783,17.0023
60.1501,4.09307,0,4.09307,4.14,10.824,592,1,0,3664,45.0035,45.1815,17.0013
60.1768,9.30629,0,9.30629,4.14,10.824,1530,31,0,3666,45.0199,45.1978,17.0002
60.1925,10.5137,0,10.5137,4.12,10.7718,1750,38,0,3668,45.0423,45.22,16.9982
60.2131,7.95981,0,7.95981,4.12,10.7718,1220,11,0,3670,45.0501,45.2278,16.9962
60.2229,3.63871,0,3.63871,4.1,10.7195,670,26,0,3671,45.0553,45.2329,16.9941
60.2444,4.3041,0,4.3041,4.1,10.7195,550,0,0,3672,45.0572,45.2347,16.9941
60.2546,5.13088,0,5.13088,4.08,10.6672,780,0,0,3673,45.0653,45.2429,16.9921
60.2816,9.98104,0,9.98104,4.08,10.6672,1360,21,0,3675,45.077,45.2544,16.9911
60.2991,10.7823,0,10.7823,4.06,10.6149,1564,9,0,3677,45.0957,45.273,16.9891
60.3077,0.060929,0,0.060929,4.06,10.6149,30,0,0,3677,45.0957,45.273,16.988
60.3207,7.47383,0,7.47383,4.04,10.5626,1040,8,0,3678,45.1107,45.2879,16.988
60.3454,10.6859,0,10.6859,4.04,10.5626,1750,33,0,3680,45.1329,45.3101,16.986
60.364,11.7776,0,11.7776,4.02,10.5103,1910,27,0,3682,45.1594,45.3365,16.984
60.3738,2.42797,0,2.42797,4.02,10.5103,300,13,0,3683,45.1545,45.3315,16.982
60.3847,5.64379,0,5.64379,4,10.458,950,0,0,3684,45.1672,45.3442,16.9809
60.4057,4.85627,0,4.85627,4,10.458,760,4,0,3685,45.1748,45.3517,16.9809
60.4133,2.25582,0,2.25582,3.98,10.4057,300,6,0,3686,45.1698,45.3467,16.9799
60.4366,4.09219,0,4.09219,3.98,10.4057,740,3,0,3687,45.1768,45.3537,16.9779
60.4461,3.94787,0,3.94787,3.96,10.3534,640,1,0,3688,45.1811,45.3579,16.9779
60.4744,10.331,0,10.331,3.96,10.3534,1700,23,0,3690,45.2019,45.3786,16.9759
60.4878,6.78926,0,6.78926,3.94,10.3011,790,8,0,3692,45.2002,45.3768,16.9739
60.5057,3.98743,0,3.98743,3.94,10.3011,730,2,0,3693,45.2066,45.3832,16.9718
60.5176,6.04193,0,6.04193,3.92,10.2489,880,1,0,3694,45.2171,45.3936,16.9718
60.5333,0.026953,0,0.026953,3.92,10.2489,40,0,0,3694,45.2171,45.3936,16.9708
60.542,3.60209,0,3.60209,3.9,10.1966,570,8,0,3695,45.2195,45.3959,16.9698
60.5675,6.42878,0,6.42878,3.9,10.1966,1010,30,0,3697,45.2215,45.3979,16.9688
60.5827,9.90718,0,9.90718,3.88,10.1443,1300,14,0,3699,45.2314,45.4077,16.9668
60.6035,9.33708,0,9.33708,3.88,10.1443,1790,23,0,3701,45.2545,45.4307,16.9648
60.6157,5.71668,0,5.71668,3.86,10.092,950,3,0,3703,45.2549,45.431,16.9628
60.6378,6.72385,0,6.72385,3.86,10.092,950,21,0,3705,45.2553,45.4313,16.9608
60.648,4.25338,0,4.25338,3.84,10.0397,550,0,0,3706,45.2572,45.4331,16.9598
60.6717,6.08397,0,6.08397,3.84,10.0397,940,11,0,3708,45.2573,45.4331,16.9578
60.6864,9.06134,0,9.06134,3.82,9.9874,1470,8,0,3710,45.2717,45.4474,16.9557
60.6995,0.498635,0,0.498635,3.82,9.9874,30,0,0,3710,45.2717,45.4474,16.9547
60.7094,3.33042,0,3.33042,3.8,9.93511,310,3,0,3711,45.2668,45.4425,16.9537
60.7279,0.688431,0,0.688431,3.8,9.93511,30,0,0,3711,45.2668,45.4425,16.9537
60.7338,0.84962,0,0.84962,3.78,9.88282,30,0,0,3711,45.2668,45.4425,16.9537
60.7556,1.07808,0,1.07808,3.78,9.88282,30,0,0,3711,45.2668,45.4425,16.9537
60.7651,4.05927,0,4.05927,3.76,9.83053,600,6,0,3712,45.2699,45.4456,16.9527
60.7881,5.67931,0,5.67931,3.76,9.83053,820,0,0,3713,45.279,45.4546,16.9517
60.7987,5.09049,0,5.09049,3.74,9.77824,690,1,0,3714,45.2846,45.4602,16.9517
60.8183,1.52162,0,1.52162,3.74,9.77824,30,0,0,3714,45.2846,45.4602,16.9507
60.8283,4.93956,0,4.93956,3.72,9.72595,850,8,0,3715,45.2945,45.47,16.9507
60.8489,5.26654,0,5.26654,3.72,9.72595,830,24,0,3716,45.3038,45.4793,16.9487
60.8619,6.56268,0,6.56268,3.7,9.67366,1070,3,0,3717,45.3196,45.495,16.9487
60.8804,5.18068,0,5.18068,3.7,9.67366,688,10,0,3718,45.3252,45.5005,16.9467
60.893,6.0157,0,6.0157,3.68,9.62137,870,18,0,3719,45.3356,45.5109,16.9467
60.9121,5.8043,0,5.8043,3.68,9.62137,920,1,0,3721,45.3351,45.5103,16.9447
60.922,3.52599,0,3.52599,3.66,9.56908,620,0,0,3722,45.3388,45.514,16.9437
60.946,8.49667,0,8.49667,3.66,9.56908,1390,2,0,3724,45.351,45.526,16.9417
60.9633,10.7927,0,10.7927,3.64,9.51679,1660,31,0,3726,45.3704,45.5454,16.9397
60.9819,10.2487,0,10.2487,3.64,9.51679,1680,12,0,3728,45.3903,45.5652,16.9377
60.9935,5.25263,0,5.25263,3.62,9.4645,760,6,0,3729,45.3977,45.5725,16.9357
61.0147,5.67712,0,5.67712,3.62,9.4645,840,19,0,3730,45.4072,45.582,16.9347
61.0296,8.58072,0,8.58072,3.6,9.41221,1250,32,0,3732,45.4156,45.5903,16.9337
61.0431,3.01706,0,3.01706,3.6,9.41221,430,7,0,3733,45.4141,45.5888,16.9317
61.056,6.30282,0,6.30282,3.58,9.35992,1030,21,0,3734,45.4288,45.6034,16.9308
61.0777,8.7176,0,8.7176,3.58,9.35992,1260,17,0,3736,45.4374,45.6119,16.9298
61.0929,6.66863,0,6.66863,3.56,9.30763,650,0,0,3737,45.4418,45.6163,16.9288
61.1057,0.867797,0,0.867797,3.56,9.30763,40,0,0,3737,45.4418,45.6163,16.9278
61.1234,11.0036,0,11.0036,3.54,9.25534,1410,5,0,3739,45.4597,45.6341,16.9268
61.1376,6.49934,0,6.49934,3.54,9.25534,870,0,0,3740,45.4701,45.6444,16.9258
61.1475,3.02517,0,3.02517,3.52,9.20305,590,5,0,3741,45.4726,45.6469,16.9238
61.1723,7.50993,0,7.50993,3.52,9.20305,950,0,0,3742,45.485,45.6593,16.9238
61.1855,6.73609,0,6.73609,3.5,9.15076,1160,3,0,3744,45.4909,45.6651,16.9218
61.1989,0.964608,0,0.964608,3.5,9.15076,30,0,0,3744,45.4909,45.6651,16.9208
61.2075,3.21094,0,3.21094,3.48,9.09847,550,2,0,3745,45.4927,45.6668,16.9208
61.2329,7.09626,0,7.09626,3.48,9.09847,970,12,0,3747,45.4935,45.6675,16.9188
61.247,8.63755,0,8.63755,3.46,9.04618,1360,14,0,3749,45.5047,45.6786,16.9168
61.2619,1.4871,0,1.4871,3.46,9.04618,30,0,0,3749,45.5047,45.6786,16.9159
61.2793,10.5609,0,10.5609,3.44,8.99389,1624,0,0,3751,45.5233,45.6971,16.9149
61.2909,0.751231,0,0.751231,3.44,8.99389,30,0,0,3751,45.5233,45.6971,16.9139
61.3059,10.1078,0,10.1078,3.42,8.9416,1780,9,0,3753,45.5457,45.7194,16.9129
61.3266,9.67025,0,9.67025,3.42,8.9416,1630,25,0,3755,45.564,45.7377,16.9109
61.3416,9.66916,0,9.66916,3.4,8.88931,1710,19,0,3757,45.5845,45.7581,16.9089
61.3582,4.56498,0,4.56498,3.4,8.88931,560,10,0,3758,45.5865,45.76,16.9069
61.3654,2.20038,0,2.20038,3.38,8.83702,270,9,0,3759,45.5807,45.7542,16.9069
61.3895,5.04163,0,5.04163,3.38,8.83702,670,0,0,3760,45.5856,45.759,16.906
61.4024,7.21053,0,7.21053,3.36,8.78473,1320,1,0,3762,45.5957,45.769,16.904
61.4245,6.92931,0,6.92931,3.36,8.78473,1080,19,0,3763,45.6115,45.7847,16.902
61.4301,0.388702,0,0.388702,3.34,8.73244,30,0,0,3763,45.6115,45.7847,16.902
61.4569,4.98922,0,4.98922,3.34,8.73244,770,10,0,3764,45.619,45.7922,16.901
61.4683,5.70139,0,5.70139,3.32,8.68015,860,14,0,3765,45.629,45.8021,16.901
61.4899,5.89006,0,5.89006,3.32,8.68015,970,14,0,3767,45.6297,45.8028,16.8991
61.5065,11.2322,0,11.2322,3.3,8.62786,1890,0,0,3769,45.6548,45.8278,16.8971
61.5303,13.0322,0,13.0322,3.3,8.62786,2050,18,0,3771,45.6842,45.8571,16.8951
61.5427,6.52598,0,6.52598,3.28,8.57557,980,0,0,3772,45.6972,45.8701,16.8931
61.5614,3.57233,0,3.57233,3.28,8.57557,390,0,0,3773,45.6947,45.8675,16.8922
61.5735,6.30213,0,6.30213,3.26,8.52328,1010,11,0,3774,45.7085,45.8813,16.8912
61.5965,6.02396,0,6.02396,3.26,8.52328,859,0,0,3775,45.7184,45.8911,16.8912
61.6071,4.21097,0,4.21097,3.24,8.47099,558,4,0,3776,45.7203,45.893,16.8902
61.6308,6.47919,0,6.47919,3.24,8.47099,800,7,0,3777,45.7286,45.9012,16.8882
61.6401,3.21302,0,3.21302,3.22,8.4187,490,16,0,3778,45.7287,45.9013,16.8882
61.6629,2.94723,0,2.94723,3.22,8.4187,420,3,0,3779,45.7269,45.8994,16.8863
61.6725,3.96861,0,3.96861,3.2,8.36641,650,0,0,3780,45.7312,45.9037,16.8863
61.6947,4.1463,0,4.1463,3.2,8.36641,610,2,0,3782,45.7224,45.8948,16.8843
61.706,5.32864,0,5.32864,3.18,8.31412,790,0,0,3783,45.7304,45.9027,16.8833
61.7282,5.50211,0,5.50211,3.18,8.31412,840,16,0,3784,45.7397,45.912,16.8814
61.7396,5.51414,0,5.51414,3.16,8.26183,970,20,0,3785,45.7524,45.9247,16.8814
61.7633,7.05333,0,7.05333,3.16,8.26183,1190,3,0,3786,45.771,45.9432,16.8804
61.777,8.01114,0,8.01114,3.14,8.20954,1370,21,0,3788,45.7822,45.9543,16.8784
61.8009,9.5545,0,9.5545,3.14,8.20954,1530,13,0,3790,45.7976,45.9697,16.8765
61.814,5.89546,0,5.89546,3.12,8.15725,1010,5,0,3792,45.7993,45.9713,16.8745
61.8317,4.45907,0,4.45907,3.12,8.15725,620,0,0,3793,45.8028,45.9747,16.8735
61.8443,5.14722,0,5.14722,3.1,8.10496,790,1,0,3794,45.8108,45.9826,16.8726
61.8615,3.42775,0,3.42775,3.1,8.10496,530,1,0,3795,45.8119,45.9837,16.8706
61.876,8.57859,0,8.57859,3.08,8.05267,1280,7,0,3797,45.8206,45.9924,16.8696
61.896,7.0131,0,7.0131,3.08,8.05267,990,0,0,3798,45.8339,46.0055,16.8677
61.9078,4.58219,0,4.58219,3.06,8.00038,810,0,0,3799,45.8423,46.014,16.8677
61.9252,2.89862,0,2.89862,3.06,8.00038,460,1,0,3800,45.8416,46.0132,16.8667
61.9336,2.53496,0,2.53496,3.04,7.94809,420,10,0,3801,45.8398,46.0113,16.8657
61.9561,3.30747,0,3.30747,3.04,7.94809,590,4,0,3802,45.8425,46.0139,16.8638
61.9685,6.84718,0,6.84718,3.02,7.8958,1200,5,0,3804,45.8491,46.0205,16.8628
61.9932,8.28193,0,8.28193,3.02,7.8958,1210,12,0,3806,45.856,46.0273,16.8609
62.0036,4.21604,0,4.21604,3,7.84351,720,5,0,3807,45.8621,46.0334,16.8589
62.0252,4.16741,0,4.16741,3,7.84351,670,3,0,3808,45.8669,46.0381,16.8579
62.0335,2.19632,0,2.19632,2.98,7.79122,270,3,0,3809,45.8611,46.0323,16.857
62.0646,11.7274,0,11.7274,2.98,7.79122,1780,2,0,3811,45.883,46.0541,16.856
62.0809,9.10381,0,9.10381,2.96,7.73893,1430,21,0,3813,45.8956,46.0666,16.854
62.0973,6.62961,0,6.62961,2.96,7.73893,1080,0,0,3814,45.9111,46.0821,16.8531
62.1106,6.26979,0,6.26979,2.94,7.68664,990,33,0,3815,45.9242,46.0952,16.8511
62.1283,4.92789,0,4.92789,2.94,7.68664,624,1,0,3816,45.9282,46.0991,16.8511
62.1397,5.04202,0,5.04202,2.92,7.63435,752,2,0,3818,45.9233,46.094,16.8492
62.1581,4.21691,0,4.21691,2.92,7.63435,670,1,0,3819,45.928,46.0987,16.8473
62.1712,7.78838,0,7.78838,2.9,7.58206,1330,7,0,3821,45.9382,46.1089,16.8463
62.1906,4.13757,0,4.13757,2.9,7.58206,540,6,0,3822,45.9396,46.1102,16.8453
62.2008,4.86379,0,4.86379,2.88,7.52977,660,8,0,3823,45.944,46.1146,16.8434
62.2212,3.21164,0,3.21164,2.88,7.52977,470,1,0,3824,45.9435,46.114,16.8434
62.2316,4.84875,0,4.84875,2.86,7.47748,768,2,0,3825,45.9508,46.1213,16.8414
62.2569,7.03728,0,7.03728,2.86,7.47748,1110,3,0,3826,45.9671,46.1375,16.8405
62.2709,8.05606,0,8.05606,2.84,7.42519,1350,12,0,3828,45.9775,46.1479,16.8395
62.2891,4.66221,0,4.66221,2.84,7.42519,730,16,0,3829,45.9838,46.1541,16.8385
62.3066,10.9961,0,10.9961,2.82,7.3729,1678,11,0,3831,46.0029,46.1731,16.8366
62.3211,3.86049,0,3.86049,2.82,7.3729,560,3,0,3832,46.0047,46.1748,16.8356
62.3351,8.43081,0,8.43081,2.8,7.32061,1530,10,0,3834,46.0198,46.1899,16.8337
62.3541,5.46498,0,5.46498,2.8,7.32061,910,17,0,3836,46.0188,46.1887,16.8318
62.3657,5.82053,0,5.82053,2.78,7.26832,798,0,0,3837,46.0268,46.1968,16.8299
62.3901,8.31828,0,8.31828,2.78,7.26832,1480,20,0,3839,46.0406,46.2105,16.8289
62.402,6.22685,0,6.22685,2.76,7.21603,890,5,0,3840,46.051,46.2208,16.827
62.4228,5.4128,0,5.4128,2.76,7.21603,900,0,0,3841,46.0617,46.2315,16.826
62.4396,10.9588,0,10.9588,2.74,7.16374,1640,13,0,3843,46.0796,46.2493,16.825
62.4615,10.08,0,10.08,2.74,7.16374,1570,17,0,3845,46.0957,46.2653,16.8231
62.4719,2.53844,0,2.53844,2.72,7.11145,240,3,0,3846,46.0892,46.2587,16.8212
62.4953,6.89756,0,6.89756,2.72,7.11145,990,0,0,3847,46.1022,46.2716,16.8202
62.5099,7.51975,0,7.51975,2.7,7.05916,1080,17,0,3849,46.1055,46.2749,16.8193
62.5263,4.60274,0,4.60274,2.7,7.05916,530,7,0,3850,46.1065,46.2758,16.8183
62.5387,4.94046,0,4.94046,2.68,7.00687,820,18,0,3851,46.115,46.2843,16.8174
62.557,4.23977,0,4.23977,2.68,7.00687,610,1,0,3852,46.1181,46.2874,16.8154
62.5723,7.40562,0,7.40562,2.66,6.95458,1140,11,0,3854,46.123,46.2922,16.8145
62.5847,1.42219,0,1.42219,2.66,6.95458,30,0,0,3854,46.123,46.2922,16.8135
62.5947,3.91144,0,3.91144,2.64,6.90229,580,0,0,3855,46.125,46.2942,16.8135
62.6209,8.865,0,8.865,2.64,6.90229,1420,11,0,3857,46.1372,46.3062,16.8116
62.6294,0.996358,0,0.996358,2.62,6.85,30,0,0,3857,46.1372,46.3062,16.8106
62.6612,12.6047,0,12.6047,2.62,6.85,2130,0,0,3859,46.1677,46.3366,16.8097
62.68,11.7549,0,11.7549,2.6,6.79771,2020,13,0,3861,46.1953,46.3642,16.8078
62.6879,0.761043,0,0.761043,2.6,6.79771,30,0,0,3861,46.1953,46.3642,16.8068
62.6963,1.16526,0,1.16526,2.58,6.74542,30,0,0,3861,46.1953,46.3642,16.8068
62.7222,7.64714,0,7.64714,2.58,6.74542,1120,8,0,3863,46.1996,46.3684,16.8059
62.7391,9.90492,0,9.90492,2.56,6.69313,1290,13,0,3865,46.2083,46.377,16.8039
62.7527,4.62923,0,4.62923,2.56,6.69313,530,16,0,3866,46.2093,46.3779,16.803
62.768,9.38522,0,9.38522,2.54,6.64084,1517,6,0,3868,46.2239,46.3925,16.8011
62.7894,8.49975,0,8.49975,2.54,6.64084,1330,3,0,3870,46.2336,46.4021,16.7992
62.807,10.1747,0,10.1747,2.52,6.58855,1500,10,0,3872,46.2477,46.4161,16.7973
62.8205,4.8261,0,4.8261,2.52,6.58855,630,3,0,3873,46.2523,46.4206,16.7963
62.8291,1.2244,0,1.2244,2.5,6.53626,30,0,0,3873,46.2523,46.4206,16.7954
62.8529,4.4833,0,4.4833,2.5,6.53626,830,15,0,3874,46.261,46.4293,16.7954
63.3037,443.301,435.164,8.13742,2.48,6.48397,194674,170,0,3876,46.2255,46.4061,16.7935
63.32,9.11973,0,9.11973,2.46,6.43168,1590,12,0,3878,46.2419,46.4224,16.7916
63.3403,8.96456,0,8.96456,2.46,6.43168,1434,4,0,3880,46.2546,46.4351,16.7896
63.3521,5.9579,0,5.9579,2.44,6.37939,1040,2,0,3881,46.2687,46.4491,16.7887
63.3747,7.42961,0,7.42961,2.44,6.37939,1420,4,0,3883,46.2807,46.461,16.7868
63.3813,0.91933,0,0.91933,2.42,6.3271,30,0,0,3883,46.2807,46.461,16.7858
63.4127,9.41424,0,9.41424,2.42,6.3271,1700,23,0,3885,46.2999,46.4801,16.7849
63.4304,11.9509,0,11.9509,2.4,6.27481,1950,20,0,3887,46.3254,46.5055,16.783
63.4462,4.37334,0,4.37334,2.4,6.27481,800,0,0,3888,46.3333,46.5134,16.7811
63.4545,2.89885,0,2.89885,2.38,6.22252,420,5,0,3889,46.3314,46.5114,16.7802
63.479,5.3697,0,5.3697,2.38,6.22252,790,2,0,3891,46.3272,46.5071,16.7792
63.4884,1.07345,0,1.07345,2.36,6.17023,30,0,0,3891,46.3272,46.5071,16.7783
63.5151,7.02917,0,7.02917,2.36,6.17023,1220,0,0,3893,46.3339,46.5137,16.7773
63.5248,1.86162,0,1.86162,2.34,6.11794,20,0,0,3893,46.3339,46.5137,16.7764
63.5481,4.46144,0,4.46144,2.34,6.11794,880,7,0,3894,46.3441,46.5239,16.7754
63.5647,8.73372,0,8.73372,2.32,6.06565,1570,19,0,3896,46.3601,46.5398,16.7745
63.5847,7.97568,0,7.97568,2.32,6.06565,1600,17,0,3898,46.3769,46.5564,16.7726
63.5974,5.33882,0,5.33882,2.3,6.01336,810,1,0,3899,46.3852,46.5648,16.7707
63.6163,4.97686,0,4.97686,2.3,6.01336,640,4,0,3900,46.3892,46.5687,16.7697
63.6276,3.94822,0,3.94822,2.28,5.96107,750,0,0,3901,46.3961,46.5755,16.7688
63.6453,2.73816,0,2.73816,2.28,5.96107,310,0,0,3902,46.3916,46.571,16.7679
63.6616,8.80952,0,8.80952,2.26,5.90878,1400,4,0,3904,46.4032,46.5825,16.7669
63.6833,10.18,0,10.18,2.26,5.90878,1770,1,0,3906,46.4242,46.6034,16.765
63.6938,2.77821,0,2.77821,2.24,5.85649,460,0,0,3907,46.4236,46.6028,16.7641
63.7159,6.02196,0,6.02196,2.24,5.85649,920,6,0,3908,46.4347,46.6139,16.7622
63.7296,6.32779,0,6.32779,2.22,5.8042,1020,5,0,3909,46.4485,46.6275,16.7622
63.7507,6.93102,0,6.93102,2.22,5.8042,1090,0,0,3910,46.4639,46.643,16.7612
63.7641,5.73864,0,5.73864,2.2,5.75191,990,0,0,3912,46.465,46.6439,16.7594
63.7824,3.57769,0,3.57769,2.2,5.75191,400,3,0,3913,46.4628,46.6417,16.7575
63.7942,4.26696,0,4.26696,2.18,5.69962,730,0,0,3915,46.4572,46.636,16.7565
63.8141,5.83664,0,5.83664,2.18,5.69962,830,1,0,3916,46.4658,46.6445,16.7547
63.8257,4.33949,0,4.33949,2.16,5.64733,740,3,0,3917,46.4723,46.651,16.7547
63.8465,6.12647,0,6.12647,2.16,5.64733,1110,26,0,3919,46.4764,46.655,16.7528
63.8544,0.732959,0,0.732959,2.14,5.59504,20,0,0,3919,46.4764,46.655,16.7518
63.8783,4.33932,0,4.33932,2.14,5.59504,760,4,0,3920,46.4834,46.662,16.7518
63.8923,6.68634,0,6.68634,2.12,5.54275,1090,9,0,3921,46.4989,46.6774,16.75
63.911,6.99355,0,6.99355,2.12,5.54275,1080,3,0,3922,46.514,46.6925,16.75
63.9276,8.75539,0,8.75539,2.1,5.49046,1520,24,0,3924,46.5285,46.7069,16.7481
63.9463,9.17998,0,9.17998,2.1,5.49046,1670,4,0,3926,46.5469,46.7252,16.7462
63.9568,3.18452,0,3.18452,2.08,5.43817,570,0,0,3927,46.549,46.7273,16.7453
63.9766,3.97391,0,3.97391,2.08,5.43817,500,0,0,3928,46.5494,46.7276,16.7443
63.9887,4.5253,0,4.5253,2.06,5.38588,830,0,0,3929,46.5582,46.7363,16.7425
64.0082,5.01782,0,5.01782,2.06,5.38588,860,0,0,3930,46.5677,46.7458,16.7425
64.0196,3.73783,0,3.73783,2.04,5.33359,590,0,0,3931,46.5703,46.7484,16.7415
64.0411,6.16296,0,6.16296,2.04,5.33359,830,10,0,3932,46.5791,46.7571,16.7396
64.0522,3.79858,0,3.79858,2.02,5.2813,460,5,0,3933,46.5784,46.7564,16.7387
64.0714,4.4476,0,4.4476,2.02,5.2813,680,10,0,3934,46.5834,46.7613,16.7387
64.0861,7.9908,0,7.9908,2,5.22901,1440,9,0,3936,46.5958,46.7736,16.7368
64.1015,2.43494,0,2.43494,2,5.22901,350,0,0,3937,46.5923,46.7701,16.735
64.1113,3.28893,0,3.28893,1.98,5.17672,600,0,0,3938,46.5952,46.773,16.734
64.1383,8.57368,0,8.57368,1.98,5.17672,1430,3,0,3940,46.6074,46.785,16.7331
64.1511,6.37955,0,6.37955,1.96,5.12443,1110,15,0,3942,46.6114,46.7889,16.7312
64.1698,3.94955,0,3.94955,1.96,5.12443,560,3,0,3943,46.6132,46.7908,16.7294
64.1803,4.29527,0,4.29527,1.94,5.07214,730,0,0,3944,46.6194,46.7969,16.7294
64.205,5.94243,0,5.94243,1.94,5.07214,990,4,0,3946,46.6204,46.7978,16.7275
64.2172,6.37439,0,6.37439,1.92,5.01985,1010,8,0,3948,46.6218,46.7991,16.7256
64.2409,7.25718,0,7.25718,1.92,5.01985,1160,1,0,3950,46.6271,46.8043,16.7238
64.2482,0.382311,0,0.382311,1.9,4.96756,20,0,0,3950,46.6271,46.8043,16.7229
64.2729,4.23679,0,4.23679,1.9,4.96756,700,1,0,3951,46.6325,46.8097,16.7219
64.2839,4.17525,0,4.17525,1.88,4.91527,780,6,0,3952,46.6399,46.8171,16.7219
64.3079,8.98886,0,8.98886,1.88,4.91527,1750,5,0,3954,46.6601,46.8371,16.7201
64.3183,1.56684,0,1.56684,1.86,4.86298,50,0,0,3954,46.6601,46.8371,16.7191
64.3431,6.02907,0,6.02907,1.86,4.86298,950,3,0,3955,46.6718,46.8488,16.7182
64.359,8.79398,0,8.79398,1.84,4.81069,1580,3,0,3957,46.6876,46.8645,16.7173
64.3777,8.2761,0,8.2761,1.84,4.81069,1460,17,0,3959,46.7004,46.8772,16.7154
64.3861,0.563127,0,0.563127,1.82,4.7584,20,0,0,3959,46.7004,46.8772,16.7145
64.414,8.41966,0,8.41966,1.82,4.7584,1580,1,0,3961,46.7162,46.893,16.7136
64.4278,6.07601,0,6.07601,1.8,4.70611,820,0,0,3962,46.7246,46.9013,16.7126
64.4439,3.63779,0,3.63779,1.8,4.70611,540,1,0,3963,46.726,46.9026,16.7108
64.4595,7.46596,0,7.46596,1.78,4.65382,1450,7,0,3965,46.7385,46.915,16.7099
64.4823,9.65657,0,9.65657,1.78,4.65382,1700,0,0,3967,46.7572,46.9337,16.708
64.4977,7.69695,0,7.69695,1.76,4.60153,1400,29,0,3969,46.7685,46.9448,16.7061
64.5198,8.92746,0,8.92746,1.76,4.60153,1500,0,0,3971,46.7822,46.9584,16.7043
64.5269,0.791196,0,0.791196,1.74,4.54924,20,0,0,3971,46.7822,46.9584,16.7034
64.5557,6.41686,0,6.41686,1.74,4.54924,940,4,0,3972,46.7936,46.9698,16.7024
64.5685,6.87218,0,6.87218,1.72,4.49695,1340,16,0,3974,46.8032,46.9794,16.7015
64.5909,7.7361,0,7.7361,1.72,4.49695,1450,23,0,3976,46.8156,46.9917,16.6997
64.5992,2.59243,0,2.59243,1.7,4.44466,470,2,0,3977,46.8152,46.9912,16.6988
64.62,1.3499,0,1.3499,1.7,4.44466,20,0,0,3977,46.8152,46.9912,16.6978
64.6289,3.00527,0,3.00527,1.68,4.39237,440,1,0,3978,46.814,46.9899,16.6969
64.6519,4.68282,0,4.68282,1.68,4.39237,650,0,0,3979,46.818,46.994,16.696
64.6586,0.738466,0,0.738466,1.66,4.34008,20,0,0,3979,46.818,46.994,16.696
64.6838,3.12219,0,3.12219,1.66,4.34008,460,0,0,3980,46.8173,46.9932,16.6951
64.691,0.841006,0,0.841006,1.64,4.28779,20,0,0,3980,46.8173,46.9932,16.6951
64.7166,3.32067,0,3.32067,1.64,4.28779,510,0,0,3981,46.8179,46.9937,16.6951
64.7257,3.33573,0,3.33573,1.62,4.2355,500,3,0,3982,46.8182,46.994,16.6941
64.7481,4.16225,0,4.16225,1.62,4.2355,550,1,0,3983,46.8197,46.9955,16.6932
64.7612,7.07841,0,7.07841,1.6,4.18321,1490,16,0,3985,46.8331,47.0088,16.6914
64.7843,9.06842,0,9.06842,1.6,4.18321,1550,6,0,3987,46.848,47.0236,16.6895
64.8001,9.77093,0,9.77093,1.58,4.13092,1860,10,0,3989,46.8706,47.0461,16.6877
64.8187,6.33662,0,6.33662,1.58,4.13092,1020,0,0,3990,46.884,47.0594,16.6868
64.8336,9.14371,0,9.14371,1.56,4.07863,1620,0,0,3992,46.9006,47.0759,16.6849
64.855,8.3773,0,8.3773,1.56,4.07863,1320,3,0,3994,46.9096,47.0849,16.6831
64.8646,3.93252,0,3.93252,1.54,4.02634,550,0,0,3995,46.9111,47.0864,16.6813
64.889,6.26288,0,6.26288,1.54,4.02634,1040,16,0,3996,46.9249,47.1001,16.6803
64.9027,6.37201,0,6.37201,1.52,3.97405,1180,0,0,3998,46.9305,47.1056,16.6794
64.9271,9.04937,0,9.04937,1.52,3.97405,1720,16,0,4000,46.9495,47.1245,16.6776
64.9377,4.35831,0,4.35831,1.5,3.92175,680,1,0,4002,46.9425,47.1174,16.6758
64.9619,6.76043,0,6.76043,1.5,3.92175,950,1,0,4004,46.9423,47.1171,16.6739
65.0387,70.6738,60.9797,9.69409,1.48,3.86946,33903,191,0,4006,46.9056,47.0796,16.6721
65.0528,6.88402,0,6.88402,1.46,3.81717,1100,2,0,4008,46.9092,47.0831,16.6703
65.0732,7.76542,0,7.76542,1.46,3.81717,1480,12,0,4010,46.9222,47.096,16.6684
65.0879,7.62695,0,7.62695,1.44,3.76488,1310,5,0,4012,46.931,47.1047,16.6666
65.1064,7.12716,0,7.12716,1.44,3.76488,1160,10,0,4014,46.936,47.1096,16.6648
65.1203,6.87013,0,6.87013,1.42,3.71259,880,16,0,4015,46.9457,47.1193,16.6639
65.1417,9.27722,0,9.27722,1.42,3.71259,1490,7,0,4017,46.9589,47.1324,16.662
65.1522,2.93757,0,2.93757,1.4,3.6603,440,0,0,4018,46.9577,47.1312,16.6602
65.1742,4.28783,0,4.28783,1.4,3.6603,820,2,0,4019,46.9659,47.1393,16.6593
65.1862,6.33166,0,6.33166,1.38,3.60801,1280,12,0,4021,46.9739,47.1472,16.6584
65.2062,5.97371,0,5.97371,1.38,3.60801,900,0,0,4023,46.9724,47.1457,16.6566
65.2188,5.50527,0,5.50527,1.36,3.55572,790,10,0,4024,46.9799,47.1531,16.6548
65.2421,10.0093,0,10.0093,1.36,3.55572,1900,0,0,4026,47.0032,47.1764,16.6538
65.2585,8.1533,0,8.1533,1.34,3.50343,1600,9,0,4028,47.0191,47.1922,16.652
65.2744,3.54894,0,3.54894,1.34,3.50343,540,0,0,4029,47.0204,47.1933,16.6511
65.2877,6.51458,0,6.51458,1.32,3.45114,1170,15,0,4031,47.0256,47.1985,16.6493
65.3067,3.62809,0,3.62809,1.32,3.45114,610,0,0,4032,47.0285,47.2014,16.6484
65.334,20.3369,14.9695,5.36739,1.3,3.39885,8889,2,0,4033,47.0322,47.2051,16.6475
65.3467,5.71895,0,5.71895,1.28,3.34656,860,0,0,4034,47.0414,47.2142,16.6457
65.3706,9.17375,0,9.17375,1.28,3.34656,1760,16,0,4036,47.0612,47.2339,16.6448
65.3803,1.39925,0,1.39925,1.26,3.29427,20,0,0,4036,47.0612,47.2339,16.6439
65.4046,5.86004,0,5.86004,1.26,3.29427,1070,0,0,4037,47.0753,47.248,16.6439
65.4215,8.7144,0,8.7144,1.24,3.24198,1550,1,0,4039,47.0899,47.2624,16.642
65.4361,4.46545,0,4.46545,1.24,3.24198,670,1,0,4040,47.0943,47.2668,16.6411
65.4531,8.23649,0,8.23649,1.22,3.18969,1310,12,0,4042,47.1029,47.2754,16.6393
65.4693,6.49434,0,6.49434,1.22,3.18969,1240,3,0,4044,47.1098,47.2821,16.6375
65.4826,5.22691,0,5.22691,1.2,3.1374,820,19,0,4046,47.1063,47.2785,16.6357
65.5022,5.70583,0,5.70583,1.2,3.1374,920,18,0,4047,47.1169,47.2891,16.6348
65.5169,6.64972,0,6.64972,1.18,3.08511,1180,11,0,4049,47.1223,47.2944,16.633
65.5355,6.42118,0,6.42118,1.18,3.08511,950,6,0,4050,47.1336,47.3057,16.6321
65.549,5.77782,0,5.77782,1.16,3.03282,1070,18,0,4052,47.1362,47.3082,16.6303
65.5665,4.7994,0,4.7994,1.16,3.03282,660,1,0,4053,47.1404,47.3124,16.6285
65.5808,6.55915,0,6.55915,1.14,2.98053,1130,2,0,4055,47.1445,47.3164,16.6276
65.5938,0.373425,0,0.373425,1.14,2.98053,20,0,0,4055,47.1445,47.3164,16.6267
65.61,7.85227,0,7.85227,1.12,2.92824,1280,10,0,4057,47.1523,47.3241,16.6258
65.6311,10.9404,0,10.9404,1.12,2.92824,1900,5,0,4059,47.1754,47.3471,16.624
65.6413,2.30955,0,2.30955,1.1,2.87595,340,0,0,4060,47.1717,47.3433,16.6231
65.66,2.57326,0,2.57326,1.1,2.87595,470,6,0,4061,47.1711,47.3428,16.6222
65.6728,4.69554,0,4.69554,1.08,2.82366,860,1,0,4062,47.1802,47.3518,16.6204
65.6949,7.32792,0,7.32792,1.08,2.82366,1290,3,0,4064,47.1882,47.3597,16.6195
65.705,1.77256,0,1.77256,1.06,2.77137,420,4,0,4065,47.1865,47.3579,16.6177
65.7295,7.3979,0,7.3979,1.06,2.77137,1050,16,0,4067,47.1886,47.36,16.6168
65.7416,4.38815,0,4.38815,1.04,2.71908,740,0,0,4068,47.1947,47.366,16.615
65.7635,7.57998,0,7.57998,1.04,2.71908,1350,5,0,4070,47.2042,47.3754,16.6141
65.7752,4.16691,0,4.16691,1.02,2.66679,670,0,0,4071,47.2085,47.3798,16.6132
65.8004,8.79038,0,8.79038,1.02,2.66679,1740,10,0,4073,47.2276,47.3987,16.6114
65.8127,4.43643,0,4.43643,1,2.6145,830,10,0,4074,47.2359,47.407,16.6105
65.8276,0.740052,0,0.740052,1,2.6145,20,0,0,4074,47.2359,47.407,16.6096
65.8381,2.75195,0,2.75195,0.98,2.56221,580,7,0,4075,47.238,47.4091,16.6096
65.8579,4.01541,0,4.01541,0.98,2.56221,510,1,0,4076,47.2385,47.4095,16.6087
65.8666,1.21897,0,1.21897,0.96,2.50992,20,0,0,4076,47.2385,47.4095,16.6078
65.8911,6.04601,0,6.04601,0.96,2.50992,890,1,0,4078,47.2366,47.4076,16.6069
65.9017,3.18455,0,3.18455,0.94,2.45763,480,5,0,4079,47.2363,47.4072,16.606
65.9243,5.9028,0,5.9028,0.94,2.45763,960,2,0,4080,47.2478,47.4186,16.6051
65.9353,3.57881,0,3.57881,0.92,2.40534,720,0,0,4082,47.2418,47.4125,16.6033
65.9577,7.34095,0,7.34095,0.92,2.40534,1180,6,0,4084,47.2471,47.4177,16.6015
65.9677,2.62138,0,2.62138,0.9,2.35305,300,6,0,4085,47.2424,47.413,16.5997
65.9933,7.75239,0,7.75239,0.9,2.35305,1340,8,0,4087,47.2515,47.4221,16.5988
66.0103,9.60439,0,9.60439,0.88,2.30076,2000,29,0,4089,47.2768,47.4473,16.5971
66.0246,4.9208,0,4.9208,0.88,2.30076,790,2,0,4091,47.2725,47.4429,16.5953
66.0384,5.9841,0,5.9841,0.86,2.24847,1310,4,0,4093,47.281,47.4513,16.5935
66.0575,6.11108,0,6.11108,0.86,2.24847,970,9,0,4095,47.2811,47.4513,16.5917
66.0697,4.50169,0,4.50169,0.84,2.19618,640,0,0,4096,47.2847,47.4548,16.5899
66.0898,3.90424,0,3.90424,0.84,2.19618,370,0,0,4097,47.2817,47.4518,16.589
66.1045,7.11398,0,7.11398,0.82,2.14389,1030,11,0,4098,47.2948,47.4649,16.5881
66.1242,7.7847,0,7.7847,0.82,2.14389,1500,10,0,4100,47.3078,47.4778,16.5873
66.1327,1.14905,0,1.14905,0.8,2.0916,20,0,0,4100,47.3078,47.4778,16.5864
66.1574,5.18253,0,5.18253,0.8,2.0916,1080,11,0,4101,47.3221,47.4921,16.5855
66.1709,6.16819,0,6.16819,0.78,2.03931,1120,2,0,4103,47.3259,47.4957,16.5846
66.1848,1.12073,0,1.12073,0.78,2.03931,20,0,0,4103,47.3259,47.4957,16.5837
66.1924,1.08785,0,1.08785,0.76,1.98702,20,0,0,4103,47.3259,47.4957,16.5837
66.2176,3.63341,0,3.63341,0.76,1.98702,560,10,0,4104,47.3275,47.4973,16.5837
66.2238,0.195053,0,0.195053,0.74,1.93473,20,0,0,4104,47.3275,47.4973,16.5828
66.2496,4.10134,0,4.10134,0.74,1.93473,560,7,0,4105,47.3291,47.4989,16.5828
66.2565,0.540479,0,0.540479,0.72,1.88244,20,0,0,4105,47.3291,47.4989,16.5819
66.2835,5.6226,0,5.6226,0.72,1.88244,1000,17,0,4106,47.3415,47.5112,16.5819
66.3016,12.1833,0,12.1833,0.7,1.83015,2140,14,0,4108,47.37,47.5397,16.5801
66.312,1.3213,0,1.3213,0.7,1.83015,20,0,0,4108,47.37,47.5397,16.5793
66.3264,8.80622,0,8.80622,0.68,1.77786,1710,5,0,4110,47.3881,47.5577,16.5784
66.3464,7.77946,0,7.77946,0.68,1.77786,1540,15,0,4112,47.402,47.5715,16.5766
66.4238,70.3909,62.3588,8.03209,0.66,1.72557,43460,12,0,4114,47.4118,47.5812,16.5748
66.4371,6.04863,0,6.04863,0.64,1.67328,1000,17,0,4115,47.4241,47.5934,16.573
66.4582,7.95384,0,7.95384,0.64,1.67328,1490,14,0,4117,47.4367,47.606,16.5722
66.4709,4.43093,0,4.43093,0.62,1.62099,710,0,0,4118,47.442,47.6112,16.5704
66.4863,0.905834,0,0.905834,0.62,1.62099,20,0,0,4118,47.442,47.6112,16.5704
66.5047,11.0398,0,11.0398,0.6,1.5687,2040,16,0,4120,47.468,47.6371,16.5695
66.5171,5.1407,0,5.1407,0.6,1.5687,900,2,0,4122,47.4663,47.6354,16.5677
66.5305,6.65487,0,6.65487,0.58,1.51641,840,2,0,4124,47.4631,47.6322,16.566
66.5491,4.31278,0,4.31278,0.58,1.51641,830,0,0,4125,47.4713,47.6402,16.5651
66.5631,6.87424,0,6.87424,0.56,1.46412,1050,1,0,4126,47.4847,47.6537,16.5633
66.5801,2.94334,0,2.94334,0.56,1.46412,520,2,0,4127,47.4853,47.6542,16.5633
66.5949,8.9894,0,8.9894,0.54,1.41183,1410,8,0,4129,47.496,47.6648,16.5616
66.6165,7.94733,0,7.94733,0.54,1.41183,1430,16,0,4131,47.5071,47.6759,16.5598
66.6247,0.371383,0,0.371383,0.52,1.35954,20,0,0,4131,47.5071,47.6759,16.5589
66.6469,1.91357,0,1.91357,0.52,1.35954,290,0,0,4132,47.5022,47.6709,16.558
66.6568,4.0827,0,4.0827,0.5,1.30725,590,0,0,4133,47.5045,47.6731,16.5571
66.6796,5.00235,0,5.00235,0.5,1.30725,890,11,0,4134,47.514,47.6826,16.5571
66.6908,5.2462,0,5.2462,0.48,1.25496,1060,5,0,4136,47.5162,47.6847,16.5554
66.7174,9.7322,0,9.7322,0.48,1.25496,1750,4,0,4138,47.535,47.7035,16.5536
66.7309,5.37313,0,5.37313,0.46,1.20267,1100,11,0,4140,47.5382,47.7065,16.5519
66.7517,7.23402,0,7.23402,0.46,1.20267,1400,3,0,4142,47.5485,47.7168,16.5501
66.7597,0.248167,0,0.248167,0.44,1.15188,20,0,0,4142,47.5485,47.7168,16.5492
66.7854,6.95048,0,6.95048,0.44,1.15188,1270,8,0,4144,47.5557,47.7239,16.5483
66.7956,2.73618,0,2.73618,0.42,1.09805,480,0,0,4145,47.5554,47.7235,16.5466
66.8162,3.65854,0,3.65854,0.42,1.09805,610,12,0,4146,47.5581,47.7262,16.5466
66.83,6.19368,0,6.19368,0.4,1.04576,970,1,0,4147,47.5696,47.7376,16.5457
66.8435,0.841083,0,0.841083,0.4,1.04576,20,0,0,4147,47.5696,47.7376,16.5448
66.8575,6.35926,0,6.35926,0.38,0.993468,1090,5,0,4149,47.5724,47.7404,16.544
66.88,8.12034,0,8.12034,0.38,0.993468,1440,17,0,4151,47.5837,47.7516,16.5422
66.8878,0.020983,0,0.020983,0.36,0.94118,20,0,0,4151,47.5837,47.7516,16.5413
66.9085,1.17385,0,1.17385,0.36,0.94118,20,0,0,4151,47.5837,47.7516,16.5413
66.9259,9.42097,0,9.42097,0.34,0.888893,1840,8,0,4153,47.6046,47.7725,16.5404
66.944,6.47427,0,6.47427,0.34,0.888893,1150,5,0,4154,47.6204,47.7882,16.5387
66.9562,4.35809,0,4.35809,0.32,0.836605,700,8,0,4155,47.6253,47.793,16.5378
66.981,8.31116,0,8.31116,0.32,0.836605,1380,1,0,4157,47.6351,47.8027,16.5369
66.9949,6.21674,0,6.21674,0.3,0.784317,1150,5,0,4158,47.6508,47.8184,16.5352
67.0125,4.93514,0,4.93514,0.3,0.784317,780,1,0,4159,47.6576,47.8252,16.5343
67.0235,3.52499,0,3.52499,0.28,0.732029,710,11,0,4160,47.6627,47.8303,16.5334
67.0441,4.06055,0,4.06055,0.28,0.732029,630,0,0,4161,47.6659,47.8335,16.5334
67.0572,5.15446,0,5.15446,0.26,0.679741,1300,3,0,4163,47.6738,47.8412,16.5317
67.0751,4.98696,0,4.98696,0.26,0.679741,990,0,0,4164,47.6856,47.853,16.5308
67.0863,4.77173,0,4.77173,0.24,0.627454,910,3,0,4166,47.6841,47.8514,16.5291
67.1135,9.50905,0,9.50905,0.24,0.627454,1820,21,0,4168,47.7044,47.8716,16.5273
67.1266,5.68757,0,5.68757,0.22,0.575166,1090,0,0,4170,47.7072,47.8743,16.5256
67.1449,3.30959,0,3.30959,0.22,0.575166,260,1,0,4171,47.7015,47.8686,16.5238
