elapsed_s,total_latency_ms,update_ms,plan_ms,time_to_goal,path_cost,obstacle_checks,queue_operations,collision_count,tree_size,avg_deg_out,avg_deg_in,radius
0.346406,345.961,40.5063,305.455,20,138.283,181138,6037,0,2801,77.2967,79.5716,14.2384
0.358961,0.444177,0,0.444177,19.98,139.455,267,2,0,2802,77.3094,79.5835,14.2369
0.379347,0.891752,0,0.891752,19.98,139.455,285,2,0,2803,77.3632,79.6361,14.2354
0.382284,0.073061,0,0.073061,19.96,139.346,230,0,0,2803,77.3632,79.6361,14.2354
0.40278,0.136397,0,0.136397,19.96,139.346,230,0,0,2803,77.3632,79.6361,14.2354
0.405843,0.163064,0,0.163064,19.94,139.237,252,2,0,2804,77.3545,79.6266,14.234
0.426498,0.328189,0,0.328189,19.94,139.237,261,2,0,2805,77.3458,79.6168,14.2325
0.430942,0.102626,0,0.102626,19.92,139.128,230,0,0,2805,77.3458,79.6168,14.2325
0.45105,0.08141,0,0.08141,19.92,139.128,230,0,0,2805,77.3458,79.6168,14.2325
0.454859,0.462871,0,0.462871,19.9,139.019,308,2,0,2806,77.3535,79.6237,14.231
0.475075,0.571015,0,0.571015,19.9,139.019,308,2,0,2807,77.3716,79.6409,14.2295
0.477958,0.065843,0,0.065843,19.88,138.911,230,0,0,2807,77.3716,79.6409,14.2295
0.498384,0.059616,0,0.059616,19.88,138.911,230,0,0,2807,77.3716,79.6409,14.2295
0.50249,1.29171,0,1.29171,19.86,138.802,404,2,0,2808,77.4252,79.6937,14.228
0.52291,1.53832,0,1.53832,19.86,138.802,1333,0,0,2809,77.455,79.7227,14.2266
0.526324,0.683579,0,0.683579,19.84,138.693,320,2,0,2810,77.4826,79.7505,14.2251
0.546037,0.139444,0,0.139444,19.84,138.693,230,0,0,2810,77.4826,79.7505,14.2251
0.549548,0.057676,0,0.057676,19.82,138.584,230,0,0,2810,77.4826,79.7505,14.2251
0.569976,0.151109,0,0.151109,19.82,138.584,230,0,0,2810,77.4826,79.7505,14.2251
0.573841,0.914448,0,0.914448,19.8,138.475,339,2,0,2811,77.5169,79.7869,14.2236
0.594637,1.23739,0,1.23739,19.8,138.475,413,2,0,2812,77.5562,79.8265,14.2221
0.597099,0.031412,0,0.031412,19.78,138.366,230,0,0,2812,77.5562,79.8265,14.2221
0.617382,0.040357,0,0.040357,19.78,138.366,230,0,0,2812,77.5562,79.8265,14.2221
0.621569,1.01974,0,1.01974,19.76,138.257,435,2,0,2813,77.5851,79.8535,14.2207
0.6412,0.143692,0,0.143692,19.76,138.257,240,2,0,2814,77.5693,79.8369,14.2192
0.643957,0.02284,0,0.02284,19.74,138.149,230,0,0,2814,77.5693,79.8369,14.2192
0.664565,0.117229,0,0.117229,19.74,138.149,230,0,0,2814,77.5693,79.8369,14.2192
0.667234,0.034801,0,0.034801,19.72,138.04,230,0,0,2814,77.5693,79.8369,14.2192
0.688577,0.434881,0,0.434881,19.72,138.04,250,2,0,2815,77.568,79.8348,14.2177
0.692707,0.745453,0,0.745453,19.7,137.931,339,2,0,2816,77.603,79.869,14.2163
0.71346,0.798159,0,0.798159,19.7,137.931,271,2,0,2817,77.6063,79.8715,14.2148
0.720476,0.631772,0,0.631772,19.68,137.822,240,2,0,2818,77.6285,79.8928,14.2133
0.74042,0.808733,0,0.808733,19.68,137.822,317,2,0,2819,77.6534,79.9184,14.2118
0.743188,0.061769,0,0.061769,19.66,137.713,230,0,0,2819,77.6534,79.9184,14.2118
0.763722,0.096604,0,0.096604,19.66,137.713,230,0,0,2819,77.6534,79.9184,14.2118
0.766914,0.393846,0,0.393846,19.64,137.604,340,22,0,2820,77.6567,79.9202,14.2104
0.787466,0.648995,0,0.648995,19.64,137.604,306,2,0,2821,77.6788,79.9422,14.2089
0.79063,0.382497,0,0.382497,19.62,137.496,256,2,0,2822,77.6974,79.9603,14.2074
0.812634,2.06984,0,2.06984,19.62,137.496,773,8,0,2823,77.7063,79.9706,14.206
0.816419,0.136295,0,0.136295,19.6,137.387,231,1,0,2824,77.6958,79.9593,14.2045
0.836677,0.02581,0,0.02581,19.6,137.387,231,0,0,2824,77.6958,79.9593,14.2045
0.840364,0.696882,0,0.696882,19.58,137.278,282,2,0,2825,77.7331,79.9968,14.203
0.860637,0.551416,0,0.551416,19.58,137.278,299,2,0,2826,77.7392,80.0021,14.2016
0.86603,0.081716,0,0.081716,19.56,137.169,252,0,0,2826,77.7392,80.0021,14.2016
0.886876,0.873362,0,0.873362,19.56,137.169,337,2,0,2827,77.7598,80.0216,14.2001
0.889454,0.02786,0,0.02786,19.54,137.06,252,0,0,2827,77.7598,80.0216,14.2001
0.913707,3.52668,0,3.52668,19.54,137.06,763,22,0,2828,77.773,80.0361,14.1987
0.917152,0.049992,0,0.049992,19.52,136.951,252,0,0,2828,77.773,80.0361,14.1987
0.938211,0.774473,0,0.774473,19.52,136.951,335,4,0,2829,77.7798,80.0421,14.1972
0.943632,0.490851,0,0.490851,19.5,136.842,436,4,0,2830,77.7869,80.0484,14.1957
0.964235,0.998236,0,0.998236,19.5,136.842,382,2,0,2831,77.8167,80.0774,14.1943
0.968021,0.038449,0,0.038449,19.48,136.734,252,0,0,2831,77.8167,80.0774,14.1943
0.988544,0.08,0,0.08,19.48,136.734,252,0,0,2831,77.8167,80.0774,14.1943
0.991659,0.311786,0,0.311786,19.46,136.625,374,2,0,2832,77.8291,80.089,14.1928
1.0125,0.784822,0,0.784822,19.46,136.625,314,2,0,2833,77.8549,80.1151,14.1913
1.01526,0.175442,0,0.175442,19.44,136.516,272,2,0,2834,77.8627,80.1221,14.1899
1.03717,1.10968,0,1.10968,19.44,136.516,380,2,0,2835,77.8723,80.1298,14.1884
1.04324,0.702204,0,0.702204,19.42,136.407,327,2,0,2836,77.9164,80.1731,14.187
1.06412,0.838706,0,0.838706,19.42,136.407,289,2,0,2837,77.9351,80.1907,14.1855
1.07019,0.126004,0,0.126004,19.4,136.298,262,0,0,2837,77.9351,80.1907,14.1855
1.0901,0.003047,0,0.003047,19.4,136.298,262,0,0,2837,77.9351,80.1907,14.1855
1.09336,0.353791,0,0.353791,19.38,136.189,366,4,0,2838,77.9376,80.1927,14.1841
1.11367,0.125598,0,0.125598,19.38,136.189,262,0,0,2838,77.9376,80.1927,14.1841
1.11913,0.012811,0,0.012811,19.36,136.08,272,0,0,2838,77.9376,80.1927,14.1841
1.13927,0.059768,0,0.059768,19.36,136.08,272,0,0,2838,77.9376,80.1927,14.1841
1.14215,0.049461,0,0.049461,19.34,135.972,272,0,0,2838,77.9376,80.1927,14.1841
1.16281,0.12802,0,0.12802,19.34,135.972,272,0,0,2838,77.9376,80.1927,14.1841
1.16663,0.072761,0,0.072761,19.32,135.863,272,0,0,2838,77.9376,80.1927,14.1841
1.18769,0.634453,0,0.634453,19.32,135.863,414,2,0,2839,77.9401,80.1948,14.1826
1.19104,0.621789,0,0.621789,19.3,135.754,285,2,0,2840,77.9507,80.2053,14.1811
1.21072,0.002544,0,0.002544,19.3,135.754,272,0,0,2840,77.9507,80.2053,14.1811
1.21804,0.720642,0,0.720642,19.28,135.645,361,8,0,2841,77.9609,80.2147,14.1797
1.23769,0.46979,0,0.46979,19.28,135.645,282,2,0,2842,77.9613,80.2143,14.1782
1.24216,0.082614,0,0.082614,19.26,135.536,272,0,0,2842,77.9613,80.2143,14.1782
1.26328,0.643318,0,0.643318,19.26,135.536,312,2,0,2843,77.9627,80.2149,14.1768
1.26868,0.674719,0,0.674719,19.24,135.427,341,2,0,2844,78.0081,80.2598,14.1753
1.28892,0.707945,0,0.707945,19.24,135.427,429,8,0,2845,78.0257,80.278,14.1739
1.29241,0.608267,0,0.608267,19.22,135.319,388,4,0,2846,78.0327,80.2846,14.1724
1.3122,0.111786,0,0.111786,19.22,135.319,272,0,0,2846,78.0327,80.2846,14.1724
1.31793,2.41367,0,2.41367,19.2,135.21,1038,48,0,2847,78.0457,80.2979,14.171
1.3364,0.608531,0,0.608531,19.2,135.21,291,2,0,2848,78.0797,80.3311,14.1695
1.34057,1.01742,0,1.01742,19.18,135.101,321,2,0,2849,78.1229,80.3742,14.1681
1.35997,0.089689,0,0.089689,19.18,135.101,272,0,0,2849,78.1229,80.3742,14.1681
1.36342,0.326089,0,0.326089,19.16,134.992,293,2,0,2850,78.1396,80.3902,14.1666
1.38607,2.30237,0,2.30237,19.16,134.992,495,6,0,2851,78.1754,80.429,14.1652
1.39155,0.050677,0,0.050677,19.14,134.883,272,0,0,2851,78.1754,80.429,14.1652
1.41187,0.405643,0,0.405643,19.14,134.883,282,2,0,2852,78.1893,80.4421,14.1637
1.41515,0.354428,0,0.354428,19.12,134.774,297,2,0,2853,78.2072,80.4595,14.1623
1.43592,0.909932,0,0.909932,19.12,134.774,737,0,0,2854,78.2211,80.4727,14.1608
1.43896,0.064317,0,0.064317,19.1,134.665,272,0,0,2854,78.2211,80.4727,14.1608
1.45926,0.056169,0,0.056169,19.1,134.665,272,0,0,2854,78.2211,80.4727,14.1608
1.46329,0.678256,0,0.678256,19.08,134.557,318,2,0,2855,78.2308,80.4823,14.1594
1.48426,1.11459,0,1.11459,19.08,134.557,430,2,0,2856,78.2339,80.4853,14.1579
1.49071,0.430567,0,0.430567,19.06,134.448,337,2,0,2857,78.2401,80.4907,14.1565
1.51044,0.07675,0,0.07675,19.06,134.448,273,0,0,2857,78.2401,80.4907,14.1565
1.51793,0.557175,0,0.557175,19.04,134.339,390,7,0,2858,78.2341,80.4839,14.1551
1.53688,0.002771,0,0.002771,19.04,134.339,273,0,0,2858,78.2341,80.4839,14.1551
1.54024,0.395058,0,0.395058,19.02,134.23,306,2,0,2859,78.2508,80.5012,14.1536
1.56119,0.181182,0,0.181182,19.02,134.23,283,0,0,2859,78.2508,80.5012,14.1536
1.56786,0.104452,0,0.104452,19,134.121,293,0,0,2859,78.2508,80.5012,14.1536
1.58797,0.118814,0,0.118814,19,134.121,293,0,0,2859,78.2508,80.5012,14.1536
1.59094,0.222804,0,0.222804,18.98,134.012,303,2,0,2860,78.2696,80.5192,14.1522
1.61191,0.427031,0,0.427031,18.98,134.012,303,2,0,2861,78.267,80.5159,14.1507
1.61704,0.348913,0,0.348913,18.96,133.904,393,0,0,2862,78.2848,80.5328,14.1493
1.63683,0.11667,0,0.11667,18.96,133.904,283,0,0,2862,78.2848,80.5328,14.1493
1.6424,0.070138,0,0.070138,18.94,133.795,283,0,0,2862,78.2848,80.5328,14.1493
1.66342,0.213502,0,0.213502,18.94,133.795,283,0,0,2862,78.2848,80.5328,14.1493
1.67,0.327878,0,0.327878,18.92,133.686,296,2,0,2863,78.2836,80.5306,14.1479
1.68982,0.07446,0,0.07446,18.92,133.686,273,0,0,2863,78.2836,80.5306,14.1479
1.69301,0.500047,0,0.500047,18.9,133.577,327,2,0,2864,78.3205,80.5667,14.1464
1.71555,1.8894,0,1.8894,18.9,133.577,430,2,0,2865,78.3455,80.5941,14.145
1.71867,0.041043,0,0.041043,18.88,133.468,283,0,0,2865,78.3455,80.5941,14.145
1.7388,0.063659,0,0.063659,18.88,133.468,283,0,0,2865,78.3455,80.5941,14.145
1.74239,0.845497,0,0.845497,18.86,133.359,361,2,0,2866,78.3807,80.6274,14.1435
1.76343,1.31216,0,1.31216,18.86,133.359,408,2,0,2867,78.4154,80.6641,14.1421
1.76679,0.778254,0,0.778254,18.84,133.25,406,2,0,2868,78.4522,80.6991,14.1407
1.78711,0.189024,0,0.189024,18.84,133.25,293,0,0,2868,78.4522,80.6991,14.1407
1.79268,0.003164,0,0.003164,18.82,133.142,293,0,0,2868,78.4522,80.6991,14.1407
1.81289,0.124454,0,0.124454,18.82,133.142,293,0,0,2868,78.4522,80.6991,14.1407
1.81574,0.06864,0,0.06864,18.8,133.033,303,0,0,2868,78.4522,80.6991,14.1407
1.83848,2.03702,0,2.03702,18.8,133.033,510,28,0,2869,78.4782,80.725,14.1392
1.84424,0.410189,0,0.410189,18.78,132.924,346,2,0,2870,78.4951,80.7408,14.1378
1.86747,3.18644,0,3.18644,18.78,132.924,533,6,0,2871,78.542,80.7875,14.1363
1.87635,1.59161,0,1.59161,18.76,132.815,476,2,0,2872,78.5616,80.8095,14.1349
1.89513,0.021356,0,0.021356,18.76,132.815,313,0,0,2872,78.5616,80.8095,14.1349
1.90416,2.58452,0,2.58452,18.74,132.706,798,21,0,2873,78.5771,80.8256,14.1335
1.92374,1.71622,0,1.71622,18.74,132.706,475,2,0,2874,78.6082,80.8549,14.132
1.9288,0.003044,0,0.003044,18.72,132.597,323,0,0,2874,78.6082,80.8549,14.132
1.94883,0.078752,0,0.078752,18.72,132.597,323,0,0,2874,78.6082,80.8549,14.132
1.95218,0.067066,0,0.067066,18.7,132.489,313,0,0,2874,78.6082,80.8549,14.132
1.97296,0.466799,0,0.466799,18.7,132.489,380,4,0,2875,78.6136,80.8595,14.1306
1.9761,0.080266,0,0.080266,18.68,132.38,313,0,0,2875,78.6136,80.8595,14.1306
1.99735,1.41888,0,1.41888,18.68,132.38,659,12,0,2876,78.6099,80.8557,14.1292
2.00108,0.154573,0,0.154573,18.66,132.271,334,1,0,2877,78.5971,80.8422,14.1277
2.02197,0.714572,0,0.714572,18.66,132.271,686,0,0,2878,78.6018,80.8461,14.1263
2.02696,0.123177,0,0.123177,18.64,132.162,314,0,0,2878,78.6018,80.8461,14.1263
2.04864,1.17598,0,1.17598,18.64,132.162,492,16,0,2879,78.6144,80.8565,14.1249
2.05255,0.040454,0,0.040454,18.62,132.053,314,0,0,2879,78.6144,80.8565,14.1249
2.0734,0.51776,0,0.51776,18.62,132.053,358,3,0,2880,78.6087,80.8503,14.1235
2.08165,1.09339,0,1.09339,18.6,131.944,542,24,0,2881,78.6262,80.8664,14.122
2.10018,0.002578,0,0.002578,18.6,131.944,320,0,0,2881,78.6262,80.8664,14.122
2.10353,0.415129,0,0.415129,18.58,131.835,368,4,0,2882,78.6423,80.8813,14.1206
2.12389,0.150084,0,0.150084,18.58,131.835,320,0,0,2882,78.6423,80.8813,14.1206
2.12821,0.059363,0,0.059363,18.56,131.727,320,0,0,2882,78.6423,80.8813,14.1206
2.14931,0.022172,0,0.022172,18.56,131.727,320,0,0,2882,78.6423,80.8813,14.1206
2.1565,0.643358,0,0.643358,18.54,131.618,366,2,0,2883,78.6667,80.9053,14.1192
2.17631,0.002498,0,0.002498,18.54,131.618,320,0,0,2883,78.6667,80.9053,14.1192
2.18371,1.05322,0,1.05322,18.52,131.509,453,6,0,2884,78.6997,80.9369,14.1177
2.20292,0.45229,0,0.45229,18.52,131.509,338,2,0,2885,78.7116,80.948,14.1163
2.21992,14.1037,0,14.1037,18.5,131.4,3212,164,0,2886,78.7124,80.9484,14.1149
2.22641,0.335032,0,0.335032,18.5,131.4,341,2,0,2887,78.7108,80.946,14.1135
2.23078,1.43674,0,1.43674,18.48,131.291,497,16,0,2888,78.7434,80.9792,14.112
2.25054,0.531343,0,0.531343,18.48,131.291,341,2,0,2889,78.7553,80.9907,14.1106
2.25698,1.82918,0,1.82918,18.46,131.182,926,12,0,2890,78.7772,81.0138,14.1092
2.27757,1.47124,0,1.47124,18.46,131.182,423,2,0,2891,78.8049,81.0419,14.1078
2.28467,0.003491,0,0.003491,18.44,131.073,330,0,0,2891,78.8049,81.0419,14.1078
2.30431,0.11703,0,0.11703,18.44,131.073,330,0,0,2891,78.8049,81.0419,14.1078
2.30738,0.017472,0,0.017472,18.42,130.965,336,0,0,2891,78.8049,81.0419,14.1078
2.32817,0.255307,0,0.255307,18.42,130.965,336,0,0,2891,78.8049,81.0419,14.1078
2.33344,0.111402,0,0.111402,18.4,130.856,336,0,0,2891,78.8049,81.0419,14.1078
2.35484,0.686291,0,0.686291,18.4,130.856,356,2,0,2892,78.8147,81.0508,14.1064
2.35979,1.34059,0,1.34059,18.38,130.747,477,2,0,2893,78.8286,81.0629,14.1049
2.37928,0.201272,0,0.201272,18.38,130.747,332,0,0,2893,78.8286,81.0629,14.1049
2.38426,0.234323,0,0.234323,18.36,130.638,362,2,0,2894,78.8255,81.0587,14.1035
2.40471,0.228666,0,0.228666,18.36,130.638,350,2,0,2895,78.8183,81.0508,14.1021
2.41124,1.09635,0,1.09635,18.34,130.529,404,2,0,2896,78.8377,81.0673,14.1007
2.4322,1.16569,0,1.16569,18.34,130.529,381,4,0,2897,78.8578,81.0863,14.0992
2.43936,0.003902,0,0.003902,18.32,130.42,338,0,0,2897,78.8578,81.0863,14.0992
2.45872,0.005155,0,0.005155,18.32,130.42,338,0,0,2897,78.8578,81.0863,14.0992
2.46583,0.931065,0,0.931065,18.3,130.312,410,2,0,2898,78.8627,81.0894,14.0978
2.48573,0.86781,0,0.86781,18.3,130.312,477,2,0,2899,78.8758,81.1018,14.0964
2.48878,0.193797,0,0.193797,18.28,130.203,358,2,0,2900,78.8817,81.1069,14.095
2.51035,0.997587,0,0.997587,18.28,130.203,429,2,0,2901,78.919,81.1437,14.0936
2.51489,0.670488,0,0.670488,18.26,130.094,354,2,0,2902,78.9449,81.1688,14.0922
2.53408,0.074783,0,0.074783,18.26,130.094,344,0,0,2902,78.9449,81.1688,14.0922
2.54055,0.196805,0,0.196805,18.24,129.985,354,1,0,2903,78.9294,81.1526,14.0907
2.56168,1.37289,0,1.37289,18.24,129.985,410,2,0,2904,78.9697,81.1921,14.0893
2.56958,1.96783,0,1.96783,18.22,129.876,466,2,0,2905,79.0062,81.2289,14.0879
2.58931,1.15948,0,1.15948,18.22,129.876,376,2,0,2906,79.0337,81.2567,14.0865
2.59797,1.61173,0,1.61173,18.2,129.767,391,4,0,2907,79.0709,81.2921,14.0851
2.61719,0.813039,0,0.813039,18.2,129.767,564,36,0,2908,79.0739,81.2968,14.0837
2.62171,1.24245,0,1.24245,18.18,129.658,409,2,0,2909,79.0987,81.3211,14.0823
2.6409,0.003815,0,0.003815,18.18,129.658,324,0,0,2909,79.0987,81.3211,14.0823
2.64633,0.913346,0,0.913346,18.16,129.55,352,2,0,2910,79.1416,81.3632,14.0809
2.66586,0.229257,0,0.229257,18.16,129.55,324,0,0,2910,79.1416,81.3632,14.0809
2.67205,0.003267,0,0.003267,18.14,129.441,324,0,0,2910,79.1416,81.3632,14.0809
2.69227,0.243249,0,0.243249,18.14,129.441,324,0,0,2910,79.1416,81.3632,14.0809
2.69947,1.25339,0,1.25339,18.12,129.332,476,2,0,2911,79.1518,81.3724,14.0794
2.7189,0.115531,0,0.115531,18.12,129.332,324,0,0,2911,79.1518,81.3724,14.0794
2.72679,0.724827,0,0.724827,18.1,129.223,364,2,0,2912,79.1573,81.376,14.078
2.74605,0.127227,0,0.127227,18.1,129.223,324,0,0,2912,79.1573,81.376,14.078
2.74971,0.069081,0,0.069081,18.08,129.114,330,0,0,2912,79.1573,81.376,14.078
2.77065,0.44464,0,0.44464,18.08,129.114,350,2,0,2913,79.1713,81.3889,14.0766
2.77359,0.001164,0,0.001164,18.06,129.005,330,0,0,2913,79.1713,81.3889,14.0766
2.79391,0.071596,0,0.071596,18.06,129.005,330,0,0,2913,79.1713,81.3889,14.0766
2.79861,0.792204,0,0.792204,18.04,128.897,399,2,0,2914,79.1894,81.4056,14.0752
2.81876,0.10087,0,0.10087,18.04,128.897,339,0,0,2914,79.1894,81.4056,14.0752
2.82548,0.309526,0,0.309526,18.02,128.788,359,2,0,2915,79.1777,81.3931,14.0738
2.84778,1.8763,0,1.8763,18.02,128.788,491,4,0,2916,79.1893,81.4084,14.0724
2.8528,0.644907,0,0.644907,18,128.679,400,2,0,2917,79.2012,81.4196,14.071
2.8741,1.49952,0,1.49952,18,128.679,431,2,0,2918,79.2262,81.4421,14.0696
2.8807,0.002662,0,0.002662,17.98,128.57,349,0,0,2918,79.2262,81.4421,14.0696
2.90175,0.599067,0,0.599067,17.98,128.57,503,2,0,2919,79.2292,81.446,14.0682
2.90485,0.254181,0,0.254181,17.96,128.461,359,2,0,2920,79.2353,81.4514,14.0668
2.92617,0.966677,0,0.966677,17.96,128.461,551,0,0,2921,79.2427,81.4581,14.0654
2.93101,0.172397,0,0.172397,17.94,128.352,339,0,0,2921,79.2427,81.4581,14.0654
2.95224,0.91384,0,0.91384,17.94,128.352,465,2,0,2922,79.2621,81.4781,14.064
2.95552,0.335431,0,0.335431,17.92,128.243,368,2,0,2923,79.2706,81.4855,14.0626
2.9767,0.389216,0,0.389216,17.92,128.243,349,2,0,2924,79.2685,81.4826,14.0612
2.98288,0.725924,0,0.725924,17.9,128.135,472,11,0,2925,79.2834,81.4971,14.0598
3.00308,0.153253,0,0.153253,17.9,128.135,339,0,0,2925,79.2834,81.4971,14.0598
3.0096,0.532303,0,0.532303,17.88,128.026,369,6,0,2926,79.2919,81.5044,14.0584
3.0297,0.628602,0,0.628602,17.88,128.026,422,2,0,2927,79.2942,81.5104,14.057
3.03353,0.870364,0,0.870364,17.86,127.917,1083,0,0,2928,79.3163,81.5318,14.0556
3.05316,0.531472,0,0.531472,17.86,127.917,442,2,0,2929,79.3254,81.5384,14.0542
3.0595,1.77788,0,1.77788,17.84,127.808,1063,0,0,2930,79.3358,81.5481,14.0528
3.07832,0.094107,0,0.094107,17.84,127.808,339,0,0,2930,79.3358,81.5481,14.0528
3.08428,0.38918,0,0.38918,17.82,127.699,349,2,0,2931,79.3378,81.5493,14.0514
3.10408,0.026461,0,0.026461,17.82,127.699,339,0,0,2931,79.3378,81.5493,14.0514
3.10966,0.122943,0,0.122943,17.8,127.59,329,0,0,2931,79.3378,81.5493,14.0514
3.13067,1.4429,0,1.4429,17.8,127.59,1345,0,0,2932,79.3629,81.5737,14.05
3.13444,0.719921,0,0.719921,17.78,127.482,479,2,0,2933,79.3737,81.5878,14.0486
3.15434,0.476325,0,0.476325,17.78,127.482,347,2,0,2934,79.3937,81.6067,14.0472
3.15786,0.322625,0,0.322625,17.76,127.373,339,2,0,2935,79.4109,81.6232,14.0458
3.17799,0.150762,0,0.150762,17.76,127.373,339,2,0,2936,79.3995,81.611,14.0444
3.18108,0.070057,0,0.070057,17.74,127.264,329,0,0,2936,79.3995,81.611,14.0444
3.20163,0.112644,0,0.112644,17.74,127.264,329,0,0,2936,79.3995,81.611,14.0444
3.20608,1.2776,0,1.2776,17.72,127.155,684,4,0,2937,79.415,81.6258,14.043
3.22611,1.01009,0,1.01009,17.72,127.155,435,2,0,2938,79.4374,81.6477,14.0416
3.23224,0.615957,0,0.615957,17.7,127.046,376,2,0,2939,79.4634,81.672,14.0402
3.25142,0.058892,0,0.058892,17.7,127.046,335,0,0,2939,79.4634,81.672,14.0402
3.25486,0.24287,0,0.24287,17.68,126.937,353,2,0,2940,79.4748,81.6827,14.0388
3.27838,2.69443,0,2.69443,17.68,126.937,804,28,0,2941,79.5077,81.7168,14.0374
3.28269,0.473394,0,0.473394,17.66,126.828,366,2,0,2942,79.5099,81.7182,14.036
3.30231,0.003248,0,0.003248,17.66,126.828,335,0,0,2942,79.5099,81.7182,14.036
3.3062,0.716582,0,0.716582,17.64,126.72,476,8,0,2943,79.5161,81.7231,14.0346
3.32647,0.730041,0,0.730041,17.64,126.72,407,2,0,2944,79.5268,81.7344,14.0332
3.33007,0.483804,0,0.483804,17.62,126.611,465,2,0,2945,79.547,81.7538,14.0319
3.34997,0.140088,0,0.140088,17.62,126.611,335,0,0,2945,79.547,81.7538,14.0319
3.35332,0.001992,0,0.001992,17.6,126.502,341,0,0,2945,79.547,81.7538,14.0319
3.37342,0.082759,0,0.082759,17.6,126.502,341,0,0,2945,79.547,81.7538,14.0319
3.3766,0.241851,0,0.241851,17.58,126.393,351,2,0,2946,79.5563,81.7624,14.0305
3.39869,1.25487,0,1.25487,17.58,126.393,439,4,0,2947,79.5745,81.7808,14.0291
3.40446,0.080934,0,0.080934,17.56,126.284,341,0,0,2947,79.5745,81.7808,14.0291
3.42668,2.04968,0,2.04968,17.56,126.284,442,2,0,2948,79.6041,81.8107,14.0277
3.43284,0.424442,0,0.424442,17.54,126.175,386,2,0,2949,79.6151,81.8199,14.0263
3.45324,0.287737,0,0.287737,17.54,126.175,341,0,0,2949,79.6151,81.8199,14.0263
3.46512,1.47976,0,1.47976,17.52,126.066,389,2,0,2950,79.6386,81.8424,14.0249
3.48307,0.488946,0,0.488946,17.52,126.066,351,2,0,2951,79.6405,81.8434,14.0235
3.48933,0.09365,0,0.09365,17.5,125.958,342,0,0,2951,79.6405,81.8434,14.0235
3.51006,0.892052,0,0.892052,17.5,125.958,773,6,0,2952,79.6579,81.8598,14.0221
3.51345,0.485943,0,0.485943,17.48,125.849,648,2,0,2953,79.6759,81.8771,14.0208
3.53389,0.083794,0,0.083794,17.48,125.849,348,0,0,2953,79.6759,81.8771,14.0208
3.54034,1.37643,0,1.37643,17.46,125.74,866,0,0,2954,79.6869,81.8873,14.0194
3.56023,0.213727,0,0.213727,17.46,125.74,348,0,0,2954,79.6869,81.8873,14.0194
3.567,0.684775,0,0.684775,17.44,125.655,357,2,0,2955,79.6981,81.8981,14.018
3.60399,17.8291,0,17.8291,17.44,125.655,3343,299,0,2956,79.6735,81.8802,14.0166
3.60875,0.86017,0,0.86017,17.42,125.622,427,2,0,2957,79.6977,81.9036,14.0152
3.62888,0.708978,0,0.708978,17.42,125.622,398,2,0,2958,79.7113,81.9165,14.0138
3.63476,1.59353,0,1.59353,17.4,125.59,476,2,0,2959,79.7374,81.9463,14.0125
3.65351,0.033465,0,0.033465,17.4,125.59,343,0,0,2959,79.7374,81.9463,14.0125
3.66103,1.45861,0,1.45861,17.38,125.558,553,2,0,2960,79.7439,81.9551,14.0111
3.68073,1.19303,0,1.19303,17.38,125.558,482,14,0,2961,79.7622,81.973,14.0097
3.68397,0.654979,0,0.654979,17.36,125.526,426,2,0,2962,79.7974,82.0074,14.0083
3.70501,0.994944,0,0.994944,17.36,125.526,946,0,0,2963,79.8151,82.0243,14.0069
3.70742,0.061477,0,0.061477,17.34,125.493,368,0,0,2963,79.8151,82.0243,14.0069
3.72846,0.199313,0,0.199313,17.34,125.493,368,0,0,2963,79.8151,82.0243,14.0069
3.73218,0.031202,0,0.031202,17.32,125.461,378,0,0,2963,79.8151,82.0243,14.0069
3.7544,1.32436,0,1.32436,17.32,125.461,419,2,0,2964,79.8468,82.056,14.0056
3.76336,2.21552,0,2.21552,17.3,125.429,532,2,0,2965,79.8823,82.0887,14.0042
3.78133,0.404917,0,0.404917,17.3,125.429,415,2,0,2966,79.8857,82.0904,14.0028
3.7864,0.909149,0,0.909149,17.28,125.397,454,2,0,2967,79.9343,82.1389,14.0014
3.80699,0.186688,0,0.186688,17.28,125.397,378,0,0,2967,79.9343,82.1389,14.0014
3.81405,0.983577,0,0.983577,17.26,125.365,447,2,0,2968,79.9505,82.1557,14.0001
3.83364,0.708459,0,0.708459,17.26,125.365,416,2,0,2969,79.9946,82.1987,13.9987
3.83857,0.111962,0,0.111962,17.24,125.332,378,0,0,2969,79.9946,82.1987,13.9987
3.86102,2.4237,0,2.4237,17.24,125.332,1404,0,0,2970,80.0165,82.2199,13.9973
3.86566,0.004265,0,0.004265,17.22,125.3,378,0,0,2970,80.0165,82.2199,13.9973
3.88625,0.649063,0,0.649063,17.22,125.3,418,2,0,2971,80.0108,82.2131,13.9959
3.89114,0.339136,0,0.339136,17.2,125.268,388,2,0,2972,80.0323,82.2338,13.9946
3.91073,0.090604,0,0.090604,17.2,125.268,378,0,0,2972,80.0323,82.2338,13.9946
3.91381,0.093326,0,0.093326,17.18,125.236,378,0,0,2972,80.0323,82.2338,13.9946
3.93499,0.613278,0,0.613278,17.18,125.236,443,4,0,2973,80.0565,82.2566,13.9932
3.93739,0.00095,0,0.00095,17.16,125.203,378,0,0,2973,80.0565,82.2566,13.9932
3.95846,0.418221,0,0.418221,17.16,125.203,397,2,0,2974,80.0683,82.2677,13.9918
3.9619,0.066986,0,0.066986,17.14,125.171,368,0,0,2974,80.0683,82.2677,13.9918
3.98192,0.040156,0,0.040156,17.14,125.171,368,0,0,2974,80.0683,82.2677,13.9918
3.98552,0.317023,0,0.317023,17.12,125.139,405,2,0,2975,80.0793,82.278,13.9904
4.00945,3.13539,0,3.13539,17.12,125.139,768,26,0,2976,80.0924,82.295,13.9891
4.01673,1.08298,0,1.08298,17.1,125.107,575,2,0,2977,80.0974,82.2993,13.9877
4.03618,0.521353,0,0.521353,17.1,125.107,420,2,0,2978,80.1007,82.3022,13.9863
4.04086,1.71021,0,1.71021,17.08,125.074,532,6,0,2979,80.1215,82.3226,13.985
4.06071,0.77989,0,0.77989,17.08,125.074,410,2,0,2980,80.1292,82.3295,13.9836
4.0651,0.152916,0,0.152916,17.06,125.042,383,2,0,2981,80.1221,82.3217,13.9822
4.08581,0.15173,0,0.15173,17.06,125.042,373,0,0,2981,80.1221,82.3217,13.9822
4.08895,0.115295,0,0.115295,17.04,125.01,373,0,0,2981,80.1221,82.3217,13.9822
4.11028,0.915243,0,0.915243,17.04,125.01,490,2,0,2982,80.1288,82.3276,13.9809
4.11659,0.152152,0,0.152152,17.02,124.978,373,0,0,2982,80.1288,82.3276,13.9809
4.13734,1.17654,0,1.17654,17.02,124.978,417,2,0,2983,80.1683,82.3671,13.9795
4.14197,0.052073,0,0.052073,17,124.946,362,0,0,2983,80.1683,82.3671,13.9795
4.16367,0.288647,0,0.288647,17,124.946,381,2,0,2984,80.1625,82.3606,13.9781
4.16653,0.332978,0,0.332978,16.98,124.913,372,2,0,2985,80.1712,82.3685,13.9768
4.18727,0.398358,0,0.398358,16.98,124.913,417,2,0,2986,80.1708,82.367,13.9754
4.19294,0.718144,0,0.718144,16.96,124.881,427,2,0,2987,80.1751,82.3706,13.974
4.21254,0.730865,0,0.730865,16.96,124.881,484,2,0,2988,80.178,82.3725,13.9727
4.21807,0.430533,0,0.430533,16.94,124.849,402,2,0,2989,80.2031,82.3954,13.9713
4.23987,0.988364,0,0.988364,16.94,124.849,378,2,0,2990,80.2221,82.414,13.9699
4.24688,0.755468,0,0.755468,16.92,124.817,414,2,0,2991,80.2588,82.4493,13.9686
4.26813,1.76807,0,1.76807,16.92,124.817,565,6,0,2992,80.2691,82.4589,13.9672
4.27272,0.037936,0,0.037936,16.9,124.784,362,0,0,2992,80.2691,82.4589,13.9672
4.29471,0.643771,0,0.643771,16.9,124.784,374,2,0,2993,80.2736,82.4627,13.9659
4.3024,1.29643,0,1.29643,16.88,124.752,431,2,0,2994,80.2882,82.4763,13.9645
4.32212,1.07611,0,1.07611,16.88,124.752,405,2,0,2995,80.3045,82.4928,13.9631
4.32676,0.805923,0,0.805923,16.86,124.72,384,2,0,2996,80.3425,82.5314,13.9618
4.34615,0.108018,0,0.108018,16.86,124.72,336,0,0,2996,80.3425,82.5314,13.9618
4.34898,0.295605,0,0.295605,16.84,124.688,352,2,0,2997,80.3777,82.5659,13.9604
4.37032,0.205908,0,0.205908,16.84,124.688,342,0,0,2997,80.3777,82.5659,13.9604
4.3763,0.846198,0,0.846198,16.82,124.656,396,2,0,2998,80.4063,82.5931,13.9591
4.39605,0.12545,0,0.12545,16.82,124.656,342,0,0,2998,80.4063,82.5931,13.9591
4.40235,0.432411,0,0.432411,16.8,124.623,352,2,0,2999,80.4068,82.5929,13.9577
4.42569,2.21244,0,2.21244,16.8,124.623,490,2,0,3000,80.434,82.62,13.9563
4.43405,2.04223,0,2.04223,16.78,124.591,662,10,0,3001,80.4492,82.6335,13.955
4.45206,0.141686,0,0.141686,16.78,124.591,342,0,0,3001,80.4492,82.6335,13.955
4.45744,1.73679,0,1.73679,16.76,124.559,409,2,0,3002,80.4664,82.6489,13.9536
4.47581,0.88052,0,0.88052,16.76,124.559,496,2,0,3003,80.4842,82.6653,13.9523
4.4799,0.904618,0,0.904618,16.74,124.527,401,2,0,3004,80.522,82.7014,13.9509
4.49907,0.00248,0,0.00248,16.74,124.527,342,0,0,3004,80.522,82.7014,13.9509
4.50294,0.708434,0,0.708434,16.72,124.494,376,2,0,3005,80.5301,82.7088,13.9496
4.52488,1.22872,0,1.22872,16.72,124.494,372,6,0,3006,80.5526,82.7292,13.9482
4.52982,1.34317,0,1.34317,16.7,124.462,862,0,0,3007,80.5667,82.7426,13.9469
4.55261,4.35906,0,4.35906,16.7,124.462,1506,42,0,3008,80.5741,82.756,13.9455
4.56158,0.578153,0,0.578153,16.68,124.43,352,2,0,3009,80.5726,82.7537,13.9441
4.57989,0.057317,0,0.057317,16.68,124.43,342,0,0,3009,80.5726,82.7537,13.9441
4.58321,0.024553,0,0.024553,16.66,124.398,342,0,0,3009,80.5726,82.7537,13.9441
4.60298,0.134834,0,0.134834,16.66,124.398,342,0,0,3009,80.5726,82.7537,13.9441
4.60647,0.493825,0,0.493825,16.64,124.366,352,2,0,3010,80.5854,82.7658,13.9428
4.62717,0.796998,0,0.796998,16.64,124.366,564,8,0,3011,80.5971,82.7755,13.9414
4.62991,0.289052,0,0.289052,16.62,124.333,524,4,0,3012,80.5989,82.7766,13.9401
4.65149,0.765237,0,0.765237,16.62,124.333,416,2,0,3013,80.6114,82.7883,13.9387
4.65843,1.1935,0,1.1935,16.6,124.301,426,2,0,3014,80.644,82.8179,13.9374
4.67842,0.958866,0,0.958866,16.6,124.301,367,2,0,3015,80.6551,82.8272,13.936
4.685,1.23259,0,1.23259,16.58,124.269,440,2,0,3016,80.6568,82.8312,13.9347
4.70372,0.469426,0,0.469426,16.58,124.269,481,2,0,3017,80.6692,82.8429,13.9334
4.70663,0.433034,0,0.433034,16.56,124.237,419,2,0,3018,80.6812,82.8542,13.932
4.72691,0.022742,0,0.022742,16.56,124.237,332,0,0,3018,80.6812,82.8542,13.932
4.72967,0.030101,0,0.030101,16.54,124.204,336,0,0,3018,80.6812,82.8542,13.932
4.7524,1.51264,0,1.51264,16.54,124.204,406,2,0,3019,80.7148,82.889,13.9307
4.75691,0.062414,0,0.062414,16.52,124.172,336,0,0,3019,80.7148,82.889,13.9307
4.77727,0.11275,0,0.11275,16.52,124.172,336,0,0,3019,80.7148,82.889,13.9307
4.78044,0.035401,0,0.035401,16.5,124.14,336,0,0,3019,80.7148,82.889,13.9307
4.80109,0.509453,0,0.509453,16.5,124.14,568,1,0,3020,80.7156,82.8891,13.9293
4.80404,0.505663,0,0.505663,16.48,124.108,421,4,0,3021,80.7282,82.9014,13.928
4.82631,1.72853,0,1.72853,16.48,124.108,631,8,0,3022,80.734,82.904,13.9266
4.83057,0.081893,0,0.081893,16.46,124.076,336,0,0,3022,80.734,82.904,13.9266
4.85188,0.834208,0,0.834208,16.46,124.076,723,0,0,3023,80.7549,82.9242,13.9253
4.85496,0.681458,0,0.681458,16.44,124.043,439,2,0,3024,80.7834,82.9507,13.9239
4.87454,0.071757,0,0.071757,16.44,124.043,336,0,0,3024,80.7834,82.9507,13.9239
4.87775,0.650217,0,0.650217,16.42,124.011,390,2,0,3025,80.8026,82.9702,13.9226
4.89811,0.323191,0,0.323191,16.42,124.011,336,2,0,3026,80.8113,82.9782,13.9212
4.90069,0.034937,0,0.034937,16.4,123.979,326,0,0,3026,80.8113,82.9782,13.9212
4.92211,0.093264,0,0.093264,16.4,123.979,326,0,0,3026,80.8113,82.9782,13.9212
4.92861,1.06559,0,1.06559,16.38,123.947,349,2,0,3027,80.8404,83.0069,13.9199
4.948,0.096336,0,0.096336,16.38,123.947,306,0,0,3027,80.8404,83.0069,13.9199
4.95139,0.350519,0,0.350519,16.36,123.914,368,2,0,3028,80.8385,83.0053,13.9186
4.97083,0.060827,0,0.060827,16.36,123.914,318,0,0,3028,80.8385,83.0053,13.9186
4.97463,0.071689,0,0.071689,16.34,123.882,318,0,0,3028,80.8385,83.0053,13.9186
4.99606,0.591268,0,0.591268,16.34,123.882,392,2,0,3029,80.8438,83.0096,13.9172
5.24221,242.975,24.4435,218.532,16.32,123.85,139928,4691,0,3030,79.6063,81.9624,13.9159
5.24668,0.426601,0,0.426601,16.3,123.818,413,2,0,3031,79.6321,81.9875,13.9145
5.26755,1.13032,0,1.13032,16.3,123.818,417,2,0,3032,79.6685,82.0231,13.9132
5.27056,0.087973,0,0.087973,16.28,123.785,308,0,0,3032,79.6685,82.0231,13.9132
5.29139,0.539313,0,0.539313,16.28,123.785,389,2,0,3033,79.6775,82.0313,13.9119
5.29473,0.037966,0,0.037966,16.26,123.753,312,0,0,3033,79.6775,82.0313,13.9119
5.31543,0.159809,0,0.159809,16.26,123.753,312,0,0,3033,79.6775,82.0313,13.9119
5.31961,0.879653,0,0.879653,16.24,123.721,393,2,0,3034,79.7254,82.0788,13.9105
5.3392,0.119182,0,0.119182,16.24,123.721,320,0,0,3034,79.7254,82.0788,13.9105
5.34314,0.438842,0,0.438842,16.22,123.689,375,6,0,3035,79.7456,82.0982,13.9092
5.36371,0.947235,0,0.947235,16.22,123.689,529,4,0,3036,79.7628,82.115,13.9079
5.36748,0.705316,0,0.705316,16.2,123.657,425,2,0,3037,79.7932,82.1442,13.9065
5.38823,1.02648,0,1.02648,16.2,123.657,430,4,0,3038,79.84,82.1903,13.9052
5.39248,0.768209,0,0.768209,16.18,123.624,534,8,0,3039,79.843,82.1912,13.9038
5.41271,0.635293,0,0.635293,16.18,123.624,462,4,0,3040,79.8556,82.203,13.9025
5.41683,0.509246,0,0.509246,16.16,123.592,355,2,0,3041,79.8724,82.219,13.9012
5.43814,1.32858,0,1.32858,16.16,123.592,521,2,0,3042,79.8846,82.2321,13.8998
5.44432,0.389255,0,0.389255,16.14,123.56,395,3,0,3043,79.8814,82.2284,13.8985
5.46445,0.53735,0,0.53735,16.14,123.56,358,2,0,3044,79.8827,82.229,13.8972
5.47133,1.47048,0,1.47048,16.12,123.528,520,2,0,3045,79.9143,82.2594,13.8958
5.49113,0.457319,0,0.457319,16.12,123.528,340,2,0,3046,79.9327,82.2771,13.8945
5.49462,0.0568,0,0.0568,16.1,123.495,330,0,0,3046,79.9327,82.2771,13.8945
5.51693,1.37121,0,1.37121,16.1,123.495,523,2,0,3047,79.9495,82.2921,13.8932
5.52239,0.550106,0,0.550106,16.08,123.463,391,2,0,3048,79.96,82.3012,13.8919
5.54365,1.12796,0,1.12796,16.08,123.463,423,2,0,3049,79.9711,82.3122,13.8905
5.83697,287.909,21.6368,266.272,16.06,123.431,181942,5290,0,3049,79.6461,82.061,13.8905
5.84047,0.074471,0,0.074471,16.04,123.399,324,0,0,3049,79.6461,82.061,13.8905
5.86054,0.042388,0,0.042388,16.04,123.399,324,0,0,3049,79.6461,82.061,13.8905
5.86388,0.001484,0,0.001484,16.02,123.367,333,0,0,3049,79.6461,82.061,13.8905
5.88542,0.852142,0,0.852142,16.02,123.367,529,6,0,3050,79.6666,82.0807,13.8892
5.88801,0.0193,0,0.0193,16,123.334,337,0,0,3050,79.6666,82.0807,13.8892
5.90975,1.02214,0,1.02214,16,123.334,585,24,0,3051,79.6886,82.1023,13.8879
5.91321,0.746947,0,0.746947,15.98,123.302,656,33,0,3052,79.7012,82.1144,13.8865
5.93469,1.99921,0,1.99921,15.98,123.302,799,8,0,3053,79.7252,82.1369,13.8852
5.93789,0.280992,0,0.280992,15.96,123.27,360,2,0,3054,79.7475,82.1585,13.8839
5.9589,1.15932,0,1.15932,15.96,123.27,588,10,0,3055,79.7794,82.1895,13.8826
5.9618,0.002339,0,0.002339,15.94,123.238,350,0,0,3055,79.7794,82.1895,13.8826
5.98305,0.711264,0,0.711264,15.94,123.238,444,2,0,3056,79.7906,82.1996,13.8812
6.24009,253.244,16.5958,236.648,15.92,123.205,155873,4202,0,3056,79.6865,82.0848,13.8812
6.24313,0.052553,0,0.052553,15.9,123.173,350,0,0,3056,79.6865,82.0848,13.8812
6.26317,0.002726,0,0.002726,15.9,123.173,350,0,0,3056,79.6865,82.0848,13.8812
6.2667,0.495931,0,0.495931,15.88,123.141,402,2,0,3057,79.718,82.1155,13.8799
6.28624,0.0588,0,0.0588,15.88,123.141,350,0,0,3057,79.718,82.1155,13.8799
6.28941,0.011636,0,0.011636,15.86,123.109,350,0,0,3057,79.718,82.1155,13.8799
6.31084,0.862179,0,0.862179,15.86,123.109,526,6,0,3058,79.7364,82.1334,13.8786
6.31371,0.239171,0,0.239171,15.84,123.077,388,2,0,3059,79.7375,82.1337,13.8773
6.33414,0.0584,0,0.0584,15.84,123.077,350,0,0,3059,79.7375,82.1337,13.8773
6.33723,0.474568,0,0.474568,15.82,123.044,491,2,0,3060,79.7516,82.1467,13.8759
6.35726,0.135032,0,0.135032,15.82,123.044,350,0,0,3060,79.7516,82.1467,13.8759
6.36055,0.592013,0,0.592013,15.8,123.012,748,6,0,3061,79.7661,82.1604,13.8746
6.38238,1.59755,0,1.59755,15.8,123.012,591,23,0,3062,79.7753,82.1708,13.8733
6.38618,0.4318,0,0.4318,15.78,122.98,435,2,0,3063,79.7829,82.1773,13.872
6.40937,2.94503,0,2.94503,15.78,122.98,990,42,0,3064,79.8195,82.2138,13.8706
6.41597,2.14176,0,2.14176,15.76,122.948,902,8,0,3065,79.8405,82.2352,13.8693
6.43479,0.127942,0,0.127942,15.76,122.948,340,0,0,3065,79.8405,82.2352,13.8693
6.44042,0.55638,0,0.55638,15.74,122.915,352,2,0,3066,79.8584,82.2528,13.868
6.46008,0.063802,0,0.063802,15.74,122.915,340,0,0,3066,79.8584,82.2528,13.868
6.46452,0.852971,0,0.852971,15.72,122.883,495,4,0,3067,79.8807,82.2739,13.8667
6.48432,1.06673,0,1.06673,15.72,122.883,408,2,0,3068,79.8885,82.2813,13.8654
6.48785,0.036693,0,0.036693,15.7,122.851,340,0,0,3068,79.8885,82.2813,13.8654
6.50915,0.744571,0,0.744571,15.7,122.851,395,6,0,3069,79.9016,82.2936,13.8641
6.51558,0.895921,0,0.895921,15.68,122.819,400,2,0,3070,79.9352,82.3267,13.8627
6.53589,1.01232,0,1.01232,15.68,122.819,425,4,0,3071,79.9586,82.3507,13.8614
6.53958,1.22167,0,1.22167,15.66,122.787,503,2,0,3072,79.9609,82.3519,13.8601
6.55915,0.073052,0,0.073052,15.66,122.787,340,0,0,3072,79.9609,82.3519,13.8601
6.56241,0.043293,0,0.043293,15.64,122.754,330,0,0,3072,79.9609,82.3519,13.8601
6.58429,1.7561,0,1.7561,15.64,122.754,996,29,0,3073,79.9691,82.3596,13.8588
6.58765,0.566449,0,0.566449,15.62,122.722,350,2,0,3074,79.9873,82.377,13.8575
6.60754,0.004971,0,0.004971,15.62,122.722,340,0,0,3074,79.9873,82.377,13.8575
6.61186,0.579519,0,0.579519,15.6,122.69,496,2,0,3075,80.012,82.4016,13.8562
6.63329,0.83707,0,0.83707,15.6,122.69,460,2,0,3076,80.027,82.4158,13.8548
6.63943,0.106222,0,0.106222,15.58,122.658,330,0,0,3076,80.027,82.4158,13.8548
6.65966,0.034093,0,0.034093,15.58,122.658,330,0,0,3076,80.027,82.4158,13.8548
6.66342,0.953708,0,0.953708,15.56,122.625,412,2,0,3077,80.0416,82.4296,13.8535
6.68401,1.42219,0,1.42219,15.56,122.625,812,8,0,3078,80.0559,82.4435,13.8522
6.6864,0.043959,0,0.043959,15.54,122.593,330,0,0,3078,80.0559,82.4435,13.8522
6.70803,0.988305,0,0.988305,15.54,122.593,499,14,0,3079,80.0919,82.4794,13.8509
6.71042,0.033948,0,0.033948,15.52,122.561,330,0,0,3079,80.0919,82.4794,13.8509
6.73171,0.080257,0,0.080257,15.52,122.561,330,0,0,3079,80.0919,82.4794,13.8509
6.73624,0.296057,0,0.296057,15.5,122.529,342,2,0,3080,80.0961,82.4821,13.8496
6.75608,0.127228,0,0.127228,15.5,122.529,330,0,0,3080,80.0961,82.4821,13.8496
6.76337,1.45293,0,1.45293,15.48,122.497,719,4,0,3081,80.1081,82.4933,13.8483
6.78171,0.429088,0,0.429088,15.48,122.497,330,2,0,3082,80.1226,82.5071,13.847
6.78654,1.74776,0,1.74776,15.46,122.464,490,14,0,3083,80.1576,82.5417,13.8456
6.80521,0.491388,0,0.491388,15.46,122.464,393,2,0,3084,80.1751,82.558,13.8443
6.8078,0.050291,0,0.050291,15.44,122.432,320,0,0,3084,80.1751,82.558,13.8443
6.82845,0.270547,0,0.270547,15.44,122.432,365,2,0,3085,80.1741,82.5562,13.843
6.83173,0.420385,0,0.420385,15.42,122.4,352,2,0,3086,80.187,82.5684,13.8417
6.85228,0.77972,0,0.77972,15.42,122.4,432,2,0,3087,80.2096,82.5896,13.8404
7.15368,297.924,29.007,268.917,15.4,122.368,178763,5560,0,3088,80.001,82.4084,13.8391
7.15696,0.230853,0,0.230853,15.38,122.335,312,2,0,3089,80,82.4066,13.8378
7.17806,1.42118,0,1.42118,15.38,122.335,933,30,0,3090,80.0379,82.4443,13.8365
7.1804,0.045015,0,0.045015,15.36,122.303,300,0,0,3090,80.0379,82.4443,13.8365
7.20147,0.431044,0,0.431044,15.36,122.303,342,4,0,3091,80.0401,82.4458,13.8352
7.20459,0.653874,0,0.653874,15.34,122.271,549,2,0,3092,80.0637,82.468,13.8339
7.22656,1.89093,0,1.89093,15.34,122.271,917,106,0,3093,80.0876,82.4908,13.8326
7.22982,1.0719,0,1.0719,15.32,122.239,747,10,0,3094,80.1328,82.5336,13.8313
7.24915,0.073371,0,0.073371,15.32,122.239,300,0,0,3094,80.1328,82.5336,13.8313
7.25188,0.023137,0,0.023137,15.3,122.206,300,0,0,3094,80.1328,82.5336,13.8313
7.27236,0.029297,0,0.029297,15.3,122.206,300,0,0,3094,80.1328,82.5336,13.8313
7.27642,0.32081,0,0.32081,15.28,122.174,309,2,0,3095,80.1363,82.5363,13.83
7.29728,0.611395,0,0.611395,15.28,122.174,332,2,0,3096,80.156,82.5552,13.8287
7.30216,1.22279,0,1.22279,15.26,122.142,396,2,0,3097,80.196,82.5938,13.8274
7.32283,1.36098,0,1.36098,15.26,122.142,472,2,0,3098,80.2353,82.6317,13.826
7.32699,0.17287,0,0.17287,15.24,122.11,300,2,0,3099,80.2207,82.6163,13.8247
7.34718,0.131216,0,0.131216,15.24,122.11,290,0,0,3099,80.2207,82.6163,13.8247
7.35134,0.540773,0,0.540773,15.22,122.078,426,6,0,3100,80.2368,82.6326,13.8234
7.37237,1.26508,0,1.26508,15.22,122.078,487,9,0,3101,80.2406,82.6353,13.8221
7.47526,98.7555,11.6108,87.1447,15.2,122.045,68333,2042,0,3101,80.197,82.5963,13.8221
7.47821,0.389172,0,0.389172,15.18,125.017,624,18,0,3101,80.1964,82.5953,13.8221
7.49824,0.212194,0,0.212194,15.18,125.017,206,2,0,3102,80.1931,82.5912,13.8208
7.50078,0.030516,0,0.030516,15.16,124.946,196,0,0,3102,80.1931,82.5912,13.8208
7.52152,0.09466,0,0.09466,15.16,124.946,196,0,0,3102,80.1931,82.5912,13.8208
7.52576,1.45752,0,1.45752,15.14,124.875,494,10,0,3103,80.2353,82.6313,13.8195
7.54574,1.18292,0,1.18292,15.14,124.875,485,8,0,3104,80.2561,82.6505,13.8182
7.54819,0.031436,0,0.031436,15.12,124.804,186,0,0,3104,80.2561,82.6505,13.8182
7.56945,0.66847,0,0.66847,15.12,124.804,233,4,0,3105,80.275,82.6692,13.8169
7.57168,0.016546,0,0.016546,15.1,124.733,186,0,0,3105,80.275,82.6692,13.8169
7.59279,0.560195,0,0.560195,15.1,124.733,224,4,0,3106,80.291,82.6845,13.8156
7.59636,0.299067,0,0.299067,15.08,124.662,200,2,0,3107,80.3019,82.6946,13.8143
7.61634,0.089374,0,0.089374,15.08,124.662,180,0,0,3107,80.3019,82.6946,13.8143
7.6202,1.04698,0,1.04698,15.06,124.591,420,32,0,3108,80.3263,82.7178,13.8131
7.64046,1.21599,0,1.21599,15.06,124.591,468,5,0,3109,80.331,82.7215,13.8118
7.64421,0.4857,0,0.4857,15.04,124.521,184,2,0,3110,80.345,82.7347,13.8105
7.66461,0.077225,0,0.077225,15.04,124.521,174,0,0,3110,80.345,82.7347,13.8105
7.66896,0.093985,0,0.093985,15.02,124.45,174,0,0,3110,80.345,82.7347,13.8105
7.69067,0.798686,0,0.798686,15.02,124.45,221,2,0,3111,80.35,82.739,13.8092
7.69646,0.170911,0,0.170911,15,124.379,174,0,0,3111,80.35,82.739,13.8092
7.71675,0.133171,0,0.133171,15,124.379,174,0,0,3111,80.35,82.739,13.8092
8.01082,288.61,20.9722,267.638,14.98,124.308,174283,5306,0,3112,80.2359,82.6379,13.8079
8.01364,0.002094,0,0.002094,14.96,124.237,180,0,0,3112,80.2359,82.6379,13.8079
8.03425,0.547345,0,0.547345,14.96,124.237,222,2,0,3113,80.2547,82.656,13.8066
8.03673,0.019286,0,0.019286,14.94,124.166,180,0,0,3113,80.2547,82.656,13.8066
8.05754,0.086983,0,0.086983,14.94,124.166,180,0,0,3113,80.2547,82.656,13.8066
8.05992,0.069094,0,0.069094,14.92,124.095,180,0,0,3113,80.2547,82.656,13.8066
8.08102,0.51178,0,0.51178,14.92,124.095,350,0,0,3114,80.2681,82.6686,13.8053
8.08335,0.001285,0,0.001285,14.9,124.024,180,0,0,3114,80.2681,82.6686,13.8053
8.10442,0.838684,0,0.838684,14.9,124.024,362,18,0,3115,80.2848,82.6848,13.804
8.10766,0.230014,0,0.230014,14.88,123.953,190,2,0,3116,80.285,82.6842,13.8027
8.12861,0.61346,0,0.61346,14.88,123.953,269,8,0,3117,80.3061,82.7048,13.8014
8.13299,0.756889,0,0.756889,14.86,123.882,280,2,0,3118,80.3262,82.7242,13.8001
8.15567,2.67834,0,2.67834,14.86,123.882,564,42,0,3119,80.3533,82.7502,13.7988
8.15902,0.035003,0,0.035003,14.84,123.811,180,0,0,3119,80.3533,82.7502,13.7988
8.17969,0.067257,0,0.067257,14.84,123.811,180,0,0,3119,80.3533,82.7502,13.7988
8.18287,0.673664,0,0.673664,14.82,123.74,361,2,0,3120,80.3667,82.7628,13.7975
8.20286,0.125668,0,0.125668,14.82,123.74,188,0,0,3120,80.3667,82.7628,13.7975
8.20844,0.193574,0,0.193574,14.8,123.67,188,0,0,3120,80.3667,82.7628,13.7975
8.22935,0.179034,0,0.179034,14.8,123.67,188,0,0,3120,80.3667,82.7628,13.7975
8.23498,0.089945,0,0.089945,14.78,123.599,188,0,0,3120,80.3667,82.7628,13.7975
8.25697,1.26199,0,1.26199,14.78,123.599,244,2,0,3121,80.3931,82.7892,13.7962
8.25989,0.084884,0,0.084884,14.76,123.528,192,0,0,3121,80.3931,82.7892,13.7962
8.28056,0.44086,0,0.44086,14.76,123.528,218,2,0,3122,80.4049,82.8004,13.7949
8.28281,0.052044,0,0.052044,14.74,123.457,192,0,0,3122,80.4049,82.8004,13.7949
8.30349,0.125834,0,0.125834,14.74,123.457,192,0,0,3122,80.4049,82.8004,13.7949
8.3085,0.422813,0,0.422813,14.72,123.386,338,2,0,3123,80.4047,82.7992,13.7937
8.32851,0.070061,0,0.070061,14.72,123.386,196,0,0,3123,80.4047,82.7992,13.7937
8.33167,0.849327,0,0.849327,14.7,123.315,639,30,0,3124,80.4177,82.8111,13.7924
8.35168,0.004631,0,0.004631,14.7,123.315,196,0,0,3124,80.4177,82.8111,13.7924
8.35832,0.548921,0,0.548921,14.68,123.244,208,2,0,3125,80.415,82.8077,13.7911
8.37793,0.082803,0,0.082803,14.68,123.244,196,0,0,3125,80.415,82.8077,13.7911
8.38048,0.215957,0,0.215957,14.66,123.173,216,2,0,3126,80.4261,82.818,13.7898
8.40109,0.480111,0,0.480111,14.66,123.173,306,4,0,3127,80.432,82.8232,13.7885
8.4036,0.055368,0,0.055368,14.64,123.102,196,0,0,3127,80.432,82.8232,13.7885
8.42587,1.10084,0,1.10084,14.64,123.102,251,2,0,3128,80.4441,82.8341,13.7872
8.43238,0.033349,0,0.033349,14.62,123.031,210,0,0,3128,80.4441,82.8341,13.7872
8.45433,0.84966,0,0.84966,14.62,123.031,220,2,0,3129,80.4596,82.8488,13.7859
8.45914,0.681746,0,0.681746,14.6,122.96,352,18,0,3130,80.484,82.8732,13.7846
8.47913,0.087791,0,0.087791,14.6,122.96,214,0,0,3130,80.484,82.8732,13.7846
8.48156,0.014179,0,0.014179,14.58,122.889,214,0,0,3130,80.484,82.8732,13.7846
8.50218,0.310454,0,0.310454,14.58,122.889,280,2,0,3131,80.4836,82.8719,13.7834
8.506,0.341825,0,0.341825,14.56,122.819,246,2,0,3132,80.5179,82.9055,13.7821
8.52732,0.522111,0,0.522111,14.56,122.819,246,2,0,3133,80.5206,82.9074,13.7808
8.53236,0.035188,0,0.035188,14.54,122.748,240,0,0,3133,80.5206,82.9074,13.7808
8.5544,0.791264,0,0.791264,14.54,122.748,280,2,0,3134,80.522,82.9081,13.7795
8.56252,1.69153,0,1.69153,14.52,122.677,370,18,0,3135,80.5461,82.9298,13.7782
8.58148,0.509718,0,0.509718,14.52,122.677,280,2,0,3136,80.5673,82.9493,13.7769
8.59125,4.22446,0,4.22446,14.5,122.606,722,90,0,3137,80.5974,82.9796,13.7757
8.60687,0.01271,0,0.01271,14.5,122.606,244,0,0,3137,80.5974,82.9796,13.7757
8.74396,134.163,16.3293,117.834,14.48,122.535,90390,2931,0,3138,80.5073,82.8977,13.7744
8.74724,0.43287,0,0.43287,14.46,122.464,291,2,0,3139,80.5282,82.9178,13.7731
8.76752,0.657633,0,0.657633,14.46,122.464,314,2,0,3140,80.5487,82.9373,13.7718
8.76999,0.014542,0,0.014542,14.44,122.393,250,0,0,3140,80.5487,82.9373,13.7718
8.79072,0.075206,0,0.075206,14.44,122.393,250,0,0,3140,80.5487,82.9373,13.7718
8.79389,0.640929,0,0.640929,14.42,122.322,395,2,0,3141,80.5692,82.9573,13.7705
8.81381,0.064639,0,0.064639,14.42,122.322,240,0,0,3141,80.5692,82.9573,13.7705
8.81667,0.224378,0,0.224378,14.4,122.251,258,2,0,3142,80.5732,82.9605,13.7692
8.83666,0.036542,0,0.036542,14.4,122.251,240,0,0,3142,80.5732,82.9605,13.7692
8.83964,0.0511,0,0.0511,14.38,122.18,230,0,0,3142,80.5732,82.9605,13.7692
8.86038,0.595474,0,0.595474,14.38,122.18,305,2,0,3143,80.5877,82.9742,13.768
8.86452,0.260738,0,0.260738,14.36,122.109,260,4,0,3144,80.5814,82.9672,13.7667
8.88616,1.43955,0,1.43955,14.36,122.109,366,2,0,3145,80.6178,83.0048,13.7654
8.88935,0.052516,0,0.052516,14.34,122.038,230,0,0,3145,80.6178,83.0048,13.7654
8.91075,0.471815,0,0.471815,14.34,122.038,240,2,0,3146,80.6176,83.0038,13.7641
8.91588,1.01652,0,1.01652,14.32,121.968,359,2,0,3147,80.6514,83.0378,13.7629
8.93513,0.092952,0,0.092952,14.32,121.968,210,0,0,3147,80.6514,83.0378,13.7629
8.9382,0.139113,0,0.139113,14.3,121.897,220,2,0,3148,80.6464,83.0321,13.7616
8.95879,0.622875,0,0.622875,14.3,121.897,290,12,0,3149,80.6554,83.0403,13.7603
8.96502,0.432456,0,0.432456,14.28,121.826,258,2,0,3150,80.6533,83.0371,13.759
8.98494,0.25943,0,0.25943,14.28,121.826,250,2,0,3151,80.649,83.0321,13.7578
8.98757,0.023094,0,0.023094,14.26,121.755,230,0,0,3151,80.649,83.0321,13.7578
9.01044,1.78452,0,1.78452,14.26,121.755,410,6,0,3152,80.6834,83.0663,13.7565
9.01343,0.162462,0,0.162462,14.24,121.684,240,1,0,3153,80.6727,83.0549,13.7552
9.03478,0.844379,0,0.844379,14.24,121.684,303,8,0,3154,80.6753,83.0571,13.7539
9.04216,0.134836,0,0.134836,14.22,121.613,230,0,0,3154,80.6753,83.0571,13.7539
9.06358,2.31326,0,2.31326,14.22,121.613,360,2,0,3155,80.7233,83.1036,13.7527
9.0735,2.52679,0,2.52679,14.2,121.542,410,2,0,3156,80.7649,83.1461,13.7514
9.09084,0.657457,0,0.657457,14.2,121.542,293,2,0,3157,80.7776,83.1577,13.7501
9.09437,0.246614,0,0.246614,14.18,121.471,230,2,0,3158,80.7625,83.1419,13.7488
9.11527,0.636843,0,0.636843,14.18,121.471,240,2,0,3159,80.7727,83.1513,13.7476
9.12147,0.522656,0,0.522656,14.16,121.4,240,4,0,3160,80.7804,83.1582,13.7463
9.14177,0.168846,0,0.168846,14.16,121.4,220,0,0,3160,80.7804,83.1582,13.7463
9.14777,0.112363,0,0.112363,14.14,121.329,220,0,0,3160,80.7804,83.1582,13.7463
9.16802,0.09536,0,0.09536,14.14,121.329,220,0,0,3160,80.7804,83.1582,13.7463
9.17468,0.869472,0,0.869472,14.12,121.258,382,2,0,3161,80.7956,83.173,13.745
9.19497,1.30518,0,1.30518,14.12,121.258,825,0,0,3162,80.8121,83.1888,13.7438
9.20298,0.373712,0,0.373712,14.1,121.187,239,2,0,3163,80.8261,83.202,13.7425
9.22252,0.294252,0,0.294252,14.1,121.187,230,2,0,3164,80.8274,83.2026,13.7412
9.22769,0.516544,0,0.516544,14.08,121.117,230,2,0,3165,80.8288,83.2032,13.74
9.2486,1.01025,0,1.01025,14.08,121.117,426,2,0,3166,80.8392,83.2129,13.7387
9.25617,1.14684,0,1.14684,14.06,121.046,742,8,0,3167,80.8405,83.2147,13.7374
9.27665,1.28548,0,1.28548,14.06,121.046,522,22,0,3168,80.8567,83.2304,13.7362
9.28065,0.208325,0,0.208325,14.04,120.975,220,0,0,3168,80.8567,83.2304,13.7362
9.30109,0.357881,0,0.357881,14.04,120.975,233,2,0,3169,80.8713,83.2442,13.7349
9.30391,0.058246,0,0.058246,14.02,120.904,220,0,0,3169,80.8713,83.2442,13.7349
9.32466,0.573982,0,0.573982,14.02,120.904,230,2,0,3170,80.8767,83.2489,13.7336
9.33123,0.635894,0,0.635894,14,120.833,298,2,0,3171,80.8925,83.264,13.7324
9.35271,1.00392,0,1.00392,14,120.833,220,2,0,3172,80.9183,83.2891,13.7311
9.35961,0.857943,0,0.857943,13.98,120.762,220,2,0,3173,80.9464,83.3164,13.7298
9.38015,1.16114,0,1.16114,13.98,120.762,368,23,0,3174,80.9817,83.351,13.7286
9.38298,0.152437,0,0.152437,13.96,120.691,210,0,0,3174,80.9817,83.351,13.7286
9.40514,1.19936,0,1.19936,13.96,120.691,319,2,0,3175,80.9931,83.3603,13.7273
9.40809,0.115147,0,0.115147,13.94,120.62,215,2,0,3176,80.9849,83.3514,13.726
9.4284,0.149213,0,0.149213,13.94,120.62,200,0,0,3176,80.9849,83.3514,13.726
9.43147,0.055003,0,0.055003,13.92,120.549,200,0,0,3176,80.9849,83.3514,13.726
9.45263,0.004278,0,0.004278,13.92,120.549,200,0,0,3176,80.9849,83.3514,13.726
9.45793,1.07091,0,1.07091,13.9,120.478,328,12,0,3177,80.9884,83.3535,13.7248
9.47707,0.144724,0,0.144724,13.9,120.478,190,0,0,3177,80.9884,83.3535,13.7248
9.48241,0.870564,0,0.870564,13.88,120.407,200,2,0,3178,81.0179,83.3823,13.7235
9.50204,0.138614,0,0.138614,13.88,120.407,190,0,0,3178,81.0179,83.3823,13.7235
9.50645,0.416446,0,0.416446,13.86,120.336,210,2,0,3179,81.0315,83.3954,13.7223
9.52636,0.114519,0,0.114519,13.86,120.336,190,0,0,3179,81.0315,83.3954,13.7223
9.52912,0.256817,0,0.256817,13.84,120.266,394,2,0,3180,81.0399,83.4031,13.721
9.55008,0.11161,0,0.11161,13.84,120.266,190,0,0,3180,81.0399,83.4031,13.721
9.5535,0.557359,0,0.557359,13.82,120.195,301,2,0,3181,81.0506,83.4143,13.7197
9.57455,0.176588,0,0.176588,13.82,120.195,190,0,0,3181,81.0506,83.4143,13.7197
9.58181,0.17567,0,0.17567,13.8,120.124,170,0,0,3181,81.0506,83.4143,13.7197
9.60491,2.31033,0,2.31033,13.8,120.124,272,2,0,3182,81.0943,83.4569,13.7185
9.61092,0.736843,0,0.736843,13.78,120.053,196,2,0,3183,81.1068,83.4687,13.7172
9.63253,1.37711,0,1.37711,13.78,120.053,232,2,0,3184,81.1288,83.4893,13.716
9.64022,1.77763,0,1.77763,13.76,119.966,365,4,0,3185,81.1604,83.5215,13.7147
9.65923,0.184474,0,0.184474,13.76,119.966,150,0,0,3185,81.1604,83.5215,13.7147
9.66648,0.104521,0,0.104521,13.74,119.872,140,0,0,3185,81.1604,83.5215,13.7147
9.68624,0.114877,0,0.114877,13.74,119.872,140,0,0,3185,81.1604,83.5215,13.7147
9.6902,0.051354,0,0.051354,13.72,119.777,150,0,0,3185,81.1604,83.5215,13.7147
9.71169,0.705057,0,0.705057,13.72,119.777,200,2,0,3186,81.1689,83.5295,13.7135
9.71596,0.180387,0,0.180387,13.7,119.683,150,0,0,3186,81.1689,83.5295,13.7135
9.73844,1.72894,0,1.72894,13.7,119.683,377,28,0,3187,81.1923,83.5529,13.7122
9.74863,3.88463,0,3.88463,13.68,119.589,1095,26,0,3188,81.207,83.5668,13.7109
9.76565,0.547869,0,0.547869,13.68,119.589,250,0,0,3189,81.2408,83.5999,13.7097
9.77046,0.004342,0,0.004342,13.66,119.495,150,0,0,3189,81.2408,83.5999,13.7097
9.79249,1.91119,0,1.91119,13.66,119.495,467,4,0,3190,81.2715,83.6301,13.7084
9.79892,0.474697,0,0.474697,13.64,119.401,160,2,0,3191,81.2764,83.6343,13.7072
9.81787,0.097608,0,0.097608,13.64,119.401,150,0,0,3191,81.2764,83.6343,13.7072
9.82181,0.068131,0,0.068131,13.62,119.307,150,0,0,3191,81.2764,83.6343,13.7072
9.8432,0.030746,0,0.030746,13.62,119.307,150,0,0,3191,81.2764,83.6343,13.7072
9.84717,0.951826,0,0.951826,13.6,119.213,550,43,0,3192,81.2835,83.6432,13.7059
9.86727,0.140353,0,0.140353,13.6,119.213,150,0,0,3192,81.2835,83.6432,13.7059
9.87231,1.41925,0,1.41925,13.58,119.119,457,4,0,3193,81.3207,83.6796,13.7047
9.89163,0.490307,0,0.490307,13.58,119.119,330,1,0,3194,81.325,83.6832,13.7034
9.89616,1.30333,0,1.30333,13.56,119.025,429,10,0,3195,81.3468,83.7039,13.7022
9.91587,1.29876,0,1.29876,13.56,119.025,667,17,0,3196,81.3457,83.7028,13.7009
9.91856,0.108993,0,0.108993,13.54,118.931,140,0,0,3196,81.3457,83.7028,13.7009
9.93955,0.342433,0,0.342433,13.54,118.931,200,0,0,3197,81.3531,83.7094,13.6997
9.94258,0.397745,0,0.397745,13.52,118.837,190,2,0,3198,81.3802,83.7364,13.6984
9.96473,1.57758,0,1.57758,13.52,118.837,260,22,0,3199,81.4086,83.7646,13.6972
9.96866,0.527666,0,0.527666,13.5,118.743,207,2,0,3200,81.4134,83.7687,13.6959
9.98865,0.229414,0,0.229414,13.5,118.743,160,0,0,3200,81.4134,83.7687,13.6959
9.99499,0.002343,0,0.002343,13.48,118.649,160,0,0,3200,81.4134,83.7687,13.6959
10.0151,0.061356,0,0.061356,13.48,118.649,160,0,0,3200,81.4134,83.7687,13.6959
10.0196,1.41363,0,1.41363,13.46,118.555,311,2,0,3201,81.4264,83.7823,13.6947
10.0386,0.095804,0,0.095804,13.46,118.555,160,0,0,3201,81.4264,83.7823,13.6947
10.0412,0.042506,0,0.042506,13.44,118.461,160,0,0,3201,81.4264,83.7823,13.6947
10.063,0.485455,0,0.485455,13.44,118.461,206,8,0,3202,81.436,83.7917,13.6934
10.0657,0.059516,0,0.059516,13.42,118.367,160,0,0,3202,81.436,83.7917,13.6934
10.0867,0.733752,0,0.733752,13.42,118.367,199,2,0,3203,81.4596,83.8155,13.6922
10.0894,0.281852,0,0.281852,13.4,118.273,195,2,0,3204,81.475,83.8302,13.6909
10.1102,0.171041,0,0.171041,13.4,118.273,160,0,0,3204,81.475,83.8302,13.6909
10.1128,0.148339,0,0.148339,13.38,118.179,160,2,0,3205,81.469,83.8234,13.6897
10.1339,0.610744,0,0.610744,13.38,118.179,250,2,0,3206,81.4819,83.8356,13.6884
10.1384,0.75809,0,0.75809,13.36,118.085,281,2,0,3207,81.5017,83.8534,13.6872
10.1583,0.1503,0,0.1503,13.36,118.085,150,0,0,3207,81.5017,83.8534,13.6872
10.1643,0.722526,0,0.722526,13.34,117.991,387,2,0,3208,81.5358,83.8868,13.6859
10.1868,3.10729,0,3.10729,13.34,117.991,491,4,0,3209,81.5516,83.9012,13.6847
10.1934,0.198142,0,0.198142,13.32,117.897,150,0,0,3209,81.5516,83.9012,13.6847
10.2127,0.117353,0,0.117353,13.32,117.897,150,0,0,3209,81.5516,83.9012,13.6847
10.2194,1.11318,0,1.11318,13.3,117.803,272,6,0,3210,81.5698,83.9187,13.6834
10.2388,0.149596,0,0.149596,13.3,117.803,150,0,0,3210,81.5698,83.9187,13.6834
10.2415,0.224806,0,0.224806,13.28,117.709,170,2,0,3211,81.5737,83.9221,13.6822
10.2624,0.426475,0,0.426475,13.28,117.709,172,2,0,3212,81.5778,83.925,13.6809
10.2653,0.40671,0,0.40671,13.26,117.615,250,2,0,3213,81.5904,83.9374,13.6797
10.2856,0.210202,0,0.210202,13.26,117.615,140,0,0,3213,81.5904,83.9374,13.6797
10.2912,0.633648,0,0.633648,13.24,117.521,160,4,0,3214,81.6139,83.9602,13.6785
10.3106,0.153755,0,0.153755,13.24,117.521,140,0,0,3214,81.6139,83.9602,13.6785
10.3186,1.96651,0,1.96651,13.22,117.427,304,2,0,3215,81.6389,83.9832,13.6772
10.3379,0.560551,0,0.560551,13.22,117.427,247,19,0,3216,81.6511,83.9944,13.676
10.3405,0.161861,0,0.161861,13.2,117.333,140,2,0,3217,81.659,84.0016,13.6747
10.3619,0.79884,0,0.79884,13.2,117.333,234,2,0,3218,81.6781,84.0208,13.6735
10.3663,0.105793,0,0.105793,13.18,117.239,130,0,0,3218,81.6781,84.0208,13.6735
10.3877,1.19457,0,1.19457,13.18,117.239,174,2,0,3219,81.6974,84.0385,13.6722
10.3933,0.573172,0,0.573172,13.16,117.145,238,4,0,3220,81.6963,84.0385,13.671
10.4134,0.561365,0,0.561365,13.16,117.145,140,2,0,3221,81.7038,84.0453,13.6698
10.4192,0.10848,0,0.10848,13.14,117.051,130,0,0,3221,81.7038,84.0453,13.6698
10.4406,0.976292,0,0.976292,13.14,117.051,140,2,0,3222,81.7359,84.0767,13.6685
10.4471,0.59556,0,0.59556,13.12,116.957,120,2,0,3223,81.7487,84.0887,13.6673
10.4674,0.590887,0,0.590887,13.12,116.957,257,11,0,3224,81.7602,84.0996,13.6661
10.4731,1.89003,0,1.89003,13.1,116.863,220,2,0,3225,81.7767,84.1188,13.6648
10.4923,0.4144,0,0.4144,13.1,116.863,168,10,0,3226,81.7889,84.1305,13.6636
10.4953,0.07796,0,0.07796,13.08,116.769,110,0,0,3226,81.7889,84.1305,13.6636
10.5154,0.258126,0,0.258126,13.08,116.769,120,1,0,3227,81.7908,84.1317,13.6623
10.5197,0.414899,0,0.414899,13.06,116.675,136,2,0,3228,81.7862,84.1264,13.6611
10.54,0.457565,0,0.457565,13.06,116.675,140,2,0,3229,81.7838,84.1233,13.6599
10.5438,0.723119,0,0.723119,13.04,116.581,151,2,0,3230,81.8071,84.1471,13.6586
10.5639,0.140727,0,0.140727,13.04,116.581,120,0,0,3230,81.8071,84.1471,13.6586
10.5668,0.18103,0,0.18103,13.02,116.487,120,0,0,3230,81.8071,84.1471,13.6586
10.587,0.347217,0,0.347217,13.02,116.487,130,2,0,3231,81.8134,84.1523,13.6574
10.5901,0.039177,0,0.039177,13,116.393,120,0,0,3231,81.8134,84.1523,13.6574
10.6102,0.125087,0,0.125087,13,116.393,120,0,0,3231,81.8134,84.1523,13.6574
10.6134,0.467061,0,0.467061,12.98,116.299,387,0,0,3232,81.832,84.1702,13.6562
10.6346,0.407935,0,0.407935,12.98,116.299,130,2,0,3233,81.8255,84.163,13.6549
10.6408,0.354747,0,0.354747,12.96,116.205,130,1,0,3234,81.821,84.1577,13.6537
10.6612,0.336101,0,0.336101,12.96,116.205,194,5,0,3235,81.8192,84.1555,13.6525
10.667,0.740423,0,0.740423,12.94,116.111,175,4,0,3236,81.826,84.1625,13.6512
10.6869,0.002544,0,0.002544,12.94,116.111,110,0,0,3236,81.826,84.1625,13.6512
10.6933,0.216905,0,0.216905,12.92,116.017,110,0,0,3236,81.826,84.1625,13.6512
10.7132,0.102452,0,0.102452,12.92,116.017,110,0,0,3236,81.826,84.1625,13.6512
10.7189,2.71614,0,2.71614,12.9,115.923,398,4,0,3237,81.8421,84.1773,13.65
10.7367,0.004819,0,0.004819,12.9,115.923,110,0,0,3237,81.8421,84.1773,13.65
10.7398,0.082482,0,0.082482,12.88,115.829,110,0,0,3237,81.8421,84.1773,13.65
10.7612,0.643286,0,0.643286,12.88,115.829,120,2,0,3238,81.8515,84.1859,13.6488
10.7677,0.702764,0,0.702764,12.86,115.735,120,2,0,3239,81.8703,84.2041,13.6475
10.7886,0.975539,0,0.975539,12.86,115.735,189,2,0,3240,81.8846,84.2176,13.6463
10.7953,0.3288,0,0.3288,12.84,115.641,132,2,0,3241,81.8929,84.2252,13.6451
10.8156,0.314371,0,0.314371,12.84,115.641,110,0,0,3241,81.8929,84.2252,13.6451
10.8218,0.182682,0,0.182682,12.82,115.547,110,0,0,3241,81.8929,84.2252,13.6451
10.8413,0.513723,0,0.513723,12.82,115.547,311,0,0,3242,81.9053,84.2369,13.6438
10.8445,0.002025,0,0.002025,12.8,115.453,120,0,0,3242,81.9053,84.2369,13.6438
10.8653,0.221888,0,0.221888,12.8,115.453,130,2,0,3243,81.9023,84.2331,13.6426
10.868,0.028184,0,0.028184,12.78,115.359,120,0,0,3243,81.9023,84.2331,13.6426
10.8885,0.010508,0,0.010508,12.78,115.359,120,0,0,3243,81.9023,84.2331,13.6426
10.8911,0.249599,0,0.249599,12.76,115.265,130,2,0,3244,81.9146,84.2448,13.6414
10.9112,0.020282,0,0.020282,12.76,115.265,120,0,0,3244,81.9146,84.2448,13.6414
10.9152,1.36775,0,1.36775,12.74,115.171,812,56,0,3245,81.918,84.2527,13.6402
10.935,0.432892,0,0.432892,12.74,115.171,146,2,0,3246,81.9328,84.2668,13.6389
10.9382,0.816059,0,0.816059,12.72,115.077,436,38,0,3247,81.9446,84.279,13.6377
10.9583,0.130093,0,0.130093,12.72,115.077,130,0,0,3247,81.9446,84.279,13.6377
10.962,0.912139,0,0.912139,12.7,114.983,311,2,0,3248,81.9655,84.2983,13.6365
10.9829,1.53115,0,1.53115,12.7,114.983,431,6,0,3249,81.9781,84.3102,13.6353
10.9899,1.47896,0,1.47896,12.68,114.889,298,30,0,3250,81.9988,84.3308,13.634
11.0086,0.760559,0,0.760559,12.68,114.889,344,7,0,3251,82.0129,84.3445,13.6328
11.2198,208.386,25.5259,182.86,12.66,114.795,111852,4649,0,3252,81.4161,83.8432,13.6316
11.2238,0.385856,0,0.385856,12.64,114.701,198,0,0,3253,81.451,83.8773,13.6304
11.2433,0.076448,0,0.076448,12.64,114.701,90,0,0,3253,81.451,83.8773,13.6304
11.2465,0.111314,0,0.111314,12.62,114.607,100,0,0,3253,81.451,83.8773,13.6304
11.2671,0.014167,0,0.014167,12.62,114.607,100,0,0,3253,81.451,83.8773,13.6304
11.2706,0.482324,0,0.482324,12.6,114.513,218,2,0,3254,81.4607,83.8863,13.6291
11.2913,0.369323,0,0.369323,12.6,114.513,111,2,0,3255,81.4679,83.8928,13.6279
11.2941,0.035355,0,0.035355,12.58,114.419,100,0,0,3255,81.4679,83.8928,13.6279
11.3149,0.110822,0,0.110822,12.58,114.419,100,0,0,3255,81.4679,83.8928,13.6279
11.319,0.0813,0,0.0813,12.56,114.325,90,0,0,3255,81.4679,83.8928,13.6279
11.3393,0.202774,0,0.202774,12.56,114.325,100,1,0,3256,81.4678,83.8919,13.6267
11.3423,0.085604,0,0.085604,12.54,114.231,90,0,0,3256,81.4678,83.8919,13.6267
11.3631,0.068717,0,0.068717,12.54,114.231,90,0,0,3256,81.4678,83.8919,13.6267
11.3663,0.124991,0,0.124991,12.52,114.137,90,0,0,3256,81.4678,83.8919,13.6267
11.3869,0.07613,0,0.07613,12.52,114.137,90,0,0,3256,81.4678,83.8919,13.6267
11.3902,0.027047,0,0.027047,12.5,114.043,90,0,0,3256,81.4678,83.8919,13.6267
11.4116,0.953202,0,0.953202,12.5,114.043,140,2,0,3257,81.5011,83.9242,13.6255
11.4155,0.018778,0,0.018778,12.48,113.949,90,0,0,3257,81.5011,83.9242,13.6255
11.4376,1.9974,0,1.9974,12.48,113.949,298,14,0,3258,81.5104,83.934,13.6242
11.4446,1.1338,0,1.1338,12.46,113.855,231,2,0,3259,81.5486,83.9718,13.623
11.4698,5.27368,0,5.27368,12.46,113.855,852,10,0,3260,81.5782,84.0015,13.6218
11.4742,0.130127,0,0.130127,12.44,113.761,100,1,0,3261,81.5695,83.992,13.6206
11.4964,1.1748,0,1.1748,12.44,113.761,230,10,0,3262,81.5791,84.0009,13.6194
11.5047,3.14797,0,3.14797,12.42,113.667,420,48,0,3263,81.6114,84.0337,13.6181
11.522,0.093075,0,0.093075,12.42,113.667,90,0,0,3263,81.6114,84.0337,13.6181
11.5247,0.000931,0,0.000931,12.4,113.573,90,0,0,3263,81.6114,84.0337,13.6181
11.5455,0.079981,0,0.079981,12.4,113.573,90,0,0,3263,81.6114,84.0337,13.6181
11.5484,0.258997,0,0.258997,12.38,113.479,100,2,0,3264,81.6235,84.045,13.6169
11.5697,1.05407,0,1.05407,12.38,113.479,125,2,0,3265,81.6444,84.0652,13.6157
11.5753,1.27862,0,1.27862,12.36,113.384,255,4,0,3266,81.6883,84.1078,13.6145
11.5957,0.735796,0,0.735796,12.36,113.384,160,2,0,3267,81.7006,84.1194,13.6133
11.5997,0.482739,0,0.482739,12.34,113.29,130,2,0,3268,81.7264,84.1429,13.612
11.6199,0.06659,0,0.06659,12.34,113.29,90,0,0,3268,81.7264,84.1429,13.612
11.623,0.412125,0,0.412125,12.32,113.196,193,6,0,3269,81.74,84.1548,13.6108
11.643,0.122421,0,0.122421,12.32,113.196,91,0,0,3269,81.74,84.1548,13.6108
11.646,0.014097,0,0.014097,12.3,113.102,101,0,0,3269,81.74,84.1548,13.6108
11.6665,0.258582,0,0.258582,12.3,113.102,101,0,0,3269,81.74,84.1548,13.6108
11.6708,1.18036,0,1.18036,12.28,113.008,352,8,0,3270,81.7459,84.1615,13.6096
11.6905,0.693369,0,0.693369,12.28,113.008,211,2,0,3271,81.7722,84.1871,13.6084
11.6932,0.244902,0,0.244902,12.26,112.914,131,6,0,3272,81.7824,84.1968,13.6072
11.7145,0.675357,0,0.675357,12.26,112.914,166,5,0,3273,81.7901,84.2038,13.606
11.72,0.065668,0,0.065668,12.24,112.82,101,0,0,3273,81.7901,84.2038,13.606
11.7405,0.56347,0,0.56347,12.24,112.82,112,2,0,3274,81.8216,84.2346,13.6048
11.7437,0.40834,0,0.40834,12.22,112.726,286,18,0,3275,81.8394,84.2522,13.6035
11.7635,0.175417,0,0.175417,12.22,112.726,111,1,0,3276,81.8294,84.2415,13.6023
11.7689,0.249944,0,0.249944,12.2,112.632,126,2,0,3277,81.8337,84.245,13.6011
11.7899,0.086753,0,0.086753,12.2,112.632,101,0,0,3277,81.8337,84.245,13.6011
11.7956,0.487309,0,0.487309,12.18,112.538,126,2,0,3278,81.8496,84.2593,13.5999
11.8174,1.05887,0,1.05887,12.18,112.538,157,10,0,3279,81.8695,84.2775,13.5987
11.8235,0.369911,0,0.369911,12.16,112.444,101,1,0,3280,81.8637,84.271,13.5975
11.844,0.189902,0,0.189902,12.16,112.444,91,0,0,3280,81.8637,84.271,13.5975
12.06,209.158,27.4018,181.756,12.14,112.35,125894,5397,0,3280,81.5902,84.0149,13.5975
12.064,0.852296,0,0.852296,12.12,115.441,331,41,0,3281,81.6154,84.0393,13.5963
12.0837,0.002478,0,0.002478,12.12,115.441,71,0,0,3281,81.6154,84.0393,13.5963
12.0865,0.259327,0,0.259327,12.1,115.347,81,2,0,3282,81.6316,84.0548,13.5951
12.1074,0.591133,0,0.591133,12.1,115.347,162,4,0,3283,81.654,84.0765,13.5938
12.11,0.055345,0,0.055345,12.08,115.253,71,0,0,3283,81.654,84.0765,13.5938
12.1309,0.771039,0,0.771039,12.08,115.253,210,2,0,3284,81.6699,84.0914,13.5926
12.1336,0.001471,0,0.001471,12.06,115.159,71,0,0,3284,81.6699,84.0914,13.5926
12.1554,0.903884,0,0.903884,12.06,115.159,191,10,0,3285,81.7084,84.1291,13.5914
12.1589,0.234185,0,0.234185,12.04,115.065,81,2,0,3286,81.7124,84.1324,13.5902
12.1793,0.002336,0,0.002336,12.04,115.065,71,0,0,3286,81.7124,84.1324,13.5902
12.183,0.388947,0,0.388947,12.02,114.971,91,2,0,3287,81.7247,84.1439,13.589
12.2036,0.654028,0,0.654028,12.02,114.971,84,2,0,3288,81.746,84.1645,13.5878
12.2079,0.428539,0,0.428539,12,114.877,124,2,0,3289,81.7601,84.1782,13.5866
12.2277,0.390931,0,0.390931,12,114.877,81,2,0,3290,81.7748,84.1921,13.5854
12.232,1.71881,0,1.71881,11.98,114.783,181,2,0,3291,81.814,84.23,13.5842
12.2515,0.111891,0,0.111891,11.98,114.783,81,0,0,3291,81.814,84.23,13.5842
12.2642,7.36959,0,7.36959,11.96,114.689,1545,220,0,3292,81.8563,84.2673,13.583
12.2785,0.887344,0,0.887344,11.96,114.689,195,2,0,3293,81.894,84.3043,13.5818
12.2811,0.263464,0,0.263464,11.94,114.595,111,5,0,3294,81.9104,84.32,13.5806
12.3014,0.119784,0,0.119784,11.94,114.595,71,0,0,3294,81.9104,84.32,13.5806
12.3069,0.063972,0,0.063972,11.92,114.501,71,0,0,3294,81.9104,84.32,13.5806
12.3272,0.494475,0,0.494475,11.92,114.501,131,2,0,3295,81.9144,84.3238,13.5794
12.3327,0.564645,0,0.564645,11.9,114.407,170,2,0,3296,81.9293,84.338,13.5782
12.3531,0.297772,0,0.297772,11.9,114.407,81,2,0,3297,81.9339,84.3418,13.577
12.3557,0.027214,0,0.027214,11.88,114.313,71,0,0,3297,81.9339,84.3418,13.577
12.3768,0.445935,0,0.445935,11.88,114.313,81,2,0,3298,81.96,84.3672,13.5758
12.3793,0.060933,0,0.060933,11.86,114.066,51,0,0,3298,81.96,84.3672,13.5758
12.4,0.357186,0,0.357186,11.86,114.066,103,1,0,3299,81.9567,84.3631,13.5746
12.6199,215.658,21.3127,194.345,11.84,113.739,131718,4676,0,3299,81.7951,84.2122,13.5746
12.6231,0.058529,0,0.058529,11.82,113.412,81,0,0,3299,81.7951,84.2122,13.5746
12.6436,0.002584,0,0.002584,11.82,113.412,81,0,0,3299,81.7951,84.2122,13.5746
12.6466,0.266799,0,0.266799,11.8,113.084,188,3,0,3300,81.8006,84.217,13.5733
12.668,0.877113,0,0.877113,11.8,113.084,209,2,0,3301,81.8194,84.2348,13.5721
12.6706,0.025809,0,0.025809,11.78,112.757,81,0,0,3301,81.8194,84.2348,13.5721
12.6913,0.51529,0,0.51529,11.78,112.757,91,2,0,3302,81.8425,84.2571,13.5709
12.6948,0.833003,0,0.833003,11.76,112.43,414,10,0,3303,81.8632,84.2767,13.5697
12.7149,0.457348,0,0.457348,11.76,112.43,196,4,0,3304,81.8683,84.2809,13.5685
12.7176,0.183008,0,0.183008,11.74,112.102,91,2,0,3305,81.8784,84.2902,13.5673
12.7402,2.04594,0,2.04594,11.74,112.102,720,125,0,3306,81.918,84.3294,13.5661
12.7432,0.62851,0,0.62851,11.72,111.775,214,9,0,3307,81.9238,84.3347,13.5649
12.763,0.237884,0,0.237884,11.72,111.775,92,1,0,3308,81.9235,84.3337,13.5638
12.7668,0.701264,0,0.701264,11.7,111.448,200,10,0,3309,81.9634,84.3729,13.5626
12.7864,0.343304,0,0.343304,11.7,111.448,92,1,0,3310,81.9668,84.3755,13.5614
12.7892,0.162086,0,0.162086,11.68,111.12,92,2,0,3311,81.9595,84.3676,13.5602
12.8119,1.88037,0,1.88037,11.68,111.12,332,2,0,3312,81.9894,84.3958,13.559
12.8165,0.00244,0,0.00244,11.66,110.793,82,0,0,3312,81.9894,84.3958,13.559
12.8373,0.095901,0,0.095901,11.66,110.793,82,0,0,3312,81.9894,84.3958,13.559
12.8426,0.133045,0,0.133045,11.64,110.466,82,0,0,3312,81.9894,84.3958,13.559
12.8655,2.8315,0,2.8315,11.64,110.466,743,22,0,3313,81.9985,84.4054,13.5578
12.8692,0.248242,0,0.248242,11.62,110.138,92,2,0,3314,82.0078,84.414,13.5566
12.8892,0.382607,0,0.382607,11.62,110.138,112,4,0,3315,82.0199,84.425,13.5554
12.8919,0.02199,0,0.02199,11.6,109.811,91,0,0,3315,82.0199,84.425,13.5554
12.9129,0.413091,0,0.413091,11.6,109.811,116,2,0,3316,82.0365,84.4409,13.5542
12.9158,0.287919,0,0.287919,11.58,109.483,119,6,0,3317,82.0558,84.4595,13.553
12.9366,0.483527,0,0.483527,11.58,109.483,91,2,0,3318,82.0693,84.4723,13.5518
12.9422,0.059781,0,0.059781,11.56,109.156,81,0,0,3318,82.0693,84.4723,13.5518
12.9626,0.38018,0,0.38018,11.56,109.156,91,2,0,3319,82.0801,84.4824,13.5506
12.9661,0.027064,0,0.027064,11.54,108.829,81,0,0,3319,82.0801,84.4824,13.5506
12.986,0.321483,0,0.321483,11.54,108.829,115,6,0,3320,82.0786,84.4801,13.5494
12.996,4.92517,0,4.92517,11.52,108.501,984,20,0,3321,82.1042,84.5083,13.5482
13.0116,0.025389,0,0.025389,11.52,108.501,81,0,0,3321,82.1042,84.5083,13.5482
13.0146,0.343918,0,0.343918,11.5,108.174,92,2,0,3322,82.1318,84.5352,13.547
13.0352,0.43311,0,0.43311,11.5,108.174,205,4,0,3323,82.1441,84.5471,13.5458
13.0385,0.752551,0,0.752551,11.48,107.847,191,2,0,3324,82.1772,84.5794,13.5446
13.0588,0.752599,0,0.752599,11.48,107.847,271,15,0,3325,82.1756,84.5774,13.5434
13.0614,0.018724,0,0.018724,11.46,107.519,92,0,0,3325,82.1756,84.5774,13.5434
13.083,0.794857,0,0.794857,11.46,107.519,386,17,0,3326,82.196,84.5971,13.5423
13.0855,0.241301,0,0.241301,11.44,107.192,112,2,0,3327,82.2146,84.615,13.5411
13.1076,1.13531,0,1.13531,11.44,107.192,438,0,0,3328,82.232,84.6316,13.5399
13.1108,0.227337,0,0.227337,11.42,106.865,117,2,0,3329,82.2448,84.6437,13.5387
13.1317,0.595128,0,0.595128,11.42,106.865,127,4,0,3330,82.2634,84.6616,13.5375
13.1356,0.598184,0,0.598184,11.4,106.537,389,4,0,3331,82.2741,84.6719,13.5363
13.1567,1.41919,0,1.41919,11.4,106.537,538,6,0,3332,82.2926,84.6915,13.5351
13.1614,0.949226,0,0.949226,11.38,106.21,313,2,0,3333,82.3102,84.7078,13.5339
13.1812,0.277276,0,0.277276,11.38,106.21,146,4,0,3334,82.3095,84.7067,13.5328
13.1839,0.217415,0,0.217415,11.36,105.883,136,2,0,3335,82.3289,84.7253,13.5316
13.2051,0.675459,0,0.675459,11.36,105.883,186,4,0,3336,82.354,84.7503,13.5304
13.2082,0.416827,0,0.416827,11.34,105.555,142,1,0,3337,82.3626,84.7582,13.5292
13.2294,0.613625,0,0.613625,11.34,105.555,154,2,0,3338,82.3781,84.7729,13.528
13.2346,0.224968,0,0.224968,11.32,105.228,135,1,0,3339,82.3762,84.7703,13.5268
13.2546,0.002452,0,0.002452,11.32,105.228,125,0,0,3339,82.3762,84.7703,13.5268
13.2651,5.26257,0,5.26257,11.3,104.901,1542,32,0,3340,82.3922,84.785,13.5256
13.2804,0.066205,0,0.066205,11.3,104.901,135,0,0,3340,82.3922,84.785,13.5256
13.2832,0.315869,0,0.315869,11.28,104.573,156,2,0,3341,82.4211,84.8129,13.5245
13.3042,0.275631,0,0.275631,11.28,104.573,146,2,0,3342,82.4273,84.8184,13.5233
13.3088,0.039703,0,0.039703,11.26,104.246,136,0,0,3342,82.4273,84.8184,13.5233
13.3298,0.562687,0,0.562687,11.26,104.246,222,2,0,3343,82.4391,84.8298,13.5221
13.3324,0.039279,0,0.039279,11.24,103.919,136,0,0,3343,82.4391,84.8298,13.5221
13.3531,0.248682,0,0.248682,11.24,103.919,136,0,0,3343,82.4391,84.8298,13.5221
13.3602,0.095401,0,0.095401,11.22,103.591,141,0,0,3343,82.4391,84.8298,13.5221
13.3794,0.003173,0,0.003173,11.22,103.591,141,0,0,3343,82.4391,84.8298,13.5221
13.3822,0.03372,0,0.03372,11.2,103.264,141,0,0,3343,82.4391,84.8298,13.5221
13.4033,0.396767,0,0.396767,11.2,103.264,151,2,0,3344,82.4504,84.8403,13.5209
13.4066,0.709408,0,0.709408,11.18,102.936,399,29,0,3345,82.4852,84.875,13.5197
13.4274,0.178996,0,0.178996,11.18,102.936,141,0,0,3345,82.4852,84.875,13.5197
13.4321,0.034468,0,0.034468,11.16,102.652,121,0,0,3345,82.4852,84.875,13.5197
13.4527,0.196691,0,0.196691,11.16,102.652,131,0,0,3345,82.4852,84.875,13.5197
13.459,0.054419,0,0.054419,11.14,102.572,121,0,0,3345,82.4852,84.875,13.5197
13.4793,0.553222,0,0.553222,11.14,102.572,140,2,0,3346,82.5155,84.9047,13.5186
13.4858,0.477776,0,0.477776,11.12,102.491,159,1,0,3347,82.5172,84.9056,13.5174
13.5065,0.080166,0,0.080166,11.12,102.491,121,0,0,3347,82.5172,84.9056,13.5174
13.5135,0.679226,0,0.679226,11.1,102.41,131,2,0,3348,82.5338,84.9214,13.5162
13.5335,0.379702,0,0.379702,11.1,102.41,140,1,0,3349,82.5458,84.9328,13.515
13.5362,0.000931,0,0.000931,11.08,102.33,121,0,0,3349,82.5458,84.9328,13.515
13.5566,0.077904,0,0.077904,11.08,102.33,121,0,0,3349,82.5458,84.9328,13.515
13.5603,0.056157,0,0.056157,11.06,102.249,121,0,0,3349,82.5458,84.9328,13.515
13.5813,1.31209,0,1.31209,11.06,102.249,381,18,0,3350,82.5624,84.9481,13.5138
13.5849,0.190033,0,0.190033,11.04,102.168,131,1,0,3351,82.5697,84.9546,13.5127
13.6067,1.12156,0,1.12156,11.04,102.168,494,1,0,3352,82.5805,84.9648,13.5115
13.6133,0.717895,0,0.717895,11.02,102.087,142,3,0,3353,82.5905,84.9749,13.5103
13.6353,1.56743,0,1.56743,11.02,102.087,159,2,0,3354,82.6061,84.9899,13.5091
13.6436,1.65898,0,1.65898,11,102.007,422,6,0,3355,82.6167,85.0006,13.5079
13.6625,0.162948,0,0.162948,11,102.007,102,0,0,3355,82.6167,85.0006,13.5079
13.667,0.173771,0,0.173771,10.98,101.926,111,0,0,3356,82.6162,84.9994,13.5068
13.6876,0.526727,0,0.526727,10.98,101.926,186,2,0,3357,82.6288,85.0116,13.5056
13.6908,0.256761,0,0.256761,10.96,101.845,145,2,0,3358,82.6319,85.0143,13.5044
13.7108,0.004266,0,0.004266,10.96,101.845,92,0,0,3358,82.6319,85.0143,13.5044
13.7189,2.961,0,2.961,10.94,101.765,830,114,0,3359,82.6505,85.0327,13.5032
13.7366,0.071601,0,0.071601,10.94,101.765,82,0,0,3359,82.6505,85.0327,13.5032
13.7418,0.083804,0,0.083804,10.92,101.684,82,0,0,3359,82.6505,85.0327,13.5032
13.7626,0.271782,0,0.271782,10.92,101.684,92,1,0,3360,82.6494,85.031,13.5021
13.7651,0.02578,0,0.02578,10.9,101.603,82,0,0,3360,82.6494,85.031,13.5021
13.7859,0.657989,0,0.657989,10.9,101.603,92,1,0,3361,82.6644,85.0452,13.5009
13.7937,1.15533,0,1.15533,10.88,101.523,150,2,0,3362,82.7014,85.0815,13.4997
13.812,0.309143,0,0.309143,10.88,101.523,116,2,0,3363,82.7119,85.0895,13.4985
13.8163,0.592023,0,0.592023,10.86,101.442,181,2,0,3364,82.7539,85.1308,13.4974
13.8382,1.15715,0,1.15715,10.86,101.442,226,6,0,3365,82.7465,85.1233,13.4962
13.8485,4.56722,0,4.56722,10.84,101.361,2403,59,0,3366,82.7647,85.1373,13.495
13.865,0.130634,0,0.130634,10.84,101.361,102,0,0,3366,82.7647,85.1373,13.495
14.0496,180.217,21.1667,159.05,10.82,101.281,113724,4380,0,3367,82.4413,84.8892,13.4939
14.0533,0.361032,0,0.361032,10.8,101.2,142,9,0,3368,82.4647,84.9118,13.4927
14.0737,0.883641,0,0.883641,10.8,101.2,266,2,0,3369,82.4892,84.9359,13.4915
14.077,0.508081,0,0.508081,10.78,101.119,249,20,0,3370,82.5151,84.9611,13.4903
14.0975,0.120155,0,0.120155,10.78,101.119,92,0,0,3370,82.5151,84.9611,13.4903
14.1002,0.210311,0,0.210311,10.76,101.039,102,1,0,3371,82.5265,84.9718,13.4892
14.1207,0.063306,0,0.063306,10.76,101.039,92,0,0,3371,82.5265,84.9718,13.4892
14.1234,0.033355,0,0.033355,10.74,100.958,93,0,0,3371,82.5265,84.9718,13.4892
14.1436,0.002469,0,0.002469,10.74,100.958,93,0,0,3371,82.5265,84.9718,13.4892
14.1474,0.357264,0,0.357264,10.72,100.877,112,1,0,3372,82.5353,84.9798,13.488
14.1683,0.543105,0,0.543105,10.72,100.877,142,5,0,3373,82.5505,84.9944,13.4868
14.1716,0.019458,0,0.019458,10.7,100.797,102,0,0,3373,82.5505,84.9944,13.4868
14.193,0.651051,0,0.651051,10.7,100.797,168,2,0,3374,82.5815,85.0246,13.4857
14.1959,0.083691,0,0.083691,10.68,100.716,102,0,0,3374,82.5815,85.0246,13.4857
14.216,0.045524,0,0.045524,10.68,100.716,102,0,0,3374,82.5815,85.0246,13.4857
14.2227,0.91288,0,0.91288,10.66,100.635,270,7,0,3375,82.5941,85.0361,13.4845
14.2417,0.331877,0,0.331877,10.66,100.635,112,1,0,3376,82.5853,85.0267,13.4833
14.2477,0.456292,0,0.456292,10.64,100.555,121,2,0,3377,82.6047,85.0453,13.4822
14.2681,0.432988,0,0.432988,10.64,100.555,121,2,0,3378,82.6205,85.0604,13.481
14.2711,0.352178,0,0.352178,10.62,100.474,247,2,0,3379,82.6469,85.0861,13.4798
14.2916,0.031971,0,0.031971,10.62,100.474,111,0,0,3379,82.6469,85.0861,13.4798
14.2946,0.238769,0,0.238769,10.6,100.393,121,2,0,3380,82.6544,85.0929,13.4787
14.3161,1.23314,0,1.23314,10.6,100.393,200,2,0,3381,82.6747,85.1127,13.4775
14.3228,0.214024,0,0.214024,10.58,100.313,101,0,0,3382,82.6694,85.1067,13.4763
14.3437,1.25268,0,1.25268,10.58,100.313,187,2,0,3383,82.6861,85.1239,13.4752
14.3522,1.49005,0,1.49005,10.56,100.232,200,12,0,3384,82.7299,85.1667,13.474
14.3708,0.710301,0,0.710301,10.56,100.232,169,0,0,3385,82.7418,85.1778,13.4728
14.3777,0.698819,0,0.698819,10.54,100.151,111,2,0,3386,82.7537,85.189,13.4717
14.399,1.33782,0,1.33782,10.54,100.151,209,2,0,3387,82.7759,85.2099,13.4705
14.4029,0.584173,0,0.584173,10.52,100.071,243,2,0,3388,82.7934,85.2261,13.4694
14.4239,0.85326,0,0.85326,10.52,100.071,232,2,0,3389,82.8179,85.2499,13.4682
14.4264,0.034174,0,0.034174,10.5,99.9899,101,0,0,3389,82.8179,85.2499,13.4682
14.447,0.144932,0,0.144932,10.5,99.9899,101,0,0,3389,82.8179,85.2499,13.4682
14.4521,0.049168,0,0.049168,10.48,99.9092,101,0,0,3389,82.8179,85.2499,13.4682
14.4718,0.072543,0,0.072543,10.48,99.9092,101,0,0,3389,82.8179,85.2499,13.4682
14.4778,0.356665,0,0.356665,10.46,99.8286,120,1,0,3390,82.8118,85.2431,13.467
14.4979,0.002199,0,0.002199,10.46,99.8286,110,0,0,3390,82.8118,85.2431,13.467
14.5005,0.054469,0,0.054469,10.44,99.7479,110,0,0,3390,82.8118,85.2431,13.467
14.5221,0.914319,0,0.914319,10.44,99.7479,280,2,0,3391,82.8281,85.2572,13.4659
14.5765,51.4111,10.2646,41.1465,10.42,99.6672,31986,973,0,3392,82.8098,85.2468,13.4647
14.5797,0.458164,0,0.458164,10.4,99.5865,189,10,0,3393,82.8226,85.2599,13.4635
14.5997,0.142715,0,0.142715,10.4,99.5865,120,0,0,3393,82.8226,85.2599,13.4635
14.6025,0.047191,0,0.047191,10.38,99.5059,110,0,0,3393,82.8226,85.2599,13.4635
14.6236,0.36263,0,0.36263,10.38,99.5059,120,1,0,3394,82.8329,85.2696,13.4624
14.6266,0.194584,0,0.194584,10.36,99.4252,156,1,0,3395,82.8374,85.2733,13.4612
14.6477,0.436214,0,0.436214,10.36,99.4252,168,0,0,3396,82.8513,85.2865,13.4601
14.6503,0.015794,0,0.015794,10.34,99.3445,120,0,0,3396,82.8513,85.2865,13.4601
14.6709,0.337589,0,0.337589,10.34,99.3445,158,2,0,3397,82.8496,85.2841,13.4589
14.6751,0.354423,0,0.354423,10.32,99.2638,130,2,0,3398,82.8685,85.3022,13.4578
14.696,0.257164,0,0.257164,10.32,99.2638,130,1,0,3399,82.8603,85.2933,13.4566
14.7014,0.234382,0,0.234382,10.3,99.1832,120,0,0,3400,82.8488,85.2812,13.4554
14.7228,0.776739,0,0.776739,10.3,99.1832,130,2,0,3401,82.87,85.3017,13.4543
14.7289,0.108559,0,0.108559,10.28,99.1025,120,0,0,3401,82.87,85.3017,13.4543
14.7497,0.140429,0,0.140429,10.28,99.1025,120,0,0,3401,82.87,85.3017,13.4543
14.7564,0.853628,0,0.853628,10.26,99.0218,130,2,0,3402,82.8992,85.3301,13.4531
14.776,0.401546,0,0.401546,10.26,99.0218,140,4,0,3403,82.9124,85.3426,13.452
14.7798,0.001521,0,0.001521,10.24,98.9411,125,0,0,3403,82.9124,85.3426,13.452
14.8007,1.23651,0,1.23651,10.24,98.9411,256,2,0,3404,82.9269,85.3572,13.4508
14.8056,0.722085,0,0.722085,10.22,98.8605,191,0,0,3405,82.9442,85.3739,13.4497
14.8279,1.97387,0,1.97387,10.22,98.8605,602,2,0,3406,82.9803,85.409,13.4485
14.8355,1.28503,0,1.28503,10.2,98.7798,325,10,0,3407,82.9932,85.4209,13.4473
14.8559,0.672494,0,0.672494,10.2,98.7798,135,2,0,3408,83.0044,85.4313,13.4462
14.8624,0.401785,0,0.401785,10.18,98.6991,135,1,0,3409,83.0026,85.4289,13.445
14.8829,0.379714,0,0.379714,10.18,98.6991,135,1,0,3410,83.0155,85.4411,13.4439
14.8857,0.330007,0,0.330007,10.16,98.6184,135,2,0,3411,83.0408,85.4656,13.4427
14.9056,0.089124,0,0.089124,10.16,98.6184,125,0,0,3411,83.0408,85.4656,13.4427
14.9085,0.265704,0,0.265704,10.14,98.5378,135,2,0,3412,83.0533,85.4774,13.4416
14.9294,0.078505,0,0.078505,10.14,98.5378,125,0,0,3412,83.0533,85.4774,13.4416
14.9332,0.248795,0,0.248795,10.12,98.4571,145,3,0,3413,83.068,85.4914,13.4404
14.9545,0.186908,0,0.186908,10.12,98.4571,125,0,0,3413,83.068,85.4914,13.4404
14.9591,0.257317,0,0.257317,10.1,98.3764,144,1,0,3414,83.0803,85.5029,13.4393
14.9797,0.076483,0,0.076483,10.1,98.3764,130,0,0,3414,83.0803,85.5029,13.4393
14.9824,0.013268,0,0.013268,10.08,98.2957,130,0,0,3414,83.0803,85.5029,13.4393
15.0031,0.311093,0,0.311093,10.08,98.2957,134,0,0,3415,83.0864,85.5083,13.4381
15.006,0.007225,0,0.007225,10.06,98.2151,130,0,0,3415,83.0864,85.5083,13.4381
15.0269,0.061127,0,0.061127,10.06,98.2151,130,0,0,3415,83.0864,85.5083,13.4381
15.0294,0.000923,0,0.000923,10.04,98.1344,120,0,0,3415,83.0864,85.5083,13.4381
15.0512,0.251024,0,0.251024,10.04,98.1344,120,0,0,3415,83.0864,85.5083,13.4381
15.0575,0.002467,0,0.002467,10.02,98.0537,120,0,0,3415,83.0864,85.5083,13.4381
15.0796,0.61637,0,0.61637,10.02,98.0537,130,2,0,3416,83.0925,85.5138,13.437
15.0862,0.735524,0,0.735524,10,97.973,136,2,0,3417,83.1095,85.53,13.4358
15.1055,0.088628,0,0.088628,10,97.973,120,0,0,3417,83.1095,85.53,13.4358
15.286,176.49,23.5261,152.964,9.98,97.8923,104655,4148,0,3418,82.8344,85.306,13.4347
15.2895,0.020195,0,0.020195,9.96,97.8117,100,0,0,3418,82.8344,85.306,13.4347
15.3098,0.048074,0,0.048074,9.96,97.8117,100,0,0,3418,82.8344,85.306,13.4347
15.313,0.249955,0,0.249955,9.94,97.731,110,2,0,3419,82.8491,85.32,13.4335
15.3331,0.08647,0,0.08647,9.94,97.731,100,0,0,3419,82.8491,85.32,13.4335
15.3368,0.449636,0,0.449636,9.92,97.6503,110,2,0,3420,82.8886,85.3588,13.4324
15.3579,0.736176,0,0.736176,9.92,97.6503,189,2,0,3421,82.9065,85.3765,13.4312
15.3608,0.433666,0,0.433666,9.9,97.5696,142,2,0,3422,82.924,85.393,13.4301
15.3818,0.612666,0,0.612666,9.9,97.5696,140,2,0,3423,82.943,85.4119,13.4289
15.3844,0.026645,0,0.026645,9.88,97.489,115,0,0,3423,82.943,85.4119,13.4289
15.4053,0.538527,0,0.538527,9.88,97.489,125,2,0,3424,82.9582,85.4264,13.4278
15.4098,0.377104,0,0.377104,9.86,97.4083,125,2,0,3425,82.9696,85.4371,13.4266
15.4292,0.44302,0,0.44302,9.86,97.4083,125,1,0,3426,82.9831,85.4498,13.4255
15.4325,0.067122,0,0.067122,9.84,97.3276,115,0,0,3426,82.9831,85.4498,13.4255
15.4534,0.316815,0,0.316815,9.84,97.3276,126,1,0,3427,82.9883,85.4543,13.4244
15.4565,0.519037,0,0.519037,9.82,97.2469,185,8,0,3428,83.0093,85.4749,13.4232
15.4768,0.002449,0,0.002449,9.82,97.2469,115,0,0,3428,83.0093,85.4749,13.4232
15.4795,0.059845,0,0.059845,9.8,97.1663,115,0,0,3428,83.0093,85.4749,13.4232
15.5005,0.554474,0,0.554474,9.8,97.1663,146,1,0,3429,83.0163,85.4812,13.4221
15.5074,0.469495,0,0.469495,9.78,97.0856,139,2,0,3430,83.0242,85.4878,13.4209
15.5269,0.452475,0,0.452475,9.78,97.0856,125,1,0,3431,83.0236,85.4864,13.4198
15.5312,0.118681,0,0.118681,9.76,97.0049,105,0,0,3431,83.0236,85.4864,13.4198
15.5521,0.458147,0,0.458147,9.76,97.0049,135,2,0,3432,83.037,85.4991,13.4186
15.5557,0.962468,0,0.962468,9.74,96.9242,146,6,0,3433,83.0743,85.5351,13.4175
15.5753,0.091343,0,0.091343,9.74,96.9242,105,0,0,3433,83.0743,85.5351,13.4175
15.5806,0.81678,0,0.81678,9.72,96.8436,142,2,0,3434,83.0981,85.5585,13.4164
15.5998,0.041843,0,0.041843,9.72,96.8436,110,0,0,3434,83.0981,85.5585,13.4164
15.6026,0.082276,0,0.082276,9.7,96.7629,110,1,0,3435,83.0838,85.5435,13.4152
15.6232,0.00232,0,0.00232,9.7,96.7629,100,0,0,3435,83.0838,85.5435,13.4152
15.6292,0.14738,0,0.14738,9.68,96.6822,125,0,0,3435,83.0838,85.5435,13.4152
15.6509,1.07401,0,1.07401,9.68,96.6822,160,4,0,3436,83.1004,85.5594,13.4141
15.6579,0.333022,0,0.333022,9.66,96.6015,140,1,0,3437,83.0925,85.5508,13.4129
15.6781,0.073245,0,0.073245,9.66,96.6015,130,0,0,3437,83.0925,85.5508,13.4129
15.6811,0.348928,0,0.348928,9.64,96.5209,168,4,0,3438,83.1286,85.5852,13.4118
15.7011,0.052186,0,0.052186,9.64,96.5209,130,0,0,3438,83.1286,85.5852,13.4118
15.7044,0.174527,0,0.174527,9.62,96.4402,140,1,0,3439,83.1245,85.5804,13.4106
15.7251,1.03174,0,1.03174,9.62,96.4402,293,16,0,3440,83.1453,85.6003,13.4095
15.7286,0.281594,0,0.281594,9.6,96.3595,150,1,0,3441,83.1616,85.6158,13.4084
15.7491,0.060203,0,0.060203,9.6,96.3595,130,0,0,3441,83.1616,85.6158,13.4084
15.7542,0.003107,0,0.003107,9.58,96.2788,130,0,0,3441,83.1616,85.6158,13.4084
15.7766,1.00967,0,1.00967,9.58,96.2788,180,2,0,3442,83.1833,85.6368,13.4072
15.781,0.539151,0,0.539151,9.56,96.1982,200,2,0,3443,83.2114,85.6642,13.4061
15.8008,0.062121,0,0.062121,9.56,96.1982,130,0,0,3443,83.2114,85.6642,13.4061
15.8056,1.00384,0,1.00384,9.54,96.1175,164,2,0,3444,83.2349,85.6876,13.4049
15.8255,1.39081,0,1.39081,9.54,96.1175,200,4,0,3445,83.2688,85.721,13.4038
15.831,0.461294,0,0.461294,9.52,96.0368,140,2,0,3446,83.2896,85.7411,13.4027
15.852,0.134511,0,0.134511,9.52,96.0368,130,0,0,3446,83.2896,85.7411,13.4027
15.8587,0.653951,0,0.653951,9.5,95.9561,251,20,0,3447,83.2936,85.7438,13.4015
15.8789,0.084639,0,0.084639,9.5,95.9561,130,0,0,3447,83.2936,85.7438,13.4015
15.8826,1.06772,0,1.06772,9.48,95.8755,338,2,0,3448,83.3289,85.7802,13.4004
15.9028,0.472296,0,0.472296,9.48,95.8755,200,5,0,3449,83.3459,85.797,13.3993
15.9056,0.21971,0,0.21971,9.46,95.7948,140,2,0,3450,83.3623,85.8128,13.3981
15.9258,0.002726,0,0.002726,9.46,95.7948,130,0,0,3450,83.3623,85.8128,13.3981
15.9285,0.073587,0,0.073587,9.44,95.7141,140,0,0,3450,83.3623,85.8128,13.3981
15.9505,0.749182,0,0.749182,9.44,95.7141,254,1,0,3451,83.3764,85.8261,13.397
15.9544,0.156752,0,0.156752,9.42,95.6334,140,0,0,3451,83.3764,85.8261,13.397
15.9755,0.236282,0,0.236282,9.42,95.6334,140,0,0,3451,83.3764,85.8261,13.397
15.9831,2.16646,0,2.16646,9.4,95.5527,484,6,0,3452,83.3908,85.8407,13.3959
16.0027,1.33232,0,1.33232,9.4,95.5527,386,6,0,3453,83.4086,85.8587,13.3947
16.008,2.79865,0,2.79865,9.38,95.4721,704,134,0,3454,83.4311,85.879,13.3936
16.026,0.501896,0,0.501896,9.38,95.4721,175,2,0,3455,83.4504,85.8975,13.3925
16.029,0.21666,0,0.21666,9.36,95.3914,140,1,0,3456,83.4543,85.9008,13.3913
16.0501,0.065902,0,0.065902,9.36,95.3914,130,0,0,3456,83.4543,85.9008,13.3913
16.054,0.239032,0,0.239032,9.34,95.3107,186,2,0,3457,83.4507,85.8962,13.3902
16.0752,0.104141,0,0.104141,9.34,95.3107,130,0,0,3457,83.4507,85.8962,13.3902
16.0815,0.452221,0,0.452221,9.32,95.23,130,1,0,3458,83.4534,85.8982,13.3891
16.1032,1.26842,0,1.26842,9.32,95.23,319,2,0,3459,83.4756,85.9196,13.3879
16.1102,0.529937,0,0.529937,9.3,95.1494,130,1,0,3460,83.4867,85.9301,13.3868
16.1298,0.125961,0,0.125961,9.3,95.1494,120,0,0,3460,83.4867,85.9301,13.3868
16.1344,0.76249,0,0.76249,9.28,95.0687,265,2,0,3461,83.4975,85.9402,13.3857
16.1529,0.032996,0,0.032996,9.28,95.0687,120,0,0,3461,83.4975,85.9402,13.3857
16.1569,1.33143,0,1.33143,9.26,94.988,953,24,0,3462,83.4948,85.9379,13.3845
16.1778,0.907967,0,0.907967,9.26,94.988,120,2,0,3463,83.516,85.9584,13.3834
16.1818,0.245129,0,0.245129,9.24,94.9073,128,1,0,3464,83.517,85.9587,13.3823
16.2023,0.243383,0,0.243383,9.24,94.9073,138,1,0,3465,83.5192,85.9602,13.3811
16.208,0.261849,0,0.261849,9.22,94.8267,128,1,0,3466,83.5237,85.9639,13.38
16.2282,0.259943,0,0.259943,9.22,94.8267,128,1,0,3467,83.5224,85.9619,13.3789
16.2337,0.757041,0,0.757041,9.2,94.746,234,4,0,3468,83.5314,85.9703,13.3778
16.2522,0.064243,0,0.064243,9.2,94.746,118,0,0,3468,83.5314,85.9703,13.3778
16.255,0.058593,0,0.058593,9.18,94.6653,108,0,0,3468,83.5314,85.9703,13.3778
16.2764,0.509968,0,0.509968,9.18,94.6653,128,2,0,3469,83.5486,85.9867,13.3766
16.2794,0.312402,0,0.312402,9.16,94.5846,127,2,0,3470,83.5686,86.0061,13.3755
16.3001,0.17634,0,0.17634,9.16,94.5846,108,0,0,3470,83.5686,86.0061,13.3755
16.3047,0.109521,0,0.109521,9.14,94.504,108,0,0,3470,83.5686,86.0061,13.3755
16.3248,0.004547,0,0.004547,9.14,94.504,108,0,0,3470,83.5686,86.0061,13.3755
16.3316,0.053688,0,0.053688,9.12,94.4233,108,0,0,3470,83.5686,86.0061,13.3755
16.3512,0.406926,0,0.406926,9.12,94.4233,118,2,0,3471,83.5811,86.0179,13.3744
16.355,0.838052,0,0.838052,9.1,94.3426,120,2,0,3472,83.6069,86.0429,13.3732
16.3753,0.247876,0,0.247876,9.1,94.3426,108,0,0,3473,83.5955,86.0308,13.3721
16.3803,0.759259,0,0.759259,9.08,94.2619,138,1,0,3474,83.6154,86.0501,13.371
16.4015,0.587919,0,0.587919,9.08,94.2619,118,1,0,3475,83.6178,86.0518,13.3699
16.406,0.104694,0,0.104694,9.06,94.1813,98,0,0,3476,83.6047,86.038,13.3687
16.4266,0.202829,0,0.202829,9.06,94.1813,98,0,0,3476,83.6047,86.038,13.3687
16.4335,0.501632,0,0.501632,9.04,94.1006,108,1,0,3477,83.6057,86.0383,13.3676
16.4529,0.3375,0,0.3375,9.04,94.1006,108,1,0,3478,83.6127,86.0446,13.3665
16.4582,0.671165,0,0.671165,9.02,94.0199,140,7,0,3479,83.6255,86.0566,13.3654
16.4782,0.064264,0,0.064264,9.02,94.0199,100,0,0,3479,83.6255,86.0566,13.3654
16.4817,0.135425,0,0.135425,9,93.9392,110,1,0,3480,83.6126,86.0431,13.3642
16.5026,0.388353,0,0.388353,9,93.9392,130,4,0,3481,83.6191,86.0485,13.3631
16.6722,166.226,33.2967,132.929,8.98,93.8586,98691,5189,0,3482,83.1703,85.616,13.362
16.6767,0.313591,0,0.313591,8.96,93.7779,110,1,0,3483,83.1837,85.6288,13.3609
16.6973,0.443996,0,0.443996,8.96,93.7779,110,2,0,3484,83.1949,85.6392,13.3598
16.7005,0.280147,0,0.280147,8.94,93.6972,175,6,0,3485,83.2072,85.6508,13.3586
16.7206,0.061855,0,0.061855,8.94,93.6972,100,0,0,3485,83.2072,85.6508,13.3586
16.7244,0.508077,0,0.508077,8.92,93.6165,327,2,0,3486,83.2077,85.6506,13.3575
16.7447,0.079054,0,0.079054,8.92,93.6165,100,0,0,3486,83.2077,85.6506,13.3575
16.7479,0.039904,0,0.039904,8.9,93.5359,100,0,0,3486,83.2077,85.6506,13.3575
16.7714,2.66008,0,2.66008,8.9,93.5359,685,120,0,3487,83.2162,85.6605,13.3564
16.7745,0.268413,0,0.268413,8.88,93.4552,110,1,0,3488,83.219,85.6626,13.3553
16.7952,0.055468,0,0.055468,8.88,93.4552,100,0,0,3488,83.219,85.6626,13.3553
16.7992,0.380895,0,0.380895,8.86,93.3745,100,2,0,3489,83.2456,85.6884,13.3542
16.8197,0.587768,0,0.587768,8.86,93.3745,100,2,0,3490,83.2711,85.7132,13.353
16.8228,0.339529,0,0.339529,8.84,93.2938,140,6,0,3491,83.2959,85.7373,13.3519
16.8447,0.965454,0,0.965454,8.84,93.2938,249,2,0,3492,83.3107,85.7506,13.3508
16.849,0.368827,0,0.368827,8.82,93.2132,110,3,0,3493,83.3189,85.7578,13.3497
16.8694,0.064189,0,0.064189,8.82,93.2132,90,0,0,3493,83.3189,85.7578,13.3497
16.8741,0.671141,0,0.671141,8.8,93.1325,188,2,0,3494,83.3446,85.7828,13.3486
16.8941,0.002424,0,0.002424,8.8,93.1325,90,0,0,3494,83.3446,85.7828,13.3486
16.8966,0.000955,0,0.000955,8.78,93.0518,90,0,0,3494,83.3446,85.7828,13.3486
16.9174,0.554456,0,0.554456,8.78,93.0518,150,2,0,3495,83.3577,85.7951,13.3474
16.9208,0.386578,0,0.386578,8.76,92.9711,108,2,0,3496,83.3807,85.8175,13.3463
16.9413,0.346181,0,0.346181,8.76,92.9711,108,2,0,3497,83.4006,85.8367,13.3452
16.9444,0.504278,0,0.504278,8.74,92.8904,168,2,0,3498,83.43,85.8656,13.3441
16.9648,0.09259,0,0.09259,8.74,92.8904,98,0,0,3498,83.43,85.8656,13.3441
16.9675,0.090496,0,0.090496,8.72,92.8098,98,0,0,3498,83.43,85.8656,13.3441
16.9884,0.620009,0,0.620009,8.72,92.8098,110,2,0,3499,83.4667,85.9017,13.343
16.9915,0.001391,0,0.001391,8.7,92.7291,98,0,0,3499,83.4667,85.9017,13.343
17.012,0.500851,0,0.500851,8.7,92.7291,108,2,0,3500,83.484,85.9183,13.3419
17.0149,0.058404,0,0.058404,8.68,92.6484,98,0,0,3500,83.484,85.9183,13.3419
17.0361,0.162222,0,0.162222,8.68,92.6484,98,0,0,3500,83.484,85.9183,13.3419
17.042,0.335284,0,0.335284,8.66,92.5677,108,1,0,3501,83.4793,85.9129,13.3408
17.0624,0.030201,0,0.030201,8.66,92.5677,98,0,0,3501,83.4793,85.9129,13.3408
17.0681,0.108953,0,0.108953,8.64,92.4871,98,0,0,3501,83.4793,85.9129,13.3408
17.0904,0.899956,0,0.899956,8.64,92.4871,130,2,0,3502,83.4946,85.9275,13.3396
17.0949,0.182464,0,0.182464,8.62,92.4064,108,1,0,3503,83.4967,85.9289,13.3385
17.1153,0.094531,0,0.094531,8.62,92.4064,98,0,0,3503,83.4967,85.9289,13.3385
17.1204,0.055934,0,0.055934,8.6,92.3257,88,0,0,3503,83.4967,85.9289,13.3385
17.1416,0.432052,0,0.432052,8.6,92.3257,124,5,0,3504,83.5077,85.9392,13.3374
17.1447,0.105448,0,0.105448,8.58,92.245,88,0,0,3504,83.5077,85.9392,13.3374
17.1662,0.222767,0,0.222767,8.58,92.245,88,0,0,3504,83.5077,85.9392,13.3374
17.1731,0.294038,0,0.294038,8.56,91.9541,78,1,0,3505,83.5127,85.9435,13.3363
17.194,0.54165,0,0.54165,8.56,91.9541,98,2,0,3506,83.5394,85.9695,13.3352
17.201,1.22658,0,1.22658,8.54,91.6595,160,6,0,3507,83.5643,85.9937,13.3341
17.2214,1.32526,0,1.32526,8.54,91.6595,124,2,0,3508,83.5849,86.0137,13.333
17.2292,1.72588,0,1.72588,8.52,91.3649,269,4,0,3509,83.5959,86.0251,13.3318
17.2473,0.151638,0,0.151638,8.52,91.3649,78,0,0,3509,83.5959,86.0251,13.3318
17.2499,0.045037,0,0.045037,8.5,91.0704,78,0,0,3509,83.5959,86.0251,13.3318
17.271,0.307603,0,0.307603,8.5,91.0704,84,0,0,3510,83.5991,86.0276,13.3307
17.2742,0.503724,0,0.503724,8.48,90.7758,168,2,0,3511,83.6181,86.0459,13.3296
17.2958,0.755724,0,0.755724,8.48,90.7758,88,1,0,3512,83.6315,86.0587,13.3285
17.3017,0.043236,0,0.043236,8.46,90.4812,88,0,0,3512,83.6315,86.0587,13.3285
17.3244,1.49338,0,1.49338,8.46,90.4812,330,13,0,3513,83.6473,86.0734,13.3274
17.3312,0.380423,0,0.380423,8.44,90.1867,98,1,0,3514,83.6463,86.0717,13.3263
17.3508,0.027273,0,0.027273,8.44,90.1867,88,0,0,3514,83.6463,86.0717,13.3263
17.3596,1.68198,0,1.68198,8.42,89.8921,296,2,0,3515,83.6546,86.0797,13.3252
17.3772,0.378321,0,0.378321,8.42,89.8921,105,1,0,3516,83.6641,86.0885,13.3241
17.3807,0.771195,0,0.771195,8.4,89.5975,264,8,0,3517,83.6838,86.1066,13.323
17.4007,0.043472,0,0.043472,8.4,89.5975,88,0,0,3517,83.6838,86.1066,13.323
17.4063,0.956035,0,0.956035,8.38,89.303,322,34,0,3518,83.7138,86.135,13.3219
17.4269,0.4746,0,0.4746,8.38,89.303,233,0,0,3519,83.7278,86.1483,13.3208
17.4308,0.951745,0,0.951745,8.36,89.0084,375,12,0,3520,83.7466,86.1673,13.3196
17.4509,0.690121,0,0.690121,8.36,89.0084,128,3,0,3521,83.76,86.1803,13.3185
17.4571,0.205962,0,0.205962,8.34,88.7139,98,1,0,3522,83.7479,86.1675,13.3174
17.4765,0.37923,0,0.37923,8.34,88.7139,98,1,0,3523,83.7599,86.1788,13.3163
17.4807,0.132787,0,0.132787,8.32,88.4193,88,0,0,3523,83.7599,86.1788,13.3163
17.5022,0.563813,0,0.563813,8.32,88.4193,98,1,0,3524,83.769,86.1873,13.3152
17.5087,1.29418,0,1.29418,8.3,88.1247,265,4,0,3525,83.7821,86.1994,13.3141
17.5282,0.097453,0,0.097453,8.3,88.1247,98,0,0,3525,83.7821,86.1994,13.3141
17.5309,0.035839,0,0.035839,8.28,87.8302,98,0,0,3525,83.7821,86.1994,13.3141
17.5523,0.605936,0,0.605936,8.28,87.8302,118,4,0,3526,83.806,86.2229,13.313
17.5554,0.312682,0,0.312682,8.26,87.5356,108,1,0,3527,83.8248,86.241,13.3119
17.576,0.533319,0,0.533319,8.26,87.5356,108,1,0,3528,83.8268,86.2423,13.3108
17.582,0.136657,0,0.136657,8.24,87.241,98,0,0,3528,83.8268,86.2423,13.3108
17.6041,1.21425,0,1.21425,8.24,87.241,319,4,0,3529,83.8342,86.2479,13.3097
17.6101,1.25996,0,1.25996,8.22,86.9465,441,2,0,3530,83.8623,86.2751,13.3086
17.6298,0.093306,0,0.093306,8.22,86.9465,98,0,0,3530,83.8623,86.2751,13.3086
17.7492,113.713,28.1359,85.5774,8.2,86.6519,72010,3428,0,3531,83.7165,86.1674,13.3075
17.7529,0.547703,0,0.547703,8.18,87.171,266,20,0,3532,83.7418,86.1891,13.3064
17.7721,0.055747,0,0.055747,8.18,87.171,88,0,0,3532,83.7418,86.1891,13.3064
17.7751,0.121293,0,0.121293,8.16,86.8764,88,0,0,3532,83.7418,86.1891,13.3064
17.7962,0.431592,0,0.431592,8.16,86.8764,98,2,0,3533,83.7611,86.2078,13.3053
17.7996,0.544709,0,0.544709,8.14,86.5818,188,13,0,3534,83.7838,86.2301,13.3042
17.8211,1.19001,0,1.19001,8.14,86.5818,298,42,0,3535,83.8252,86.269,13.3031
17.824,0.040487,0,0.040487,8.12,86.2873,108,0,0,3535,83.8252,86.269,13.3031
17.8443,0.045198,0,0.045198,8.12,86.2873,108,0,0,3535,83.8252,86.269,13.3031
17.847,0.050326,0,0.050326,8.1,85.9927,108,0,0,3535,83.8252,86.269,13.3031
17.8685,0.420995,0,0.420995,8.1,85.9927,138,3,0,3536,83.8365,86.2797,13.302
17.8724,0.459502,0,0.459502,8.08,85.6981,272,14,0,3537,83.8572,86.2997,13.3009
17.8935,0.651395,0,0.651395,8.08,85.6981,148,4,0,3538,83.8759,86.318,13.2998
17.8981,0.00313,0,0.00313,8.06,85.4036,118,0,0,3538,83.8759,86.318,13.2998
17.919,0.050339,0,0.050339,8.06,85.4036,118,0,0,3538,83.8759,86.318,13.2998
17.9236,0.112731,0,0.112731,8.04,85.109,118,0,0,3538,83.8759,86.318,13.2998
17.9441,0.414698,0,0.414698,8.04,85.109,135,1,0,3539,83.8813,86.3227,13.2987
17.9475,0.062376,0,0.062376,8.02,84.8144,120,0,0,3539,83.8813,86.3227,13.2987
17.9679,0.555101,0,0.555101,8.02,84.8144,175,2,0,3540,83.9121,86.3528,13.2976
17.9712,0.267408,0,0.267408,8,84.5199,150,3,0,3541,83.9297,86.3697,13.2965
17.9925,0.275186,0,0.275186,8,84.5199,130,0,0,3541,83.9297,86.3697,13.2965
17.9987,0.684469,0,0.684469,7.98,84.2253,140,1,0,3542,83.9509,86.3902,13.2954
18.0191,0.406898,0,0.406898,7.98,84.2253,191,2,0,3543,83.9495,86.3878,13.2943
18.0219,0.126753,0,0.126753,7.96,83.9308,140,0,0,3543,83.9495,86.3878,13.2943
18.042,0.105014,0,0.105014,7.96,83.9308,140,0,0,3543,83.9495,86.3878,13.2943
18.045,0.203364,0,0.203364,7.94,83.6362,160,1,0,3544,83.958,86.3956,13.2932
18.0669,0.581731,0,0.581731,7.94,83.6362,160,2,0,3545,83.991,86.4279,13.2921
18.0701,0.231755,0,0.231755,7.92,83.3416,170,2,0,3546,84.0031,86.4394,13.291
18.0917,0.593196,0,0.593196,7.92,83.3416,170,1,0,3547,84.0121,86.4477,13.2899
18.0985,0.941212,0,0.941212,7.9,83.0471,250,6,0,3548,84.0493,86.4853,13.2888
18.1194,0.700077,0,0.700077,7.9,83.0471,170,2,0,3549,84.0682,86.5035,13.2877
18.1262,1.08297,0,1.08297,7.88,82.7525,419,4,0,3550,84.069,86.5045,13.2866
18.1458,0.130276,0,0.130276,7.88,82.7525,160,0,0,3550,84.069,86.5045,13.2866
18.1484,0.028677,0,0.028677,7.86,82.4579,150,0,0,3550,84.069,86.5045,13.2866
18.169,0.28983,0,0.28983,7.86,82.4579,160,1,0,3551,84.0679,86.5027,13.2855
18.1752,0.50972,0,0.50972,7.84,82.1589,149,1,0,3552,84.1002,86.5343,13.2844
18.1961,0.073139,0,0.073139,7.84,82.1589,140,0,0,3552,84.1002,86.5343,13.2844
18.1999,0.44506,0,0.44506,7.82,81.8513,200,7,0,3553,84.1222,86.555,13.2833
18.2202,0.217451,0,0.217451,7.82,81.8513,150,1,0,3554,84.1232,86.5554,13.2822
18.2249,0.787249,0,0.787249,7.8,81.5436,190,8,0,3555,84.1502,86.582,13.2812
18.2455,0.629265,0,0.629265,7.8,81.5436,250,15,0,3556,84.1732,86.6055,13.2801
18.2493,0.054446,0,0.054446,7.78,81.236,160,0,0,3556,84.1732,86.6055,13.2801
18.2704,0.912978,0,0.912978,7.78,81.236,190,2,0,3557,84.1996,86.6309,13.279
18.3708,95.3754,27.7803,67.5951,7.76,80.9283,44091,3995,0,3557,83.9899,86.4523,13.279
18.3742,0.058097,0,0.058097,7.74,80.6206,160,0,0,3557,83.9899,86.4523,13.279
18.3947,0.034746,0,0.034746,7.74,80.6206,160,0,0,3557,83.9899,86.4523,13.279
18.3976,0.208129,0,0.208129,7.72,80.313,170,1,0,3558,84,86.4618,13.2779
18.4184,0.076382,0,0.076382,7.72,80.313,160,0,0,3558,84,86.4618,13.2779
18.4214,0.340345,0,0.340345,7.7,80.0053,305,2,0,3559,84.0037,86.4647,13.2768
18.4422,0.423248,0,0.423248,7.7,80.0053,180,1,0,3560,84.0244,86.4848,13.2757
18.4448,0.034584,0,0.034584,7.68,79.6977,160,0,0,3560,84.0244,86.4848,13.2757
18.4652,0.14939,0,0.14939,7.68,79.6977,160,0,0,3560,84.0244,86.4848,13.2757
18.4681,0.227137,0,0.227137,7.66,79.39,256,0,0,3561,84.0362,86.4959,13.2746
18.4887,0.00265,0,0.00265,7.66,79.39,160,0,0,3561,84.0362,86.4959,13.2746
18.4915,0.211191,0,0.211191,7.64,79.0824,170,2,0,3562,84.0452,86.5042,13.2735
18.5125,0.376869,0,0.376869,7.64,79.0824,170,1,0,3563,84.0547,86.5131,13.2724
18.5152,0.253897,0,0.253897,7.62,78.7747,170,2,0,3564,84.0693,86.5269,13.2713
18.5353,0.06984,0,0.06984,7.62,78.7747,160,0,0,3564,84.0693,86.5269,13.2713
18.5414,0.105825,0,0.105825,7.6,78.4671,160,0,0,3564,84.0693,86.5269,13.2713
18.561,0.391452,0,0.391452,7.6,78.4671,170,1,0,3565,84.0819,86.5388,13.2702
18.5641,0.512431,0,0.512431,7.58,78.1594,310,10,0,3566,84.0931,86.5494,13.2692
18.5865,1.25402,0,1.25402,7.58,78.1594,230,11,0,3567,84.1141,86.5716,13.2681
18.5918,0.351503,0,0.351503,7.56,77.8517,173,1,0,3568,84.1354,86.5922,13.267
18.6137,1.1878,0,1.1878,7.56,77.8517,170,2,0,3569,84.1575,86.6136,13.2659
18.6168,0.040156,0,0.040156,7.54,77.5441,160,0,0,3569,84.1575,86.6136,13.2659
18.638,0.785222,0,0.785222,7.54,77.5441,170,1,0,3570,84.1737,86.6291,13.2648
18.6449,0.630138,0,0.630138,7.52,77.2364,170,2,0,3571,84.2064,86.6612,13.2637
18.6639,0.071855,0,0.071855,7.52,77.2364,160,0,0,3571,84.2064,86.6612,13.2637
18.6666,0.056668,0,0.056668,7.5,76.9288,150,0,0,3571,84.2064,86.6612,13.2637
18.6878,0.430537,0,0.430537,7.5,76.9288,160,1,0,3572,84.2276,86.6817,13.2626
18.6906,0.295476,0,0.295476,7.48,76.6211,160,2,0,3573,84.2544,86.7078,13.2615
18.7117,0.55989,0,0.55989,7.48,76.6211,160,1,0,3574,84.2689,86.7216,13.2605
18.7182,0.69238,0,0.69238,7.46,76.3135,178,2,0,3575,84.2853,86.7373,13.2594
18.7376,0.100217,0,0.100217,7.46,76.3135,150,0,0,3575,84.2853,86.7373,13.2594
18.7423,0.422501,0,0.422501,7.44,76.0058,174,2,0,3576,84.3073,86.7587,13.2583
18.7626,0.700302,0,0.700302,7.44,76.0058,170,1,0,3577,84.3207,86.7713,13.2572
18.7681,0.058487,0,0.058487,7.42,75.6982,150,0,0,3577,84.3207,86.7713,13.2572
18.7897,0.20857,0,0.20857,7.42,75.6982,150,0,0,3577,84.3207,86.7713,13.2572
18.7942,0.65013,0,0.65013,7.4,75.3905,160,1,0,3578,84.3348,86.7848,13.2561
18.816,1.10971,0,1.10971,7.4,75.3905,240,4,0,3579,84.3585,86.8078,13.255
18.8236,0.99179,0,0.99179,7.38,75.0828,170,2,0,3580,84.3986,86.8472,13.2539
18.844,0.829753,0,0.829753,7.38,75.0828,197,6,0,3581,84.415,86.8629,13.2529
18.8508,0.368836,0,0.368836,7.36,74.7752,150,0,0,3582,84.4115,86.8587,13.2518
18.8719,0.878744,0,0.878744,7.36,74.7752,263,15,0,3583,84.446,86.8925,13.2507
18.8745,0.251758,0,0.251758,7.34,74.4675,160,1,0,3584,84.4526,86.8984,13.2496
18.895,0.211982,0,0.211982,7.34,74.4675,150,0,0,3584,84.4526,86.8984,13.2496
18.9005,0.243473,0,0.243473,7.32,74.1599,150,1,0,3585,84.4505,86.8957,13.2485
18.9218,0.097285,0,0.097285,7.32,74.1599,140,0,0,3585,84.4505,86.8957,13.2485
18.9279,0.437663,0,0.437663,7.3,73.8522,170,2,0,3586,84.4682,86.9133,13.2475
18.9482,0.030474,0,0.030474,7.3,73.8522,150,0,0,3586,84.4682,86.9133,13.2475
18.951,0.001375,0,0.001375,7.28,73.5446,150,0,0,3586,84.4682,86.9133,13.2475
18.9718,0.112953,0,0.112953,7.28,73.5446,150,0,0,3586,84.4682,86.9133,13.2475
18.9747,0.377051,0,0.377051,7.26,73.2369,160,2,0,3587,84.4962,86.9406,13.2464
18.9951,0.533458,0,0.533458,7.26,73.2369,160,2,0,3588,84.5176,86.9613,13.2453
18.9978,0.122853,0,0.122853,7.24,72.9861,140,0,0,3589,84.5155,86.9585,13.2442
19.0212,1.98303,0,1.98303,7.24,72.9861,343,17,0,3590,84.5521,86.9955,13.2431
19.0255,0.0503,0,0.0503,7.22,72.8131,140,0,0,3590,84.5521,86.9955,13.2431
19.0461,0.002295,0,0.002295,7.22,72.8131,140,0,0,3590,84.5521,86.9955,13.2431
19.0518,0.126476,0,0.126476,7.2,72.64,140,0,0,3590,84.5521,86.9955,13.2431
19.0724,0.057492,0,0.057492,7.2,72.64,140,0,0,3590,84.5521,86.9955,13.2431
19.0777,0.927199,0,0.927199,7.18,72.4669,150,2,0,3591,84.5842,87.027,13.2421
19.0971,0.314924,0,0.314924,7.18,72.4669,150,1,0,3592,84.5855,87.0276,13.241
19.0997,0.045703,0,0.045703,7.16,72.2938,140,0,0,3592,84.5855,87.0276,13.241
19.1212,0.004178,0,0.004178,7.16,72.2938,140,0,0,3592,84.5855,87.0276,13.241
19.1259,0.481041,0,0.481041,7.14,72.1208,150,2,0,3593,84.6251,87.0662,13.2399
19.148,1.09308,0,1.09308,7.14,72.1208,150,2,0,3594,84.6614,87.1018,13.2388
19.1551,0.79964,0,0.79964,7.12,71.9477,150,1,0,3595,84.6771,87.1168,13.2377
19.1753,0.144506,0,0.144506,7.12,71.9477,140,0,0,3595,84.6771,87.1168,13.2377
19.1817,0.478955,0,0.478955,7.1,71.7746,150,1,0,3596,84.6799,87.119,13.2367
19.2022,0.458022,0,0.458022,7.1,71.7746,150,1,0,3597,84.7042,87.1426,13.2356
19.2049,0.200743,0,0.200743,7.08,71.6016,170,1,0,3598,84.7068,87.1445,13.2345
19.2254,0.435923,0,0.435923,7.08,71.6016,170,1,0,3599,84.726,87.1631,13.2334
19.2284,0.298262,0,0.298262,7.06,71.4285,190,2,0,3600,84.7453,87.1825,13.2324
19.2492,0.158759,0,0.158759,7.06,71.4285,160,0,0,3600,84.7453,87.1825,13.2324
19.2528,0.41499,0,0.41499,7.04,71.2554,180,4,0,3601,84.7806,87.2172,13.2313
19.2741,0.153126,0,0.153126,7.04,71.2554,150,0,0,3601,84.7806,87.2172,13.2313
19.2805,0.556017,0,0.556017,7.02,71.0823,160,1,0,3602,84.7865,87.2224,13.2302
19.3016,0.873394,0,0.873394,7.02,71.0823,160,2,0,3603,84.8099,87.2451,13.2291
19.3078,0.536736,0,0.536736,7,70.9093,160,1,0,3604,84.8174,87.2519,13.2281
19.3285,1.35807,0,1.35807,7,70.9093,530,10,0,3605,84.8452,87.2766,13.227
19.3309,0.000853,0,0.000853,6.98,70.7362,150,0,0,3605,84.8452,87.2766,13.227
19.3529,0.669308,0,0.669308,6.98,70.7362,200,7,0,3606,84.878,87.31,13.2259
19.3555,0.035672,0,0.035672,6.96,70.5631,150,0,0,3606,84.878,87.31,13.2259
19.3771,0.090958,0,0.090958,6.96,70.5631,150,0,0,3606,84.878,87.31,13.2259
19.3818,0.129798,0,0.129798,6.94,70.3901,150,0,0,3606,84.878,87.31,13.2259
19.4032,0.187879,0,0.187879,6.94,70.3901,150,0,0,3606,84.878,87.31,13.2259
19.4088,0.429144,0,0.429144,6.92,70.217,190,4,0,3607,84.8905,87.3202,13.2248
19.4286,0.029982,0,0.029982,6.92,70.217,150,0,0,3607,84.8905,87.3202,13.2248
19.4348,0.676067,0,0.676067,6.9,70.0439,160,1,0,3608,84.9055,87.3345,13.2238
19.4532,0.078946,0,0.078946,6.9,70.0439,150,0,0,3608,84.9055,87.3345,13.2238
19.4576,0.191317,0,0.191317,6.88,69.8709,150,1,0,3609,84.9052,87.3336,13.2227
19.4785,0.23272,0,0.23272,6.88,69.8709,140,0,0,3609,84.9052,87.3336,13.2227
19.4818,0.218356,0,0.218356,6.86,69.6978,150,1,0,3610,84.9199,87.3476,13.2216
19.5033,0.129747,0,0.129747,6.86,69.6978,140,0,0,3610,84.9199,87.3476,13.2216
19.5081,0.001828,0,0.001828,6.84,69.5247,140,0,0,3610,84.9199,87.3476,13.2216
19.5292,0.651995,0,0.651995,6.84,69.5247,150,1,0,3611,84.9327,87.3597,13.2206
19.5368,0.967532,0,0.967532,6.82,69.3516,173,2,0,3612,84.9565,87.3826,13.2195
19.5551,0.261306,0,0.261306,6.82,69.3516,150,2,0,3613,84.9541,87.3795,13.2184
19.5581,0.346866,0,0.346866,6.8,69.1786,193,8,0,3614,84.9654,87.3904,13.2173
19.5799,0.537378,0,0.537378,6.8,69.1786,150,1,0,3615,84.9696,87.3939,13.2163
19.5869,0.734513,0,0.734513,6.78,69.0055,150,2,0,3616,84.9892,87.4132,13.2152
19.6075,0.423093,0,0.423093,6.78,69.0055,140,1,0,3617,84.9801,87.4034,13.2141
19.6127,0.172347,0,0.172347,6.76,68.8324,130,0,0,3617,84.9801,87.4034,13.2141
19.6341,0.675335,0,0.675335,6.76,68.8324,186,4,0,3618,85.0077,87.4315,13.2131
19.6388,0.508214,0,0.508214,6.74,68.6594,160,2,0,3619,85.0456,87.467,13.212
19.6592,0.717931,0,0.717931,6.74,68.6594,140,1,0,3620,85.0588,87.4796,13.2109
19.6659,0.529593,0,0.529593,6.72,68.4863,211,3,0,3621,85.0721,87.4913,13.2099
19.6852,0.44489,0,0.44489,6.72,68.4863,140,1,0,3622,85.0872,87.5058,13.2088
19.688,0.001578,0,0.001578,6.7,68.3132,120,0,0,3622,85.0872,87.5058,13.2088
19.7089,0.05997,0,0.05997,6.7,68.3132,120,0,0,3622,85.0872,87.5058,13.2088
19.7115,0.217975,0,0.217975,6.68,68.1402,119,0,0,3623,85.0985,87.5164,13.2077
19.7338,1.26979,0,1.26979,6.68,68.1402,156,2,0,3624,85.1336,87.5508,13.2067
19.7376,0.066334,0,0.066334,6.66,67.9671,110,0,0,3624,85.1336,87.5508,13.2067
19.7589,0.889139,0,0.889139,6.66,67.9671,120,1,0,3625,85.1528,87.5694,13.2056
19.765,0.496364,0,0.496364,6.64,67.794,127,1,0,3626,85.1522,87.5681,13.2045
19.7854,0.966048,0,0.966048,6.64,67.794,120,1,0,3627,85.1715,87.5867,13.2035
19.7922,0.240965,0,0.240965,6.62,67.6209,110,0,0,3627,85.1715,87.5867,13.2035
19.8131,0.614742,0,0.614742,6.62,67.6209,236,2,0,3628,85.183,87.5992,13.2024
19.8185,0.556302,0,0.556302,6.6,67.4479,120,1,0,3629,85.1827,87.5982,13.2013
19.8389,0.047995,0,0.047995,6.6,67.4479,110,0,0,3629,85.1827,87.5982,13.2013
19.8456,0.74108,0,0.74108,6.58,67.2748,132,1,0,3630,85.1975,87.6124,13.2003
19.8659,0.31305,0,0.31305,6.58,67.2748,120,1,0,3631,85.2005,87.6147,13.1992
19.8689,0.325513,0,0.325513,6.56,67.1017,252,3,0,3632,85.2048,87.6184,13.1981
19.8892,0.407776,0,0.407776,6.56,67.1017,120,1,0,3633,85.2191,87.632,13.1971
19.8937,0.749805,0,0.749805,6.54,66.9287,120,1,0,3634,85.232,87.6442,13.196
19.9142,0.004146,0,0.004146,6.54,66.9287,110,0,0,3634,85.232,87.6442,13.196
19.9199,0.045411,0,0.045411,6.52,66.7556,110,0,0,3634,85.232,87.6442,13.196
19.9408,0.130777,0,0.130777,6.52,66.7556,110,0,0,3634,85.232,87.6442,13.196
19.9433,0.001142,0,0.001142,6.5,66.5825,129,0,0,3634,85.232,87.6442,13.196
19.9645,0.374156,0,0.374156,6.5,66.5825,129,0,0,3635,85.2407,87.6523,13.1949
19.9698,0.730884,0,0.730884,6.48,66.4094,153,1,0,3636,85.261,87.6719,13.1939
19.9894,0.346006,0,0.346006,6.48,66.4094,139,2,0,3637,85.2656,87.6758,13.1928
19.9939,0.194548,0,0.194548,6.46,66.2364,129,1,0,3638,85.2661,87.6756,13.1918
20.0137,0.051167,0,0.051167,6.46,66.2364,119,0,0,3638,85.2661,87.6756,13.1918
20.0185,0.33078,0,0.33078,6.44,66.0633,119,0,0,3639,85.2627,87.6716,13.1907
20.0399,0.235777,0,0.235777,6.44,66.0633,119,0,0,3639,85.2627,87.6716,13.1907
20.0458,0.157492,0,0.157492,6.42,65.8902,119,0,0,3639,85.2627,87.6716,13.1907
20.0677,0.670261,0,0.670261,6.42,65.8902,129,1,0,3640,85.2709,87.6791,13.1896
20.0728,0.331868,0,0.331868,6.4,65.7172,119,1,0,3641,85.2818,87.6894,13.1886
20.0938,0.431849,0,0.431849,6.4,65.7172,119,1,0,3642,85.3029,87.7098,13.1875
20.0969,0.139951,0,0.139951,6.38,65.5441,109,0,0,3642,85.3029,87.7098,13.1875
20.1172,0.40871,0,0.40871,6.38,65.5441,119,1,0,3643,85.3107,87.717,13.1865
20.1205,0.0729,0,0.0729,6.36,65.371,100,0,0,3643,85.3107,87.717,13.1865
20.1417,0.563109,0,0.563109,6.36,65.371,130,2,0,3644,85.3386,87.7448,13.1854
20.1444,0.105928,0,0.105928,6.34,65.198,90,0,0,3644,85.3386,87.7448,13.1854
20.167,1.12181,0,1.12181,6.34,65.198,100,2,0,3645,85.3811,87.7866,13.1843
20.1737,0.636856,0,0.636856,6.32,65.0249,90,1,0,3646,85.3903,87.7951,13.1833
20.1941,0.369576,0,0.369576,6.32,65.0249,90,1,0,3647,85.4017,87.8059,13.1822
20.1971,0.376723,0,0.376723,6.3,64.8518,310,0,0,3648,85.4172,87.8207,13.1812
20.2177,0.69089,0,0.69089,6.3,64.8518,80,2,0,3649,85.4579,87.8608,13.1801
20.2208,0.42403,0,0.42403,6.28,64.6787,180,20,0,3650,85.4586,87.8608,13.1791
20.2437,1.94058,0,1.94058,6.28,64.6787,1379,59,0,3651,85.4549,87.8584,13.178
20.2485,0.497746,0,0.497746,6.26,64.5057,70,1,0,3652,85.4589,87.8617,13.1769
20.2693,0.121557,0,0.121557,6.26,64.5057,60,0,0,3652,85.4589,87.8617,13.1769
20.3207,45.7637,20.0192,25.7445,6.24,64.3326,19889,1052,0,3652,85.3839,87.8089,13.1769
20.3243,0.32073,0,0.32073,6.22,64.1595,80,1,0,3653,85.403,87.8273,13.1759
20.3441,0.363945,0,0.363945,6.22,64.1595,80,1,0,3654,85.4116,87.8352,13.1748
20.3469,0.001204,0,0.001204,6.2,63.9865,70,0,0,3654,85.4116,87.8352,13.1748
20.3679,0.132173,0,0.132173,6.2,63.9865,70,0,0,3655,85.3981,87.8211,13.1738
20.3709,0.300413,0,0.300413,6.18,63.8134,80,2,0,3656,85.4103,87.8326,13.1727
20.3917,0.002631,0,0.002631,6.18,63.8134,70,0,0,3656,85.4103,87.8326,13.1727
20.3961,0.580143,0,0.580143,6.16,63.6403,98,2,0,3657,85.4375,87.8592,13.1717
20.4162,0.432702,0,0.432702,6.16,63.6403,80,2,0,3658,85.4557,87.8767,13.1706
20.4193,0.255566,0,0.255566,6.14,63.4672,90,1,0,3659,85.4701,87.8904,13.1696
20.44,0.030324,0,0.030324,6.14,63.4672,70,0,0,3659,85.4701,87.8904,13.1696
20.4428,0.001061,0,0.001061,6.12,63.2942,80,0,0,3659,85.4701,87.8904,13.1696
20.4648,0.561119,0,0.561119,6.12,63.2942,90,1,0,3660,85.4877,87.9074,13.1685
20.469,0.32826,0,0.32826,6.1,63.1211,120,6,0,3661,85.502,87.9202,13.1674
20.4895,0.11673,0,0.11673,6.1,63.1211,80,0,0,3661,85.502,87.9202,13.1674
20.4964,1.0038,0,1.0038,6.08,62.948,100,2,0,3662,85.5371,87.9555,13.1664
20.516,0.612164,0,0.612164,6.08,62.948,90,2,0,3663,85.5703,87.988,13.1653
20.5192,0.316772,0,0.316772,6.06,62.775,111,2,0,3664,85.5862,88.0033,13.1643
20.5402,0.393299,0,0.393299,6.06,62.775,90,1,0,3665,85.6027,88.0191,13.1632
20.5431,0.222932,0,0.222932,6.04,62.6019,90,1,0,3666,85.6222,88.0379,13.1622
20.5642,0.400819,0,0.400819,6.04,62.6019,90,1,0,3667,85.6444,88.0594,13.1611
20.567,0.028429,0,0.028429,6.02,62.4288,80,0,0,3667,85.6444,88.0594,13.1611
20.5888,0.224948,0,0.224948,6.02,62.4288,80,0,0,3667,85.6444,88.0594,13.1611
20.5952,0.5701,0,0.5701,6,62.2558,107,2,0,3668,85.6595,88.0731,13.1601
20.6151,0.109385,0,0.109385,6,62.2558,80,0,0,3668,85.6595,88.0731,13.1601
20.6229,0.632333,0,0.632333,5.98,62.0827,90,2,0,3669,85.6642,88.0771,13.159
20.6418,0.541341,0,0.541341,5.98,62.0827,90,1,0,3670,85.6913,88.1035,13.158
20.6448,0.240312,0,0.240312,5.96,61.9096,90,1,0,3671,85.7077,88.1193,13.1569
20.6657,0.304284,0,0.304284,5.96,61.9096,90,1,0,3672,85.7157,88.1266,13.1559
20.6699,1.10029,0,1.10029,5.94,61.7365,110,2,0,3673,85.7531,88.1631,13.1548
20.6905,0.490148,0,0.490148,5.94,61.7365,90,1,0,3674,85.7496,88.159,13.1538
20.6955,0.352311,0,0.352311,5.92,61.5635,90,1,0,3675,85.7605,88.1693,13.1527
20.7158,0.195897,0,0.195897,5.92,61.5635,80,0,0,3675,85.7605,88.1693,13.1527
20.7223,0.385423,0,0.385423,5.9,61.3904,96,0,0,3676,85.7707,88.1787,13.1517
20.7414,0.078341,0,0.078341,5.9,61.3904,80,0,0,3676,85.7707,88.1787,13.1517
20.7443,0.054361,0,0.054361,5.88,61.2173,90,0,0,3676,85.7707,88.1787,13.1517
20.7657,0.540884,0,0.540884,5.88,61.2173,164,2,0,3677,85.79,88.1972,13.1507
20.7683,0.019202,0,0.019202,5.86,61.0443,90,0,0,3677,85.79,88.1972,13.1507
20.7898,0.38847,0,0.38847,5.86,61.0443,100,1,0,3678,85.7863,88.1928,13.1496
20.7931,0.390837,0,0.390837,5.84,60.8712,110,4,0,3679,85.8222,88.2291,13.1486
20.8135,0.429101,0,0.429101,5.84,60.8712,100,1,0,3680,85.8215,88.2277,13.1475
20.8192,0.046791,0,0.046791,5.82,60.6981,90,0,0,3680,85.8215,88.2277,13.1475
20.8392,0.435558,0,0.435558,5.82,60.6981,100,1,0,3681,85.8359,88.2415,13.1465
20.8457,0.660574,0,0.660574,5.8,60.5251,110,3,0,3682,85.8482,88.2526,13.1454
20.8673,0.637493,0,0.637493,5.8,60.5251,100,1,0,3683,85.8566,88.2604,13.1444
20.8717,0.047591,0,0.047591,5.78,61.92,70,0,0,3683,85.8566,88.2604,13.1444
20.8929,0.359154,0,0.359154,5.78,61.92,90,1,0,3684,85.8694,88.2725,13.1433
20.8959,0.219678,0,0.219678,5.76,61.8515,90,1,0,3685,85.8841,88.2866,13.1423
20.9164,0.478412,0,0.478412,5.76,61.8515,90,1,0,3686,85.8937,88.2954,13.1412
20.9205,0.221122,0,0.221122,5.74,61.7831,90,1,0,3687,85.898,88.2992,13.1402
20.9411,0.75577,0,0.75577,5.74,61.7831,90,1,0,3688,85.91,88.3105,13.1392
20.9459,0.595593,0,0.595593,5.72,61.7147,150,4,0,3689,85.9458,88.3445,13.1381
20.9682,0.770569,0,0.770569,5.72,61.7147,80,0,0,3690,85.952,88.3501,13.1371
20.975,0.533224,0,0.533224,5.7,61.6463,100,2,0,3691,85.9859,88.3836,13.136
20.9953,0.145562,0,0.145562,5.7,61.6463,80,0,0,3691,85.9859,88.3836,13.136
20.9985,0.53248,0,0.53248,5.68,61.5779,120,8,0,3692,86.0257,88.4206,13.135
21.0194,0.427115,0,0.427115,5.68,61.5779,131,0,0,3693,86.0403,88.4346,13.1339
21.0222,0.028008,0,0.028008,5.66,61.5095,80,0,0,3693,86.0403,88.4346,13.1339
21.043,0.444959,0,0.444959,5.66,61.5095,90,1,0,3694,86.0563,88.4499,13.1329
21.0598,14.0027,10.5447,3.45799,5.64,61.4411,2074,87,0,3695,86.0717,88.4671,13.1319
21.0674,0.470808,0,0.470808,5.64,61.4411,80,1,0,3696,86.0671,88.4619,13.1308
21.0721,0.509433,0,0.509433,5.62,61.3727,100,2,0,3697,86.0809,88.475,13.1298
21.0925,0.082523,0,0.082523,5.62,61.3727,70,0,0,3697,86.0809,88.475,13.1298
21.0959,0.102121,0,0.102121,5.6,61.3042,70,0,0,3697,86.0809,88.475,13.1298
21.1182,1.71376,0,1.71376,5.6,61.3042,190,46,0,3698,86.0984,88.4919,13.1287
21.1221,0.348569,0,0.348569,5.58,61.2358,80,1,0,3699,86.13,88.5228,13.1277
21.1429,0.705461,0,0.705461,5.58,61.2358,80,1,0,3700,86.147,88.5392,13.1267
21.1499,0.99117,0,0.99117,5.56,61.1674,120,2,0,3701,86.1889,88.5793,13.1256
21.1689,0.552137,0,0.552137,5.56,61.1674,100,4,0,3702,86.1918,88.5805,13.1246
21.1736,0.489838,0,0.489838,5.54,61.099,80,1,0,3703,86.1974,88.5855,13.1236
21.1948,0.611675,0,0.611675,5.54,61.099,80,2,0,3704,86.2052,88.5926,13.1225
21.2005,0.121551,0,0.121551,5.52,61.0306,70,0,0,3704,86.2052,88.5926,13.1225
21.2216,0.551409,0,0.551409,5.52,61.0306,80,1,0,3705,86.2135,88.6003,13.1215
21.2291,1.03745,0,1.03745,5.5,60.9622,70,1,0,3706,86.2369,88.623,13.1204
21.2491,0.395804,0,0.395804,5.5,60.9622,70,2,0,3707,86.2533,88.6388,13.1194
21.2531,0.257146,0,0.257146,5.48,60.8938,60,0,0,3708,86.257,88.6419,13.1184
21.2734,0.595037,0,0.595037,5.48,60.8938,70,1,0,3709,86.2904,88.6746,13.1173
21.2764,0.137408,0,0.137408,5.46,60.8254,70,1,0,3710,86.2879,88.6714,13.1163
21.2985,0.611689,0,0.611689,5.46,60.8254,80,2,0,3711,86.311,88.695,13.1153
21.3035,1.76542,0,1.76542,5.44,60.757,190,25,0,3712,86.3451,88.7303,13.1142
21.3229,0.729288,0,0.729288,5.44,60.757,70,1,0,3713,86.3703,88.7549,13.1132
21.3295,0.648476,0,0.648476,5.42,60.6885,112,4,0,3714,86.3963,88.7808,13.1122
21.3505,0.072676,0,0.072676,5.42,60.6885,60,0,0,3714,86.3963,88.7808,13.1122
21.3574,0.836986,0,0.836986,5.4,60.6201,70,1,0,3715,86.4231,88.807,13.1111
21.3775,0.640537,0,0.640537,5.4,60.6201,70,1,0,3716,86.4333,88.8165,13.1101
21.3852,0.760036,0,0.760036,5.38,60.5517,70,1,0,3717,86.4539,88.8364,13.1091
21.4041,0.631886,0,0.631886,5.38,60.5517,94,2,0,3718,86.4788,88.8609,13.108
21.4107,0.1021,0,0.1021,5.36,60.4833,60,0,0,3718,86.4788,88.8609,13.108
21.4312,0.07782,0,0.07782,5.36,60.4833,60,0,0,3718,86.4788,88.8609,13.108
21.437,0.796202,0,0.796202,5.34,60.4149,654,0,0,3719,86.5093,88.8908,13.107
21.4581,0.195784,0,0.195784,5.34,60.4149,60,0,0,3719,86.5093,88.8908,13.107
21.5336,70.1535,33.9082,36.2454,5.32,60.3465,22188,2230,0,3720,86.2591,88.703,13.106
21.5371,0.016968,0,0.016968,5.3,60.2781,50,0,0,3720,86.2591,88.703,13.106
21.5581,0.507999,0,0.507999,5.3,60.2781,60,1,0,3721,86.28,88.7232,13.1049
21.5613,0.455351,0,0.455351,5.28,60.2097,77,2,0,3722,86.3184,88.7609,13.1039
21.5825,0.533561,0,0.533561,5.28,60.2097,60,1,0,3723,86.3274,88.7693,13.1029
21.5853,0.185604,0,0.185604,5.26,60.1413,60,1,0,3724,86.3257,88.7669,13.1018
21.6055,0.028945,0,0.028945,5.26,60.1413,50,0,0,3724,86.3257,88.7669,13.1018
21.6086,0.252528,0,0.252528,5.24,60.0728,60,2,0,3725,86.3318,88.7723,13.1008
21.6294,0.0925,0,0.0925,5.24,60.0728,50,0,0,3725,86.3318,88.7723,13.1008
21.6321,0.217044,0,0.217044,5.22,60.0044,60,1,0,3726,86.3414,88.7813,13.0998
21.6529,0.01159,0,0.01159,5.22,60.0044,50,0,0,3726,86.3414,88.7813,13.0998
21.6554,0.034192,0,0.034192,5.2,59.936,50,0,0,3726,86.3414,88.7813,13.0998
21.6769,0.3708,0,0.3708,5.2,59.936,60,1,0,3727,86.3493,88.7886,13.0988
21.681,0.282559,0,0.282559,5.18,59.8676,60,1,0,3728,86.3702,88.8087,13.0977
21.701,0.092921,0,0.092921,5.18,59.8676,50,0,0,3728,86.3702,88.8087,13.0977
21.7058,0.774072,0,0.774072,5.16,59.7992,164,9,0,3729,86.3891,88.8276,13.0967
21.7258,0.0345,0,0.0345,5.16,59.7992,50,0,0,3729,86.3891,88.8276,13.0967
21.7286,0.231594,0,0.231594,5.14,59.7308,64,2,0,3730,86.4027,88.8405,13.0957
21.7494,0.028204,0,0.028204,5.14,59.7308,50,0,0,3730,86.4027,88.8405,13.0957
21.7558,0.84695,0,0.84695,5.12,59.6624,80,4,0,3731,86.4299,88.8671,13.0946
21.7764,0.481886,0,0.481886,5.12,59.6624,60,1,0,3732,86.4413,88.8778,13.0936
21.7815,0.093504,0,0.093504,5.1,59.594,50,0,0,3732,86.4413,88.8778,13.0936
21.8026,1.06015,0,1.06015,5.1,59.594,60,1,0,3733,86.472,88.9078,13.0926
21.8099,0.11242,0,0.11242,5.08,59.5256,50,0,0,3733,86.472,88.9078,13.0926
21.8294,0.551465,0,0.551465,5.08,59.5256,60,2,0,3734,86.4979,88.933,13.0916
21.8346,0.500516,0,0.500516,5.06,59.4571,93,2,0,3735,86.5207,88.9553,13.0905
21.8562,0.831161,0,0.831161,5.06,59.4571,50,1,0,3736,86.5383,88.9722,13.0895
21.8625,0.627105,0,0.627105,5.04,59.3887,50,1,0,3737,86.5512,88.9845,13.0885
21.8833,0.607102,0,0.607102,5.04,59.3887,77,2,0,3738,86.5709,89.0029,13.0875
21.8881,0.919381,0,0.919381,5.02,59.3203,50,2,0,3739,86.6066,89.038,13.0864
21.9081,0.076058,0,0.076058,5.02,59.3203,40,0,0,3739,86.6066,89.038,13.0864
21.9118,0.795461,0,0.795461,5,59.2519,222,6,0,3740,86.6134,89.0447,13.0854
21.9321,0.636772,0,0.636772,5,59.2519,40,0,0,3741,86.6212,89.0519,13.0844
21.9684,31.1064,14.4965,16.6099,4.98,59.1835,9416,933,0,3741,86.5755,89.007,13.0844
21.972,0.066742,0,0.066742,4.96,59.1151,40,0,0,3741,86.5755,89.007,13.0844
21.993,0.693947,0,0.693947,4.96,59.1151,100,4,0,3742,86.616,89.047,13.0834
21.9962,0.216868,0,0.216868,4.94,59.0467,50,1,0,3743,86.6126,89.043,13.0823
22.0173,0.441424,0,0.441424,4.94,59.0467,50,1,0,3744,86.6287,89.0585,13.0813
22.02,0.180276,0,0.180276,4.92,58.9783,50,1,0,3745,86.632,89.0611,13.0803
22.0408,0.035233,0,0.035233,4.92,58.9783,40,0,0,3745,86.632,89.0611,13.0803
22.0444,0.024296,0,0.024296,4.9,61.0167,10,0,0,3745,86.632,89.0611,13.0803
22.0652,0.511025,0,0.511025,4.9,61.0167,40,2,0,3746,86.6401,89.0673,13.0793
22.0682,0.111231,0,0.111231,4.88,60.7944,20,0,0,3746,86.6401,89.0673,13.0793
22.0891,0.310905,0,0.310905,4.88,60.7944,30,1,0,3747,86.6488,89.0753,13.0782
22.0918,0.222499,0,0.222499,4.86,60.572,30,1,0,3748,86.6545,89.0803,13.0772
22.1128,0.235512,0,0.235512,4.86,60.572,30,1,0,3749,86.6487,89.0739,13.0762
22.1167,0.297981,0,0.297981,4.84,60.3497,30,1,0,3750,86.6557,89.0803,13.0752
22.1369,0.215772,0,0.215772,4.84,60.3497,30,1,0,3751,86.6497,89.0736,13.0742
22.141,0.129868,0,0.129868,4.82,60.1274,20,0,0,3751,86.6497,89.0736,13.0742
22.1602,0.183912,0,0.183912,4.82,60.1274,20,0,0,3751,86.6497,89.0736,13.0742
22.1647,0.003859,0,0.003859,4.8,59.905,20,0,0,3751,86.6497,89.0736,13.0742
22.1855,0.003628,0,0.003628,4.8,59.905,20,0,0,3751,86.6497,89.0736,13.0742
22.1916,0.644421,0,0.644421,4.78,59.6827,30,1,0,3752,86.6636,89.0869,13.0731
22.2128,0.609841,0,0.609841,4.78,59.6827,30,1,0,3753,86.6789,89.1015,13.0721
22.2175,0.088075,0,0.088075,4.76,59.4603,20,0,0,3753,86.6789,89.1015,13.0721
22.2384,0.137229,0,0.137229,4.76,59.4603,20,0,0,3753,86.6789,89.1015,13.0721
22.2438,0.323708,0,0.323708,4.74,59.238,30,1,0,3754,86.675,89.097,13.0711
22.264,0.396817,0,0.396817,4.74,59.238,30,1,0,3755,86.6863,89.1076,13.0701
22.2678,0.711181,0,0.711181,4.72,59.0157,30,1,0,3756,86.7138,89.1345,13.0691
22.2885,0.063563,0,0.063563,4.72,59.0157,20,0,0,3756,86.7138,89.1345,13.0691
22.2938,0.835205,0,0.835205,4.7,58.7933,80,5,0,3757,86.749,89.1696,13.068
22.3148,0.728006,0,0.728006,4.7,58.7933,30,1,0,3758,86.7704,89.1903,13.067
22.3208,0.487801,0,0.487801,4.68,58.571,30,1,0,3759,86.7747,89.1939,13.066
22.3423,1.12792,0,1.12792,4.68,58.571,40,2,0,3760,86.8098,89.229,13.065
22.3455,0.260025,0,0.260025,4.66,58.3486,30,1,0,3761,86.8163,89.2348,13.064
22.3661,0.45854,0,0.45854,4.66,58.3486,32,1,0,3762,86.8161,89.2339,13.063
22.3718,0.728604,0,0.728604,4.64,58.1263,30,1,0,3763,86.8384,89.2556,13.0619
22.3904,0.157259,0,0.157259,4.64,58.1263,20,0,0,3763,86.8384,89.2556,13.0619
22.3961,0.102553,0,0.102553,4.62,57.904,20,0,0,3763,86.8384,89.2556,13.0619
22.4178,0.908712,0,0.908712,4.62,57.904,30,2,0,3764,86.8592,89.2758,13.0609
22.4235,0.751465,0,0.751465,4.6,57.6816,30,1,0,3765,86.8746,89.2906,13.0599
22.4447,0.516125,0,0.516125,4.6,57.6816,30,1,0,3766,86.8755,89.2908,13.0589
22.4517,0.430672,0,0.430672,4.58,57.4593,20,0,0,3767,86.8718,89.2864,13.0579
22.4734,0.712884,0,0.712884,4.58,57.4593,30,2,0,3768,86.8739,89.288,13.0569
22.4811,0.777589,0,0.777589,4.56,57.237,32,1,0,3769,86.8833,89.2966,13.0558
22.5015,0.083537,0,0.083537,4.56,57.237,20,0,0,3769,86.8833,89.2966,13.0558
22.5055,0.283481,0,0.283481,4.54,57.0146,30,2,0,3770,86.8886,89.3013,13.0548
22.5262,0.559136,0,0.559136,4.54,57.0146,30,1,0,3771,86.8979,89.31,13.0538
22.5292,0.292426,0,0.292426,4.52,56.7923,50,2,0,3772,86.9176,89.334,13.0528
22.5503,0.441337,0,0.441337,4.52,56.7923,40,1,0,3773,86.9332,89.3491,13.0518
22.5533,0.250068,0,0.250068,4.5,56.5699,40,1,0,3774,86.9436,89.3588,13.0508
22.5756,0.940718,0,0.940718,4.5,56.5699,56,2,0,3775,86.9645,89.3791,13.0498
22.5795,0.352115,0,0.352115,4.48,56.3476,40,2,0,3776,86.9836,89.3975,13.0487
22.6003,0.282925,0,0.282925,4.48,56.3476,40,1,0,3777,86.9876,89.4008,13.0477
22.6033,0.319919,0,0.319919,4.46,56.1253,40,1,0,3778,87.0037,89.4164,13.0467
22.6236,0.239832,0,0.239832,4.46,56.1253,40,1,0,3779,86.9992,89.4112,13.0457
22.6269,0.657566,0,0.657566,4.44,55.9029,40,1,0,3780,87.0283,89.4397,13.0447
22.6478,0.559461,0,0.559461,4.44,55.9029,40,2,0,3781,87.0603,89.471,13.0437
22.6526,0.53779,0,0.53779,4.42,55.6806,40,1,0,3782,87.0743,89.4844,13.0427
22.6743,0.619193,0,0.619193,4.42,55.6806,40,1,0,3783,87.0814,89.4909,13.0417
22.6777,0.453932,0,0.453932,4.4,55.4582,40,1,0,3784,87.0943,89.5032,13.0407
22.6977,0.031772,0,0.031772,4.4,55.4582,30,0,0,3784,87.0943,89.5032,13.0407
22.7052,0.824793,0,0.824793,4.38,55.2359,40,2,0,3785,87.125,89.5332,13.0397
22.7235,0.112005,0,0.112005,4.38,55.2359,30,0,0,3785,87.125,89.5332,13.0397
22.7265,0.290661,0,0.290661,4.36,55.0136,40,2,0,3786,87.1371,89.5446,13.0386
22.7481,0.209789,0,0.209789,4.36,55.0136,30,0,0,3786,87.1371,89.5446,13.0386
22.7526,0.390238,0,0.390238,4.34,54.7912,40,2,0,3787,87.1621,89.5691,13.0376
22.7734,0.122776,0,0.122776,4.34,54.7912,30,0,0,3787,87.1621,89.5691,13.0376
22.7778,0.657961,0,0.657961,4.32,54.5689,50,1,0,3788,87.1771,89.5834,13.0366
22.799,0.559084,0,0.559084,4.32,54.5689,50,1,0,3789,87.1808,89.5864,13.0356
22.8039,0.055514,0,0.055514,4.3,54.3465,40,0,0,3789,87.1808,89.5864,13.0356
22.8251,0.792591,0,0.792591,4.3,54.3465,43,0,0,3790,87.1937,89.5987,13.0346
22.873,39.9337,29.4133,10.5204,4.28,54.1242,9811,873,0,3791,87.1744,89.5822,13.0336
22.8767,0.062367,0,0.062367,4.26,53.9019,40,0,0,3791,87.1744,89.5822,13.0336
22.8971,0.104517,0,0.104517,4.26,53.9019,40,0,0,3791,87.1744,89.5822,13.0336
22.8998,0.284643,0,0.284643,4.24,53.6795,50,1,0,3792,87.1975,89.6047,13.0326
22.9202,0.506887,0,0.506887,4.24,53.6795,50,1,0,3793,87.2107,89.6172,13.0316
22.9242,0.393746,0,0.393746,4.22,53.4572,50,1,0,3794,87.2219,89.6278,13.0306
22.9448,0.208342,0,0.208342,4.22,53.4572,40,0,0,3795,87.215,89.6203,13.0296
22.9474,0.000855,0,0.000855,4.2,53.2348,40,0,0,3795,87.215,89.6203,13.0296
22.9684,0.105158,0,0.105158,4.2,53.2348,40,0,0,3795,87.215,89.6203,13.0296
22.9711,0.123484,0,0.123484,4.18,53.0125,50,1,0,3796,87.2097,89.6143,13.0286
22.9916,0.390166,0,0.390166,4.18,53.0125,50,2,0,3797,87.2104,89.6144,13.0276
22.9949,0.357798,0,0.357798,4.16,52.7902,50,1,0,3798,87.2309,89.6343,13.0266
23.0154,0.023759,0,0.023759,4.16,52.7902,40,0,0,3798,87.2309,89.6343,13.0266
23.0184,0.45377,0,0.45377,4.14,52.5678,70,2,0,3799,87.2701,89.6728,13.0256
23.039,0.081976,0,0.081976,4.14,52.5678,40,0,0,3799,87.2701,89.6728,13.0256
23.0418,0.203249,0,0.203249,4.12,52.3455,40,1,0,3800,87.2803,89.6824,13.0246
23.0627,0.10913,0,0.10913,4.12,52.3455,30,0,0,3800,87.2803,89.6824,13.0246
23.0671,0.354227,0,0.354227,4.1,52.1232,40,1,0,3801,87.2989,89.7003,13.0236
23.0875,0.423746,0,0.423746,4.1,52.1232,40,2,0,3802,87.2951,89.6959,13.0226
23.0919,0.020591,0,0.020591,4.08,51.9008,30,0,0,3802,87.2951,89.6959,13.0226
23.1133,0.003605,0,0.003605,4.08,51.9008,30,0,0,3802,87.2951,89.6959,13.0226
23.119,0.527949,0,0.527949,4.06,51.6785,40,1,0,3803,87.3058,89.706,13.0215
23.1403,0.728372,0,0.728372,4.06,51.6785,79,8,0,3804,87.3186,89.719,13.0205
23.1458,0.90695,0,0.90695,4.04,51.4781,20,1,0,3805,87.354,89.7537,13.0195
23.1659,0.177218,0,0.177218,4.04,51.4781,20,0,0,3806,87.3439,89.743,13.0185
23.1706,0.647314,0,0.647314,4.02,51.2843,40,3,0,3807,87.3709,89.7694,13.0175
23.1902,0.134437,0,0.134437,4.02,51.2843,20,0,0,3807,87.3709,89.7694,13.0175
23.1934,0.4225,0,0.4225,4,51.0905,20,0,0,3808,87.3732,89.771,13.0165
23.2146,0.453013,0,0.453013,4,51.0905,20,0,0,3809,87.3796,89.7768,13.0155
23.2197,1.00955,0,1.00955,3.98,50.8966,30,1,0,3810,87.4105,89.8071,13.0145
23.2403,0.629079,0,0.629079,3.98,50.8966,30,1,0,3811,87.4219,89.8179,13.0135
23.2453,0.067492,0,0.067492,3.96,50.7028,20,0,0,3811,87.4219,89.8179,13.0135
23.2659,0.037495,0,0.037495,3.96,50.7028,20,0,0,3811,87.4219,89.8179,13.0135
23.2695,0.806271,0,0.806271,3.94,50.509,76,1,0,3812,87.4418,89.8371,13.0125
23.2892,0.185172,0,0.185172,3.94,50.509,20,0,0,3812,87.4418,89.8371,13.0125
23.2973,0.751417,0,0.751417,3.92,50.3152,30,1,0,3813,87.4584,89.8531,13.0115
23.3162,0.481453,0,0.481453,3.92,50.3152,30,1,0,3814,87.4557,89.8498,13.0105
23.3207,0.72267,0,0.72267,3.9,50.1214,30,1,0,3815,87.4705,89.864,13.0095
23.3425,0.89719,0,0.89719,3.9,50.1214,30,1,0,3816,87.4838,89.8766,13.0085
23.3487,0.375915,0,0.375915,3.88,49.9276,30,1,0,3817,87.4959,89.8881,13.0075
23.3708,0.643431,0,0.643431,3.88,49.9276,40,3,0,3818,87.4995,89.8892,13.0065
23.3778,0.456651,0,0.456651,3.86,49.7337,20,0,0,3819,87.4988,89.8879,13.0055
23.3995,0.59707,0,0.59707,3.86,49.7337,30,1,0,3820,87.5021,89.8906,13.0045
23.4049,0.046856,0,0.046856,3.84,49.5399,20,0,0,3820,87.5021,89.8906,13.0045
23.4273,0.907802,0,0.907802,3.84,49.5399,30,1,0,3821,87.5174,89.9053,13.0036
23.4331,0.002304,0,0.002304,3.82,49.3461,20,0,0,3821,87.5174,89.9053,13.0036
23.4537,0.40624,0,0.40624,3.82,49.3461,30,1,0,3822,87.5301,89.9173,13.0026
23.4569,0.370112,0,0.370112,3.8,49.1523,30,1,0,3823,87.5247,89.9113,13.0016
23.4777,0.175325,0,0.175325,3.8,49.1523,20,0,0,3823,87.5247,89.9113,13.0016
23.4813,0.054602,0,0.054602,3.78,48.9585,20,0,0,3823,87.5247,89.9113,13.0016
23.5037,0.871286,0,0.871286,3.78,48.9585,30,1,0,3824,87.5366,89.9226,13.0006
23.5096,0.159408,0,0.159408,3.76,48.7646,20,0,0,3824,87.5366,89.9226,13.0006
23.5317,0.503243,0,0.503243,3.76,48.7646,30,1,0,3825,87.5325,89.9179,12.9996
23.5382,0.506831,0,0.506831,3.74,48.5708,40,1,0,3826,87.529,89.9137,12.9986
23.5601,0.608341,0,0.608341,3.74,48.5708,40,1,0,3827,87.5284,89.9125,12.9976
23.5673,0.11915,0,0.11915,3.72,48.377,30,0,0,3827,87.5284,89.9125,12.9976
23.5876,0.492464,0,0.492464,3.72,48.377,40,1,0,3828,87.5441,89.9276,12.9966
23.6216,29.4104,19.1061,10.3043,3.7,48.1832,7025,924,0,3829,87.5242,89.9164,12.9956
23.6262,0.585114,0,0.585114,3.68,47.9894,40,2,0,3830,87.559,89.9507,12.9946
23.6457,0.532559,0,0.532559,3.68,47.9894,40,1,0,3831,87.58,89.971,12.9936
23.6496,0.404784,0,0.404784,3.66,47.7955,40,1,0,3832,87.596,89.9864,12.9926
23.671,0.717405,0,0.717405,3.66,47.7955,40,1,0,3833,87.6107,90.0005,12.9916
23.6754,0.320401,0,0.320401,3.64,47.6017,40,1,0,3834,87.6088,89.9979,12.9906
23.6963,0.428233,0,0.428233,3.64,47.6017,40,1,0,3835,87.6261,90.0146,12.9896
23.6989,0.214671,0,0.214671,3.62,47.4079,40,1,0,3836,87.6382,90.0261,12.9886
23.7195,0.642475,0,0.642475,3.62,47.4079,40,1,0,3837,87.6641,90.0513,12.9876
23.723,0.349614,0,0.349614,3.6,47.2141,60,4,0,3838,87.6902,90.0769,12.9867
23.7426,0.071128,0,0.071128,3.6,47.2141,30,0,0,3838,87.6902,90.0769,12.9867
23.7455,0.109784,0,0.109784,3.58,47.0203,30,0,0,3838,87.6902,90.0769,12.9867
23.7666,0.385523,0,0.385523,3.58,47.0203,40,1,0,3839,87.7041,90.0901,12.9857
23.7689,0.035393,0,0.035393,3.56,46.8265,40,0,0,3839,87.7041,90.0901,12.9857
23.791,0.597326,0,0.597326,3.56,46.8265,50,1,0,3840,87.7115,90.0969,12.9847
23.7953,0.411202,0,0.411202,3.54,46.6326,80,4,0,3841,87.7191,90.1041,12.9837
23.8156,0.495793,0,0.495793,3.54,46.6326,50,1,0,3842,87.7309,90.1153,12.9827
23.8221,0.631086,0,0.631086,3.52,46.4388,101,9,0,3843,87.7317,90.1155,12.9817
23.8408,0.292228,0,0.292228,3.52,46.4388,40,0,0,3844,87.73,90.1132,12.9807
23.8453,0.047142,0,0.047142,3.5,46.245,40,0,0,3844,87.73,90.1132,12.9807
23.8662,0.241656,0,0.241656,3.5,46.245,50,1,0,3845,87.7269,90.1095,12.9797
23.8847,15.9403,15.658,0.282257,3.48,46.0512,383,14,0,3845,87.7269,90.1095,12.9797
23.8899,0.225809,0,0.225809,3.48,46.0512,40,0,0,3846,87.7249,90.1069,12.9787
23.8925,0.291834,0,0.291834,3.46,45.8574,40,1,0,3847,87.7369,90.1183,12.9777
23.913,0.550974,0,0.550974,3.46,45.8574,40,1,0,3848,87.7529,90.1336,12.9768
23.9165,0.214391,0,0.214391,3.44,45.6635,30,0,0,3849,87.7545,90.1346,12.9758
23.9376,0.370571,0,0.370571,3.44,45.6635,30,0,0,3850,87.7564,90.1358,12.9748
23.9399,0.017468,0,0.017468,3.42,45.4697,30,0,0,3850,87.7564,90.1358,12.9748
23.9612,0.270236,0,0.270236,3.42,45.4697,30,0,0,3851,87.7541,90.133,12.9738
23.9643,0.568444,0,0.568444,3.4,45.2759,40,1,0,3852,87.7708,90.149,12.9728
23.9847,0.77185,0,0.77185,3.4,45.2759,40,1,0,3853,87.7885,90.1661,12.9718
23.9898,0.424905,0,0.424905,3.38,45.0821,50,1,0,3854,87.8119,90.1889,12.9708
24.0089,0.002018,0,0.002018,3.38,45.0821,40,0,0,3854,87.8119,90.1889,12.9708
24.0138,0.327624,0,0.327624,3.36,44.8883,60,3,0,3855,87.8192,90.1956,12.9698
24.0349,0.46311,0,0.46311,3.36,44.8883,50,1,0,3856,87.8444,90.2202,12.9689
24.0375,0.232876,0,0.232876,3.34,44.6944,50,1,0,3857,87.8582,90.2333,12.9679
24.0589,0.59561,0,0.59561,3.34,44.6944,109,5,0,3858,87.8782,90.2519,12.9669
24.0614,0.025563,0,0.025563,3.32,44.5006,40,0,0,3858,87.8782,90.2519,12.9669
24.082,0.124245,0,0.124245,3.32,44.5006,40,0,0,3858,87.8782,90.2519,12.9669
24.0859,0.285557,0,0.285557,3.3,44.3068,70,3,0,3859,87.8893,90.2628,12.9659
24.106,0.767663,0,0.767663,3.3,44.3068,40,1,0,3860,87.9034,90.2762,12.9649
24.1116,0.231517,0,0.231517,3.28,44.113,40,1,0,3861,87.9003,90.2725,12.9639
24.1329,0.44791,0,0.44791,3.28,44.113,40,1,0,3862,87.9195,90.291,12.963
24.1378,0.733407,0,0.733407,3.26,43.9192,40,1,0,3863,87.935,90.306,12.962
24.1584,0.587518,0,0.587518,3.26,43.9192,40,1,0,3864,87.9645,90.3349,12.961
24.1609,0.01883,0,0.01883,3.24,43.7254,30,0,0,3864,87.9645,90.3349,12.961
24.1817,0.103868,0,0.103868,3.24,43.7254,30,0,0,3864,87.9645,90.3349,12.961
24.1877,0.065339,0,0.065339,3.22,43.5315,30,0,0,3864,87.9645,90.3349,12.961
24.208,1.03535,0,1.03535,3.22,43.5315,40,2,0,3865,87.9894,90.3591,12.96
24.2127,0.923702,0,0.923702,3.2,43.3377,88,5,0,3866,88.0111,90.38,12.959
24.2336,0.174447,0,0.174447,3.2,43.3377,30,0,0,3866,88.0111,90.38,12.959
24.2397,0.455364,0,0.455364,3.18,43.1439,40,1,0,3867,88.0295,90.3977,12.958
24.2605,0.340766,0,0.340766,3.18,43.1439,40,1,0,3868,88.0377,90.4054,12.9571
24.2666,0.862225,0,0.862225,3.16,42.9501,40,1,0,3869,88.0543,90.4213,12.9561
24.2865,0.065126,0,0.065126,3.16,42.9501,30,0,0,3869,88.0543,90.4213,12.9561
24.2895,0.385967,0,0.385967,3.14,42.7563,40,2,0,3870,88.0897,90.4561,12.9551
24.3095,0.002332,0,0.002332,3.14,42.7563,30,0,0,3870,88.0897,90.4561,12.9551
24.3127,0.294393,0,0.294393,3.12,42.4789,20,1,0,3871,88.117,90.4828,12.9541
24.334,0.430305,0,0.430305,3.12,42.4789,30,1,0,3872,88.1281,90.4933,12.9531
24.3374,0.341404,0,0.341404,3.1,42.1442,30,1,0,3873,88.1358,90.5004,12.9522
24.3584,0.423023,0,0.423023,3.1,42.1442,30,1,0,3874,88.144,90.508,12.9512
24.3639,0.770392,0,0.770392,3.08,41.8094,30,1,0,3875,88.1613,90.5246,12.9502
24.3853,0.796785,0,0.796785,3.08,41.8094,30,1,0,3876,88.1723,90.5351,12.9492
24.392,1.05777,0,1.05777,3.06,41.4747,30,1,0,3877,88.2061,90.5682,12.9482
24.4115,0.498001,0,0.498001,3.06,41.4747,30,1,0,3878,88.2223,90.5838,12.9473
24.4147,0.035616,0,0.035616,3.04,41.1399,20,0,0,3878,88.2223,90.5838,12.9473
24.4344,0.068089,0,0.068089,3.04,41.1399,20,0,0,3878,88.2223,90.5838,12.9473
24.4395,0.914914,0,0.914914,3.02,40.8052,60,5,0,3879,88.2503,90.6107,12.9463
24.4606,0.570634,0,0.570634,3.02,40.8052,20,0,0,3880,88.2526,90.6124,12.9453
24.4668,0.431622,0,0.431622,3,40.4705,30,1,0,3881,88.2726,90.6318,12.9443
24.4874,0.167288,0,0.167288,3,40.4705,20,0,0,3881,88.2726,90.6318,12.9443
24.4944,0.741734,0,0.741734,2.98,40.1357,30,1,0,3882,88.2839,90.6425,12.9434
24.5145,0.094102,0,0.094102,2.98,40.1357,20,0,0,3882,88.2839,90.6425,12.9434
24.5171,0.096616,0,0.096616,2.96,39.801,20,0,0,3883,88.2725,90.6304,12.9424
24.5377,0.410102,0,0.410102,2.96,39.801,30,1,0,3884,88.2848,90.6421,12.9414
24.5403,0.074557,0,0.074557,2.94,39.4662,30,0,0,3884,88.2848,90.6421,12.9414
24.5621,0.022063,0,0.022063,2.94,39.4662,30,0,0,3884,88.2848,90.6421,12.9414
24.5667,0.560932,0,0.560932,2.92,39.1315,86,4,0,3885,88.2955,90.6523,12.9404
24.5885,0.906302,0,0.906302,2.92,39.1315,40,1,0,3886,88.3188,90.675,12.9394
24.5949,0.7232,0,0.7232,2.9,38.7967,40,1,0,3887,88.3339,90.6895,12.9385
24.6153,0.294519,0,0.294519,2.9,38.7967,40,1,0,3888,88.3356,90.6906,12.9375
24.6195,0.497578,0,0.497578,2.88,38.462,40,1,0,3889,88.3435,90.6979,12.9365
24.6405,0.962729,0,0.962729,2.88,38.462,40,1,0,3890,88.3697,90.7234,12.9355
24.648,0.717265,0,0.717265,2.86,38.1273,40,1,0,3891,88.3865,90.7397,12.9346
24.6672,0.523855,0,0.523855,2.86,38.1273,40,1,0,3892,88.3854,90.7379,12.9336
24.6741,0.625309,0,0.625309,2.84,37.7925,40,1,0,3893,88.3969,90.7488,12.9326
24.6948,0.524981,0,0.524981,2.84,37.7925,40,1,0,3894,88.4173,90.7686,12.9317
24.6978,0.653854,0,0.653854,2.82,37.4578,50,1,0,3895,88.4288,90.7795,12.9307
24.7186,0.193345,0,0.193345,2.82,37.4578,50,1,0,3896,88.4168,90.7669,12.9297
24.7215,0.309275,0,0.309275,2.8,37.123,60,1,0,3897,88.437,90.7865,12.9287
24.7416,0.150686,0,0.150686,2.8,37.123,50,0,0,3897,88.437,90.7865,12.9287
24.7482,0.003736,0,0.003736,2.78,36.7883,50,0,0,3897,88.437,90.7865,12.9287
24.7676,0.492609,0,0.492609,2.78,36.7883,60,1,0,3898,88.4492,90.7981,12.9278
24.7703,0.082052,0,0.082052,2.76,36.4535,50,0,0,3898,88.4492,90.7981,12.9278
24.792,0.73714,0,0.73714,2.76,36.4535,60,1,0,3899,88.4578,90.8061,12.9268
24.7981,0.382638,0,0.382638,2.74,36.1188,60,1,0,3900,88.4728,90.8205,12.9258
24.8196,0.589945,0,0.589945,2.74,36.1188,60,1,0,3901,88.4894,90.8365,12.9248
24.8245,0.535586,0,0.535586,2.72,35.7841,70,2,0,3902,88.5164,90.866,12.9239
24.8466,0.781353,0,0.781353,2.72,35.7841,70,4,0,3903,88.5232,90.8698,12.9229
24.8526,0.464275,0,0.464275,2.7,35.484,40,1,0,3904,88.5338,90.8799,12.9219
24.873,0.700176,0,0.700176,2.7,35.484,50,1,0,3905,88.5447,90.8901,12.921
24.8814,0.918246,0,0.918246,2.68,35.246,50,1,0,3906,88.5684,90.9132,12.92
24.8993,0.098606,0,0.098606,2.68,35.246,40,0,0,3906,88.5684,90.9132,12.92
24.9037,0.965563,0,0.965563,2.66,35.008,60,1,0,3907,88.5872,90.9314,12.919
24.924,0.466904,0,0.466904,2.66,35.008,60,1,0,3908,88.6085,90.9521,12.9181
24.9267,0.144317,0,0.144317,2.64,34.77,50,0,0,3908,88.6085,90.9521,12.9181
24.9482,0.065128,0,0.065128,2.64,34.77,50,0,0,3908,88.6085,90.9521,12.9181
24.9523,0.058055,0,0.058055,2.62,34.532,50,0,0,3908,88.6085,90.9521,12.9181
24.973,0.182077,0,0.182077,2.62,34.532,50,0,0,3908,88.6085,90.9521,12.9181
24.9807,0.034909,0,0.034909,2.6,34.294,50,0,0,3908,88.6085,90.9521,12.9181
25.0007,0.725861,0,0.725861,2.6,34.294,50,0,0,3909,88.6173,90.9603,12.9171
25.0079,0.46038,0,0.46038,2.58,34.056,60,1,0,3910,88.6138,90.9563,12.9161
25.0285,0.443257,0,0.443257,2.58,34.056,61,1,0,3911,88.6331,90.9749,12.9152
25.0311,0.028009,0,0.028009,2.56,33.8179,40,0,0,3911,88.6331,90.9749,12.9152
25.0525,0.559575,0,0.559575,2.56,33.8179,50,1,0,3912,88.6598,91.001,12.9142
25.0552,0.194309,0,0.194309,2.54,33.5799,40,0,0,3913,88.6629,91.0036,12.9132
25.0761,0.093299,0,0.093299,2.54,33.5799,40,0,0,3913,88.6629,91.0036,12.9132
25.0786,0.035867,0,0.035867,2.52,33.3419,40,0,0,3913,88.6629,91.0036,12.9132
25.0988,0.002237,0,0.002237,2.52,33.3419,40,0,0,3913,88.6629,91.0036,12.9132
25.1018,0.372628,0,0.372628,2.5,33.1039,238,0,0,3914,88.6717,91.0118,12.9123
25.1225,0.082034,0,0.082034,2.5,33.1039,40,0,0,3914,88.6717,91.0118,12.9123
25.125,0.036559,0,0.036559,2.48,32.8659,40,0,0,3914,88.6717,91.0118,12.9123
25.1466,0.544462,0,0.544462,2.48,32.8659,50,1,0,3915,88.7065,91.046,12.9113
25.1491,0.167352,0,0.167352,2.46,32.6279,50,1,0,3916,88.7097,91.0485,12.9103
25.1698,0.509531,0,0.509531,2.46,32.6279,50,1,0,3917,88.7314,91.0697,12.9094
25.1727,0.249955,0,0.249955,2.44,32.3899,50,1,0,3918,88.7445,91.0822,12.9084
25.1935,0.364121,0,0.364121,2.44,32.3899,40,0,0,3919,88.754,91.0911,12.9074
25.1964,0.110796,0,0.110796,2.42,32.1519,40,0,0,3919,88.754,91.0911,12.9074
25.2176,0.061586,0,0.061586,2.42,32.1519,40,0,0,3919,88.754,91.0911,12.9074
25.2214,0.586435,0,0.586435,2.4,31.9139,50,2,0,3920,88.7645,91.101,12.9065
25.2421,0.206959,0,0.206959,2.4,31.9139,40,0,0,3920,88.7645,91.101,12.9065
25.2475,0.457632,0,0.457632,2.38,31.6759,50,1,0,3921,88.7957,91.1316,12.9055
25.2678,0.507563,0,0.507563,2.38,31.6759,50,1,0,3922,88.8108,91.1461,12.9045
25.2721,0.414598,0,0.414598,2.36,31.4379,40,0,0,3923,88.8121,91.1468,12.9036
25.2936,0.146575,0,0.146575,2.36,31.4379,40,0,0,3923,88.8121,91.1468,12.9036
25.2998,0.251247,0,0.251247,2.34,31.1998,50,1,0,3924,88.8089,91.143,12.9026
25.3218,0.412144,0,0.412144,2.34,31.1998,50,1,0,3925,88.8028,91.1363,12.9016
25.3287,0.523221,0,0.523221,2.32,30.9618,50,1,0,3926,88.8041,91.137,12.9007
25.3493,0.420885,0,0.420885,2.32,30.9618,50,1,0,3927,88.8187,91.151,12.8997
25.3551,0.46058,0,0.46058,2.3,30.7238,40,0,0,3928,88.8108,91.1426,12.8988
25.3771,0.608115,0,0.608115,2.3,30.7238,50,1,0,3929,88.8119,91.143,12.8978
25.3816,0.371763,0,0.371763,2.28,30.4858,50,1,0,3930,88.8415,91.172,12.8968
25.4019,0.083844,0,0.083844,2.28,30.4858,40,0,0,3930,88.8415,91.172,12.8968
25.4115,1.23353,0,1.23353,2.26,30.2478,50,1,0,3931,88.8603,91.1903,12.8959
25.4295,0.090307,0,0.090307,2.26,30.2478,40,0,0,3931,88.8603,91.1903,12.8959
25.4325,0.099217,0,0.099217,2.24,30.0098,50,1,0,3932,88.8479,91.1773,12.8949
25.4542,0.074825,0,0.074825,2.24,30.0098,40,0,0,3932,88.8479,91.1773,12.8949
25.4602,0.449148,0,0.449148,2.22,29.7718,50,1,0,3933,88.8688,91.1976,12.8939
25.4806,0.05335,0,0.05335,2.22,29.7718,40,0,0,3933,88.8688,91.1976,12.8939
25.4863,0.470287,0,0.470287,2.2,29.5338,30,0,0,3934,88.8716,91.1998,12.893
25.5082,0.880467,0,0.880467,2.2,29.5338,40,1,0,3935,88.8834,91.2109,12.892
25.514,0.087671,0,0.087671,2.18,29.2958,30,0,0,3935,88.8834,91.2109,12.892
25.5344,0.424559,0,0.424559,2.18,29.2958,40,1,0,3936,88.891,91.218,12.8911
25.5376,0.063494,0,0.063494,2.16,29.0578,30,0,0,3936,88.891,91.218,12.8911
25.5575,0.002656,0,0.002656,2.16,29.0578,30,0,0,3936,88.891,91.218,12.8911
25.5602,0.000953,0,0.000953,2.14,28.8197,20,0,0,3936,88.891,91.218,12.8911
25.5829,0.69821,0,0.69821,2.14,28.8197,30,1,0,3937,88.8987,91.225,12.8901
25.5892,0.402051,0,0.402051,2.12,28.5817,30,1,0,3938,88.9106,91.2364,12.8891
25.6106,0.004487,0,0.004487,2.12,28.5817,20,0,0,3938,88.9106,91.2364,12.8891
25.6181,1.04032,0,1.04032,2.1,28.3437,30,1,0,3939,88.9408,91.2661,12.8882
25.6396,0.855513,0,0.855513,2.1,28.3437,30,1,0,3940,88.9548,91.2794,12.8872
25.6472,0.993584,0,0.993584,2.08,28.1057,30,1,0,3941,88.9822,91.3063,12.8863
25.6668,0.501187,0,0.501187,2.08,28.1057,30,1,0,3942,89,91.3234,12.8853
25.6719,0.984098,0,0.984098,2.06,27.8677,30,1,0,3943,89.0198,91.3426,12.8844
25.6903,0.525745,0,0.525745,2.06,27.8677,30,1,0,3944,89.0385,91.3608,12.8834
25.6938,0.680689,0,0.680689,2.04,27.6297,30,1,0,3945,89.051,91.3726,12.8824
25.7155,0.884816,0,0.884816,2.04,27.6297,30,1,0,3946,89.071,91.392,12.8815
25.7189,0.05623,0,0.05623,2.02,27.3917,20,0,0,3946,89.071,91.392,12.8815
25.7405,0.677385,0,0.677385,2.02,27.3917,30,1,0,3947,89.0846,91.4051,12.8805
25.7442,0.367065,0,0.367065,2,27.1537,30,1,0,3948,89.0968,91.4167,12.8796
25.7639,0.079574,0,0.079574,2,27.1537,20,0,0,3948,89.0968,91.4167,12.8796
25.7675,0.824082,0,0.824082,1.98,26.9157,30,1,0,3949,89.1253,91.4447,12.8786
25.7881,0.424304,0,0.424304,1.98,26.9157,20,0,0,3950,89.1228,91.4415,12.8777
25.7944,0.698027,0,0.698027,1.96,26.6777,30,1,0,3951,89.1379,91.4561,12.8767
25.815,0.072786,0,0.072786,1.96,26.6777,20,0,0,3951,89.1379,91.4561,12.8767
25.8179,0.20405,0,0.20405,1.94,26.4397,30,1,0,3952,89.1442,91.4618,12.8757
25.8395,0.159255,0,0.159255,1.94,26.4397,20,0,0,3952,89.1442,91.4618,12.8757
25.8441,0.08189,0,0.08189,1.92,26.2016,30,0,0,3952,89.1442,91.4618,12.8757
25.8644,0.381942,0,0.381942,1.92,26.2016,40,1,0,3953,89.1609,91.4779,12.8748
25.8679,0.318072,0,0.318072,1.9,25.9636,40,2,0,3954,89.1793,91.4957,12.8738
25.8879,0.231425,0,0.231425,1.9,25.9636,30,0,0,3954,89.1793,91.4957,12.8738
25.8937,0.356675,0,0.356675,1.88,25.7256,30,0,0,3955,89.174,91.4898,12.8729
25.9152,0.166272,0,0.166272,1.88,25.7256,30,0,0,3955,89.174,91.4898,12.8729
25.9209,0.070298,0,0.070298,1.86,25.4876,40,0,0,3955,89.174,91.4898,12.8729
25.9421,0.410529,0,0.410529,1.86,25.4876,50,1,0,3956,89.1815,91.4967,12.8719
25.9446,0.021181,0,0.021181,1.84,25.2496,40,0,0,3956,89.1815,91.4967,12.8719
25.9652,0.141394,0,0.141394,1.84,25.2496,40,0,0,3956,89.1815,91.4967,12.8719
25.9718,0.353162,0,0.353162,1.82,25.0116,50,1,0,3957,89.1885,91.5032,12.871
25.9913,0.138484,0,0.138484,1.82,25.0116,40,0,0,3957,89.1885,91.5032,12.871
25.9979,0.513314,0,0.513314,1.8,24.7736,50,0,0,3958,89.1913,91.5053,12.87
26.0194,0.678672,0,0.678672,1.8,24.7736,60,1,0,3959,89.2001,91.5135,12.8691
26.0244,0.777332,0,0.777332,1.78,24.5356,60,1,0,3960,89.2141,91.527,12.8681
26.045,0.460174,0,0.460174,1.78,24.5356,60,1,0,3961,89.2338,91.5461,12.8672
26.0479,0.232092,0,0.232092,1.76,24.2976,60,2,0,3962,89.2484,91.5601,12.8662
26.0697,0.642118,0,0.642118,1.76,24.2976,60,1,0,3963,89.2808,91.592,12.8653
26.073,0.420536,0,0.420536,1.74,24.0707,40,1,0,3964,89.3229,91.6335,12.8643
26.094,0.876133,0,0.876133,1.74,24.0707,50,1,0,3965,89.339,91.6489,12.8634
26.1002,0.080675,0,0.080675,1.72,23.8536,30,0,0,3965,89.339,91.6489,12.8634
26.1215,1.57217,0,1.57217,1.72,23.8536,40,1,0,3966,89.3666,91.676,12.8624
26.1292,0.618886,0,0.618886,1.7,23.6365,30,0,0,3967,89.3703,91.6791,12.8615
26.1495,0.318508,0,0.318508,1.7,23.6365,30,0,0,3968,89.3755,91.6837,12.8605
26.1558,0.856046,0,0.856046,1.68,23.4193,40,1,0,3969,89.39,91.6977,12.8596
26.176,0.116049,0,0.116049,1.68,23.4193,30,0,0,3969,89.39,91.6977,12.8596
26.2246,44.2933,43.3876,0.905713,1.66,23.2022,3180,140,0,3970,89.3927,91.702,12.8586
26.2285,0.370199,0,0.370199,1.64,22.9851,40,1,0,3971,89.4049,91.7137,12.8577
26.2484,0.116214,0,0.116214,1.64,22.9851,30,0,0,3971,89.4049,91.7137,12.8577
26.2519,0.44921,0,0.44921,1.62,22.7679,40,1,0,3972,89.4313,91.7394,12.8567
26.2728,0.276779,0,0.276779,1.62,22.7679,40,1,0,3973,89.4317,91.7392,12.8558
26.2758,0.10295,0,0.10295,1.6,22.5508,30,0,0,3973,89.4317,91.7392,12.8558
26.2973,0.622077,0,0.622077,1.6,22.5508,40,1,0,3974,89.4517,91.7587,12.8548
26.3014,0.468549,0,0.468549,1.58,22.3337,40,1,0,3975,89.4717,91.7781,12.8539
26.3218,0.652664,0,0.652664,1.58,22.3337,40,1,0,3976,89.497,91.8028,12.8529
26.3258,0.556122,0,0.556122,1.56,22.1165,40,1,0,3977,89.5205,91.8257,12.852
26.3473,0.616834,0,0.616834,1.56,22.1165,40,1,0,3978,89.5279,91.8326,12.851
26.3522,0.047326,0,0.047326,1.54,21.2297,40,0,0,3978,89.5279,91.8326,12.851
26.3737,0.537227,0,0.537227,1.54,21.2297,50,1,0,3979,89.5532,91.8573,12.8501
26.3787,0.060791,0,0.060791,1.52,20.8786,40,0,0,3979,89.5532,91.8573,12.8501
26.4005,0.815725,0,0.815725,1.52,20.8786,50,1,0,3980,89.5631,91.8666,12.8491
26.4071,0.70879,0,0.70879,1.5,20.5274,50,1,0,3981,89.585,91.888,12.8482
26.4276,0.792335,0,0.792335,1.5,20.5274,50,1,0,3982,89.6012,91.9036,12.8472
26.4314,0.289133,0,0.289133,1.48,20.1763,50,1,0,3983,89.6201,91.9219,12.8463
26.4518,0.595718,0,0.595718,1.48,20.1763,40,0,0,3984,89.6232,91.9244,12.8453
26.4551,0.198927,0,0.198927,1.46,19.8252,40,0,0,3985,89.6284,91.929,12.8444
26.4764,0.471307,0,0.471307,1.46,19.8252,50,1,0,3986,89.643,91.9431,12.8435
26.4795,0.228591,0,0.228591,1.44,19.474,50,1,0,3987,89.6464,91.9458,12.8425
26.5003,0.002464,0,0.002464,1.44,19.474,40,0,0,3987,89.6464,91.9458,12.8425
26.5047,0.746304,0,0.746304,1.42,19.1229,50,1,0,3988,89.6647,91.9636,12.8416
26.5242,0.105452,0,0.105452,1.42,19.1229,40,0,0,3988,89.6647,91.9636,12.8416
26.528,0.29574,0,0.29574,1.4,18.7718,40,0,0,3989,89.6731,91.9714,12.8406
26.5481,0.410006,0,0.410006,1.4,18.7718,50,1,0,3990,89.6742,91.9719,12.8397
26.5513,0.280359,0,0.280359,1.38,18.4207,86,1,0,3991,89.6891,91.9862,12.8387
26.5735,0.953181,0,0.953181,1.38,18.4207,50,1,0,3992,89.7212,92.0178,12.8378
26.5787,0.240552,0,0.240552,1.36,18.0695,60,1,0,3993,89.7125,92.0085,12.8369
26.6002,0.689197,0,0.689197,1.36,18.0695,60,1,0,3994,89.7213,92.0168,12.8359
26.6062,0.139378,0,0.139378,1.34,17.7184,50,0,0,3994,89.7213,92.0168,12.8359
26.6272,0.378684,0,0.378684,1.34,17.7184,60,1,0,3995,89.7344,92.0293,12.835
26.63,0.029467,0,0.029467,1.32,17.3673,40,0,0,3995,89.7344,92.0293,12.835
26.6509,0.630997,0,0.630997,1.32,17.3673,50,1,0,3996,89.7758,92.0701,12.834
26.6537,0.000986,0,0.000986,1.3,17.0161,40,0,0,3996,89.7758,92.0701,12.834
26.6756,0.140094,0,0.140094,1.3,17.0161,40,0,0,3996,89.7758,92.0701,12.834
26.6795,0.322287,0,0.322287,1.28,16.665,50,1,0,3997,89.7883,92.0821,12.8331
26.7018,0.667643,0,0.667643,1.28,16.665,50,1,0,3998,89.7949,92.088,12.8321
26.7079,0.470481,0,0.470481,1.26,16.3139,50,1,0,3999,89.813,92.1055,12.8312
26.7289,0.178901,0,0.178901,1.26,16.3139,40,0,0,3999,89.813,92.1055,12.8312
26.7344,0.247993,0,0.247993,1.24,15.9627,50,1,0,4000,89.8197,92.1118,12.8303
26.7548,0.453219,0,0.453219,1.24,15.9627,50,1,0,4001,89.8388,92.1302,12.8293
26.7583,0.08392,0,0.08392,1.22,15.6116,40,0,0,4001,89.8388,92.1302,12.8293
26.7781,0.146889,0,0.146889,1.22,15.6116,40,0,0,4001,89.8388,92.1302,12.8293
26.7813,0.20757,0,0.20757,1.2,15.2605,50,1,0,4002,89.8361,92.1269,12.8284
26.8031,0.203185,0,0.203185,1.2,15.2605,40,0,0,4002,89.8361,92.1269,12.8284
26.8077,0.027724,0,0.027724,1.18,14.9094,40,0,0,4002,89.8361,92.1269,12.8284
26.8303,0.722069,0,0.722069,1.18,14.9094,50,1,0,4003,89.8399,92.1302,12.8274
26.8369,0.774398,0,0.774398,1.16,14.5582,50,1,0,4004,89.8644,92.1541,12.8265
26.8587,0.60861,0,0.60861,1.16,14.5582,50,1,0,4005,89.8664,92.1556,12.8256
26.8665,0.835555,0,0.835555,1.14,14.2071,50,1,0,4006,89.8794,92.168,12.8246
26.8857,0.04586,0,0.04586,1.14,14.2071,40,0,0,4006,89.8794,92.168,12.8246
26.8888,0.375133,0,0.375133,1.12,13.856,50,1,0,4007,89.9119,92.1999,12.8237
26.91,0.577088,0,0.577088,1.12,13.856,50,1,0,4008,89.9479,92.2353,12.8228
26.9129,0.001005,0,0.001005,1.1,13.5048,40,0,0,4008,89.9479,92.2353,12.8228
26.9342,0.253858,0,0.253858,1.1,13.5048,50,1,0,4009,89.9429,92.2297,12.8218
26.9395,0.706364,0,0.706364,1.08,13.1537,50,1,0,4010,89.9526,92.2389,12.8209
26.9599,0.395532,0,0.395532,1.08,13.1537,40,0,0,4011,89.9564,92.2421,12.8199
26.963,0.309184,0,0.309184,1.06,12.8026,50,1,0,4012,89.9673,92.2525,12.819
26.9836,0.656309,0,0.656309,1.06,12.8026,50,1,0,4013,90.0025,92.2871,12.8181
26.9866,0.367399,0,0.367399,1.04,12.4514,50,1,0,4014,90.0224,92.3064,12.8171
27.0078,0.457733,0,0.457733,1.04,12.4514,50,1,0,4015,90.0389,92.3223,12.8162
27.0105,0.226741,0,0.226741,1.02,12.1003,50,1,0,4016,90.0508,92.3337,12.8153
27.0319,0.068862,0,0.068862,1.02,12.1003,40,0,0,4016,90.0508,92.3337,12.8153
27.0374,0.208815,0,0.208815,1,11.7492,40,0,0,4016,90.0508,92.3337,12.8153
27.0578,0.043394,0,0.043394,1,11.7492,40,0,0,4016,90.0508,92.3337,12.8153
27.0604,0.083667,0,0.083667,0.98,11.3981,40,0,0,4016,90.0508,92.3337,12.8153
27.0809,0.375792,0,0.375792,0.98,11.3981,50,1,0,4017,90.062,92.3443,12.8143
27.0835,0.046741,0,0.046741,0.96,11.0469,40,0,0,4017,90.062,92.3443,12.8143
27.1049,0.192477,0,0.192477,0.96,11.0469,40,0,0,4017,90.062,92.3443,12.8143
27.112,0.834978,0,0.834978,0.94,10.6958,50,1,0,4018,90.0824,92.3641,12.8134
27.1321,0.054212,0,0.054212,0.94,10.6958,40,0,0,4018,90.0824,92.3641,12.8134
27.1355,0.392751,0,0.392751,0.92,10.3447,50,1,0,4019,90.1142,92.3954,12.8125
27.1566,0.495984,0,0.495984,0.92,10.3447,90,4,0,4020,90.1259,92.401,12.8115
27.1595,0.388534,0,0.388534,0.9,9.99353,50,1,0,4021,90.1569,92.4315,12.8106
27.1804,0.750186,0,0.750186,0.9,9.99353,50,1,0,4022,90.1733,92.4473,12.8096
27.188,0.510472,0,0.510472,0.88,9.6424,50,1,0,4023,90.1954,92.4688,12.8087
27.2075,0.691089,0,0.691089,0.88,9.6424,50,1,0,4024,90.2053,92.4781,12.8078
27.2303,16.7101,16.2479,0.462155,0.86,9.29127,265,1,0,4025,90.2082,92.4805,12.8069
27.2365,0.562629,0,0.562629,0.84,8.94014,40,1,0,4026,90.225,92.4968,12.8059
27.2563,0.368129,0,0.368129,0.84,8.94014,40,1,0,4027,90.2342,92.5053,12.805
27.2589,0.034576,0,0.034576,0.82,8.58901,30,0,0,4027,90.2342,92.5053,12.805
27.2802,0.888434,0,0.888434,0.82,8.58901,40,1,0,4028,90.2515,92.5221,12.8041
27.2835,0.302268,0,0.302268,0.8,8.35505,20,1,0,4029,90.2663,92.5364,12.8031
27.3056,0.96238,0,0.96238,0.8,8.35505,30,1,0,4030,90.2933,92.5628,12.8022
27.3099,0.001724,0,0.001724,0.78,8.14618,20,0,0,4030,90.2933,92.5628,12.8022
27.3324,0.98265,0,0.98265,0.78,8.14618,30,1,0,4031,90.321,92.5899,12.8013
27.3377,0.603592,0,0.603592,0.76,7.9373,30,1,0,4032,90.3289,92.5972,12.8003
27.3584,0.442075,0,0.442075,0.76,7.9373,30,1,0,4033,90.3412,92.609,12.7994
27.3612,0.178143,0,0.178143,0.74,7.72842,30,1,0,4034,90.3374,92.6046,12.7985
27.3822,0.9997,0,0.9997,0.74,7.72842,30,1,0,4035,90.3665,92.6332,12.7975
27.3864,0.029071,0,0.029071,0.72,7.51955,20,0,0,4035,90.3665,92.6332,12.7975
27.4064,0.004378,0,0.004378,0.72,7.51955,20,0,0,4035,90.3665,92.6332,12.7975
27.4127,0.875705,0,0.875705,0.7,7.31067,30,1,0,4036,90.3984,92.6645,12.7966
27.4341,0.70262,0,0.70262,0.7,7.31067,30,1,0,4037,90.4075,92.673,12.7957
27.4403,0.154834,0,0.154834,0.68,7.10179,20,0,0,4037,90.4075,92.673,12.7957
27.4609,0.00219,0,0.00219,0.68,7.10179,20,0,0,4037,90.4075,92.673,12.7957
27.466,0.547918,0,0.547918,0.66,6.89292,30,1,0,4038,90.4091,92.6741,12.7947
27.4867,0.417114,0,0.417114,0.66,6.89292,30,1,0,4039,90.4231,92.6875,12.7938
27.4896,0.367862,0,0.367862,0.64,6.68404,30,1,0,4040,90.4606,92.7245,12.7929
27.5104,0.833979,0,0.833979,0.64,6.68404,35,0,0,4041,90.4771,92.7404,12.792
27.5137,0.04268,0,0.04268,0.62,6.47517,20,0,0,4041,90.4771,92.7404,12.792
27.5366,1.38071,0,1.38071,0.62,6.47517,30,1,0,4042,90.5208,92.7835,12.791
27.5423,0.482577,0,0.482577,0.6,6.26629,30,1,0,4043,90.5338,92.7959,12.7901
27.5633,0.903821,0,0.903821,0.6,6.26629,30,1,0,4044,90.5603,92.822,12.7892
27.5687,0.026445,0,0.026445,0.58,6.05741,20,0,0,4044,90.5603,92.822,12.7892
27.5901,0.482918,0,0.482918,0.58,6.05741,30,1,0,4045,90.5792,92.8403,12.7883
27.5966,0.793562,0,0.793562,0.56,5.84854,30,1,0,4046,90.5976,92.8581,12.7873
27.617,0.344448,0,0.344448,0.56,5.84854,30,1,0,4047,90.5933,92.8532,12.7864
27.6228,0.577739,0,0.577739,0.54,5.63966,30,1,0,4048,90.605,92.8644,12.7855
27.6434,0.728434,0,0.728434,0.54,5.63966,30,1,0,4049,90.6409,92.8997,12.7845
27.6464,0.287892,0,0.287892,0.52,5.43078,30,1,0,4050,90.6632,92.9215,12.7836
27.6676,0.107431,0,0.107431,0.52,5.43078,20,0,0,4050,90.6632,92.9215,12.7836
27.6705,0.02585,0,0.02585,0.5,5.22191,20,0,0,4050,90.6632,92.9215,12.7836
27.693,0.860172,0,0.860172,0.5,5.22191,30,1,0,4051,90.683,92.9408,12.7827
27.6995,0.408387,0,0.408387,0.48,5.01303,30,1,0,4052,90.6974,92.9546,12.7818
27.7225,1.44667,0,1.44667,0.48,5.01303,30,1,0,4053,90.738,92.9946,12.7808
27.73,0.817733,0,0.817733,0.46,4.80416,30,1,0,4054,90.7516,93.0076,12.7799
27.7503,0.368793,0,0.368793,0.46,4.80416,30,1,0,4055,90.7578,93.0133,12.779
27.757,0.063575,0,0.063575,0.44,4.59528,20,0,0,4055,90.7578,93.0133,12.779
27.7773,0.384348,0,0.384348,0.44,4.59528,30,1,0,4056,90.7626,93.0175,12.7781
27.781,0.247301,0,0.247301,0.42,4.3864,30,1,0,4057,90.7772,93.0316,12.7772
27.8007,0.133936,0,0.133936,0.42,4.3864,20,0,0,4057,90.7772,93.0316,12.7772
27.8037,0.052697,0,0.052697,0.4,4.17753,20,0,0,4057,90.7772,93.0316,12.7772
27.8253,0.734141,0,0.734141,0.4,4.17753,30,1,0,4058,90.7868,93.0407,12.7762
27.8292,0.65689,0,0.65689,0.38,3.96865,30,1,0,4059,90.8209,93.0742,12.7753
27.8501,0.775248,0,0.775248,0.38,3.96865,30,1,0,4060,90.8333,93.086,12.7744
27.8563,0.396747,0,0.396747,0.36,3.75977,30,1,0,4061,90.8431,93.0953,12.7735
27.8765,0.44403,0,0.44403,0.36,3.75977,30,1,0,4062,90.8555,93.1071,12.7725
27.8996,17.6283,17.3454,0.282891,0.34,3.5509,175,1,0,4063,90.8661,93.1172,12.7716
27.9023,0.246932,0,0.246932,0.32,3.34202,30,1,0,4064,90.8762,93.1267,12.7707
27.9235,0.392284,0,0.392284,0.32,3.34202,30,1,0,4065,90.8876,93.1375,12.7698
27.9261,0.001256,0,0.001256,0.3,3.13314,20,0,0,4065,90.8876,93.1375,12.7698
27.9477,0.446457,0,0.446457,0.3,3.13314,20,0,0,4066,90.8955,93.1449,12.7689
27.952,0.30125,0,0.30125,0.28,2.92427,20,0,0,4067,90.9019,93.1507,12.7679
27.9721,0.246083,0,0.246083,0.28,2.92427,30,1,0,4068,90.898,93.1463,12.767
27.9758,0.114424,0,0.114424,0.26,2.71539,20,0,0,4068,90.898,93.1463,12.767
27.997,0.211373,0,0.211373,0.26,2.71539,20,0,0,4069,90.8884,93.1362,12.7661
28.0013,0.398403,0,0.398403,0.24,2.50652,30,1,0,4070,90.9007,93.1479,12.7652
28.0224,0.575885,0,0.575885,0.24,2.50652,30,1,0,4071,90.931,93.1776,12.7643
28.025,0.019423,0,0.019423,0.22,2.29764,20,0,0,4071,90.931,93.1776,12.7643
28.0464,0.178515,0,0.178515,0.22,2.29764,20,0,0,4071,90.931,93.1776,12.7643
28.0505,0.45621,0,0.45621,0.2,2.08876,30,1,0,4072,90.9519,93.1979,12.7633
28.071,0.793836,0,0.793836,0.2,2.08876,30,1,0,4073,90.9747,93.2202,12.7624
28.0786,0.144554,0,0.144554,0.18,1.87989,20,0,0,4073,90.9747,93.2202,12.7624
28.098,0.742227,0,0.742227,0.18,1.87989,30,1,0,4074,91.0054,93.2504,12.7615
28.101,0.347755,0,0.347755,0.16,1.67101,30,1,0,4075,91.0407,93.2852,12.7606
28.1222,0.461191,0,0.461191,0.16,1.67101,30,1,0,4076,91.0542,93.2981,12.7597
28.1248,0.057781,0,0.057781,0.14,1.46213,20,0,0,4076,91.0542,93.2981,12.7597
28.1467,0.183119,0,0.183119,0.14,1.46213,20,0,0,4076,91.0542,93.2981,12.7597
28.1501,0.019373,0,0.019373,0.12,1.25326,20,0,0,4076,91.0542,93.2981,12.7597
28.1714,0.956082,0,0.956082,0.12,1.25326,30,1,0,4077,91.0731,93.3164,12.7587
28.1795,0.50804,0,0.50804,0.1,1.04438,30,1,0,4078,91.0844,93.3271,12.7578
28.198,0.350749,0,0.350749,0.1,1.04438,30,1,0,4079,91.0875,93.3297,12.7569
28.204,0.779109,0,0.779109,0.08,0.835505,30,1,0,4080,91.1037,93.3453,12.756
28.2242,0.14893,0,0.14893,0.08,0.835505,20,0,0,4080,91.1037,93.3453,12.756
28.2271,0.19873,0,0.19873,0.06,0.626629,30,1,0,4081,91.1066,93.3477,12.7551
28.2487,0.499198,0,0.499198,0.06,0.626629,30,1,0,4082,91.1195,93.3601,12.7542
