elapsed_s,total_latency_ms,update_ms,plan_ms,time_to_goal,path_cost,obstacle_checks,queue_operations,collision_count,tree_size,avg_deg_out,avg_deg_in,radius
0.778381,777.936,768.731,9.20501,30,156.373,58556,618,0,788,16.033,16.033,20
0.780393,0.451377,0,0.451377,29.98,156.31,20,0,0,788,16.033,16.033,20
0.801032,0.777614,0,0.777614,29.98,156.31,20,0,0,788,16.033,16.033,20
0.803207,0.843124,0,0.843124,29.96,156.248,76,0,0,789,16.0152,16.0152,20
0.831341,8.42499,0,8.42499,29.96,156.248,488,0,0,791,16.0417,16.0417,20
0.839685,7.05119,0,7.05119,29.94,156.186,480,4,0,792,16.0795,16.0795,20
0.857087,3.57062,0,3.57062,29.94,156.186,220,0,0,793,16.0845,16.0845,20
0.858825,0.324715,0,0.324715,29.92,156.123,20,0,0,793,16.0845,16.0845,20
0.879221,0.384892,0,0.384892,29.92,156.123,20,0,0,793,16.0845,16.0845,20
0.88583,5.34657,0,5.34657,29.9,156.061,365,0,0,795,16.0906,16.0906,20
0.901467,0.498994,0,0.498994,29.9,156.061,20,0,0,795,16.0906,16.0906,20
0.903249,0.498459,0,0.498459,29.88,155.998,48,0,0,795,16.0906,16.0906,20
0.92799,4.68379,0,4.68379,29.88,155.998,294,0,0,796,16.1093,16.1093,20
0.92984,0.653902,0,0.653902,29.86,155.936,20,0,0,796,16.1093,16.1093,20
0.956325,6.7304,0,6.7304,29.86,155.936,310,0,0,797,16.1142,16.1142,20
0.960511,2.46724,0,2.46724,29.84,155.873,170,0,0,798,16.1128,16.1128,20
0.97909,0.845364,0,0.845364,29.84,155.873,20,0,0,798,16.1128,16.1128,20
0.991319,10.4089,0,10.4089,29.82,155.811,465,0,0,799,16.1377,16.1377,20
1.00818,6.74908,0,6.74908,29.82,155.811,275,0,0,800,16.15,16.15,20
1.01163,1.8528,0,1.8528,29.8,155.748,85,1,0,801,16.1398,16.1398,20
1.04053,10.3997,0,10.3997,29.8,155.748,322,0,0,802,16.1584,16.1584,20
1.04627,3.71523,0,3.71523,29.78,155.686,210,0,0,803,16.1544,16.1544,20
1.06351,0.657978,0,0.657978,29.78,155.686,20,0,0,803,16.1544,16.1544,20
1.0785,13.6343,0,13.6343,29.76,155.623,570,44,0,805,16.1826,16.1826,20
1.08909,3.68178,0,3.68178,29.76,155.623,159,0,0,806,16.1824,16.1824,20
1.10027,9.40674,0,9.40674,29.74,155.561,615,0,0,808,16.2166,16.2166,20
1.11961,8.58743,0,8.58743,29.74,155.561,574,2,0,810,16.2531,16.2531,20
1.12126,0.184892,0,0.184892,29.72,155.498,20,0,0,810,16.2531,16.2531,20
1.14995,8.58335,0,8.58335,29.72,155.498,590,0,0,812,16.2833,16.2833,20
1.15206,0.608056,0,0.608056,29.7,155.435,20,0,0,812,16.2833,16.2833,20
1.17545,3.8089,0,3.8089,29.7,155.435,208,4,0,813,16.294,16.294,20
1.18205,5.25021,0,5.25021,29.68,155.373,354,0,0,814,16.317,16.317,20
1.20116,3.84648,0,3.84648,29.68,155.373,243,0,0,816,16.31,16.31,20
1.20976,7.31156,0,7.31156,29.66,147.605,493,2,0,818,16.3362,16.3362,20
1.22671,3.73936,0,3.73936,29.66,147.605,230,9,0,819,16.3407,16.3407,20
1.23333,5.36204,0,5.36204,29.64,147.549,368,0,0,821,16.3423,16.3423,20
1.25144,3.15533,0,3.15533,29.64,147.549,216,0,0,822,16.3467,16.3467,20
1.25326,0.399279,0,0.399279,29.62,147.493,30,0,0,822,16.3467,16.3467,20
1.27385,0.76832,0,0.76832,29.62,147.493,60,0,0,823,16.3305,16.3305,20
1.28141,6.0153,0,6.0153,29.6,147.437,380,0,0,824,16.3519,16.3519,20
1.29619,0.13733,0,0.13733,29.6,147.437,40,0,0,824,16.3519,16.3519,20
1.29982,2.20244,0,2.20244,29.58,147.381,175,0,0,825,16.3564,16.3564,20
1.34112,22.8627,0,22.8627,29.58,147.381,910,8,0,827,16.422,16.422,20
1.35008,6.98619,0,6.98619,29.56,147.325,425,4,0,828,16.4529,16.4529,20
1.36495,1.35824,0,1.35824,29.56,147.325,80,0,0,829,16.4379,16.4379,20
1.37374,6.85244,0,6.85244,29.54,147.269,300,6,0,830,16.4494,16.4494,20
1.40039,12.9363,0,12.9363,29.54,147.269,678,0,0,832,16.4916,16.4916,20
1.40259,0.384571,0,0.384571,29.52,147.213,40,0,0,832,16.4916,16.4916,20
1.4267,4.00319,0,4.00319,29.52,147.213,300,9,0,833,16.503,16.503,20
1.42851,0.422409,0,0.422409,29.5,147.157,40,0,0,833,16.503,16.503,20
1.44958,0.819309,0,0.819309,29.5,147.157,40,0,0,833,16.503,16.503,20
1.45729,6.27414,0,6.27414,29.48,147.101,490,10,0,835,16.5174,16.5174,20
1.4802,8.7979,0,8.7979,29.48,147.101,363,0,0,836,16.5383,16.5383,20
1.4887,6.10108,0,6.10108,29.46,147.046,327,0,0,837,16.5317,16.5317,20
1.50571,3.16744,0,3.16744,29.46,147.046,180,0,0,838,16.5286,16.5286,20
1.50819,0.315487,0,0.315487,29.44,146.99,40,0,0,838,16.5286,16.5286,20
1.52887,0.646238,0,0.646238,29.44,146.99,76,0,0,839,16.5137,16.5137,20
1.53932,8.72832,0,8.72832,29.42,146.934,383,0,0,841,16.5184,16.5184,20
1.55346,2.5193,0,2.5193,29.42,146.934,140,0,0,842,16.5107,16.5107,20
1.5564,0.572242,0,0.572242,29.4,146.879,40,0,0,842,16.5107,16.5107,20
1.59146,15.7242,0,15.7242,29.4,146.879,650,38,0,844,16.5438,16.5438,20
1.60282,9.7586,0,9.7586,29.38,146.823,518,2,0,845,16.5846,16.5846,20
1.62278,9.24928,0,9.24928,29.38,146.823,450,8,0,846,16.6135,16.6135,20
1.62526,0.79066,0,0.79066,29.36,146.768,67,0,0,846,16.6135,16.6135,20
1.66048,15.4257,0,15.4257,29.36,146.768,848,26,0,848,16.6733,16.6733,20
1.66658,4.07102,0,4.07102,29.34,146.712,250,4,0,849,16.6784,16.6784,20
1.68673,3.80889,0,3.80889,29.34,146.712,230,0,0,850,16.6812,16.6812,20
1.69195,3.52945,0,3.52945,29.32,146.657,277,0,0,852,16.6725,16.6725,20
1.7121,3.38033,0,3.38033,29.32,146.657,180,0,0,853,16.6811,16.6811,20
1.71855,4.78236,0,4.78236,29.3,146.601,350,0,0,854,16.7014,16.7014,20
1.74979,15.7766,0,15.7766,29.3,146.601,837,2,0,856,16.7582,16.7582,20
1.75505,3.15951,0,3.15951,29.28,146.546,180,0,0,857,16.755,16.755,20
1.78455,12.6393,0,12.6393,29.28,146.546,855,0,0,859,16.8161,16.8161,20
1.79284,6.07343,0,6.07343,29.26,146.49,340,0,0,860,16.8314,16.8314,20
1.82339,16.6476,0,16.6476,29.26,146.49,880,2,0,862,16.8898,16.8898,20
1.82604,0.586816,0,0.586816,29.24,146.435,40,0,0,862,16.8898,16.8898,20
1.84588,0.404043,0,0.404043,29.24,146.435,40,0,0,862,16.8898,16.8898,20
1.85406,6.69279,0,6.69279,29.22,146.38,379,0,0,864,16.9074,16.9074,20
1.87833,10.5393,0,10.5393,29.22,146.38,630,14,0,865,16.9561,16.9561,20
1.88404,3.89428,0,3.89428,29.2,146.324,217,0,0,866,16.9596,16.9596,20
1.90997,9.7375,0,9.7375,29.2,146.324,647,0,0,867,17.0127,17.0127,20
1.9185,6.53182,0,6.53182,29.18,146.269,455,2,0,869,17.0219,17.0219,20
1.93789,5.79812,0,5.79812,29.18,146.269,454,8,0,870,17.054,17.054,20
1.94442,5.00356,0,5.00356,29.16,146.214,387,0,0,871,17.0746,17.0746,20
1.96066,0.592178,0,0.592178,29.16,146.214,40,0,0,871,17.0746,17.0746,20
1.96465,2.49386,0,2.49386,29.14,146.159,257,0,0,872,17.0803,17.0803,20
1.99494,12.3486,0,12.3486,29.14,146.159,807,0,0,874,17.135,17.135,20
2.00201,5.36013,0,5.36013,29.12,146.104,265,2,0,875,17.1417,17.1417,20
2.01882,1.89111,0,1.89111,29.12,146.104,124,0,0,876,17.1461,17.1461,20
2.02828,7.97487,0,7.97487,29.1,146.049,443,2,0,877,17.1733,17.1733,20
2.04667,5.79142,0,5.79142,29.1,146.049,320,0,0,879,17.1661,17.1661,20
2.06427,15.8753,0,15.8753,29.08,145.994,1130,0,0,881,17.2509,17.2509,20
2.06899,0.22832,0,0.22832,29.08,145.994,40,0,0,881,17.2509,17.2509,20
2.07266,1.89768,0,1.89768,29.06,145.939,147,0,0,882,17.2596,17.2596,20
2.10213,10.7915,0,10.7915,29.06,145.939,590,0,0,884,17.2828,17.2828,20
2.10681,3.05743,0,3.05743,29.04,145.884,233,0,0,885,17.2893,17.2893,20
2.13186,7.49166,0,7.49166,29.04,145.884,418,0,0,886,17.3149,17.3149,20
2.14879,15.2142,0,15.2142,29.02,145.829,857,10,0,888,17.3682,17.3682,20
2.16077,6.77569,0,6.77569,29.02,145.829,390,0,0,889,17.3926,17.3926,20
2.16302,0.554654,0,0.554654,29,145.774,40,0,0,889,17.3926,17.3926,20
2.18678,3.76984,0,3.76984,29,145.774,290,2,0,891,17.3816,17.3816,20
2.19134,2.86005,0,2.86005,28.98,145.72,184,0,0,892,17.38,17.38,20
2.21979,10.7724,0,10.7724,28.98,145.72,763,0,0,893,17.4289,17.4289,20
2.22865,7.05944,0,7.05944,28.96,145.665,380,2,0,894,17.4474,17.4474,20
2.25203,10.0577,0,10.0577,28.96,145.665,638,0,0,896,17.4766,17.4766,20
2.25378,0.11305,0,0.11305,28.94,145.61,40,0,0,896,17.4766,17.4766,20
2.27693,2.69876,0,2.69876,28.94,145.61,190,0,0,897,17.4738,17.4738,20
2.28806,9.75396,0,9.75396,28.92,145.555,710,0,0,899,17.5161,17.5161,20
2.29901,0.397047,0,0.397047,28.92,145.555,40,0,0,899,17.5161,17.5161,20
2.30623,5.35615,0,5.35615,28.9,145.501,374,5,0,900,17.5344,17.5344,20
2.32316,1.88947,0,1.88947,28.9,145.501,124,0,0,901,17.5261,17.5261,20
2.33041,5.78902,0,5.78902,28.88,145.446,300,0,0,902,17.5355,17.5355,20
2.35081,5.59032,0,5.59032,28.88,145.446,320,168,0,903,17.5471,17.5471,20
2.36618,13.5653,0,13.5653,28.86,145.392,878,2,0,905,17.6044,17.6044,20
2.37331,0.411889,0,0.411889,28.86,145.392,40,0,0,905,17.6044,17.6044,20
2.37781,2.86767,0,2.86767,28.84,145.337,194,0,0,906,17.6082,17.6082,20
2.39511,0.027863,0,0.027863,28.84,145.337,40,0,0,906,17.6082,17.6082,20
2.40594,9.06784,0,9.06784,28.82,145.283,607,0,0,908,17.6333,17.6333,20
2.42435,6.96688,0,6.96688,28.82,145.283,475,6,0,910,17.644,17.644,20
2.42913,3.29106,0,3.29106,28.8,145.228,244,0,0,911,17.6498,17.6498,20
2.44833,1.84526,0,1.84526,28.8,145.228,131,4,0,912,17.6458,17.6458,20
2.45447,4.72514,0,4.72514,28.78,145.174,424,2,0,913,17.6703,17.6703,20
2.48053,10.1523,0,10.1523,28.78,145.174,515,0,0,915,17.7005,17.7005,20
2.48879,6.41156,0,6.41156,28.76,145.119,390,2,0,916,17.7205,17.7205,20
2.50839,5.5619,0,5.5619,28.76,145.119,340,0,0,917,17.7339,17.7339,20
2.51845,8.2039,0,8.2039,28.74,145.065,451,4,0,918,17.7603,17.7603,20
2.54192,11.3739,0,11.3739,28.74,145.065,817,4,0,920,17.8098,17.8098,20
2.55257,8.65771,0,8.65771,28.72,145.01,580,0,0,921,17.8491,17.8491,20
2.57249,8.48425,0,8.48425,28.72,145.01,570,14,0,923,17.8678,17.8678,20
2.58443,10.3645,0,10.3645,28.7,144.956,570,0,0,924,17.9058,17.9058,20
2.61496,20.6354,0,20.6354,28.7,144.956,1035,2,0,926,17.9762,17.9762,20
2.62382,7.09119,0,7.09119,28.68,144.901,450,0,0,927,18.0011,18.0011,20
2.64447,7.35133,0,7.35133,28.68,144.901,527,0,0,928,18.0388,18.0388,20
2.65447,8.52961,0,8.52961,28.66,144.846,599,0,0,929,18.071,18.071,20
2.67084,4.53836,0,4.53836,28.66,144.846,316,0,0,930,18.0828,18.0828,20
2.67522,2.75218,0,2.75218,28.64,144.792,246,0,0,930,18.0828,18.0828,20
2.69278,0.017442,0,0.017442,28.64,144.792,40,0,0,930,18.0828,18.0828,20
2.69975,5.16424,0,5.16424,28.62,144.737,290,0,0,931,18.0902,18.0902,20
2.72189,6.84395,0,6.84395,28.62,144.737,370,0,0,932,18.1062,18.1062,20
2.72928,5.42559,0,5.42559,28.6,144.683,230,0,0,933,18.1072,18.1072,20
2.7549,10.5992,0,10.5992,28.6,144.683,580,5,0,935,18.139,18.139,20
2.76304,6.13992,0,6.13992,28.58,144.628,379,5,0,936,18.1613,18.1613,20
2.79431,16.9654,0,16.9654,28.58,144.628,1030,25,0,938,18.2281,18.2281,20
2.80631,10.0809,0,10.0809,28.56,144.574,610,2,0,939,18.2694,18.2694,20
2.8215,4.84408,0,4.84408,28.56,144.574,340,0,0,940,18.2894,18.2894,20
2.83092,7.7635,0,7.7635,28.54,144.519,510,0,0,941,18.3199,18.3199,20
2.8486,5.0756,0,5.0756,28.54,144.519,310,0,0,942,18.3291,18.3291,20
2.85808,7.83005,0,7.83005,28.52,144.465,590,0,0,943,18.368,18.368,20
2.87374,2.91339,0,2.91339,28.52,144.465,190,0,0,945,18.345,18.345,20
2.88379,8.34357,0,8.34357,28.5,144.41,511,3,0,947,18.3569,18.3569,20
2.90164,5.8545,0,5.8545,28.5,144.41,350,0,0,948,18.3797,18.3797,20
2.91871,15.0898,0,15.0898,28.48,144.356,972,6,0,950,18.4442,18.4442,20
2.92889,5.08133,0,5.08133,28.48,144.356,310,4,0,951,18.4585,18.4585,20
2.93674,6.08359,0,6.08359,28.46,144.301,430,0,0,952,18.48,18.48,20
2.95988,8.67993,0,8.67993,28.46,144.301,706,0,0,954,18.5178,18.5178,20
2.97078,9.41119,0,9.41119,28.44,144.247,580,0,0,955,18.555,18.555,20
2.98285,0.845276,0,0.845276,28.44,144.247,40,0,0,955,18.555,18.555,20
2.98789,3.58489,0,3.58489,28.42,144.192,240,2,0,956,18.5565,18.5565,20
3.00904,4.34862,0,4.34862,28.42,144.192,290,5,0,957,18.5632,18.5632,20
3.01861,7.95537,0,7.95537,28.4,143.479,500,0,0,959,18.5725,18.5725,20
3.03481,3.6071,0,3.6071,28.4,143.479,267,2,0,960,18.5771,18.5771,20
3.04563,9.15313,0,9.15313,28.38,143.424,640,17,0,962,18.6008,18.6008,20
3.05768,0.830144,0,0.830144,28.38,143.424,40,0,0,962,18.6008,18.6008,20
3.05991,0.331796,0,0.331796,28.36,143.37,40,0,0,962,18.6008,18.6008,20
3.09144,11.3652,0,11.3652,28.36,143.37,810,235,0,964,18.6421,18.6421,20
3.10054,7.61984,0,7.61984,28.34,143.315,520,4,0,965,18.6725,18.6725,20
3.11767,4.19466,0,4.19466,28.34,143.315,227,0,0,966,18.6781,18.6781,20
3.12461,5.33092,0,5.33092,28.32,143.261,350,0,0,967,18.6908,18.6908,20
3.15055,10.6229,0,10.6229,28.32,143.261,647,6,0,969,18.7152,18.7152,20
3.15259,0.246465,0,0.246465,28.3,143.206,40,0,0,969,18.7152,18.7152,20
3.1743,1.42731,0,1.42731,28.3,143.206,120,0,0,970,18.7041,18.7041,20
3.18489,8.91411,0,8.91411,28.28,143.152,514,42,0,972,18.715,18.715,20
3.2136,17.1491,0,17.1491,28.28,143.152,1150,10,0,974,18.7906,18.7906,20
3.22175,6.45712,0,6.45712,28.26,143.097,395,2,0,975,18.8082,18.8082,20
3.23635,0.608334,0,0.608334,28.26,143.097,40,0,0,975,18.8082,18.8082,20
3.24641,8.52723,0,8.52723,28.24,143.043,530,2,0,976,18.8391,18.8391,20
3.26106,2.90894,0,2.90894,28.24,143.043,170,0,0,977,18.8332,18.8332,20
3.26883,5.77495,0,5.77495,28.22,142.988,444,2,0,978,18.8558,18.8558,20
3.29073,7.49097,0,7.49097,28.22,142.988,396,0,0,979,18.8703,18.8703,20
3.29468,1.9386,0,1.9386,28.2,142.934,130,0,0,980,18.8602,18.8602,20
3.31886,5.66148,0,5.66148,28.2,142.934,249,0,0,981,18.8624,18.8624,20
3.32339,2.59897,0,2.59897,28.18,142.879,168,0,0,982,18.8574,18.8574,20
3.34221,0.769179,0,0.769179,28.18,142.879,50,0,0,982,18.8574,18.8574,20
3.35016,6.13139,0,6.13139,28.16,142.825,320,0,0,983,18.8667,18.8667,20
3.36611,1.45133,0,1.45133,28.16,142.825,40,0,0,983,18.8667,18.8667,20
3.36956,1.29644,0,1.29644,28.14,142.77,40,0,0,983,18.8667,18.8667,20
3.38852,0.259064,0,0.259064,28.14,142.77,40,0,0,983,18.8667,18.8667,20
3.40582,14.827,0,14.827,28.12,142.716,936,4,0,985,18.9208,18.9208,20
3.41867,7.30166,0,7.30166,28.12,142.716,319,0,0,986,18.931,18.931,20
3.42754,6.99843,0,6.99843,28.1,142.661,350,0,0,987,18.9433,18.9433,20
3.44279,1.83182,0,1.83182,28.1,142.661,103,0,0,987,18.9433,18.9433,20
3.45049,5.97995,0,5.97995,28.08,142.606,290,0,0,988,18.9494,18.9494,20
3.47028,5.33406,0,5.33406,28.08,142.606,300,0,0,989,18.9565,18.9565,20
3.47204,0.273126,0,0.273126,28.06,142.552,40,0,0,989,18.9565,18.9565,20
3.49242,0.200462,0,0.200462,28.06,142.552,40,0,0,989,18.9565,18.9565,20
3.50576,11.3111,0,11.3111,28.04,142.497,530,4,0,991,18.9677,18.9677,20
3.52389,9.09026,0,9.09026,28.04,142.497,390,4,0,992,18.9829,18.9829,20
3.52918,2.45894,0,2.45894,28.02,142.443,153,0,0,992,18.9829,18.9829,20
3.55068,3.96965,0,3.96965,28.02,142.443,212,0,0,993,18.9678,18.9678,20
3.57196,18.4573,0,18.4573,28,142.388,1149,0,0,995,19.0402,19.0402,20
3.581,7.11889,0,7.11889,27.98,142.334,400,0,0,996,19.0562,19.0562,20
3.60876,14.4437,0,14.4437,27.98,142.334,920,2,0,998,19.1112,19.1112,20
3.61785,7.1261,0,7.1261,27.96,142.279,491,0,0,1000,19.118,19.118,20
3.63211,0.713138,0,0.713138,27.96,142.279,70,0,0,1000,19.118,19.118,20
3.64411,10.3251,0,10.3251,27.94,142.225,709,17,0,1002,19.1467,19.1467,20
3.6597,5.43231,0,5.43231,27.94,142.225,400,0,0,1003,19.1625,19.1625,20
3.66813,6.50842,0,6.50842,27.92,142.17,520,16,0,1004,19.1902,19.1902,20
3.68231,0.298498,0,0.298498,27.92,142.17,50,0,0,1004,19.1902,19.1902,20
3.69498,10.7015,0,10.7015,27.9,142.116,790,0,0,1006,19.2256,19.2256,20
3.70998,5.04261,0,5.04261,27.9,142.116,374,0,0,1008,19.2252,19.2252,20
3.71344,1.22387,0,1.22387,27.88,142.061,132,0,0,1009,19.22,19.22,20
3.74152,8.63901,0,8.63901,27.88,142.061,590,6,0,1010,19.2545,19.2545,20
3.74584,2.19769,0,2.19769,27.86,142.007,203,0,0,1011,19.2512,19.2512,20
3.77524,10.8876,0,10.8876,27.86,142.007,737,4,0,1013,19.2853,19.2853,20
3.77947,2.34653,0,2.34653,27.84,141.952,207,0,0,1014,19.2821,19.2821,20
3.80324,5.3699,0,5.3699,27.84,141.952,421,0,0,1016,19.2815,19.2815,20
3.81474,9.47149,0,9.47149,27.82,141.898,680,0,0,1018,19.3045,19.3045,20
3.83115,5.20075,0,5.20075,27.82,141.898,380,44,0,1019,19.317,19.317,20
3.83779,4.73806,0,4.73806,27.8,141.843,340,2,0,1020,19.3294,19.3294,20
3.85799,4.48074,0,4.48074,27.8,141.843,265,0,0,1021,19.331,19.331,20
3.86766,7.48479,0,7.48479,27.78,141.789,455,0,0,1023,19.3363,19.3363,20
3.88587,5.36886,0,5.36886,27.78,141.789,360,2,0,1024,19.3467,19.3467,20
3.89667,8.77279,0,8.77279,27.76,141.734,570,4,0,1025,19.3776,19.3776,20
3.92568,16.7198,0,16.7198,27.76,141.734,1080,0,0,1027,19.4391,19.4391,20
3.93638,8.48568,0,8.48568,27.74,141.68,584,0,0,1028,19.4562,19.4562,20
3.95529,7.23721,0,7.23721,27.74,141.68,526,0,0,1029,19.4888,19.4888,20
3.96828,10.9052,0,10.9052,27.72,141.625,760,45,0,1031,19.5189,19.5189,20
3.98316,5.48511,0,5.48511,27.72,141.625,434,0,0,1032,19.5397,19.5397,20
3.99142,6.18394,0,6.18394,27.7,141.571,440,0,0,1033,19.5576,19.5576,20
4.0067,0.817867,0,0.817867,27.7,141.571,60,0,0,1033,19.5576,19.5576,20
4.01092,2.43731,0,2.43731,27.68,141.516,184,0,0,1034,19.5561,19.5561,20
4.0312,2.11626,0,2.11626,27.68,141.516,155,0,0,1035,19.5507,19.5507,20
4.04774,14.2173,0,14.2173,27.66,141.462,1018,14,0,1037,19.6066,19.6066,20
4.06443,10.5344,0,10.5344,27.66,141.462,553,1,0,1039,19.6218,19.6218,20
4.07268,5.66225,0,5.66225,27.64,141.407,423,8,0,1041,19.6234,19.6234,20
4.09922,11.5741,0,11.5741,27.64,141.407,655,0,0,1043,19.6472,19.6472,20
4.10665,5.06919,0,5.06919,27.62,141.353,427,10,0,1044,19.6638,19.6638,20
4.12374,1.40724,0,1.40724,27.62,141.353,80,0,0,1044,19.6638,19.6638,20
4.13639,9.43714,0,9.43714,27.6,141.298,670,4,0,1045,19.7014,19.7014,20
4.15887,12.1996,0,12.1996,27.6,141.298,737,1,0,1047,19.7268,19.7268,20
4.16885,7.38006,0,7.38006,27.58,141.244,558,0,0,1049,19.7407,19.7407,20
4.19632,14.4195,0,14.4195,27.58,141.244,870,34,0,1051,19.7783,19.7783,20
4.20166,2.93903,0,2.93903,27.56,141.189,327,2,0,1052,19.7842,19.7842,20
4.22696,6.9849,0,6.9849,27.56,141.189,424,0,0,1054,19.7979,19.7979,20
4.24017,10.7531,0,10.7531,27.54,141.135,780,63,0,1055,19.8445,19.8445,20
4.26577,15.4377,0,15.4377,27.54,141.135,910,2,0,1057,19.8846,19.8846,20
4.27808,9.75319,0,9.75319,27.52,141.08,731,0,0,1059,19.9084,19.9084,20
4.29852,9.64984,0,9.64984,27.52,141.08,760,0,0,1060,19.9528,19.9528,20
4.30884,8.03302,0,8.03302,27.5,141.026,598,0,0,1061,19.9868,19.9868,20
4.33035,8.37659,0,8.37659,27.5,141.026,670,2,0,1062,20.0226,20.0226,20
4.33819,5.14948,0,5.14948,27.48,140.971,400,0,0,1063,20.0329,20.0329,20
4.35962,6.12305,0,6.12305,27.48,140.971,458,4,0,1064,20.0498,20.0498,20
4.36253,0.61871,0,0.61871,27.46,140.917,90,0,0,1064,20.0498,20.0498,20
4.38828,6.05902,0,6.05902,27.46,140.917,520,0,0,1065,20.0714,20.0714,20
4.39194,0.692879,0,0.692879,27.44,140.862,90,0,0,1065,20.0714,20.0714,20
4.41835,6.83762,0,6.83762,27.44,140.862,430,0,0,1066,20.0844,20.0844,20
4.43585,14.5962,0,14.5962,27.42,140.807,890,135,0,1068,20.1217,20.1217,20
4.44686,5.1071,0,5.1071,27.42,140.807,359,4,0,1069,20.1291,20.1291,20
4.4511,1.86254,0,1.86254,27.4,140.753,190,2,0,1070,20.1271,20.1271,20
4.47331,3.22559,0,3.22559,27.4,140.753,290,0,0,1071,20.1317,20.1317,20
4.48371,7.42375,0,7.42375,27.38,140.698,509,0,0,1072,20.1586,20.1586,20
4.49792,1.50286,0,1.50286,27.38,140.698,150,0,0,1073,20.1463,20.1463,20
4.50636,6.31766,0,6.31766,27.36,140.644,520,0,0,1074,20.1685,20.1685,20
4.52761,6.74581,0,6.74581,27.36,140.644,370,0,0,1075,20.1767,20.1767,20
4.54551,15.3467,0,15.3467,27.34,140.589,791,9,0,1077,20.2061,20.2061,20
4.56071,9.79665,0,9.79665,27.34,140.589,710,8,0,1079,20.2308,20.2308,20
4.56764,4.69625,0,4.69625,27.32,140.535,370,0,0,1080,20.2389,20.2389,20
4.59178,7.96436,0,7.96436,27.32,140.535,651,0,0,1082,20.2597,20.2597,20
4.5944,0.045741,0,0.045741,27.3,140.48,100,0,0,1082,20.2597,20.2597,20
4.62498,9.9753,0,9.9753,27.3,140.48,750,0,0,1084,20.2823,20.2823,20
4.64497,17.2929,0,17.2929,27.28,140.426,1070,2,0,1086,20.3352,20.3352,20
4.64894,1.30837,0,1.30837,27.28,140.426,172,0,0,1086,20.3352,20.3352,20
4.65575,4.5423,0,4.5423,27.26,140.371,386,0,0,1087,20.3431,20.3431,20
4.67616,4.72335,0,4.72335,27.26,140.371,405,0,0,1088,20.3594,20.3594,20
4.6898,11.0842,0,11.0842,27.24,140.317,879,35,0,1089,20.3994,20.3994,20
4.71921,18.4858,0,18.4858,27.24,140.317,1286,2,0,1091,20.4711,20.4711,20
4.7273,4.94268,0,4.94268,27.22,140.262,445,0,0,1092,20.4844,20.4844,20
4.75106,8.46181,0,8.46181,27.22,140.262,685,0,0,1093,20.5023,20.5023,20
4.75926,5.48381,0,5.48381,27.2,140.208,506,0,0,1094,20.521,20.521,20
4.77782,3.47734,0,3.47734,27.2,140.208,306,132,0,1095,20.5215,20.5215,20
4.78504,4.4649,0,4.4649,27.18,140.153,422,2,0,1096,20.5365,20.5365,20
4.80955,8.35597,0,8.35597,27.18,140.153,655,0,0,1097,20.5688,20.5688,20
4.82517,12.9661,0,12.9661,27.16,140.099,916,49,0,1099,20.606,20.606,20
4.84043,7.44507,0,7.44507,27.16,140.099,573,2,0,1100,20.6309,20.6309,20
4.85049,7.28667,0,7.28667,27.14,140.044,516,0,0,1101,20.6503,20.6503,20
4.86961,5.48218,0,5.48218,27.14,140.044,456,13,0,1102,20.6642,20.6642,20
4.87863,6.41045,0,6.41045,27.12,139.99,500,0,0,1103,20.6908,20.6908,20
4.89806,4.12701,0,4.12701,27.12,139.99,202,2,0,1104,20.6957,20.6957,20
4.90126,0.501099,0,0.501099,27.1,139.935,96,0,0,1104,20.6957,20.6957,20
4.93408,12.5781,0,12.5781,27.1,139.935,706,0,0,1105,20.7321,20.7321,20
4.93726,0.414159,0,0.414159,27.08,139.881,96,0,0,1105,20.7321,20.7321,20
4.97201,13.4724,0,13.4724,27.08,139.881,925,0,0,1107,20.7706,20.7706,20
4.98475,10.1555,0,10.1555,27.06,139.826,861,0,0,1109,20.8061,20.8061,20
4.99583,0.253669,0,0.253669,27.06,139.826,96,0,0,1109,20.8061,20.8061,20
5.00474,6.40489,0,6.40489,27.04,139.772,486,0,0,1110,20.8225,20.8225,20
5.02518,5.06983,0,5.06983,27.04,139.772,323,4,0,1111,20.8245,20.8245,20
5.03646,8.6095,0,8.6095,27.02,139.717,708,0,0,1113,20.85,20.85,20
5.05775,8.91206,0,8.91206,27.02,139.717,466,0,0,1114,20.8645,20.8645,20
5.06675,6.31541,0,6.31541,27,139.663,542,0,0,1115,20.8915,20.8915,20
5.09077,9.35824,0,9.35824,27,139.663,536,0,0,1116,20.9122,20.9122,20
5.09819,4.81596,0,4.81596,26.98,139.608,414,0,0,1118,20.9123,20.9123,20
5.11565,0.761901,0,0.761901,26.98,139.608,96,0,0,1118,20.9123,20.9123,20
5.13395,14.5223,0,14.5223,26.96,139.554,1072,0,0,1120,20.9643,20.9643,20
5.15098,11.8013,0,11.8013,26.96,139.554,670,6,0,1121,20.9973,20.9973,20
5.16082,6.61739,0,6.61739,26.94,139.499,600,4,0,1123,21.0062,21.0062,20
5.18606,11.3983,0,11.3983,26.94,139.499,665,10,0,1124,21.0383,21.0383,20
5.19595,7.06786,0,7.06786,26.92,139.445,575,4,0,1126,21.0497,21.0497,20
5.22068,11.189,0,11.189,26.92,139.445,646,0,0,1128,21.0647,21.0647,20
5.23425,10.6964,0,10.6964,26.9,139.39,839,2,0,1130,21.1,21.1,20
5.2502,4.84653,0,4.84653,26.9,139.39,316,0,0,1131,21.1008,21.1008,20
5.25317,0.233366,0,0.233366,26.88,139.336,96,0,0,1131,21.1008,21.1008,20
5.2831,9.23438,0,9.23438,26.88,139.336,568,0,0,1133,21.1059,21.1059,20
5.29157,5.57868,0,5.57868,26.86,139.281,426,52,0,1134,21.1164,21.1164,20
5.31791,10.9048,0,10.9048,26.86,139.281,646,0,0,1135,21.1463,21.1463,20
5.32802,7.2535,0,7.2535,26.84,139.227,541,2,0,1136,21.1673,21.1673,20
5.35689,15.0627,0,15.0627,26.84,139.227,1019,0,0,1138,21.217,21.217,20
5.36571,5.97491,0,5.97491,26.82,139.172,505,0,0,1139,21.2414,21.2414,20
5.38967,9.21907,0,9.21907,26.82,139.172,656,100,0,1140,21.2719,21.2719,20
5.39653,4.1871,0,4.1871,26.8,139.117,336,0,0,1141,21.2743,21.2743,20
5.4136,0.30699,0,0.30699,26.8,139.117,96,0,0,1141,21.2743,21.2743,20
5.41654,0.092147,0,0.092147,26.78,139.063,96,0,0,1141,21.2743,21.2743,20
5.45027,12.4821,0,12.4821,26.78,139.063,778,16,0,1143,21.2975,21.2975,20
5.45881,5.35017,0,5.35017,26.76,139.008,376,0,0,1144,21.3033,21.3033,20
5.4888,15.0045,0,15.0045,26.76,139.008,1055,8,0,1146,21.3499,21.3499,20
5.49709,5.09126,0,5.09126,26.74,138.954,376,0,0,1147,21.3557,21.3557,20
5.51877,6.16049,0,6.16049,26.74,138.954,482,1,0,1149,21.356,21.356,20
5.52943,7.78166,0,7.78166,26.72,138.899,580,5,0,1151,21.3632,21.3632,20
5.54304,0.590085,0,0.590085,26.72,138.899,96,0,0,1151,21.3632,21.3632,20
5.55273,6.76641,0,6.76641,26.7,138.845,466,0,0,1152,21.3741,21.3741,20
5.57156,4.30635,0,4.30635,26.7,138.845,312,1,0,1154,21.357,21.357,20
5.58367,8.77726,0,8.77726,26.68,138.79,570,2,0,1156,21.3607,21.3607,20
5.60486,8.68794,0,8.68794,26.68,138.79,531,10,0,1157,21.3699,21.3699,20
5.60808,0.009526,0,0.009526,26.66,138.736,100,0,0,1157,21.3699,21.3699,20
5.63004,0.730363,0,0.730363,26.66,138.736,100,0,0,1157,21.3699,21.3699,20
5.63579,2.44307,0,2.44307,26.64,138.681,220,0,0,1158,21.3618,21.3618,20
5.6546,0.301331,0,0.301331,26.64,138.681,100,0,0,1158,21.3618,21.3618,20
5.67421,15.8857,0,15.8857,26.62,138.627,847,0,0,1160,21.3905,21.3905,20
5.69689,18.5942,0,18.5942,26.62,138.627,1060,12,0,1162,21.4363,21.4363,20
5.71486,14.6741,0,14.6741,26.6,138.572,1068,4,0,1164,21.4845,21.4845,20
5.73785,17.1196,0,17.1196,26.6,138.572,970,8,0,1166,21.5223,21.5223,20
5.74651,5.63858,0,5.63858,26.58,138.518,492,0,0,1167,21.5441,21.5441,20
5.76317,1.73331,0,1.73331,26.58,138.518,183,0,0,1168,21.5351,21.5351,20
5.77162,5.64286,0,5.64286,26.56,138.463,480,2,0,1170,21.5402,21.5402,20
5.79756,9.91406,0,9.91406,26.56,138.463,650,2,0,1171,21.5687,21.5687,20
5.807,6.61886,0,6.61886,26.54,138.409,560,50,0,1173,21.578,21.578,20
5.83325,11.6369,0,11.6369,26.54,138.409,840,2,0,1175,21.6043,21.6043,20
5.84045,4.36916,0,4.36916,26.52,138.354,360,0,0,1176,21.608,21.608,20
5.864,6.60133,0,6.60133,26.52,138.354,510,0,0,1177,21.6245,21.6245,20
5.8752,8.28524,0,8.28524,26.5,138.3,671,0,0,1179,21.6387,21.6387,20
5.89602,8.27078,0,8.27078,26.5,138.3,690,1,0,1181,21.652,21.652,20
5.89921,0.278623,0,0.278623,26.48,138.245,100,0,0,1181,21.652,21.652,20
5.92439,4.57691,0,4.57691,26.48,138.245,460,2,0,1182,21.6641,21.6641,20
5.9422,15.1508,0,15.1508,26.46,138.191,1010,2,0,1184,21.7035,21.7035,20
5.95938,10.2236,0,10.2236,26.46,138.191,660,2,0,1186,21.7133,21.7133,20
5.9677,5.38625,0,5.38625,26.44,138.136,490,14,0,1187,21.727,21.727,20
5.98971,6.04023,0,6.04023,26.44,138.136,376,0,0,1188,21.7391,21.7391,20
5.99299,0.413614,0,0.413614,26.42,138.082,110,0,0,1188,21.7391,21.7391,20
6.02846,15.4254,0,15.4254,26.42,138.082,1111,4,0,1190,21.7916,21.7916,20
6.03685,5.37199,0,5.37199,26.4,138.027,422,0,0,1191,21.8002,21.8002,20
6.05608,4.31177,0,4.31177,26.4,138.027,380,0,0,1192,21.8104,21.8104,20
6.06611,7.15272,0,7.15272,26.38,137.973,640,0,0,1193,21.8365,21.8365,20
6.089,9.54548,0,9.54548,26.38,137.973,729,0,0,1194,21.8777,21.8777,20
6.09747,5.59473,0,5.59473,26.36,137.918,440,0,0,1195,21.887,21.887,20
6.1186,5.99288,0,5.99288,26.36,137.918,530,0,0,1196,21.9038,21.9038,20
6.13494,13.4204,0,13.4204,26.34,137.864,920,167,0,1198,21.9349,21.9349,20
6.15461,12.7536,0,12.7536,26.34,137.864,967,15,0,1200,21.9742,21.9742,20
6.57544,417.597,412.629,4.96823,26.32,137.809,30941,928,0,1201,21.9784,21.9784,20
6.58278,4.72389,0,4.72389,26.3,137.755,397,0,0,1203,21.9751,21.9751,20
6.60608,7.52778,0,7.52778,26.3,137.755,590,15,0,1205,21.9834,21.9834,20
6.6274,19.4606,0,19.4606,26.28,137.7,1420,144,0,1207,22.0605,22.0605,20
6.63012,0.542459,0,0.542459,26.26,137.646,60,0,0,1207,22.0605,22.0605,20
6.65891,9.13849,0,9.13849,26.26,137.646,651,2,0,1209,22.0736,22.0736,20
6.66906,7.83235,0,7.83235,26.24,137.591,684,2,0,1211,22.09,22.09,20
6.69808,16.6517,0,16.6517,26.24,137.591,1127,11,0,1213,22.1467,22.1467,20
6.71178,11.5208,0,11.5208,26.22,137.537,820,0,0,1215,22.1728,22.1728,20
6.72532,4.88643,0,4.88643,26.22,137.537,350,0,0,1216,22.1785,22.1785,20
6.72833,0.79887,0,0.79887,26.2,137.482,89,0,0,1216,22.1785,22.1785,20
6.75355,6.0024,0,6.0024,26.2,137.482,390,0,0,1217,22.1931,22.1931,20
6.75576,0.197635,0,0.197635,26.18,137.428,60,0,0,1217,22.1931,22.1931,20
6.77961,3.2595,0,3.2595,26.18,137.428,255,0,0,1218,22.1938,22.1938,20
6.79103,9.32453,0,9.32453,26.16,137.373,779,6,0,1219,22.2207,22.2207,20
6.80826,5.8354,0,5.8354,26.16,137.373,380,0,0,1220,22.2287,22.2287,20
6.81263,2.42425,0,2.42425,26.14,137.318,190,1,0,1221,22.2211,22.2211,20
6.84202,10.804,0,10.804,26.14,137.318,863,0,0,1223,22.2592,22.2592,20
6.85429,9.96417,0,9.96417,26.12,137.264,786,0,0,1225,22.2898,22.2898,20
6.87552,10.4495,0,10.4495,26.12,137.264,750,0,0,1226,22.3271,22.3271,20
6.88628,8.43749,0,8.43749,26.1,137.209,640,0,0,1227,22.3553,22.3553,20
6.90968,11.0084,0,11.0084,26.1,137.209,890,0,0,1229,22.3889,22.3889,20
6.92133,9.02689,0,9.02689,26.08,137.155,690,10,0,1231,22.4029,22.4029,20
6.94487,11.834,0,11.834,26.08,137.155,797,0,0,1233,22.4339,22.4339,20
7.40388,456.428,453.421,3.00749,26.06,137.1,37083,1106,0,1233,22.4339,22.4339,20
7.41405,7.85733,0,7.85733,26.04,137.046,629,0,0,1235,22.4437,22.4437,20
7.43176,4.95076,0,4.95076,26.04,137.046,408,12,0,1236,22.4604,22.4604,20
7.44571,11.8506,0,11.8506,26.02,136.991,958,0,0,1238,22.5016,22.5016,20
7.46543,11.0505,0,11.0505,26.02,136.991,914,2,0,1240,22.5347,22.5347,20
7.47987,12.2041,0,12.2041,26,136.937,961,0,0,1242,22.5717,22.5717,20
7.48919,0.801802,0,0.801802,26,136.937,70,0,0,1242,22.5717,22.5717,20
7.49748,6.17063,0,6.17063,25.98,136.882,525,0,0,1244,22.5748,22.5748,20
7.52327,11.2612,0,11.2612,25.98,136.882,840,0,0,1246,22.6132,22.6132,20
7.54201,16.1369,0,16.1369,25.96,136.828,1100,10,0,1248,22.6587,22.6587,20
7.55156,5.47785,0,5.47785,25.96,136.828,330,0,0,1249,22.6605,22.6605,20
7.56705,12.8667,0,12.8667,25.94,136.773,1002,0,0,1251,22.7018,22.7018,20
7.59342,18.9733,0,18.9733,25.94,136.773,1320,34,0,1253,22.7654,22.7654,20
7.83461,238.406,231.885,6.52097,25.92,136.719,22718,823,0,1255,22.7641,22.7641,20
7.83845,0.287522,0,0.287522,25.9,136.664,90,0,0,1255,22.7641,22.7641,20
7.86717,8.26698,0,8.26698,25.9,136.664,690,2,0,1257,22.7757,22.7757,20
7.88299,13.1804,0,13.1804,25.88,136.61,921,2,0,1259,22.8062,22.8062,20
7.89546,4.71115,0,4.71115,25.88,136.61,430,74,0,1260,22.8151,22.8151,20
7.90925,11.2893,0,11.2893,25.86,136.555,830,0,0,1262,22.8494,22.8494,20
7.91875,0.376653,0,0.376653,25.86,136.555,90,0,0,1262,22.8494,22.8494,20
7.9258,4.94743,0,4.94743,25.84,136.501,370,2,0,1263,22.8535,22.8535,20
7.94868,7.18585,0,7.18585,25.84,136.501,520,4,0,1264,22.8695,22.8695,20
7.96228,10.7681,0,10.7681,25.82,136.446,891,2,0,1265,22.9209,22.9209,20
7.97681,4.86071,0,4.86071,25.82,136.446,370,0,0,1266,22.925,22.925,20
7.99079,11.4066,0,11.4066,25.8,136.392,900,10,0,1267,22.9708,22.9708,20
8.00122,0.862816,0,0.862816,25.8,136.392,155,0,0,1267,22.9708,22.9708,20
8.0123,8.60962,0,8.60962,25.78,136.337,670,0,0,1269,22.9803,22.9803,20
8.02519,0.596868,0,0.596868,25.78,136.337,90,0,0,1269,22.9803,22.9803,20
8.03418,6.45473,0,6.45473,25.76,136.283,470,2,0,1270,22.9921,22.9921,20
8.05618,7.68855,0,7.68855,25.76,136.283,653,2,0,1272,23.0024,23.0024,20
8.06972,11.1026,0,11.1026,25.74,136.228,790,0,0,1273,23.0393,23.0393,20
8.08761,8.36121,0,8.36121,25.74,136.228,493,0,0,1274,23.0628,23.0628,20
8.09257,1.01065,0,1.01065,25.72,136.174,90,0,0,1274,23.0628,23.0628,20
8.1185,7.38748,0,7.38748,25.72,136.174,565,0,0,1275,23.0824,23.0824,20
8.12463,3.33978,0,3.33978,25.7,136.119,290,0,0,1276,23.0799,23.0799,20
8.14215,0.475015,0,0.475015,25.7,136.119,90,0,0,1276,23.0799,23.0799,20
8.14492,0.201876,0,0.201876,25.68,136.065,90,0,0,1276,23.0799,23.0799,20
8.18163,15.9298,0,15.9298,25.68,136.065,1060,2,0,1278,23.1291,23.1291,20
8.19763,12.7279,0,12.7279,25.66,136.01,780,4,0,1279,23.165,23.165,20
8.22261,17.5216,0,17.5216,25.66,136.01,1108,0,0,1281,23.2108,23.2108,20
8.23949,13.7144,0,13.7144,25.64,135.956,1092,38,0,1283,23.2627,23.2627,20
8.25566,9.25759,0,9.25759,25.64,135.956,657,0,0,1284,23.2889,23.2889,20
8.25987,1.56825,0,1.56825,25.62,135.901,195,0,0,1285,23.2809,23.2809,20
8.29027,10.9794,0,10.9794,25.62,135.901,800,132,0,1286,23.318,23.318,20
8.29471,1.89679,0,1.89679,25.6,135.847,184,0,0,1287,23.31,23.31,20
8.32055,6.86371,0,6.86371,25.6,135.847,460,0,0,1288,23.3207,23.3207,20
8.32394,0.656175,0,0.656175,25.58,135.792,90,0,0,1288,23.3207,23.3207,20
8.34584,2.01948,0,2.01948,25.58,135.792,193,1,0,1289,23.3165,23.3165,20
8.35953,10.2574,0,10.2574,25.56,135.738,739,2,0,1290,23.3504,23.3504,20
8.38136,11.8844,0,11.8844,25.56,135.738,830,20,0,1291,23.3888,23.3888,20
8.39666,11.7685,0,11.7685,25.54,135.683,800,0,0,1293,23.4068,23.4068,20
8.41868,13.5009,0,13.5009,25.54,135.683,920,0,0,1294,23.4521,23.4521,20
8.43548,13.6381,0,13.6381,25.52,135.628,1015,0,0,1296,23.4923,23.4923,20
8.4484,6.18561,0,6.18561,25.52,135.628,497,0,0,1297,23.5081,23.5081,20
8.46357,12.1253,0,12.1253,25.5,135.574,983,0,0,1299,23.5427,23.5427,20
8.47489,2.99758,0,2.99758,25.5,135.574,311,0,0,1300,23.5438,23.5438,20
8.4929,14.7222,0,14.7222,25.48,135.519,1100,91,0,1302,23.5845,23.5845,20
8.51156,13.088,0,13.088,25.48,135.519,980,4,0,1304,23.6158,23.6158,20
8.52804,13.3862,0,13.3862,25.46,135.465,1080,46,0,1306,23.6623,23.6623,20
8.55184,16.9309,0,16.9309,25.46,135.465,1286,0,0,1308,23.7263,23.7263,20
8.56341,7.7206,0,7.7206,25.44,135.41,605,0,0,1309,23.7517,23.7517,20
8.5883,12.8308,0,12.8308,25.44,135.41,1064,6,0,1311,23.7925,23.7925,20
8.59442,3.01206,0,3.01206,25.42,135.356,315,0,0,1312,23.8011,23.8011,20
8.6227,10.6408,0,10.6408,25.42,135.356,900,0,0,1313,23.8431,23.8431,20
9.06264,436.986,431.051,5.93525,25.4,135.301,40238,1419,0,1315,23.854,23.854,20
9.06861,2.45063,0,2.45063,25.38,135.237,260,0,0,1316,23.848,23.848,20
9.09112,4.78515,0,4.78515,25.38,135.237,446,2,0,1317,23.8618,23.8618,20
9.09462,0.649883,0,0.649883,25.36,135.183,100,0,0,1317,23.8618,23.8618,20
9.11518,0.34085,0,0.34085,25.36,135.183,100,0,0,1317,23.8618,23.8618,20
9.12125,3.35568,0,3.35568,25.34,135.128,306,0,0,1318,23.8612,23.8612,20
9.149,10.2113,0,10.2113,25.34,135.128,827,0,0,1320,23.8803,23.8803,20
9.15483,2.78578,0,2.78578,25.32,135.074,270,1,0,1321,23.8819,23.8819,20
9.18479,11.9123,0,11.9123,25.32,135.074,889,4,0,1322,23.9251,23.9251,20
9.19432,6.60303,0,6.60303,25.3,135.019,570,0,0,1323,23.9418,23.9418,20
9.21572,7.13926,0,7.13926,25.3,135.019,476,0,0,1324,23.9698,23.9698,20
9.221,2.38692,0,2.38692,25.28,134.964,272,0,0,1325,23.9645,23.9645,20
9.24191,2.46646,0,2.46646,25.28,134.964,250,0,0,1326,23.957,23.957,20
9.24906,4.22547,0,4.22547,25.26,134.91,320,4,0,1327,23.9548,23.9548,20
9.28559,19.98,0,19.98,25.26,134.91,1273,24,0,1329,24.009,24.009,20
9.29537,6.50491,0,6.50491,25.24,134.855,580,31,0,1330,24.0263,24.0263,20
9.31529,5.93309,0,5.93309,25.24,134.855,462,0,0,1331,24.0481,24.0481,20
9.32316,4.62696,0,4.62696,25.22,134.801,429,0,0,1332,24.0691,24.0691,20
9.34045,1.07963,0,1.07963,25.22,134.801,120,0,0,1332,24.0691,24.0691,20
9.43545,91.6183,90.7792,0.839139,25.2,134.746,7718,246,0,1332,24.0691,24.0691,20
9.44564,6.36587,0,6.36587,25.18,134.692,581,0,0,1333,24.0893,24.0893,20
9.46953,9.91352,0,9.91352,25.18,134.692,760,2,0,1335,24.1019,24.1019,20
9.48249,9.53882,0,9.53882,25.16,134.637,832,0,0,1337,24.1257,24.1257,20
9.49759,4.25011,0,4.25011,25.16,134.637,390,0,0,1338,24.136,24.136,20
9.50196,0.874696,0,0.874696,25.14,134.583,110,0,0,1338,24.136,24.136,20
9.52831,6.81126,0,6.81126,25.14,134.583,605,0,0,1339,24.1643,24.1643,20
9.5475,16.1469,0,16.1469,25.12,134.528,1249,0,0,1341,24.2349,24.2349,20
9.55289,0.6403,0,0.6403,25.12,134.528,110,0,0,1341,24.2349,24.2349,20
9.56969,13.9769,0,13.9769,25.1,134.474,1113,18,0,1343,24.2874,24.2874,20
9.58085,4.12125,0,4.12125,25.1,134.474,410,10,0,1344,24.2917,24.2917,20
9.58505,1.40481,0,1.40481,25.08,134.419,182,0,0,1344,24.2917,24.2917,20
9.61111,6.50715,0,6.50715,25.08,134.419,622,0,0,1346,24.2972,24.2972,20
9.61859,4.52616,0,4.52616,25.06,134.365,477,2,0,1347,24.3177,24.3177,20
9.63545,0.406831,0,0.406831,25.06,134.365,110,0,0,1347,24.3177,24.3177,20
9.64282,4.61448,0,4.61448,25.04,134.31,481,0,0,1349,24.3128,24.3128,20
9.66745,8.44772,0,8.44772,25.04,134.31,692,0,0,1351,24.3212,24.3212,20
9.67825,7.03259,0,7.03259,25.02,134.256,582,0,0,1352,24.3395,24.3395,20
9.69971,8.38318,0,8.38318,25.02,134.256,647,0,0,1353,24.371,24.371,20
9.70439,0.824793,0,0.824793,25,134.201,120,0,0,1353,24.371,24.371,20
9.72955,5.73845,0,5.73845,25,134.201,462,0,0,1354,24.3818,24.3818,20
9.99946,266.091,254.406,11.6852,24.98,134.147,28693,1149,0,1356,24.4204,24.4204,20
10.0078,4.53479,0,4.53479,24.96,134.092,479,0,0,1356,24.4204,24.4204,20
10.0312,7.64555,0,7.64555,24.96,134.092,716,0,0,1358,24.4389,24.4389,20
10.0436,9.1279,0,9.1279,24.94,134.038,831,8,0,1360,24.4706,24.4706,20
10.0685,13.5263,0,13.5263,24.94,134.038,1081,4,0,1362,24.5147,24.5147,20
10.0836,11.8016,0,11.8016,24.92,133.983,1019,27,0,1364,24.5579,24.5579,20
10.0964,4.07227,0,4.07227,24.92,133.983,465,0,0,1365,24.5656,24.5656,20
10.1013,1.61183,0,1.61183,24.9,133.929,210,0,0,1366,24.5542,24.5542,20
10.1296,9.25294,0,9.25294,24.9,133.929,815,2,0,1368,24.5782,24.5782,20
10.1373,4.4098,0,4.4098,24.88,133.874,410,4,0,1369,24.5814,24.5814,20
10.1609,7.50959,0,7.50959,24.88,133.874,713,2,0,1371,24.5974,24.5974,20
10.182,17.5941,0,17.5941,24.86,133.82,1310,4,0,1373,24.6555,24.6555,20
10.1908,5.70892,0,5.70892,24.84,133.765,602,0,0,1374,24.6776,24.6776,20
10.2155,9.91464,0,9.91464,24.84,133.765,794,2,0,1376,24.6911,24.6911,20
10.2255,6.89325,0,6.89325,24.82,133.711,586,0,0,1377,24.703,24.703,20
10.2528,13.5769,0,13.5769,24.82,133.711,1080,0,0,1379,24.7469,24.7469,20
10.2657,9.79998,0,9.79998,24.8,133.656,830,0,0,1381,24.7625,24.7625,20
10.2825,5.49069,0,5.49069,24.8,133.656,508,0,0,1382,24.7858,24.7858,20
10.2927,7.16915,0,7.16915,24.78,133.602,630,10,0,1383,24.8048,24.8048,20
10.3121,5.49271,0,5.49271,24.78,133.602,532,0,0,1384,24.8179,24.8179,20
10.3247,9.51054,0,9.51054,24.76,133.547,829,1,0,1386,24.8514,24.8514,20
10.3413,5.38365,0,5.38365,24.76,133.547,502,0,0,1387,24.8609,24.8609,20
10.3552,10.7015,0,10.7015,24.74,133.493,960,0,0,1388,24.9027,24.9027,20
10.3738,8.61791,0,8.61791,24.74,133.493,736,9,0,1390,24.9122,24.9122,20
10.3882,11.0106,0,11.0106,24.72,133.438,1027,0,0,1392,24.9555,24.9555,20
10.405,7.23594,0,7.23594,24.72,133.438,787,0,0,1394,24.9713,24.9713,20
10.4139,5.6248,0,5.6248,24.7,133.384,546,0,0,1396,24.9713,24.9713,20
10.4365,7.37816,0,7.37816,24.7,133.384,664,0,0,1397,25.0014,25.0014,20
10.4476,7.84937,0,7.84937,24.68,133.329,697,0,0,1398,25.0293,25.0293,20
10.4647,4.17352,0,4.17352,24.68,133.329,444,0,0,1399,25.0386,25.0386,20
10.4682,0.341511,0,0.341511,24.66,133.274,130,0,0,1399,25.0386,25.0386,20
10.492,3.43808,0,3.43808,24.66,133.274,344,2,0,1400,25.0514,25.0514,20
10.5017,5.84881,0,5.84881,24.64,133.22,500,0,0,1401,25.0607,25.0607,20
10.5166,0.496623,0,0.496623,24.64,133.22,120,0,0,1401,25.0607,25.0607,20
10.5248,5.03946,0,5.03946,24.62,133.165,463,0,0,1402,25.0685,25.0685,20
10.5531,12.2515,0,12.2515,24.62,133.165,1032,0,0,1404,25.1026,25.1026,20
10.5576,0.924705,0,0.924705,24.6,133.111,120,0,0,1404,25.1026,25.1026,20
10.5874,10.2736,0,10.2736,24.6,133.111,909,12,0,1406,25.1451,25.1451,20
10.6016,10.3532,0,10.3532,24.58,133.056,920,0,0,1407,25.1848,25.1848,20
10.6241,12.6338,0,12.6338,24.58,133.056,1080,2,0,1409,25.2165,25.2165,20
10.6379,10.2344,0,10.2344,24.56,133.002,870,0,0,1410,25.2511,25.2511,20
10.6541,5.85253,0,5.85253,24.56,133.002,518,0,0,1412,25.255,25.255,20
10.6636,5.68095,0,5.68095,24.54,132.947,530,0,0,1413,25.2654,25.2654,20
10.685,6.77438,0,6.77438,24.54,132.947,654,0,0,1414,25.3041,25.3041,20
10.6981,9.25641,0,9.25641,24.52,132.893,820,2,0,1416,25.3475,25.3475,20
10.7188,9.40307,0,9.40307,24.52,132.893,803,0,0,1418,25.3731,25.3731,20
10.7289,6.35899,0,6.35899,24.5,132.838,556,0,0,1419,25.3848,25.3848,20
10.7504,7.28291,0,7.28291,24.5,132.838,625,0,0,1420,25.4155,25.4155,20
10.9254,171.051,161.658,9.39291,24.48,132.784,16901,635,0,1422,25.4353,25.4353,20
10.9336,4.37184,0,4.37184,24.46,132.729,492,0,0,1423,25.4469,25.4469,20
10.9592,9.54998,0,9.54998,24.46,132.729,810,0,0,1425,25.466,25.466,20
10.9714,8.99052,0,8.99052,24.44,132.675,790,0,0,1426,25.4944,25.4944,20
10.9833,0.374001,0,0.374001,24.44,132.675,130,0,0,1426,25.4944,25.4944,20
10.9911,4.53783,0,4.53783,24.42,132.62,480,2,0,1427,25.5004,25.5004,20
11.021,14.4353,0,14.4353,24.42,132.62,1180,14,0,1429,25.5374,25.5374,20
11.0363,11.9387,0,11.9387,24.4,132.384,1002,0,0,1430,25.5839,25.5839,20
11.0553,10.3713,0,10.3713,24.4,132.384,866,0,0,1431,25.6184,25.6184,20
11.0721,13.3148,0,13.3148,24.38,132.33,1075,2,0,1433,25.6511,25.6511,20
11.0832,4.22369,0,4.22369,24.38,132.33,410,0,0,1434,25.652,25.652,20
11.0945,7.95092,0,7.95092,24.36,132.275,683,22,0,1435,25.6732,25.6732,20
11.1136,6.53358,0,6.53358,24.36,132.275,567,0,0,1436,25.6922,25.6922,20
11.1267,9.58796,0,9.58796,24.34,132.221,932,2,0,1438,25.717,25.717,20
11.1375,0.106214,0,0.106214,24.34,132.221,140,0,0,1438,25.717,25.717,20
11.1417,0.744333,0,0.744333,24.32,132.166,130,0,0,1438,25.717,25.717,20
11.1734,11.7144,0,11.7144,24.32,132.166,1029,0,0,1440,25.7514,25.7514,20
11.1802,3.62602,0,3.62602,24.3,132.112,392,1,0,1441,25.7523,25.7523,20
11.2033,6.28945,0,6.28945,24.3,132.112,591,0,0,1442,25.7732,25.7732,20
11.2159,9.31313,0,9.31313,24.28,132.057,850,2,0,1444,25.7867,25.7867,20
11.228,0.394051,0,0.394051,24.28,132.057,140,0,0,1444,25.7867,25.7867,20
11.239,7.66811,0,7.66811,24.26,132.003,680,0,0,1445,25.8062,25.8062,20
11.2532,0.845594,0,0.845594,24.26,132.003,140,0,0,1445,25.8062,25.8062,20
11.2627,6.35069,0,6.35069,24.24,131.948,598,4,0,1447,25.8051,25.8051,20
11.2889,11.7902,0,11.7902,24.24,131.948,1021,4,0,1449,25.8309,25.8309,20
11.3023,9.78136,0,9.78136,24.22,131.894,803,0,0,1451,25.8422,25.8422,20
11.321,8.14238,0,8.14238,24.22,131.894,760,0,0,1452,25.8671,25.8671,20
11.3371,12.3574,0,12.3574,24.2,131.839,1091,56,0,1453,25.9153,25.9153,20
11.352,6.86262,0,6.86262,24.2,131.839,594,0,0,1455,25.9285,25.9285,20
11.3629,7.36819,0,7.36819,24.18,131.785,690,0,0,1457,25.9382,25.9382,20
11.3819,6.00387,0,6.00387,24.18,131.785,499,0,0,1458,25.9575,25.9575,20
11.3915,6.02965,0,6.02965,24.16,131.73,542,0,0,1459,25.9698,25.9698,20
11.4198,13.7431,0,13.7431,24.16,131.73,1186,0,0,1461,26.0226,26.0226,20
11.4299,6.32926,0,6.32926,24.14,131.676,628,35,0,1462,26.0479,26.0479,20
11.4539,10.0549,0,10.0549,24.14,131.676,832,0,0,1464,26.0615,26.0615,20
11.4686,10.707,0,10.707,24.12,131.621,874,0,0,1466,26.0805,26.0805,20
11.4789,0.715525,0,0.715525,24.12,131.621,140,0,0,1466,26.0805,26.0805,20
11.4891,6.84554,0,6.84554,24.1,131.567,553,0,0,1467,26.1002,26.1002,20
11.51,7.3812,0,7.3812,24.1,131.567,620,2,0,1468,26.1151,26.1151,20
11.5135,0.055724,0,0.055724,24.08,131.512,140,0,0,1468,26.1151,26.1151,20
11.5411,7.17868,0,7.17868,24.08,131.512,665,0,0,1469,26.1457,26.1457,20
11.5559,11.8486,0,11.8486,24.06,131.458,885,0,0,1470,26.1803,26.1803,20
11.5663,1.19602,0,1.19602,24.06,131.458,130,0,0,1470,26.1803,26.1803,20
11.5848,15.63,0,15.63,24.04,131.403,1228,0,0,1472,26.2201,26.2201,20
11.5903,0.18543,0,0.18543,24.04,131.403,130,0,0,1472,26.2201,26.2201,20
11.61,16.7162,0,16.7162,24.02,131.349,1320,4,0,1474,26.2653,26.2653,20
11.623,9.25265,0,9.25265,24.02,131.349,780,0,0,1475,26.2915,26.2915,20
11.634,8.10919,0,8.10919,24,131.294,743,0,0,1477,26.3101,26.3101,20
11.6473,0.799137,0,0.799137,24,131.294,130,0,0,1477,26.3101,26.3101,20
11.6509,0.441769,0,0.441769,23.98,131.24,130,0,0,1477,26.3101,26.3101,20
11.6802,9.1539,0,9.1539,23.98,131.24,764,1,0,1479,26.33,26.33,20
11.6946,10.8368,0,10.8368,23.96,131.185,920,2,0,1481,26.3471,26.3471,20
11.7101,5.8976,0,5.8976,23.96,131.185,514,0,0,1482,26.3596,26.3596,20
11.7165,2.51924,0,2.51924,23.94,131.131,295,0,0,1483,26.356,26.356,20
11.7402,5.71704,0,5.71704,23.94,131.131,470,0,0,1484,26.3605,26.3605,20
11.7445,0.464198,0,0.464198,23.92,131.076,140,0,0,1484,26.3605,26.3605,20
11.7696,5.3075,0,5.3075,23.92,131.076,510,0,0,1485,26.3677,26.3677,20
11.7739,0.802857,0,0.802857,23.9,131.022,140,0,0,1485,26.3677,26.3677,20
11.8065,12.6307,0,12.6307,23.9,131.022,1024,4,0,1486,26.4132,26.4132,20
11.8211,10.8439,0,10.8439,23.88,130.967,933,43,0,1488,26.4388,26.4388,20
11.848,17.2714,0,17.2714,23.88,130.967,1425,19,0,1490,26.4899,26.4899,20
11.8649,13.3847,0,13.3847,23.86,130.913,1200,6,0,1492,26.5416,26.5416,20
11.8723,0.451239,0,0.451239,23.86,130.913,140,0,0,1492,26.5416,26.5416,20
11.8793,3.61194,0,3.61194,23.84,130.858,430,0,0,1493,26.5579,26.5579,20
11.9052,9.11384,0,9.11384,23.84,130.858,812,6,0,1495,26.5766,26.5766,20
11.9161,7.35457,0,7.35457,23.82,130.804,745,18,0,1496,26.6023,26.6023,20
11.9396,10.3858,0,10.3858,23.82,130.804,880,0,0,1498,26.6348,26.6348,20
11.9563,13.0493,0,13.0493,23.8,130.749,1115,6,0,1500,26.6873,26.6873,20
11.9699,6.69938,0,6.69938,23.8,130.749,641,0,0,1501,26.6922,26.6922,20
11.9827,9.30676,0,9.30676,23.78,130.694,800,0,0,1503,26.7039,26.7039,20
12.0009,6.39594,0,6.39594,23.78,130.694,604,0,0,1504,26.7188,26.7188,20
12.0113,7.1656,0,7.1656,23.76,130.64,714,0,0,1506,26.7231,26.7231,20
12.0262,1.07209,0,1.07209,23.76,130.64,140,0,0,1506,26.7231,26.7231,20
12.0408,11.2587,0,11.2587,23.74,130.585,961,4,0,1508,26.7619,26.7619,20
12.0605,9.86859,0,9.86859,23.74,130.585,722,2,0,1509,26.7833,26.7833,20
12.0662,2.05343,0,2.05343,23.72,130.531,222,0,0,1509,26.7833,26.7833,20
12.0944,9.46376,0,9.46376,23.72,130.531,884,0,0,1511,26.7988,26.7988,20
12.1094,11.4444,0,11.4444,23.7,130.476,980,193,0,1512,26.836,26.836,20
12.1205,1.58037,0,1.58037,23.7,130.476,278,0,0,1513,26.8315,26.8315,20
12.1315,7.45849,0,7.45849,23.68,130.422,626,0,0,1514,26.8461,26.8461,20
12.1558,11.0265,0,11.0265,23.68,130.422,988,0,0,1515,26.8858,26.8858,20
12.1666,7.14385,0,7.14385,23.66,130.367,660,0,0,1516,26.9017,26.9017,20
12.1877,7.38236,0,7.38236,23.66,130.367,687,6,0,1517,26.9209,26.9209,20
12.204,12.593,0,12.593,23.64,130.313,940,4,0,1519,26.9375,26.9375,20
12.213,0.811852,0,0.811852,23.64,130.313,150,0,0,1519,26.9375,26.9375,20
12.2269,10.5907,0,10.5907,23.62,130.258,914,0,0,1520,26.973,26.973,20
12.2466,9.57658,0,9.57658,23.62,130.258,850,20,0,1521,27.0013,27.0013,20
12.2602,9.96372,0,9.96372,23.6,130.204,888,2,0,1523,27.0223,27.0223,20
12.2822,11.4342,0,11.4342,23.6,130.204,1031,4,0,1525,27.0492,27.0492,20
12.2991,12.9632,0,12.9632,23.58,130.149,1169,16,0,1527,27.0845,27.0845,20
12.3234,16.8597,0,16.8597,23.58,130.149,1297,16,0,1529,27.1426,27.1426,20
12.3308,3.98422,0,3.98422,23.56,130.095,450,2,0,1530,27.1444,27.1444,20
12.353,5.24853,0,5.24853,23.56,130.095,520,0,0,1531,27.1509,27.1509,20
12.3628,6.24623,0,6.24623,23.54,130.04,622,0,0,1533,27.1631,27.1631,20
12.3824,4.95563,0,4.95563,23.54,130.04,463,0,0,1534,27.1669,27.1669,20
12.3929,6.66053,0,6.66053,23.52,129.986,562,0,0,1535,27.1824,27.1824,20
12.4118,4.64968,0,4.64968,23.52,129.986,430,0,0,1536,27.1829,27.1829,20
12.4205,5.05576,0,5.05576,23.5,129.931,509,6,0,1537,27.1991,27.1991,20
12.439,3.04539,0,3.04539,23.5,129.931,371,0,0,1538,27.2022,27.2022,20
12.4521,9.27219,0,9.27219,23.48,129.877,860,21,0,1539,27.2281,27.2281,20
12.4635,0.152542,0,0.152542,23.48,128.394,150,0,0,1539,27.2281,27.2281,20
12.4748,7.90961,0,7.90961,23.46,128.34,696,24,0,1541,27.233,27.233,20
12.4946,6.63638,0,6.63638,23.46,128.34,660,0,0,1542,27.2484,27.2484,20
12.4985,0.570742,0,0.570742,23.44,128.285,150,0,0,1542,27.2484,27.2484,20
12.5296,10.5947,0,10.5947,23.44,128.285,928,8,0,1543,27.2897,27.2897,20
12.5357,2.80387,0,2.80387,23.42,128.231,370,0,0,1544,27.3038,27.3038,20
12.5549,0.856543,0,0.856543,23.42,128.231,150,0,0,1544,27.3038,27.3038,20
12.5604,2.10673,0,2.10673,23.4,128.176,310,0,0,1545,27.2977,27.2977,20
12.5939,14.5034,0,14.5034,23.4,128.176,1084,0,0,1547,27.3368,27.3368,20
12.601,3.61233,0,3.61233,23.38,128.122,382,0,0,1547,27.3368,27.3368,20
12.6247,6.29795,0,6.29795,23.38,128.122,610,8,0,1548,27.3488,27.3488,20
12.6395,11.4926,0,11.4926,23.36,128.067,997,0,0,1550,27.371,27.371,20
12.6537,4.69673,0,4.69673,23.36,128.067,520,15,0,1551,27.3868,27.3868,20
12.6685,11.3121,0,11.3121,23.34,128.013,945,0,0,1553,27.4198,27.4198,20
12.6823,4.01253,0,4.01253,23.34,128.013,420,4,0,1554,27.4196,27.4196,20
12.6922,6.53463,0,6.53463,23.32,127.958,660,0,0,1555,27.4437,27.4437,20
12.7156,8.85784,0,8.85784,23.32,127.958,839,0,0,1557,27.4618,27.4618,20
12.7344,15.3244,0,15.3244,23.3,127.904,1240,0,0,1559,27.4965,27.4965,20
12.7489,8.88885,0,8.88885,23.3,127.904,813,0,0,1560,27.5218,27.5218,20
12.7594,7.18695,0,7.18695,23.28,127.849,709,6,0,1561,27.5407,27.5407,20
12.7739,0.487124,0,0.487124,23.28,127.849,150,0,0,1561,27.5407,27.5407,20
12.7839,6.71113,0,6.71113,23.26,127.795,687,0,0,1562,27.5551,27.5551,20
12.8049,7.29413,0,7.29413,23.26,127.795,602,6,0,1563,27.5669,27.5669,20
12.8216,12.7956,0,12.7956,23.24,127.74,1111,0,0,1565,27.6064,27.6064,20
12.8376,8.85531,0,8.85531,23.24,127.74,777,0,0,1566,27.6201,27.6201,20
12.8468,5.2829,0,5.2829,23.22,127.686,537,10,0,1567,27.628,27.628,20
12.8702,8.79679,0,8.79679,23.22,127.686,804,86,0,1568,27.6524,27.6524,20
12.8809,6.85765,0,6.85765,23.2,127.631,630,26,0,1569,27.6654,27.6654,20
12.9088,14.8389,0,14.8389,23.2,127.631,1264,0,0,1571,27.704,27.704,20
12.9201,7.52012,0,7.52012,23.18,127.577,720,0,0,1572,27.7226,27.7226,20
12.9396,6.07372,0,6.07372,23.18,127.577,656,2,0,1573,27.74,27.74,20
12.9541,11.1326,0,11.1326,23.16,127.522,1056,0,0,1575,27.7778,27.7778,20
12.9709,7.03716,0,7.03716,23.16,127.522,779,0,0,1576,27.7855,27.7855,20
12.9798,5.14604,0,5.14604,23.14,127.467,550,0,0,1577,27.7933,27.7933,20
13.0034,7.49736,0,7.49736,23.14,127.467,689,0,0,1578,27.8137,27.8137,20
13.0137,6.39945,0,6.39945,23.12,127.413,658,12,0,1579,27.8417,27.8417,20
13.0393,11.709,0,11.709,23.12,127.413,993,0,0,1581,27.8621,27.8621,20
13.0554,12.1547,0,12.1547,23.1,127.358,1033,2,0,1583,27.8958,27.8958,20
13.0795,15.8175,0,15.8175,23.1,127.358,1382,8,0,1585,27.9413,27.9413,20
13.0968,13.34,0,13.34,23.08,127.304,1034,93,0,1587,27.9855,27.9855,20
13.1116,7.91955,0,7.91955,23.08,127.304,650,4,0,1588,28,28,20
13.1301,14.9254,0,14.9254,23.06,127.249,1265,0,0,1590,28.0434,28.0434,20
13.1468,10.7931,0,10.7931,23.06,127.249,935,14,0,1591,28.0798,28.0798,20
13.1638,13.3301,0,13.3301,23.04,127.195,1100,28,0,1593,28.1048,28.1048,20
13.1876,16.0597,0,16.0597,23.04,127.195,1351,0,0,1595,28.1687,28.1687,20
13.1946,3.53752,0,3.53752,23.02,127.14,397,0,0,1595,28.1687,28.1687,20
13.2199,7.92548,0,7.92548,23.02,127.14,736,0,0,1596,28.1892,28.1892,20
13.2301,6.76255,0,6.76255,23,127.086,696,0,0,1597,28.2217,28.2217,20
13.2446,0.450771,0,0.450771,23,127.086,130,0,0,1597,28.2217,28.2217,20
13.2579,9.54084,0,9.54084,22.98,127.031,949,4,0,1599,28.2502,28.2502,20
13.2703,1.14191,0,1.14191,22.98,127.031,153,0,0,1599,28.2502,28.2502,20
13.2841,10.5644,0,10.5644,22.96,126.977,960,1,0,1601,28.2811,28.2811,20
13.2973,3.11934,0,3.11934,22.96,126.977,360,0,0,1602,28.2784,28.2784,20
13.313,11.8781,0,11.8781,22.94,126.922,907,70,0,1603,28.3094,28.3094,20
13.3279,6.27664,0,6.27664,22.94,126.922,585,8,0,1604,28.3292,28.3292,20
13.3422,10.4809,0,10.4809,22.92,126.868,833,0,0,1606,28.3481,28.3481,20
13.3587,6.47583,0,6.47583,22.92,126.868,648,0,0,1607,28.3684,28.3684,20
13.367,4.4222,0,4.4222,22.9,126.813,459,0,0,1608,28.3825,28.3825,20
13.3909,7.97623,0,7.97623,22.9,126.813,752,0,0,1609,28.4164,28.4164,20
13.4057,11.0713,0,11.0713,22.88,126.759,870,0,0,1610,28.4441,28.4441,20
13.4205,5.62829,0,5.62829,22.88,126.759,545,0,0,1611,28.4655,28.4655,20
13.4243,0.36697,0,0.36697,22.86,126.704,140,0,0,1611,28.4655,28.4655,20
13.4562,11.0381,0,11.0381,22.86,126.704,1011,12,0,1612,28.5074,28.5074,20
13.4671,7.05032,0,7.05032,22.84,126.65,651,0,0,1613,28.5294,28.5294,20
13.4984,18.1483,0,18.1483,22.84,126.65,1525,4,0,1615,28.5833,28.5833,20
13.5082,5.41348,0,5.41348,22.82,126.595,549,0,0,1616,28.5903,28.5903,20
13.5388,15.735,0,15.735,22.82,126.595,1340,0,0,1618,28.644,28.644,20
13.5502,7.32576,0,7.32576,22.8,126.541,766,0,0,1619,28.6584,28.6584,20
13.5759,12.057,0,12.057,22.8,126.541,1042,4,0,1621,28.6841,28.6841,20
13.5947,15.086,0,15.086,22.78,126.486,1313,0,0,1623,28.7314,28.7314,20
13.6123,11.8938,0,11.8938,22.78,126.486,943,0,0,1624,28.7672,28.7672,20
13.63,14.0004,0,14.0004,22.76,126.432,1139,0,0,1626,28.8063,28.8063,20
13.6377,0.711048,0,0.711048,22.76,126.432,160,0,0,1626,28.8063,28.8063,20
13.6529,11.6208,0,11.6208,22.74,126.369,970,2,0,1627,28.839,28.839,20
13.6687,6.57801,0,6.57801,22.74,126.369,612,1,0,1628,28.8495,28.8495,20
13.675,2.51288,0,2.51288,22.72,126.293,280,0,0,1629,28.8392,28.8392,20
13.7018,8.40474,0,8.40474,22.72,126.293,692,0,0,1630,28.8558,28.8558,20
13.7096,3.96516,0,3.96516,22.7,126.218,488,0,0,1631,28.862,28.862,20
13.7327,6.29164,0,6.29164,22.7,126.218,590,0,0,1632,28.8701,28.8701,20
13.7413,4.61741,0,4.61741,22.68,126.142,517,0,0,1633,28.8849,28.8849,20
13.7704,13.414,0,13.414,22.68,126.142,1084,10,0,1635,28.9174,28.9174,20
14.5193,744.526,727.178,17.3482,22.66,126.066,68906,1607,0,1637,28.967,28.967,20
14.5364,11.0186,0,11.0186,22.64,123.165,1224,0,0,1639,28.9951,28.9951,20
14.5655,20.0645,0,20.0645,22.64,123.165,1726,6,0,1641,29.0469,29.0469,20
14.5809,10.3096,0,10.3096,22.62,122.96,1172,0,0,1642,29.0822,29.0822,20
14.5985,7.54029,0,7.54029,22.62,122.96,845,0,0,1643,29.0974,29.0974,20
14.6125,9.39655,0,9.39655,22.6,122.755,930,1,0,1644,29.1204,29.1204,20
14.6295,5.63403,0,5.63403,22.6,122.755,793,0,0,1645,29.1362,29.1362,20
14.6381,3.85034,0,3.85034,22.58,122.55,566,9,0,1646,29.1361,29.1361,20
14.6629,10.2154,0,10.2154,22.58,122.55,753,0,0,1647,29.1627,29.1627,20
14.6724,6.94663,0,6.94663,22.56,122.345,443,274,0,1648,29.1705,29.1705,20
14.6974,11.4478,0,11.4478,22.56,122.345,908,2,0,1650,29.1915,29.1915,20
14.7062,6.27711,0,6.27711,22.54,122.14,535,0,0,1651,29.2108,29.2108,20
14.7254,4.78402,0,4.78402,22.54,122.14,324,0,0,1652,29.2113,29.2113,20
14.7354,7.51496,0,7.51496,22.52,121.935,584,2,0,1653,29.2275,29.2275,20
14.7488,0.325682,0,0.325682,22.52,121.935,24,0,0,1653,29.2275,29.2275,20
14.7632,11.6303,0,11.6303,22.5,121.73,884,0,0,1655,29.2441,29.2441,20
14.7812,9.34548,0,9.34548,22.5,121.73,594,2,0,1656,29.2609,29.2609,20
14.7975,13.1433,0,13.1433,22.48,121.525,1028,4,0,1658,29.2943,29.2943,20
14.8149,10.5141,0,10.5141,22.48,121.525,765,6,0,1660,29.3042,29.3042,20
14.8241,6.08053,0,6.08053,22.46,121.32,561,1,0,1661,29.3221,29.3221,20
14.8482,10.1394,0,10.1394,22.46,121.32,764,0,0,1662,29.349,29.349,20
14.852,0.626883,0,0.626883,22.44,121.115,44,0,0,1662,29.349,29.349,20
14.8725,0.993166,0,0.993166,22.44,121.115,44,0,0,1662,29.349,29.349,20
14.8917,16.5062,0,16.5062,22.42,120.91,1213,13,0,1664,29.3882,29.3882,20
14.9069,10.9041,0,10.9041,22.42,120.91,794,0,0,1665,29.4156,29.4156,20
14.9147,5.25273,0,5.25273,22.4,120.705,482,1,0,1666,29.4286,29.4286,20
14.9305,0.11869,0,0.11869,22.4,120.705,44,0,0,1666,29.4286,29.4286,20
14.9474,14.2712,0,14.2712,22.38,120.5,1245,34,0,1668,29.4802,29.4802,20
14.9542,0.078763,0,0.078763,22.38,120.5,44,0,0,1668,29.4802,29.4802,20
14.966,9.03113,0,9.03113,22.36,120.295,858,0,0,1670,29.4982,29.4982,20
14.9867,8.68371,0,8.68371,22.36,120.295,724,5,0,1671,29.5302,29.5302,20
14.9902,0.716276,0,0.716276,22.34,120.09,64,0,0,1671,29.5302,29.5302,20
15.0155,5.69562,0,5.69562,22.34,120.09,500,0,0,1672,29.5407,29.5407,20
15.0305,11.7447,0,11.7447,22.32,119.885,996,12,0,1674,29.5615,29.5615,20
15.0528,14.2071,0,14.2071,22.32,119.885,1145,1,0,1676,29.5961,29.5961,20
15.0619,5.90009,0,5.90009,22.3,119.68,471,0,0,1677,29.6035,29.6035,20
15.0896,12.7482,0,12.7482,22.3,119.68,995,3,0,1679,29.6444,29.6444,20
15.1013,8.99364,0,8.99364,22.28,119.475,782,0,0,1681,29.6526,29.6526,20
15.1295,16.0215,0,16.0215,22.28,119.475,1334,0,0,1683,29.7035,29.7035,20
15.1338,1.21224,0,1.21224,22.26,119.271,74,0,0,1683,29.7035,29.7035,20
15.1642,10.6317,0,10.6317,22.26,119.271,888,0,0,1684,29.7447,29.7447,20
15.1886,21.2988,0,21.2988,22.24,119.066,1644,38,0,1686,29.8025,29.8025,20
15.2083,16.7251,0,16.7251,22.22,118.861,1224,11,0,1688,29.8501,29.8501,20
15.2145,2.63102,0,2.63102,22.2,118.656,228,0,0,1689,29.8461,29.8461,20
15.2322,0.131516,0,0.131516,22.2,118.656,74,0,0,1689,29.8461,29.8461,20
15.2424,7.15288,0,7.15288,22.18,118.451,714,0,0,1690,29.8633,29.8633,20
15.2568,0.409976,0,0.409976,22.18,118.451,75,0,0,1690,29.8633,29.8633,20
15.2789,19.2352,0,19.2352,22.16,118.246,1602,2,0,1692,29.9249,29.9249,20
16.0867,804.396,798.388,6.00831,22.14,118.041,77517,1798,0,1693,29.9327,29.9327,20
16.1065,15.9381,0,15.9381,22.12,116.878,1238,0,0,1695,29.9681,29.9681,20
16.1198,9.10368,0,9.10368,22.12,116.878,805,2,0,1697,29.9747,29.9747,20
16.1291,6.49916,0,6.49916,22.1,116.495,585,8,0,1699,29.9706,29.9706,20
16.1444,0.782649,0,0.782649,22.1,116.495,95,0,0,1699,29.9706,29.9706,20
16.1645,17.2364,0,17.2364,22.08,116.112,1377,0,0,1701,30.0253,30.0253,20
16.1727,4.8606,0,4.8606,22.06,115.728,460,0,0,1702,30.0405,30.0405,20
16.2009,13.1819,0,13.1819,22.06,115.728,1154,6,0,1704,30.0757,30.0757,20
16.2185,14.2127,0,14.2127,22.04,115.345,1149,0,0,1706,30.1026,30.1026,20
16.2324,7.92586,0,7.92586,22.04,115.345,714,0,0,1707,30.1277,30.1277,20
16.2394,3.7742,0,3.7742,22.02,114.962,451,2,0,1708,30.13,30.13,20
16.266,10.1778,0,10.1778,22.02,114.962,818,0,0,1709,30.151,30.151,20
16.2837,14.2461,0,14.2461,22,114.578,1243,8,0,1711,30.2011,30.2011,20
16.2936,3.86273,0,3.86273,22,114.578,456,3,0,1712,30.2079,30.2079,20
16.3012,4.56274,0,4.56274,21.98,114.195,403,0,0,1713,30.2078,30.2078,20
16.3277,10.2226,0,10.2226,21.98,114.195,807,4,0,1714,30.2316,30.2316,20
16.3456,14.2882,0,14.2882,21.96,113.812,1180,3,0,1716,30.2576,30.2576,20
16.3548,3.62447,0,3.62447,21.96,113.812,452,0,0,1717,30.2603,30.2603,20
16.3646,6.78537,0,6.78537,21.94,113.428,683,6,0,1719,30.2723,30.2723,20
16.3936,14.4801,0,14.4801,21.94,113.428,1373,12,0,1721,30.3184,30.3184,20
16.4025,4.98496,0,4.98496,21.92,113.045,594,0,0,1722,30.3351,30.3351,20
16.4184,0.675203,0,0.675203,21.92,113.045,170,0,0,1722,30.3351,30.3351,20
16.4232,0.792917,0,0.792917,21.9,112.662,180,0,0,1722,30.3351,30.3351,20
16.4613,17.9387,0,17.9387,21.9,112.662,1619,6,0,1724,30.3939,30.3939,20
16.4681,2.69728,0,2.69728,21.88,112.279,397,5,0,1725,30.3867,30.3867,20
16.4943,8.45288,0,8.45288,21.88,112.279,812,2,0,1727,30.3914,30.3914,20
16.4996,0.986876,0,0.986876,21.86,111.895,205,0,0,1727,30.3914,30.3914,20
16.5217,2.82707,0,2.82707,21.86,111.895,363,3,0,1728,30.3889,30.3889,20
16.9737,447.899,434.023,13.8756,21.84,111.512,51854,1310,0,1730,30.4364,30.4364,20
16.9847,7.38349,0,7.38349,21.82,111.129,728,2,0,1731,30.4749,30.4749,20
17.0048,6.77349,0,6.77349,21.82,111.129,693,0,0,1732,30.4936,30.4936,20
17.0102,2.19936,0,2.19936,21.8,110.745,337,0,0,1733,30.4864,30.4864,20
17.0322,2.93443,0,2.93443,21.8,110.745,397,8,0,1734,30.4862,30.4862,20
17.0376,1.89795,0,1.89795,21.78,110.362,251,0,0,1734,30.4862,30.4862,20
17.0678,11.5231,0,11.5231,21.78,110.362,1204,12,0,1736,30.5173,30.5173,20
17.0797,7.9911,0,7.9911,21.76,109.979,789,1,0,1738,30.519,30.519,20
17.0971,4.3951,0,4.3951,21.76,109.979,496,0,0,1739,30.5319,30.5319,20
17.1074,6.77327,0,6.77327,21.74,109.595,688,6,0,1741,30.529,30.529,19.9988
17.1289,7.53959,0,7.53959,21.74,109.595,749,3,0,1743,30.5313,30.5313,19.9938
17.1419,8.63446,0,8.63446,21.72,109.212,900,0,0,1744,30.5568,30.5568,19.9913
17.1549,1.24348,0,1.24348,21.72,109.212,216,0,0,1744,30.5568,30.5568,19.9889
17.1596,0.512772,0,0.512772,21.7,108.829,221,0,0,1744,30.5568,30.5568,19.9889
17.1917,12.0468,0,12.0468,21.7,108.829,1123,0,0,1746,30.5785,30.5785,19.9864
17.2047,9.9687,0,9.9687,21.68,108.446,704,0,0,1747,30.6079,30.6079,19.9839
17.2221,7.65768,0,7.65768,21.68,108.446,683,0,0,1748,30.6362,30.6362,19.9814
17.2405,15.3473,0,15.3473,21.66,108.062,1262,1,0,1750,30.6806,30.6806,19.9765
17.2577,12.8256,0,12.8256,21.66,108.062,984,2,0,1752,30.7049,30.7049,19.9715
17.267,6.34415,0,6.34415,21.64,107.679,571,8,0,1753,30.7216,30.7216,19.9666
17.2863,5.68291,0,5.68291,21.64,107.679,405,2,0,1754,30.7263,30.7263,19.9641
17.2896,0.274925,0,0.274925,21.62,107.296,27,0,0,1754,30.7263,30.7263,19.9641
17.3138,4.65224,0,4.65224,21.62,107.296,307,0,0,1755,30.7248,30.7248,19.9641
17.3277,11.1441,0,11.1441,21.6,106.912,847,69,0,1756,30.7517,30.7534,19.9592
17.3415,3.89177,0,3.89177,21.6,106.912,307,1,0,1757,30.7501,30.7518,19.9592
17.3558,11.3357,0,11.3357,21.58,106.529,989,8,0,1759,30.7823,30.784,19.9543
17.3661,0.683571,0,0.683571,21.58,106.529,27,0,0,1759,30.7823,30.784,19.9518
17.3731,4.51774,0,4.51774,21.56,106.146,315,1,0,1760,30.796,30.7977,19.9494
17.4036,14.0306,0,14.0306,21.56,106.146,1097,23,0,1762,30.8218,30.8235,19.9469
17.4156,9.00066,0,9.00066,21.54,105.762,689,8,0,1764,30.8356,30.8373,19.942
17.4367,9.14311,0,9.14311,21.54,105.762,657,0,0,1766,30.8358,30.8375,19.9371
17.4475,7.77028,0,7.77028,21.52,105.379,740,16,0,1767,30.863,30.8647,19.9347
17.4667,6.13008,0,6.13008,21.52,105.379,442,0,0,1768,30.8688,30.8705,19.9298
17.4746,5.05344,0,5.05344,21.5,104.996,342,0,0,1769,30.8689,30.8705,19.9274
17.4911,0.660623,0,0.660623,21.5,104.996,32,0,0,1769,30.8689,30.8705,19.9274
17.4948,0.98706,0,0.98706,21.48,104.613,41,0,0,1769,30.8689,30.8705,19.9274
17.5377,23.4892,0,23.4892,21.48,104.613,1704,10,0,1771,30.9345,30.9373,19.9249
17.5555,14.5556,0,14.5556,21.46,104.229,1281,5,0,1773,30.9814,30.9842,19.92
17.5696,7.94811,0,7.94811,21.46,104.229,619,10,0,1775,30.9814,30.9842,19.9152
17.5879,15.4326,0,15.4326,21.44,103.846,1265,0,0,1777,31.0208,31.0236,19.9103
17.6104,16.923,0,16.923,21.44,103.846,1351,18,0,1779,31.0703,31.0736,19.9055
17.6138,0.530913,0,0.530913,21.42,103.463,46,0,0,1779,31.0703,31.0736,19.903
17.6346,0.413833,0,0.413833,21.42,103.463,46,0,0,1779,31.0703,31.0736,19.903
17.6469,9.59288,0,9.59288,21.4,103.079,904,0,0,1781,31.0904,31.0938,19.9006
17.6745,16.1541,0,16.1541,21.4,103.079,1208,21,0,1783,31.1301,31.1335,19.8958
17.6919,14.5125,0,14.5125,21.38,102.696,1240,1,0,1785,31.1731,31.1765,19.8909
17.7038,5.45697,0,5.45697,21.38,102.696,527,6,0,1786,31.1926,31.196,19.8885
17.7246,18.0703,0,18.0703,21.36,102.313,1403,4,0,1788,31.2483,31.2517,19.8837
17.7343,6.13523,0,6.13523,21.34,101.929,406,0,0,1789,31.251,31.2543,19.8789
17.7638,15.6843,0,15.6843,21.34,101.929,1143,2,0,1791,31.2887,31.2926,19.8765
17.776,8.62909,0,8.62909,21.32,101.546,889,3,0,1793,31.304,31.3079,19.8717
17.796,8.1149,0,8.1149,21.32,101.546,702,2,0,1794,31.3266,31.3305,19.8693
17.8182,18.9581,0,18.9581,21.3,101.163,1664,18,0,1796,31.387,31.3909,19.8645
17.8294,7.63655,0,7.63655,21.28,100.78,598,0,0,1797,31.4085,31.4124,19.8621
17.8425,0.551071,0,0.551071,21.28,100.78,66,0,0,1797,31.4085,31.4124,19.8597
17.8506,4.97482,0,4.97482,21.26,100.396,411,0,0,1798,31.4105,31.4143,19.8573
17.8739,7.25181,0,7.25181,21.26,100.396,653,0,0,1799,31.4263,31.4302,19.8573
17.8824,5.6405,0,5.6405,21.24,100.013,510,0,0,1800,31.43,31.4339,19.8549
17.9096,11.7527,0,11.7527,21.24,100.013,1076,1,0,1802,31.4617,31.4656,19.8501
17.9209,8.27876,0,8.27876,21.22,99.6296,745,8,0,1804,31.4745,31.4784,19.8453
17.9414,7.4886,0,7.4886,21.22,99.6296,764,6,0,1805,31.497,31.5008,19.8406
17.9586,14.1655,0,14.1655,21.2,99.2463,1051,168,0,1806,31.5172,31.5277,19.8406
17.9755,9.91355,0,9.91355,21.2,99.2463,878,4,0,1807,31.5457,31.5562,19.8382
17.9841,5.43668,0,5.43668,21.18,98.863,507,3,0,1808,31.5597,31.5702,19.8334
18.0102,10.4448,0,10.4448,21.18,98.863,994,1,0,1810,31.5768,31.5873,19.8311
18.0221,7.64023,0,7.64023,21.16,98.4797,693,1,0,1811,31.5986,31.6091,19.8263
18.0413,7.21041,0,7.21041,21.16,98.4797,587,0,0,1812,31.6087,31.6192,19.8239
18.0583,13.284,0,13.284,21.14,98.0964,1050,0,0,1813,31.6453,31.6558,19.8239
18.0768,10.8845,0,10.8845,21.14,98.0964,926,6,0,1815,31.6562,31.6667,19.8192
18.0916,10.6113,0,10.6113,21.12,97.7131,964,3,0,1817,31.6874,31.6979,19.8145
18.1056,4.35588,0,4.35588,21.12,97.7131,470,0,0,1818,31.6903,31.7008,19.8098
18.1098,0.388049,0,0.388049,21.1,97.3298,110,0,0,1818,31.6903,31.7008,19.8098
18.1331,2.78156,0,2.78156,21.1,97.3298,402,2,0,1819,31.6905,31.7009,19.8098
18.1503,13.6057,0,13.6057,21.08,96.9465,1126,0,0,1821,31.7177,31.7282,19.805
18.1784,20.5245,0,20.5245,21.08,96.9465,1655,0,0,1823,31.7674,31.7778,19.8003
18.1842,1.66685,0,1.66685,21.06,96.5632,260,1,0,1824,31.7577,31.7681,19.798
18.2171,14.2267,0,14.2267,21.06,96.5632,1192,6,0,1826,31.7848,31.7957,19.7933
18.2337,12.5809,0,12.5809,21.04,96.1799,1242,0,0,1828,31.8156,31.8266,19.7886
18.2418,0.293627,0,0.293627,21.04,96.1799,125,0,0,1828,31.8156,31.8266,19.7862
18.2511,5.30851,0,5.30851,21.02,95.7966,615,0,0,1829,31.8256,31.8365,19.7839
18.2799,13.8517,0,13.8517,21.02,95.7966,1084,0,0,1830,31.8536,31.8645,19.7815
18.2947,10.6653,0,10.6653,21,95.4133,1059,0,0,1832,31.8957,31.9067,19.7792
18.3124,8.21608,0,8.21608,21,95.4133,795,0,0,1833,31.9274,31.9384,19.7768
18.331,14.4761,0,14.4761,20.98,95.03,1213,3,0,1835,31.9766,31.9869,19.7722
18.3456,9.0061,0,9.0061,20.98,95.03,762,1,0,1836,32.0054,32.0158,19.7698
18.3606,11.1656,0,11.1656,20.96,94.6467,909,15,0,1838,32.0169,32.0272,19.7652
18.3823,12.5606,0,12.5606,20.96,94.6467,975,2,0,1840,32.0288,32.0391,19.7605
18.401,14.9398,0,14.9398,20.94,94.2634,1331,6,0,1842,32.0798,32.0901,19.7559
18.4135,7.24514,0,7.24514,20.94,94.2634,732,5,0,1844,32.083,32.0933,19.7512
18.4276,10.8743,0,10.8743,20.92,93.8801,884,16,0,1845,32.1079,32.1149,19.7466
18.4375,0.628632,0,0.628632,20.92,93.8801,100,0,0,1845,32.1079,32.1149,19.7466
18.4531,12.1551,0,12.1551,20.9,93.4968,1100,0,0,1847,32.131,32.1381,19.7442
18.4618,0.184793,0,0.184793,20.9,93.4968,105,0,0,1847,32.131,32.1381,19.7419
18.4665,1.03937,0,1.03937,20.88,93.1135,110,0,0,1847,32.131,32.1381,19.7419
18.4895,3.0637,0,3.0637,20.88,93.1135,338,0,0,1847,32.131,32.1381,19.7419
18.5109,17.7399,0,17.7399,20.86,92.7302,1542,1,0,1849,32.1833,32.1904,19.7396
18.5194,4.59985,0,4.59985,20.84,92.3469,530,3,0,1850,32.1995,32.2065,19.735
18.5355,0.413993,0,0.413993,20.84,92.3469,130,0,0,1850,32.1995,32.2065,19.735
19.378,838.898,838.065,0.832553,20.82,91.9636,96351,2023,0,1850,31.8778,31.9243,19.735
19.396,14.1448,0,14.1448,20.8,104.478,1174,7,0,1852,31.9093,31.9557,19.7327
19.4187,16.1978,0,16.1978,20.8,104.478,1527,14,0,1854,31.9649,32.0113,19.7281
19.429,6.67208,0,6.67208,20.78,104.095,659,4,0,1855,31.9892,32.0356,19.7234
19.4574,14.0486,0,14.0486,20.78,104.095,1139,8,0,1857,32.0172,32.0635,19.7211
19.473,11.9973,0,11.9973,20.76,103.711,1134,1,0,1859,32.0425,32.0888,19.7165
19.4911,9.13046,0,9.13046,20.76,103.711,683,0,0,1860,32.0554,32.1016,19.7142
19.5083,13.657,0,13.657,20.74,103.328,1262,25,0,1862,32.0859,32.1327,19.7096
19.5202,4.37095,0,4.37095,20.74,103.328,518,8,0,1863,32.0918,32.1385,19.705
19.5286,4.99345,0,4.99345,20.72,102.945,518,1,0,1864,32.1003,32.147,19.7028
19.5515,6.7957,0,6.7957,20.72,102.945,623,0,0,1865,32.1019,32.1485,19.7005
19.5635,8.19025,0,8.19025,20.7,102.562,804,4,0,1867,32.1034,32.1505,19.6982
19.5775,1.01422,0,1.01422,20.7,102.562,124,0,0,1867,32.1034,32.1505,19.6959
19.5881,6.89107,0,6.89107,20.68,102.178,682,0,0,1868,32.1065,32.1536,19.6936
19.6136,11.3966,0,11.3966,20.68,102.178,953,6,0,1869,32.137,32.1846,19.6936
19.6258,8.25455,0,8.25455,20.66,101.795,671,0,0,1870,32.1503,32.1979,19.689
19.6504,11.718,0,11.718,20.66,101.795,1020,0,0,1872,32.1709,32.2185,19.6867
19.6656,11.526,0,11.526,20.64,101.412,1106,2,0,1873,32.2072,32.2547,19.6845
19.6817,6.61253,0,6.61253,20.64,101.412,618,1,0,1874,32.2188,32.2663,19.6822
19.6935,8.11297,0,8.11297,20.62,101.028,949,7,0,1876,32.2303,32.2777,19.6776
19.7172,10.6196,0,10.6196,20.62,101.028,911,0,0,1877,32.2632,32.3106,19.6731
19.7238,2.89416,0,2.89416,20.6,100.645,320,0,0,1878,32.2556,32.303,19.6731
19.7498,7.95359,0,7.95359,20.6,100.645,919,0,0,1879,32.2853,32.3326,19.6685
19.759,5.29411,0,5.29411,20.58,100.262,623,2,0,1880,32.3032,32.3505,19.6685
19.786,11.5653,0,11.5653,20.58,100.262,913,0,0,1881,32.3317,32.3791,19.664
19.7963,6.61603,0,6.61603,20.56,99.8785,538,2,0,1882,32.3411,32.3884,19.664
19.8244,13.5049,0,13.5049,20.56,99.8785,1249,0,0,1884,32.3662,32.4135,19.6595
19.829,0.537456,0,0.537456,20.54,99.4952,142,0,0,1884,32.3662,32.4135,19.6572
19.8567,6.98675,0,6.98675,20.54,99.4952,706,2,0,1885,32.3809,32.4271,19.6572
19.8731,12.2962,0,12.2962,20.52,99.1119,1031,0,0,1886,32.412,32.4581,19.655
19.8924,10.642,0,10.642,20.52,99.1119,947,0,0,1887,32.4372,32.4833,19.6504
19.9008,4.21525,0,4.21525,20.5,98.7286,521,5,0,1888,32.4417,32.4878,19.6482
19.9265,9.43127,0,9.43127,20.5,98.7286,853,0,0,1889,32.4627,32.5087,19.6482
19.9447,13.8892,0,13.8892,20.48,98.3453,1215,0,0,1891,32.4865,32.5325,19.6437
19.9588,7.70973,0,7.70973,20.48,98.3453,710,0,0,1892,32.4952,32.5412,19.6414
19.9646,1.06174,0,1.06174,20.46,97.962,172,0,0,1892,32.4952,32.5412,19.6392
19.9891,5.3842,0,5.3842,20.46,97.962,652,0,0,1893,32.5034,32.5494,19.6392
19.9934,0.141598,0,0.141598,20.44,97.5787,169,0,0,1893,32.5034,32.5494,19.6369
20.0217,7.29574,0,7.29574,20.44,97.5787,857,0,0,1894,32.5296,32.5755,19.6369
20.2438,217.373,212.365,5.00798,20.42,97.1954,24070,272,0,1895,32.4987,32.5398,19.6324
20.2513,2.34268,0,2.34268,20.4,96.8121,325,6,0,1896,32.4916,32.5327,19.6302
20.2822,12.3178,0,12.3178,20.4,96.8121,1322,2,0,1898,32.5216,32.5627,19.6279
20.2968,9.36842,0,9.36842,20.38,96.4288,912,0,0,1899,32.5424,32.5835,19.6234
20.3209,12.6012,0,12.6012,20.38,96.4288,1244,0,0,1901,32.5639,32.6049,19.6212
20.3333,6.79979,0,6.79979,20.36,96.0455,948,2,0,1903,32.5691,32.6101,19.6167
20.3538,6.99622,0,6.99622,20.36,96.0455,800,5,0,1904,32.5935,32.6345,19.6145
20.3628,3.38022,0,3.38022,20.34,95.6622,406,1,0,1905,32.5864,32.6273,19.6122
20.3863,6.58595,0,6.58595,20.34,95.6622,644,97,0,1906,32.5703,32.6149,19.6078
20.4031,11.1505,0,11.1505,20.32,95.2789,1078,3,0,1908,32.5807,32.6253,19.6056
20.421,8.69957,0,8.69957,20.32,95.2789,858,0,0,1909,32.5935,32.638,19.6033
20.4325,5.82471,0,5.82471,20.3,94.8956,688,0,0,1910,32.6215,32.666,19.6011
20.4535,6.91657,0,6.91657,20.3,94.8956,728,0,0,1911,32.63,32.6745,19.5989
20.4633,3.97806,0,3.97806,20.28,94.5123,514,0,0,1912,32.6365,32.681,19.5966
20.4843,5.34953,0,5.34953,20.28,94.5123,749,1,0,1913,32.6482,32.6926,19.5944
20.5095,20.3633,0,20.3633,20.26,94.129,1814,18,0,1915,32.706,32.753,19.59
20.5263,11.408,0,11.408,20.24,93.7457,1117,0,0,1917,32.7209,32.7679,19.5855
20.5488,12.9727,0,12.9727,20.24,93.7457,1485,4,0,1919,32.753,32.7994,19.5811
20.5547,0.93596,0,0.93596,20.22,93.3624,238,0,0,1919,32.753,32.7994,19.5789
20.5806,5.88842,0,5.88842,20.22,93.3624,768,2,0,1921,32.747,32.7933,19.5767
20.5942,8.57992,0,8.57992,20.2,92.979,1030,4,0,1923,32.766,32.8123,19.5723
20.6115,4.75806,0,4.75806,20.2,92.979,642,0,0,1924,32.7723,32.8186,19.5701
20.6169,0.350507,0,0.350507,20.18,92.5957,254,0,0,1924,32.7723,32.8186,19.5678
20.6522,14.1568,0,14.1568,20.18,92.5957,1303,0,0,1926,32.7949,32.8411,19.5656
20.6688,10.5616,0,10.5616,20.16,92.2124,1263,5,0,1928,32.8159,32.862,19.5612
20.6887,10.5809,0,10.5809,20.16,92.2124,1180,0,0,1929,32.8543,32.9005,19.5568
20.6979,3.49295,0,3.49295,20.14,91.8272,520,0,0,1930,32.857,32.9031,19.5568
20.7225,7.84046,0,7.84046,20.14,91.8272,1004,3,0,1931,32.884,32.9301,19.5546
20.7422,13.9702,0,13.9702,20.12,91.5763,1432,0,0,1933,32.9188,32.9648,19.5502
20.7604,12.346,0,12.346,20.12,91.5763,1274,18,0,1934,32.9514,32.9943,19.548
20.7697,3.30771,0,3.30771,20.1,91.3256,458,0,0,1934,32.9514,32.9943,19.5458
20.7975,11.0306,0,11.0306,20.1,91.3256,1084,1,0,1936,32.9587,33.0015,19.5437
20.8198,15.9562,0,15.9562,20.08,91.075,1766,4,0,1938,33.0046,33.048,19.5393
20.8413,15.7261,0,15.7261,20.06,90.8247,1468,15,0,1940,33.0278,33.0665,19.5349
20.8558,8.76169,0,8.76169,20.04,90.5746,1213,0,0,1942,33.0407,33.0793,19.5305
20.8737,5.27856,0,5.27856,20.04,90.5746,784,1,0,1943,33.0473,33.0859,19.5284
20.8974,17.8861,0,17.8861,20.02,90.3247,1781,0,0,1945,33.0961,33.1347,19.524
20.9097,5.90013,0,5.90013,20,90.0751,843,6,0,1946,33.1141,33.1526,19.5196
20.9327,7.85077,0,7.85077,20,90.0751,1026,2,0,1948,33.1181,33.1566,19.5175
21.3874,448.662,439.428,9.23347,19.98,89.8258,59655,1667,0,1950,32.8569,32.921,19.5131
21.4009,9.57074,0,9.57074,19.96,89.5766,886,8,0,1952,32.8637,32.9278,19.5088
21.415,3.47892,0,3.47892,19.96,89.5766,418,2,0,1953,32.8643,32.9278,19.5066
21.4372,18.4806,0,18.4806,19.94,89.3274,1691,0,0,1955,32.912,32.9754,19.5023
21.4475,6.47748,0,6.47748,19.92,89.0783,682,0,0,1956,32.9208,32.9842,19.5001
21.4636,1.46584,0,1.46584,19.92,89.0783,126,0,0,1956,32.9208,32.9842,19.4979
21.478,10.4271,0,10.4271,19.9,86.5063,851,0,0,1957,32.9525,33.0158,19.4958
21.506,17.4066,0,17.4066,19.9,86.5063,1522,31,0,1959,32.9944,33.0577,19.4936
21.5244,14.678,0,14.678,19.88,86.333,1363,0,0,1961,33.0347,33.0979,19.4893
21.5388,7.92523,0,7.92523,19.88,86.333,840,9,0,1962,33.0566,33.1198,19.485
21.5431,0.553631,0,0.553631,19.86,86.1598,140,0,0,1962,33.0566,33.1198,19.485
21.5712,7.36804,0,7.36804,19.86,86.1598,914,14,0,1964,33.0657,33.1288,19.4828
21.5838,8.78177,0,8.78177,19.84,85.9866,1025,0,0,1965,33.0977,33.1608,19.4785
21.6018,5.87559,0,5.87559,19.84,85.9866,688,0,0,1966,33.1083,33.1714,19.4764
21.6152,9.58187,0,9.58187,19.82,85.8134,913,6,0,1968,33.1143,33.1773,19.4742
21.6364,9.66657,0,9.66657,19.82,85.8134,845,3,0,1969,33.1397,33.2026,19.4699
21.6458,5.47146,0,5.47146,19.8,85.6402,661,13,0,1970,33.1503,33.2132,19.4699
21.677,15.9111,0,15.9111,19.8,85.6402,1635,28,0,1972,33.2008,33.2637,19.4656
21.6853,3.92888,0,3.92888,19.78,85.4671,493,1,0,1973,33.2002,33.2631,19.4613
21.716,14.3463,0,14.3463,19.78,85.4671,1457,0,0,1975,33.2375,33.3003,19.4592
21.7206,0.279648,0,0.279648,19.76,85.2939,176,0,0,1975,33.2375,33.3003,19.4571
21.7412,0.573357,0,0.573357,19.76,85.2939,176,0,0,1975,33.2375,33.3003,19.4571
21.7459,0.318196,0,0.318196,19.74,85.1207,176,0,0,1975,33.2375,33.3003,19.4571
21.7753,9.38398,0,9.38398,19.74,85.1207,928,28,0,1977,33.2686,33.3313,19.4549
21.7866,6.99945,0,6.99945,19.72,84.9475,706,0,0,1978,33.2786,33.3413,19.4528
21.8086,8.57122,0,8.57122,19.72,84.9475,726,0,0,1979,33.2895,33.3522,19.4485
21.8203,7.25922,0,7.25922,19.7,84.7744,801,0,0,1980,33.304,33.3667,19.4485
21.848,14.6099,0,14.6099,19.7,84.7744,1429,8,0,1982,33.3406,33.4031,19.4443
21.8584,5.76043,0,5.76043,19.68,84.6012,549,0,0,1983,33.3424,33.4049,19.44
21.8847,11.9029,0,11.9029,19.68,84.6012,1265,9,0,1985,33.3713,33.4338,19.4379
21.904,14.3519,0,14.3519,19.66,84.428,1355,3,0,1987,33.4046,33.467,19.4336
21.9207,10.6301,0,10.6301,19.66,82.5864,947,27,0,1988,33.4276,33.4889,19.4315
21.9259,0.848528,0,0.848528,19.64,82.4676,202,0,0,1988,33.4276,33.4889,19.4294
21.952,5.79437,0,5.79437,19.64,82.4676,616,1,0,1989,33.4339,33.4952,19.4273
21.9629,6.40351,0,6.40351,19.62,82.3487,792,0,0,1990,33.4467,33.508,19.4251
21.9888,10.941,0,10.941,19.62,82.3487,1070,4,0,1991,33.4751,33.5349,19.423
22.0012,8.13333,0,8.13333,19.6,82.2303,1098,0,0,1992,33.5065,33.5663,19.4209
22.0206,6.64301,0,6.64301,19.6,82.2303,692,0,0,1993,33.5243,33.584,19.4188
22.0312,6.20054,0,6.20054,19.58,82.1118,824,23,0,1994,33.5421,33.6018,19.4167
22.0535,7.57122,0,7.57122,19.58,82.1118,876,9,0,1995,33.5634,33.6231,19.4167
22.0629,4.82466,0,4.82466,19.56,81.9936,527,3,0,1996,33.5631,33.6227,19.4146
22.0892,10.3777,0,10.3777,19.56,81.9936,1054,17,0,1998,33.5806,33.6401,19.4103
22.1035,9.84227,0,9.84227,19.54,81.8755,1064,5,0,2000,33.5985,33.658,19.4061
22.1212,6.46511,0,6.46511,19.54,81.8755,718,2,0,2001,33.6147,33.6742,19.404
22.1327,6.96925,0,6.96925,19.52,81.7576,843,0,0,2002,33.6239,33.6833,19.4019
22.1515,4.3886,0,4.3886,19.52,81.7576,567,1,0,2003,33.6256,33.685,19.3998
22.1599,3.73619,0,3.73619,19.5,81.6397,618,12,0,2004,33.6317,33.6911,19.3977
22.1845,7.70537,0,7.70537,19.5,81.6397,856,0,0,2006,33.6346,33.6939,19.3935
22.198,8.82033,0,8.82033,19.48,81.5219,888,0,0,2007,33.6702,33.7294,19.3914
22.2155,5.27876,0,5.27876,19.48,81.5219,614,0,0,2008,33.6753,33.7346,19.3872
22.2297,9.43905,0,9.43905,19.46,81.4041,1007,4,0,2010,33.6915,33.7507,19.3851
22.2423,0.827513,0,0.827513,19.46,81.4041,264,0,0,2010,33.6915,33.7507,19.383
22.2502,2.66334,0,2.66334,19.44,81.2864,426,0,0,2010,33.6915,33.7507,19.383
22.2801,11.5354,0,11.5354,19.44,81.2864,1036,0,0,2011,33.7126,33.7718,19.3809
22.2883,2.50338,0,2.50338,19.42,81.1686,424,0,0,2012,33.7028,33.7619,19.3809
22.317,10.173,0,10.173,19.42,81.1686,1202,17,0,2014,33.7155,33.7746,19.3767
22.3339,11.4034,0,11.4034,19.4,81.0509,1269,4,0,2016,33.7341,33.7932,19.3726
22.345,1.42004,0,1.42004,19.4,81.0509,296,0,0,2016,33.7341,33.7932,19.3705
22.3679,17.6394,0,17.6394,19.38,80.9331,1606,29,0,2018,33.7621,33.8181,19.3684
22.3777,3.63182,0,3.63182,19.36,80.8154,591,4,0,2019,33.7632,33.8192,19.3642
22.4095,15.2912,0,15.2912,19.36,80.8154,1492,4,0,2021,33.811,33.8659,19.3621
22.4286,13.226,0,13.226,19.34,80.6977,1382,64,0,2023,33.826,33.8838,19.358
22.4552,19.5616,0,19.5616,19.34,80.6977,1902,0,0,2025,33.8721,33.9299,19.3538
22.4626,1.352,0,1.352,19.32,78.471,300,0,0,2025,33.8721,33.9299,19.3517
22.5005,18.705,0,18.705,19.32,78.471,1692,2,0,2027,33.9137,33.9714,19.3497
22.5211,14.3983,0,14.3983,19.3,78.3689,1431,0,0,2029,33.9453,34.003,19.3455
22.5402,13.4906,0,13.4906,19.28,78.2668,1460,2,0,2031,33.9769,34.0345,19.3414
22.5646,17.2625,0,17.2625,19.28,78.2668,1647,17,0,2033,34.0256,34.0831,19.3372
22.5783,7.44534,0,7.44534,19.26,78.1646,1030,0,0,2034,34.0452,34.1028,19.3331
22.5992,8.3256,0,8.3256,19.26,78.1646,1153,0,0,2035,34.0727,34.1302,19.3331
22.6125,6.88143,0,6.88143,19.24,78.0626,880,0,0,2036,34.0855,34.1429,19.329
22.6365,11.0218,0,11.0218,19.24,78.0626,1220,5,0,2038,34.1079,34.1654,19.3269
22.6496,6.68748,0,6.68748,19.22,77.9603,879,4,0,2039,34.1226,34.18,19.3249
22.6683,5.14724,0,5.14724,19.22,77.9603,850,1,0,2040,34.1324,34.1897,19.3228
22.6757,0.666418,0,0.666418,19.2,77.8582,320,0,0,2040,34.1324,34.1897,19.3208
22.696,0.86585,0,0.86585,19.2,77.8582,320,0,0,2040,34.1324,34.1897,19.3208
22.7071,5.00908,0,5.00908,19.18,77.756,777,6,0,2041,34.1524,34.2097,19.3208
22.7362,14.0383,0,14.0383,19.18,77.756,1516,1,0,2043,34.1782,34.2354,19.3166
22.7499,7.39619,0,7.39619,19.16,77.6538,815,0,0,2044,34.1864,34.2436,19.3125
22.7779,15.1158,0,15.1158,19.16,77.6538,1653,0,0,2046,34.218,34.2752,19.3105
22.7911,6.37596,0,6.37596,19.14,77.5516,880,4,0,2047,34.2291,34.2863,19.3064
22.8194,14.2648,0,14.2648,19.14,77.5516,1493,1,0,2049,34.2621,34.3192,19.3043
22.8375,11.7111,0,11.7111,19.12,77.4494,1355,7,0,2051,34.2808,34.3379,19.3002
22.8574,11.041,0,11.041,19.12,77.4494,1114,8,0,2052,34.3119,34.3689,19.2962
22.8714,7.97837,0,7.97837,19.1,77.3472,1000,7,0,2054,34.3126,34.3695,19.2941
22.8931,8.90738,0,8.90738,19.1,77.3472,1018,26,0,2055,34.3212,34.382,19.29
22.9089,9.77701,0,9.77701,19.08,77.2451,1264,16,0,2057,34.3422,34.403,19.288
22.9374,17.6242,0,17.6242,19.08,77.2451,1630,0,0,2059,34.3711,34.4318,19.2839
22.9563,11.796,0,11.796,19.06,77.1429,1366,4,0,2061,34.3916,34.4522,19.2799
22.9702,6.37692,0,6.37692,19.06,77.1429,797,0,0,2062,34.4069,34.4675,19.2758
22.9833,5.90564,0,5.90564,19.04,77.0409,844,5,0,2063,34.4198,34.4804,19.2758
23.0125,15.899,0,15.899,19.04,77.0409,1569,1,0,2065,34.4591,34.5196,19.2717
23.0219,2.66004,0,2.66004,19.02,76.9387,567,7,0,2066,34.4555,34.516,19.2697
23.0448,4.98519,0,4.98519,19.02,76.9387,708,0,0,2067,34.4548,34.5152,19.2677
23.0663,15.0758,0,15.0758,19,76.8368,1687,5,0,2069,34.4872,34.5476,19.2636
24.3741,1300.15,1291.67,8.47574,18.98,76.7347,148908,1986,0,2070,33.9536,34.0609,19.2616
24.3932,15.2735,0,15.2735,18.96,76.6329,1394,11,0,2072,33.9884,34.0956,19.2576
24.4042,5.91152,0,5.91152,18.96,76.6329,612,0,0,2073,33.9966,34.1037,19.2535
24.4124,5.24331,0,5.24331,18.94,76.5312,609,3,0,2074,34.0068,34.1138,19.2515
24.4415,13.1391,0,13.1391,18.94,76.5312,1296,3,0,2076,34.0352,34.1421,19.2495
24.4559,10.8337,0,10.8337,18.92,76.4295,840,0,0,2077,34.0587,34.1656,19.2475
24.4724,6.17596,0,6.17596,18.92,76.4295,743,10,0,2078,34.0741,34.1809,19.2455
24.489,13.1086,0,13.1086,18.9,76.328,1083,2,0,2080,34.0909,34.1976,19.2414
24.5087,11.7891,0,11.7891,18.9,76.328,1211,21,0,2082,34.1129,34.2195,19.2374
24.5171,4.47335,0,4.47335,18.88,76.2265,501,15,0,2083,34.1181,34.2247,19.2334
24.5393,5.68934,0,5.68934,18.88,76.2265,565,0,0,2084,34.1286,34.2351,19.2314
24.5563,12.9879,0,12.9879,18.86,74.4575,1192,37,0,2086,34.1472,34.2541,19.2294
24.5735,9.02249,0,9.02249,18.86,74.4575,938,6,0,2088,34.1643,34.2711,19.2254
24.5831,5.55165,0,5.55165,18.84,74.3835,575,3,0,2089,34.1742,34.281,19.2234
24.6153,16.6932,0,16.6932,18.84,74.3835,1735,37,0,2091,34.2272,34.3338,19.2194
24.6297,10.1952,0,10.1952,18.82,74.3095,895,0,0,2092,34.2562,34.3628,19.2154
24.6479,8.57294,0,8.57294,18.82,74.3095,738,0,0,2093,34.2785,34.3851,19.2134
24.6658,13.5681,0,13.5681,18.8,74.2356,1418,16,0,2095,34.3251,34.4315,19.2114
24.6794,7.04711,0,7.04711,18.8,74.2356,735,14,0,2096,34.3397,34.4461,19.2074
24.6907,7.164,0,7.164,18.78,74.1616,828,1,0,2097,34.3629,34.4692,19.2074
24.7117,8.32442,0,8.32442,18.78,74.1616,632,2,0,2099,34.3711,34.4774,19.2034
24.7305,14.6198,0,14.6198,18.76,74.0878,1389,2,0,2101,34.405,34.5112,19.1995
24.7409,5.15903,0,5.15903,18.76,74.0878,636,4,0,2102,34.4129,34.519,19.1955
24.7593,14.8307,0,14.8307,18.74,74.014,1484,3,0,2104,34.4525,34.5585,19.1935
24.7749,9.72844,0,9.72844,18.74,74.014,1089,2,0,2106,34.4658,34.5717,19.1895
24.7842,5.15026,0,5.15026,18.72,73.9403,538,0,0,2107,34.4689,34.5748,19.1876
24.8045,5.74301,0,5.74301,18.72,73.9403,608,1,0,2109,34.459,34.5647,19.1836
24.81,1.70671,0,1.70671,18.7,73.8667,290,5,0,2110,34.4502,34.5559,19.1816
24.8303,0.968336,0,0.968336,18.7,73.8667,130,0,0,2110,34.4502,34.5559,19.1796
24.8383,3.91062,0,3.91062,18.68,73.7931,510,0,0,2111,34.4519,34.5576,19.1796
24.8638,8.42947,0,8.42947,18.68,73.7931,840,11,0,2113,34.4529,34.5584,19.1757
24.8715,3.66967,0,3.66967,18.66,73.7195,444,0,0,2114,34.4622,34.5676,19.1718
24.8942,5.31638,0,5.31638,18.66,73.7195,608,1,0,2115,34.469,34.5745,19.1698
24.9086,10.1837,0,10.1837,18.64,73.6458,938,5,0,2117,34.4761,34.5815,19.1678
24.9364,16.7299,0,16.7299,18.64,73.6458,1605,2,0,2119,34.5168,34.622,19.1639
24.9459,5.66412,0,5.66412,18.62,73.5722,594,0,0,2120,34.5344,34.6396,19.1619
24.9718,10.3524,0,10.3524,18.62,73.5722,1152,14,0,2122,34.5589,34.664,19.158
24.9887,13.0078,0,13.0078,18.6,73.4986,1186,2,0,2124,34.5758,34.6808,19.1541
25.0152,17.9929,0,17.9929,18.6,73.4986,1834,1,0,2126,34.6336,34.7385,19.1501
25.0265,6.5823,0,6.5823,18.58,73.425,560,3,0,2127,34.6366,34.7414,19.1482
25.0544,14.2469,0,14.2469,18.58,73.425,1394,0,0,2129,34.6684,34.7731,19.1443
25.0672,7.80473,0,7.80473,18.56,73.3514,760,3,0,2130,34.6808,34.7854,19.1404
25.0966,16.5701,0,16.5701,18.56,73.3514,1340,12,0,2132,34.7036,34.8077,19.1384
25.1075,6.57324,0,6.57324,18.54,73.2778,900,0,0,2133,34.7243,34.8284,19.1365
25.1281,6.00433,0,6.00433,18.54,73.2778,694,3,0,2134,34.7338,34.8379,19.1345
25.1462,13.9419,0,13.9419,18.52,73.2042,1459,0,0,2136,34.7636,34.8675,19.1306
25.1571,3.77624,0,3.77624,18.52,73.2042,460,2,0,2137,34.7613,34.8652,19.1287
25.1719,10.6329,0,10.6329,18.5,73.1306,1160,24,0,2139,34.7784,34.8822,19.1248
25.1885,6.29309,0,6.29309,18.5,73.1306,766,6,0,2140,34.7944,34.8981,19.1209
25.2065,13.7281,0,13.7281,18.48,73.057,1329,3,0,2142,34.8394,34.943,19.1189
25.2216,7.99849,0,7.99849,18.48,73.057,857,11,0,2143,34.8586,34.9622,19.117
25.2263,0.444747,0,0.444747,18.46,72.9834,160,0,0,2143,34.8586,34.9622,19.1151
25.2584,11.6267,0,11.6267,18.46,72.9834,1203,0,0,2145,34.8811,34.9846,19.1131
25.2632,0.572679,0,0.572679,18.44,72.9098,160,0,0,2145,34.8811,34.9846,19.1112
25.2959,11.9373,0,11.9373,18.44,72.9098,1143,11,0,2147,34.9068,35.0102,19.1092
25.3095,9.21938,0,9.21938,18.42,72.8361,1015,8,0,2149,34.92,35.0233,19.1054
25.3242,2.79393,0,2.79393,18.42,72.8361,299,1,0,2150,34.914,35.0172,19.1034
25.3393,11.0729,0,11.0729,18.4,72.7625,1118,6,0,2152,34.9312,35.0344,19.0996
25.3625,12.8611,0,12.8611,18.4,72.7625,1309,9,0,2154,34.955,35.058,19.0957
25.3858,19.1631,0,19.1631,18.38,72.6889,1778,0,0,2156,35,35.103,19.0919
25.3944,3.73311,0,3.73311,18.36,72.6153,413,0,0,2157,35.0009,35.1038,19.0899
25.423,11.7597,0,11.7597,18.36,72.6153,1120,1,0,2159,35.0324,35.1352,19.0861
25.4424,15.1875,0,15.1875,18.34,72.5417,1445,10,0,2161,35.062,35.1647,19.0822
25.4535,5.17433,0,5.17433,18.34,72.5417,590,0,0,2162,35.0657,35.1684,19.0803
25.4752,17.9,0,17.9,18.32,72.4681,1688,0,0,2164,35.1238,35.2264,19.0765
25.4924,12.4123,0,12.4123,18.3,72.3945,1109,0,0,2166,35.1422,35.2447,19.0727
25.5115,11.5907,0,11.5907,18.3,72.3945,1255,1,0,2168,35.1642,35.2666,19.0688
25.5263,9.88756,0,9.88756,18.28,72.3209,995,1,0,2169,35.1941,35.2964,19.0669
25.5493,13.242,0,13.242,18.28,72.3209,1662,25,0,2171,35.2363,35.3386,19.0631
25.5649,10.7641,0,10.7641,18.26,72.2473,1064,6,0,2173,35.2536,35.3557,19.0593
25.5791,4.06436,0,4.06436,18.26,72.2473,500,20,0,2174,35.2489,35.3528,19.0574
25.5844,0.976503,0,0.976503,18.24,72.1737,170,0,0,2174,35.2489,35.3528,19.0555
25.6102,6.36926,0,6.36926,18.24,72.1737,844,3,0,2175,35.2653,35.3692,19.0555
25.6233,8.31955,0,8.31955,18.22,72.1001,1012,0,0,2176,35.2964,35.4003,19.0516
25.6385,3.30641,0,3.30641,18.22,72.1001,520,1,0,2177,35.2963,35.4001,19.0516
26.7214,1077.86,1076.3,1.56502,18.2,72.0264,128933,1712,0,2177,34.9463,35.0381,19.0497
26.7487,23.1694,0,23.1694,18.18,107.896,1264,1308,0,2179,34.721,34.8247,19.0478
26.7721,14.2661,0,14.2661,18.16,73.9704,1665,12,0,2181,34.7579,34.8615,19.044
26.7873,7.14887,0,7.14887,18.14,73.8599,1187,22,0,2182,34.7768,34.8804,19.0402
26.8103,9.3966,0,9.3966,18.14,73.8599,1248,0,0,2184,34.7825,34.886,19.0383
26.8305,11.485,0,11.485,18.12,73.7494,1455,0,0,2185,34.8124,34.9158,19.0345
26.8458,6.93367,0,6.93367,18.12,73.7494,1088,0,0,2186,34.8253,34.9286,19.0345
26.8675,13.5202,0,13.5202,18.1,73.6391,1808,1,0,2188,34.8643,34.9676,19.0308
26.8882,12.415,0,12.415,18.08,73.5288,1759,6,0,2190,34.89,34.9932,19.027
26.8997,3.09153,0,3.09153,18.06,73.4184,725,0,0,2190,34.89,34.9932,19.0251
26.9252,7.86678,0,7.86678,18.06,73.4184,1138,0,0,2191,34.9156,35.0187,19.0232
26.9459,11.9794,0,11.9794,18.04,73.3084,1706,3,0,2193,34.943,35.0461,19.0213
26.9656,11.5236,0,11.5236,18.02,73.1983,1681,5,0,2195,34.974,35.077,19.0175
26.9809,4.95421,0,4.95421,18.02,73.1983,872,2,0,2196,34.9772,35.0801,19.0157
26.9971,7.85398,0,7.85398,18,73.0886,1258,7,0,2197,35.0014,35.1042,19.0119
27.0271,16.54,0,16.54,18,73.0886,2057,3,0,2199,35.04,35.1428,19.01
27.0417,5.82897,0,5.82897,17.98,72.9788,988,0,0,2200,35.0441,35.1468,19.0062
27.0622,6.21267,0,6.21267,17.98,72.9788,1145,8,0,2201,35.0554,35.1581,19.0044
27.0762,4.67126,0,4.67126,17.96,72.8693,998,1,0,2202,35.0599,35.1626,19.0025
27.1,8.85963,0,8.85963,17.96,72.8693,1407,2,0,2204,35.0749,35.1774,19.0006
27.1177,8.45459,0,8.45459,17.94,72.7597,1295,9,0,2206,35.083,35.1854,18.9969
27.1307,0.83222,0,0.83222,17.94,72.7597,541,0,0,2206,35.083,35.1854,18.995
27.1526,12.6833,0,12.6833,17.92,72.6504,1916,3,0,2208,35.1123,35.2147,18.9931
27.1759,14.3731,0,14.3731,17.9,72.5411,1656,12,0,2210,35.1294,35.2308,18.9894
27.1948,10.0444,0,10.0444,17.88,72.4318,1546,12,0,2212,35.1501,35.2514,18.9856
27.2225,16.511,0,16.511,17.88,72.4318,1932,4,0,2214,35.1798,35.2791,18.9819
27.2425,9.9727,0,9.9727,17.86,72.3226,1388,2,0,2216,35.185,35.2843,18.9782
27.2623,10.4636,0,10.4636,17.84,72.2133,1372,1,0,2218,35.1903,35.2894,18.9744
27.2733,0.78883,0,0.78883,17.84,72.2133,609,0,0,2218,35.1903,35.2894,18.9726
27.2983,16.2873,0,16.2873,17.82,72.104,1923,0,0,2220,35.2221,35.3212,18.9707
27.3129,4.96798,0,4.96798,17.8,71.9947,1122,4,0,2221,35.2296,35.3287,18.967
27.3423,12.8746,0,12.8746,17.8,71.9947,1724,2,0,2223,35.2636,35.3626,18.9652
27.3677,15.9927,0,15.9927,17.78,71.8854,2016,11,0,2225,35.2926,35.3924,18.9614
27.9142,536.657,528.944,7.71296,17.76,71.7762,72349,1954,0,2226,35.1658,35.2484,18.9577
27.9287,8.79618,0,8.79618,17.74,71.6669,945,0,0,2227,35.1881,35.2708,18.9577
27.9593,19.0942,0,19.0942,17.74,71.6669,2020,10,0,2229,35.2508,35.3333,18.954
27.9777,12.0674,0,12.0674,17.72,70.1064,1523,37,0,2231,35.2743,35.3545,18.9503
27.9945,8.33478,0,8.33478,17.72,70.1064,1056,0,0,2233,35.2808,35.3609,18.9466
28.0161,15.5255,0,15.5255,17.7,70.0319,1775,11,0,2235,35.3195,35.3996,18.9429
28.029,6.94609,0,6.94609,17.68,69.9576,958,4,0,2236,35.3336,35.4137,18.9411
28.0558,13.3374,0,13.3374,17.68,69.9576,1507,18,0,2238,35.3642,35.4441,18.9374
28.0689,6.62352,0,6.62352,17.66,69.8835,938,8,0,2239,35.3774,35.4573,18.9356
28.0894,6.7857,0,6.7857,17.66,69.8835,962,14,0,2241,35.3762,35.456,18.9319
28.1076,12.1738,0,12.1738,17.64,69.8093,1595,19,0,2243,35.4057,35.4855,18.9282
28.1177,1.57372,0,1.57372,17.64,69.8093,378,0,0,2243,35.4057,35.4855,18.9264
28.1284,5.17003,0,5.17003,17.62,69.7352,785,7,0,2244,35.4122,35.492,18.9264
28.15,6.171,0,6.171,17.62,69.7352,816,2,0,2245,35.4276,35.5073,18.9227
28.1676,11.2581,0,11.2581,17.6,69.6613,1256,5,0,2247,35.441,35.5202,18.9209
28.1829,6.57814,0,6.57814,17.6,69.6613,874,0,0,2248,35.4524,35.5316,18.919
28.2004,11.3244,0,11.3244,17.58,69.5872,1393,7,0,2250,35.476,35.5551,18.9154
28.2171,7.88938,0,7.88938,17.58,69.5872,921,0,0,2251,35.5064,35.5855,18.9135
28.2247,1.05918,0,1.05918,17.56,69.5134,294,0,0,2251,35.5064,35.5855,18.9117
28.2573,13.9751,0,13.9751,17.56,69.5134,1705,2,0,2253,35.5379,35.617,18.9099
28.2721,8.60208,0,8.60208,17.54,70.9309,1162,23,0,2255,35.545,35.6226,18.9062
28.2921,7.81679,0,7.81679,17.54,70.9309,832,0,0,2256,35.5532,35.6308,18.9044
28.302,4.36036,0,4.36036,17.52,69.3647,694,0,0,2257,35.5552,35.6327,18.9008
28.3289,10.2267,0,10.2267,17.52,69.3647,1267,19,0,2259,35.5715,35.649,18.8989
28.3475,12.6649,0,12.6649,17.5,69.2909,1414,1,0,2261,35.5909,35.6683,18.8953
28.3647,8.84913,0,8.84913,17.5,69.2909,1081,10,0,2262,35.611,35.6888,18.8935
28.3709,0.885182,0,0.885182,17.48,69.217,304,0,0,2262,35.611,35.6888,18.8917
28.3961,4.64116,0,4.64116,17.48,69.217,644,0,0,2263,35.6103,35.688,18.8898
28.4074,5.88474,0,5.88474,17.46,69.1432,925,1,0,2264,35.6246,35.7023,18.8898
28.434,11.0451,0,11.0451,17.46,69.1432,1410,3,0,2266,35.6447,35.7224,18.8862
28.4556,16.0774,0,16.0774,17.44,69.0696,1851,47,0,2268,35.683,35.7584,18.8826
28.4649,3.01692,0,3.01692,17.42,68.9959,544,0,0,2269,35.6778,35.7532,18.879
28.4846,2.15155,0,2.15155,17.42,68.9959,429,0,0,2270,35.6709,35.7463,18.8772
28.4908,0.717908,0,0.717908,17.4,68.9224,304,0,0,2270,35.6709,35.7463,18.8772
28.5266,15.3548,0,15.3548,17.4,68.9224,1888,8,0,2272,35.7135,35.7887,18.8753
28.5377,5.25297,0,5.25297,17.38,68.849,794,0,0,2273,35.7189,35.7941,18.8735
28.5548,1.13031,0,1.13031,17.38,68.849,314,0,0,2273,35.7189,35.7941,18.8717
28.5739,13.4888,0,13.4888,17.36,68.7755,1480,0,0,2274,35.7397,35.8149,18.8717
28.5891,7.42512,0,7.42512,17.36,68.7755,982,11,0,2276,35.7417,35.8168,18.8681
28.6034,8.76061,0,8.76061,17.34,68.7022,1087,0,0,2278,35.7507,35.8257,18.8645
28.6213,5.46783,0,5.46783,17.34,68.7022,897,1,0,2279,35.7604,35.8355,18.8627
28.6276,0.751574,0,0.751574,17.32,68.6291,323,0,0,2279,35.7604,35.8355,18.8609
28.6557,7.48152,0,7.48152,17.32,68.6291,889,0,0,2280,35.7759,35.8509,18.8591
28.667,5.48915,0,5.48915,17.3,68.5559,695,1,0,2281,35.7861,35.861,18.8591
28.6912,8.65421,0,8.65421,17.3,68.5559,1211,1,0,2282,35.8098,35.8848,18.8555
28.6976,0.686652,0,0.686652,17.28,68.4828,323,0,0,2282,35.8098,35.8848,18.8555
28.7251,6.90236,0,6.90236,17.28,68.4828,830,0,0,2283,35.8296,35.9045,18.8537
28.7352,4.07939,0,4.07939,17.26,68.4099,623,0,0,2284,35.8271,35.9019,18.8537
28.7588,6.6878,0,6.6878,17.26,68.4099,1013,1,0,2285,35.8425,35.9173,18.8519
28.7708,5.77025,0,5.77025,17.24,68.3369,784,1,0,2286,35.8504,35.9252,18.8501
28.789,3.09973,0,3.09973,17.24,68.3369,683,16,0,2287,35.8518,35.9265,18.8483
28.8003,5.412,0,5.412,17.22,68.264,653,0,0,2288,35.8497,35.9244,18.8447
28.8197,3.63826,0,3.63826,17.22,68.264,682,8,0,2289,35.8497,35.9244,18.8429
28.8264,0.805285,0,0.805285,17.2,68.1912,343,0,0,2289,35.8497,35.9244,18.8429
28.8589,11.8599,0,11.8599,17.2,68.1912,1526,8,0,2291,35.8813,35.9559,18.8411
28.8729,7.20673,0,7.20673,17.18,68.1184,1119,6,0,2292,35.9014,35.976,18.8376
28.8996,12.9719,0,12.9719,17.18,68.1184,1652,7,0,2294,35.9303,36.0048,18.8358
28.9217,15.3331,0,15.3331,17.16,68.0457,1869,16,0,2296,35.9721,36.0466,18.8322
28.9289,0.613701,0,0.613701,17.14,67.973,371,0,0,2296,35.9721,36.0466,18.8304
28.9627,13.7247,0,13.7247,17.14,67.973,1544,0,0,2298,35.9926,36.067,18.8286
28.9753,6.53596,0,6.53596,17.12,67.9002,1029,8,0,2299,36.0148,36.0892,18.8251
28.9916,1.17806,0,1.17806,17.12,67.9002,381,0,0,2299,36.0148,36.0892,18.8251
29.0046,6.70055,0,6.70055,17.1,67.8275,944,7,0,2300,36.0243,36.0987,18.8233
29.024,4.3796,0,4.3796,17.1,67.8275,631,4,0,2301,36.0209,36.0952,18.8215
29.0388,8.326,0,8.326,17.08,67.7547,1071,2,0,2302,36.0443,36.1186,18.8197
29.0525,0.68814,0,0.68814,17.08,67.7547,390,0,0,2302,36.0443,36.1186,18.8197
29.0665,7.31852,0,7.31852,17.06,67.682,1185,8,0,2303,36.0664,36.1407,18.8197
29.0929,12.3862,0,12.3862,17.06,67.682,1543,17,0,2305,36.0928,36.167,18.8162
29.1096,10.1185,0,10.1185,17.04,67.6093,1343,2,0,2307,36.1084,36.1825,18.8126
29.1222,1.37945,0,1.37945,17.04,67.6093,399,0,0,2307,36.1084,36.1825,18.8108
29.134,5.32195,0,5.32195,17.02,67.5365,829,0,0,2308,36.1114,36.1854,18.8091
29.1566,6.43883,0,6.43883,17.02,67.5365,919,0,0,2309,36.1213,36.1953,18.8073
29.1713,8.16376,0,8.16376,17,67.4638,1081,0,0,2311,36.1199,36.1939,18.8055
29.1891,4.66599,0,4.66599,17,67.4638,671,3,0,2312,36.1241,36.1981,18.8037
29.2032,7.7228,0,7.7228,16.98,67.391,1090,5,0,2314,36.1387,36.2126,18.8002
29.2306,13.9015,0,13.9015,16.98,67.391,1806,3,0,2316,36.1714,36.2453,18.7967
29.2458,8.29214,0,8.29214,16.96,67.3183,1158,1,0,2318,36.1756,36.2494,18.7931
29.2589,1.0969,0,1.0969,16.96,67.3183,398,0,0,2318,36.1756,36.2494,18.7914
29.2708,5.53731,0,5.53731,16.94,67.2456,918,1,0,2319,36.1824,36.2561,18.7896
29.2918,5.04861,0,5.04861,16.94,67.2456,859,7,0,2320,36.1871,36.2608,18.7878
29.304,5.59502,0,5.59502,16.92,67.1728,898,0,0,2321,36.193,36.2667,18.7878
29.323,3.42874,0,3.42874,16.92,67.1728,712,0,0,2322,36.1934,36.267,18.7843
29.335,5.3605,0,5.3605,16.9,67.1001,854,3,0,2323,36.198,36.2716,18.7825
29.3668,15.9666,0,15.9666,16.9,67.1001,1940,1,0,2325,36.237,36.3105,18.7808
29.3837,9.37616,0,9.37616,16.88,67.0273,990,0,0,2327,36.2338,36.3073,18.7773
29.3994,5.00269,0,5.00269,16.88,67.0273,718,1,0,2328,36.2315,36.305,18.7755
29.4204,13.3313,0,13.3313,16.86,66.9546,1556,3,0,2330,36.2575,36.3309,18.772
29.4363,9.37482,0,9.37482,16.84,66.8819,1119,0,0,2331,36.2789,36.3522,18.7702
29.449,0.743426,0,0.743426,16.84,66.8819,417,0,0,2331,36.2789,36.3522,18.7685
29.469,13.6395,0,13.6395,16.82,66.8091,1665,58,0,2333,36.2992,36.3755,18.7667
29.49,13.3116,0,13.3116,16.8,66.7364,1464,17,0,2335,36.3169,36.3923,18.7632
29.5005,3.94999,0,3.94999,16.78,66.6636,846,9,0,2336,36.3198,36.3951,18.7615
29.5301,12.2816,0,12.2816,16.78,66.6636,1745,8,0,2338,36.346,36.4213,18.758
29.5487,10.6498,0,10.6498,16.76,66.5909,1276,0,0,2339,36.3681,36.4434,18.7545
29.5658,8.00996,0,8.00996,16.76,66.5909,1107,0,0,2340,36.3838,36.459,18.7527
29.5835,9.91507,0,9.91507,16.74,66.5182,1375,0,0,2342,36.3933,36.4684,18.751
29.5983,4.53216,0,4.53216,16.74,66.5182,835,4,0,2343,36.3952,36.4703,18.7493
29.6078,1.95971,0,1.95971,16.72,66.4454,585,0,0,2344,36.3865,36.4616,18.7458
29.6356,9.3002,0,9.3002,16.72,66.4454,1105,0,0,2345,36.4004,36.4755,18.744
29.6457,2.81733,0,2.81733,16.7,66.3727,572,0,0,2346,36.3917,36.4668,18.744
29.6674,4.36372,0,4.36372,16.7,66.3727,732,3,0,2347,36.3997,36.4746,18.7423
29.6803,5.69205,0,5.69205,16.68,66.2999,993,5,0,2348,36.4084,36.4834,18.7406
29.7066,11.788,0,11.788,16.68,66.2999,1683,7,0,2350,36.4311,36.506,18.7371
29.725,11.0222,0,11.0222,16.66,66.2272,1454,4,0,2352,36.4537,36.5285,18.7336
29.7459,11.3948,0,11.3948,16.66,66.2272,1522,3,0,2354,36.4724,36.5472,18.7301
29.7536,0.685943,0,0.685943,16.64,66.1545,423,0,0,2354,36.4724,36.5472,18.7284
29.7938,19.4531,0,19.4531,16.64,66.1545,2140,1,0,2356,36.5204,36.5951,18.7267
29.8016,0.610288,0,0.610288,16.62,66.0817,423,0,0,2356,36.5204,36.5951,18.7249
29.8369,15.2449,0,15.2449,16.62,66.0817,1872,17,0,2358,36.5551,36.6298,18.7232
29.8506,6.37758,0,6.37758,16.6,66.009,972,6,0,2360,36.5564,36.6309,18.7197
29.8728,8.14131,0,8.14131,16.6,66.009,1086,0,0,2361,36.5731,36.6476,18.7163
29.8941,14.7064,0,14.7064,16.58,65.9362,1725,6,0,2363,36.6056,36.6801,18.7146
29.913,11.5815,0,11.5815,16.56,65.8635,1343,3,0,2365,36.6309,36.7053,18.7111
29.9215,0.013519,0,0.013519,16.56,65.8635,443,0,0,2365,36.6309,36.7053,18.7094
29.9329,4.35026,0,4.35026,16.54,65.7908,816,0,0,2366,36.6331,36.7075,18.7077
29.9503,0.473948,0,0.473948,16.54,65.7908,441,0,0,2366,36.6331,36.7075,18.7077
29.9655,7.61653,0,7.61653,16.52,65.718,1203,1,0,2367,36.6553,36.7296,18.706
29.9955,16.0519,0,16.0519,16.52,65.718,1956,9,0,2369,36.6897,36.764,18.7042
30.0037,0.620434,0,0.620434,16.5,65.6453,440,0,0,2369,36.6897,36.764,18.7025
30.0386,15.4821,0,15.4821,16.5,65.6453,1836,45,0,2371,36.7149,36.7883,18.7008
30.0525,5.83814,0,5.83814,16.48,65.5725,999,4,0,2372,36.723,36.7964,18.6991
30.0753,8.50683,0,8.50683,16.48,65.5725,1330,4,0,2374,36.7317,36.805,18.6956
30.0997,16.7796,0,16.7796,16.46,65.4998,2015,3,0,2376,36.7744,36.8476,18.6922
30.1188,11.5454,0,11.5454,16.44,65.427,1407,4,0,2378,36.7881,36.8612,18.6888
30.1347,7.05342,0,7.05342,16.44,65.427,1260,3,0,2380,36.792,36.8651,18.6854
30.1586,15.9245,0,15.9245,16.42,65.3543,1757,1,0,2382,36.8186,36.8917,18.6819
30.1804,13.3325,0,13.3325,16.4,65.2816,1786,0,0,2384,36.8431,36.9161,18.6785
30.2028,15.0415,0,15.0415,16.38,65.2088,1840,8,0,2386,36.8705,36.9434,18.6751
30.2269,15.5252,0,15.5252,16.36,65.1361,1864,3,0,2388,36.9054,36.9786,18.6717
30.2491,14.4252,0,14.4252,16.34,65.0633,1508,7,0,2390,36.9347,37.0079,18.6683
30.26,3.66116,0,3.66116,16.32,64.9906,802,0,0,2391,36.9256,36.9987,18.6666
30.2832,5.21557,0,5.21557,16.32,64.9906,977,0,0,2392,36.9306,37.0038,18.6632
30.2952,4.67154,0,4.67154,16.3,64.9179,827,12,0,2393,36.9294,37.0021,18.6615
30.3224,10.431,0,10.431,16.3,64.9179,1598,13,0,2395,36.952,37.0246,18.6598
30.331,0.691438,0,0.691438,16.28,64.8451,487,0,0,2395,36.952,37.0246,18.6581
30.3579,7.30768,0,7.30768,16.28,64.8451,1141,1,0,2396,36.9645,37.0371,18.6564
30.3799,13.6139,0,13.6139,16.26,64.7724,1722,2,0,2398,36.9887,37.0613,18.6547
31.4075,1020.02,1011.99,8.02642,16.24,64.6996,145611,1532,0,2399,36.6111,36.7099,18.653
31.4155,3.69391,0,3.69391,16.22,65.0907,492,13,0,2400,36.61,36.7088,18.6496
31.4461,14.1473,0,14.1473,16.22,65.0907,1716,31,0,2402,36.647,36.7456,18.6479
31.4559,5.34575,0,5.34575,16.2,64.9644,562,6,0,2403,36.65,36.7486,18.6462
31.4774,6.80872,0,6.80872,16.2,64.9644,876,20,0,2404,36.6647,36.7633,18.6445
31.4951,13.1302,0,13.1302,16.18,64.8381,1564,5,0,2406,36.6933,36.7918,18.6412
31.5147,12.8385,0,12.8385,16.18,64.8381,1346,0,0,2408,36.7213,36.8198,18.6378
31.5293,9.83887,0,9.83887,16.16,64.7118,1061,0,0,2409,36.7435,36.8418,18.6361
31.5431,3.80225,0,3.80225,16.16,64.7118,610,26,0,2410,36.7473,36.8456,18.6327
31.5609,13.0795,0,13.0795,16.14,64.5856,1492,10,0,2412,36.7749,36.8731,18.631
31.5823,14.6321,0,14.6321,16.14,64.5856,1480,1,0,2414,36.8094,36.9076,18.6277
31.6038,16.6109,0,16.6109,16.12,64.4593,1404,0,0,2416,36.8431,36.9412,18.6243
31.6088,0.789047,0,0.789047,16.1,64.333,172,0,0,2416,36.8431,36.9412,18.6226
31.6295,0.737779,0,0.737779,16.1,64.333,172,0,0,2416,36.8431,36.9412,18.6226
31.6479,14.4163,0,14.4163,16.08,64.2067,1292,4,0,2418,36.8602,36.9582,18.621
31.6549,0.62865,0,0.62865,16.08,64.2067,182,0,0,2418,36.8602,36.9582,18.6193
31.6653,6.35567,0,6.35567,16.06,64.0805,730,0,0,2419,36.8648,36.9628,18.6193
31.6831,3.31314,0,3.31314,16.06,64.0805,478,0,0,2420,36.862,36.9599,18.6176
31.6938,6.65841,0,6.65841,16.04,63.9542,759,6,0,2421,36.8732,36.9711,18.6142
31.7151,7.17979,0,7.17979,16.04,63.9542,952,10,0,2423,36.8745,36.9723,18.6126
31.7248,4.7515,0,4.7515,16.02,63.8279,542,3,0,2424,36.8742,36.9719,18.6092
31.7544,14.3952,0,14.3952,16.02,63.8279,1421,8,0,2426,36.8949,36.9926,18.6075
31.7766,17.266,0,17.266,16,63.7017,1800,5,0,2428,36.9357,37.0334,18.6042
31.7894,7.61121,0,7.61121,15.98,63.5754,1086,1,0,2429,36.9576,37.0552,18.6009
31.8186,16.6632,0,16.6632,15.98,63.5754,1740,2,0,2431,36.9942,37.0917,18.5992
31.8306,7.10313,0,7.10313,15.96,63.4491,949,17,0,2432,37.0119,37.1094,18.5959
31.8497,5.62679,0,5.62679,15.96,63.4491,651,2,0,2433,37.0275,37.1249,18.5959
31.8542,0.384443,0,0.384443,15.94,63.3228,196,0,0,2433,37.0275,37.1249,18.5942
31.881,5.86118,0,5.86118,15.94,63.3228,762,4,0,2434,37.0431,37.1405,18.5925
31.8954,10.216,0,10.216,15.92,63.1966,1130,9,0,2436,37.0513,37.1486,18.5909
31.9172,11.6858,0,11.6858,15.92,63.1966,1280,5,0,2438,37.0779,37.1751,18.5875
31.9241,2.17672,0,2.17672,15.9,63.0703,412,0,0,2439,37.0713,37.1685,18.5842
31.9437,0.917868,0,0.917868,15.9,63.0703,202,0,0,2439,37.0713,37.1685,18.5842
31.9611,13.1917,0,13.1917,15.88,62.944,1353,0,0,2441,37.1094,37.2065,18.5826
31.9752,7.06939,0,7.06939,15.88,62.944,841,26,0,2442,37.1249,37.2219,18.5809
31.9852,4.77608,0,4.77608,15.86,62.8177,487,1,0,2443,37.1228,37.2198,18.5792
32.0129,12.9571,0,12.9571,15.86,62.8177,1380,4,0,2445,37.1423,37.2393,18.5759
32.026,8.04217,0,8.04217,15.84,62.6915,1022,0,0,2446,37.166,37.2629,18.5726
32.0407,2.56301,0,2.56301,15.84,62.6915,297,0,0,2446,37.166,37.2629,18.5726
32.0603,14.3787,0,14.3787,15.82,62.5652,1549,1,0,2448,37.2071,37.3039,18.571
32.0724,6.93876,0,6.93876,15.82,62.5652,944,3,0,2449,37.2213,37.3181,18.5693
32.0841,6.70144,0,6.70144,15.8,62.4389,965,11,0,2451,37.222,37.3186,18.566
32.1038,6.65083,0,6.65083,15.8,62.4389,894,2,0,2452,37.2345,37.3312,18.5627
32.1188,9.78164,0,9.78164,15.78,62.3127,1033,3,0,2453,37.2507,37.3473,18.5627
32.136,7.38271,0,7.38271,15.78,62.3127,900,0,0,2454,37.2612,37.3578,18.5594
32.1512,9.91192,0,9.91192,15.76,62.1864,989,2,0,2456,37.2638,37.3603,18.5578
32.1746,13.8053,0,13.8053,15.76,62.1864,1263,1,0,2458,37.2783,37.3747,18.5545
32.1911,9.20524,0,9.20524,15.74,62.0601,968,2,0,2459,37.2936,37.39,18.5512
32.2035,3.10843,0,3.10843,15.74,62.0601,486,4,0,2460,37.2894,37.3858,18.5495
32.2231,14.1718,0,14.1718,15.72,61.9338,1606,2,0,2462,37.3245,37.4208,18.5479
32.2394,10.7986,0,10.7986,15.72,61.9338,1217,8,0,2464,37.3409,37.4371,18.5446
32.2527,8.10439,0,8.10439,15.7,61.8076,1032,9,0,2465,37.3651,37.4613,18.5413
32.2772,12.597,0,12.597,15.7,61.8076,1216,90,0,2467,37.3705,37.4678,18.5397
32.2824,0.01136,0,0.01136,15.68,61.6813,218,0,0,2467,37.3705,37.4678,18.538
32.3089,6.46938,0,6.46938,15.68,61.6813,710,0,0,2468,37.387,37.4842,18.5364
32.32,6.07803,0,6.07803,15.66,61.555,760,0,0,2469,37.3945,37.4917,18.5348
32.34,5.91216,0,5.91216,15.66,61.555,805,2,0,2470,37.4049,37.502,18.5331
32.6268,281.16,273.581,7.57917,15.64,61.4287,41310,242,0,2471,37.3092,37.4055,18.5331
32.6391,7.08645,0,7.08645,15.62,61.3025,912,2,0,2472,37.3224,37.4187,18.5315
32.6564,3.64045,0,3.64045,15.62,61.3025,550,0,0,2473,37.3207,37.4169,18.5282
32.6724,11.4745,0,11.4745,15.6,61.1762,1281,17,0,2475,37.3362,37.4323,18.5266
32.6948,12.459,0,12.459,15.6,61.1762,1415,2,0,2477,37.3698,37.4659,18.5233
32.7015,1.23534,0,1.23534,15.58,61.0499,226,0,0,2477,37.3698,37.4659,18.5217
32.7215,1.24739,0,1.24739,15.58,61.0499,226,0,0,2477,37.3698,37.4659,18.5217
32.7339,7.4609,0,7.4609,15.56,60.9237,961,8,0,2478,37.3874,37.4835,18.5217
32.7518,4.17665,0,4.17665,15.56,60.9237,636,0,0,2479,37.3885,37.4845,18.5201
32.7624,5.32729,0,5.32729,15.54,60.7974,766,2,0,2480,37.3948,37.4907,18.5168
32.7849,6.61924,0,6.61924,15.54,60.7974,786,0,0,2482,37.3868,37.4827,18.5152
32.7967,6.86451,0,6.86451,15.52,60.6711,766,0,0,2483,37.3927,37.4885,18.5136
32.816,4.71356,0,4.71356,15.52,60.6711,680,20,0,2484,37.4086,37.5044,18.5119
32.8273,6.33779,0,6.33779,15.5,60.5448,856,2,0,2485,37.4173,37.5131,18.5103
32.8493,6.81494,0,6.81494,15.5,60.5448,938,3,0,2486,37.4332,37.529,18.5071
32.8672,12.9753,0,12.9753,15.48,60.4186,1568,10,0,2488,37.463,37.5587,18.5054
32.883,7.60973,0,7.60973,15.48,60.4186,1113,0,0,2490,37.4751,37.5707,18.5022
32.8972,9.19969,0,9.19969,15.46,60.2923,1292,0,0,2491,37.5014,37.5969,18.5006
32.9112,1.7644,0,1.7644,15.46,60.2923,376,5,0,2492,37.4904,37.5859,18.4973
32.9282,11.9261,0,11.9261,15.44,60.166,1382,10,0,2494,37.5096,37.6051,18.4957
32.9433,5.59295,0,5.59295,15.44,60.166,850,6,0,2495,37.517,37.6124,18.4925
32.9624,13.7774,0,13.7774,15.42,60.0397,1591,14,0,2497,37.5439,37.6392,18.4909
32.9751,5.22874,0,5.22874,15.42,60.0397,804,2,0,2498,37.5484,37.6437,18.4876
32.9908,10.2426,0,10.2426,15.4,59.9135,1073,1,0,2500,37.5488,37.644,18.486
33.0146,12.6177,0,12.6177,15.4,59.9135,1594,12,0,2502,37.5767,37.6719,18.4828
33.0285,7.94168,0,7.94168,15.38,59.7872,922,0,0,2503,37.5885,37.6836,18.4812
33.059,17.3234,0,17.3234,15.38,59.7872,2119,4,0,2505,37.6367,37.7317,18.478
33.0707,5.12808,0,5.12808,15.36,59.6609,724,1,0,2506,37.6373,37.7322,18.4764
33.0882,2.75406,0,2.75406,15.36,59.6609,516,7,0,2507,37.6378,37.7327,18.4731
33.1067,12.2537,0,12.2537,15.34,59.5347,1476,10,0,2509,37.6608,37.7557,18.4715
33.1279,11.7485,0,11.7485,15.34,59.5347,1344,7,0,2511,37.673,37.7678,18.4683
34.1885,1053.79,1043.82,9.96554,15.32,59.4084,134115,1558,0,2513,37.2694,37.3737,18.4651
34.206,10.6649,0,10.6649,15.3,59.2821,1055,17,0,2515,37.2815,37.3857,18.4619
34.2217,6.91775,0,6.91775,15.3,59.2821,708,5,0,2516,37.2886,37.3927,18.4603
34.2343,7.40956,0,7.40956,15.28,59.1558,710,1,0,2517,37.2948,37.3989,18.4571
34.2592,12.358,0,12.358,15.28,59.1558,1472,0,0,2519,37.3168,37.4208,18.4555
34.2755,10.7582,0,10.7582,15.26,59.0296,1250,1,0,2521,37.3308,37.4347,18.4523
34.2968,11.2437,0,11.2437,15.26,59.0296,1515,18,0,2523,37.3583,37.4621,18.4491
34.3024,0.618452,0,0.618452,15.24,58.9033,190,0,0,2523,37.3583,37.4621,18.4475
34.3305,7.51039,0,7.51039,15.24,58.9033,882,7,0,2525,37.358,37.4618,18.4459
34.3388,3.52001,0,3.52001,15.22,58.777,482,13,0,2526,37.3555,37.4592,18.4428
34.3603,3.84989,0,3.84989,15.22,58.777,419,4,0,2527,37.3558,37.4594,18.4412
34.3776,12.579,0,12.579,15.2,58.6507,1605,32,0,2529,37.3839,37.4875,18.4396
34.3915,5.32131,0,5.32131,15.2,58.6507,810,1,0,2530,37.3941,37.4976,18.4364
34.4078,11.6515,0,11.6515,15.18,58.5245,1050,10,0,2532,37.4013,37.5047,18.4348
34.4174,0.011519,0,0.011519,15.18,58.5245,180,0,0,2532,37.4013,37.5047,18.4332
34.4314,9.39722,0,9.39722,15.16,58.3982,1254,6,0,2534,37.4148,37.5182,18.4316
34.4497,6.99228,0,6.99228,15.16,58.3982,702,0,0,2535,37.426,37.5294,18.4285
34.4621,7.20483,0,7.20483,15.14,58.2719,870,0,0,2536,37.4385,37.5418,18.4269
34.4787,3.68463,0,3.68463,15.14,58.2719,402,0,0,2537,37.4395,37.5428,18.4269
34.4982,14.3065,0,14.3065,15.12,58.1457,1698,15,0,2539,37.4742,37.5774,18.4237
34.5147,10.7672,0,10.7672,15.12,58.1457,1163,1,0,2541,37.4915,37.5946,18.4205
34.5355,15.7215,0,15.7215,15.1,58.0194,1739,0,0,2543,37.5305,37.6335,18.4174
34.5477,7.50164,0,7.50164,15.08,57.8931,1031,2,0,2544,37.5527,37.6557,18.4158
34.5737,12.6075,0,12.6075,15.08,57.8931,1343,35,0,2546,37.5664,37.6709,18.4126
34.5798,1.54192,0,1.54192,15.06,57.7668,324,0,0,2547,37.5567,37.6612,18.4095
34.6104,10.8559,0,10.8559,15.06,57.7668,1208,6,0,2549,37.5681,37.6724,18.4079
34.6307,14.9102,0,14.9102,15.04,57.6406,1628,16,0,2551,37.5974,37.7017,18.4048
34.6482,12.6733,0,12.6733,15.02,57.5143,1436,5,0,2553,37.6193,37.7235,18.4016
34.666,9.62059,0,9.62059,15.02,57.5143,1169,7,0,2555,37.6337,37.7378,18.3985
34.6711,0.376844,0,0.376844,15,57.388,204,0,0,2555,37.6337,37.7378,18.3969
34.7049,13.1534,0,13.1534,15,57.388,1514,23,0,2557,37.659,37.763,18.3953
35.2745,564.709,563.384,1.32487,14.98,57.2617,92914,1060,0,2557,37.4775,37.6171,18.3938
35.2885,8.26134,0,8.26134,14.96,59.5323,1015,0,0,2558,37.4988,37.6384,18.3922
35.3005,0.939885,0,0.939885,14.96,59.5323,121,0,0,2558,37.4988,37.6384,18.3922
35.3158,9.26327,0,9.26327,14.94,59.406,1084,9,0,2560,37.5141,37.6535,18.3906
35.334,8.05594,0,8.05594,14.94,59.406,987,8,0,2562,37.5183,37.6577,18.3875
35.3464,7.71603,0,7.71603,14.92,59.2798,879,15,0,2563,37.5373,37.6766,18.3859
35.3679,9.73487,0,9.73487,14.92,59.2798,1047,7,0,2565,37.5446,37.6838,18.3828
35.3832,10.6784,0,10.6784,14.9,59.1535,1130,2,0,2567,37.573,37.7121,18.3797
35.3996,7.61081,0,7.61081,14.9,59.1535,880,21,0,2568,37.5876,37.7266,18.3765
35.4158,12.1401,0,12.1401,14.88,59.0272,1281,4,0,2570,37.6086,37.7475,18.375
35.4371,12.6148,0,12.6148,14.88,59.0272,1490,5,0,2572,37.6322,37.771,18.3719
35.4448,3.04686,0,3.04686,14.86,58.901,371,1,0,2573,37.6327,37.7715,18.3703
35.4695,7.93927,0,7.93927,14.86,58.901,953,6,0,2574,37.6503,37.789,18.3687
35.4815,7.21011,0,7.21011,14.84,58.7747,946,0,0,2575,37.668,37.8066,18.3656
35.5038,9.60461,0,9.60461,14.84,58.7747,1066,12,0,2577,37.6775,37.8161,18.3641
35.5155,6.92154,0,6.92154,14.82,58.6484,867,23,0,2578,37.692,37.8305,18.3625
35.5345,5.90345,0,5.90345,14.82,58.6484,802,7,0,2579,37.7057,37.8441,18.361
35.5459,6.66882,0,6.66882,14.8,58.5221,873,10,0,2580,37.7225,37.8609,18.3594
35.5676,8.45937,0,8.45937,14.8,58.5221,672,0,0,2581,37.7458,37.8842,18.3579
35.5728,0.462583,0,0.462583,14.78,58.3959,130,0,0,2581,37.7458,37.8842,18.3563
35.5965,4.26068,0,4.26068,14.78,58.3959,404,0,0,2582,37.7502,37.8885,18.3548
35.6138,13.1845,0,13.1845,14.76,58.2696,1668,2,0,2584,37.7817,37.9199,18.3532
35.6319,10.0146,0,10.0146,14.76,58.2696,998,0,0,2586,37.7908,37.9288,18.3501
35.6475,10.766,0,10.766,14.74,58.1433,1197,16,0,2587,37.8121,37.9501,18.3486
35.6684,11.6088,0,11.6088,14.74,58.1433,1372,6,0,2589,37.8382,37.9761,18.3455
35.6925,19.1586,0,19.1586,14.72,58.017,1696,17,0,2591,37.8703,38.0077,18.3424
35.7081,11.5034,0,11.5034,14.7,57.8908,1510,13,0,2593,37.8939,38.0312,18.3393
35.7253,7.2619,0,7.2619,14.7,57.8908,1019,2,0,2594,37.914,38.0513,18.3377
35.7298,0.430991,0,0.430991,14.68,57.7645,143,0,0,2594,37.914,38.0513,18.3362
35.7512,0.480047,0,0.480047,14.68,57.7645,143,0,0,2594,37.914,38.0513,18.3362
35.761,5.46049,0,5.46049,14.66,57.6382,635,5,0,2595,37.926,38.0632,18.3362
35.7823,5.86454,0,5.86454,14.66,57.6382,771,22,0,2596,37.9361,38.0732,18.3346
35.7868,0.205995,0,0.205995,14.64,57.512,137,0,0,2596,37.9361,38.0732,18.3331
35.8117,4.23397,0,4.23397,14.64,57.512,517,1,0,2597,37.9361,38.0732,18.3316
35.8196,3.21086,0,3.21086,14.62,57.3857,359,0,0,2597,37.9361,38.0732,18.3316
35.8447,7.43094,0,7.43094,14.62,57.3857,706,0,0,2598,37.9438,38.0808,18.3316
35.8542,4.96582,0,4.96582,14.6,57.2594,537,0,0,2599,37.9446,38.0816,18.3285
35.8728,2.91368,0,2.91368,14.6,57.2594,497,3,0,2600,37.9438,38.0808,18.3285
35.8781,0.858589,0,0.858589,14.58,57.1331,127,0,0,2600,37.9438,38.0808,18.3269
35.9026,4.91722,0,4.91722,14.58,57.1331,537,0,0,2601,37.945,38.0819,18.3269
35.9083,0.76256,0,0.76256,14.56,57.0069,127,0,0,2601,37.945,38.0819,18.3254
35.9418,14.3716,0,14.3716,14.56,57.0069,1418,6,0,2603,37.9808,38.1176,18.3239
35.9579,11.153,0,11.153,14.54,56.8806,1149,16,0,2605,37.9946,38.1313,18.3208
35.9711,4.08984,0,4.08984,14.54,56.8806,562,0,0,2606,37.9981,38.1347,18.3193
35.98,4.60861,0,4.60861,14.52,56.7543,499,8,0,2607,37.9996,38.1362,18.3177
36.0043,8.42389,0,8.42389,14.52,56.7543,838,1,0,2608,38.0184,38.1549,18.3147
36.0156,5.9722,0,5.9722,14.5,56.628,584,1,0,2609,38.0287,38.1652,18.3147
36.0417,12.6834,0,12.6834,14.5,56.628,1393,11,0,2611,38.0483,38.1846,18.3116
36.0603,13.6692,0,13.6692,14.48,56.5018,1584,11,0,2613,38.0754,38.2116,18.3085
36.0761,9.1125,0,9.1125,14.48,56.5018,1134,4,0,2614,38.0998,38.236,18.307
36.0849,4.71503,0,4.71503,14.46,56.3755,615,0,0,2615,38.1044,38.2405,18.304
36.116,14.6491,0,14.6491,14.46,56.3755,1595,18,0,2617,38.1337,38.2686,18.3024
36.121,0.726581,0,0.726581,14.44,56.2492,128,0,0,2617,38.1337,38.2686,18.3009
36.1518,10.15,0,10.15,14.44,56.2492,1288,5,0,2619,38.1493,38.2841,18.2994
36.1687,12.3362,0,12.3362,14.42,56.123,1470,9,0,2621,38.1747,38.3094,18.2963
36.189,11.3236,0,11.3236,14.42,56.123,1130,39,0,2623,38.196,38.3305,18.2933
36.1987,5.14411,0,5.14411,14.4,55.9967,601,0,0,2624,38.1993,38.3338,18.2902
36.2267,11.7753,0,11.7753,14.4,55.9967,1208,8,0,2626,38.2159,38.3503,18.2887
36.247,14.8055,0,14.8055,14.38,55.8704,1437,1,0,2628,38.2443,38.3786,18.2857
36.2627,11.0887,0,11.0887,14.38,55.8704,1202,8,0,2630,38.2597,38.3939,18.2826
36.2777,9.70405,0,9.70405,14.36,55.7441,1017,0,0,2632,38.2717,38.4058,18.2796
36.3021,14.6573,0,14.6573,14.36,55.7441,1900,13,0,2634,38.3132,38.4472,18.2766
36.3181,10.7313,0,10.7313,14.34,55.6179,1173,9,0,2636,38.3244,38.4583,18.2735
36.338,10.5846,0,10.5846,14.34,55.6179,1158,2,0,2638,38.3397,38.4735,18.2705
36.348,4.75474,0,4.75474,14.32,55.4916,577,2,0,2639,38.3418,38.4756,18.269
36.3763,12.5033,0,12.5033,14.32,55.4916,1472,3,0,2641,38.3658,38.4994,18.266
36.3931,11.918,0,11.918,14.3,55.3653,1397,1,0,2643,38.3844,38.518,18.263
36.4126,10.1461,0,10.1461,14.3,55.3653,1261,18,0,2645,38.4038,38.5372,18.26
37.5847,1167.2,1160.66,6.54172,14.28,55.2391,164654,1435,0,2646,38.158,38.2997,18.2569
37.6024,11.3829,0,11.3829,14.26,55.1128,1381,10,0,2648,38.1775,38.3191,18.2554
37.6156,4.60074,0,4.60074,14.26,55.1128,630,16,0,2649,38.1823,38.3239,18.2539
37.6259,5.24227,0,5.24227,14.24,54.9865,787,12,0,2650,38.1917,38.3332,18.2509
37.6408,0.176559,0,0.176559,14.24,54.9865,157,0,0,2650,38.1917,38.3332,18.2509
37.6511,5.74949,0,5.74949,14.22,54.8602,655,0,0,2651,38.1969,38.3384,18.2494
37.6692,2.48151,0,2.48151,14.22,54.8602,410,0,0,2652,38.1916,38.333,18.2479
37.6791,5.15842,0,5.15842,14.2,54.734,670,14,0,2654,38.1816,38.3229,18.2464
37.7068,11.7581,0,11.7581,14.2,54.734,1364,30,0,2656,38.2101,38.3513,18.2434
37.7174,6.05416,0,6.05416,14.18,54.6077,652,5,0,2657,38.2153,38.3564,18.2419
37.744,11.6681,0,11.6681,14.18,54.6077,1522,38,0,2659,38.2396,38.3806,18.2389
37.7543,4.8599,0,4.8599,14.16,54.4814,706,16,0,2660,38.2451,38.3861,18.2359
37.7799,10.5755,0,10.5755,14.16,54.4814,1418,5,0,2662,38.2648,38.4057,18.2344
37.786,0.702943,0,0.702943,14.14,54.3551,176,0,0,2662,38.2648,38.4057,18.2329
37.8102,4.92062,0,4.92062,14.14,54.3551,545,0,0,2663,38.2704,38.4112,18.2329
37.8234,7.77273,0,7.77273,14.12,54.2289,992,8,0,2665,38.2728,38.4135,18.2299
37.8497,13.8674,0,13.8674,14.12,54.2289,1484,15,0,2667,38.3052,38.4458,18.227
37.8691,13.4534,0,13.4534,14.1,54.1026,1699,2,0,2669,38.338,38.4785,18.224
37.8892,13.5775,0,13.5775,14.1,54.1026,1502,18,0,2671,38.3609,38.4998,18.221
37.9044,9.59257,0,9.59257,14.08,53.9763,1192,15,0,2673,38.3715,38.5103,18.218
37.9289,13.5983,0,13.5983,14.08,53.9763,1447,21,0,2675,38.3978,38.5361,18.215
37.9397,5.90574,0,5.90574,14.06,53.8501,826,20,0,2676,38.4122,38.5504,18.2121
37.9652,10.3743,0,10.3743,14.06,53.8501,1312,16,0,2678,38.4257,38.5639,18.2106
37.9766,6.66402,0,6.66402,14.04,53.7238,952,5,0,2679,38.4401,38.5782,18.2076
37.9919,0.520852,0,0.520852,14.04,53.7238,182,0,0,2679,38.4401,38.5782,18.2076
38.0068,10.0387,0,10.0387,14.02,53.5975,1285,2,0,2681,38.4521,38.5901,18.2061
38.0275,9.86258,0,9.86258,14.02,53.5975,1390,11,0,2683,38.4726,38.6105,18.2032
38.0425,10.0012,0,10.0012,14,53.4712,1165,0,0,2685,38.4823,38.6201,18.2002
38.0618,7.82494,0,7.82494,14,53.4712,1074,12,0,2686,38.5015,38.6392,18.1987
38.0772,10.3787,0,10.3787,13.98,53.345,1284,24,0,2688,38.5141,38.6518,18.1958
38.0972,8.96551,0,8.96551,13.98,53.345,1099,0,0,2689,38.5344,38.672,18.1928
38.1089,6.68477,0,6.68477,13.96,53.2187,829,4,0,2690,38.5457,38.6833,18.1913
38.1326,9.14391,0,9.14391,13.96,53.2187,1012,2,0,2691,38.5611,38.6997,18.1913
38.1428,5.06128,0,5.06128,13.94,53.0924,508,0,0,2692,38.5583,38.6969,18.1898
38.1608,1.47892,0,1.47892,13.94,53.0924,207,0,0,2692,38.5583,38.6969,18.1884
38.176,10.2914,0,10.2914,13.92,52.9661,1368,46,0,2694,38.5772,38.7157,18.1869
38.1914,4.10168,0,4.10168,13.92,52.9661,607,0,0,2695,38.5777,38.7161,18.1854
38.2048,8.37852,0,8.37852,13.9,52.8399,1067,0,0,2697,38.581,38.7193,18.1825
38.2283,10.3874,0,10.3874,13.9,52.8399,1301,7,0,2699,38.5984,38.7366,18.1795
38.2413,8.00714,0,8.00714,13.88,52.7136,852,0,0,2700,38.6159,38.7541,18.1781
38.2657,11.444,0,11.444,13.88,52.7136,1265,6,0,2702,38.6329,38.7713,18.1751
38.2779,4.03121,0,4.03121,13.86,52.5873,538,0,0,2703,38.6297,38.768,18.1722
38.3111,17.6401,0,17.6401,13.86,52.5873,1806,22,0,2705,38.6603,38.7985,18.1707
38.3315,14.0419,0,14.0419,13.84,52.4611,1874,24,0,2707,38.6941,38.8323,18.1678
38.3477,8.75171,0,8.75171,13.82,52.3348,1026,4,0,2708,38.7145,38.8527,18.1649
38.3676,8.50031,0,8.50031,13.82,52.3348,888,1,0,2709,38.7298,38.8678,18.1649
38.3782,4.8501,0,4.8501,13.8,52.2085,727,1,0,2710,38.7339,38.872,18.1619
38.3993,4.79844,0,4.79844,13.8,52.2085,787,9,0,2711,38.7403,38.8783,18.1605
38.406,1.23666,0,1.23666,13.78,52.0822,227,0,0,2711,38.7403,38.8783,18.1605
38.4319,5.82963,0,5.82963,13.78,52.0822,690,14,0,2713,38.739,38.8769,18.159
38.4384,0.78328,0,0.78328,13.76,51.956,217,0,0,2713,38.739,38.8769,18.1575
38.4684,9.34526,0,9.34526,13.76,51.956,909,1,0,2715,38.744,38.8818,18.1561
38.483,7.98726,0,7.98726,13.74,51.7138,839,0,0,2717,38.7383,38.876,18.1532
38.5069,12.3783,0,12.3783,13.74,51.7138,1619,4,0,2719,38.7617,38.8992,18.1502
38.5172,4.04467,0,4.04467,13.72,51.4759,592,0,0,2720,38.7629,38.9004,18.1488
38.5404,7.60012,0,7.60012,13.72,51.4759,1078,8,0,2721,38.7799,38.9173,18.1473
39.1865,639.695,629.107,10.5878,13.7,51.2381,105461,1511,0,2723,38.5942,38.7231,18.1444
39.1986,5.8078,0,5.8078,13.68,51.0003,705,12,0,2724,38.6024,38.7313,18.1415
39.2182,4.95069,0,4.95069,13.68,51.0003,621,0,0,2725,38.6066,38.7354,18.14
39.2239,1.3858,0,1.3858,13.66,50.7624,135,0,0,2725,38.6066,38.7354,18.14
39.2529,8.72157,0,8.72157,13.66,50.7624,1182,14,0,2727,38.6179,38.7466,18.1386
39.2712,13.0883,0,13.0883,13.64,50.5246,1602,32,0,2729,38.6442,38.7728,18.1357
39.2835,3.7025,0,3.7025,13.64,50.5246,437,4,0,2730,38.6491,38.7777,18.1328
39.293,5.07115,0,5.07115,13.62,50.2868,685,2,0,2731,38.6547,38.7832,18.1313
39.3171,7.86393,0,7.86393,13.62,50.2868,1005,5,0,2732,38.6629,38.7914,18.1299
39.3346,12.9523,0,12.9523,13.6,50.0489,1551,22,0,2734,38.6862,38.8146,18.1284
39.3488,5.85805,0,5.85805,13.6,50.0489,631,1,0,2735,38.698,38.8263,18.1255
39.3617,8.36787,0,8.36787,13.58,49.8111,839,0,0,2736,38.7153,38.8436,18.1255
39.3895,14.5635,0,14.5635,13.58,49.8111,1743,5,0,2738,38.7469,38.8751,18.1226
39.4018,7.4266,0,7.4266,13.56,49.5733,917,5,0,2739,38.7609,38.889,18.1212
39.4232,7.56246,0,7.56246,13.56,49.5733,983,16,0,2741,38.764,38.892,18.1183
39.4337,5.7801,0,5.7801,13.54,49.3354,840,18,0,2742,38.7753,38.9034,18.1154
39.457,7.78192,0,7.78192,13.54,49.3354,1008,5,0,2743,38.7955,38.9234,18.1154
39.4738,11.4988,0,11.4988,13.52,49.0976,1189,3,0,2745,38.8146,38.9424,18.1125
39.4848,1.25685,0,1.25685,13.52,49.0976,155,0,0,2745,38.8146,38.9424,18.1111
39.4938,4.29971,0,4.29971,13.5,48.8598,536,4,0,2746,38.8161,38.9439,18.1097
39.5118,1.03138,0,1.03138,13.5,48.8598,151,0,0,2746,38.8161,38.9439,18.1097
39.8535,337.042,331.638,5.40434,13.48,48.6219,59320,292,0,2747,38.7295,38.8821,18.1082
39.8668,5.5855,0,5.5855,13.46,48.3841,781,14,0,2748,38.738,38.8905,18.1082
39.8919,11.126,0,11.126,13.46,48.3841,1348,10,0,2750,38.7556,38.908,18.1053
39.914,16.644,0,16.644,13.44,48.1463,2105,17,0,2752,38.7983,38.9506,18.1025
39.9252,6.43068,0,6.43068,13.42,47.9084,931,5,0,2754,38.7981,38.9503,18.0996
39.946,5.7591,0,5.7591,13.42,47.9084,551,0,0,2755,38.7982,38.9503,18.0981
39.9623,11.7698,0,11.7698,13.4,47.6706,1671,7,0,2757,38.8252,38.9771,18.0953
39.9728,1.28619,0,1.28619,13.4,47.6706,151,0,0,2757,38.8252,38.9771,18.0938
39.9878,10.0795,0,10.0795,13.38,47.4328,1360,4,0,2759,38.8427,38.9946,18.0924
40.0104,11.5792,0,11.5792,13.38,47.4328,1581,9,0,2761,38.866,39.0177,18.0895
40.0224,7.12797,0,7.12797,13.36,47.1949,1004,7,0,2762,38.8823,39.034,18.0867
40.0371,0.840832,0,0.840832,13.36,47.1949,164,0,0,2762,38.8823,39.034,18.0867
40.0537,11.7289,0,11.7289,13.34,46.9571,1496,2,0,2764,38.9067,39.0582,18.0853
40.0696,6.42774,0,6.42774,13.34,46.9571,738,13,0,2765,38.9172,39.0687,18.0838
40.0756,0.696161,0,0.696161,13.32,46.7193,167,0,0,2765,38.9172,39.0687,18.0824
40.111,15.1008,0,15.1008,13.32,46.7193,1962,9,0,2767,38.9577,39.1091,18.081
40.1265,10.4621,0,10.4621,13.3,46.4814,1381,9,0,2768,38.987,39.1384,18.0795
40.1425,4.99255,0,4.99255,13.3,46.4814,584,0,0,2769,38.9884,39.1398,18.0781
40.1482,0.397644,0,0.397644,13.28,46.2436,189,0,0,2769,38.9884,39.1398,18.0767
40.1745,5.52394,0,5.52394,13.28,46.2436,748,1,0,2770,38.9971,39.1484,18.0767
40.1833,3.80798,0,3.80798,13.26,46.0058,516,0,0,2771,38.9949,39.1462,18.0738
40.2024,1.50897,0,1.50897,13.26,46.0058,310,0,0,2771,38.9949,39.1462,18.0738
40.2125,5.16812,0,5.16812,13.24,45.7679,766,1,0,2772,39.0018,39.153,18.0724
40.2336,5.264,0,5.264,13.24,45.7679,778,0,0,2773,39.0094,39.1605,18.071
40.2488,10.1128,0,10.1128,13.22,45.5301,1299,13,0,2775,39.0245,39.1755,18.0696
40.2746,14.7957,0,14.7957,13.22,45.5301,1771,11,0,2777,39.0573,39.2081,18.0667
40.2921,12.0788,0,12.0788,13.2,45.2923,1496,12,0,2779,39.0766,39.2274,18.0639
40.3068,5.56084,0,5.56084,13.2,45.2923,746,0,0,2780,39.0831,39.2338,18.061
40.3254,13.6684,0,13.6684,13.18,45.0525,1528,19,0,2782,39.1075,39.2581,18.0596
40.348,14.7125,0,14.7125,13.18,45.0525,1722,11,0,2784,39.143,39.2935,18.0568
40.3601,6.7911,0,6.7911,13.16,44.8972,919,0,0,2785,39.1562,39.3066,18.0539
40.3897,15.0968,0,15.0968,13.16,44.8972,1643,0,0,2787,39.1945,39.3448,18.0525
40.4031,7.46998,0,7.46998,13.14,44.7418,982,3,0,2788,39.2098,39.3601,18.0497
40.4293,14.2513,0,14.2513,13.14,44.7418,1506,8,0,2790,39.2362,39.3864,18.0483
40.4483,13.2074,0,13.2074,13.12,44.5869,1646,10,0,2792,39.2622,39.4122,18.0455
40.4569,0.935271,0,0.935271,13.12,44.5869,169,0,0,2792,39.2622,39.4122,18.044
40.4718,9.95964,0,9.95964,13.1,44.4321,1212,19,0,2794,39.2731,39.423,18.0426
40.4964,14.3779,0,14.3779,13.1,44.4321,1654,3,0,2796,39.2986,39.4485,18.0398
40.5099,7.72187,0,7.72187,13.08,44.2773,1019,0,0,2797,39.3157,39.4655,18.0384
40.5319,8.76931,0,8.76931,13.08,44.2773,1069,0,0,2798,39.3352,39.485,18.0356
40.5466,9.76422,0,9.76422,13.06,44.1224,1005,0,0,2800,39.3407,39.4904,18.0342
40.5626,4.5119,0,4.5119,13.06,44.1224,722,3,0,2801,39.3467,39.4963,18.0328
40.5744,6.94841,0,6.94841,13.04,43.9681,773,12,0,2802,39.3587,39.5082,18.03
40.5959,6.92279,0,6.92279,13.04,43.9681,945,0,0,2804,39.3588,39.5082,18.0286
40.6143,13.4995,0,13.4995,13.02,43.8137,1383,50,0,2806,39.377,39.5242,18.0257
40.6306,8.32497,0,8.32497,13.02,43.8137,1031,15,0,2807,39.3905,39.5376,18.0243
40.6453,9.89563,0,9.89563,13,43.6594,894,0,0,2808,39.4014,39.5484,18.0229
40.6715,14.3708,0,14.3708,13,43.6594,1696,9,0,2810,39.4349,39.5819,18.0201
40.6859,9.25824,0,9.25824,12.98,43.505,1205,3,0,2812,39.4438,39.5907,18.0173
40.7076,9.68169,0,9.68169,12.98,43.505,1307,33,0,2814,39.4606,39.6073,18.0145
40.7206,7.69424,0,7.69424,12.96,43.3507,1035,3,0,2815,39.4774,39.6242,18.0117
40.7434,9.53951,0,9.53951,12.96,43.3507,1151,19,0,2817,39.4863,39.6329,18.0103
40.7488,0.377516,0,0.377516,12.94,43.1964,165,0,0,2817,39.4863,39.6329,18.0089
40.7778,8.2635,0,8.2635,12.94,43.1964,977,1,0,2818,39.5018,39.6483,18.0089
40.8002,17.4692,0,17.4692,12.92,43.0421,2042,20,0,2820,39.5401,39.6865,18.0061
40.8143,7.68948,0,7.68948,12.9,42.8878,1082,19,0,2821,39.5544,39.7008,18.0047
40.8365,9.42559,0,9.42559,12.9,42.8878,924,8,0,2823,39.5646,39.7109,18.002
40.8511,9.03054,0,9.03054,12.88,42.7335,1129,0,0,2824,39.5843,39.7305,18.0006
40.8787,15.518,0,15.518,12.88,42.7335,2035,17,0,2826,39.6214,39.7675,17.9978
40.886,1.16862,0,1.16862,12.86,42.5793,198,0,0,2826,39.6214,39.7675,17.9964
40.9138,9.05095,0,9.05095,12.86,42.5793,1160,6,0,2828,39.628,39.774,17.995
40.9206,0.950919,0,0.950919,12.84,42.425,198,0,0,2828,39.628,39.774,17.9936
40.9467,7.06629,0,7.06629,12.84,42.425,998,9,0,2830,39.6283,39.7742,17.9922
40.9609,8.21905,0,8.21905,12.82,42.2707,821,4,0,2831,39.6383,39.7842,17.9894
40.984,11.5388,0,11.5388,12.82,42.2707,1561,24,0,2833,39.6615,39.8073,17.988
40.9925,2.09071,0,2.09071,12.8,42.1164,407,3,0,2834,39.6546,39.8003,17.9867
41.0151,4.76496,0,4.76496,12.8,42.1164,647,4,0,2835,39.6561,39.8018,17.9839
41.0277,6.3253,0,6.3253,12.78,41.9621,983,8,0,2836,39.6693,39.8149,17.9825
41.0454,4.24642,0,4.24642,12.78,41.9621,723,10,0,2837,39.6732,39.8188,17.9825
41.0535,1.82222,0,1.82222,12.76,41.8078,309,0,0,2837,39.6732,39.8188,17.9811
41.0847,12.9972,0,12.9972,12.76,41.8078,1682,25,0,2839,39.6978,39.8433,17.9797
41.092,0.826046,0,0.826046,12.74,41.6535,216,0,0,2839,39.6978,39.8433,17.9783
41.1224,11.1414,0,11.1414,12.74,41.6535,1268,2,0,2841,39.7114,39.8567,17.977
41.1305,1.71665,0,1.71665,12.72,41.4992,219,0,0,2841,39.7114,39.8567,17.9756
41.1514,1.7992,0,1.7992,12.72,41.4992,339,4,0,2842,39.7016,39.8469,17.9756
41.1641,7.3436,0,7.3436,12.7,41.3449,936,0,0,2843,39.7137,39.859,17.9742
41.1876,10.0807,0,10.0807,12.7,41.3449,1196,7,0,2845,39.722,39.8671,17.9714
41.2003,6.16998,0,6.16998,12.68,41.1906,886,2,0,2846,39.7319,39.877,17.9701
41.2205,5.89611,0,5.89611,12.68,41.1906,705,2,0,2847,39.7366,39.8816,17.9687
41.2317,5.43556,0,5.43556,12.66,41.0363,765,9,0,2848,39.7416,39.8866,17.9673
41.2568,9.37805,0,9.37805,12.66,41.0363,1296,9,0,2850,39.7516,39.8965,17.9645
41.2688,6.38186,0,6.38186,12.64,40.882,951,7,0,2851,39.7629,39.9078,17.9618
41.2943,10.6984,0,10.6984,12.64,40.882,1328,14,0,2853,39.7774,39.9222,17.9604
41.3007,0.954261,0,0.954261,12.62,40.7277,240,0,0,2853,39.7774,39.9222,17.959
41.3349,13.7589,0,13.7589,12.62,40.7277,1849,4,0,2855,39.8063,39.951,17.9576
41.3474,6.60084,0,6.60084,12.6,40.5735,777,4,0,2856,39.8109,39.9555,17.9563
41.3626,0.68204,0,0.68204,12.6,40.5735,247,0,0,2856,39.8109,39.9555,17.9549
41.3846,16.3568,0,16.3568,12.58,40.4192,2177,18,0,2858,39.8506,39.9951,17.9535
41.3965,5.48293,0,5.48293,12.56,40.2649,734,0,0,2859,39.8541,39.9986,17.9522
41.4115,1.05511,0,1.05511,12.56,40.2649,234,0,0,2859,39.8541,39.9986,17.9508
41.4237,5.62159,0,5.62159,12.54,40.1106,865,3,0,2860,39.8626,40.007,17.9508
41.4385,0.866779,0,0.866779,12.54,40.1106,237,0,0,2860,39.8626,40.007,17.9494
41.455,9.77241,0,9.77241,12.52,39.9563,978,5,0,2862,39.8655,40.0098,17.948
41.4692,3.03836,0,3.03836,12.52,39.9563,246,0,0,2862,39.8655,40.0098,17.9467
41.4909,13.415,0,13.415,12.5,39.802,1127,10,0,2863,39.8833,40.0276,17.9467
41.5055,7.80638,0,7.80638,12.48,39.6477,979,4,0,2864,39.9012,40.0454,17.9453
41.5192,0.906543,0,0.906543,12.48,39.6477,256,0,0,2864,39.9012,40.0454,17.9439
41.5366,11.6445,0,11.6445,12.46,39.4934,1663,1,0,2866,39.9222,40.0663,17.9426
41.5528,6.40137,0,6.40137,12.46,39.4934,997,2,0,2867,39.9334,40.0774,17.9412
41.5695,10.7834,0,10.7834,12.44,39.3391,1317,10,0,2869,39.9453,40.0892,17.9385
41.5835,3.40737,0,3.40737,12.44,39.3391,543,0,0,2870,39.9415,40.0854,17.9371
41.5906,1.20664,0,1.20664,12.42,39.1848,256,0,0,2870,39.9415,40.0854,17.9357
41.6177,7.00155,0,7.00155,12.42,39.1848,909,5,0,2871,39.9565,40.1003,17.9344
41.6243,0.803945,0,0.803945,12.4,39.0305,273,0,0,2871,39.9565,40.1003,17.9344
41.6518,6.78867,0,6.78867,12.4,39.0305,942,2,0,2872,39.968,40.1118,17.933
41.6586,0.950963,0,0.950963,12.38,38.8762,273,0,0,2872,39.968,40.1118,17.933
41.6902,11.0086,0,11.0086,12.38,38.8762,1286,0,0,2873,39.9916,40.1354,17.9316
41.7049,8.05691,0,8.05691,12.36,38.7219,1013,3,0,2874,40.0056,40.1493,17.9316
41.7263,8.0927,0,8.0927,12.36,38.7219,1106,3,0,2875,40.025,40.1687,17.9289
41.7334,0.707573,0,0.707573,12.34,38.5676,299,0,0,2875,40.025,40.1687,17.9289
41.7645,10.2919,0,10.2919,12.34,38.5676,1357,6,0,2877,40.0368,40.1804,17.9275
41.7774,5.64114,0,5.64114,12.32,38.4134,863,0,0,2878,40.0424,40.1859,17.9248
41.8093,16.9218,0,16.9218,12.32,38.4134,2263,11,0,2880,40.0826,40.226,17.9234
41.8251,8.46198,0,8.46198,12.3,38.2591,1297,8,0,2882,40.0899,40.2332,17.9207
41.8381,1.5236,0,1.5236,12.3,38.2591,323,0,0,2882,40.0899,40.2332,17.9194
41.8548,9.42348,0,9.42348,12.28,38.1048,1363,14,0,2884,40.0981,40.2413,17.918
41.8752,9.77717,0,9.77717,12.28,38.1048,1361,5,0,2886,40.1091,40.2523,17.9153
41.8886,5.77744,0,5.77744,12.26,37.9505,904,2,0,2887,40.115,40.2581,17.9139
41.9097,7.20958,0,7.20958,12.26,37.9505,1134,4,0,2889,40.1194,40.2624,17.9112
41.9232,5.57533,0,5.57533,12.24,37.7962,934,0,0,2891,40.1121,40.2549,17.9085
41.9471,9.58365,0,9.58365,12.24,37.7962,1339,11,0,2893,40.1224,40.2651,17.9058
41.9611,6.18592,0,6.18592,12.22,37.6419,1004,6,0,2894,40.1313,40.274,17.9031
41.9792,3.54653,0,3.54653,12.22,37.6419,634,0,0,2895,40.1275,40.2701,17.9031
41.9942,7.8722,0,7.8722,12.2,37.4876,1115,2,0,2896,40.1364,40.279,17.9017
42.0135,5.75898,0,5.75898,12.2,37.4876,839,1,0,2897,40.1398,40.2824,17.899
42.022,1.77775,0,1.77775,12.18,37.3333,358,0,0,2897,40.1398,40.2824,17.899
42.0497,7.7804,0,7.7804,12.18,37.3333,1261,0,0,2898,40.1587,40.3012,17.8977
42.0582,1.7452,0,1.7452,12.16,37.179,365,0,0,2898,40.1587,40.3012,17.8977
42.0859,7.71255,0,7.71255,12.16,37.179,1087,0,0,2899,40.1742,40.3167,17.8963
42.1048,11.7731,0,11.7731,12.14,37.0247,1518,3,0,2901,40.1913,40.3337,17.895
42.1205,6.44908,0,6.44908,12.14,37.0247,1043,11,0,2902,40.2037,40.346,17.8936
42.1288,0.821377,0,0.821377,12.12,36.8704,428,0,0,2902,40.2037,40.346,17.8923
42.1525,3.40276,0,3.40276,12.12,36.8704,806,2,0,2903,40.2029,40.3452,17.8923
42.1669,6.9128,0,6.9128,12.1,36.7161,1329,0,0,2904,40.219,40.3612,17.8909
42.1883,7.03611,0,7.03611,12.1,36.7161,1283,7,0,2905,40.2327,40.3749,17.8896
42.1997,3.47439,0,3.47439,12.08,36.5618,883,0,0,2906,40.233,40.3751,17.8869
42.2207,3.02831,0,3.02831,12.08,36.5618,833,2,0,2907,40.2315,40.3736,17.8856
42.234,5.45718,0,5.45718,12.06,36.4076,946,0,0,2908,40.2342,40.3762,17.8856
42.2562,6.11516,0,6.11516,12.06,36.4076,1070,0,0,2909,40.2403,40.3823,17.8829
42.2713,7.2148,0,7.2148,12.04,36.2533,1024,0,0,2910,40.2443,40.3863,17.8829
42.2867,1.30261,0,1.30261,12.04,36.2533,504,0,0,2910,40.2443,40.3863,17.8815
42.3059,10.7533,0,10.7533,12.02,36.099,1664,9,0,2912,40.2558,40.3977,17.8802
42.3301,13.5629,0,13.5629,12.02,36.099,1924,6,0,2914,40.2831,40.4248,17.8775
42.3509,10.981,0,10.981,12,35.9447,1872,3,0,2916,40.3045,40.4462,17.8748
42.3722,12.8936,0,12.8936,11.98,35.7904,2059,3,0,2918,40.329,40.4705,17.8721
42.3942,12.3859,0,12.3859,11.96,35.6361,2133,1,0,2920,40.3534,40.4949,17.8695
42.4113,7.56062,0,7.56062,11.94,35.4818,1464,2,0,2921,40.3677,40.5091,17.8668
42.4334,8.17563,0,8.17563,11.94,35.4818,1614,11,0,2922,40.3871,40.5284,17.8668
42.4487,4.87676,0,4.87676,11.92,35.3275,1251,8,0,2923,40.3938,40.5351,17.8641
42.4715,7.60474,0,7.60474,11.92,35.3275,1224,5,0,2925,40.3911,40.5323,17.8628
42.4876,5.93094,0,5.93094,11.9,35.1732,1185,6,0,2926,40.3999,40.541,17.8614
42.5131,11.7465,0,11.7465,11.9,35.1732,2199,9,0,2928,40.4245,40.5656,17.8588
42.5285,5.15879,0,5.15879,11.88,35.0189,1192,2,0,2930,40.4143,40.5553,17.8561
42.5573,13.2001,0,13.2001,11.88,35.0189,2322,6,0,2932,40.4427,40.5836,17.8534
42.5754,8.23282,0,8.23282,11.86,34.8646,1537,0,0,2933,40.4599,40.6008,17.8508
42.6017,13.0775,0,13.0775,11.86,34.8646,2108,8,0,2935,40.4831,40.6239,17.8494
42.625,12.6681,0,12.6681,11.84,34.7103,1797,0,0,2936,40.5051,40.6458,17.8481
42.6397,4.77918,0,4.77918,11.82,34.556,1149,0,0,2937,40.507,40.6476,17.8468
42.6574,0.577442,0,0.577442,11.82,34.556,719,0,0,2937,40.507,40.6476,17.8454
42.6678,0.455511,0,0.455511,11.8,34.4017,719,0,0,2937,40.507,40.6476,17.8454
42.7003,11.2071,0,11.2071,11.8,34.4017,2079,7,0,2939,40.5257,40.6662,17.8441
42.7196,8.51028,0,8.51028,11.78,34.2475,1407,0,0,2941,40.5264,40.6668,17.8415
42.7445,13.4882,0,13.4882,11.78,34.2475,2118,2,0,2943,40.5498,40.6901,17.8388
42.7689,13.1379,0,13.1379,11.76,34.0932,2251,12,0,2945,40.5783,40.7185,17.8362
42.7857,5.94914,0,5.94914,11.74,33.9389,1260,4,0,2946,40.5842,40.7244,17.8335
42.804,4.73835,0,4.73835,11.74,33.9389,1236,1,0,2947,40.5874,40.7275,17.8322
42.8217,6.24529,0,6.24529,11.72,33.7846,1224,5,0,2948,40.5923,40.7324,17.8322
42.8398,4.13991,0,4.13991,11.72,33.7846,1156,0,0,2949,40.5924,40.7325,17.8309
42.8589,8.42421,0,8.42421,11.7,33.6303,1318,0,0,2950,40.6132,40.7532,17.8282
42.8789,7.2693,0,7.2693,11.7,33.6303,1243,1,0,2951,40.6198,40.7597,17.8269
42.902,12.4208,0,12.4208,11.68,33.476,1881,0,0,2953,40.6319,40.7718,17.8256
44.8044,1890.47,1874.05,16.4199,11.66,33.3217,327408,2658,0,2955,40.1042,40.2687,17.8229
44.8185,6.00492,0,6.00492,11.64,33.1674,1115,42,0,2956,40.116,40.2804,17.8203
44.839,7.189,0,7.189,11.64,33.1674,1213,6,0,2957,40.1309,40.2952,17.8203
44.854,8.22745,0,8.22745,11.62,33.0131,1343,10,0,2959,40.1362,40.3004,17.8177
44.8725,7.4942,0,7.4942,11.62,33.0131,1061,27,0,2960,40.1564,40.3206,17.815
44.8799,0.79788,0,0.79788,11.6,32.8588,390,0,0,2960,40.1564,40.3206,17.815
44.9046,5.99862,0,5.99862,11.6,32.8588,973,7,0,2961,40.1611,40.3252,17.815
44.9198,8.68179,0,8.68179,11.58,32.7045,1260,37,0,2962,40.1772,40.3413,17.8137
44.931,0.388109,0,0.388109,11.58,32.7045,380,0,0,2962,40.1772,40.3413,17.8124
44.9373,0.258035,0,0.258035,11.56,32.5502,380,0,0,2962,40.1772,40.3413,17.8124
44.9657,7.36999,0,7.36999,11.56,32.5502,1230,18,0,2963,40.1954,40.3594,17.8124
44.9776,5.83857,0,5.83857,11.54,32.3959,972,5,0,2964,40.2021,40.3661,17.8111
45.002,9.1412,0,9.1412,11.54,32.3959,1490,16,0,2966,40.2121,40.3759,17.8085
45.0202,12.1746,0,12.1746,11.52,32.2417,1691,18,0,2968,40.2369,40.4006,17.8058
45.0352,6.02105,0,6.02105,11.52,32.2417,751,0,0,2969,40.2364,40.4001,17.8032
45.0503,8.83357,0,8.83357,11.5,32.0874,1630,51,0,2971,40.2511,40.4147,17.8019
45.0737,10.9281,0,10.9281,11.5,32.0874,1804,35,0,2973,40.2765,40.44,17.7993
45.0857,5.36447,0,5.36447,11.48,31.9331,940,6,0,2974,40.2814,40.4449,17.798
45.1118,11.5778,0,11.5778,11.48,31.9331,1900,36,0,2976,40.3051,40.4684,17.7953
45.1206,1.35086,0,1.35086,11.46,31.7788,392,0,0,2976,40.3051,40.4684,17.794
45.1542,15.3498,0,15.3498,11.46,31.7788,2175,30,0,2978,40.3402,40.5034,17.7927
45.174,12.4761,0,12.4761,11.44,31.6245,1930,21,0,2980,40.3648,40.5279,17.7901
45.189,6.90452,0,6.90452,11.44,31.6245,1240,14,0,2981,40.3797,40.5428,17.7888
45.1999,4.47239,0,4.47239,11.42,31.4702,880,2,0,2982,40.383,40.5459,17.7875
45.2257,9.14963,0,9.14963,11.42,31.4702,1326,20,0,2983,40.4019,40.5649,17.7849
45.2329,0.817054,0,0.817054,11.4,31.3159,400,0,0,2983,40.4019,40.5649,17.7849
45.2635,10.1264,0,10.1264,11.4,31.3159,1626,25,0,2985,40.4164,40.5792,17.7836
45.2819,11.7841,0,11.7841,11.38,31.1616,1710,34,0,2987,40.4369,40.5996,17.781
45.2964,4.7939,0,4.7939,11.38,31.1616,1010,20,0,2988,40.4434,40.6061,17.7784
45.3077,4.80545,0,4.80545,11.36,31.0073,1005,4,0,2989,40.45,40.6126,17.7784
45.3322,7.73172,0,7.73172,11.36,31.0073,1103,2,0,2990,40.4669,40.6294,17.7771
45.3398,1.05144,0,1.05144,11.34,30.853,420,0,0,2990,40.4669,40.6294,17.7758
45.3608,0.558768,0,0.558768,11.34,30.853,420,0,0,2990,40.4669,40.6294,17.7758
45.3774,10.2781,0,10.2781,11.32,30.6987,1630,2,0,2992,40.4803,40.6427,17.7745
45.3941,5.26009,0,5.26009,11.32,30.6987,930,0,0,2993,40.4838,40.6462,17.7719
45.4079,7.34478,0,7.34478,11.3,30.5447,1211,12,0,2994,40.4973,40.6597,17.7719
45.4289,6.64877,0,6.64877,11.3,30.5447,1270,1,0,2995,40.5122,40.6745,17.7693
45.4386,2.80967,0,2.80967,11.28,30.3903,820,15,0,2996,40.5107,40.6729,17.7693
45.458,0.769428,0,0.769428,11.28,30.3903,460,0,0,2996,40.5107,40.6729,17.768
45.4661,1.23631,0,1.23631,11.26,30.236,478,0,0,2996,40.5107,40.6729,17.768
45.4934,7.06308,0,7.06308,11.26,30.236,1370,32,0,2997,40.5275,40.6897,17.7667
45.5027,2.35005,0,2.35005,11.24,30.0149,700,10,0,2998,40.5227,40.6848,17.7654
45.5274,5.39021,0,5.39021,11.24,30.0149,1027,10,0,2999,40.5295,40.6916,17.7654
45.5444,9.99762,0,9.99762,11.22,29.9597,1750,22,0,3001,40.5462,40.7081,17.7628
45.568,12.1756,0,12.1756,11.22,29.9597,1800,9,0,3003,40.5644,40.7263,17.7602
45.582,5.90125,0,5.90125,11.2,29.9046,1090,7,0,3004,40.5716,40.7334,17.7576
45.6018,5.79392,0,5.79392,11.2,29.9046,1110,2,0,3005,40.58,40.7418,17.7563
45.6174,7.55665,0,7.55665,11.18,29.8496,1470,20,0,3006,40.6005,40.7621,17.7563
45.6397,9.90057,0,9.90057,11.18,29.8496,1580,5,0,3008,40.611,40.7726,17.7537
45.661,13.3474,0,13.3474,11.16,29.7946,2024,20,0,3010,40.6422,40.8037,17.7512
45.6813,13.1184,0,13.1184,11.14,29.7396,1996,31,0,3012,40.6716,40.833,17.7486
45.7035,14.2256,0,14.2256,11.12,29.6847,2049,21,0,3014,40.6991,40.8603,17.746
45.722,10.7351,0,10.7351,11.1,29.6299,1670,32,0,3016,40.7152,40.8763,17.7434
45.7308,0.013596,0,0.013596,11.1,29.6299,460,0,0,3016,40.7152,40.8763,17.7421
45.7504,11.4838,0,11.4838,11.08,29.5751,1992,15,0,3018,40.7396,40.9006,17.7408
45.7623,4.06064,0,4.06064,11.08,29.5751,980,1,0,3019,40.7433,40.9043,17.7396
45.7739,3.30755,0,3.30755,11.06,29.5203,678,1,0,3020,40.7454,40.9063,17.7383
45.7956,5.25174,0,5.25174,11.06,29.5203,974,4,0,3021,40.7481,40.909,17.737
45.8116,7.67144,0,7.67144,11.04,29.4655,1390,3,0,3023,40.7519,40.9127,17.7344
45.8341,10.7321,0,10.7321,11.04,29.4655,1674,43,0,3025,40.7702,40.9309,17.7319
45.8537,11.5199,0,11.5199,11.02,29.4108,1664,13,0,3027,40.7849,40.9455,17.7293
45.8708,9.24615,0,9.24615,11.02,29.4108,1700,10,0,3029,40.7989,40.9594,17.7267
45.8879,9.25748,0,9.25748,11,29.3562,1442,4,0,3030,40.8205,40.9809,17.7242
45.9057,7.09842,0,7.09842,11,29.3562,1270,0,0,3031,40.8337,40.9941,17.7242
45.9215,7.73865,0,7.73865,10.98,29.3016,1420,20,0,3033,40.8378,40.998,17.7216
45.9453,11.7732,0,11.7732,10.98,29.3016,1673,3,0,3035,40.8586,41.0188,17.7191
45.9547,0.878721,0,0.878721,10.96,29.247,510,0,0,3035,40.8586,41.0188,17.7178
45.9795,5.1672,0,5.1672,10.96,29.247,1070,8,0,3036,40.864,41.024,17.7178
45.9939,6.80548,0,6.80548,10.94,29.1925,1082,0,0,3037,40.8699,41.03,17.7152
46.0225,13.7836,0,13.7836,10.94,29.1925,2130,33,0,3039,40.8963,41.0563,17.7139
46.0358,5.52573,0,5.52573,10.92,29.138,1150,0,0,3040,40.9036,41.0635,17.7127
46.0585,6.97258,0,6.97258,10.92,29.138,1240,7,0,3042,40.9004,41.0602,17.7101
46.0755,8.43156,0,8.43156,10.9,29.0836,1470,4,0,3043,40.9182,41.0779,17.7088
46.0874,0.556176,0,0.556176,10.9,29.0836,520,0,0,3043,40.9182,41.0779,17.7076
46.1001,5.09462,0,5.09462,10.88,29.0291,1070,0,0,3044,40.9228,41.0825,17.7063
46.1225,6.33325,0,6.33325,10.88,29.0291,1227,8,0,3045,40.9346,41.0943,17.7063
46.3221,191.485,187.089,4.39635,10.86,28.9747,37840,125,0,3046,40.891,41.0716,17.7038
46.3349,1.80647,0,1.80647,10.84,28.9204,530,0,0,3046,40.891,41.0716,17.7038
46.3548,3.11007,0,3.11007,10.84,28.9204,860,3,0,3047,40.8884,41.0689,17.7025
46.3808,16.1542,0,16.1542,10.82,28.866,2490,39,0,3049,40.9259,41.1063,17.7012
46.3963,7.88915,0,7.88915,10.8,28.8116,1411,10,0,3050,40.9416,41.122,17.6987
46.4207,10.673,0,10.673,10.8,28.8116,1516,18,0,3052,40.9594,41.1396,17.6974
46.4412,12.9422,0,12.9422,10.78,28.7572,1979,21,0,3054,40.9846,41.1647,17.6949
46.4567,6.97813,0,6.97813,10.76,28.7028,1470,8,0,3055,41.0023,41.1823,17.6936
46.476,6.00734,0,6.00734,10.76,28.7028,1200,12,0,3056,41.0111,41.1911,17.6911
46.4851,1.55304,0,1.55304,10.74,28.6485,568,0,0,3056,41.0111,41.1911,17.6911
46.513,7.72133,0,7.72133,10.74,28.6485,1480,8,0,3057,41.0291,41.209,17.6898
46.5212,0.775564,0,0.775564,10.72,28.5941,520,0,0,3057,41.0291,41.209,17.6898
46.5547,12.4692,0,12.4692,10.72,28.5941,1936,27,0,3059,41.051,41.2308,17.6885
46.5701,6.47632,0,6.47632,10.7,28.5397,1112,4,0,3060,41.0572,41.2369,17.686
46.5889,5.63431,0,5.63431,10.7,28.5397,1077,11,0,3061,41.064,41.2437,17.686
46.6063,8.6203,0,8.6203,10.68,28.4853,1495,18,0,3063,41.0702,41.2498,17.6835
46.6234,6.02954,0,6.02954,10.68,28.4853,1210,14,0,3064,41.0793,41.2588,17.6809
46.6459,13.6988,0,13.6988,10.66,28.4309,2290,20,0,3066,41.1102,41.2896,17.6797
46.655,1.27336,0,1.27336,10.64,28.3765,520,0,0,3066,41.1102,41.2896,17.6784
46.677,2.30587,0,2.30587,10.64,28.3765,740,2,0,3067,41.104,41.2833,17.6784
46.6952,10.3966,0,10.3966,10.62,28.3222,1684,13,0,3069,41.118,41.2972,17.6759
46.7122,6.00272,0,6.00272,10.62,28.3222,1250,11,0,3070,41.128,41.3072,17.6734
46.7232,2.93278,0,2.93278,10.6,28.2678,652,0,0,3070,41.128,41.3072,17.6734
46.7464,4.58287,0,4.58287,10.6,28.2678,1000,0,0,3071,41.1296,41.3087,17.6721
46.7556,1.00974,0,1.00974,10.58,28.2134,540,0,0,3071,41.1296,41.3087,17.6721
46.7823,6.29039,0,6.29039,10.58,28.2134,1260,22,0,3072,41.1396,41.3187,17.6721
46.7998,9.82192,0,9.82192,10.56,28.159,1630,24,0,3074,41.148,41.3269,17.6696
46.8124,0.627975,0,0.627975,10.56,28.159,550,0,0,3074,41.148,41.3269,17.6683
46.8278,7.35392,0,7.35392,10.54,28.1046,1340,18,0,3075,41.1636,41.3424,17.6683
46.8524,10.2639,0,10.2639,10.54,28.1046,1854,6,0,3077,41.181,41.3598,17.6658
46.8693,7.90182,0,7.90182,10.52,28.0503,1392,13,0,3078,41.1979,41.3765,17.6633
46.8875,6.80522,0,6.80522,10.52,28.0503,1360,8,0,3079,41.2108,41.3894,17.6621
46.9026,6.37931,0,6.37931,10.5,27.9959,1240,6,0,3080,41.2227,41.4013,17.6621
46.9241,8.51301,0,8.51301,10.5,27.9959,1490,19,0,3081,41.2418,41.4203,17.6608
46.9409,7.98437,0,7.98437,10.48,27.9415,1690,22,0,3082,41.2651,41.4435,17.6595
46.963,10.2443,0,10.2443,10.48,27.9415,1531,4,0,3084,41.2763,41.4546,17.657
46.9816,9.07745,0,9.07745,10.46,27.8871,1532,14,0,3085,41.2959,41.4742,17.6545
47.0063,13.2486,0,13.2486,10.46,27.8871,1947,31,0,3087,41.3155,41.4937,17.6533
47.0199,5.65028,0,5.65028,10.44,27.8327,1260,15,0,3088,41.3248,41.5029,17.652
47.0481,12.1148,0,12.1148,10.44,27.8327,2085,47,0,3090,41.3485,41.5265,17.6495
47.066,9.08572,0,9.08572,10.42,27.7783,1750,17,0,3092,41.3603,41.5382,17.647
47.0866,10.2863,0,10.2863,10.42,27.7783,1645,6,0,3094,41.3691,41.5469,17.6445
47.0991,3.42192,0,3.42192,10.4,27.724,1020,5,0,3095,41.3703,41.548,17.6433
47.1165,0.889901,0,0.889901,10.4,27.724,570,0,0,3095,41.3703,41.548,17.642
47.1298,4.19543,0,4.19543,10.38,27.6696,1090,1,0,3096,41.3737,41.5514,17.642
47.1574,11.8216,0,11.8216,10.38,27.6696,1959,6,0,3098,41.3932,41.5707,17.6395
47.1767,10.2863,0,10.2863,10.36,27.6152,1697,25,0,3100,41.4065,41.5839,17.637
47.1906,4.74339,0,4.74339,10.36,27.6152,998,7,0,3101,41.4073,41.5847,17.6358
48.1344,934.499,930.851,3.64858,10.34,27.5608,175783,963,0,3102,41.2221,41.4346,17.6333
48.1528,8.17621,0,8.17621,10.32,27.5064,1237,0,0,3103,41.2336,41.446,17.6333
48.1787,13.8045,0,13.8045,10.32,27.5064,2054,12,0,3105,41.2628,41.475,17.6308
48.1955,6.02562,0,6.02562,10.3,27.4521,1065,8,0,3106,41.2743,41.4865,17.6283
48.2141,5.38784,0,5.38784,10.3,27.4521,1100,2,0,3107,41.2803,41.4924,17.6271
48.2326,10.1442,0,10.1442,10.28,27.3977,1750,3,0,3109,41.2937,41.5056,17.6258
48.2498,7.57442,0,7.57442,10.28,27.3977,1500,13,0,3110,41.3122,41.5241,17.6234
48.2699,11.1988,0,11.1988,10.26,27.3433,1712,4,0,3112,41.3246,41.5363,17.6221
48.2798,0.548776,0,0.548776,10.26,27.3433,520,0,0,3112,41.3246,41.5363,17.6209
48.2968,9.43642,0,9.43642,10.24,27.2889,1494,1,0,3114,41.3304,41.5421,17.6196
48.3121,4.38294,0,4.38294,10.24,27.2889,1088,8,0,3115,41.3348,41.5464,17.6184
48.3216,0.755716,0,0.755716,10.22,27.2345,540,0,0,3115,41.3348,41.5464,17.6172
48.3532,12.6827,0,12.6827,10.22,27.2345,2140,11,0,3117,41.3596,41.5711,17.6159
48.3778,13.3351,0,13.3351,10.2,27.1802,2310,15,0,3119,41.3902,41.6015,17.6135
48.3917,4.83176,0,4.83176,10.18,27.1258,865,2,0,3120,41.3971,41.6083,17.6122
48.4151,8.44127,0,8.44127,10.18,27.1258,1560,0,0,3122,41.4033,41.6143,17.6097
48.4315,7.46443,0,7.46443,10.16,27.0714,1450,0,0,3124,41.4059,41.6168,17.6073
48.4521,7.4999,0,7.4999,10.16,27.0714,1400,1,0,3125,41.4202,41.631,17.606
48.4755,15.4453,0,15.4453,10.14,27.017,2514,21,0,3127,41.4573,41.6681,17.6036
48.4917,7.41146,0,7.41146,10.12,26.9626,1470,3,0,3128,41.4738,41.6845,17.6011
48.5048,0.706273,0,0.706273,10.12,26.9626,540,0,0,3128,41.4738,41.6845,17.6011
48.5196,5.96139,0,5.96139,10.1,26.9082,1253,14,0,3129,41.4851,41.6957,17.6011
48.5386,5.34303,0,5.34303,10.1,26.9082,968,2,0,3130,41.4859,41.6965,17.5999
48.5568,9.44465,0,9.44465,10.08,26.8539,1530,2,0,3132,41.4914,41.7018,17.5974
48.5745,7.4887,0,7.4887,10.08,26.8539,1480,6,0,3133,41.5085,41.7188,17.595
48.5891,5.77772,0,5.77772,10.06,26.7995,1198,12,0,3134,41.515,41.7253,17.595
48.6161,13.2271,0,13.2271,10.06,26.7995,1925,10,0,3136,41.5408,41.751,17.5925
48.635,10.5811,0,10.5811,10.04,26.7451,1930,16,0,3138,41.5593,41.7693,17.59
48.6514,6.61254,0,6.61254,10.04,26.7451,1342,0,0,3139,41.5737,41.7837,17.5876
48.6719,13.2536,0,13.2536,10.02,26.6907,2010,14,0,3141,41.595,41.8048,17.5864
48.6882,7.69527,0,7.69527,10,26.6363,1470,10,0,3142,41.6117,41.8215,17.5839
48.7106,10.2085,0,10.2085,10,26.6363,1437,2,0,3144,41.6205,41.8302,17.5827
49.2436,524.465,518.746,5.71859,9.98,26.582,119892,834,0,3145,41.4986,41.7186,17.5815
49.259,6.38987,0,6.38987,9.96,26.5276,1210,10,0,3146,41.5121,41.732,17.5802
49.2746,1.64832,0,1.64832,9.96,26.5276,500,0,0,3146,41.5121,41.732,17.579
49.2877,6.63402,0,6.63402,9.94,26.4732,899,0,0,3147,41.5199,41.7398,17.5778
49.3144,12.0033,0,12.0033,9.94,26.4732,1930,38,0,3149,41.5427,41.7625,17.5766
49.3245,3.49806,0,3.49806,9.92,26.4188,811,4,0,3150,41.5429,41.7625,17.5741
49.3472,4.55316,0,4.55316,9.92,26.4188,1040,21,0,3151,41.55,41.7696,17.5729
49.3634,9.53138,0,9.53138,9.9,26.3644,1342,10,0,3153,41.5553,41.7748,17.5717
49.3844,9.15857,0,9.15857,9.9,26.3644,1570,39,0,3155,41.5661,41.7854,17.5692
49.3983,7.44146,0,7.44146,9.88,26.31,1470,24,0,3156,41.5868,41.8061,17.5668
49.4148,2.78849,0,2.78849,9.88,26.31,750,0,0,3157,41.5847,41.8039,17.5656
49.4312,9.83466,0,9.83466,9.86,26.2557,1660,14,0,3159,41.5983,41.8173,17.5644
49.4484,6.00652,0,6.00652,9.86,26.2557,1110,13,0,3160,41.6076,41.8266,17.5619
49.4559,0.963174,0,0.963174,9.84,26.2013,400,0,0,3160,41.6076,41.8266,17.5619
49.4808,4.7352,0,4.7352,9.84,26.2013,850,0,0,3161,41.6087,41.8276,17.5619
49.4939,6.62791,0,6.62791,9.82,26.1469,1340,11,0,3162,41.6252,41.8441,17.5595
49.5146,6.14144,0,6.14144,9.82,26.1469,1167,13,0,3163,41.6364,41.8552,17.5583
49.5269,5.9089,0,5.9089,9.8,26.0925,1063,4,0,3164,41.6482,41.8669,17.5571
49.5527,10.2462,0,10.2462,9.8,26.0925,1700,8,0,3166,41.663,41.8816,17.5558
49.56,0.64573,0,0.64573,9.78,26.0381,400,0,0,3166,41.663,41.8816,17.5546
49.5815,0.892815,0,0.892815,9.78,26.0381,400,0,0,3166,41.663,41.8816,17.5546
49.5918,3.96462,0,3.96462,9.76,25.9838,830,0,0,3167,41.6637,41.8822,17.5546
49.6145,5.0083,0,5.0083,9.76,25.9838,663,1,0,3168,41.6705,41.8889,17.5522
49.6289,7.96167,0,7.96167,9.74,25.9294,1410,9,0,3170,41.6767,41.895,17.551
49.651,8.35404,0,8.35404,9.74,25.9294,1640,46,0,3172,41.6895,41.9076,17.5486
49.6706,13.071,0,13.071,9.72,25.875,2030,10,0,3174,41.7146,41.9326,17.5461
49.6885,9.71624,0,9.71624,9.72,25.875,1540,10,0,3176,41.7242,41.9421,17.5437
49.7086,12.1374,0,12.1374,9.7,25.1572,2030,2,0,3178,41.7486,41.9663,17.5413
49.72,4.46983,0,4.46983,9.7,25.1572,960,5,0,3179,41.7524,41.9701,17.5401
49.7372,10.329,0,10.329,9.68,25.1073,1756,11,0,3181,41.7683,41.9859,17.5377
49.7519,3.84762,0,3.84762,9.68,25.1073,900,2,0,3182,41.7703,41.9877,17.5365
49.7598,0.800871,0,0.800871,9.66,25.0575,420,0,0,3182,41.7703,41.9877,17.5353
49.7848,4.53867,0,4.53867,9.66,25.0575,1000,1,0,3183,41.7754,41.9928,17.5341
49.8047,12.7357,0,12.7357,9.64,25.0076,2110,44,0,3185,41.8022,42.0195,17.5329
49.8174,4.16971,0,4.16971,9.64,25.0076,1040,0,0,3186,41.8085,42.0257,17.5316
50.3386,513.33,508.2,5.1302,9.62,24.9578,117217,1328,0,3187,41.7207,41.9388,17.5292
50.3491,5.35626,0,5.35626,9.6,38.207,778,41,0,3188,41.7202,41.9376,17.5292
50.3748,10.7962,0,10.7962,9.6,26.6491,1428,7,0,3190,41.7367,41.9539,17.5268
50.3827,4.3037,0,4.3037,9.58,26.5922,568,0,0,3191,41.7393,41.9564,17.5256
50.4063,6.66299,0,6.66299,9.58,26.5922,862,4,0,3192,41.7503,41.9674,17.5232
50.4171,7.38349,0,7.38349,9.56,26.5354,1110,40,0,3194,41.7583,41.9753,17.522
50.4354,4.5005,0,4.5005,9.56,26.5354,604,16,0,3195,41.7618,41.9787,17.5208
50.44,0.861911,0,0.861911,9.54,26.4786,68,0,0,3195,41.7618,41.9787,17.5196
50.4711,10.5595,0,10.5595,9.54,26.4786,1318,25,0,3197,41.7748,41.9916,17.5184
50.4847,9.98967,0,9.98967,9.52,26.422,1394,9,0,3199,41.7902,42.0069,17.516
50.5085,12.7124,0,12.7124,9.52,26.422,1595,79,0,3201,41.8154,42.0319,17.5136
50.5227,10.6342,0,10.6342,9.5,26.3652,1496,42,0,3203,41.8342,42.0506,17.5112
50.5353,1.62867,0,1.62867,9.5,26.3652,288,0,0,3203,41.8342,42.0506,17.51
50.5469,8.20012,0,8.20012,9.48,26.3086,923,15,0,3204,41.8483,42.0646,17.5088
50.5608,0.850762,0,0.850762,9.48,26.3086,68,0,0,3204,41.8483,42.0646,17.5088
50.5668,2.42236,0,2.42236,9.46,26.2521,258,0,0,3204,41.8483,42.0646,17.5088
50.5965,10.5691,0,10.5691,9.46,26.2521,1326,31,0,3206,41.8624,42.0786,17.5076
50.6047,4.42815,0,4.42815,9.44,26.1956,758,3,0,3207,41.8672,42.0833,17.5064
50.6309,9.36904,0,9.36904,9.44,26.1956,1310,55,0,3209,41.8803,42.0963,17.504
50.6386,4.04262,0,4.04262,9.42,26.139,483,2,0,3210,41.8801,42.096,17.5017
50.6664,10.6705,0,10.6705,9.42,26.139,1638,56,0,3212,41.9029,42.1186,17.5005
50.6755,5.32139,0,5.32139,9.4,26.0826,670,7,0,3213,41.9085,42.1242,17.4993
50.6986,7.26223,0,7.26223,9.4,26.0826,1000,18,0,3214,41.9244,42.14,17.4981
50.7029,0.471639,0,0.471639,9.38,26.0262,70,0,0,3214,41.9244,42.14,17.4969
50.7283,4.39003,0,4.39003,9.38,26.0262,472,2,0,3215,41.9244,42.14,17.4957
50.7411,8.79171,0,8.79171,9.36,25.9699,1038,24,0,3217,41.9282,42.1436,17.4945
50.7629,9.34451,0,9.34451,9.36,25.9699,1148,7,0,3218,41.9484,42.1638,17.4921
50.7708,4.12521,0,4.12521,9.34,25.9136,538,12,0,3219,41.9491,42.1643,17.4909
50.7997,11.6627,0,11.6627,9.34,25.9136,1575,79,0,3221,41.9696,42.1847,17.4897
50.814,10.5519,0,10.5519,9.32,25.8573,1386,38,0,3223,41.9867,42.2017,17.4874
50.8335,8.42662,0,8.42662,9.32,25.8573,1161,26,0,3224,42.0062,42.2212,17.4862
50.8383,1.06515,0,1.06515,9.3,25.8012,118,0,0,3224,42.0062,42.2212,17.485
50.8648,6.00552,0,6.00552,9.3,25.8012,908,5,0,3226,42.0059,42.2207,17.4838
50.8801,11.3947,0,11.3947,9.28,25.745,1708,21,0,3228,42.0304,42.245,17.4814
50.8924,2.27596,0,2.27596,9.28,25.745,378,1,0,3229,42.0266,42.2413,17.4802
50.8987,2.49306,0,2.49306,9.26,25.6889,327,0,0,3229,42.0266,42.2413,17.479
50.9263,8.32107,0,8.32107,9.26,25.6889,949,28,0,3230,42.0427,42.2573,17.4779
50.938,7.56069,0,7.56069,9.24,25.6328,1068,52,0,3231,42.0604,42.2748,17.4767
50.9581,6.27476,0,6.27476,9.24,25.6328,838,33,0,3232,42.0709,42.2853,17.4755
50.9651,3.0572,0,3.0572,9.22,25.5768,448,5,0,3233,42.0693,42.2836,17.4743
50.9898,6.25795,0,6.25795,9.22,25.5768,790,8,0,3234,42.0788,42.2931,17.4731
51.0024,8.54508,0,8.54508,9.2,25.5207,1218,6,0,3236,42.0881,42.3022,17.4719
51.0208,5.30875,0,5.30875,9.2,25.5207,684,3,0,3238,42.0809,42.2949,17.4696
51.0311,6.37781,0,6.37781,9.18,25.4648,857,17,0,3239,42.0932,42.3072,17.4684
51.0515,6.31341,0,6.31341,9.18,25.4648,808,30,0,3240,42.1028,42.3167,17.4672
51.0628,6.34008,0,6.34008,9.16,25.4088,988,28,0,3241,42.1179,42.3317,17.4648
51.078,2.03297,0,2.03297,9.16,25.4088,78,0,0,3241,42.1179,42.3317,17.4648
51.0922,9.09616,0,9.09616,9.14,25.3529,1338,9,0,3243,42.1307,42.3444,17.4637
51.1073,4.98837,0,4.98837,9.14,25.3529,668,0,0,3244,42.1322,42.3459,17.4625
51.1201,7.5053,0,7.5053,9.12,25.297,996,47,0,3245,42.1479,42.3615,17.4613
51.1329,0.952559,0,0.952559,9.12,25.297,85,0,0,3245,42.1479,42.3615,17.4601
51.1412,3.87892,0,3.87892,9.1,25.241,518,3,0,3247,42.1355,42.3489,17.4589
51.1669,7.95557,0,7.95557,9.1,25.241,1068,53,0,3248,42.153,42.3664,17.4578
51.1728,1.43478,0,1.43478,9.08,25.1851,78,0,0,3248,42.153,42.3664,17.4566
51.2021,9.29727,0,9.29727,9.08,25.1851,1166,22,0,3249,42.1653,42.3786,17.4566
51.2117,5.25702,0,5.25702,9.06,25.1292,562,2,0,3250,42.1689,42.3822,17.4554
51.237,8.82043,0,8.82043,9.06,25.1292,1238,9,0,3252,42.1787,42.3918,17.4531
51.2423,0.940349,0,0.940349,9.04,25.0733,78,0,0,3252,42.1787,42.3918,17.4519
51.2647,2.11567,0,2.11567,9.04,25.0733,182,0,0,3252,42.1787,42.3918,17.4519
51.2747,5.65854,0,5.65854,9.02,25.0174,768,41,0,3253,42.1869,42.3999,17.4519
51.3034,12.8489,0,12.8489,9.02,25.0174,1714,21,0,3255,42.2129,42.4258,17.4495
51.3133,5.51717,0,5.51717,9,24.9614,738,2,0,3256,42.2202,42.433,17.4472
51.3423,13.3594,0,13.3594,9,24.9614,1928,66,0,3258,42.2511,42.4638,17.446
51.3566,8.98898,0,8.98898,8.98,24.9055,1278,39,0,3260,42.262,42.4745,17.4437
51.3773,10.2182,0,10.2182,8.98,24.9055,1288,28,0,3262,42.2741,42.4865,17.4413
51.3844,1.68886,0,1.68886,8.96,24.8496,139,0,0,3262,42.2741,42.4865,17.4401
51.4041,2.04135,0,2.04135,8.96,24.8496,308,4,0,3263,42.2682,42.4805,17.4401
51.4144,5.92471,0,5.92471,8.94,24.7937,880,23,0,3264,42.2797,42.492,17.4378
51.4366,6.44939,0,6.44939,8.94,24.7937,1000,32,0,3265,42.2949,42.5072,17.4366
51.4532,12.3175,0,12.3175,8.92,24.7377,1719,50,0,3267,42.322,42.5341,17.4355
51.4728,10.3632,0,10.3632,8.92,24.7377,1540,14,0,3269,42.3408,42.5528,17.4331
51.4849,6.79545,0,6.79545,8.9,24.6818,880,11,0,3270,42.3502,42.5621,17.4308
51.5071,9.49688,0,9.49688,8.9,24.6818,1246,7,0,3272,42.36,42.5718,17.4296
51.519,6.5981,0,6.5981,8.88,24.6259,780,24,0,3273,42.3685,42.5802,17.4285
51.5409,8.97584,0,8.97584,8.88,24.6259,1240,23,0,3275,42.378,42.5896,17.4261
51.5567,10.3711,0,10.3711,8.86,24.57,1280,5,0,3277,42.3888,42.6002,17.4238
51.5792,13.3853,0,13.3853,8.86,24.57,1760,37,0,3279,42.4142,42.6255,17.4215
51.5888,3.69156,0,3.69156,8.84,24.514,456,14,0,3280,42.4134,42.6247,17.4191
51.6098,5.37163,0,5.37163,8.84,24.514,700,0,0,3282,42.4065,42.6176,17.418
51.6171,1.45359,0,1.45359,8.82,24.4581,156,0,0,3282,42.4065,42.6176,17.4168
51.6431,8.18819,0,8.18819,8.82,24.4581,1160,23,0,3283,42.4264,42.6375,17.4156
51.6549,5.87414,0,5.87414,8.8,24.4022,850,18,0,3284,42.437,42.648,17.4156
51.6689,0.512625,0,0.512625,8.8,24.4022,80,0,0,3284,42.437,42.648,17.4145
51.6792,5.17064,0,5.17064,8.78,24.3463,700,7,0,3285,42.4429,42.6539,17.4133
51.6981,4.61001,0,4.61001,8.78,24.3463,600,15,0,3286,42.4458,42.6567,17.4122
51.7118,9.43877,0,9.43877,8.76,24.2903,1330,26,0,3288,42.458,42.6688,17.411
51.7246,0.584915,0,0.584915,8.76,24.2903,80,0,0,3288,42.458,42.6688,17.4098
51.7316,2.42505,0,2.42505,8.74,24.2344,410,6,0,3289,42.4552,42.6659,17.4087
51.7512,0.406112,0,0.406112,8.74,24.2344,80,0,0,3289,42.4552,42.6659,17.4087
51.7666,10.77,0,10.77,8.72,24.1785,1600,13,0,3291,42.4755,42.6861,17.4075
51.785,7.87642,0,7.87642,8.72,24.1785,1018,4,0,3292,42.4915,42.702,17.4064
51.7947,5.15837,0,5.15837,8.7,24.1226,499,2,0,3293,42.4932,42.7036,17.4052
51.8153,4.3995,0,4.3995,8.7,24.1226,500,0,0,3294,42.4927,42.7031,17.4029
51.8313,11.3319,0,11.3319,8.68,24.0666,1443,27,0,3296,42.5127,42.723,17.4017
51.8477,6.67768,0,6.67768,8.68,24.0666,800,1,0,3298,42.5085,42.7186,17.3994
51.8589,6.574,0,6.574,8.66,24.0107,968,18,0,3299,42.5226,42.7326,17.3983
51.8801,6.45363,0,6.45363,8.66,24.0107,890,2,0,3300,42.5339,42.7439,17.3959
51.889,4.38851,0,4.38851,8.64,23.9548,650,0,0,3301,42.538,42.748,17.3959
51.9168,10.9142,0,10.9142,8.64,23.9548,1550,31,0,3303,42.5565,42.7663,17.3936
51.9254,3.88098,0,3.88098,8.62,23.8989,580,6,0,3304,42.5584,42.7682,17.3925
51.9486,5.61484,0,5.61484,8.62,23.8989,940,25,0,3305,42.5713,42.7809,17.3913
51.9643,11.0709,0,11.0709,8.6,23.8429,1360,32,0,3307,42.5875,42.7971,17.389
51.9803,5.40776,0,5.40776,8.6,23.8429,650,1,0,3308,42.5916,42.8011,17.3867
52.0014,16.4206,0,16.4206,8.58,23.787,2065,54,0,3310,42.6272,42.8366,17.3856
52.0116,4.3632,0,4.3632,8.56,23.7311,660,6,0,3311,42.6315,42.8408,17.3844
52.0345,7.87902,0,7.87902,8.56,23.7311,970,13,0,3312,42.6452,42.8545,17.3833
52.0427,2.22503,0,2.22503,8.54,23.6752,340,0,0,3313,42.6399,42.8491,17.3821
52.0752,15.4893,0,15.4893,8.54,23.6752,2174,71,0,3315,42.6772,42.8863,17.3798
52.0898,8.83626,0,8.83626,8.52,23.6192,1330,12,0,3317,42.6889,42.8978,17.3775
52.105,4.5995,0,4.5995,8.52,23.6192,540,0,0,3318,42.6896,42.8984,17.3752
52.1246,14.1118,0,14.1118,8.5,23.5633,1869,26,0,3320,42.7208,42.9295,17.3741
52.1418,12.1022,0,12.1022,8.5,23.5633,1493,4,0,3322,42.7378,42.9464,17.3718
52.1534,5.97385,0,5.97385,8.48,23.5074,875,12,0,3323,42.7484,42.957,17.3695
52.1728,5.85903,0,5.85903,8.48,23.5074,761,12,0,3324,42.7563,42.9648,17.3683
52.184,5.08308,0,5.08308,8.46,23.4515,610,0,0,3325,42.7591,42.9675,17.3672
52.2049,6.72128,0,6.72128,8.46,23.4515,970,29,0,3326,42.7727,42.9811,17.3661
52.2176,7.00735,0,7.00735,8.44,23.3955,1000,11,0,3327,42.7869,42.9952,17.3661
52.2318,1.64149,0,1.64149,8.44,23.3955,200,0,0,3327,42.7869,42.9952,17.3649
52.2442,6.26365,0,6.26365,8.42,23.3396,850,1,0,3328,42.7966,43.0048,17.3649
52.2584,1.44138,0,1.44138,8.42,23.3396,100,0,0,3328,42.7966,43.0048,17.3638
52.2737,10.1389,0,10.1389,8.4,23.2837,1460,16,0,3330,42.8117,43.0198,17.3626
52.2864,1.5756,0,1.5756,8.4,23.2837,120,0,0,3330,42.8117,43.0198,17.3615
52.2985,7.29651,0,7.29651,8.38,23.2278,918,3,0,3331,42.8235,43.0315,17.3603
52.3241,11.4677,0,11.4677,8.38,23.2278,1546,20,0,3333,42.8413,43.0492,17.3592
52.3307,1.34226,0,1.34226,8.36,23.1718,151,0,0,3333,42.8413,43.0492,17.3581
52.3615,11.0174,0,11.0174,8.36,23.1718,1560,25,0,3335,42.8594,43.0672,17.3569
52.3737,6.25438,0,6.25438,8.34,23.1159,542,0,0,3337,42.849,43.0566,17.3546
52.3994,12.8168,0,12.8168,8.34,23.1159,1810,14,0,3339,42.8745,43.0821,17.3523
52.4117,6.21083,0,6.21083,8.32,23.06,702,11,0,3340,42.8796,43.0871,17.3512
52.4284,3.44183,0,3.44183,8.32,23.06,442,8,0,3341,42.877,43.0844,17.3501
52.4408,6.44631,0,6.44631,8.3,23.0041,546,0,0,3342,42.8887,43.0961,17.3478
52.4607,6.74173,0,6.74173,8.3,23.0041,964,8,0,3343,42.9016,43.1089,17.3478
52.4714,4.8003,0,4.8003,8.28,22.9482,614,0,0,3344,42.904,43.1112,17.3467
52.4998,13.6373,0,13.6373,8.28,22.9482,1700,2,0,3346,42.9289,43.136,17.3444
52.5084,2.80866,0,2.80866,8.26,22.8922,474,0,0,3347,42.9271,43.1341,17.3432
52.5305,5.30379,0,5.30379,8.26,22.8922,770,1,0,3348,42.9346,43.1416,17.341
52.5468,10.3933,0,10.3933,8.24,22.8363,1574,23,0,3350,42.9528,43.1597,17.3398
52.5639,7.94136,0,7.94136,8.24,22.8363,1122,7,0,3351,42.9705,43.1773,17.3387
52.5757,5.97233,0,5.97233,8.22,22.7804,794,5,0,3352,42.9782,43.185,17.3376
52.6011,11.7673,0,11.7673,8.22,22.7804,1654,31,0,3354,42.9988,43.2054,17.3353
52.6169,9.37904,0,9.37904,8.2,22.7245,1080,15,0,3356,43.0113,43.2178,17.333
52.6339,6.82895,0,6.82895,8.2,22.7245,1056,7,0,3357,43.0268,43.2332,17.3319
52.6434,2.9521,0,2.9521,8.18,22.6685,287,0,0,3357,43.0268,43.2332,17.3308
52.664,4.13792,0,4.13792,8.18,22.6685,564,8,0,3358,43.0268,43.2332,17.3308
52.679,8.58205,0,8.58205,8.16,22.6126,938,4,0,3359,43.0402,43.2465,17.3285
52.6904,0.486838,0,0.486838,8.16,22.6126,106,0,0,3359,43.0402,43.2465,17.3285
52.6999,4.53112,0,4.53112,8.14,22.5567,686,1,0,3360,43.0446,43.2509,17.3274
52.7238,6.80087,0,6.80087,8.14,22.5567,1076,27,0,3361,43.0607,43.2669,17.3274
52.7333,4.71021,0,4.71021,8.12,22.5008,616,0,0,3362,43.0631,43.2692,17.3251
52.7597,9.54282,0,9.54282,8.12,22.5008,1436,30,0,3364,43.077,43.283,17.324
52.7733,7.08011,0,7.08011,8.1,22.4448,926,25,0,3365,43.0883,43.2942,17.3217
52.7918,6.23254,0,6.23254,8.1,22.4448,687,0,0,3366,43.0906,43.2965,17.3206
52.8068,8.51956,0,8.51956,8.08,22.3889,1069,10,0,3367,43.1066,43.3124,17.3195
52.8236,5.9416,0,5.9416,8.08,22.3889,815,3,0,3368,43.1152,43.321,17.3183
52.8309,0.822047,0,0.822047,8.06,22.333,106,0,0,3368,43.1152,43.321,17.3183
52.8575,7.93983,0,7.93983,8.06,22.333,1126,0,0,3370,43.1199,43.3255,17.3172
52.869,4.72075,0,4.72075,8.04,22.2771,776,6,0,3372,43.1142,43.3197,17.315
52.8917,8.01726,0,8.01726,8.04,22.2771,1036,9,0,3373,43.129,43.3344,17.3127
52.8992,1.02373,0,1.02373,8.02,22.2211,106,0,0,3373,43.129,43.3344,17.3127
52.9263,8.63765,0,8.63765,8.02,22.2211,1088,24,0,3375,43.1357,43.341,17.3116
52.9337,1.19743,0,1.19743,8,22.1652,106,0,0,3375,43.1357,43.341,17.3105
52.9594,7.43901,0,7.43901,8,22.1652,618,0,0,3376,43.1466,43.3519,17.3093
53.8558,890.113,885.35,4.76261,7.98,22.1093,198855,1082,0,3377,42.8996,43.1487,17.3082
53.8642,0.931314,0,0.931314,7.96,22.0534,56,0,0,3377,42.8996,43.1487,17.3082
53.8941,11.7515,0,11.7515,7.96,22.0534,1616,49,0,3379,42.9204,43.1693,17.3071
53.9071,7.52352,0,7.52352,7.94,21.9974,1046,14,0,3380,42.937,43.1858,17.306
53.9238,3.97937,0,3.97937,7.94,21.9974,496,0,0,3381,42.9373,43.186,17.3049
53.9345,6.38579,0,6.38579,7.92,21.9415,787,6,0,3382,42.9477,43.1963,17.3026
53.9567,8.43328,0,8.43328,7.92,21.9415,986,17,0,3383,42.9625,43.2111,17.3026
53.968,5.93231,0,5.93231,7.9,21.8856,832,6,0,3385,42.9601,43.2086,17.3004
53.9928,11.5633,0,11.5633,7.9,21.8856,1650,16,0,3387,42.9829,43.2312,17.2981
54.0056,6.64761,0,6.64761,7.88,21.8297,946,3,0,3389,42.9838,43.2319,17.2959
54.0234,3.98196,0,3.98196,7.88,21.8297,566,1,0,3390,42.9861,43.2342,17.2948
54.0407,13.0526,0,13.0526,7.86,21.7737,2066,53,0,3392,43.02,43.268,17.2925
54.0519,4.09936,0,4.09936,7.86,21.7737,596,10,0,3393,43.0233,43.2711,17.2903
54.0611,3.70589,0,3.70589,7.84,21.7178,516,3,0,3394,43.0242,43.272,17.2903
54.0793,2.80748,0,2.80748,7.84,21.7178,426,4,0,3395,43.0224,43.2701,17.2881
54.0923,7.07521,0,7.07521,7.82,21.6619,912,4,0,3396,43.035,43.2827,17.2869
54.1086,4.01553,0,4.01553,7.82,21.6619,526,1,0,3397,43.0362,43.2838,17.2858
54.1165,2.75308,0,2.75308,7.8,21.606,406,7,0,3398,43.0338,43.2813,17.2858
54.1462,10.7926,0,10.7926,7.8,21.606,1346,19,0,3400,43.0465,43.2938,17.2836
54.1642,12.2837,0,12.2837,7.78,21.55,1337,23,0,3402,43.0611,43.3083,17.2814
54.1784,7.35756,0,7.35756,7.78,21.55,936,14,0,3403,43.0743,43.3215,17.2803
54.1845,0.360228,0,0.360228,7.76,21.4941,56,0,0,3403,43.0743,43.3215,17.2791
54.2142,10.8772,0,10.8772,7.76,21.4941,1606,13,0,3405,43.0946,43.3416,17.278
54.2271,7.1906,0,7.1906,7.74,21.4382,841,9,0,3406,43.1078,43.3547,17.2769
54.251,11.9707,0,11.9707,7.74,21.4382,1706,37,0,3408,43.1309,43.3776,17.2747
54.2692,12.5031,0,12.5031,7.72,21.3823,1716,30,0,3410,43.1554,43.4021,17.2725
54.2811,5.30009,0,5.30009,7.72,21.3823,810,5,0,3411,43.1651,43.4116,17.2714
54.2923,5.43135,0,5.43135,7.7,21.3263,711,16,0,3412,43.1717,43.4182,17.2702
54.3177,11.7566,0,11.7566,7.7,21.3263,1696,30,0,3414,43.1945,43.4408,17.268
54.3406,14.8411,0,14.8411,7.68,21.2704,1156,9,0,3416,43.2014,43.4476,17.2658
54.3526,5.62281,0,5.62281,7.66,21.2145,756,11,0,3417,43.2092,43.4554,17.2636
54.3723,6.42406,0,6.42406,7.66,21.2145,966,0,0,3418,43.22,43.4661,17.2625
54.3857,8.84169,0,8.84169,7.64,21.1586,1076,5,0,3420,43.2301,43.476,17.2614
54.4053,6.25529,0,6.25529,7.64,21.1586,373,6,0,3421,43.2333,43.4791,17.2592
54.4189,8.92317,0,8.92317,7.62,21.1026,936,32,0,3422,43.2463,43.4921,17.2581
54.4397,8.01392,0,8.01392,7.62,21.1026,1026,1,0,3424,43.2494,43.495,17.257
54.4447,0.350569,0,0.350569,7.6,21.0467,56,0,0,3424,43.2494,43.495,17.2558
54.4757,6.91377,0,6.91377,7.6,21.0467,826,5,0,3425,43.2593,43.5048,17.2547
54.4863,4.90912,0,4.90912,7.58,20.9908,776,8,0,3426,43.2677,43.5131,17.2536
54.5068,6.26126,0,6.26126,7.58,20.9908,799,11,0,3427,43.2746,43.52,17.2525
54.5223,8.97847,0,8.97847,7.56,20.9349,1220,10,0,3429,43.2835,43.5287,17.2514
54.5397,7.29471,0,7.29471,7.56,20.9349,835,14,0,3431,43.2816,43.5267,17.2492
54.5553,9.66458,0,9.66458,7.54,20.879,1196,50,0,3433,43.2895,43.5345,17.247
54.5662,1.67477,0,1.67477,7.54,20.879,206,0,0,3434,43.2813,43.5262,17.2448
54.5778,6.77682,0,6.77682,7.52,20.823,946,8,0,3435,43.2946,43.5394,17.2448
54.5929,0.066774,0,0.066774,7.52,20.823,56,0,0,3435,43.2946,43.5394,17.2437
54.61,12.0251,0,12.0251,7.5,20.7671,1498,22,0,3437,43.3139,43.5586,17.2426
54.6284,9.14164,0,9.14164,7.5,20.7671,1186,9,0,3439,43.3216,43.5662,17.2404
54.638,4.52709,0,4.52709,7.48,20.7112,576,7,0,3440,43.3241,43.5686,17.2393
54.6622,7.38715,0,7.38715,7.48,20.7112,986,20,0,3441,43.3386,43.583,17.2371
54.6709,3.98366,0,3.98366,7.46,20.6553,426,0,0,3442,43.3367,43.5811,17.236
54.6984,9.74955,0,9.74955,7.46,20.6553,766,13,0,3443,43.3448,43.589,17.2349
54.7106,5.46571,0,5.46571,7.44,20.5993,540,0,0,3444,43.3455,43.5897,17.2338
54.7357,9.2131,0,9.2131,7.44,20.5993,1506,26,0,3446,43.3624,43.6065,17.2327
54.7462,5.29282,0,5.29282,7.42,20.5434,664,25,0,3447,43.3687,43.6127,17.2316
54.7631,0.758087,0,0.758087,7.42,20.5434,56,0,0,3447,43.3687,43.6127,17.2305
54.7701,1.66484,0,1.66484,7.4,20.4875,96,0,0,3447,43.3687,43.6127,17.2305
54.7995,9.8774,0,9.8774,7.4,20.4875,1486,36,0,3449,43.385,43.6289,17.2294
54.8069,1.79349,0,1.79349,7.38,20.4316,56,0,0,3449,43.385,43.6289,17.2283
54.8312,4.72079,0,4.72079,7.38,20.4316,586,0,0,3450,43.3878,43.6316,17.2283
54.8427,6.59217,0,6.59217,7.36,20.3756,956,36,0,3451,43.4013,43.645,17.2261
54.8622,4.85818,0,4.85818,7.36,20.3756,686,6,0,3452,43.407,43.6506,17.2251
54.87,2.9954,0,2.9954,7.34,20.3197,372,3,0,3453,43.4037,43.6473,17.2251
54.8935,4.7692,0,4.7692,7.34,20.3197,180,0,0,3453,43.4037,43.6473,17.224
54.9127,14.3028,0,14.3028,7.32,20.2638,2106,71,0,3455,43.4379,43.6813,17.2229
54.9212,1.61914,0,1.61914,7.32,20.2638,76,0,0,3455,43.4379,43.6813,17.2218
54.9272,1.77708,0,1.77708,7.3,20.2079,146,0,0,3455,43.4379,43.6813,17.2218
54.9475,0.906072,0,0.906072,7.3,20.2079,56,0,0,3455,43.4379,43.6813,17.2218
54.9585,5.32168,0,5.32168,7.28,20.1519,776,9,0,3456,43.4462,43.6895,17.2207
54.986,12.0761,0,12.0761,7.28,20.1519,1666,25,0,3458,43.4676,43.7108,17.2196
54.9952,4.01205,0,4.01205,7.26,20.096,546,2,0,3459,43.4692,43.7123,17.2174
55.0171,4.62299,0,4.62299,7.26,20.096,478,0,0,3460,43.4708,43.7139,17.2163
55.0342,11.9048,0,11.9048,7.24,20.0401,1886,21,0,3462,43.4986,43.7415,17.2152
55.0525,8.65672,0,8.65672,7.24,20.0401,1210,13,0,3464,43.5089,43.7517,17.213
55.0612,3.41287,0,3.41287,7.22,19.9842,426,0,0,3465,43.5071,43.7498,17.2109
55.0883,9.19634,0,9.19634,7.22,19.9842,1416,33,0,3467,43.5212,43.7638,17.2098
55.1078,14.2717,0,14.2717,7.2,19.9282,2076,10,0,3469,43.5543,43.7968,17.2076
55.1146,0.01122,0,0.01122,7.2,19.9282,56,0,0,3469,43.5543,43.7968,17.2065
55.1267,6.81105,0,6.81105,7.18,19.8723,976,5,0,3470,43.5683,43.8107,17.2065
55.1503,8.99148,0,8.99148,7.18,19.8723,1166,3,0,3472,43.5752,43.8174,17.2043
55.1664,10.1959,0,10.1959,7.16,19.8164,1386,25,0,3474,43.5884,43.8305,17.2022
55.1836,6.35367,0,6.35367,7.16,19.8164,1046,3,0,3475,43.6043,43.8463,17.2
55.2085,18.8535,0,18.8535,7.14,19.7605,1476,11,0,3477,43.6201,43.8619,17.1989
55.2298,13.0715,0,13.0715,7.12,19.0988,792,18,0,3479,43.618,43.8597,17.1967
55.2426,6.74971,0,6.74971,7.1,19.0465,972,10,0,3480,43.6313,43.873,17.1956
55.2668,9.57264,0,9.57264,7.1,19.0465,1242,19,0,3482,43.6399,43.8814,17.1935
55.9495,676.003,674.467,1.53651,7.08,18.9942,173179,478,0,3482,43.4742,43.7237,17.1924
55.959,3.1316,0,3.1316,7.06,18.9418,512,1,0,3483,43.4743,43.7238,17.1913
55.9803,4.23669,0,4.23669,7.06,18.9418,592,17,0,3484,43.4768,43.7262,17.1913
55.9913,5.38685,0,5.38685,7.04,18.8895,832,6,0,3486,43.4736,43.7229,17.1891
56.0203,13.1419,0,13.1419,7.04,18.8895,1772,25,0,3488,43.4974,43.7466,17.187
56.0459,18.9,0,18.9,7.02,18.8373,1662,6,0,3490,43.5181,43.767,17.1848
56.0679,13.0953,0,13.0953,7,18.7851,1522,8,0,3492,43.5347,43.7835,17.1827
56.0793,5.18642,0,5.18642,7,18.7851,852,2,0,3494,43.5321,43.7808,17.1805
56.0932,7.99241,0,7.99241,6.98,18.7329,1202,0,0,3496,43.5395,43.788,17.1783
56.1107,4.24006,0,4.24006,6.98,18.7329,561,0,0,3497,43.541,43.7895,17.1762
56.1219,5.41433,0,5.41433,6.96,18.6807,652,0,0,3498,43.5452,43.7936,17.1751
56.1382,0.681502,0,0.681502,6.96,18.6807,72,0,0,3498,43.5452,43.7936,17.1751
56.1534,9.67098,0,9.67098,6.94,18.6286,1444,5,0,3500,43.5597,43.808,17.174
56.1689,3.9337,0,3.9337,6.94,18.6286,554,7,0,3501,43.5613,43.8095,17.173
56.1752,0.479661,0,0.479661,6.92,18.5766,64,0,0,3501,43.5613,43.8095,17.1719
56.2023,6.25656,0,6.25656,6.92,18.5766,874,17,0,3502,43.572,43.8201,17.1708
56.2187,11.307,0,11.307,6.9,18.5247,1734,17,0,3504,43.5947,43.8428,17.1697
56.23,1.35218,0,1.35218,6.9,18.5247,64,0,0,3504,43.5947,43.8428,17.1687
56.2472,11.7552,0,11.7552,6.88,18.4726,1540,9,0,3506,43.6127,43.8605,17.1676
56.2558,0.14791,0,0.14791,6.88,18.4726,64,0,0,3506,43.6127,43.8605,17.1665
56.2657,3.22923,0,3.22923,6.86,18.4207,364,11,0,3507,43.6088,43.8566,17.1665
56.2902,8.5822,0,8.5822,6.86,18.4207,1090,17,0,3508,43.6243,43.872,17.1654
56.298,0.647916,0,0.647916,6.84,18.3688,64,0,0,3508,43.6243,43.872,17.1644
56.3167,0.437605,0,0.437605,6.84,18.3688,64,0,0,3508,43.6243,43.872,17.1644
56.3243,1.08906,0,1.08906,6.82,18.317,64,0,0,3508,43.6243,43.872,17.1644
56.3552,10.6527,0,10.6527,6.82,18.317,1210,0,0,3510,43.6339,43.8815,17.1633
56.3674,4.42047,0,4.42047,6.8,18.2651,804,11,0,3511,43.6423,43.8898,17.1622
56.3897,6.59005,0,6.59005,6.8,18.2651,412,1,0,3512,43.6395,43.887,17.1601
56.4106,12.8869,0,12.8869,6.78,17.1315,1014,8,0,3513,43.6536,43.9009,17.1601
56.429,10.245,0,10.245,6.76,17.0809,974,19,0,3514,43.6665,43.9138,17.1579
56.4512,11.7589,0,11.7589,6.76,17.0809,1512,34,0,3516,43.684,43.9312,17.1569
56.4583,0.661339,0,0.661339,6.74,17.0302,104,0,0,3516,43.684,43.9312,17.1558
56.4825,2.40132,0,2.40132,6.74,17.0302,384,0,0,3517,43.6798,43.9269,17.1547
56.4967,8.6447,0,8.6447,6.72,16.9797,1181,12,0,3519,43.6866,43.9335,17.1536
56.5108,0.879499,0,0.879499,6.72,16.9797,94,0,0,3519,43.6866,43.9335,17.1526
56.5244,6.78635,0,6.78635,6.7,16.9291,1044,22,0,3520,43.7011,43.948,17.1526
56.5436,4.57267,0,4.57267,6.7,16.9291,324,1,0,3521,43.6953,43.9421,17.1515
56.567,15.9722,0,15.9722,6.68,16.8786,1414,5,0,3523,43.7079,43.9546,17.1494
56.5845,9.36871,0,9.36871,6.66,16.828,1264,17,0,3525,43.7174,43.964,17.1472
56.6088,12.6426,0,12.6426,6.66,16.828,1912,3,0,3527,43.744,43.9904,17.1451
56.6259,10.1606,0,10.1606,6.64,16.7775,1463,15,0,3529,43.7591,44.0054,17.143
56.6449,6.39376,0,6.39376,6.64,16.7775,842,29,0,3530,43.7677,44.0139,17.1408
56.6568,5.82309,0,5.82309,6.62,16.727,1072,14,0,3531,43.7828,44.0289,17.1408
56.6757,3.4108,0,3.4108,6.62,16.727,392,0,0,3532,43.7786,44.0246,17.1398
56.689,6.612,0,6.612,6.6,16.6764,852,11,0,3533,43.7874,44.0334,17.1376
56.7059,0.28046,0,0.28046,6.6,16.6764,102,0,0,3533,43.7874,44.0334,17.1376
56.7236,11.3632,0,11.3632,6.58,16.6259,1922,18,0,3535,43.8141,44.06,17.1366
56.7354,0.925573,0,0.925573,6.58,16.6259,102,0,0,3535,43.8141,44.06,17.1355
56.747,5.27158,0,5.27158,6.56,16.5753,752,9,0,3536,43.8213,44.067,17.1355
56.7676,5.01426,0,5.01426,6.56,16.5753,712,0,0,3537,43.8261,44.0718,17.1334
56.7899,15.3829,0,15.3829,6.54,16.5248,1642,14,0,3539,43.8449,44.0904,17.1323
56.8001,3.41562,0,3.41562,6.52,16.4743,482,4,0,3540,43.8432,44.0887,17.1313
56.82,4.10999,0,4.10999,6.52,16.4743,502,0,0,3541,43.8419,44.0873,17.1291
56.8349,7.59346,0,7.59346,6.5,16.4237,932,15,0,3542,43.8529,44.0982,17.1281
56.8535,6.962,0,6.962,6.5,16.4237,940,8,0,3543,43.8654,44.1106,17.1281
56.8709,10.13,0,10.13,6.48,16.3732,1562,17,0,3545,43.8815,44.1267,17.126
56.89,9.79856,0,9.79856,6.48,16.3732,1562,7,0,3547,43.8977,44.1427,17.1238
56.9028,4.47019,0,4.47019,6.46,16.3227,642,2,0,3548,43.9002,44.1452,17.1228
56.9295,11.7088,0,11.7088,6.46,16.3227,1742,30,0,3550,43.9214,44.1662,17.1207
56.944,7.70127,0,7.70127,6.44,16.2721,1260,19,0,3552,43.9291,44.1737,17.1185
56.9608,3.91603,0,3.91603,6.44,16.2721,490,5,0,3553,43.9274,44.172,17.1164
57.5636,596.202,590.389,5.81272,6.42,16.2216,155972,354,0,3554,43.8655,44.1286,17.1154
57.5779,7.07481,0,7.07481,6.4,16.1711,1020,11,0,3556,43.8661,44.1291,17.1143
57.5956,2.815,0,2.815,6.4,16.1711,418,0,0,3557,43.8634,44.1262,17.1122
57.6058,3.38491,0,3.38491,6.38,16.1205,530,7,0,3558,43.8626,44.1254,17.1111
57.6238,0.332604,0,0.332604,6.38,16.1205,120,0,0,3558,43.8626,44.1254,17.1111
57.6434,13.7705,0,13.7705,6.36,16.07,1959,10,0,3560,43.8902,44.1528,17.1101
57.6585,7.73679,0,7.73679,6.36,16.07,1240,14,0,3561,43.9093,44.1719,17.109
57.6681,2.86543,0,2.86543,6.34,16.0195,470,0,0,3562,43.9068,44.1693,17.108
57.6964,9.99905,0,9.99905,6.34,16.0195,1660,18,0,3564,43.9254,44.1877,17.1059
57.7131,9.609,0,9.609,6.32,15.9689,1442,12,0,3566,43.938,44.2002,17.1038
57.7339,9.07558,0,9.07558,6.32,15.9689,1336,6,0,3568,43.9493,44.2113,17.1017
57.7426,2.81656,0,2.81656,6.3,15.9184,510,0,0,3569,43.9479,44.2099,17.0996
57.7644,3.24187,0,3.24187,6.3,15.9184,560,0,0,3570,43.9479,44.2098,17.0996
57.7748,4.32636,0,4.32636,6.28,15.8679,680,1,0,3571,43.9513,44.2131,17.0985
57.8054,11.9178,0,11.9178,6.28,15.8679,1736,7,0,3573,43.9723,44.234,17.0964
57.8264,13.2942,0,13.2942,6.26,15.8173,1960,9,0,3575,43.9992,44.2607,17.0943
57.8336,1.23206,0,1.23206,6.24,15.7668,130,0,0,3575,43.9992,44.2607,17.0933
57.8768,19.9603,0,19.9603,6.24,15.7668,1529,7,0,3577,44.0165,44.2779,17.0922
57.9006,7.80799,0,7.80799,6.22,15.7163,630,0,0,3578,44.0184,44.2798,17.0901
57.9163,9.03556,0,9.03556,6.2,15.6657,848,8,0,3580,44.0226,44.2838,17.0891
57.9303,1.34077,0,1.34077,6.2,15.6657,120,0,0,3580,44.0226,44.2838,17.088
57.9374,1.56329,0,1.56329,6.18,15.6152,400,0,0,3581,44.0182,44.2793,17.088
57.9664,9.51346,0,9.51346,6.18,15.6152,1300,13,0,3583,44.0265,44.2875,17.0859
57.9821,9.77552,0,9.77552,6.16,15.5647,1490,18,0,3585,44.0402,44.301,17.0838
58.0023,8.72825,0,8.72825,6.16,15.5647,1290,8,0,3587,44.0482,44.3089,17.0817
58.0165,8.15308,0,8.15308,6.14,15.5141,1130,27,0,3588,44.0641,44.3247,17.0807
58.0315,1.12796,0,1.12796,6.14,15.5141,120,0,0,3588,44.0641,44.3247,17.0797
58.0478,10.5438,0,10.5438,6.12,15.4636,1670,13,0,3590,44.0827,44.3432,17.0786
58.0647,6.14416,0,6.14416,6.12,15.4636,910,7,0,3591,44.0925,44.3528,17.0776
58.0715,0.498144,0,0.498144,6.1,15.4131,120,0,0,3591,44.0925,44.3528,17.0765
58.1003,6.26582,0,6.26582,6.1,15.4131,843,1,0,3592,44.1005,44.3608,17.0755
58.2322,126.237,123.681,2.55691,6.08,15.3625,32913,50,0,3593,44.0835,44.3434,17.0755
58.2447,4.42221,0,4.42221,6.06,15.312,620,2,0,3594,44.0851,44.345,17.0744
58.2656,5.02858,0,5.02858,6.06,15.312,830,2,0,3595,44.0926,44.3524,17.0723
58.2844,11.8676,0,11.8676,6.04,15.2614,1810,16,0,3597,44.1151,44.3748,17.0713
58.2947,1.40882,0,1.40882,6.04,15.2614,120,0,0,3597,44.1151,44.3748,17.0703
58.3062,4.16309,0,4.16309,6.02,15.2109,600,0,0,3598,44.1162,44.3758,17.0692
58.3271,4.6388,0,4.6388,6.02,15.2109,730,8,0,3599,44.1209,44.3804,17.0682
58.3375,3.36477,0,3.36477,6,15.1604,490,8,0,3600,44.1189,44.3783,17.0671
58.364,8.46226,0,8.46226,6,15.1604,1290,9,0,3602,44.1269,44.3862,17.0661
58.3794,8.73979,0,8.73979,5.98,15.1098,1171,0,0,3604,44.1362,44.3954,17.064
58.3953,3.14659,0,3.14659,5.98,15.1098,390,0,0,3605,44.1315,44.3906,17.063
58.4079,5.97006,0,5.97006,5.96,15.0593,1000,30,0,3606,44.1436,44.4027,17.0619
58.4309,7.29561,0,7.29561,5.96,15.0593,850,0,0,3607,44.1516,44.4106,17.0609
58.45,9.0458,0,9.0458,5.94,15.0088,830,20,0,3608,44.1591,44.418,17.0588
58.4731,9.41611,0,9.41611,5.94,15.0088,740,3,0,3609,44.164,44.4228,17.0588
58.489,7.19684,0,7.19684,5.92,14.9582,670,1,0,3610,44.167,44.4258,17.0578
58.5118,12.1605,0,12.1605,5.92,14.9582,1920,1,0,3612,44.1924,44.451,17.0557
58.5234,4.7801,0,4.7801,5.9,14.9077,820,11,0,3613,44.1996,44.4581,17.0547
58.5418,1.79597,0,1.79597,5.9,14.9077,120,0,0,3613,44.1996,44.4581,17.0536
58.5498,2.44925,0,2.44925,5.88,14.8572,390,2,0,3614,44.1948,44.4532,17.0536
58.5743,7.09845,0,7.09845,5.88,14.8572,1150,23,0,3615,44.2111,44.4694,17.0516
58.5892,7.57992,0,7.57992,5.86,14.8066,1060,3,0,3617,44.2126,44.4708,17.0505
58.6109,9.4535,0,9.4535,5.86,14.8066,1490,9,0,3619,44.226,44.4841,17.0485
58.6235,5.6776,0,5.6776,5.84,14.7561,1000,13,0,3620,44.2381,44.4961,17.0464
58.6423,3.98543,0,3.98543,5.84,14.7561,700,3,0,3621,44.2419,44.4999,17.0454
58.6501,0.856206,0,0.856206,5.82,14.7056,120,0,0,3621,44.2419,44.4999,17.0454
58.6714,1.4715,0,1.4715,5.82,14.7056,410,2,0,3622,44.2377,44.4956,17.0454
58.6881,10.2545,0,10.2545,5.8,14.655,1730,11,0,3624,44.2577,44.5155,17.0433
58.703,5.5598,0,5.5598,5.8,14.655,1080,0,0,3625,44.272,44.5297,17.0423
58.7146,4.71083,0,4.71083,5.78,14.6045,840,9,0,3626,44.2796,44.5372,17.0412
58.7426,11.816,0,11.816,5.78,14.6045,1920,36,0,3628,44.3049,44.5623,17.0392
58.7562,6.66399,0,6.66399,5.76,14.554,940,0,0,3630,44.303,44.5603,17.0371
58.7755,5.87715,0,5.87715,5.76,14.554,1000,3,0,3631,44.3151,44.5723,17.0361
58.7837,1.62263,0,1.62263,5.74,14.5034,120,0,0,3631,44.3151,44.5723,17.0351
58.8076,3.14815,0,3.14815,5.74,14.5034,583,3,0,3632,44.3172,44.5743,17.0351
58.8181,4.50675,0,4.50675,5.72,14.4529,590,7,0,3633,44.3168,44.5739,17.033
58.8435,8.07558,0,8.07558,5.72,14.4529,1243,0,0,3635,44.3235,44.5805,17.032
58.8575,6.09875,0,6.09875,5.7,14.4024,1020,2,0,3637,44.3242,44.581,17.0299
58.8719,0.622964,0,0.622964,5.7,14.4024,110,0,0,3637,44.3242,44.581,17.0289
58.8792,0.700914,0,0.700914,5.68,14.3518,110,0,0,3637,44.3242,44.581,17.0289
58.8999,0.315493,0,0.315493,5.68,14.3518,110,0,0,3637,44.3242,44.581,17.0289
58.9128,6.60652,0,6.60652,5.66,14.3013,890,1,0,3638,44.3334,44.5902,17.0279
58.9334,6.52485,0,6.52485,5.66,14.3013,1120,13,0,3639,44.349,44.6057,17.0268
58.9474,7.38299,0,7.38299,5.64,14.2508,970,9,0,3640,44.3604,44.617,17.0258
58.9662,6.77572,0,6.77572,5.64,14.2508,1020,10,0,3641,44.3732,44.6298,17.0258
58.9835,10.1158,0,10.1158,5.62,14.2002,1480,1,0,3643,44.3865,44.6429,17.0237
58.9952,3.10278,0,3.10278,5.62,14.2002,500,1,0,3644,44.385,44.6413,17.0227
59.0139,11.7099,0,11.7099,5.6,14.1497,1814,15,0,3646,44.4103,44.6665,17.0207
59.034,11.2275,0,11.2275,5.6,14.1497,1800,5,0,3648,44.4323,44.6883,17.0186
59.0518,10.0262,0,10.0262,5.58,14.0992,1602,2,0,3650,44.4501,44.706,17.0166
59.0621,0.889046,0,0.889046,5.58,14.0992,110,0,0,3650,44.4501,44.706,17.0155
59.075,5.38165,0,5.38165,5.56,14.0486,764,3,0,3651,44.4574,44.7132,17.0145
59.0936,5.38777,0,5.38777,5.56,14.0486,784,9,0,3653,44.4517,44.7074,17.0135
59.4631,362.134,354.909,7.22455,5.54,13.9981,111880,1088,0,3654,44.3692,44.6404,17.0115
59.4805,11.6867,0,11.6867,5.52,13.9475,1813,32,0,3656,44.3939,44.6649,17.0104
59.4927,4.12097,0,4.12097,5.52,13.9475,489,0,0,3657,44.3943,44.6653,17.0084
59.5076,8.87324,0,8.87324,5.5,13.897,1570,33,0,3659,44.4121,44.683,17.0074
59.5245,5.67117,0,5.67117,5.5,13.897,850,1,0,3661,44.4103,44.681,17.0053
59.5358,5.29542,0,5.29542,5.48,13.8465,770,10,0,3662,44.4184,44.689,17.0033
59.5519,1.36139,0,1.36139,5.48,13.8465,150,0,0,3662,44.4184,44.689,17.0033
59.5619,4.63137,0,4.63137,5.46,13.7959,710,13,0,3663,44.4248,44.6953,17.0023
59.5856,6.94011,0,6.94011,5.46,13.7959,978,4,0,3664,44.4378,44.7082,17.0023
59.5983,8.05866,0,8.05866,5.44,13.7454,1210,21,0,3666,44.4457,44.716,17.0002
59.6227,9.51508,0,9.51508,5.44,13.7454,1530,27,0,3668,44.4624,44.7326,16.9982
59.6375,8.92048,0,8.92048,5.42,13.6949,1240,27,0,3670,44.4711,44.7411,16.9962
59.659,9.88091,0,9.88091,5.42,13.6949,1460,31,0,3672,44.4858,44.7557,16.9941
59.6678,2.73962,0,2.73962,5.4,13.6443,310,0,0,3673,44.4814,44.7512,16.9921
59.6911,7.18077,0,7.18077,5.4,13.6443,687,6,0,3675,44.4808,44.7505,16.9911
59.7029,5.60787,0,5.60787,5.38,13.5938,750,2,0,3676,44.4878,44.7573,16.9901
59.7249,7.30667,0,7.30667,5.38,13.5938,1176,17,0,3678,44.4946,44.764,16.988
59.739,8.08099,0,8.08099,5.36,13.5433,1360,4,0,3680,44.506,44.7753,16.986
59.7598,8.5846,0,8.5846,5.36,13.5433,1370,25,0,3682,44.5177,44.7868,16.984
59.7734,7.40873,0,7.40873,5.34,13.4927,1260,2,0,3684,44.5263,44.7953,16.982
59.7954,10.5231,0,10.5231,5.34,13.4927,1712,13,0,3686,44.548,44.8169,16.9799
59.8048,3.60716,0,3.60716,5.32,13.4422,470,2,0,3687,44.5473,44.8161,16.9779
59.8256,5.43766,0,5.43766,5.32,13.4422,830,2,0,3688,44.5564,44.8251,16.9779
59.8408,9.15863,0,9.15863,5.3,13.3917,1380,47,0,3690,44.5683,44.8369,16.9759
59.8568,5.433,0,5.433,5.3,13.3917,810,0,0,3691,44.5768,44.8453,16.9749
59.8759,13.2061,0,13.2061,5.28,13.3411,1920,36,0,3693,44.6033,44.8716,16.9729
59.8886,6.65951,0,6.65951,5.28,13.3411,990,0,0,3694,44.6167,44.8849,16.9708
59.8985,3.72717,0,3.72717,5.26,13.2906,500,1,0,3695,44.6168,44.885,16.9708
59.9203,5.17061,0,5.17061,5.26,13.2906,750,6,0,3696,44.6236,44.8918,16.9688
59.9294,2.98813,0,2.98813,5.24,13.2401,467,4,0,3698,44.6109,44.8789,16.9678
59.9539,8.69607,0,8.69607,5.24,13.2401,1340,15,0,3700,44.6216,44.8895,16.9658
59.9707,10.5034,0,10.5034,5.22,13.1895,1650,19,0,3702,44.6407,44.9084,16.9638
59.9849,5.76233,0,5.76233,5.22,13.1895,752,6,0,3704,44.6363,44.9039,16.9618
59.9953,3.8945,0,3.8945,5.2,13.139,580,3,0,3705,44.6386,44.9061,16.9608
60.0243,12.491,0,12.491,5.2,13.139,1970,27,0,3707,44.6663,44.9336,16.9588
60.0389,7.65921,0,7.65921,5.18,13.0885,1060,10,0,3708,44.6815,44.9488,16.9568
60.0614,10.2108,0,10.2108,5.18,13.0885,1600,13,0,3710,44.6992,44.9663,16.9557
60.0794,10.7225,0,10.7225,5.16,13.0379,1678,38,0,3712,44.7201,44.9871,16.9537
60.1032,14.2593,0,14.2593,5.16,13.0379,2084,39,0,3714,44.7512,45.018,16.9517
60.1214,11.8788,0,11.8788,5.14,12.9874,1920,19,0,3716,44.7774,45.0441,16.9497
60.1383,7.756,0,7.756,5.14,12.9874,1140,4,0,3718,44.7827,45.0492,16.9477
60.1547,11.2435,0,11.2435,5.12,12.9369,1800,15,0,3720,44.8056,45.072,16.9457
60.1692,3.05316,0,3.05316,5.12,12.9369,440,17,0,3721,44.8041,45.0704,16.9437
60.1852,10.847,0,10.847,5.1,12.8863,1770,23,0,3723,44.8262,45.0924,16.9427
60.1991,2.14485,0,2.14485,5.1,12.8863,290,0,0,3724,44.8206,45.0867,16.9407
60.2123,8.02539,0,8.02539,5.08,12.8358,1180,17,0,3726,44.8269,45.0929,16.9397
60.2347,7.64148,0,7.64148,5.08,12.8358,1350,9,0,3728,44.8377,45.1035,16.9377
60.246,6.06026,0,6.06026,5.06,12.7853,980,11,0,3729,44.8506,45.1164,16.9367
60.2659,3.2481,0,3.2481,5.06,12.7853,500,3,0,3730,44.8507,45.1164,16.9357
60.2769,5.68366,0,5.68366,5.04,12.7347,943,23,0,3731,44.8609,45.1265,16.9347
60.3018,7.88183,0,7.88183,5.04,12.7347,1380,14,0,3733,44.8725,45.138,16.9327
60.3185,11.6372,0,11.6372,5.02,12.6842,1762,7,0,3735,44.8945,45.1598,16.9308
60.3403,10.5746,0,10.5746,5.02,12.6842,1830,44,0,3737,44.9181,45.1833,16.9288
60.3491,3.77019,0,3.77019,5,12.6336,430,2,0,3738,44.9163,45.1814,16.9268
60.3752,7.24549,0,7.24549,5,12.6336,1120,11,0,3740,44.9209,45.1858,16.9258
60.6544,273.044,265.57,7.47426,4.98,12.5831,100154,286,0,3741,44.8623,45.1337,16.9238
60.6677,6.77967,0,6.77967,4.96,12.5326,1000,3,0,3743,44.8637,45.1349,16.9228
60.6871,5.65009,0,5.65009,4.96,12.5326,850,11,0,3744,44.8721,45.1432,16.9218
60.7018,8.48093,0,8.48093,4.94,12.482,1380,17,0,3746,44.8836,45.1546,16.9198
60.7177,3.97067,0,3.97067,4.94,12.482,540,8,0,3747,44.8847,45.1556,16.9188
60.7328,8.89094,0,8.89094,4.92,12.4315,1420,20,0,3749,44.8973,45.168,16.9168
60.752,7.41846,0,7.41846,4.92,12.4315,1080,13,0,3751,44.9008,45.1714,16.9149
60.765,7.00029,0,7.00029,4.9,12.381,950,4,0,3752,44.9128,45.1834,16.9139
60.7858,7.30158,0,7.30158,4.9,12.381,1240,34,0,3754,44.9206,45.191,16.9119
60.7992,7.14659,0,7.14659,4.88,12.3304,1032,2,0,3755,44.9353,45.2056,16.9099
60.8198,7.36128,0,7.36128,4.88,12.3304,950,3,0,3757,44.9356,45.2057,16.9089
60.8358,9.80711,0,9.80711,4.86,12.2799,1453,2,0,3759,44.9497,45.2197,16.9069
60.8468,0.410195,0,0.410195,4.86,12.2799,40,0,0,3759,44.9497,45.2197,16.906
60.8579,4.96516,0,4.96516,4.84,12.2294,640,4,0,3760,44.9537,45.2237,16.905
60.8788,5.24531,0,5.24531,4.84,12.2294,660,0,0,3761,44.9583,45.2281,16.905
60.8908,5.74517,0,5.74517,4.82,12.1788,830,5,0,3763,44.9554,45.2251,16.903
60.9129,7.35581,0,7.35581,4.82,12.1788,1150,8,0,3765,44.961,45.2305,16.901
60.9242,5.16135,0,5.16135,4.8,12.1283,720,20,0,3766,44.9671,45.2366,16.9
60.9415,2.02365,0,2.02365,4.8,12.1283,260,0,0,3767,44.961,45.2304,16.8991
60.9609,13.002,0,13.002,4.78,12.0778,1970,4,0,3769,44.9883,45.2576,16.8971
60.9709,3.9296,0,3.9296,4.78,12.0778,690,15,0,3770,44.9936,45.2629,16.8951
60.9873,11.3481,0,11.3481,4.76,12.0272,2020,30,0,3772,45.0223,45.2914,16.8941
61.0065,7.87129,0,7.87129,4.76,12.0272,1170,4,0,3774,45.0284,45.2973,16.8922
61.0161,4.38666,0,4.38666,4.74,11.9767,710,0,0,3775,45.0342,45.303,16.8912
61.0373,2.6131,0,2.6131,4.74,11.9767,490,0,0,3776,45.0342,45.303,16.8892
61.0461,3.47862,0,3.47862,4.72,11.9262,530,1,0,3777,45.0352,45.3039,16.8882
61.0718,6.39072,0,6.39072,4.72,11.9262,910,4,0,3778,45.0463,45.315,16.8882
61.0858,8.7559,0,8.7559,4.7,11.8756,1500,17,0,3780,45.0611,45.3296,16.8863
61.1091,9.58031,0,9.58031,4.7,11.8756,1590,6,0,3782,45.0783,45.3466,16.8843
61.1185,2.82723,0,2.82723,4.68,11.8251,320,0,0,3783,45.0738,45.3421,16.8823
61.1393,3.41174,0,3.41174,4.68,11.8251,400,5,0,3784,45.0714,45.3396,16.8823
61.1521,6.43918,0,6.43918,4.66,11.7746,970,10,0,3785,45.084,45.3522,16.8814
61.169,2.4816,0,2.4816,4.66,11.7746,440,1,0,3786,45.0827,45.3508,16.8804
61.1867,12.497,0,12.497,4.64,11.724,1930,9,0,3788,45.1088,45.3767,16.8784
61.205,7.55617,0,7.55617,4.64,11.724,1390,15,0,3790,45.1206,45.3884,16.8765
61.2189,7.35068,0,7.35068,4.62,11.6735,1130,6,0,3792,45.1255,45.3932,16.8745
61.2414,9.70503,0,9.70503,4.62,11.6735,1480,54,0,3794,45.1397,45.4072,16.8726
61.2574,8.52062,0,8.52062,4.6,11.623,1320,5,0,3796,45.1496,45.417,16.8706
61.2768,8.99423,0,8.99423,4.6,11.623,1420,15,0,3798,45.1622,45.4294,16.8686
61.294,9.58677,0,9.58677,4.58,11.5724,1480,35,0,3800,45.1763,45.4434,16.8667
61.316,11.4508,0,11.4508,4.58,11.5724,1690,5,0,3802,45.1959,45.4629,16.8647
61.3296,6.97117,0,6.97117,4.56,11.5219,1110,5,0,3803,45.2098,45.4767,16.8628
61.3497,8.3547,0,8.3547,4.56,11.5219,1050,4,0,3804,45.2242,45.4911,16.8618
61.3627,6.472,0,6.472,4.54,11.4714,1000,9,0,3805,45.2376,45.5043,16.8618
61.3805,2.66175,0,2.66175,4.54,11.4714,440,0,0,3806,45.2362,45.5029,16.8609
61.3863,0.336127,0,0.336127,4.52,11.4208,40,0,0,3806,45.2362,45.5029,16.8599
61.4152,9.40675,0,9.40675,4.52,11.4208,1500,8,0,3808,45.2508,45.5173,16.8589
61.4297,7.83537,0,7.83537,4.5,11.3703,1040,0,0,3810,45.2533,45.5197,16.857
61.4451,2.54501,0,2.54501,4.5,11.3703,300,0,0,3811,45.2482,45.5146,16.855
61.4513,0.837283,0,0.837283,4.48,11.3197,40,0,0,3811,45.2482,45.5146,16.855
61.4784,6.1321,0,6.1321,4.48,11.3197,840,15,0,3813,45.2455,45.5117,16.854
61.4942,9.43654,0,9.43654,4.46,11.2692,1360,4,0,3815,45.2574,45.5235,16.8521
61.5131,7.7552,0,7.7552,4.46,11.2692,1230,17,0,3817,45.2649,45.5308,16.8502
61.5282,8.67951,0,8.67951,4.44,11.2187,1390,21,0,3819,45.2765,45.5423,16.8482
61.5454,4.4804,0,4.4804,4.44,11.2187,620,0,0,3820,45.2798,45.5455,16.8473
61.5539,2.91754,0,2.91754,4.42,11.1681,440,0,0,3821,45.2785,45.5441,16.8463
61.5761,5.17743,0,5.17743,4.42,11.1681,650,0,0,3822,45.2826,45.5481,16.8453
61.5887,5.85374,0,5.85374,4.4,11.1176,1010,16,0,3823,45.2961,45.5616,16.8443
61.6141,10.8411,0,10.8411,4.4,11.1176,1662,0,0,3825,45.315,45.5804,16.8424
61.6331,12.4765,0,12.4765,4.38,11.0671,1910,10,0,3827,45.3402,45.6054,16.8405
61.6514,10.2022,0,10.2022,4.38,11.0671,1550,18,0,3829,45.356,45.621,16.8385
61.663,6.43994,0,6.43994,4.36,11.0165,870,16,0,3830,45.3658,45.6308,16.8376
61.6857,6.05725,0,6.05725,4.36,11.0165,1000,14,0,3831,45.379,45.644,16.8366
61.6978,6.82368,0,6.82368,4.34,10.966,1090,7,0,3832,45.3946,45.6594,16.8356
61.7151,2.33379,0,2.33379,4.34,10.966,300,0,0,3833,45.3895,45.6543,16.8347
62.1599,439.058,431.444,7.61407,4.32,10.9155,140051,270,0,3835,45.3484,45.6253,16.8328
62.1711,4.57951,0,4.57951,4.3,10.8649,640,0,0,3836,45.3498,45.6267,16.8308
62.1932,5.80899,0,5.80899,4.3,10.8649,782,0,0,3837,45.3628,45.6396,16.8308
62.2022,3.79707,0,3.79707,4.28,10.8144,540,1,0,3838,45.364,45.6407,16.8289
62.2278,8.01683,0,8.01683,4.28,10.8144,1380,0,0,3840,45.3753,45.6518,16.8279
62.24,5.55911,0,5.55911,4.26,10.7639,756,0,0,3841,45.3845,45.661,16.827
62.2633,9.57917,0,9.57917,4.26,10.7639,1604,1,0,3843,45.4018,45.6781,16.825
62.2775,6.02734,0,6.02734,4.24,10.7133,1010,11,0,3844,45.4155,45.6917,16.8241
62.2932,2.54911,0,2.54911,4.24,10.7133,240,1,0,3845,45.4091,45.6853,16.8231
62.3105,10.7674,0,10.7674,4.22,10.6628,1810,19,0,3847,45.4318,45.7078,16.8212
62.32,1.04421,0,1.04421,4.22,10.6628,30,0,0,3847,45.4318,45.7078,16.8202
62.3348,9.16966,0,9.16966,4.2,10.6123,1470,8,0,3849,45.4456,45.7215,16.8193
62.3499,1.36744,0,1.36744,4.2,10.6123,30,0,0,3849,45.4456,45.7215,16.8183
62.3567,1.42523,0,1.42523,4.18,10.5617,50,0,0,3849,45.4456,45.7215,16.8183
62.3818,3.59611,0,3.59611,4.18,10.5617,312,5,0,3850,45.4413,45.7171,16.8174
62.3981,10.9619,0,10.9619,4.16,10.5112,1700,1,0,3852,45.4608,45.7365,16.8164
62.4155,6.53524,0,6.53524,4.16,10.5112,1140,6,0,3854,45.4657,45.7413,16.8145
62.4218,0.979917,0,0.979917,4.14,10.4607,60,0,0,3854,45.4657,45.7413,16.8135
62.4434,0.669077,0,0.669077,4.14,10.4607,40,0,0,3854,45.4657,45.7413,16.8135
62.4494,0.536556,0,0.536556,4.12,10.4101,40,0,0,3854,45.4657,45.7413,16.8135
62.4789,7.22302,0,7.22302,4.12,10.4101,1100,13,0,3856,45.4697,45.7451,16.8126
62.4883,3.82704,0,3.82704,4.1,10.3596,390,6,0,3857,45.4656,45.741,16.8106
62.5191,11.1867,0,11.1867,4.1,10.3596,1920,11,0,3859,45.4908,45.766,16.8097
62.5355,8.58323,0,8.58323,4.08,10.3091,890,0,0,3860,45.501,45.7762,16.8078
62.5554,7.80495,0,7.80495,4.08,10.3091,1310,2,0,3862,45.5104,45.7853,16.8068
62.5721,10.1343,0,10.1343,4.06,10.2585,1570,19,0,3864,45.5264,45.8012,16.8049
62.5936,9.73671,0,9.73671,4.06,10.2585,1500,2,0,3866,45.5406,45.8153,16.803
62.6028,1.85397,0,1.85397,4.04,10.208,310,0,0,3867,45.5358,45.8104,16.8011
62.6249,5.36031,0,5.36031,4.04,10.208,790,3,0,3868,45.5434,45.818,16.8001
62.6349,2.9822,0,2.9822,4.02,10.1575,490,7,0,3869,45.5433,45.8178,16.7992
62.6585,7.31922,0,7.31922,4.02,10.1575,1130,5,0,3871,45.5479,45.8223,16.7982
62.6755,10.1208,0,10.1208,4,10.1069,1390,10,0,3873,45.5593,45.8335,16.7963
62.6953,11.409,0,11.409,4,10.1069,1860,4,0,3875,45.5827,45.8568,16.7944
62.7033,1.19259,0,1.19259,3.98,10.0564,40,0,0,3875,45.5827,45.8568,16.7935
62.7271,4.25418,0,4.25418,3.98,10.0564,610,2,0,3876,45.5857,45.8596,16.7935
62.7444,10.7071,0,10.7071,3.96,10.0058,1810,36,0,3878,45.6078,45.8816,16.7916
62.7544,1.3141,0,1.3141,3.96,10.0058,50,0,0,3878,45.6078,45.8816,16.7906
62.768,7.77897,0,7.77897,3.94,9.95532,1300,10,0,3880,45.6168,45.8905,16.7896
62.7915,9.18155,0,9.18155,3.94,9.95532,1520,4,0,3882,45.6314,45.9049,16.7877
62.808,9.69542,0,9.69542,3.92,9.90478,1650,4,0,3884,45.6493,45.9228,16.7858
62.8224,3.47051,0,3.47051,3.92,9.90478,510,0,0,3885,45.6497,45.923,16.7849
62.8368,7.76092,0,7.76092,3.9,9.85425,1330,5,0,3887,45.6594,45.9326,16.783
62.8512,2.88756,0,2.88756,3.9,9.85425,360,0,0,3888,45.6559,45.929,16.782
62.8593,2.37386,0,2.37386,3.88,9.80371,310,0,0,3889,45.6511,45.9241,16.7802
62.8796,1.16602,0,1.16602,3.88,9.80371,90,0,0,3889,45.6511,45.9241,16.7802
62.8868,0.969575,0,0.969575,3.86,9.75318,40,0,0,3889,45.6511,45.9241,16.7802
62.9097,2.15227,0,2.15227,3.86,9.75318,200,0,0,3890,45.6434,45.9165,16.7802
62.9219,5.65252,0,5.65252,3.84,9.70264,1090,11,0,3892,45.647,45.9198,16.7783
62.9482,10.3702,0,10.3702,3.84,9.70264,1680,12,0,3894,45.6656,45.9384,16.7764
62.9624,8.20842,0,8.20842,3.82,9.65211,1369,3,0,3896,45.6763,45.9489,16.7745
62.9818,6.00205,0,6.00205,3.82,9.65211,940,9,0,3897,45.6877,45.9602,16.7735
62.9946,7.03506,0,7.03506,3.8,9.60157,930,1,0,3898,45.6988,45.9713,16.7726
63.0121,3.17535,0,3.17535,3.8,9.60157,410,0,0,3899,45.6966,45.969,16.7716
63.0264,8.66388,0,8.66388,3.78,9.55104,1430,25,0,3901,45.7088,45.981,16.7697
63.0473,7.82067,0,7.82067,3.78,9.55104,1220,28,0,3903,45.7156,45.9877,16.7679
63.0537,0.758587,0,0.758587,3.76,9.5005,40,0,0,3903,45.7156,45.9877,16.7669
63.086,10.0795,0,10.0795,3.76,9.5005,1740,7,0,3905,45.7357,46.0077,16.766
63.0936,0.461709,0,0.461709,3.74,9.44997,40,0,0,3905,45.7357,46.0077,16.765
63.1243,10.4451,0,10.4451,3.74,9.44997,1720,9,0,3907,45.7553,46.0271,16.7641
63.1356,4.60688,0,4.60688,3.72,9.39943,557,0,0,3908,45.7569,46.0287,16.7622
63.1513,1.30127,0,1.30127,3.72,9.39943,40,0,0,3908,45.7569,46.0287,16.7622
63.1658,7.50599,0,7.50599,3.7,9.3489,980,15,0,3910,45.7575,46.0292,16.7612
63.1871,9.9602,0,9.9602,3.7,9.3489,1640,21,0,3912,45.7751,46.0465,16.7594
63.1994,5.44416,0,5.44416,3.68,9.29837,850,7,0,3913,45.7841,46.0555,16.7584
63.2172,3.94895,0,3.94895,3.68,9.29837,490,0,0,3914,45.7839,46.0552,16.7565
63.2317,7.60803,0,7.60803,3.66,9.24783,1160,2,0,3916,45.7891,46.0603,16.7556
63.2517,6.67523,0,6.67523,3.66,9.24783,930,0,0,3918,45.7884,46.0595,16.7537
63.2695,11.1578,0,11.1578,3.64,9.1973,1760,1,0,3920,45.8089,46.0798,16.7518
63.287,7.74975,0,7.74975,3.64,9.1973,1260,1,0,3922,45.8167,46.0875,16.75
63.3005,5.99195,0,5.99195,3.62,9.14676,930,8,0,3923,45.8277,46.0984,16.749
63.3192,5.72482,0,5.72482,3.62,9.14676,870,5,0,3924,45.8372,46.1078,16.7481
63.3325,5.99635,0,5.99635,3.6,9.09623,890,0,0,3925,45.8471,46.1177,16.7462
63.3498,4.07716,0,4.07716,3.6,9.09623,790,3,0,3926,45.8546,46.1251,16.7453
63.362,4.33915,0,4.33915,3.58,9.04569,650,0,0,3927,45.8584,46.1289,16.7453
63.381,4.16385,0,4.16385,3.58,9.04569,420,9,0,3928,45.8564,46.1268,16.7434
63.39,3.14145,0,3.14145,3.56,8.99516,570,5,0,3929,45.8582,46.1285,16.7434
63.4166,7.12814,0,7.12814,3.56,8.99516,1300,2,0,3931,45.867,46.1371,16.7415
63.4288,4.14728,0,4.14728,3.54,8.94462,590,10,0,3932,45.8693,46.1394,16.7406
63.4492,5.41715,0,5.41715,3.54,8.94462,850,2,0,3933,45.8782,46.1482,16.7396
63.4623,4.39554,0,4.39554,3.52,8.89409,560,0,0,3934,45.88,46.15,16.7387
63.4798,3.74915,0,3.74915,3.52,8.89409,530,5,0,3935,45.8811,46.151,16.7378
63.4965,8.5233,0,8.5233,3.5,8.84355,1270,3,0,3937,45.8893,46.159,16.7359
63.5151,6.45885,0,6.45885,3.5,8.84355,1190,4,0,3939,45.8954,46.165,16.734
63.5293,6.27956,0,6.27956,3.48,8.79302,970,3,0,3940,45.9076,46.1772,16.7322
63.5456,3.1095,0,3.1095,3.48,8.79302,440,18,0,3941,45.9064,46.1758,16.7322
63.5571,5.11411,0,5.11411,3.46,8.74248,696,3,0,3942,45.9122,46.1816,16.7303
63.5774,1.99208,0,1.99208,3.46,8.74248,380,0,0,3943,45.9095,46.1788,16.7294
63.5931,9.2368,0,9.2368,3.44,8.69195,1380,1,0,3945,45.9204,46.1896,16.7284
63.6156,9.89997,0,9.89997,3.44,8.69195,1620,0,0,3947,45.9374,46.2065,16.7266
63.6285,5.21811,0,5.21811,3.42,8.64142,780,0,0,3948,45.9448,46.2138,16.7256
63.6458,4.02682,0,4.02682,3.42,8.64142,520,1,0,3949,45.9456,46.2145,16.7238
63.6601,6.43533,0,6.43533,3.4,8.59088,920,7,0,3951,45.9448,46.2136,16.7229
63.6855,13.0228,0,13.0228,3.4,8.59088,1840,1,0,3953,45.9674,46.236,16.721
63.6972,4.50483,0,4.50483,3.38,8.54035,900,1,0,3954,45.9777,46.2463,16.7201
63.7194,7.67556,0,7.67556,3.38,8.54035,1380,7,0,3956,45.9886,46.2571,16.7182
63.7268,0.316681,0,0.316681,3.36,8.48981,30,0,0,3956,45.9886,46.2571,16.7173
63.7525,5.15138,0,5.15138,3.36,8.48981,810,1,0,3958,45.9851,46.2534,16.7163
63.7655,5.73638,0,5.73638,3.34,8.43928,1040,8,0,3959,45.999,46.2672,16.7145
63.7869,7.87404,0,7.87404,3.34,8.43928,1440,20,0,3961,46.0114,46.2795,16.7136
63.7986,4.61623,0,4.61623,3.32,8.38874,800,7,0,3962,46.0192,46.2872,16.7126
63.8222,8.80676,0,8.80676,3.32,8.38874,1195,2,0,3964,46.0255,46.2934,16.7108
63.83,0.964883,0,0.964883,3.3,8.33821,30,0,0,3964,46.0255,46.2934,16.7099
63.8509,0.980459,0,0.980459,3.3,8.33821,30,0,0,3964,46.0255,46.2934,16.7099
63.8637,5.91275,0,5.91275,3.28,8.28767,960,15,0,3965,46.0373,46.3052,16.7099
63.8862,9.46129,0,9.46129,3.28,8.28767,1630,21,0,3967,46.0544,46.3222,16.708
63.8946,1.07099,0,1.07099,3.26,8.23714,30,0,0,3967,46.0544,46.3222,16.7071
63.9176,3.22797,0,3.22797,3.26,8.23714,500,8,0,3968,46.0547,46.3223,16.7061
63.9255,1.1112,0,1.1112,3.24,8.1866,50,0,0,3968,46.0547,46.3223,16.7061
63.9511,5.78025,0,5.78025,3.24,8.1866,870,15,0,3969,46.0642,46.3318,16.7061
63.9625,4.44129,0,4.44129,3.22,8.13607,610,0,0,3970,46.0673,46.3348,16.7052
63.9844,5.46711,0,5.46711,3.22,8.13607,870,9,0,3971,46.0768,46.3442,16.7034
64,8.75236,0,8.75236,3.2,8.08554,1310,4,0,3972,46.0974,46.3648,16.7034
64.0173,6.89531,0,6.89531,3.2,8.08554,1060,7,0,3974,46.1002,46.3674,16.7015
64.0309,6.74432,0,6.74432,3.18,8.035,1010,6,0,3975,46.1132,46.3804,16.6997
64.048,4.93818,0,4.93818,3.18,8.035,710,10,0,3976,46.1187,46.3858,16.6997
64.0645,9.6643,0,9.6643,3.16,7.98447,1570,17,0,3978,46.1342,46.4012,16.6978
64.0813,5.62305,0,5.62305,3.16,7.98447,1010,19,0,3979,46.1473,46.4142,16.696
64.0995,10.1335,0,10.1335,3.14,7.93393,1590,9,0,3981,46.1633,46.43,16.6951
64.1145,4.32904,0,4.32904,3.14,7.93393,660,1,0,3982,46.1675,46.4342,16.6941
64.1268,5.5464,0,5.5464,3.12,7.8834,750,0,0,3983,46.174,46.4406,16.6932
64.1516,9.43131,0,9.43131,3.12,7.8834,1430,5,0,3985,46.1859,46.4524,16.6914
64.167,6.92718,0,6.92718,3.1,7.83286,970,3,0,3986,46.1979,46.4644,16.6905
64.1843,6.0668,0,6.0668,3.1,7.83286,797,2,0,3988,46.1941,46.4604,16.6886
64.1937,1.16596,0,1.16596,3.08,7.78233,80,0,0,3988,46.1941,46.4604,16.6877
64.2261,12.8728,0,12.8728,3.08,7.78233,2170,13,0,3990,46.2246,46.4907,16.6868
64.2377,4.54313,0,4.54313,3.06,7.73179,790,0,0,3991,46.232,46.4981,16.6859
64.2623,8.59717,0,8.59717,3.06,7.73179,1230,5,0,3993,46.2389,46.5049,16.684
64.2743,5.94839,0,5.94839,3.04,7.68126,1060,2,0,3994,46.2531,46.519,16.6831
64.2958,5.61499,0,5.61499,3.04,7.68126,900,6,0,3995,46.2633,46.5292,16.6813
64.3116,9.84545,0,9.84545,3.02,7.63072,1490,2,0,3997,46.2767,46.5424,16.6803
64.3301,5.50292,0,5.50292,3.02,7.63072,940,7,0,3998,46.2879,46.5535,16.6785
64.3425,5.53776,0,5.53776,3,7.58019,820,13,0,3999,46.2961,46.5616,16.6776
64.3602,1.36941,0,1.36941,3,7.58019,70,0,0,3999,46.2961,46.5616,16.6776
64.3736,7.41372,0,7.41372,2.98,7.52965,1280,8,0,4001,46.3042,46.5696,16.6767
64.391,3.27417,0,3.27417,2.98,7.52965,430,19,0,4002,46.3026,46.568,16.6748
64.4017,5.1629,0,5.1629,2.96,7.47912,910,7,0,4003,46.313,46.5783,16.6748
64.4313,11.52,0,11.52,2.96,7.47912,1920,17,0,4005,46.3371,46.6022,16.673
64.4467,9.51761,0,9.51761,2.94,7.42859,1440,0,0,4007,46.3491,46.6142,16.6712
64.4665,7.72773,0,7.72773,2.94,7.42859,1018,4,0,4009,46.3545,46.6194,16.6693
64.4796,7.18842,0,7.18842,2.92,7.37805,1070,3,0,4011,46.3573,46.622,16.6675
64.4964,0.649679,0,0.649679,2.92,7.37805,30,0,0,4011,46.3573,46.622,16.6666
64.512,9.66048,0,9.66048,2.9,7.32752,1470,12,0,4013,46.37,46.6347,16.6657
64.5278,4.27536,0,4.27536,2.9,7.32752,700,2,0,4014,46.3752,46.6398,16.6648
64.5366,2.96767,0,2.96767,2.88,7.27698,480,0,0,4015,46.3748,46.6394,16.663
64.5645,8.32944,0,8.32944,2.88,7.27698,1220,9,0,4017,46.3814,46.6458,16.662
64.5789,8.22644,0,8.22644,2.86,7.22645,1200,1,0,4019,46.3874,46.6517,16.6602
64.5997,7.46078,0,7.46078,2.86,7.22645,1410,8,0,4021,46.3987,46.6628,16.6584
64.6169,9.09395,0,9.09395,2.84,7.17591,1450,2,0,4023,46.4109,46.6749,16.6566
64.6356,6.82361,0,6.82361,2.84,7.17591,1140,2,0,4024,46.4269,46.6909,16.6548
64.6489,4.53037,0,4.53037,2.82,7.12538,900,11,0,4026,46.4255,46.6893,16.6538
64.6702,7.78703,0,7.78703,2.82,7.12538,860,17,0,4027,46.4346,46.6983,16.6529
64.6831,5.02994,0,5.02994,2.8,7.07484,980,0,0,4028,46.4466,46.7103,16.6511
64.7043,5.69781,0,5.69781,2.8,7.07484,820,2,0,4030,46.4432,46.7067,16.6502
64.7159,4.01008,0,4.01008,2.78,7.02431,530,4,0,4032,46.4325,46.6959,16.6484
64.7335,2.37183,0,2.37183,2.78,7.02431,370,0,0,4033,46.4295,46.6928,16.6475
64.7459,4.18428,0,4.18428,2.76,6.97377,600,0,0,4034,46.4321,46.6953,16.6457
64.7707,8.08088,0,8.08088,2.76,6.97377,1124,5,0,4036,46.4371,46.7002,16.6448
64.7822,4.37241,0,4.37241,2.74,6.92324,590,0,0,4037,46.4394,46.7025,16.6439
64.808,9.84942,0,9.84942,2.74,6.92324,1540,20,0,4039,46.4538,46.7168,16.642
64.8257,10.591,0,10.591,2.72,6.8727,1710,7,0,4041,46.4724,46.7352,16.6402
64.8385,4.08742,0,4.08742,2.72,6.8727,600,0,0,4042,46.475,46.7378,16.6384
64.8515,5.92854,0,5.92854,2.7,6.82217,930,8,0,4043,46.4858,46.7485,16.6375
64.8651,0.607736,0,0.607736,2.7,6.82217,30,0,0,4043,46.4858,46.7485,16.6375
64.8799,8.29151,0,8.29151,2.68,6.77164,1500,8,0,4045,46.4991,46.7617,16.6366
64.8981,5.52879,0,5.52879,2.68,6.77164,770,2,0,4047,46.4944,46.7569,16.6348
64.9045,0.146416,0,0.146416,2.66,6.7211,30,0,0,4047,46.4944,46.7569,16.6339
64.932,6.14078,0,6.14078,2.66,6.7211,850,1,0,4048,46.5032,46.7656,16.6339
64.948,9.93168,0,9.93168,2.64,6.67057,1580,9,0,4050,46.5185,46.7807,16.6321
64.9635,4.30778,0,4.30778,2.64,6.67057,560,3,0,4051,46.5201,46.7823,16.6303
64.9782,8.70877,0,8.70877,2.62,6.62003,1320,25,0,4053,46.529,46.791,16.6294
64.9918,0.629576,0,0.629576,2.62,6.62003,30,0,0,4053,46.529,46.791,16.6285
65.004,5.67445,0,5.67445,2.6,6.5695,1140,27,0,4055,46.5334,46.7953,16.6276
65.0286,7.32756,0,7.32756,2.6,6.5695,990,5,0,4056,46.5456,46.8074,16.6267
65.0375,3.09472,0,3.09472,2.58,6.51896,440,0,0,4057,46.5442,46.806,16.6258
65.0603,2.59131,0,2.59131,2.58,6.51896,310,0,0,4058,46.5397,46.8014,16.6249
65.0688,2.53273,0,2.53273,2.56,6.46843,400,1,0,4059,46.5373,46.799,16.624
65.0983,8.71441,0,8.71441,2.56,6.46843,1380,12,0,4061,46.5476,46.8092,16.6222
65.1062,0.482626,0,0.482626,2.54,6.41789,30,0,0,4061,46.5476,46.8092,16.6213
65.13,3.93706,0,3.93706,2.54,6.41789,380,0,0,4062,46.5448,46.8063,16.6204
65.1417,5.90695,0,5.90695,2.52,6.36736,930,3,0,4063,46.5555,46.8169,16.6204
65.1613,2.1647,0,2.1647,2.52,6.36736,360,1,0,4064,46.5522,46.8135,16.6186
65.1741,7.19169,0,7.19169,2.5,6.31682,1180,12,0,4066,46.5576,46.8187,16.6177
65.2017,11.4726,0,11.4726,2.5,6.31682,2030,44,0,4068,46.5838,46.8449,16.6159
65.6939,484.786,479.861,4.92522,2.48,6.26629,213348,86,0,4069,46.5623,46.8363,16.615
65.7066,3.47535,0,3.47535,2.46,6.21576,580,11,0,4070,46.5644,46.8383,16.6141
65.7274,5.60642,0,5.60642,2.46,6.21576,940,0,0,4072,46.5639,46.8377,16.6123
65.7449,9.47918,0,9.47918,2.44,6.16522,1530,16,0,4074,46.5778,46.8515,16.6105
65.763,8.29615,0,8.29615,2.44,6.16522,1310,15,0,4076,46.5864,46.8599,16.6087
65.7759,5.5608,0,5.5608,2.42,6.11469,1040,3,0,4077,46.5997,46.8732,16.6069
65.7948,5.45549,0,5.45549,2.42,6.11469,842,0,0,4078,46.6084,46.8818,16.606
65.8032,1.0434,0,1.0434,2.4,6.06415,40,0,0,4078,46.6084,46.8818,16.606
65.8258,2.9878,0,2.9878,2.4,6.06415,490,3,0,4079,46.6082,46.8816,16.6051
65.8425,9.19075,0,9.19075,2.38,6.01362,1730,3,0,4081,46.6271,46.9003,16.6042
65.8603,7.83769,0,7.83769,2.38,6.01362,1420,11,0,4083,46.6383,46.9113,16.6024
65.875,7.33886,0,7.33886,2.36,5.96308,1420,16,0,4085,46.6494,46.9224,16.6006
65.8885,0.309363,0,0.309363,2.36,5.96308,30,0,0,4085,46.6494,46.9224,16.5997
65.9001,5.13335,0,5.13335,2.34,5.91255,720,7,0,4086,46.6549,46.9278,16.5988
65.9166,0.401655,0,0.401655,2.34,5.91255,30,0,0,4086,46.6549,46.9278,16.5988
65.9285,5.11712,0,5.11712,2.32,5.86201,860,8,0,4087,46.6638,46.9366,16.5988
65.9502,5.14959,0,5.14959,2.32,5.86201,760,6,0,4089,46.6588,46.9315,16.5971
65.9637,6.86857,0,6.86857,2.3,5.81148,1210,3,0,4091,46.6649,46.9374,16.5953
65.9825,3.45134,0,3.45134,2.3,5.81148,450,15,0,4092,46.6637,46.9362,16.5944
65.9939,4.5099,0,4.5099,2.28,5.76094,940,0,0,4093,46.6746,46.947,16.5935
66.021,7.97454,0,7.97454,2.28,5.76094,1074,1,0,4095,46.6806,46.9529,16.5917
66.0372,10.0898,0,10.0898,2.26,5.71041,1800,34,0,4097,46.701,46.9732,16.5899
66.0559,7.53139,0,7.53139,2.26,5.71041,1290,3,0,4099,46.709,46.981,16.5881
66.0665,3.8049,0,3.8049,2.24,5.65987,690,3,0,4100,46.7132,46.9851,16.5864
66.0905,8.70061,0,8.70061,2.24,5.65987,1380,1,0,4102,46.7233,46.9951,16.5855
66.1079,10.1318,0,10.1318,2.22,5.60934,1720,11,0,4104,46.7417,47.0134,16.5837
66.1249,8.49566,0,8.49566,2.22,5.60934,1480,11,0,4106,46.7543,47.0258,16.5819
66.1412,9.20629,0,9.20629,2.2,5.55881,1750,31,0,4108,46.7734,47.0448,16.5801
66.1552,3.88337,0,3.88337,2.2,5.55881,390,6,0,4109,46.7705,47.0419,16.5784
66.1686,5.76896,0,5.76896,2.18,5.50827,1000,6,0,4110,46.7827,47.054,16.5775
66.1889,7.36619,0,7.36619,2.18,5.50827,1256,1,0,4112,46.7904,47.0615,16.5766
66.1991,3.09874,0,3.09874,2.16,5.45774,440,13,0,4113,46.789,47.0601,16.5748
66.2188,3.83065,0,3.83065,2.16,5.45774,500,2,0,4114,46.789,47.06,16.5739
66.2291,4.36115,0,4.36115,2.14,5.4072,870,1,0,4116,46.7867,47.0576,16.573
66.2555,7.30959,0,7.30959,2.14,5.4072,1200,0,0,4118,46.7924,47.0631,16.5713
66.2708,8.33398,0,8.33398,2.12,5.35667,1440,7,0,4120,46.8039,47.0745,16.5695
66.2876,5.79097,0,5.79097,2.12,5.35667,880,7,0,4121,46.8132,47.0837,16.5686
66.3034,8.45146,0,8.45146,2.1,5.30613,1410,9,0,4123,46.8239,47.0943,16.5669
66.3156,1.27699,0,1.27699,2.1,5.30613,30,0,0,4123,46.8239,47.0943,16.566
66.3244,2.69665,0,2.69665,2.08,5.2556,530,2,0,4124,46.8247,47.0951,16.5651
66.3505,6.88052,0,6.88052,2.08,5.2556,1160,2,0,4126,46.8294,47.0996,16.5642
66.3656,8.96276,0,8.96276,2.06,5.20506,1500,4,0,4128,46.8423,47.1124,16.5624
66.3863,6.22899,0,6.22899,2.06,5.20506,928,1,0,4129,46.8535,47.1235,16.5607
66.3948,1.33977,0,1.33977,2.04,5.15453,30,0,0,4129,46.8535,47.1235,16.5607
66.4184,4.13105,0,4.13105,2.04,5.15453,690,5,0,4130,46.8581,47.1281,16.5607
66.4354,10.075,0,10.075,2.02,5.10399,1740,6,0,4132,46.8768,47.1467,16.5589
66.4529,8.57952,0,8.57952,2.02,5.10399,1320,0,0,4134,46.8853,47.1551,16.5571
66.47,9.03533,0,9.03533,2,5.05346,1376,5,0,4136,46.8968,47.1663,16.5554
66.4834,4.49889,0,4.49889,2,5.05346,790,9,0,4137,46.9038,47.1733,16.5545
66.4948,5.72933,0,5.72933,1.98,5.00292,980,0,0,4138,46.9154,47.1849,16.5527
66.5115,0.375274,0,0.375274,1.98,5.00292,30,0,0,4138,46.9154,47.1849,16.5527
66.5217,3.6989,0,3.6989,1.96,4.95239,720,1,0,4139,46.9208,47.1901,16.5527
66.5476,7.94923,0,7.94923,1.96,4.95239,1340,5,0,4141,46.9297,47.199,16.551
66.5604,6.71405,0,6.71405,1.94,4.90186,1110,8,0,4142,46.9445,47.2137,16.5501
66.5838,8.56351,0,8.56351,1.94,4.90186,1320,6,0,4144,46.9529,47.222,16.5483
66.5987,5.83146,0,5.83146,1.92,4.85132,1010,10,0,4146,46.9539,47.2229,16.5466
66.6156,5.13913,0,5.13913,1.92,4.85132,632,2,0,4147,46.9573,47.2262,16.5448
66.6301,6.16029,0,6.16029,1.9,4.80079,938,1,0,4148,46.9689,47.2377,16.544
66.6519,7.33351,0,7.33351,1.9,4.80079,1340,0,0,4150,46.9781,47.2467,16.5431
66.6615,0.648088,0,0.648088,1.88,4.75025,20,0,0,4150,46.9781,47.2467,16.5422
66.6868,6.28848,0,6.28848,1.88,4.75025,970,10,0,4151,46.9896,47.2583,16.5413
66.6989,4.15058,0,4.15058,1.86,4.69972,670,3,0,4152,46.994,47.2625,16.5413
66.7246,10.5168,0,10.5168,1.86,4.69972,1860,0,0,4154,47.0156,47.2841,16.5396
66.7333,1.40392,0,1.40392,1.84,4.64918,20,0,0,4154,47.0156,47.2841,16.5387
66.7576,4.92131,0,4.92131,1.84,4.64918,850,15,0,4155,47.0243,47.2927,16.5378
66.7669,2.03441,0,2.03441,1.82,4.59865,380,0,0,4156,47.0217,47.2899,16.5369
66.789,4.99712,0,4.99712,1.82,4.59865,830,3,0,4157,47.0298,47.2981,16.5361
66.8001,3.71444,0,3.71444,1.8,4.54811,480,7,0,4158,47.0296,47.2977,16.5361
66.8224,7.30843,0,7.30843,1.8,4.54811,1170,0,0,4160,47.0346,47.3026,16.5343
66.8386,8.94045,0,8.94045,1.78,4.49758,1610,1,0,4162,47.0502,47.3181,16.5326
66.8542,3.62153,0,3.62153,1.78,4.49758,560,0,0,4163,47.0519,47.3197,16.5308
66.8618,0.577115,0,0.577115,1.76,4.44704,20,0,0,4163,47.0519,47.3197,16.5308
66.8917,9.63725,0,9.63725,1.76,4.44704,1840,19,0,4165,47.073,47.3407,16.5299
66.906,7.33626,0,7.33626,1.74,4.39651,1220,5,0,4167,47.0792,47.3468,16.5282
66.9258,8.05505,0,8.05505,1.74,4.39651,1280,3,0,4169,47.0868,47.3543,16.5265
66.937,3.8939,0,3.8939,1.72,4.34598,610,0,0,4170,47.0897,47.3571,16.5247
66.9574,3.72732,0,3.72732,1.72,4.34598,550,14,0,4171,47.0911,47.3584,16.5247
66.9699,6.70004,0,6.70004,1.7,4.29544,1280,0,0,4173,47.0987,47.3659,16.523
66.9919,8.02324,0,8.02324,1.7,4.29544,1320,26,0,4175,47.1073,47.3744,16.5212
67.0039,4.67311,0,4.67311,1.68,4.24491,810,5,0,4176,47.1149,47.3819,16.5204
67.0244,4.39624,0,4.39624,1.68,4.24491,740,2,0,4177,47.1209,47.3878,16.5195
67.0339,3.68459,0,3.68459,1.66,4.19437,450,0,0,4178,47.1199,47.3868,16.5177
67.0622,8.50005,0,8.50005,1.66,4.19437,1450,14,0,4180,47.1316,47.3983,16.5169
67.0789,9.78052,0,9.78052,1.64,4.14384,1870,14,0,4182,47.1533,47.4199,16.5151
67.0932,2.78046,0,2.78046,1.64,4.14384,260,0,0,4183,47.1477,47.4143,16.5143
67.1052,5.91444,0,5.91444,1.62,4.0933,970,3,0,4184,47.1592,47.4257,16.5134
67.1264,4.92343,0,4.92343,1.62,4.0933,660,3,0,4185,47.1632,47.4296,16.5117
67.1433,10.0938,0,10.0938,1.6,4.04277,1750,0,0,4187,47.182,47.4483,16.5108
67.1665,9.99441,0,9.99441,1.6,4.04277,1970,12,0,4189,47.206,47.4722,16.5091
67.1807,7.19252,0,7.19252,1.58,3.99223,1340,2,0,4191,47.215,47.481,16.5073
67.1963,0.66681,0,0.66681,1.58,3.99223,20,0,0,4191,47.215,47.481,16.5065
67.2101,6.45178,0,6.45178,1.56,3.9417,1310,23,0,4193,47.2232,47.4891,16.5056
67.2322,6.82604,0,6.82604,1.56,3.9417,1080,1,0,4195,47.226,47.4918,16.5039
67.2462,7.56128,0,7.56128,1.54,3.89116,1310,0,0,4197,47.2342,47.4999,16.5021
67.2661,4.06654,0,4.06654,1.54,3.89116,440,1,0,4198,47.233,47.4986,16.5013
67.2797,7.19166,0,7.19166,1.52,3.84063,1150,3,0,4200,47.2374,47.5029,16.4995
67.2983,4.3342,0,4.3342,1.52,3.84063,740,9,0,4201,47.2433,47.5087,16.4987
67.3094,4.8253,0,4.8253,1.5,3.79009,374,0,0,4202,47.2485,47.5138,16.4978
67.3277,1.30129,0,1.30129,1.5,3.79009,20,0,0,4202,47.2485,47.5138,16.4969
67.4192,84.7707,74.5347,10.2359,1.48,3.73956,41952,194,0,4204,47.2046,47.4648,16.4961
67.4323,4.9819,0,4.9819,1.46,3.68903,920,8,0,4205,47.2147,47.4749,16.4944
67.4541,7.47248,0,7.47248,1.46,3.68903,1270,7,0,4207,47.222,47.4821,16.4935
67.4688,6.21531,0,6.21531,1.44,3.63849,1040,0,0,4208,47.235,47.495,16.4926
67.4836,0.013301,0,0.013301,1.44,3.63849,20,0,0,4208,47.235,47.495,16.4918
67.4989,7.92487,0,7.92487,1.42,3.58796,1440,11,0,4210,47.2463,47.5062,16.4909
67.5181,7.52747,0,7.52747,1.42,3.58796,1240,11,0,4212,47.2528,47.5126,16.4892
67.537,10.1792,0,10.1792,1.4,3.53742,1800,2,0,4214,47.2727,47.5323,16.4875
67.5477,0.048863,0,0.048863,1.4,3.53742,20,0,0,4214,47.2727,47.5323,16.4866
67.5571,1.56749,0,1.56749,1.38,3.48689,20,0,0,4214,47.2727,47.5323,16.4866
67.5875,10.9088,0,10.9088,1.38,3.48689,1920,35,0,4216,47.2953,47.5548,16.4857
67.6018,6.82641,0,6.82641,1.36,3.43635,1420,3,0,4218,47.3061,47.5654,16.484
67.6189,3.43604,0,3.43604,1.36,3.43635,530,2,0,4219,47.3069,47.5662,16.4832
67.6302,5.07911,0,5.07911,1.34,3.38582,910,0,0,4220,47.3168,47.5761,16.4823
67.6535,6.75629,0,6.75629,1.34,3.38582,1030,9,0,4221,47.3295,47.5887,16.4806
67.663,3.56559,0,3.56559,1.32,3.33528,640,6,0,4222,47.333,47.5921,16.4806
67.6818,0.632231,0,0.632231,1.32,3.33528,20,0,0,4222,47.333,47.5921,16.4797
67.718,29.7839,25.7698,4.01414,1.3,3.28475,11247,2,0,4223,47.3341,47.5932,16.4797
67.7308,4.14678,0,4.14678,1.28,3.23421,680,3,0,4224,47.3385,47.5975,16.4789
67.7546,5.72115,0,5.72115,1.28,3.23421,840,8,0,4226,47.3355,47.5944,16.4771
67.7639,3.29733,0,3.29733,1.26,3.18368,440,0,0,4227,47.3343,47.5931,16.4754
67.7877,4.82262,0,4.82262,1.26,3.18368,750,7,0,4229,47.3292,47.5878,16.4746
67.7999,6.04369,0,6.04369,1.24,3.13314,1250,8,0,4231,47.3359,47.5944,16.4728
67.8177,0.62979,0,0.62979,1.24,3.13314,20,0,0,4231,47.3359,47.5944,16.472
67.8302,6.73344,0,6.73344,1.22,3.08261,1200,0,0,4233,47.3414,47.5998,16.4711
67.8501,4.83115,0,4.83115,1.22,3.08261,940,0,0,4234,47.3519,47.6103,16.4694
67.8628,6.44439,0,6.44439,1.2,3.03208,1260,10,0,4236,47.3588,47.6171,16.4686
67.8813,3.70491,0,3.70491,1.2,3.03208,480,11,0,4237,47.3585,47.6167,16.4677
67.8918,4.0666,0,4.0666,1.18,2.98154,920,6,0,4238,47.3686,47.6267,16.466
67.9156,8.26185,0,8.26185,1.18,2.98154,1450,0,0,4240,47.38,47.638,16.4651
67.9291,5.70246,0,5.70246,1.16,2.93101,890,1,0,4241,47.3893,47.6473,16.4634
67.9511,5.58423,0,5.58423,1.16,2.93101,1120,7,0,4243,47.3929,47.6507,16.4626
67.9677,10.4208,0,10.4208,1.14,2.88047,1900,5,0,4245,47.4148,47.6726,16.4609
67.9893,9.65623,0,9.65623,1.14,2.88047,1870,20,0,4247,47.4361,47.6937,16.4592
68.003,7.52804,0,7.52804,1.12,2.82994,1370,2,0,4249,47.4455,47.703,16.4575
68.0233,5.88652,0,5.88652,1.12,2.82994,1050,1,0,4251,47.4474,47.7048,16.4558
68.0328,2.31557,0,2.31557,1.1,2.7794,320,0,0,4252,47.4433,47.7006,16.4549
68.0609,8.38752,0,8.38752,1.1,2.7794,1550,5,0,4254,47.457,47.7142,16.4532
68.0692,0.863232,0,0.863232,1.08,2.72887,20,0,0,4254,47.457,47.7142,16.4524
68.0986,6.61836,0,6.61836,1.08,2.72887,1000,0,0,4256,47.4577,47.7148,16.4515
68.1133,8.48744,0,8.48744,1.06,2.67833,1560,13,0,4258,47.4716,47.7285,16.4498
68.1301,3.5806,0,3.5806,1.06,2.67833,490,3,0,4259,47.4715,47.7283,16.4481
68.1452,8.39643,0,8.39643,1.04,2.6278,1520,8,0,4261,47.4844,47.7411,16.4472
68.17,9.74765,0,9.74765,1.04,2.6278,1580,0,0,4263,47.4987,47.7553,16.4456
68.1808,3.59152,0,3.59152,1.02,2.57726,590,0,0,4264,47.5009,47.7575,16.4447
68.2063,8.10794,0,8.10794,1.02,2.57726,1350,0,0,4266,47.5098,47.7663,16.443
68.2146,1.04626,0,1.04626,1,2.52673,20,0,0,4266,47.5098,47.7663,16.4422
68.2418,7.40072,0,7.40072,1,2.52673,1260,6,0,4268,47.5166,47.773,16.4413
68.259,9.72152,0,9.72152,0.98,2.4762,1670,0,0,4270,47.533,47.7892,16.4396
68.2766,8.02501,0,8.02501,0.98,2.4762,1760,26,0,4272,47.5515,47.8076,16.4379
68.289,4.35754,0,4.35754,0.96,2.42566,680,2,0,4273,47.5558,47.8118,16.4371
68.3067,3.58254,0,3.58254,0.96,2.42566,790,0,0,4274,47.5627,47.8187,16.4354
68.3186,4.46945,0,4.46945,0.94,2.37513,590,5,0,4275,47.5649,47.8208,16.4354
68.3395,6.0949,0,6.0949,0.94,2.37513,1040,3,0,4276,47.5776,47.8335,16.4345
68.3554,8.34534,0,8.34534,0.92,2.32459,1300,12,0,4278,47.5853,47.841,16.4328
68.377,9.07086,0,9.07086,0.92,2.32459,1470,5,0,4280,47.597,47.8526,16.4311
68.3907,4.01268,0,4.01268,0.9,2.27406,570,0,0,4281,47.5978,47.8533,16.4303
68.4122,6.04733,0,6.04733,0.9,2.27406,980,2,0,4283,47.5979,47.8534,16.4286
68.4205,0.641359,0,0.641359,0.88,2.22352,20,0,0,4283,47.5979,47.8534,16.4278
68.4469,3.30868,0,3.30868,0.88,2.22352,620,4,0,4284,47.6008,47.8562,16.4278
68.4575,3.86737,0,3.86737,0.86,2.17299,650,2,0,4285,47.6044,47.8597,16.4261
68.4801,3.25476,0,3.25476,0.86,2.17299,530,3,0,4286,47.6052,47.8605,16.4252
68.4906,3.71596,0,3.71596,0.84,2.12245,490,13,0,4287,47.6037,47.8589,16.4244
68.515,6.12577,0,6.12577,0.84,2.12245,990,4,0,4288,47.6147,47.8699,16.4236
68.527,5.59449,0,5.59449,0.82,2.07192,920,0,0,4290,47.6135,47.8685,16.4227
68.553,10.1269,0,10.1269,0.82,2.07192,1790,1,0,4292,47.6326,47.8875,16.421
68.566,6.98541,0,6.98541,0.8,2.02138,1230,7,0,4294,47.6386,47.8933,16.4193
68.5894,8.04159,0,8.04159,0.8,2.02138,1370,8,0,4296,47.6478,47.9025,16.4177
68.6023,6.0829,0,6.0829,0.78,1.97085,1000,1,0,4297,47.6595,47.9141,16.416
68.6281,9.91832,0,9.91832,0.78,1.97085,1590,6,0,4299,47.6739,47.9284,16.4151
68.6403,4.40375,0,4.40375,0.76,1.92031,610,0,0,4300,47.6765,47.9309,16.4143
68.6592,4.16956,0,4.16956,0.76,1.92031,490,0,0,4301,47.6764,47.9307,16.4135
68.6685,3.04268,0,3.04268,0.74,1.86978,390,4,0,4302,47.6739,47.9282,16.4126
68.6947,5.73918,0,5.73918,0.74,1.86978,1130,3,0,4304,47.6775,47.9317,16.4109
68.7077,4.49973,0,4.49973,0.72,1.81925,780,10,0,4305,47.6841,47.9382,16.4093
68.7273,5.1249,0,5.1249,0.72,1.81925,870,12,0,4306,47.6928,47.9468,16.4093
68.7464,8.83463,0,8.83463,0.7,1.76871,1790,10,0,4308,47.7117,47.9656,16.4076
68.7632,7.24979,0,7.24979,0.7,1.76871,1380,12,0,4310,47.7211,47.9749,16.4059
68.7772,5.34038,0,5.34038,0.68,1.71818,1050,0,0,4312,47.7229,47.9766,16.4042
68.7931,1.90706,0,1.90706,0.68,1.71818,350,5,0,4313,47.7195,47.9731,16.4025
68.8756,73.6799,65.5881,8.09184,0.66,1.66764,46611,6,0,4315,47.7349,47.9889,16.4017
68.886,2.50189,0,2.50189,0.64,1.61711,630,3,0,4316,47.738,47.9919,16.4009
68.9143,9.86834,0,9.86834,0.64,1.61711,1840,4,0,4318,47.758,48.0118,16.3992
68.9272,6.49375,0,6.49375,0.62,1.56657,1320,7,0,4320,47.766,48.0197,16.3975
68.948,5.68112,0,5.68112,0.62,1.56657,1140,1,0,4322,47.7698,48.0234,16.3959
68.9647,10.1616,0,10.1616,0.6,1.51604,1640,1,0,4324,47.7852,48.0386,16.3942
68.9797,2.94632,0,2.94632,0.6,1.51604,620,0,0,4325,47.788,48.0414,16.3934
68.9894,3.34987,0,3.34987,0.58,1.4655,450,6,0,4326,47.7869,48.0402,16.3925
69.0096,1.34423,0,1.34423,0.58,1.4655,20,0,0,4326,47.7869,48.0402,16.3917
69.0223,6.44023,0,6.44023,0.56,1.41497,1190,5,0,4328,47.7918,48.0451,16.3909
69.0447,7.00324,0,7.00324,0.56,1.41497,1260,0,0,4330,47.7984,48.0515,16.3892
69.0551,3.92693,0,3.92693,0.54,1.36443,560,0,0,4331,47.7998,48.0529,16.3884
69.0764,1.81276,0,1.81276,0.54,1.36443,330,1,0,4332,47.7959,48.0489,16.3875
69.0902,7.53624,0,7.53624,0.52,1.3139,1300,1,0,4334,47.8034,48.0563,16.3859
69.1136,7.18197,0,7.18197,0.52,1.3139,1510,0,0,4336,47.8157,48.0685,16.3842
69.1233,1.18752,0,1.18752,0.5,1.26336,20,0,0,4336,47.8157,48.0685,16.3834
69.148,3.68122,0,3.68122,0.5,1.26336,490,1,0,4337,47.8155,48.0682,16.3825
69.1606,4.56924,0,4.56924,0.48,1.21283,910,0,0,4338,47.825,48.0777,16.3817
69.1839,5.42829,0,5.42829,0.48,1.21283,940,19,0,4339,47.8352,48.0878,16.3809
69.1957,4.66733,0,4.66733,0.46,1.1623,1040,5,0,4340,47.8477,48.1002,16.38
69.2209,8.35438,0,8.35438,0.46,1.1623,1720,3,0,4342,47.8648,48.1172,16.3792
69.2295,2.07089,0,2.07089,0.44,1.11176,240,0,0,4343,47.8589,48.1112,16.3784
69.258,8.60057,0,8.60057,0.44,1.11176,1600,0,0,4345,47.8732,48.1254,16.3767
69.2752,9.3353,0,9.3353,0.42,1.06123,1790,7,0,4347,47.8919,48.144,16.375
69.2913,6.25862,0,6.25862,0.42,1.06123,1150,17,0,4349,47.8958,48.1479,16.3734
69.3021,3.09389,0,3.09389,0.4,1.01069,630,2,0,4350,47.8989,48.1508,16.3726
69.3248,6.53705,0,6.53705,0.4,1.01069,1350,3,0,4352,47.9074,48.1592,16.3709
69.3413,8.67916,0,8.67916,0.38,0.960157,1760,18,0,4354,47.9254,48.1771,16.3692
69.3552,3.15348,0,3.15348,0.38,0.960157,370,0,0,4355,47.9224,48.1741,16.3676
69.3656,2.69122,0,2.69122,0.36,0.909623,400,7,0,4356,47.9201,48.1717,16.3668
69.3874,5.21631,0,5.21631,0.36,0.909623,940,4,0,4358,47.9192,48.1707,16.3659
69.4012,7.3942,0,7.3942,0.34,0.859088,1430,19,0,4360,47.9296,48.181,16.3643
69.425,8.25518,0,8.25518,0.34,0.859088,1530,5,0,4362,47.9422,48.1935,16.3626
69.4405,7.67862,0,7.67862,0.32,0.808554,1270,7,0,4364,47.9489,48.2,16.361
69.4568,5.45345,0,5.45345,0.32,0.808554,960,0,0,4365,47.9595,48.2105,16.3602
69.4678,3.25405,0,3.25405,0.3,0.758019,560,5,0,4366,47.9608,48.2119,16.3585
69.4955,10.5352,0,10.5352,0.3,0.758019,2080,21,0,4368,47.986,48.237,16.3577
69.5089,3.6161,0,3.6161,0.28,0.707484,690,0,0,4370,47.9794,48.2302,16.356
69.5272,4.55719,0,4.55719,0.28,0.707484,850,10,0,4371,47.9874,48.2382,16.3552
69.5405,3.97161,0,3.97161,0.26,0.657023,510,0,0,4372,47.9876,48.2383,16.3536
69.5625,7.63151,0,7.63151,0.26,0.657023,1560,0,0,4374,48.0009,48.2515,16.3527
69.5799,8.35311,0,8.35311,0.24,0.606426,1800,2,0,4376,48.0197,48.2701,16.3511
69.6002,9.87021,0,9.87021,0.24,0.606426,1530,11,0,4378,48.0322,48.2825,16.3494
69.6085,0.037406,0,0.037406,0.22,0.555887,20,0,0,4378,48.0322,48.2825,16.3486
69.6331,2.84497,0,2.84497,0.22,0.555887,430,17,0,4379,48.0306,48.2809,16.3486
