elapsed_s,total_latency_ms,update_ms,plan_ms,time_to_goal,path_cost,obstacle_checks,queue_operations,collision_count,tree_size,avg_deg_out,avg_deg_in,radius
0.111901,111.444,39.2229,72.2207,30,154.038,11074,761,0,762,16.6404,16.6404,20
0.115045,1.08016,0,1.08016,29.98,147.543,109,2,0,763,16.6448,16.6448,20
0.139575,4.62828,0,4.62828,29.98,147.543,304,6,0,765,16.6876,16.6876,20
0.143679,2.02315,0,2.02315,29.96,147.452,187,12,0,766,16.7206,16.7206,20
0.162961,0.496027,0,0.496027,29.96,147.452,109,0,0,766,16.7206,16.7206,20
0.16711,2.30265,0,2.30265,29.94,147.36,176,2,0,767,16.7679,16.7679,20
0.187223,1.74225,0,1.74225,29.94,147.36,166,2,0,769,16.762,16.762,20
0.189668,0.47292,0,0.47292,29.92,147.269,109,0,0,769,16.762,16.762,20
0.212686,2.71672,0,2.71672,29.92,147.269,119,2,0,770,16.8117,16.8117,20
0.217585,3.06111,0,3.06111,29.9,147.178,151,11,0,772,16.8653,16.8653,20
0.235912,1.02249,0,1.02249,29.9,147.178,109,2,0,773,16.8797,16.8797,20
0.24068,3.07178,0,3.07178,29.88,147.086,201,10,0,774,16.9457,16.9457,20
0.259728,1.35432,0,1.35432,29.88,147.086,99,2,0,775,16.9548,16.9548,20
0.265101,3.30245,0,3.30245,29.86,146.995,119,5,0,777,17.0039,17.0039,20
0.289635,7.44721,0,7.44721,29.86,146.995,351,8,0,779,17.0899,17.0899,20
0.293228,1.76195,0,1.76195,29.84,146.904,99,2,0,780,17.1167,17.1167,20
0.312307,0.021009,0,0.021009,29.84,146.904,89,0,0,780,17.1167,17.1167,20
0.318967,4.35149,0,4.35149,29.82,146.813,188,2,0,782,17.1368,17.1368,20
0.335717,0.694437,0,0.694437,29.82,146.813,89,0,0,782,17.1368,17.1368,20
0.338764,0.067919,0,0.067919,29.8,146.722,89,0,0,782,17.1368,17.1368,20
0.359183,0.224765,0,0.224765,29.8,146.722,89,0,0,782,17.1368,17.1368,20
0.362292,0.444457,0,0.444457,29.78,146.631,89,0,0,782,17.1368,17.1368,20
0.382443,0.814966,0,0.814966,29.78,146.631,99,2,0,783,17.129,17.129,20
0.385879,0.301627,0,0.301627,29.76,146.54,89,0,0,783,17.129,17.129,20
0.408704,2.7768,0,2.7768,29.76,146.54,118,4,0,785,17.149,17.149,20
0.413377,2.2068,0,2.2068,29.74,146.449,129,10,0,786,17.1539,17.1539,20
0.433603,1.33422,0,1.33422,29.74,146.449,89,0,0,786,17.1539,17.1539,20
0.439982,2.95938,0,2.95938,29.72,146.358,99,2,0,787,17.1804,17.1804,20
0.459444,2.87388,0,2.87388,29.72,146.358,124,2,0,788,17.2018,17.2018,20
0.46456,2.20592,0,2.20592,29.7,146.267,205,4,0,789,17.2231,17.2231,20
0.490297,7.83335,0,7.83335,29.7,146.267,109,4,0,791,17.2819,17.2819,20
0.495648,2.29965,0,2.29965,29.68,146.176,127,4,0,792,17.3093,17.3093,20
0.515234,1.8825,0,1.8825,29.68,146.176,105,2,0,793,17.3127,17.3127,20
0.518712,0.051417,0,0.051417,29.66,146.086,89,0,0,793,17.3127,17.3127,20
0.550364,11.0767,0,11.0767,29.66,146.086,553,32,0,795,17.3535,17.3535,20
0.557867,4.25911,0,4.25911,29.64,145.995,162,4,0,797,17.4015,17.4015,20
0.574555,1.09219,0,1.09219,29.64,145.995,89,2,0,798,17.3897,17.3897,20
0.578181,2.1216,0,2.1216,29.62,145.905,99,4,0,800,17.415,17.415,20
0.598642,1.78483,0,1.78483,29.62,145.905,141,1,0,801,17.407,17.407,20
0.606822,5.91812,0,5.91812,29.6,145.814,165,15,0,803,17.4359,17.4359,20
0.623014,2.12005,0,2.12005,29.6,145.814,103,2,0,804,17.4714,17.4714,20
0.625503,0.607916,0,0.607916,29.58,145.724,89,1,0,805,17.4646,17.4646,20
0.645125,0.002622,0,0.002622,29.58,145.724,79,0,0,805,17.4646,17.4646,20
0.652492,4.60088,0,4.60088,29.56,145.633,111,4,0,806,17.5087,17.5087,20
0.669974,0.939194,0,0.939194,29.56,145.633,79,0,0,806,17.5087,17.5087,20
0.675377,2.97182,0,2.97182,29.54,145.543,162,4,0,807,17.5155,17.5155,20
0.694878,1.79616,0,1.79616,29.54,145.543,109,4,0,809,17.5192,17.5192,20
0.698953,1.86575,0,1.86575,29.52,145.453,89,1,0,810,17.5185,17.5185,20
0.721144,3.31541,0,3.31541,29.52,145.453,130,6,0,812,17.5123,17.5123,20
0.727086,3.00068,0,3.00068,29.5,145.363,237,10,0,813,17.5424,17.5424,20
0.745867,2.06165,0,2.06165,29.5,145.363,96,1,0,814,17.5565,17.5565,20
0.754309,5.79294,0,5.79294,29.48,145.273,124,3,0,816,17.5551,17.5551,20
0.773712,4.40479,0,4.40479,29.48,145.273,114,2,0,817,17.5851,17.5851,20
0.779871,3.64419,0,3.64419,29.46,145.183,105,2,0,818,17.6284,17.6284,20
0.805824,9.40955,0,9.40955,29.46,145.183,340,18,0,819,17.674,17.674,20
0.813722,5.21338,0,5.21338,29.44,145.093,263,2,0,821,17.7174,17.7174,20
0.832329,3.3914,0,3.3914,29.44,145.093,154,8,0,822,17.7275,17.7275,20
0.835141,0.148829,0,0.148829,29.42,145.004,86,0,0,822,17.7275,17.7275,20
0.855578,0.219718,0,0.219718,29.42,145.004,86,0,0,822,17.7275,17.7275,20
0.860488,2.60972,0,2.60972,29.4,144.914,134,8,0,824,17.733,17.733,20
0.877687,0.168847,0,0.168847,29.4,144.914,86,0,0,824,17.733,17.733,20
0.881396,1.9693,0,1.9693,29.38,144.825,113,2,0,825,17.7588,17.7588,20
0.901972,1.84133,0,1.84133,29.38,144.825,113,2,0,826,17.7869,17.7869,20
0.904589,0.799454,0,0.799454,29.36,144.735,123,2,0,827,17.7848,17.7848,20
0.924762,0.359262,0,0.359262,29.36,144.735,104,0,0,827,17.7848,17.7848,20
0.927811,1.42313,0,1.42313,29.34,144.646,134,11,0,828,17.7971,17.7971,20
0.949448,2.43635,0,2.43635,29.34,144.646,131,4,0,830,17.7976,17.7976,20
0.958381,7.28624,0,7.28624,29.32,144.557,299,21,0,832,17.8305,17.8305,20
0.972649,0.471795,0,0.471795,29.32,144.557,104,0,0,832,17.8305,17.8305,20
0.979062,3.77805,0,3.77805,29.3,144.468,124,4,0,834,17.8393,17.8393,20
0.999961,4.25049,0,4.25049,29.3,144.468,231,2,0,836,17.8732,17.8732,20
1.00183,0.015272,0,0.015272,29.28,144.379,104,0,0,836,17.8732,17.8732,20
1.03347,10.2148,0,10.2148,29.28,144.379,286,15,0,838,17.926,17.926,20
1.03752,0.743057,0,0.743057,29.26,144.29,104,0,0,838,17.926,17.926,20
1.06044,2.87187,0,2.87187,29.26,144.29,114,2,0,839,17.9845,17.9845,20
1.06786,5.68283,0,5.68283,29.24,144.201,213,10,0,841,18.0452,18.0452,20
1.08614,3.46619,0,3.46619,29.24,144.201,124,3,0,843,18.0913,18.0913,20
1.09159,3.60165,0,3.60165,29.22,144.112,124,2,0,844,18.1161,18.1161,20
1.11016,1.60896,0,1.60896,29.22,144.112,124,2,0,845,18.1361,18.1361,20
1.11194,0.054374,0,0.054374,29.2,144.023,114,0,0,845,18.1361,18.1361,20
1.13318,0.446253,0,0.446253,29.2,144.023,114,0,0,845,18.1361,18.1361,20
1.13894,3.17505,0,3.17505,29.18,143.934,169,1,0,846,18.1371,18.1371,20
1.15879,3.01799,0,3.01799,29.18,143.934,153,2,0,847,18.1523,18.1523,20
1.16286,0.094459,0,0.094459,29.16,143.845,115,0,0,847,18.1523,18.1523,20
1.18377,1.54518,0,1.54518,29.16,143.845,199,6,0,848,18.1498,18.1498,20
1.20089,15.2999,0,15.2999,29.14,143.756,695,57,0,850,18.2059,18.2059,20
1.20636,0.223021,0,0.223021,29.14,143.756,115,0,0,850,18.2059,18.2059,20
1.21056,2.25936,0,2.25936,29.12,143.667,144,4,0,851,18.2291,18.2291,20
1.23009,0.689348,0,0.689348,29.12,143.667,125,1,0,852,18.2171,18.2171,20
1.24273,10.6294,0,10.6294,29.1,143.578,502,16,0,854,18.2658,18.2658,20
1.25506,2.05861,0,2.05861,29.1,143.578,151,4,0,855,18.2725,18.2725,20
1.25923,0.768127,0,0.768127,29.08,143.489,131,0,0,855,18.2725,18.2725,20
1.27822,0.007917,0,0.007917,29.08,143.489,131,0,0,855,18.2725,18.2725,20
1.28242,1.29397,0,1.29397,29.06,143.4,141,1,0,856,18.257,18.257,20
1.30224,1.25621,0,1.25621,29.06,143.4,168,2,0,857,18.2684,18.2684,20
1.30633,0.712018,0,0.712018,29.04,143.311,141,0,0,857,18.2684,18.2684,20
1.32947,3.80449,0,3.80449,29.04,143.311,206,5,0,859,18.3306,18.3306,20
1.33178,0.339634,0,0.339634,29.02,143.222,151,2,0,860,18.3163,18.3163,20
1.36567,10.8247,0,10.8247,29.02,143.222,846,42,0,861,18.3635,18.3635,20
1.36952,1.7784,0,1.7784,29,143.134,171,2,0,862,18.3933,18.3933,20
1.39141,2.84488,0,2.84488,29,143.134,242,7,0,863,18.4299,18.4299,20
1.3959,2.54651,0,2.54651,28.98,143.045,161,4,0,865,18.4555,18.4555,20
1.41638,0.195795,0,0.195795,28.98,143.045,141,0,0,865,18.4555,18.4555,20
1.42346,1.77662,0,1.77662,28.96,142.956,151,2,0,866,18.4723,18.4723,20
1.4432,2.56988,0,2.56988,28.96,142.956,151,2,0,867,18.5029,18.5029,20
1.45021,1.33425,0,1.33425,28.94,142.867,141,0,0,867,18.5029,18.5029,20
1.46704,0.110629,0,0.110629,28.94,142.867,141,0,0,867,18.5029,18.5029,20
1.47371,4.78956,0,4.78956,28.92,142.778,466,34,0,868,18.5207,18.5207,20
1.49047,0.633587,0,0.633587,28.92,142.778,141,1,0,869,18.519,18.519,20
1.49448,1.85202,0,1.85202,28.9,142.689,162,2,0,870,18.5678,18.5678,20
1.52024,3.69525,0,3.69525,28.9,142.689,165,2,0,871,18.6051,18.6051,20
1.5231,0.221251,0,0.221251,28.88,142.6,163,0,0,871,18.6051,18.6051,20
1.55208,5.56899,0,5.56899,28.88,142.6,183,3,0,873,18.6231,18.6231,20
1.55874,2.25354,0,2.25354,28.86,142.511,222,10,0,874,18.6362,18.6362,20
1.57882,2.3324,0,2.3324,28.86,142.511,179,2,0,875,18.6331,18.6331,20
1.5884,5.87805,0,5.87805,28.84,142.422,255,4,0,877,18.6762,18.6762,20
1.60495,2.76499,0,2.76499,28.84,142.422,289,8,0,878,18.7084,18.7084,20
1.6133,1.7843,0,1.7843,28.82,142.333,185,2,0,879,18.7144,18.7144,20
1.63153,0.972662,0,0.972662,28.82,142.333,179,1,0,880,18.7057,18.7057,20
1.64516,9.76328,0,9.76328,28.8,142.244,303,3,0,882,18.7608,18.7608,20
1.65757,2.4434,0,2.4434,28.8,142.244,209,6,0,883,18.7746,18.7746,20
1.6603,0.293468,0,0.293468,28.78,142.155,179,0,0,883,18.7746,18.7746,20
1.68377,2.84027,0,2.84027,28.78,142.155,255,6,0,885,18.8023,18.8023,20
1.69226,5.9872,0,5.9872,28.76,142.066,519,50,0,887,18.8309,18.8309,20
1.70997,2.22361,0,2.22361,28.76,142.066,227,2,0,888,18.8514,18.8514,20
1.71428,1.69886,0,1.69886,28.74,141.977,211,8,0,890,18.8472,18.8472,20
1.73449,0.286882,0,0.286882,28.74,141.977,181,0,0,890,18.8472,18.8472,20
1.74268,2.25776,0,2.25776,28.72,141.888,236,6,0,891,18.8676,18.8676,20
1.76204,3.01101,0,3.01101,28.72,141.888,216,4,0,893,18.8723,18.8723,20
1.76778,1.95235,0,1.95235,28.7,141.799,191,2,0,894,18.887,18.887,20
1.78631,0.500685,0,0.500685,28.7,141.799,181,0,0,894,18.887,18.887,20
1.79031,0.474405,0,0.474405,28.68,141.71,181,0,0,894,18.887,18.887,20
1.81341,3.92356,0,3.92356,28.68,141.71,213,4,0,896,18.9699,18.9699,20
1.81603,0.125008,0,0.125008,28.66,141.621,181,0,0,896,18.9699,18.9699,20
1.83763,0.579664,0,0.579664,28.66,141.621,191,1,0,897,18.961,18.961,20
1.85556,13.354,0,13.354,28.64,141.532,793,64,0,899,19.0033,19.0033,20
1.86372,1.96428,0,1.96428,28.64,141.532,213,3,0,900,19.0167,19.0167,20
1.87004,2.39869,0,2.39869,28.62,141.444,227,8,0,901,19.0155,19.0155,20
1.88999,2.34005,0,2.34005,28.62,141.444,260,2,0,902,19.0421,19.0421,20
1.89599,3.59115,0,3.59115,28.6,141.355,208,2,0,903,19.0819,19.0819,20
1.92136,7.33886,0,7.33886,28.6,141.355,321,8,0,905,19.1436,19.1436,20
1.92685,0.963342,0,0.963342,28.58,141.266,187,0,0,905,19.1436,19.1436,20
1.9484,3.35993,0,3.35993,28.58,141.266,340,10,0,906,19.17,19.17,20
1.95211,1.37671,0,1.37671,28.56,141.177,197,2,0,907,19.1808,19.1808,20
1.97527,3.04693,0,3.04693,28.56,141.177,299,7,0,909,19.1914,19.1914,20
1.99458,16.7194,0,16.7194,28.54,141.088,1463,240,0,910,19.1978,19.1978,20
2.001,2.56691,0,2.56691,28.54,138.6,267,2,0,912,19.1996,19.1996,20
2.00451,1.31294,0,1.31294,28.52,138.511,214,2,0,913,19.2125,19.2125,20
2.02826,2.90744,0,2.90744,28.52,138.511,253,7,0,914,19.2418,19.2418,20
2.03716,6.46068,0,6.46068,28.5,138.422,323,10,0,916,19.3177,19.3177,20
2.069,17.3749,0,17.3749,28.5,138.422,1365,104,0,918,19.3867,19.3867,20
2.07427,2.72658,0,2.72658,28.48,138.333,254,6,0,920,19.4228,19.4228,20
2.09379,1.36084,0,1.36084,28.48,138.333,228,1,0,921,19.4267,19.4267,20
2.10136,5.11966,0,5.11966,28.46,138.244,463,41,0,922,19.4577,19.4577,20
2.12077,3.23426,0,3.23426,28.46,138.099,207,3,0,924,19.4621,19.4621,20
2.12635,2.07827,0,2.07827,28.44,138.01,217,3,0,926,19.486,19.486,20
2.14468,1.44061,0,1.44061,28.44,138.01,78,14,0,927,19.4844,19.4844,20
2.14792,1.98438,0,1.98438,28.42,137.921,48,3,0,929,19.493,19.493,20
2.16778,1.43408,0,1.43408,28.42,137.921,68,0,0,930,19.4796,19.4796,20
2.17413,4.56697,0,4.56697,28.4,137.832,128,8,0,931,19.5252,19.5252,20
2.19146,1.45133,0,1.45133,28.4,137.832,62,1,0,932,19.5258,19.5258,20
2.19647,3.74194,0,3.74194,28.38,137.743,68,8,0,934,19.545,19.545,20
2.21376,0.183835,0,0.183835,28.38,137.743,28,0,0,934,19.545,19.545,20
2.22308,6.29446,0,6.29446,28.36,137.654,38,2,0,935,19.5626,19.5626,20
2.23882,1.98339,0,1.98339,28.36,137.654,38,1,0,936,19.562,19.562,20
2.24102,0.260081,0,0.260081,28.34,137.566,28,0,0,936,19.562,19.562,20
2.26207,0.931483,0,0.931483,28.34,137.566,38,1,0,937,19.5443,19.5443,20
2.2662,0.824034,0,0.824034,28.32,137.477,48,0,0,937,19.5443,19.5443,20
2.2912,5.60185,0,5.60185,28.32,137.477,114,2,0,938,19.5832,19.5832,20
2.29396,1.23337,0,1.23337,28.3,137.388,58,2,0,939,19.5772,19.5772,20
2.31521,0.929319,0,0.929319,28.3,137.388,48,0,0,939,19.5772,19.5772,20
2.32059,3.65802,0,3.65802,28.28,137.299,205,2,0,941,19.5962,19.5962,20
2.34148,3.66471,0,3.66471,28.28,137.299,95,2,0,942,19.6146,19.6146,20
2.34881,3.18502,0,3.18502,28.26,137.21,58,1,0,943,19.614,19.614,20
2.36439,0.148439,0,0.148439,28.26,137.21,48,0,0,943,19.614,19.614,20
2.36836,2.31302,0,2.31302,28.24,137.121,173,9,0,944,19.6409,19.6409,20
2.38898,1.83898,0,1.83898,28.24,137.121,58,1,0,945,19.6466,19.6466,20
2.39088,0.206957,0,0.206957,28.22,137.032,48,0,0,945,19.6466,19.6466,20
2.41169,0.562879,0,0.562879,28.22,137.032,48,0,0,945,19.6466,19.6466,20
2.41637,2.81368,0,2.81368,28.2,136.943,188,2,0,946,19.6892,19.6892,20
2.43882,4.31905,0,4.31905,28.2,136.943,74,3,0,948,19.6867,19.6867,20
2.45417,10.7278,0,10.7278,28.18,136.854,462,82,0,949,19.6986,19.6986,20
2.4643,1.50837,0,1.50837,28.18,136.648,58,2,0,950,19.7179,19.7179,20
2.46772,1.87271,0,1.87271,28.16,136.559,58,2,0,951,19.7403,19.7403,20
2.49381,6.8133,0,6.8133,28.16,136.559,390,22,0,953,19.7503,19.7503,20
2.49825,3.01983,0,3.01983,28.14,135.731,61,2,0,954,19.8113,19.8113,20
2.51905,3.06691,0,3.06691,28.14,135.731,162,9,0,956,19.8201,19.8201,20
2.52638,5.36288,0,5.36288,28.12,135.642,304,1,0,958,19.8382,19.8382,20
2.54154,0.184112,0,0.184112,28.12,135.642,48,0,0,958,19.8382,19.8382,20
2.54487,1.59916,0,1.59916,28.1,135.553,77,3,0,960,19.8292,19.8292,20
2.56666,2.7394,0,2.7394,28.1,135.553,76,2,0,961,19.8585,19.8585,20
2.5726,2.60618,0,2.60618,28.08,135.464,67,2,0,962,19.8732,19.8732,20
2.58989,0.299432,0,0.299432,28.08,135.464,57,0,0,962,19.8732,19.8732,20
2.5939,2.37102,0,2.37102,28.06,135.375,91,2,0,964,19.8921,19.8921,20
2.61267,0.356697,0,0.356697,28.06,135.375,57,0,0,965,19.8736,19.8736,20
2.6146,0.337038,0,0.337038,28.04,135.286,67,1,0,966,19.8602,19.8602,20
2.64006,3.74342,0,3.74342,28.04,135.286,171,2,0,967,19.8769,19.8769,20
2.64349,0.96937,0,0.96937,28.02,135.197,77,1,0,968,19.8812,19.8812,20
2.67122,7.61881,0,7.61881,28.02,135.197,132,6,0,969,19.934,19.934,20
2.6777,3.62652,0,3.62652,28,135.108,157,4,0,971,19.9876,19.9876,20
2.70071,6.22017,0,6.22017,28,135.108,144,3,0,973,20.0041,20.0041,20
2.70439,0.719098,0,0.719098,27.98,135.019,67,0,0,973,20.0041,20.0041,20
2.72558,2.11785,0,2.11785,27.98,135.019,87,3,0,974,20.0072,20.0072,20
2.73293,3.58048,0,3.58048,27.96,134.93,86,2,0,975,20.0236,20.0236,20
2.75495,5.16431,0,5.16431,27.96,134.93,77,2,0,976,20.0605,20.0605,20
2.75893,1.49235,0,1.49235,27.94,134.841,77,1,0,977,20.0624,20.0624,20
2.78538,6.68454,0,6.68454,27.94,134.841,87,4,0,979,20.095,20.095,20
2.79039,1.55017,0,1.55017,27.92,134.752,73,2,0,980,20.098,20.098,20
2.81248,3.66442,0,3.66442,27.92,134.752,209,2,0,982,20.1242,20.1242,20
2.81724,3.11484,0,3.11484,27.9,134.663,147,8,0,984,20.1646,20.1646,20
2.83827,2.90603,0,2.90603,27.9,134.663,97,0,0,985,20.1909,20.1909,20
2.84341,3.09526,0,3.09526,27.88,134.574,73,2,0,986,20.2241,20.2241,20
2.8685,7.71259,0,7.71259,27.88,134.574,527,51,0,987,20.2472,20.2472,20
2.87241,1.9636,0,1.9636,27.86,134.485,107,2,0,988,20.2702,20.2702,20
2.89749,6.47968,0,6.47968,27.86,134.485,146,12,0,990,20.304,20.304,20
2.91944,18.4086,0,18.4086,27.84,134.396,1220,129,0,992,20.372,20.372,20
2.92244,1.0902,0,1.0902,27.82,134.307,82,2,0,993,20.3686,20.3686,20
2.94373,1.68773,0,1.68773,27.82,134.307,97,2,0,995,20.3608,20.3608,20
2.94723,1.72914,0,1.72914,27.8,134.219,135,3,0,996,20.3735,20.3735,20
2.96786,1.54529,0,1.54529,27.8,134.219,73,2,0,997,20.3751,20.3751,20
2.97031,0.6348,0,0.6348,27.78,134.13,63,0,0,997,20.3751,20.3751,20
2.9925,2.25469,0,2.25469,27.78,134.13,73,2,0,998,20.3888,20.3888,20
2.99488,0.561373,0,0.561373,27.76,134.041,63,0,0,998,20.3888,20.3888,20
3.01708,1.81073,0,1.81073,27.76,134.041,73,2,0,999,20.3874,20.3874,20
3.02421,4.39081,0,4.39081,27.74,133.952,273,15,0,1001,20.4076,20.4076,20
3.04599,5.81466,0,5.81466,27.74,133.952,452,28,0,1002,20.4601,20.4601,20
3.04836,0.304394,0,0.304394,27.72,133.863,73,1,0,1003,20.4497,20.4497,20
3.07191,3.10341,0,3.10341,27.72,133.863,171,2,0,1005,20.4498,20.4498,20
3.07556,1.90909,0,1.90909,27.7,133.774,103,2,0,1006,20.4672,20.4672,20
3.09684,2.38791,0,2.38791,27.7,133.774,74,2,0,1007,20.4697,20.4697,20
3.10596,5.89558,0,5.89558,27.68,133.685,84,4,0,1009,20.5104,20.5104,20
3.12152,1.63001,0,1.63001,27.68,133.685,125,2,0,1010,20.5168,20.5168,20
3.1283,4.94835,0,4.94835,27.66,133.596,143,2,0,1012,20.5504,20.5504,20
3.14994,6.1621,0,6.1621,27.66,133.596,244,26,0,1013,20.5864,20.5864,20
3.15609,4.07212,0,4.07212,27.64,133.507,135,10,0,1014,20.643,20.643,20
3.18119,8.14019,0,8.14019,27.64,133.507,137,10,0,1016,20.6978,20.6978,20
3.18729,3.48277,0,3.48277,27.62,133.418,106,4,0,1018,20.7426,20.7426,20
3.20461,0.25246,0,0.25246,27.62,133.418,64,0,0,1018,20.7426,20.7426,20
3.21224,4.8578,0,4.8578,27.6,133.329,240,0,0,1019,20.7547,20.7547,20
3.22769,0.248914,0,0.248914,27.6,133.329,73,0,0,1019,20.7547,20.7547,20
3.23108,1.37205,0,1.37205,27.58,133.24,103,3,0,1020,20.7618,20.7618,20
3.25566,5.6388,0,5.6388,27.58,133.24,204,0,0,1021,20.7728,20.7728,20
3.26382,4.58012,0,4.58012,27.56,133.151,121,4,0,1022,20.7906,20.7906,20
3.28173,1.87849,0,1.87849,27.56,133.151,92,2,0,1023,20.8006,20.8006,20
3.28549,1.99238,0,1.99238,27.54,133.062,153,36,0,1024,20.8096,20.8096,20
3.30526,0.393908,0,0.393908,27.54,133.062,73,0,0,1024,20.8096,20.8096,20
3.30893,0.523119,0,0.523119,27.52,132.973,73,0,0,1024,20.8096,20.8096,20
3.33062,1.8875,0,1.8875,27.52,132.973,83,2,0,1025,20.839,20.839,20
3.34083,8.34549,0,8.34549,27.5,132.884,99,4,0,1027,20.89,20.89,20
3.3577,4.20046,0,4.20046,27.5,132.884,93,4,0,1029,20.9291,20.9291,20
3.37112,11.51,0,11.51,27.48,132.795,367,18,0,1031,20.9816,20.9816,20
3.38304,2.59552,0,2.59552,27.48,132.795,111,2,0,1032,21.0174,21.0174,20
3.3891,3.69797,0,3.69797,27.46,132.706,128,4,0,1034,21.0464,21.0464,20
3.40787,2.19017,0,2.19017,27.46,132.706,103,8,0,1035,21.0821,21.0821,20
3.41226,2.54931,0,2.54931,27.44,132.617,83,2,0,1036,21.1255,21.1255,20
3.43459,3.90115,0,3.90115,27.44,132.617,110,2,0,1037,21.1659,21.1659,20
3.43913,2.17728,0,2.17728,27.42,132.529,159,2,0,1038,21.1792,21.1792,20
3.4592,1.81984,0,1.81984,27.42,132.529,79,1,0,1039,21.1877,21.1877,20
3.46847,6.13888,0,6.13888,27.4,132.44,222,2,0,1041,21.2075,21.2075,20
3.48743,5.08214,0,5.08214,27.4,132.44,89,2,0,1042,21.2543,21.2543,20
3.49497,5.23631,0,5.23631,27.38,132.351,89,2,0,1043,21.3049,21.3049,20
3.51341,3.03112,0,3.03112,27.38,132.351,166,3,0,1045,21.3244,21.3244,20
3.51853,3.24778,0,3.24778,27.36,132.262,184,2,0,1046,21.3556,21.3556,20
3.54009,3.96921,0,3.96921,27.36,132.262,139,4,0,1048,21.417,21.417,20
3.54199,0.041593,0,0.041593,27.34,132.173,79,0,0,1048,21.417,21.417,20
3.56502,1.89522,0,1.89522,27.34,132.173,89,2,0,1049,21.429,21.429,20
3.57205,4.90459,0,4.90459,27.32,132.084,211,10,0,1051,21.4881,21.4881,20
3.59408,6.13276,0,6.13276,27.32,132.084,136,3,0,1053,21.5337,21.5337,20
3.5987,1.78474,0,1.78474,27.3,131.995,119,5,0,1055,21.5289,21.5289,20
3.61909,2.13862,0,2.13862,27.3,131.995,89,2,0,1056,21.5597,21.5597,20
3.62639,5.28835,0,5.28835,27.28,131.906,149,4,0,1058,21.5671,21.5671,20
3.64243,0.645138,0,0.645138,27.28,131.906,79,0,0,1058,21.5671,21.5671,20
3.64812,2.51241,0,2.51241,27.26,131.817,136,1,0,1059,21.5694,21.5694,20
3.6659,0.158577,0,0.158577,27.26,131.817,79,0,0,1059,21.5694,21.5694,20
3.6702,2.35842,0,2.35842,27.24,131.728,89,2,0,1060,21.6151,21.6151,20
3.69697,8.05594,0,8.05594,27.24,131.728,349,18,0,1061,21.6352,21.6352,20
3.7014,2.05605,0,2.05605,27.22,131.639,89,2,0,1062,21.6591,21.6591,20
3.72269,3.08066,0,3.08066,27.22,131.639,89,2,0,1063,21.6679,21.6679,20
3.72606,0.525355,0,0.525355,27.2,131.55,69,0,0,1063,21.6679,21.6679,20
3.75248,6.41429,0,6.41429,27.2,131.55,129,3,0,1065,21.6883,21.6883,20
3.75902,2.66682,0,2.66682,27.18,131.461,104,2,0,1066,21.7148,21.7148,20
3.77803,1.66533,0,1.66533,27.18,131.461,108,7,0,1067,21.717,21.717,20
3.7868,5.96216,0,5.96216,27.16,131.372,132,2,0,1068,21.7425,21.7425,20
3.80957,8.15482,0,8.15482,27.16,131.372,102,6,0,1070,21.7869,21.7869,20
3.82052,7.43931,0,7.43931,27.14,131.283,197,3,0,1072,21.7994,21.7994,20
3.83393,0.498677,0,0.498677,27.14,131.283,59,0,0,1072,21.7994,21.7994,20
3.83849,1.52636,0,1.52636,27.12,131.194,69,2,0,1073,21.7875,21.7875,20
3.85855,0.536763,0,0.536763,27.12,131.194,59,0,0,1073,21.7875,21.7875,20
3.86527,3.25968,0,3.25968,27.1,131.105,69,2,0,1074,21.7933,21.7933,20
3.88913,6.67315,0,6.67315,27.1,131.105,290,18,0,1076,21.8299,21.8299,20
3.89249,1.10274,0,1.10274,27.08,131.016,78,2,0,1077,21.8301,21.8301,20
3.91425,1.92384,0,1.92384,27.08,131.016,78,1,0,1078,21.8386,21.8386,20
3.92074,3.08944,0,3.08944,27.06,130.927,221,0,0,1079,21.8341,21.8341,20
3.94174,3.72858,0,3.72858,27.06,130.927,110,2,0,1080,21.8787,21.8787,20
3.95035,4.76609,0,4.76609,27.04,130.839,116,3,0,1082,21.9122,21.9122,20
3.97014,4.19131,0,4.19131,27.04,130.839,190,0,0,1083,21.9086,21.9086,20
3.98005,7.50903,0,7.50903,27.02,130.75,174,18,0,1084,21.9613,21.9613,20
3.99407,0.85463,0,0.85463,27.02,130.75,78,1,0,1085,21.9539,21.9539,20
3.99956,3.51665,0,3.51665,27,130.661,138,7,0,1087,21.9963,21.9963,20
4.01864,1.94285,0,1.94285,27,130.661,122,6,0,1088,22.0018,22.0018,20
4.02437,3.18444,0,3.18444,26.98,130.572,227,7,0,1090,22.0128,22.0128,20
4.04405,2.24799,0,2.24799,26.98,130.572,88,2,0,1091,22.0037,22.0037,20
4.04896,1.75674,0,1.75674,26.96,130.483,88,2,0,1092,22.0238,22.0238,20
4.07157,3.43294,0,3.43294,26.96,130.483,115,2,0,1093,22.0412,22.0412,20
4.07757,2.48838,0,2.48838,26.94,130.394,131,2,0,1094,22.0612,22.0612,20
4.09597,0.639605,0,0.639605,26.94,130.394,91,2,0,1095,22.0566,22.0566,20
4.10901,10.2743,0,10.2743,26.92,130.305,254,8,0,1097,22.1477,22.1477,20
4.12057,2.08695,0,2.08695,26.92,130.305,106,4,0,1098,22.1648,22.1648,20
4.12434,0.962001,0,0.962001,26.9,130.216,68,0,0,1098,22.1648,22.1648,20
4.14431,1.09115,0,1.09115,26.9,130.216,78,1,0,1099,22.1647,22.1647,20
4.15249,6.01307,0,6.01307,26.88,130.127,103,4,0,1101,22.2252,22.2252,20
4.17232,4.85516,0,4.85516,26.88,130.127,177,15,0,1102,22.2505,22.2505,20
4.17688,2.42558,0,2.42558,26.86,130.038,114,2,0,1103,22.2919,22.2919,20
4.19756,2.0565,0,2.0565,26.86,130.038,97,4,0,1104,22.308,22.308,20
4.20576,4.88967,0,4.88967,26.84,129.949,131,2,0,1105,22.3457,22.3457,20
4.2248,3.65471,0,3.65471,26.84,129.949,97,4,0,1107,22.3866,22.3866,20
4.23053,3.62693,0,3.62693,26.82,129.86,78,2,0,1108,22.4061,22.4061,20
4.25006,2.5763,0,2.5763,26.82,129.86,108,8,0,1109,22.4409,22.4409,20
4.25547,3.05422,0,3.05422,26.8,129.771,117,4,0,1111,22.4806,22.4806,20
4.27705,4.18959,0,4.18959,26.8,129.771,224,2,0,1113,22.4942,22.4942,20
4.28236,3.1706,0,3.1706,26.78,129.682,102,4,0,1115,22.5318,22.5318,20
4.30075,0.674057,0,0.674057,26.78,129.682,88,1,0,1116,22.5224,22.5224,20
4.30345,0.150248,0,0.150248,26.76,129.593,68,0,0,1116,22.5224,22.5224,20
4.32562,1.74436,0,1.74436,26.76,129.593,102,4,0,1117,22.5184,22.5184,20
4.33388,4.73018,0,4.73018,26.74,129.504,88,2,0,1118,22.5572,22.5572,20
4.35003,0.980195,0,0.980195,26.74,129.504,68,0,0,1118,22.5572,22.5572,20
4.35909,6.59997,0,6.59997,26.72,129.415,385,37,0,1120,22.6134,22.6134,20
4.37344,0.510944,0,0.510944,26.72,129.415,78,0,0,1120,22.6134,22.6134,20
4.37921,3.62448,0,3.62448,26.7,129.326,201,4,0,1122,22.6515,22.6515,20
4.40009,4.07252,0,4.07252,26.7,129.326,302,0,0,1123,22.6687,22.6687,20
4.40415,1.7413,0,1.7413,26.68,129.237,115,3,0,1124,22.6904,22.6904,20
4.42569,2.81026,0,2.81026,26.68,129.237,173,5,0,1125,22.7156,22.7156,20
4.43189,3.95103,0,3.95103,26.66,129.149,109,4,0,1127,22.7578,22.7578,20
4.44882,0.112119,0,0.112119,26.66,129.149,78,0,0,1127,22.7578,22.7578,20
4.45352,2.12191,0,2.12191,26.64,129.06,88,2,0,1128,22.7722,22.7722,20
4.47555,3.57423,0,3.57423,26.64,129.06,131,2,0,1129,22.7839,22.7839,20
4.48595,6.93103,0,6.93103,26.62,128.971,340,8,0,1130,22.815,22.815,20
4.50154,2.05196,0,2.05196,26.62,128.971,132,2,0,1131,22.832,22.832,20
4.50573,2.04017,0,2.04017,26.6,128.882,134,2,0,1132,22.8551,22.8551,20
4.52731,2.65283,0,2.65283,26.6,128.882,115,5,0,1134,22.8545,22.8545,20
4.53184,2.15587,0,2.15587,26.58,128.793,138,20,0,1135,22.8731,22.8731,20
4.55596,5.00892,0,5.00892,26.58,128.793,124,4,0,1136,22.904,22.904,20
4.57908,19.6577,0,19.6577,26.56,128.704,1512,130,0,1138,22.9517,22.9517,20
4.58814,6.55385,0,6.55385,26.54,128.615,333,20,0,1140,22.986,22.986,20
4.60243,0.249291,0,0.249291,26.54,128.615,78,0,0,1140,22.986,22.986,20
4.60598,1.13448,0,1.13448,26.52,128.526,88,2,0,1141,22.9877,22.9877,20
4.62823,2.54485,0,2.54485,26.52,128.526,88,2,0,1142,23.0245,23.0245,20
4.63553,5.01763,0,5.01763,26.5,128.437,204,2,0,1144,23.0463,23.0463,20
4.65253,1.59997,0,1.59997,26.5,128.437,88,2,0,1145,23.0541,23.0541,20
4.65694,2.13271,0,2.13271,26.48,128.348,88,2,0,1146,23.0812,23.0812,20
4.67848,3.02858,0,3.02858,26.48,128.348,102,2,0,1147,23.1264,23.1264,20
4.68153,0.472461,0,0.472461,26.46,128.259,78,0,0,1147,23.1264,23.1264,20
4.70471,2.90856,0,2.90856,26.46,128.259,88,2,0,1148,23.1228,23.1228,20
4.70955,2.46574,0,2.46574,26.44,128.17,170,2,0,1149,23.1419,23.1419,20
4.73141,3.39839,0,3.39839,26.44,128.17,193,3,0,1151,23.1486,23.1486,20
4.73622,2.56132,0,2.56132,26.42,128.081,145,4,0,1153,23.1518,23.1518,20
4.75668,2.10725,0,2.10725,26.42,128.081,100,2,0,1154,23.169,23.169,20
4.76171,2.78024,0,2.78024,26.4,127.992,132,5,0,1155,23.181,23.181,20
4.78069,0.946715,0,0.946715,26.4,127.992,84,0,0,1155,23.181,23.181,20
4.78671,3.29391,0,3.29391,26.38,127.903,114,4,0,1157,23.21,23.21,20
4.80922,5.91151,0,5.91151,26.38,127.903,176,16,0,1159,23.2865,23.2865,20
4.81236,0.643367,0,0.643367,26.36,127.814,84,0,0,1159,23.2865,23.2865,20
4.83592,2.99595,0,2.99595,26.36,127.814,132,6,0,1161,23.2946,23.2946,20
4.84168,2.66167,0,2.66167,26.34,127.725,145,2,0,1162,23.3253,23.3253,20
4.86601,6.29023,0,6.29023,26.34,127.725,124,8,0,1164,23.4235,23.4235,20
4.98343,114.896,13.6454,101.25,26.32,127.636,12773,982,0,1165,23.418,23.418,20
4.99585,9.88296,0,9.88296,26.3,131.633,1114,64,0,1165,23.418,23.418,20
5.01163,5.28327,0,5.28327,26.3,131.633,276,8,0,1167,23.4867,23.4867,20
5.02657,12.5506,0,12.5506,26.28,131.563,1051,110,0,1169,23.5295,23.5295,20
5.0342,0.259969,0,0.259969,26.28,131.563,67,0,0,1169,23.5295,23.5295,20
5.038,1.4917,0,1.4917,26.26,131.494,77,2,0,1170,23.5205,23.5205,20
5.06378,6.38662,0,6.38662,26.26,131.494,156,6,0,1172,23.5973,23.5973,20
5.07,3.79162,0,3.79162,26.24,131.424,97,4,0,1174,23.6269,23.6269,20
5.08898,1.91374,0,1.91374,26.24,131.424,115,2,0,1175,23.6332,23.6332,20
5.09339,2.08843,0,2.08843,26.22,131.355,118,2,0,1176,23.6582,23.6582,20
5.11836,5.97827,0,5.97827,26.22,131.355,477,18,0,1177,23.6746,23.6746,20
5.13025,9.39079,0,9.39079,26.2,131.286,600,51,0,1179,23.7286,23.7286,20
5.1423,0.875969,0,0.875969,26.2,131.286,96,1,0,1180,23.7263,23.7263,20
5.15073,5.76031,0,5.76031,26.18,131.217,467,20,0,1181,23.7629,23.7629,20
5.16623,1.09743,0,1.09743,26.18,131.217,96,1,0,1182,23.7597,23.7597,20
5.17444,5.29252,0,5.29252,26.16,131.148,232,10,0,1184,23.8057,23.8057,20
5.19523,5.31583,0,5.31583,26.16,131.148,235,8,0,1186,23.844,23.844,20
5.1989,1.07424,0,1.07424,26.14,131.079,118,1,0,1187,23.8391,23.8391,20
5.22281,3.97364,0,3.97364,26.14,131.079,185,6,0,1188,23.867,23.867,20
5.23114,5.15909,0,5.15909,26.12,131.01,295,30,0,1190,23.8723,23.8723,20
5.24871,2.25773,0,2.25773,26.12,131.01,201,0,0,1191,23.8715,23.8715,20
5.25117,0.226384,0,0.226384,26.1,130.941,84,0,0,1191,23.8715,23.8715,20
5.27395,2.30861,0,2.30861,26.1,130.941,104,4,0,1193,23.865,23.865,20
5.2784,1.78157,0,1.78157,26.08,130.872,93,2,0,1194,23.8861,23.8861,20
5.29934,2.35072,0,2.35072,26.08,130.872,133,8,0,1196,23.8997,23.8997,20
5.44812,146.31,13.785,132.525,26.06,130.803,17667,1323,0,1197,23.9332,23.9332,20
5.45247,1.62848,0,1.62848,26.04,130.735,103,4,0,1198,23.9424,23.9424,20
5.47345,2.01831,0,2.01831,26.04,130.735,93,2,0,1199,23.9366,23.9366,20
5.48209,6.112,0,6.112,26.02,130.666,324,16,0,1201,24.0042,24.0042,20
5.49699,0.590603,0,0.590603,26.02,130.666,103,0,0,1202,23.995,23.995,20
5.51023,10.7894,0,10.7894,26,130.598,888,41,0,1204,24.0424,24.0424,20
5.52357,3.32721,0,3.32721,26,130.598,106,2,0,1205,24.1004,24.1004,20
5.52896,3.09767,0,3.09767,25.98,130.529,177,8,0,1207,24.1118,24.1118,20
5.54733,0.964734,0,0.964734,25.98,130.529,97,2,0,1208,24.1043,24.1043,20
5.55157,1.68505,0,1.68505,25.96,130.461,137,6,0,1209,24.0984,24.0984,20
5.57803,7.66263,0,7.66263,25.96,130.461,343,14,0,1211,24.1874,24.1874,20
5.5833,2.47621,0,2.47621,25.94,130.393,171,22,0,1212,24.203,24.203,20
5.60201,0.827162,0,0.827162,25.94,130.393,91,0,0,1212,24.203,24.203,20
5.73977,135.078,9.81861,125.26,25.92,130.324,15176,1073,0,1213,24.2168,24.2168,20
5.7464,3.66235,0,3.66235,25.9,130.256,111,4,0,1215,24.2519,24.2519,20
5.76517,2.08361,0,2.08361,25.9,130.256,101,2,0,1216,24.2689,24.2689,20
5.76992,2.1454,0,2.1454,25.88,130.188,111,4,0,1217,24.2868,24.2868,20
5.79157,3.04289,0,3.04289,25.88,130.188,145,2,0,1219,24.3019,24.3019,20
5.7956,1.6572,0,1.6572,25.86,130.12,101,2,0,1220,24.3205,24.3205,20
5.8195,4.48419,0,4.48419,25.86,130.12,144,4,0,1222,24.3568,24.3568,20
5.82699,5.09065,0,5.09065,25.84,130.052,184,4,0,1224,24.4314,24.4314,20
5.84346,0.62937,0,0.62937,25.84,130.052,91,0,0,1224,24.4314,24.4314,20
5.84762,1.73779,0,1.73779,25.82,129.984,161,2,0,1225,24.4433,24.4433,20
5.86862,2.55286,0,2.55286,25.82,129.984,140,2,0,1226,24.4731,24.4731,20
5.87568,3.32396,0,3.32396,25.8,129.916,186,2,0,1228,24.4853,24.4853,20
5.89317,1.02317,0,1.02317,25.8,129.916,126,1,0,1230,24.4724,24.4724,20
5.89638,0.210978,0,0.210978,25.78,129.848,110,0,0,1230,24.4724,24.4724,20
5.91753,0.34521,0,0.34521,25.78,129.848,110,0,0,1230,24.4724,24.4724,20
5.92288,2.56161,0,2.56161,25.76,129.78,326,22,0,1231,24.4752,24.4752,20
5.94865,7.25742,0,7.25742,25.76,129.78,413,15,0,1233,24.5393,24.5393,20
5.95261,1.05675,0,1.05675,25.74,129.712,129,2,0,1234,24.5348,24.5348,20
5.97881,6.37476,0,6.37476,25.74,129.712,417,2,0,1236,24.5663,24.5663,20
5.98323,1.65335,0,1.65335,25.72,129.644,130,4,0,1237,24.5772,24.5772,20
6.00319,0.504859,0,0.504859,25.72,129.644,110,0,0,1237,24.5772,24.5772,20
6.00919,2.544,0,2.544,25.7,129.576,160,3,0,1238,24.5856,24.5856,20
6.02819,1.20756,0,1.20756,25.7,129.576,136,1,0,1239,24.5779,24.5779,20
6.03551,3.46111,0,3.46111,25.68,129.508,218,2,0,1241,24.5947,24.5947,20
6.05336,0.72361,0,0.72361,25.68,129.508,110,0,0,1241,24.5947,24.5947,20
6.05831,0.748535,0,0.748535,25.66,129.44,110,0,0,1241,24.5947,24.5947,20
6.08395,5.59127,0,5.59127,25.66,129.44,258,4,0,1242,24.6103,24.6103,20
6.09176,4.02973,0,4.02973,25.64,129.372,130,4,0,1244,24.6053,24.6053,20
6.11834,9.561,0,9.561,25.64,129.372,275,6,0,1246,24.6533,24.6533,20
6.12818,5.84604,0,5.84604,25.62,129.304,272,7,0,1247,24.6848,24.6848,20
6.14712,4.66816,0,4.66816,25.62,129.304,190,4,0,1249,24.731,24.731,20
6.15719,7.18867,0,7.18867,25.6,129.236,407,39,0,1251,24.8034,24.8034,20
6.17434,3.51038,0,3.51038,25.6,129.236,120,2,0,1252,24.8355,24.8355,20
6.18318,5.23799,0,5.23799,25.58,129.168,193,4,0,1254,24.8716,24.8716,20
6.20353,5.32381,0,5.32381,25.58,129.168,195,4,0,1256,24.9562,24.9562,20
6.21361,6.39816,0,6.39816,25.56,129.1,263,3,0,1258,24.9928,24.9928,20
6.23139,4.1881,0,4.1881,25.56,129.1,168,4,0,1260,25.0357,25.0357,20
6.23537,0.748661,0,0.748661,25.54,129.032,110,0,0,1260,25.0357,25.0357,20
6.25529,0.258658,0,0.258658,25.54,129.032,110,0,0,1260,25.0357,25.0357,20
6.25855,0.234402,0,0.234402,25.52,128.964,100,0,0,1260,25.0357,25.0357,20
6.28421,4.54125,0,4.54125,25.52,128.964,202,6,0,1261,25.0642,25.0642,20
6.29261,4.4792,0,4.4792,25.5,128.896,120,4,0,1263,25.0808,25.0808,20
6.31202,3.17677,0,3.17677,25.5,128.896,153,2,0,1264,25.0902,25.0902,20
6.31957,3.4741,0,3.4741,25.48,128.828,110,2,0,1265,25.1146,25.1146,20
6.33786,1.54564,0,1.54564,25.48,128.828,110,2,0,1266,25.1288,25.1288,20
6.34595,4.26211,0,4.26211,25.46,128.76,163,2,0,1267,25.1721,25.1721,20
6.36713,5.24326,0,5.24326,25.46,128.76,183,6,0,1269,25.2049,25.2049,20
6.38112,9.40486,0,9.40486,25.44,128.692,270,6,0,1271,25.2825,25.2825,20
6.39955,8.35532,0,8.35532,25.44,128.692,430,0,0,1272,25.2995,25.2995,20
6.40808,4.76568,0,4.76568,25.42,128.624,207,8,0,1274,25.3265,25.3265,20
6.42773,4.21162,0,4.21162,25.42,128.624,188,8,0,1276,25.3644,25.3644,20
6.62587,194.682,18.6324,176.049,25.4,128.556,23226,1620,0,1277,25.4103,25.4103,20
6.63613,6.99918,0,6.99918,25.38,125.299,387,26,0,1279,25.4722,25.4722,20
6.65222,2.68463,0,2.68463,25.38,125.299,189,9,0,1281,25.4879,25.4879,20
6.6582,3.18594,0,3.18594,25.36,125.199,130,4,0,1283,25.5191,25.5191,20
6.68144,5.32583,0,5.32583,25.36,125.199,179,3,0,1285,25.5704,25.5704,20
6.68665,2.14687,0,2.14687,25.34,125.1,120,2,0,1286,25.5801,25.5801,20
6.71062,5.16594,0,5.16594,25.34,125.1,276,16,0,1288,25.6297,25.6297,20
6.71393,0.556539,0,0.556539,25.32,125,110,0,0,1288,25.6297,25.6297,20
6.74002,5.67098,0,5.67098,25.32,125,295,20,0,1290,25.6806,25.6806,20
6.74543,2.54473,0,2.54473,25.3,124.901,140,7,0,1292,25.6958,25.6958,20
6.7693,5.96342,0,5.96342,25.3,124.901,416,9,0,1294,25.7473,25.7473,20
6.77252,0.378956,0,0.378956,25.28,124.802,110,0,0,1294,25.7473,25.7473,20
6.79497,2.29907,0,2.29907,25.28,124.802,155,4,0,1295,25.7637,25.7637,20
6.79877,0.276514,0,0.276514,25.26,124.702,110,0,0,1295,25.7637,25.7637,20
6.82056,1.94994,0,1.94994,25.26,124.702,120,2,0,1296,25.7739,25.7739,20
6.82515,1.61803,0,1.61803,25.24,124.603,140,6,0,1297,25.7633,25.7633,20
6.847,2.59795,0,2.59795,25.24,124.603,132,2,0,1298,25.7935,25.7935,20
6.85267,2.90462,0,2.90462,25.22,124.504,134,2,0,1299,25.8337,25.8337,20
6.87329,2.45025,0,2.45025,25.22,124.504,160,2,0,1300,25.8638,25.8638,20
6.9482,72.2563,6.20394,66.0523,25.2,124.406,8251,526,0,1301,25.8586,25.8586,20
6.95588,2.12,0,2.12,25.18,124.849,516,3,0,1303,25.8473,25.8473,20
6.97992,5.46491,0,5.46491,25.18,124.849,641,12,0,1305,25.9004,25.9004,20
6.98841,3.34967,0,3.34967,25.16,124.566,593,8,0,1307,25.9204,25.9204,20
7.00922,3.44069,0,3.44069,25.16,124.566,618,11,0,1308,25.9595,25.9595,20
7.01804,3.95216,0,3.95216,25.14,124.282,670,6,0,1309,25.9855,25.9855,20
7.03542,0.29281,0,0.29281,25.14,124.282,498,0,0,1309,25.9855,25.9855,20
7.0406,0.380042,0,0.380042,25.12,123.999,504,0,0,1309,25.9855,25.9855,20
7.06676,5.40175,0,5.40175,25.12,123.999,848,66,0,1310,26.0237,26.0237,20
7.07429,2.72432,0,2.72432,25.1,123.715,639,14,0,1312,26.0442,26.0442,20
7.09382,1.44278,0,1.44278,25.1,123.715,518,2,0,1313,26.0442,26.0442,20
7.10322,3.92125,0,3.92125,25.08,123.432,582,4,0,1315,26.0791,26.0791,20
7.12006,0.409694,0,0.409694,25.08,123.432,530,0,0,1315,26.0791,26.0791,20
7.12745,1.98313,0,1.98313,25.06,123.148,540,2,0,1316,26.0919,26.0919,20
7.14795,2.17825,0,2.17825,25.06,123.148,565,2,0,1317,26.1109,26.1109,20
7.1557,2.14092,0,2.14092,25.04,122.865,564,3,0,1318,26.1267,26.1267,20
7.18719,12.6199,0,12.6199,25.04,122.865,1664,50,0,1319,26.1471,26.1471,20
7.19379,0.983301,0,0.983301,25.02,122.581,570,1,0,1320,26.1424,26.1424,20
7.22218,9.19808,0,9.19808,25.02,122.581,982,4,0,1322,26.2209,26.2209,20
7.22825,0.455421,0,0.455421,25,122.298,562,0,0,1322,26.2209,26.2209,20
7.24885,0.196405,0,0.196405,25,122.298,562,0,0,1322,26.2209,26.2209,20
7.44217,187.608,9.35633,178.251,24.98,122.015,23997,1505,0,1322,26.2209,26.2209,20
7.45707,8.86754,0,8.86754,24.96,121.731,1131,74,0,1324,26.287,26.287,20
7.47158,2.98382,0,2.98382,24.96,121.731,634,3,0,1326,26.3062,26.3062,20
7.47433,0.280901,0,0.280901,24.94,121.448,92,0,0,1326,26.3062,26.3062,20
7.50041,5.6918,0,5.6918,24.94,121.448,192,4,0,1328,26.3622,26.3622,20
7.50348,0.548326,0,0.548326,24.92,121.164,92,0,0,1328,26.3622,26.3622,20
7.52939,5.57375,0,5.57375,24.92,121.164,218,26,0,1330,26.406,26.406,20
7.53246,0.547093,0,0.547093,24.9,120.881,92,0,0,1330,26.406,26.406,20
7.55434,1.5698,0,1.5698,24.9,120.881,102,2,0,1331,26.4012,26.4012,20
7.56158,4.44311,0,4.44311,24.88,120.597,172,2,0,1332,26.4384,26.4384,20
7.57811,0.48021,0,0.48021,24.88,120.597,102,0,0,1332,26.4384,26.4384,20
7.58515,3.88707,0,3.88707,24.86,120.314,148,7,0,1334,26.4655,26.4655,20
7.60449,2.64385,0,2.64385,24.86,120.314,134,3,0,1335,26.5049,26.5049,20
7.6121,4.57514,0,4.57514,24.84,120.03,148,2,0,1336,26.5382,26.5382,20
7.63566,7.57387,0,7.57387,24.84,120.03,214,4,0,1338,26.6114,26.6114,20
7.64148,2.26534,0,2.26534,24.82,119.747,118,2,0,1339,26.6221,26.6221,20
7.66064,1.46591,0,1.46591,24.82,119.747,168,1,0,1340,26.6276,26.6276,20
7.66427,0.732116,0,0.732116,24.8,119.463,118,1,0,1341,26.6264,26.6264,20
7.68462,0.449261,0,0.449261,24.8,119.463,108,0,0,1341,26.6264,26.6264,20
7.68922,1.47932,0,1.47932,24.78,119.18,122,2,0,1342,26.6319,26.6319,20
7.70836,0.264875,0,0.264875,24.78,119.18,112,0,0,1342,26.6319,26.6319,20
7.71363,2.5828,0,2.5828,24.76,118.896,186,4,0,1343,26.6567,26.6567,20
7.73547,3.53739,0,3.53739,24.76,118.896,157,3,0,1345,26.6974,26.6974,20
7.74005,1.87444,0,1.87444,24.74,118.613,180,4,0,1347,26.6904,26.6904,20
7.76151,1.66559,0,1.66559,24.74,118.613,140,1,0,1348,26.701,26.701,20
7.77075,5.47074,0,5.47074,24.72,118.33,191,3,0,1350,26.7222,26.7222,20
7.79046,5.37114,0,5.37114,24.72,118.33,370,0,0,1351,26.7417,26.7417,20
7.79613,2.57846,0,2.57846,24.7,118.046,174,4,0,1352,26.7515,26.7515,20
7.81949,4.97672,0,4.97672,24.7,118.046,212,15,0,1354,26.7651,26.7651,20
7.82522,1.42957,0,1.42957,24.68,117.763,156,2,0,1355,26.7661,26.7661,20
7.84403,0.541972,0,0.541972,24.68,117.763,146,0,0,1355,26.7661,26.7661,20
7.86763,19.2723,0,19.2723,24.66,117.479,1902,197,0,1357,26.7996,26.7996,20
7.87345,2.43449,0,2.43449,24.64,117.196,180,2,0,1359,26.8013,26.8013,20
7.89445,2.57715,0,2.57715,24.64,117.196,180,2,0,1360,26.8147,26.8147,20
7.90454,6.16409,0,6.16409,24.62,116.912,265,4,0,1362,26.9001,26.9001,20
7.92501,6.02947,0,6.02947,24.62,116.912,627,47,0,1364,26.9179,26.9179,20
7.92896,0.771708,0,0.771708,24.6,116.629,174,1,0,1365,26.9158,26.9158,20
7.95241,3.66952,0,3.66952,24.6,116.629,184,3,0,1367,26.9261,26.9261,20
7.96319,7.17524,0,7.17524,24.58,116.345,455,25,0,1369,26.9591,26.9591,20
7.98975,13.308,0,13.308,24.58,116.345,1114,72,0,1371,27.0066,27.0066,20
7.99348,0.229732,0,0.229732,24.56,115.536,162,0,0,1371,27.0066,27.0066,20
8.01834,4.70789,0,4.70789,24.56,115.536,207,4,0,1373,27.0422,27.0422,20
8.02655,4.43886,0,4.43886,24.54,115.252,206,4,0,1375,27.0938,27.0938,20
8.05006,7.79368,0,7.79368,24.54,115.252,769,16,0,1376,27.1257,27.1257,20
8.05846,3.72764,0,3.72764,24.52,114.969,268,2,0,1377,27.1569,27.1569,20
8.07675,2.22404,0,2.22404,24.52,114.969,236,1,0,1378,27.1785,27.1785,20
8.08212,0.8566,0,0.8566,24.5,114.685,232,1,0,1379,27.1697,27.1697,20
8.1047,2.80108,0,2.80108,24.5,114.685,252,2,0,1380,27.1833,27.1833,20
8.20276,93.4367,7.19692,86.2397,24.48,114.402,11483,729,0,1381,27.2266,27.2266,20
8.20749,0.273804,0,0.273804,24.46,114.118,226,0,0,1381,27.2266,27.2266,20
8.23625,8.36056,0,8.36056,24.46,114.118,760,35,0,1383,27.256,27.256,20
8.24436,3.87112,0,3.87112,24.44,113.835,317,2,0,1385,27.2931,27.2931,20
8.26256,1.14243,0,1.14243,24.44,113.835,254,1,0,1386,27.2828,27.2828,20
8.26841,1.55623,0,1.55623,24.42,113.551,304,1,0,1387,27.2833,27.2833,20
8.28947,1.74235,0,1.74235,24.42,113.551,260,2,0,1388,27.2939,27.2939,20
8.29795,4.20572,0,4.20572,24.4,113.268,333,13,0,1390,27.3209,27.3209,20
8.31648,2.21818,0,2.21818,24.4,113.268,269,2,0,1391,27.3408,27.3408,20
8.32364,2.81905,0,2.81905,24.38,112.984,264,2,0,1392,27.3685,27.3685,20
8.34947,8.52659,0,8.52659,24.38,112.984,616,18,0,1394,27.4304,27.4304,20
8.35656,2.41839,0,2.41839,24.36,112.701,370,2,0,1395,27.4444,27.4444,20
8.37736,3.38868,0,3.38868,24.36,112.701,295,2,0,1396,27.4735,27.4735,20
8.38639,4.45393,0,4.45393,24.34,112.417,375,4,0,1398,27.5136,27.5136,20
8.404,2.10289,0,2.10289,24.34,112.417,267,2,0,1399,27.5318,27.5318,20
8.40842,0.103019,0,0.103019,24.32,112.134,245,0,0,1399,27.5318,27.5318,20
8.42971,0.798203,0,0.798203,24.32,112.134,245,0,0,1399,27.5318,27.5318,20
8.43579,1.57117,0,1.57117,24.3,111.851,279,2,0,1401,27.5211,27.5211,20
8.45801,2.5774,0,2.5774,24.3,111.851,350,0,0,1402,27.5285,27.5285,20
8.46336,0.406869,0,0.406869,24.28,111.567,286,0,0,1402,27.5285,27.5285,20
8.48403,0.33255,0,0.33255,24.28,111.567,286,0,0,1402,27.5285,27.5285,20
8.49245,3.6092,0,3.6092,24.26,111.284,318,4,0,1404,27.5506,27.5506,20
8.51265,2.97933,0,2.97933,24.26,111.284,310,2,0,1405,27.5722,27.5722,20
8.52337,5.4536,0,5.4536,24.24,111,450,11,0,1407,27.6148,27.6148,20
8.54554,7.06476,0,7.06476,24.24,111,536,6,0,1408,27.6641,27.6641,20
8.55279,1.7044,0,1.7044,24.22,110.717,338,0,0,1409,27.6742,27.6742,20
8.57613,5.15787,0,5.15787,24.22,110.717,509,12,0,1411,27.7101,27.7101,20
8.58595,4.29975,0,4.29975,24.2,110.433,355,4,0,1412,27.7493,27.7493,20
8.60575,4.31016,0,4.31016,24.2,110.433,487,8,0,1414,27.7652,27.7652,20
8.61488,4.25832,0,4.25832,24.18,110.15,381,4,0,1416,27.8086,27.8086,20
8.63191,0.879232,0,0.879232,24.18,110.15,301,1,0,1417,27.8116,27.8116,20
8.63974,3.303,0,3.303,24.16,109.866,370,2,0,1418,27.8392,27.8392,20
8.65984,1.86284,0,1.86284,24.16,109.866,298,2,0,1419,27.8351,27.8351,20
8.66681,2.36893,0,2.36893,24.14,109.583,423,27,0,1420,27.8423,27.8423,20
8.68586,0.620523,0,0.620523,24.14,109.583,285,0,0,1420,27.8423,27.8423,20
8.69897,8.10075,0,8.10075,24.12,109.299,490,4,0,1422,27.9177,27.9177,20
8.7178,5.55188,0,5.55188,24.12,109.299,482,1,0,1424,27.9389,27.9389,20
8.72458,1.77021,0,1.77021,24.1,109.016,309,4,0,1425,27.9382,27.9382,20
8.74467,0.648159,0,0.648159,24.1,109.016,289,0,0,1425,27.9382,27.9382,20
8.75528,5.50967,0,5.50967,24.08,108.733,394,6,0,1427,27.9916,27.9916,20
8.77519,4.43351,0,4.43351,24.08,108.733,466,31,0,1428,28.0098,28.0098,20
8.78476,4.07214,0,4.07214,24.06,108.449,455,0,0,1429,28.035,28.035,20
8.80262,1.69527,0,1.69527,24.06,108.449,309,2,0,1431,28.0384,28.0384,20
8.80787,0.010729,0,0.010729,24.04,108.166,286,0,0,1431,28.0384,28.0384,20
8.83526,6.12346,0,6.12346,24.04,108.166,363,4,0,1433,28.0893,28.0893,20
8.84704,6.31129,0,6.31129,24.02,107.882,373,4,0,1435,28.1484,28.1484,20
8.86173,0.383679,0,0.383679,24.02,107.882,279,0,0,1435,28.1484,28.1484,20
8.86725,0.881798,0,0.881798,24,107.599,272,0,0,1435,28.1484,28.1484,20
8.89128,3.36296,0,3.36296,24,107.599,314,2,0,1436,28.1671,28.1671,20
8.8986,1.74432,0,1.74432,23.98,107.315,312,2,0,1437,28.1781,28.1781,20
8.92167,4.54814,0,4.54814,23.98,107.315,305,3,0,1439,28.2001,28.2001,20
8.93165,4.51448,0,4.51448,23.96,107.032,303,8,0,1441,28.22,28.22,20
8.95468,6.94517,0,6.94517,23.96,107.032,527,8,0,1443,28.2467,28.2467,20
8.95938,0.182724,0,0.182724,23.94,106.748,263,0,0,1443,28.2467,28.2467,20
8.98177,1.61925,0,1.61925,23.94,106.748,283,4,0,1444,28.2424,28.2424,20
8.99019,3.30217,0,3.30217,23.92,106.465,301,3,0,1446,28.2697,28.2697,20
9.0096,1.76154,0,1.76154,23.92,106.465,285,3,0,1448,28.2583,28.2583,20
9.01987,5.66209,0,5.66209,23.9,106.181,507,40,0,1450,28.291,28.291,20
9.03904,4.59653,0,4.59653,23.9,106.181,413,4,0,1452,28.3285,28.3285,20
9.04654,2.32091,0,2.32091,23.88,105.898,277,2,0,1453,28.3414,28.3414,20
9.06564,1.01791,0,1.01791,23.88,105.898,274,1,0,1454,28.3439,28.3439,20
9.07307,2.31314,0,2.31314,23.86,105.614,299,1,0,1455,28.3622,28.3622,20
9.09518,3.78598,0,3.78598,23.86,105.614,367,14,0,1456,28.4018,28.4018,20
9.10049,0.652912,0,0.652912,23.84,105.331,258,0,0,1456,28.4018,28.4018,20
9.12265,1.77331,0,1.77331,23.84,105.331,303,1,0,1457,28.4111,28.4111,20
9.13378,6.29484,0,6.29484,23.82,105.048,655,36,0,1459,28.4208,28.4208,20
9.15449,6.10682,0,6.10682,23.82,104.749,647,12,0,1460,28.461,28.461,20
9.15975,0.40486,0,0.40486,23.8,104.466,279,0,0,1460,28.461,28.461,20
9.18049,0.245406,0,0.245406,23.8,104.466,279,0,0,1460,28.461,28.461,20
9.18582,0.886629,0,0.886629,23.78,104.182,292,1,0,1461,28.4538,28.4538,20
9.206,0.002592,0,0.002592,23.78,104.182,272,0,0,1461,28.4538,28.4538,20
9.21183,0.925419,0,0.925419,23.76,103.899,279,0,0,1461,28.4538,28.4538,20
9.23419,2.44518,0,2.44518,23.76,103.899,289,2,0,1462,28.4603,28.4603,20
9.24072,1.32014,0,1.32014,23.74,103.615,315,1,0,1463,28.4648,28.4648,20
9.25987,0.558314,0,0.558314,23.74,103.615,286,0,0,1463,28.4648,28.4648,20
9.26898,4.12213,0,4.12213,23.72,103.332,307,2,0,1464,28.5137,28.5137,20
9.28671,0.717448,0,0.717448,23.72,103.332,276,0,0,1464,28.5137,28.5137,20
9.29211,0.563415,0,0.563415,23.7,103.049,276,0,0,1464,28.5137,28.5137,20
9.31572,2.3246,0,2.3246,23.7,103.049,288,2,0,1465,28.5249,28.5249,20
9.33636,15.6271,0,15.6271,23.68,102.765,1360,64,0,1467,28.5801,28.5801,20
9.34184,0.285757,0,0.285757,23.66,102.482,286,0,0,1467,28.5801,28.5801,20
9.36255,0.685212,0,0.685212,23.66,102.482,286,0,0,1467,28.5801,28.5801,20
9.3681,0.94142,0,0.94142,23.64,102.198,323,0,0,1468,28.5695,28.5695,20
9.38928,1.15519,0,1.15519,23.64,102.198,293,1,0,1469,28.5602,28.5602,20
9.3951,0.580159,0,0.580159,23.62,103.021,283,0,0,1469,28.5602,28.5602,20
9.41881,3.20111,0,3.20111,23.62,103.021,306,3,0,1471,28.5649,28.5649,20
9.42633,2.56105,0,2.56105,23.6,101.59,362,1,0,1472,28.5815,28.5815,20
9.44747,2.23812,0,2.23812,23.6,101.59,317,3,0,1474,28.578,28.578,20
9.45324,0.519569,0,0.519569,23.58,101.308,304,0,0,1474,28.578,28.578,20
9.47893,4.88247,0,4.88247,23.58,101.308,459,2,0,1475,28.6156,28.6156,20
9.48806,3.47664,0,3.47664,23.56,101.026,344,2,0,1476,28.6538,28.6538,20
9.51236,7.30268,0,7.30268,23.56,101.026,623,0,0,1477,28.6933,28.6933,20
9.52249,4.81728,0,4.81728,23.54,100.745,362,3,0,1479,28.7275,28.7275,20
9.54188,2.91451,0,2.91451,23.54,100.745,332,2,0,1480,28.7419,28.7419,20
9.54791,0.587739,0,0.587739,23.52,100.463,321,0,0,1480,28.7419,28.7419,20
9.57097,3.04473,0,3.04473,23.52,100.463,398,1,0,1481,28.763,28.763,20
9.5837,7.28805,0,7.28805,23.5,100.181,471,4,0,1483,28.8159,28.8159,20
9.59874,1.8632,0,1.8632,23.5,100.181,364,0,0,1484,28.8322,28.8322,20
9.60506,1.10982,0,1.10982,23.48,99.8994,335,1,0,1485,28.8337,28.8337,20
9.62525,0.390707,0,0.390707,23.48,99.8994,325,0,0,1485,28.8337,28.8337,20
9.63791,7.34301,0,7.34301,23.46,99.6177,654,0,0,1486,28.8735,28.8735,20
9.65306,1.63887,0,1.63887,23.46,99.6177,349,1,0,1487,28.881,28.881,20
9.65942,0.893269,0,0.893269,23.44,99.336,342,1,0,1488,28.8696,28.8696,20
9.67935,0.551647,0,0.551647,23.44,99.336,332,0,0,1488,28.8696,28.8696,20
9.68689,2.0374,0,2.0374,23.42,99.0543,352,2,0,1489,28.8778,28.8778,20
9.71142,5.00212,0,5.00212,23.42,99.0543,377,4,0,1490,28.9107,28.9107,20
9.72133,3.81541,0,3.81541,23.4,98.7726,394,5,0,1492,28.935,28.935,20
9.73941,0.69476,0,0.69476,23.4,98.7726,369,0,0,1492,28.935,28.935,20
9.74741,1.95836,0,1.95836,23.38,98.4909,385,2,0,1493,28.935,28.935,20
9.76643,0.468033,0,0.468033,23.38,98.4909,375,0,0,1493,28.935,28.935,20
9.77581,3.03225,0,3.03225,23.36,98.2092,437,3,0,1495,28.9411,28.9411,20
9.79747,3.73614,0,3.73614,23.36,98.2092,409,4,0,1497,28.9499,28.9499,20
9.80948,4.47932,0,4.47932,23.34,97.9275,427,4,0,1499,28.9686,28.9686,20
9.82903,3.99902,0,3.99902,23.34,97.9275,504,27,0,1500,28.9873,28.9873,20
9.84334,7.21651,0,7.21651,23.32,97.6458,636,4,0,1502,29.0386,29.0386,20
9.86016,4.08823,0,4.08823,23.32,97.6458,474,2,0,1503,29.0732,29.0732,20
9.87472,7.85116,0,7.85116,23.3,97.3641,659,9,0,1505,29.1462,29.1462,20
9.89102,4.24489,0,4.24489,23.3,97.3641,486,3,0,1507,29.1991,29.1991,20
9.89751,0.258226,0,0.258226,23.28,97.0824,410,0,0,1507,29.1991,29.1991,20
9.92011,2.2055,0,2.2055,23.28,97.0824,450,6,0,1508,29.2142,29.2142,20
9.92883,2.58252,0,2.58252,23.26,96.8007,482,1,0,1509,29.2425,29.2425,20
9.94838,1.11923,0,1.11923,23.26,96.8007,420,0,0,1509,29.2425,29.2425,20
9.95742,2.81789,0,2.81789,23.24,96.519,529,27,0,1511,29.2363,29.2363,20
9.97664,1.17273,0,1.17273,23.24,96.519,433,1,0,1512,29.2321,29.2321,20
9.98597,3.36529,0,3.36529,23.22,96.2373,527,7,0,1513,29.2703,29.2703,20
10.0055,1.63434,0,1.63434,23.22,96.2373,422,2,0,1514,29.2748,29.2748,20
10.0149,3.64801,0,3.64801,23.2,95.9556,428,5,0,1516,29.2896,29.2896,20
10.0391,6.52591,0,6.52591,23.2,95.9556,711,64,0,1517,29.3283,29.3283,20
10.0459,0.645976,0,0.645976,23.18,95.6739,424,0,0,1517,29.3283,29.3283,20
10.0702,3.44074,0,3.44074,23.18,95.6739,480,2,0,1518,29.3709,29.3709,20
10.0812,4.61127,0,4.61127,23.16,95.3922,574,5,0,1520,29.3987,29.3987,20
10.1002,2.8443,0,2.8443,23.16,95.3922,563,3,0,1521,29.4313,29.4313,20
10.1121,5.58259,0,5.58259,23.14,95.0341,669,6,0,1522,29.4704,29.4704,20
10.1299,2.70858,0,2.70858,23.14,95.0341,485,2,0,1524,29.4764,29.4764,20
10.1383,1.58734,0,1.58734,23.12,94.9535,457,1,0,1525,29.4885,29.4885,20
10.163,6.21497,0,6.21497,23.12,94.9535,637,3,0,1527,29.5305,29.5305,20
10.176,6.26357,0,6.26357,23.1,94.873,665,36,0,1529,29.5991,29.5991,20
10.1924,2.76787,0,2.76787,23.1,94.873,457,2,0,1530,29.6013,29.6013,20
10.2033,4.13814,0,4.13814,23.08,94.7924,581,2,0,1531,29.6395,29.6395,20
10.2225,3.11528,0,3.11528,23.08,94.7924,515,4,0,1532,29.654,29.654,20
10.2331,3.63717,0,3.63717,23.06,94.712,567,0,0,1533,29.6888,29.6888,20
10.2522,1.90632,0,1.90632,23.06,94.712,507,1,0,1534,29.6904,29.6904,20
10.2622,3.18766,0,3.18766,23.04,94.6316,504,2,0,1535,29.7264,29.7264,20
10.2807,0.686548,0,0.686548,23.04,94.6316,447,0,0,1535,29.7264,29.7264,20
10.2888,1.4582,0,1.4582,23.02,94.5513,457,1,0,1536,29.7318,29.7318,20
10.3123,4.1642,0,4.1642,23.02,94.5513,550,2,0,1537,29.7768,29.7768,20
10.322,2.97827,0,2.97827,23,94.471,481,4,0,1539,29.7862,29.7862,20
10.343,3.20119,0,3.20119,23,94.471,523,2,0,1540,29.8006,29.8006,20
10.3565,7.08658,0,7.08658,22.98,94.3907,609,40,0,1542,29.8651,29.8651,20
10.3741,3.66527,0,3.66527,22.98,94.3907,460,3,0,1544,29.8996,29.8996,20
10.3841,3.4007,0,3.4007,22.96,94.3104,473,3,0,1546,29.9211,29.9211,20
10.4022,0.481467,0,0.481467,22.96,94.3104,453,0,0,1546,29.9211,29.9211,20
10.42,11.17,0,11.17,22.94,94.2301,1059,73,0,1548,29.9922,29.9922,20
10.4374,7.83406,0,7.83406,22.94,94.2301,585,4,0,1550,30.0903,30.0903,20
10.4469,2.5677,0,2.5677,22.92,94.1498,471,2,0,1551,30.1109,30.1109,20
10.4694,4.13134,0,4.13134,22.92,94.1498,479,4,0,1553,30.1417,30.1417,20
10.4804,4.11203,0,4.11203,22.9,94.0695,539,7,0,1555,30.1756,30.1756,20
10.4975,0.168585,0,0.168585,22.9,94.0695,459,0,0,1555,30.1756,30.1756,20
10.508,3.76473,0,3.76473,22.88,93.9892,567,2,0,1557,30.1863,30.1863,20
10.5274,2.55664,0,2.55664,22.88,93.9892,559,1,0,1558,30.208,30.208,20
10.5382,3.38211,0,3.38211,22.86,93.9089,485,2,0,1559,30.2322,30.2322,20
10.5574,2.24153,0,2.24153,22.86,93.9089,495,3,0,1561,30.2345,30.2345,20
10.5701,5.6608,0,5.6608,22.84,93.8286,498,4,0,1563,30.2847,30.2847,20
10.5868,2.01459,0,2.01459,22.84,93.8286,535,0,0,1564,30.2922,30.2922,20
10.5965,1.83651,0,1.83651,22.82,93.7483,488,2,0,1565,30.2946,30.2946,20
10.6162,1.0505,0,1.0505,22.82,93.7483,488,1,0,1566,30.2835,30.2835,20
10.6259,2.91214,0,2.91214,22.8,93.668,516,2,0,1567,30.3191,30.3191,20
10.6467,2.42301,0,2.42301,22.8,93.668,528,6,0,1568,30.3221,30.3221,20
10.6561,2.2572,0,2.2572,22.78,93.5877,528,3,0,1570,30.3217,30.3217,20
10.6781,3.07544,0,3.07544,22.78,93.5877,534,2,0,1571,30.3584,30.3584,20
10.6905,5.59715,0,5.59715,22.76,93.5074,550,4,0,1573,30.4342,30.4342,20
10.7071,1.04961,0,1.04961,22.76,93.5074,518,1,0,1574,30.4276,30.4276,20
10.7158,1.74922,0,1.74922,22.74,93.4271,518,1,0,1575,30.4451,30.4451,20
10.74,4.87938,0,4.87938,22.74,93.4271,691,7,0,1576,30.4822,30.4822,20
10.7548,7.73631,0,7.73631,22.72,93.3468,1168,96,0,1577,30.494,30.494,20
10.7712,3.40384,0,3.40384,22.72,93.3468,532,3,0,1579,30.5193,30.5193,20
10.7816,3.2366,0,3.2366,22.7,93.2665,592,2,0,1580,30.538,30.538,20
10.8003,1.20307,0,1.20307,22.7,93.2665,546,1,0,1581,30.5364,30.5364,20
10.8079,0.328026,0,0.328026,22.68,93.1862,518,0,0,1581,30.5364,30.5364,20
10.8336,5.19725,0,5.19725,22.68,93.1862,547,4,0,1583,30.5768,30.5768,20
11.0345,193.56,17.2845,176.276,22.66,93.1059,24276,1378,0,1584,30.6023,30.6023,20
11.0438,1.74906,0,1.74906,22.64,93.0256,532,1,0,1585,30.6145,30.6145,20
11.0659,2.96819,0,2.96819,22.64,93.0256,522,2,0,1587,30.6307,30.6307,20
11.0762,3.5371,0,3.5371,22.62,92.9453,515,2,0,1588,30.6637,30.6637,20
11.0981,4.44686,0,4.44686,22.62,92.9453,551,5,0,1590,30.7063,30.7063,20
11.1082,3.34932,0,3.34932,22.6,92.865,560,4,0,1592,30.7117,30.7117,20
11.1303,4.18524,0,4.18524,22.6,92.865,645,17,0,1594,30.7183,30.7183,20
11.1397,2.33054,0,2.33054,22.58,92.7847,533,2,0,1595,30.7285,30.7285,20
11.1609,2.33353,0,2.33353,22.58,92.7847,527,2,0,1596,30.7444,30.7444,20
11.1684,0.802949,0,0.802949,22.56,92.7044,511,1,0,1597,30.7401,30.7401,20
11.1932,4.02286,0,4.02286,22.56,92.7044,601,7,0,1599,30.7624,30.7624,20
11.203,2.8558,0,2.8558,22.54,92.6242,531,3,0,1601,30.7683,30.7683,20
11.2246,3.19679,0,3.19679,22.54,92.6242,579,3,0,1602,30.7984,30.7984,20
11.2335,1.9044,0,1.9044,22.52,92.5439,522,2,0,1603,30.7973,30.7973,20
11.255,2.37951,0,2.37951,22.52,92.5439,521,1,0,1604,30.8217,30.8217,20
11.2634,0.772154,0,0.772154,22.5,92.4636,531,0,0,1604,30.8217,30.8217,20
11.2841,0.668081,0,0.668081,22.5,92.4636,541,1,0,1605,30.8131,30.8131,20
11.2948,2.9335,0,2.9335,22.48,92.3833,575,2,0,1606,30.8456,30.8456,20
11.3174,5.46688,0,5.46688,22.48,92.3833,783,18,0,1607,30.8855,30.8855,20
11.3298,4.5395,0,4.5395,22.46,92.303,660,13,0,1609,30.9304,30.9304,20
11.3469,1.79511,0,1.79511,22.46,92.303,541,1,0,1610,30.936,30.936,20
11.3758,21.3434,0,21.3434,22.44,92.2227,2943,163,0,1611,30.9671,30.9671,20
11.3864,3.15773,0,3.15773,22.42,92.1424,632,4,0,1612,30.9845,30.9845,20
11.4091,5.14512,0,5.14512,22.42,92.1424,571,3,0,1614,31.0204,31.0204,20
11.4181,1.88355,0,1.88355,22.4,92.0621,569,4,0,1615,31.0241,31.0241,20
11.4402,3.11569,0,3.11569,22.4,92.0621,547,2,0,1616,31.0489,31.0489,20
11.4508,3.42207,0,3.42207,22.38,91.9818,541,4,0,1618,31.0723,31.0723,20
11.4697,1.4699,0,1.4699,22.38,91.9818,541,4,0,1619,31.0791,31.0791,20
11.4789,1.38634,0,1.38634,22.36,91.9015,531,1,0,1620,31.0858,31.0858,20
11.5096,10.9963,0,10.9963,22.36,91.9015,1462,68,0,1621,31.0969,31.0969,20
11.519,1.64227,0,1.64227,22.34,91.8212,561,2,0,1623,31.1066,31.1066,20
11.5409,3.2207,0,3.2207,22.34,91.8212,561,2,0,1624,31.1404,31.1404,20
11.5503,1.71993,0,1.71993,22.32,91.7409,565,2,0,1626,31.1402,31.1402,20
11.5707,1.31099,0,1.31099,22.32,91.7409,551,1,0,1627,31.1444,31.1444,20
11.5816,3.51439,0,3.51439,22.3,91.6606,626,2,0,1629,31.175,31.175,20
11.5999,0.769378,0,0.769378,22.3,91.6606,531,0,0,1629,31.175,31.175,20
11.6104,3.01795,0,3.01795,22.28,91.5803,561,5,0,1631,31.1962,31.1962,20
11.6294,1.03829,0,1.03829,22.28,91.5803,541,1,0,1632,31.193,31.193,20
11.6409,3.841,0,3.841,22.26,91.5,551,3,0,1634,31.2081,31.2081,20
11.6661,7.54284,0,7.54284,22.26,91.5,687,3,0,1636,31.2751,31.2751,20
11.6789,5.2019,0,5.2019,22.24,91.4197,706,3,0,1638,31.3278,31.3278,20
11.6959,1.49066,0,1.49066,22.24,91.4197,551,1,0,1639,31.3301,31.3301,20
11.7068,3.34733,0,3.34733,22.22,91.3394,541,2,0,1640,31.3598,31.3598,20
11.7275,3.15189,0,3.15189,22.22,91.3394,551,4,0,1642,31.3538,31.3538,20
11.741,5.47877,0,5.47877,22.2,91.2591,601,6,0,1644,31.4009,31.4009,20
11.7571,0.71096,0,0.71096,22.2,91.2591,531,0,0,1644,31.4009,31.4009,20
11.7683,3.49872,0,3.49872,22.18,91.1788,585,3,0,1646,31.4174,31.4174,20
11.7914,5.21395,0,5.21395,22.18,91.1788,610,3,0,1648,31.4478,31.4478,20
11.8024,3.44831,0,3.44831,22.16,91.0985,560,2,0,1649,31.4942,31.4942,20
11.8215,1.38521,0,1.38521,22.16,91.0985,541,1,0,1650,31.4903,31.4903,20
12.0306,201.153,18.0449,183.108,22.14,91.0182,27429,1578,0,1651,31.5142,31.5142,20
12.0399,3.93081,0,3.93081,22.12,90.9379,370,4,0,1652,31.543,31.543,20
12.0573,0.6277,0,0.6277,22.12,90.9379,296,0,0,1652,31.543,31.543,20
12.0666,4.64873,0,4.64873,22.1,90.8576,360,3,0,1654,31.5955,31.5955,20
12.0848,1.85941,0,1.85941,22.1,90.8576,300,1,0,1655,31.6006,31.6006,20
12.1006,11.0801,0,11.0801,22.08,90.7773,1100,138,0,1657,31.6488,31.6488,20
12.1119,1.83062,0,1.83062,22.08,90.7773,317,2,0,1658,31.6508,31.6508,20
12.1259,9.39088,0,9.39088,22.06,90.697,895,123,0,1660,31.6886,31.6886,20
12.1397,2.52539,0,2.52539,22.06,90.697,306,2,0,1662,31.707,31.707,20
12.1477,2.28706,0,2.28706,22.04,90.6167,325,2,0,1663,31.7186,31.7186,20
12.1706,4.68314,0,4.68314,22.04,90.6167,415,2,0,1665,31.7471,31.7471,20
12.1839,7.82787,0,7.82787,22.02,90.5364,649,11,0,1667,31.7966,31.7966,20
12.1987,2.22526,0,2.22526,22.02,90.5364,315,1,0,1668,31.8076,31.8076,20
12.2087,4.63209,0,4.63209,22,90.4561,362,3,0,1670,31.8311,31.8311,20
12.228,3.03551,0,3.03551,22,90.4561,320,2,0,1671,31.8438,31.8438,20
12.2347,1.55555,0,1.55555,21.98,90.3758,315,1,0,1672,31.8499,31.8499,20
12.2562,1.8848,0,1.8848,21.98,90.3758,315,2,0,1673,31.85,31.85,20
12.2641,3.01259,0,3.01259,21.96,90.2955,325,3,0,1675,31.8484,31.8484,20
12.2856,3.12016,0,3.12016,21.96,90.2955,341,3,0,1677,31.864,31.864,20
12.2983,7.74373,0,7.74373,21.94,90.2152,414,4,0,1679,31.9446,31.9446,20
12.3157,4.05519,0,4.05519,21.94,90.2152,496,23,0,1681,31.9595,31.9595,20
12.3244,3.807,0,3.807,21.92,90.1349,462,6,0,1682,31.9881,31.9881,20
12.3444,2.30768,0,2.30768,21.92,90.1349,340,1,0,1683,32.0048,32.0048,20
12.3497,0.166945,0,0.166945,21.9,90.0546,315,0,0,1683,32.0048,32.0048,20
12.3721,1.78923,0,1.78923,21.9,90.0546,325,2,0,1684,31.9976,31.9976,20
12.3781,0.497862,0,0.497862,21.88,89.9743,315,0,0,1684,31.9976,31.9976,20
12.4004,2.90412,0,2.90412,21.88,89.9743,343,2,0,1686,32.0119,32.0119,20
12.4097,3.77746,0,3.77746,21.86,89.894,354,3,0,1688,32.0308,32.0308,20
12.4333,7.17349,0,7.17349,21.86,89.894,690,1,0,1690,32.0633,32.0633,20
12.6204,181.266,11.8207,169.445,21.84,89.8137,24847,1534,0,1691,32.0763,32.0763,20
12.627,0.852956,0,0.852956,21.82,89.7334,332,1,0,1692,32.0715,32.0715,20
12.6482,1.28541,0,1.28541,21.82,89.7334,325,1,0,1693,32.0644,32.0644,20
12.6556,2.15669,0,2.15669,21.8,89.6531,349,2,0,1695,32.0631,32.0631,20
12.6801,5.73811,0,5.73811,21.8,89.6531,369,4,0,1697,32.1061,32.1061,20
12.6879,2.52547,0,2.52547,21.78,89.5729,363,18,0,1698,32.1125,32.1125,20
12.7069,0.541095,0,0.541095,21.78,89.5729,325,0,0,1698,32.1125,32.1125,20
12.716,3.65902,0,3.65902,21.76,89.4925,449,0,0,1699,32.1454,32.1454,20
12.7333,0.210121,0,0.210121,21.76,89.4925,325,0,0,1699,32.1454,32.1454,20
12.7441,4.72748,0,4.72748,21.74,89.4117,336,2,0,1701,32.184,32.184,20
12.7615,2.00832,0,2.00832,21.74,89.4117,325,1,0,1702,32.1898,32.1898,20
12.7681,1.75019,0,1.75019,21.72,89.2546,325,7,0,1703,32.1814,32.1814,20
12.7881,0.282858,0,0.282858,21.72,89.2546,295,0,0,1703,32.1814,32.1814,20
12.7959,2.81068,0,2.81068,21.7,89.0975,330,2,0,1705,32.1853,32.1853,20
12.8146,0.472367,0,0.472367,21.7,89.0975,300,0,0,1705,32.1853,32.1853,20
12.8302,6.34982,0,6.34982,21.68,88.9403,373,2,0,1706,32.2216,32.2216,20
12.844,2.94882,0,2.94882,21.68,88.9403,320,2,0,1708,32.226,32.226,20
12.8553,5.88254,0,5.88254,21.66,88.7832,339,4,0,1710,32.2626,32.2626,20
12.8761,6.29075,0,6.29075,21.66,88.7832,387,3,0,1712,32.3154,32.3154,20
12.8844,2.49327,0,2.49327,21.64,88.6261,370,0,0,1713,32.3176,32.3176,20
12.9088,6.27912,0,6.27912,21.64,88.6261,419,3,0,1715,32.3586,32.3586,20
12.9157,1.12311,0,1.12311,21.62,88.469,315,1,0,1716,32.3584,32.3584,20
12.9382,2.86502,0,2.86502,21.62,88.469,320,1,0,1717,32.3733,32.3733,20
12.9455,1.67283,0,1.67283,21.6,88.3119,310,2,0,1718,32.3766,32.3766,20
12.969,4.85908,0,4.85908,21.6,88.3119,353,5,0,1720,32.3983,32.3983,20
12.9754,0.24478,0,0.24478,21.58,88.1548,305,0,0,1720,32.3983,32.3983,20
12.9981,2.54151,0,2.54151,21.58,88.1548,315,1,0,1721,32.4178,32.4178,20
13.0066,2.01312,0,2.01312,21.56,87.9977,343,0,0,1722,32.4367,32.4367,20
13.0259,1.61905,0,1.61905,21.56,87.9977,315,1,0,1723,32.4359,32.4359,20
13.0375,5.67896,0,5.67896,21.54,87.8406,406,5,0,1725,32.4736,32.4736,20
13.0568,3.79659,0,3.79659,21.54,87.8406,388,4,0,1727,32.491,32.491,20
13.0648,2.80932,0,2.80932,21.52,87.6835,325,3,0,1729,32.4858,32.4858,20
13.0855,2.3658,0,2.3658,21.52,87.6835,329,3,0,1731,32.4841,32.4841,20
13.0907,0.158142,0,0.158142,21.5,87.5264,300,0,0,1731,32.4841,32.4841,20
13.1201,8.03241,0,8.03241,21.5,87.5264,451,4,0,1733,32.5516,32.5516,20
13.1272,1.53554,0,1.53554,21.48,87.3692,300,0,0,1734,32.5507,32.5507,20
13.1497,2.99749,0,2.99749,21.48,87.3692,321,3,0,1736,32.5547,32.5547,20
13.1614,6.16402,0,6.16402,21.46,87.2121,519,17,0,1738,32.5788,32.5788,20
13.1823,5.91721,0,5.91721,21.46,86.3749,325,3,0,1740,32.6086,32.6086,19.9988
13.1928,4.97941,0,4.97941,21.44,86.2178,300,4,0,1742,32.6269,32.6269,19.9938
13.2119,3.13511,0,3.13511,21.44,86.2178,300,2,0,1744,32.6399,32.6399,19.9889
13.2199,2.5556,0,2.5556,21.42,86.0607,330,10,0,1745,32.6476,32.6476,19.9864
13.2427,4.65386,0,4.65386,21.42,86.0607,338,2,0,1747,32.6926,32.6926,19.9814
13.2501,2.00082,0,2.00082,21.4,85.9036,330,2,0,1749,32.693,32.693,19.9765
13.2732,4.27958,0,4.27958,21.4,85.9036,318,2,0,1751,32.7219,32.7219,19.9715
13.2824,3.5562,0,3.5562,21.38,85.7465,322,2,0,1753,32.7456,32.7456,19.9666
13.3022,2.48401,0,2.48401,21.38,85.7465,312,1,0,1754,32.7486,32.7486,19.9641
13.3093,1.20946,0,1.20946,21.36,85.5894,320,1,0,1755,32.7459,32.7459,19.9617
13.3307,1.90592,0,1.90592,21.36,85.5894,320,1,0,1756,32.7472,32.7472,19.9592
13.3418,4.85804,0,4.85804,21.34,85.4323,426,0,0,1757,32.7911,32.7911,19.9567
13.3571,0.401825,0,0.401825,21.34,85.4323,310,0,0,1757,32.7911,32.7911,19.9567
13.3661,2.74613,0,2.74613,21.32,85.2752,322,2,0,1758,32.8111,32.8111,19.9543
13.3878,3.89166,0,3.89166,21.32,85.2752,345,3,0,1760,32.821,32.821,19.9494
13.3973,3.73234,0,3.73234,21.3,85.1181,393,12,0,1761,32.8444,32.8438,19.9469
13.4188,4.1582,0,4.1582,21.3,85.1181,361,1,0,1762,32.8814,32.8808,19.9445
13.4285,3.85479,0,3.85479,21.28,84.961,329,3,0,1763,32.9161,32.9161,19.942
13.4486,3.00807,0,3.00807,21.28,84.961,358,7,0,1764,32.9308,32.9308,19.9396
13.4548,0.726326,0,0.726326,21.26,84.8038,300,0,0,1764,32.9308,32.9308,19.9396
13.4824,6.9392,0,6.9392,21.26,84.8038,416,4,0,1766,32.9757,32.9751,19.9347
13.4913,3.17993,0,3.17993,21.24,84.6467,333,1,0,1767,32.9972,32.9966,19.9322
13.5141,5.19373,0,5.19373,21.24,84.6467,315,3,0,1769,33.03,33.0294,19.9274
13.523,2.89198,0,2.89198,21.22,84.4896,355,1,0,1770,33.0616,33.061,19.9249
13.5455,4.16268,0,4.16268,21.22,84.4896,524,0,0,1771,33.0762,33.0757,19.9225
13.5544,2.87655,0,2.87655,21.2,84.3325,335,1,0,1772,33.0926,33.092,19.92
13.5782,5.3727,0,5.3727,21.2,84.3325,360,8,0,1774,33.1336,33.1347,19.9152
13.5879,3.38277,0,3.38277,21.18,84.1754,365,1,0,1775,33.1634,33.1645,19.9127
13.6087,3.39177,0,3.39177,21.18,84.1754,423,1,0,1776,33.1875,33.1886,19.9103
13.6191,4.18354,0,4.18354,21.16,84.0183,533,1,0,1777,33.2127,33.2138,19.9079
13.641,5.0846,0,5.0846,21.16,84.0183,484,5,0,1779,33.2389,33.24,19.903
13.6501,2.60301,0,2.60301,21.14,83.8612,365,1,0,1780,33.2511,33.2522,19.9006
13.6688,0.573256,0,0.573256,21.14,83.8612,355,0,0,1780,33.2511,33.2522,19.9006
13.6771,2.08424,0,2.08424,21.12,83.7041,375,1,0,1781,33.2493,33.2504,19.8982
13.7007,4.81537,0,4.81537,21.12,83.7041,580,9,0,1782,33.2828,33.28,19.8958
13.7079,0.524423,0,0.524423,21.1,83.4878,370,0,0,1782,33.2828,33.28,19.8958
13.7354,6.4576,0,6.4576,21.1,83.4878,457,8,0,1784,33.3246,33.3217,19.8909
13.7428,0.267755,0,0.267755,21.08,83.3307,380,0,0,1784,33.3246,33.3217,19.8909
13.7694,5.8121,0,5.8121,21.08,83.3307,524,2,0,1786,33.3561,33.3533,19.8861
13.7814,5.18561,0,5.18561,21.06,83.1736,406,4,0,1788,33.3887,33.3848,19.8813
13.8019,4.3574,0,4.3574,21.06,83.1736,495,3,0,1790,33.3911,33.3872,19.8765
13.8163,7.47041,0,7.47041,21.04,83.0165,578,18,0,1792,33.4375,33.4336,19.8717
13.8359,6.09776,0,6.09776,21.04,83.0165,571,1,0,1793,33.483,33.4791,19.8693
13.8445,1.82282,0,1.82282,21.02,82.8594,411,1,0,1794,33.5033,33.4994,19.8669
13.8673,3.27819,0,3.27819,21.02,82.8594,421,3,0,1796,33.5111,33.5072,19.8621
13.8787,4.64023,0,4.64023,21,82.7023,465,14,0,1798,33.5412,33.5367,19.8573
13.897,1.76449,0,1.76449,21,82.7023,405,2,0,1799,33.5414,33.537,19.8549
13.9052,1.43517,0,1.43517,20.98,82.5452,405,1,0,1800,33.5439,33.5394,19.8525
13.926,1.63259,0,1.63259,20.98,82.5452,405,1,0,1801,33.5486,33.5441,19.8501
13.9333,0.002054,0,0.002054,20.96,82.3881,405,0,0,1801,33.5486,33.5441,19.8501
13.9555,1.67763,0,1.67763,20.96,82.3881,488,7,0,1802,33.5455,33.5411,19.8477
13.9651,1.99193,0,1.99193,20.94,82.231,424,1,0,1804,33.5516,33.5471,19.843
13.9865,3.3218,0,3.3218,20.94,82.231,420,2,0,1805,33.5734,33.569,19.8406
13.9979,3.8752,0,3.8752,20.92,82.0739,483,2,0,1806,33.6019,33.5969,19.8382
14.0143,0.380333,0,0.380333,20.92,82.0739,420,0,0,1806,33.6019,33.5969,19.8382
14.0229,1.99407,0,1.99407,20.9,81.9167,430,1,0,1807,33.6115,33.6065,19.8358
14.0465,4.43688,0,4.43688,20.9,81.9167,458,2,0,1809,33.644,33.639,19.8311
14.0559,2.68926,0,2.68926,20.88,81.7596,440,3,0,1810,33.6392,33.6343,19.8287
14.0781,3.85913,0,3.85913,20.88,81.7596,440,3,0,1812,33.6645,33.6595,19.8239
14.0888,3.5157,0,3.5157,20.86,81.6025,491,0,0,1813,33.6928,33.6878,19.8216
14.111,4.74172,0,4.74172,20.86,81.6025,458,4,0,1815,33.7196,33.7124,19.8168
14.1184,0.46611,0,0.46611,20.84,81.4454,415,0,0,1815,33.7196,33.7124,19.8168
14.1417,2.5986,0,2.5986,20.84,81.4454,425,2,0,1816,33.728,33.7208,19.8145
14.3955,245.267,19.4835,225.783,20.82,81.2883,33606,2044,0,1818,33.3993,33.445,19.8098
14.405,2.78509,0,2.78509,20.8,89.8835,409,13,0,1819,33.4068,33.453,19.8074
14.4271,4.17756,0,4.17756,20.8,89.8835,557,34,0,1820,33.428,33.4753,19.805
14.4353,2.3129,0,2.3129,20.78,89.8181,329,2,0,1822,33.4182,33.4654,19.8003
14.4597,5.43412,0,5.43412,20.78,89.8181,438,7,0,1823,33.4586,33.5047,19.798
14.4692,3.65458,0,3.65458,20.76,89.7529,393,0,0,1824,33.494,33.54,19.7956
14.4911,4.38074,0,4.38074,20.76,89.7529,350,2,0,1825,33.526,33.5726,19.7933
14.4998,3.12316,0,3.12316,20.74,89.6875,376,1,0,1826,33.5542,33.6008,19.7909
14.5292,11.7244,0,11.7244,20.74,89.6875,844,13,0,1828,33.6242,33.6729,19.7862
14.5397,4.21388,0,4.21388,20.72,89.6223,317,3,0,1830,33.6426,33.6913,19.7815
14.5585,2.15854,0,2.15854,20.72,89.6223,307,1,0,1831,33.6483,33.6969,19.7792
14.5682,4.09739,0,4.09739,20.7,89.5571,325,2,0,1832,33.679,33.7276,19.7768
14.588,2.45899,0,2.45899,20.7,89.5571,306,1,0,1834,33.6821,33.7306,19.7722
14.5975,3.79205,0,3.79205,20.68,89.4919,306,2,0,1835,33.7074,33.7559,19.7698
14.6155,0.968294,0,0.968294,20.68,89.4919,296,0,0,1836,33.7004,33.7489,19.7675
14.6265,4.91222,0,4.91222,20.66,89.4267,316,3,0,1838,33.7231,33.7715,19.7628
14.6443,2.47902,0,2.47902,20.66,89.4267,302,1,0,1839,33.7412,33.7896,19.7605
14.6566,6.00007,0,6.00007,20.64,89.3617,361,5,0,1841,33.7806,33.83,19.7559
14.6754,5.02503,0,5.02503,20.64,89.3617,391,2,0,1842,33.8219,33.8724,19.7535
14.6855,4.49464,0,4.49464,20.62,89.2966,525,0,0,1843,33.8367,33.8871,19.7512
14.7089,6.97677,0,6.97677,20.62,89.2966,427,3,0,1845,33.8808,33.9306,19.7466
14.7214,6.75604,0,6.75604,20.6,89.2316,598,0,0,1846,33.9166,33.9664,19.7442
14.7357,0.37123,0,0.37123,20.6,89.2316,297,0,0,1846,33.9166,33.9664,19.7442
14.7448,3.37704,0,3.37704,20.58,89.1668,356,9,0,1848,33.934,33.9838,19.7396
14.7662,3.91155,0,3.91155,20.58,89.1668,306,2,0,1850,33.9459,33.9957,19.735
14.7762,4.17443,0,4.17443,20.56,89.102,376,1,0,1852,33.9757,34.0254,19.7304
14.7995,5.72815,0,5.72815,20.56,89.102,306,4,0,1854,34.0113,34.0609,19.7257
14.8058,0.739454,0,0.739454,20.54,89.0372,286,0,0,1854,34.0113,34.0609,19.7257
14.8284,2.28618,0,2.28618,20.54,89.0372,296,2,0,1855,34.0199,34.0695,19.7234
14.8365,2.20345,0,2.20345,20.52,88.9724,296,1,0,1856,34.0248,34.0744,19.7211
14.8609,5.60918,0,5.60918,20.52,88.9724,421,2,0,1858,34.0732,34.1227,19.7165
14.8668,0.093182,0,0.093182,20.5,88.9078,286,0,0,1858,34.0732,34.1227,19.7165
14.8921,4.23734,0,4.23734,20.5,88.9078,320,3,0,1860,34.0968,34.1462,19.7119
14.9034,5.41948,0,5.41948,20.48,88.8431,318,3,0,1862,34.1348,34.1842,19.7073
14.9219,2.81597,0,2.81597,20.48,88.8431,310,2,0,1864,34.1373,34.1867,19.7028
14.9317,3.95231,0,3.95231,20.46,88.7786,382,2,0,1866,34.1661,34.2154,19.6982
14.9491,0.307398,0,0.307398,20.46,88.7786,290,0,0,1866,34.1661,34.2154,19.6982
14.9591,2.88604,0,2.88604,20.44,88.7141,299,1,0,1867,34.173,34.2223,19.6959
14.9784,2.40046,0,2.40046,20.44,88.7141,309,4,0,1868,34.1868,34.2361,19.6936
15.0155,30.6487,5.78079,24.8679,20.42,88.6496,3760,286,0,1869,34.2001,34.2397,19.6913
15.0234,1.50646,0,1.50646,20.4,88.5852,305,1,0,1870,34.2037,34.2433,19.689
15.0464,4.65041,0,4.65041,20.4,88.5852,315,2,0,1872,34.219,34.2585,19.6845
15.0556,2.46737,0,2.46737,20.38,88.5209,300,1,0,1873,34.2365,34.276,19.6822
15.0747,1.71949,0,1.71949,20.38,88.5209,300,2,0,1874,34.2423,34.2818,19.6799
15.0836,2.63451,0,2.63451,20.36,88.4567,310,1,0,1876,34.2425,34.282,19.6754
15.1035,2.24835,0,2.24835,20.36,88.4567,300,1,0,1877,34.2541,34.2936,19.6731
15.1114,2.35626,0,2.35626,20.34,88.3924,306,1,0,1878,34.2753,34.3147,19.6708
15.1323,1.98416,0,1.98416,20.34,88.3924,320,2,0,1879,34.2821,34.322,19.6685
15.1436,5.97705,0,5.97705,20.32,90.8525,874,19,0,1880,34.2793,34.3202,19.6663
15.1616,2.15184,0,2.15184,20.32,90.8525,292,1,0,1881,34.278,34.319,19.664
15.1708,3.04994,0,3.04994,20.3,87.2887,372,2,0,1883,34.2969,34.3378,19.6595
15.1938,5.0521,0,5.0521,20.3,87.2887,438,17,0,1885,34.3008,34.3438,19.655
15.2064,6.4073,0,6.4073,20.28,87.1406,545,29,0,1887,34.3323,34.3741,19.6504
15.2238,2.91328,0,2.91328,20.28,87.1406,345,1,0,1888,34.3443,34.3861,19.6482
15.2346,4.64258,0,4.64258,20.26,86.9925,415,8,0,1890,34.3524,34.3947,19.6437
15.2557,4.62209,0,4.62209,20.26,86.9925,375,1,0,1891,34.3797,34.422,19.6414
15.2685,5.73469,0,5.73469,20.24,86.8444,431,1,0,1893,34.4289,34.4712,19.6369
15.2935,9.58751,0,9.58751,20.24,86.8444,765,9,0,1895,34.495,34.5414,19.6324
15.3087,8.40269,0,8.40269,20.22,86.6963,648,22,0,1897,34.524,34.5778,19.6279
15.323,1.90414,0,1.90414,20.22,86.6963,392,1,0,1898,34.5248,34.5785,19.6257
15.3319,2.52015,0,2.52015,20.2,86.5482,392,1,0,1899,34.535,34.5887,19.6234
15.3535,2.49795,0,2.49795,20.2,86.5482,392,1,0,1900,34.5547,34.6084,19.6212
15.3645,3.17184,0,3.17184,20.18,86.4002,511,3,0,1901,34.5644,34.6228,19.619
15.3883,6.89952,0,6.89952,20.18,86.4002,479,8,0,1903,34.6211,34.68,19.6145
15.3984,3.59536,0,3.59536,20.16,86.2521,428,2,0,1905,34.6268,34.6856,19.61
15.4169,0.792192,0,0.792192,20.16,86.2521,418,0,0,1905,34.6268,34.6856,19.61
15.4296,5.98424,0,5.98424,20.14,82.826,801,55,0,1906,34.6312,34.6894,19.6078
15.4479,3.12697,0,3.12697,20.14,82.826,440,2,0,1908,34.6436,34.7018,19.6033
15.4592,4.39315,0,4.39315,20.12,82.7749,464,5,0,1910,34.667,34.723,19.5989
15.4795,3.68655,0,3.68655,20.12,82.7749,450,3,0,1912,34.6815,34.7374,19.5944
15.4897,2.9212,0,2.9212,20.1,82.7239,491,1,0,1913,34.7047,34.7606,19.5922
15.508,0.456475,0,0.456475,20.1,82.7239,424,0,0,1913,34.7047,34.7606,19.5922
15.5188,3.41108,0,3.41108,20.08,82.6728,451,3,0,1915,34.705,34.7608,19.5878
15.5414,6.12798,0,6.12798,20.08,82.6728,550,6,0,1916,34.7448,34.8011,19.5855
15.5501,1.01406,0,1.01406,20.06,82.6218,432,0,0,1916,34.7448,34.8011,19.5855
15.575,6.07992,0,6.07992,20.06,82.6218,571,2,0,1918,34.7909,34.8472,19.5811
15.5863,4.00515,0,4.00515,20.04,82.5707,442,2,0,1920,34.8146,34.8708,19.5767
15.6075,4.76312,0,4.76312,20.04,82.5707,544,15,0,1922,34.8345,34.8933,19.5723
15.6159,1.16186,0,1.16186,20.02,82.5197,440,1,0,1923,34.8305,34.8892,19.5701
15.6421,6.71896,0,6.71896,20.02,82.5197,597,8,0,1925,34.8634,34.9221,19.5656
15.6523,2.84207,0,2.84207,20,82.4686,430,1,0,1926,34.8738,34.9325,19.5634
15.6731,3.63539,0,3.63539,20,82.4686,454,1,0,1927,34.9045,34.9632,19.5612
15.8429,162.678,13.3818,149.296,19.98,82.4175,23042,1256,0,1928,34.64,34.7173,19.559
15.8509,0.648562,0,0.648562,19.96,82.3665,416,0,0,1928,34.64,34.7173,19.559
15.8738,3.41877,0,3.41877,19.96,82.3665,492,2,0,1930,34.6326,34.7098,19.5546
15.8865,5.59632,0,5.59632,19.94,82.3154,699,14,0,1931,34.6556,34.7328,19.5524
15.9037,2.70555,0,2.70555,19.94,82.3154,436,1,0,1932,34.6661,34.7433,19.5502
15.9135,2.82639,0,2.82639,19.92,82.2644,477,1,0,1933,34.6808,34.7579,19.548
15.933,1.84196,0,1.84196,19.92,82.2644,444,1,0,1934,34.6836,34.7606,19.5458
15.9428,2.86159,0,2.86159,19.9,82.2133,478,4,0,1935,34.6956,34.7716,19.5437
15.9611,0.815378,0,0.815378,19.9,82.2133,434,0,0,1935,34.6956,34.7716,19.5437
15.9714,3.07092,0,3.07092,19.88,82.1623,494,2,0,1937,34.7006,34.7765,19.5393
15.9967,7.76898,0,7.76898,19.88,82.1623,557,11,0,1939,34.7576,34.8324,19.5349
16.0044,0.942303,0,0.942303,19.86,82.1112,440,1,0,1940,34.7546,34.8294,19.5327
16.0275,3.62345,0,3.62345,19.86,82.1112,452,1,0,1942,34.7636,34.8383,19.5284
16.0422,8.2095,0,8.2095,19.84,82.0602,752,2,0,1944,34.7978,34.8724,19.524
16.0554,0.358975,0,0.358975,19.84,82.0602,430,0,0,1944,34.7978,34.8724,19.524
16.065,3.37095,0,3.37095,19.82,82.0091,449,1,0,1945,34.8237,34.8982,19.5218
16.088,4.86682,0,4.86682,19.82,82.0091,450,2,0,1947,34.8613,34.9358,19.5175
16.0964,2.01171,0,2.01171,19.8,81.9581,440,1,0,1948,34.8758,34.9502,19.5153
16.1175,1.81827,0,1.81827,19.8,81.9581,440,1,0,1949,34.8738,34.9482,19.5131
16.1261,2.00646,0,2.00646,19.78,81.907,440,1,0,1950,34.8831,34.9574,19.5109
16.1483,3.54952,0,3.54952,19.78,81.907,445,1,0,1951,34.9118,34.9862,19.5088
16.1626,7.62692,0,7.62692,19.76,81.856,552,6,0,1953,34.9754,35.0502,19.5044
16.1762,0.160839,0,0.160839,19.76,81.856,434,0,0,1953,34.9754,35.0502,19.5044
16.1916,8.54721,0,8.54721,19.74,81.8049,912,24,0,1955,34.9918,35.067,19.5001
16.2038,0.174806,0,0.174806,19.74,81.8049,442,0,0,1955,34.9918,35.067,19.5001
16.2116,0.91909,0,0.91909,19.72,81.7539,448,0,0,1956,34.9857,35.0608,19.4979
16.2338,2.33437,0,2.33437,19.72,81.7539,456,1,0,1957,34.9898,35.0649,19.4958
16.2418,0.70261,0,0.70261,19.7,81.7028,438,0,0,1957,34.9898,35.0649,19.4958
16.2619,0.751208,0,0.751208,19.7,81.7028,438,0,0,1957,34.9898,35.0649,19.4958
16.2715,2.31508,0,2.31508,19.68,81.6518,448,1,0,1958,35.001,35.0761,19.4936
16.2895,0.318604,0,0.318604,19.68,81.6518,442,0,0,1958,35.001,35.0761,19.4936
16.3013,5.01182,0,5.01182,19.66,81.6007,514,2,0,1960,35.0352,35.1102,19.4893
16.3244,7.22907,0,7.22907,19.66,81.6007,578,5,0,1962,35.0958,35.1672,19.485
16.3322,0.941369,0,0.941369,19.64,81.5496,440,0,0,1962,35.0958,35.1672,19.485
16.3583,6.1381,0,6.1381,19.64,81.5496,510,3,0,1964,35.1359,35.2072,19.4807
16.3687,3.47953,0,3.47953,19.62,81.4986,458,1,0,1965,35.1445,35.2158,19.4785
16.3897,3.48955,0,3.48955,19.62,81.4986,516,2,0,1967,35.1576,35.2288,19.4742
16.3979,1.27381,0,1.27381,19.6,81.4475,462,1,0,1968,35.155,35.2261,19.4721
16.4183,0.360789,0,0.360789,19.6,81.4475,452,0,0,1968,35.155,35.2261,19.4721
16.4265,1.38905,0,1.38905,19.58,81.3965,448,1,0,1969,35.1574,35.2285,19.4699
16.4485,2.31577,0,2.31577,19.58,81.3965,458,2,0,1971,35.1578,35.2288,19.4656
16.4587,3.32506,0,3.32506,19.56,81.3454,458,3,0,1973,35.1627,35.2337,19.4613
16.4787,2.45657,0,2.45657,19.56,81.3454,478,7,0,1974,35.1687,35.2391,19.4592
16.4873,2.1356,0,2.1356,19.54,81.2944,438,1,0,1975,35.1716,35.242,19.4571
16.5089,2.68862,0,2.68862,19.54,81.2944,438,1,0,1976,35.1797,35.25,19.4549
16.5188,3.53696,0,3.53696,19.52,81.2433,446,1,0,1977,35.2119,35.2822,19.4528
16.5383,1.70986,0,1.70986,19.52,81.2433,444,1,0,1979,35.1991,35.2693,19.4485
16.5487,3.9233,0,3.9233,19.5,81.1923,462,2,0,1980,35.2359,35.3061,19.4464
16.5704,4.33297,0,4.33297,19.5,81.1923,452,2,0,1982,35.2543,35.3244,19.4421
16.5817,4.47806,0,4.47806,19.48,77.2856,446,2,0,1984,35.2848,35.3548,19.4379
16.5989,0.412481,0,0.412481,19.48,77.2856,426,0,0,1984,35.2848,35.3548,19.4379
16.6093,3.96637,0,3.96637,19.46,77.185,446,2,0,1986,35.3016,35.3716,19.4336
16.6283,1.95056,0,1.95056,19.46,77.185,447,1,0,1987,35.3045,35.3744,19.4315
16.6421,6.65876,0,6.65876,19.44,77.0846,578,4,0,1989,35.3489,35.4183,19.4273
16.6578,2.37329,0,2.37329,19.44,77.0846,444,2,0,1990,35.3588,35.4281,19.4251
16.6677,2.79406,0,2.79406,19.42,76.9841,446,1,0,1991,35.3727,35.442,19.423
16.6878,3.01779,0,3.01779,19.42,76.9841,446,1,0,1992,35.3886,35.4578,19.4209
16.7031,8.55779,0,8.55779,19.4,76.884,752,21,0,1994,35.4072,35.4804,19.4167
16.716,0.349893,0,0.349893,19.4,76.884,436,0,0,1994,35.4072,35.4804,19.4167
16.7258,3.13375,0,3.13375,19.38,76.7837,495,4,0,1995,35.4251,35.4967,19.4146
16.7456,1.77384,0,1.77384,19.38,76.7837,438,1,0,1996,35.4208,35.4925,19.4124
16.7553,2.6879,0,2.6879,19.36,76.6838,468,2,0,1998,35.4349,35.5065,19.4082
16.7785,3.86297,0,3.86297,19.36,76.6838,458,2,0,2000,35.4565,35.528,19.404
16.7889,3.24159,0,3.24159,19.34,76.5838,468,3,0,2002,35.4555,35.527,19.3998
16.8097,2.84872,0,2.84872,19.34,76.5838,450,1,0,2003,35.4623,35.5337,19.3977
16.8195,2.72091,0,2.72091,19.32,77.0782,495,12,0,2004,35.4785,35.5494,19.3956
16.844,6.04634,0,6.04634,19.32,77.0782,485,4,0,2006,35.5184,35.5892,19.3914
16.853,2.17512,0,2.17512,19.3,77.0176,462,1,0,2007,35.5272,35.5979,19.3893
16.8757,3.43593,0,3.43593,19.3,77.0176,471,1,0,2008,35.5478,35.6185,19.3872
16.8845,1.78969,0,1.78969,19.28,76.9571,466,1,0,2009,35.5495,35.6202,19.3851
16.9092,5.01488,0,5.01488,19.28,76.9571,510,7,0,2011,35.5659,35.6365,19.3809
16.9212,4.86317,0,4.86317,19.26,76.8965,585,6,0,2012,35.5994,35.6665,19.3788
16.9423,4.4811,0,4.4811,19.26,76.8965,519,5,0,2013,35.6264,35.693,19.3767
16.9519,2.47647,0,2.47647,19.24,76.8361,478,1,0,2015,35.6273,35.6938,19.3726
16.9774,6.51407,0,6.51407,19.24,76.8361,553,2,0,2016,35.6622,35.7277,19.3705
16.9868,2.43005,0,2.43005,19.22,76.7757,456,1,0,2017,35.6713,35.7367,19.3684
17.0082,3.1479,0,3.1479,19.22,76.7757,456,2,0,2019,35.6771,35.7424,19.3642
17.0209,5.74583,0,5.74583,19.2,76.7153,572,2,0,2020,35.7134,35.7797,19.3621
17.0368,0.878302,0,0.878302,19.2,76.7153,442,0,0,2020,35.7134,35.7797,19.3621
17.0455,1.72675,0,1.72675,19.18,76.655,454,1,0,2021,35.718,35.7843,19.3601
17.07,3.80348,0,3.80348,19.18,76.655,452,1,0,2022,35.729,35.7953,19.358
17.08,2.45464,0,2.45464,19.16,76.5947,452,1,0,2023,35.7336,35.7998,19.3559
17.1027,4.34434,0,4.34434,19.16,76.5947,462,2,0,2025,35.7496,35.8158,19.3517
17.1107,1.06755,0,1.06755,19.14,76.5344,438,0,0,2025,35.7496,35.8158,19.3517
17.1328,1.9836,0,1.9836,19.14,76.5344,463,1,0,2026,35.7517,35.8179,19.3497
17.1448,5.04306,0,5.04306,19.12,76.4742,464,4,0,2028,35.7756,35.8447,19.3455
17.1655,4.42298,0,4.42298,19.12,76.4742,444,2,0,2029,35.8048,35.8738,19.3435
17.1763,3.70602,0,3.70602,19.1,76.4139,458,1,0,2031,35.8257,35.8946,19.3393
17.1984,4.45192,0,4.45192,19.1,76.4139,511,2,0,2033,35.846,35.9149,19.3352
17.2079,2.50409,0,2.50409,19.08,76.3537,438,1,0,2034,35.8614,35.9302,19.3331
17.2302,3.5789,0,3.5789,19.08,76.3537,448,2,0,2036,35.8615,35.9303,19.329
17.2388,1.53662,0,1.53662,19.06,76.2934,438,1,0,2037,35.8606,35.9293,19.3269
17.2619,3.39659,0,3.39659,19.06,76.2934,448,2,0,2039,35.8637,35.9323,19.3228
17.2701,0.709105,0,0.709105,19.04,76.2332,452,0,0,2039,35.8637,35.9323,19.3228
17.2948,4.6404,0,4.6404,19.04,76.2332,514,3,0,2041,35.8868,35.9554,19.3187
17.3076,5.06609,0,5.06609,19.02,76.1729,474,2,0,2043,35.928,35.9966,19.3146
17.326,3.40212,0,3.40212,19.02,76.1729,462,2,0,2044,35.9393,36.0078,19.3125
17.3349,0.907216,0,0.907216,19,76.1126,456,0,0,2044,35.9393,36.0078,19.3125
17.3583,3.71592,0,3.71592,19,76.1126,466,1,0,2045,35.9545,36.023,19.3105
17.5356,169.155,28.8467,140.309,18.98,76.0524,24234,1332,0,2047,35.5931,35.6917,19.3064
17.5447,1.35652,0,1.35652,18.96,75.9921,462,0,0,2047,35.5931,35.6917,19.3064
17.5684,4.4682,0,4.4682,18.96,75.9921,482,3,0,2049,35.6071,35.7057,19.3023
17.59,14.9619,0,14.9619,18.94,75.9319,1630,83,0,2051,35.6402,35.7353,19.2982
17.6006,2.84339,0,2.84339,18.92,75.8716,510,1,0,2052,35.6667,35.7617,19.2962
17.6223,4.47592,0,4.47592,18.92,75.8716,577,2,0,2054,35.6928,35.7877,19.2921
17.6351,5.36437,0,5.36437,18.9,75.8113,605,2,0,2055,35.7294,35.8238,19.29
17.6536,3.61656,0,3.61656,18.9,75.8113,508,1,0,2056,35.7573,35.8517,19.288
17.6656,4.81262,0,4.81262,18.88,75.7511,522,2,0,2058,35.7862,35.8805,19.2839
17.6854,4.45779,0,4.45779,18.88,75.7511,522,2,0,2060,35.8087,35.9029,19.2799
17.6997,6.87478,0,6.87478,18.86,75.6908,700,14,0,2062,35.8443,35.9379,19.2758
17.7164,3.29311,0,3.29311,18.86,75.6908,512,1,0,2064,35.8522,35.9457,19.2717
17.724,0.017592,0,0.017592,18.84,75.6306,527,0,0,2064,35.8522,35.9457,19.2717
17.7553,11.3494,0,11.3494,18.84,75.6306,1244,63,0,2066,35.9013,35.999,19.2677
17.7674,4.25001,0,4.25001,18.82,75.5703,537,2,0,2068,35.926,36.0237,19.2636
17.7928,8.27642,0,8.27642,18.82,75.5703,879,13,0,2070,35.9604,36.0599,19.2596
17.804,2.90263,0,2.90263,18.8,75.5101,533,1,0,2071,35.9783,36.0777,19.2576
17.8239,2.74065,0,2.74065,18.8,75.5101,537,1,0,2072,36.0039,36.1033,19.2555
17.8374,5.88258,0,5.88258,18.78,75.4498,638,3,0,2074,36.0366,36.135,19.2515
17.8552,3.34688,0,3.34688,18.78,75.4498,565,2,0,2076,36.0482,36.1464,19.2475
17.8684,5.10575,0,5.10575,18.76,75.3895,569,2,0,2078,36.0828,36.1809,19.2434
17.8875,4.18701,0,4.18701,18.76,75.3895,569,2,0,2080,36.1043,36.2024,19.2394
17.9037,8.13118,0,8.13118,18.74,75.3293,899,2,0,2082,36.1402,36.2382,19.2354
17.9169,1.1594,0,1.1594,18.74,75.3293,569,1,0,2083,36.1349,36.2328,19.2334
17.9295,4.59302,0,4.59302,18.72,75.269,588,2,0,2084,36.1617,36.2606,19.2314
17.9454,0.318677,0,0.318677,18.72,75.269,563,0,0,2084,36.1617,36.2606,19.2314
17.9582,4.57639,0,4.57639,18.7,75.2088,607,6,0,2086,36.1745,36.2733,19.2274
17.9759,2.11466,0,2.11466,18.7,75.2088,587,2,0,2088,36.1681,36.2668,19.2234
17.9889,4.48881,0,4.48881,18.68,75.1485,597,2,0,2090,36.1766,36.2751,19.2194
18.0073,2.31906,0,2.31906,18.68,75.1485,587,1,0,2091,36.1903,36.2889,19.2174
18.0196,4.80602,0,4.80602,18.66,75.0882,788,17,0,2092,36.2051,36.3054,19.2154
18.0363,0.211489,0,0.211489,18.66,74.7552,577,0,0,2092,36.2051,36.3054,19.2154
18.0443,0.592191,0,0.592191,18.64,74.695,577,0,0,2092,36.2051,36.3054,19.2154
18.0691,4.197,0,4.197,18.64,74.695,675,7,0,2093,36.216,36.3158,19.2134
18.0796,2.68071,0,2.68071,18.62,74.6347,611,0,0,2094,36.2335,36.3333,19.2114
18.1024,4.38807,0,4.38807,18.62,74.6347,629,6,0,2096,36.2438,36.344,19.2074
18.1143,4.16223,0,4.16223,18.6,74.5744,655,3,0,2098,36.2483,36.3484,19.2034
18.1349,3.42859,0,3.42859,18.6,74.5744,635,1,0,2099,36.2682,36.3683,19.2014
18.1451,2.27507,0,2.27507,18.58,74.5142,607,1,0,2100,36.2771,36.3771,19.1995
18.1718,7.54369,0,7.54369,18.58,74.5142,830,2,0,2102,36.3292,36.4291,19.1955
18.1827,2.99642,0,2.99642,18.56,74.4539,613,1,0,2103,36.3538,36.4536,19.1935
18.2024,1.70044,0,1.70044,18.56,74.4539,611,1,0,2104,36.3655,36.4653,19.1915
18.2163,6.02451,0,6.02451,18.54,74.3937,632,2,0,2106,36.415,36.5147,19.1876
18.2378,6.0932,0,6.0932,18.54,74.3937,719,9,0,2108,36.4454,36.5451,19.1836
18.2488,2.82145,0,2.82145,18.52,74.3334,692,1,0,2109,36.4585,36.5581,19.1816
18.2728,5.67412,0,5.67412,18.52,74.3334,653,2,0,2111,36.5017,36.6011,19.1777
18.2833,1.94096,0,1.94096,18.5,74.2732,623,1,0,2112,36.5057,36.6051,19.1757
18.3052,3.15111,0,3.15111,18.5,74.2732,638,1,0,2113,36.5334,36.6327,19.1737
18.3222,8.51817,0,8.51817,18.48,74.2129,922,21,0,2115,36.5655,36.6638,19.1698
18.3372,2.55436,0,2.55436,18.48,74.2129,623,1,0,2116,36.5662,36.6645,19.1678
18.3489,3.17257,0,3.17257,18.46,74.1526,638,5,0,2118,36.5585,36.6568,19.1639
18.3708,4.23234,0,4.23234,18.46,74.1526,682,3,0,2120,36.5693,36.6675,19.1599
18.3848,5.2955,0,5.2955,18.44,74.0924,758,2,0,2121,36.6016,36.703,19.158
18.4027,2.30923,0,2.30923,18.44,74.0924,640,2,0,2123,36.5996,36.7009,19.1541
18.4231,11.6093,0,11.6093,18.42,74.0321,1176,13,0,2125,36.6499,36.7492,19.1501
18.4362,4.0412,0,4.0412,18.4,73.9719,654,2,0,2127,36.6662,36.7654,19.1462
18.4572,4.15811,0,4.15811,18.4,73.9719,673,2,0,2129,36.697,36.7961,19.1423
18.4685,2.57595,0,2.57595,18.38,73.9116,646,2,0,2130,36.7056,36.8047,19.1404
18.4941,6.9523,0,6.9523,18.38,73.9116,745,2,0,2132,36.7641,36.863,19.1365
18.5064,3.7296,0,3.7296,18.36,73.8513,650,2,0,2134,36.7784,36.8772,19.1326
18.5285,4.87584,0,4.87584,18.36,73.8513,650,2,0,2136,36.8001,36.8989,19.1287
18.5399,2.48308,0,2.48308,18.34,73.7911,650,4,0,2137,36.7983,36.8971,19.1267
18.5625,4.24285,0,4.24285,18.34,73.7911,724,1,0,2138,36.8255,36.9242,19.1248
18.5749,3.60963,0,3.60963,18.32,73.7308,639,2,0,2140,36.836,36.9346,19.1209
18.5977,5.10579,0,5.10579,18.32,73.7308,898,0,0,2141,36.8543,36.9528,19.1189
18.6163,9.5049,0,9.5049,18.3,73.6706,1000,15,0,2143,36.9043,36.9995,19.1151
18.6297,1.61715,0,1.61715,18.3,73.6706,620,1,0,2144,36.9086,37.0037,19.1131
18.6409,2.25129,0,2.25129,18.28,73.6103,612,0,0,2145,36.9077,37.0028,19.1112
18.6627,2.45895,0,2.45895,18.28,73.6103,620,1,0,2146,36.925,37.02,19.1092
18.6744,2.60863,0,2.60863,18.26,73.5501,625,1,0,2147,36.9488,37.0438,19.1073
18.6971,4.44601,0,4.44601,18.26,73.5501,635,2,0,2149,36.9749,37.0698,19.1034
18.7085,2.21786,0,2.21786,18.24,73.4898,620,1,0,2150,36.9735,37.0684,19.1015
18.734,6.79259,0,6.79259,18.24,73.4898,658,4,0,2152,37.0153,37.1125,19.0976
18.7453,2.2598,0,2.2598,18.22,73.4295,630,1,0,2153,37.0209,37.118,19.0957
18.7675,3.19123,0,3.19123,18.22,73.4295,630,1,0,2154,37.0204,37.1175,19.0938
18.9214,145.054,21.7087,123.345,18.2,73.3693,22205,1437,0,2156,36.6943,36.8363,19.0899
18.9386,9.67393,0,9.67393,18.18,73.309,772,7,0,2158,36.7456,36.8883,19.0861
18.9531,4.03474,0,4.03474,18.18,73.309,514,1,0,2159,36.7763,36.9189,19.0842
18.9638,2.43952,0,2.43952,18.16,73.2488,486,1,0,2160,36.788,36.9306,19.0822
18.9846,3.32876,0,3.32876,18.16,73.2488,486,1,0,2161,36.8089,36.9514,19.0803
18.9993,7.60935,0,7.60935,18.14,73.1885,594,3,0,2163,36.859,37.0009,19.0765
19.0144,1.84847,0,1.84847,18.14,73.1885,486,1,0,2164,36.8526,36.9945,19.0746
19.031,9.65813,0,9.65813,18.12,73.1282,632,4,0,2166,36.9123,37.0536,19.0707
19.0463,3.75013,0,3.75013,18.12,73.1282,526,2,0,2168,36.9216,37.0627,19.0669
19.0577,4.46119,0,4.46119,18.1,73.068,487,2,0,2169,36.9451,37.0862,19.065
19.0788,4.44305,0,4.44305,18.1,73.068,494,1,0,2170,36.9654,37.1065,19.0631
19.0923,6.27299,0,6.27299,18.08,73.0077,568,2,0,2171,37.006,37.1465,19.0612
19.1111,3.68792,0,3.68792,18.08,73.0077,501,4,0,2172,37.023,37.1639,19.0593
19.1181,0.007975,0,0.007975,18.06,72.9475,471,0,0,2172,37.023,37.1639,19.0593
19.1422,3.56788,0,3.56788,18.06,72.9475,500,2,0,2174,37.0327,37.1734,19.0555
19.1511,1.34141,0,1.34141,18.04,72.8872,481,1,0,2175,37.028,37.1687,19.0535
19.1742,4.57571,0,4.57571,18.04,72.8872,494,2,0,2176,37.0588,37.199,19.0516
19.1872,5.4156,0,5.4156,18.02,72.827,535,4,0,2178,37.0794,37.2195,19.0478
19.2095,4.29946,0,4.29946,18.02,72.827,482,1,0,2179,37.0872,37.2272,19.0459
19.2289,7.1665,0,7.1665,18,72.7667,527,1,0,2180,37.1183,37.2583,19.044
19.2501,3.16316,0,3.16316,17.98,72.7064,492,1,0,2181,37.1096,37.2494,19.0421
19.2666,5.03169,0,5.03169,17.96,72.6462,512,6,0,2183,37.137,37.2762,19.0383
19.2902,4.73382,0,4.73382,17.96,72.6462,624,1,0,2184,37.1717,37.3109,19.0364
19.3027,4.28896,0,4.28896,17.94,72.5859,492,1,0,2185,37.2,37.3391,19.0345
19.3222,2.63653,0,2.63653,17.94,72.5859,492,1,0,2186,37.2049,37.344,19.0327
19.3338,4.31902,0,4.31902,17.92,72.5257,507,2,0,2188,37.2322,37.3711,19.0289
19.3545,3.79716,0,3.79716,17.92,72.5257,507,3,0,2190,37.2384,37.3772,19.0251
19.369,7.2152,0,7.2152,17.9,72.4654,713,1,0,2192,37.2755,37.4142,19.0213
19.3832,0.303443,0,0.303443,17.9,72.4654,488,0,0,2192,37.2755,37.4142,19.0213
19.3921,1.60998,0,1.60998,17.88,72.4051,513,1,0,2193,37.2754,37.414,19.0194
19.4197,7.38052,0,7.38052,17.88,72.4051,690,4,0,2195,37.3171,37.4556,19.0157
19.4278,0.574983,0,0.574983,17.86,72.3449,508,0,0,2195,37.3171,37.4556,19.0157
19.4497,1.43299,0,1.43299,17.86,72.3449,508,0,0,2196,37.3233,37.4617,19.0138
19.4819,24.6457,0,24.6457,17.84,72.2846,3494,343,0,2198,37.2821,37.429,19.01
19.493,2.93988,0,2.93988,17.82,72.2244,518,1,0,2199,37.302,37.4488,19.0081
19.5164,5.53239,0,5.53239,17.82,72.2244,665,1,0,2201,37.3239,37.4707,19.0044
19.5256,1.63184,0,1.63184,17.8,72.1641,528,1,0,2202,37.3111,37.4578,19.0025
19.5455,0.288438,0,0.288438,17.8,72.1641,518,0,0,2202,37.3111,37.4578,19.0025
19.5562,3.159,0,3.159,17.78,72.1039,535,1,0,2203,37.3409,37.4875,19.0006
19.5834,4.4386,0,4.4386,17.78,72.1039,528,1,0,2204,37.3503,37.4968,18.9987
19.7654,170.179,15.4765,154.703,17.76,72.0436,24768,1661,0,2205,37.1642,37.3483,18.9969
19.777,3.49167,0,3.49167,17.74,71.9833,570,6,0,2206,37.1836,37.3676,18.995
19.7988,5.29971,0,5.29971,17.74,71.9833,549,2,0,2208,37.2124,37.3963,18.9912
19.8089,1.15703,0,1.15703,17.72,71.9231,517,0,0,2208,37.2124,37.3963,18.9912
19.8306,3.14933,0,3.14933,17.72,71.9231,527,1,0,2210,37.2131,37.3968,18.9875
19.8413,2.53621,0,2.53621,17.7,71.8628,527,1,0,2211,37.2266,37.4102,18.9856
19.8641,4.6105,0,4.6105,17.7,71.8628,543,4,0,2213,37.2372,37.4207,18.9819
19.8809,8.78089,0,8.78089,17.68,71.8026,1236,13,0,2214,37.2633,37.4467,18.98
19.8957,3.09701,0,3.09701,17.68,71.8026,527,1,0,2215,37.2745,37.4578,18.9782
19.9055,1.92308,0,1.92308,17.66,71.7423,537,1,0,2216,37.2699,37.4531,18.9763
19.9311,7.17719,0,7.17719,17.66,71.7423,666,4,0,2218,37.3093,37.4932,18.9726
19.9447,5.32749,0,5.32749,17.64,71.682,564,2,0,2220,37.336,37.5198,18.9689
19.9637,4.23958,0,4.23958,17.64,71.682,546,2,0,2222,37.3537,37.5374,18.9652
19.9726,0.80167,0,0.80167,17.62,71.6218,527,0,0,2222,37.3537,37.5374,18.9652
19.9926,0.646219,0,0.646219,17.62,71.6218,527,0,0,2222,37.3537,37.5374,18.9652
20.0056,4.50406,0,4.50406,17.6,71.5615,613,2,0,2223,37.3819,37.5664,18.9633
20.0213,0.261715,0,0.261715,17.6,71.5615,527,0,0,2223,37.3819,37.5664,18.9633
20.0322,2.89708,0,2.89708,17.58,71.5013,537,1,0,2224,37.4047,37.589,18.9614
20.0546,3.75312,0,3.75312,17.58,71.5013,606,5,0,2225,37.4297,37.6135,18.9596
20.0644,2.03287,0,2.03287,17.56,71.441,547,1,0,2226,37.438,37.6217,18.9577
20.0849,1.03161,0,1.03161,17.56,71.441,528,0,0,2226,37.438,37.6217,18.9577
20.093,0.230921,0,0.230921,17.54,71.3808,528,0,0,2226,37.438,37.6217,18.9577
20.117,3.36726,0,3.36726,17.54,71.3808,569,3,0,2227,37.4513,37.6336,18.9559
20.1256,0.64668,0,0.64668,17.52,71.3205,538,0,0,2227,37.4513,37.6336,18.9559
20.1516,5.43318,0,5.43318,17.52,71.3205,602,2,0,2229,37.4814,37.6635,18.9522
20.1596,0.100143,0,0.100143,17.5,71.2602,538,0,0,2229,37.4814,37.6635,18.9522
20.1851,4.12656,0,4.12656,17.5,71.2602,614,3,0,2231,37.4908,37.6732,18.9485
20.1936,0.562762,0,0.562762,17.48,71.2,538,0,0,2232,37.483,37.6653,18.9466
20.2168,2.39938,0,2.39938,17.48,71.2,548,2,0,2233,37.4859,37.6682,18.9448
20.2261,1.18378,0,1.18378,17.46,71.1397,553,1,0,2234,37.4852,37.6674,18.9429
20.2463,0.296792,0,0.296792,17.46,71.1397,543,0,0,2234,37.4852,37.6674,18.9429
20.2594,5.35253,0,5.35253,17.44,71.0795,836,0,0,2235,37.5065,37.6886,18.9411
20.2784,2.659,0,2.659,17.44,71.0795,534,1,0,2236,37.5197,37.7017,18.9393
20.2874,1.39499,0,1.39499,17.42,71.0192,542,1,0,2237,37.5311,37.713,18.9374
20.309,1.15739,0,1.15739,17.42,71.0192,528,0,0,2237,37.5311,37.713,18.9374
20.3177,0.692583,0,0.692583,17.4,70.9589,528,0,0,2237,37.5311,37.713,18.9374
20.3429,5.00276,0,5.00276,17.4,70.9589,591,6,0,2239,37.552,37.7343,18.9337
20.351,0.211707,0,0.211707,17.38,70.8987,528,0,0,2239,37.552,37.7343,18.9337
20.3748,2.47056,0,2.47056,17.38,70.8987,556,2,0,2241,37.5569,37.739,18.93
20.387,4.6595,0,4.6595,17.36,70.8384,541,3,0,2243,37.5787,37.7606,18.9264
20.4073,2.82912,0,2.82912,17.36,70.8384,556,2,0,2245,37.5884,37.7702,18.9227
20.4166,1.48586,0,1.48586,17.34,70.7782,528,1,0,2246,37.5944,37.776,18.9209
20.441,4.42018,0,4.42018,17.34,70.7782,538,2,0,2248,37.629,37.8105,18.9172
20.4542,5.1832,0,5.1832,17.32,70.7179,620,3,0,2249,37.6567,37.8399,18.9154
20.4743,4.10424,0,4.10424,17.32,70.7179,538,1,0,2250,37.6769,37.86,18.9135
20.4849,2.95531,0,2.95531,17.3,70.6577,538,2,0,2251,37.6864,37.8694,18.9117
20.5069,3.85618,0,3.85618,17.3,70.6577,538,2,0,2252,37.7145,37.8974,18.9099
20.518,3.48522,0,3.48522,17.28,70.5974,584,1,0,2253,37.7359,37.9188,18.9081
20.5362,0.444435,0,0.444435,17.28,70.5974,528,0,0,2253,37.7359,37.9188,18.9081
20.5465,2.27578,0,2.27578,17.26,70.5371,538,1,0,2254,37.7409,37.9237,18.9062
20.5675,1.90316,0,1.90316,17.26,70.5371,538,1,0,2255,37.7428,37.9255,18.9044
20.5799,4.28837,0,4.28837,17.24,70.4769,606,4,0,2256,37.7664,37.9486,18.9026
20.5999,2.80321,0,2.80321,17.24,70.4769,547,1,0,2257,37.7869,37.969,18.9008
20.6111,2.55073,0,2.55073,17.22,70.4166,598,1,0,2258,37.8047,37.9867,18.8989
20.6354,5.96065,0,5.96065,17.22,70.4166,579,4,0,2260,37.842,38.0239,18.8953
20.6438,0.342408,0,0.342408,17.2,70.3564,545,0,0,2260,37.842,38.0239,18.8953
20.6675,2.94258,0,2.94258,17.2,70.3564,555,1,0,2261,37.8563,38.038,18.8935
20.6796,4.02074,0,4.02074,17.18,70.2961,667,1,0,2262,37.87,38.0517,18.8917
20.6999,3.17241,0,3.17241,17.18,70.2961,565,2,0,2264,37.8737,38.0552,18.888
20.7093,1.08206,0,1.08206,17.16,70.2358,545,0,0,2265,37.8675,38.049,18.8862
20.7346,5.18566,0,5.18566,17.16,70.2358,605,7,0,2267,37.8933,38.075,18.8826
20.7479,5.03104,0,5.03104,17.14,70.1756,575,2,0,2269,37.9141,38.0956,18.879
20.7694,5.42453,0,5.42453,17.14,70.1756,565,2,0,2271,37.941,38.1224,18.8753
20.7812,3.41628,0,3.41628,17.12,70.1153,607,1,0,2273,37.9503,38.1315,18.8717
20.799,0.410067,0,0.410067,17.12,70.1153,563,0,0,2273,37.9503,38.1315,18.8717
20.8082,0.397277,0,0.397277,17.1,70.0551,563,0,0,2273,37.9503,38.1315,18.8717
20.833,4.5941,0,4.5941,17.1,70.0551,583,2,0,2275,37.9684,38.1495,18.8681
20.8453,3.76052,0,3.76052,17.08,69.9948,704,20,0,2276,37.9807,38.1577,18.8663
20.8655,3.10762,0,3.10762,17.08,69.9948,593,2,0,2278,37.989,38.1659,18.8627
20.8797,5.72287,0,5.72287,17.06,69.9346,668,1,0,2280,38.0167,38.1934,18.8591
20.8958,0.732145,0,0.732145,17.06,69.9346,583,0,0,2280,38.0167,38.1934,18.8591
20.9046,0.285291,0,0.285291,17.04,69.8743,587,0,0,2280,38.0167,38.1934,18.8591
20.9292,3.83192,0,3.83192,17.04,69.8743,607,2,0,2282,38.0232,38.1998,18.8555
20.9485,10.5341,0,10.5341,17.02,69.814,977,23,0,2284,38.0766,38.2513,18.8519
20.9605,1.85537,0,1.85537,17.02,69.814,598,1,0,2285,38.0875,38.2621,18.8501
20.9739,4.92567,0,4.92567,17,69.7538,819,8,0,2286,38.101,38.2782,18.8483
20.9946,4.55849,0,4.55849,17,69.7538,636,7,0,2288,38.1106,38.2872,18.8447
21.0186,15.4752,0,15.4752,16.98,69.6935,1844,70,0,2290,38.1271,38.3083,18.8411
21.0335,5.92964,0,5.92964,16.96,69.6333,621,2,0,2292,38.1584,38.3394,18.8376
21.0477,0.063026,0,0.063026,16.96,69.6333,597,0,0,2292,38.1584,38.3394,18.8376
21.063,5.98108,0,5.98108,16.94,69.573,657,3,0,2294,38.1979,38.3801,18.834
21.0787,1.1109,0,1.1109,16.94,69.573,608,1,0,2295,38.1891,38.3712,18.8322
21.0922,4.53585,0,4.53585,16.92,69.5127,618,2,0,2297,38.202,38.384,18.8286
21.11,2.3424,0,2.3424,16.92,69.5127,608,2,0,2298,38.2028,38.3847,18.8268
21.1217,2.70679,0,2.70679,16.9,69.4525,640,1,0,2299,38.224,38.4058,18.8251
21.1415,1.50148,0,1.50148,16.9,69.4525,608,1,0,2300,38.2204,38.4022,18.8233
21.1526,2.28769,0,2.28769,16.88,69.3922,610,1,0,2301,38.2282,38.4098,18.8215
21.1735,2.10661,0,2.10661,16.88,69.3922,620,2,0,2303,38.2154,38.3969,18.8179
21.1859,3.89811,0,3.89811,16.86,69.332,620,1,0,2304,38.2439,38.4253,18.8162
21.2067,3.4355,0,3.4355,16.86,69.332,658,3,0,2305,38.2555,38.4373,18.8144
21.2205,4.94613,0,4.94613,16.84,69.2717,618,3,0,2307,38.2774,38.459,18.8108
21.2379,0.830663,0,0.830663,16.84,69.2717,589,0,0,2307,38.2774,38.459,18.8108
21.2522,5.71308,0,5.71308,16.82,69.2115,664,1,0,2309,38.3127,38.4942,18.8073
21.2723,4.33761,0,4.33761,16.82,69.2115,602,2,0,2311,38.325,38.5063,18.8037
21.287,5.93015,0,5.93015,16.8,69.1512,645,2,0,2313,38.3433,38.5244,18.8002
21.3047,2.88708,0,2.88708,16.8,69.1512,593,1,0,2314,38.3509,38.532,18.7984
21.3148,1.65829,0,1.65829,16.78,69.0909,594,1,0,2315,38.3568,38.5378,18.7967
21.3376,3.32876,0,3.32876,16.78,69.0909,594,2,0,2316,38.3761,38.557,18.7949
21.3569,10.9408,0,10.9408,16.76,69.0307,1135,8,0,2318,38.3965,38.5837,18.7914
21.3681,0.812369,0,0.812369,16.76,69.0307,584,0,0,2318,38.3965,38.5837,18.7914
21.3785,2.17276,0,2.17276,16.74,68.9704,594,2,0,2320,38.3862,38.5733,18.7878
21.4017,4.09716,0,4.09716,16.74,68.9704,604,2,0,2322,38.3975,38.5844,18.7843
21.4163,5.90005,0,5.90005,16.72,68.9102,607,2,0,2324,38.4238,38.6106,18.7808
21.4344,2.8451,0,2.8451,16.72,68.9102,594,1,0,2325,38.4387,38.6254,18.779
21.4465,3.59024,0,3.59024,16.7,68.8499,585,2,0,2326,38.4587,38.6453,18.7773
21.4668,2.62439,0,2.62439,16.7,68.8499,585,2,0,2327,38.474,38.6605,18.7755
21.4756,0.175649,0,0.175649,16.68,68.7896,575,0,0,2327,38.474,38.6605,18.7755
21.5025,6.28061,0,6.28061,16.68,68.7896,656,4,0,2329,38.4989,38.6866,18.772
21.5155,4.35256,0,4.35256,16.66,68.7294,595,2,0,2330,38.5223,38.7099,18.7702
21.5358,3.77671,0,3.77671,16.66,68.7294,661,11,0,2332,38.5262,38.7144,18.7667
21.5487,4.04357,0,4.04357,16.64,68.6691,645,1,0,2333,38.5525,38.7407,18.765
21.5687,3.16595,0,3.16595,16.64,68.6691,595,1,0,2334,38.5664,38.7545,18.7632
21.5827,4.96675,0,4.96675,16.62,68.6089,659,2,0,2335,38.5906,38.7709,18.7615
21.6022,3.49809,0,3.49809,16.62,68.6089,605,2,0,2337,38.5995,38.7796,18.758
21.6168,5.57303,0,5.57303,16.6,68.5486,636,2,0,2339,38.6259,38.8059,18.7545
21.6379,5.60705,0,5.60705,16.6,68.5486,770,1,0,2341,38.651,38.8308,18.751
21.6509,4.19887,0,4.19887,16.58,68.4884,676,2,0,2342,38.6687,38.848,18.7493
21.6729,5.05186,0,5.05186,16.58,68.4884,638,4,0,2343,38.6991,38.8792,18.7475
21.6848,2.28401,0,2.28401,16.56,68.4281,650,4,0,2344,38.7022,38.884,18.7458
21.7034,1.03451,0,1.03451,16.56,68.4281,605,0,0,2344,38.7022,38.884,18.7458
21.717,4.54604,0,4.54604,16.54,68.3678,608,2,0,2346,38.7131,38.8947,18.7423
21.739,5.53101,0,5.53101,16.54,68.3678,618,2,0,2348,38.7479,38.9293,18.7388
21.7529,4.13593,0,4.13593,16.52,68.3076,647,4,0,2350,38.7647,38.9447,18.7353
21.7752,6.34698,0,6.34698,16.52,68.3076,618,3,0,2352,38.798,38.9779,18.7319
21.7856,1.07778,0,1.07778,16.5,68.2473,588,0,0,2352,38.798,38.9779,18.7319
21.8053,1.02385,0,1.02385,16.5,68.2473,588,0,0,2352,38.798,38.9779,18.7319
21.8179,2.86497,0,2.86497,16.48,68.1871,598,1,0,2353,38.8253,39.0051,18.7301
21.8396,4.64192,0,4.64192,16.48,68.1871,608,2,0,2355,38.834,39.0136,18.7267
21.852,2.84896,0,2.84896,16.46,68.1268,618,2,0,2357,38.8401,39.0195,18.7232
21.8725,3.54715,0,3.54715,16.46,68.1268,650,0,0,2358,38.8494,39.0288,18.7215
21.8866,4.60812,0,4.60812,16.44,68.0665,661,3,0,2360,38.8576,39.0377,18.718
21.9071,5.06674,0,5.06674,16.44,68.0665,659,6,0,2361,38.8873,39.0682,18.7163
21.9183,1.64304,0,1.64304,16.42,68.0063,609,1,0,2362,38.8768,39.0576,18.7146
21.9428,6.42915,0,6.42915,16.42,68.0063,650,10,0,2364,38.904,39.0842,18.7111
21.9532,0.809592,0,0.809592,16.4,67.946,609,0,0,2364,38.904,39.0842,18.7111
22.0229,49.9109,0,49.9109,16.4,67.946,7070,303,0,2366,38.8411,39.0139,18.7077
22.0349,1.77953,0,1.77953,16.38,67.8858,599,0,0,2367,38.8331,39.0059,18.706
22.0592,5.94678,0,5.94678,16.38,67.8858,644,2,0,2369,38.8658,39.0384,18.7025
22.0736,5.01633,0,5.01633,16.36,67.8255,654,6,0,2371,38.884,39.0574,18.6991
22.095,5.23806,0,5.23806,16.36,67.8255,670,2,0,2373,38.8909,39.0641,18.6956
22.1064,2.21218,0,2.21218,16.34,67.7653,610,1,0,2374,38.9103,39.0834,18.6939
22.1281,2.81541,0,2.81541,16.34,67.7653,620,2,0,2376,38.9184,39.0913,18.6905
22.1428,5.55391,0,5.55391,16.32,67.705,645,3,0,2378,38.9453,39.1177,18.6871
22.1609,2.55005,0,2.55005,16.32,67.705,634,1,0,2379,38.9466,39.119,18.6854
22.1732,3.05046,0,3.05046,16.3,67.6447,600,2,0,2380,38.9571,39.1294,18.6836
22.1993,8.48606,0,8.48606,16.3,67.6447,723,9,0,2382,39.0021,39.1759,18.6802
22.2123,4.24644,0,4.24644,16.28,67.5845,669,5,0,2384,39.0076,39.1795,18.6768
22.2325,3.07667,0,3.07667,16.28,67.5845,600,1,0,2385,39.0193,39.1912,18.6751
22.2486,7.06206,0,7.06206,16.26,67.5242,643,4,0,2387,39.0557,39.2275,18.6717
22.269,6.31616,0,6.31616,16.26,67.5242,644,3,0,2389,39.0812,39.2528,18.6683
22.4582,179.534,22.9683,156.566,16.24,67.464,26792,1768,0,2391,38.3292,38.6407,18.6649
22.4705,4.44374,0,4.44374,16.22,68.3145,348,1,0,2393,38.3418,38.6532,18.6615
22.4902,3.05321,0,3.05321,16.22,68.3145,348,1,0,2395,38.3386,38.6497,18.6581
22.5004,3.21753,0,3.21753,16.2,68.1421,338,1,0,2396,38.3614,38.6724,18.6564
22.5236,5.18943,0,5.18943,16.2,68.1421,378,5,0,2398,38.3736,38.6843,18.653
22.5349,4.55356,0,4.55356,16.18,67.9697,360,2,0,2400,38.3925,38.7029,18.6496
22.557,5.18734,0,5.18734,16.18,67.9697,394,2,0,2402,38.4213,38.7315,18.6462
22.5672,3.47769,0,3.47769,16.16,67.7973,342,1,0,2404,38.433,38.7429,18.6428
22.5894,4.37452,0,4.37452,16.16,67.7973,352,2,0,2406,38.4443,38.7539,18.6395
22.6008,4.60651,0,4.60651,16.14,67.6249,344,2,0,2408,38.4589,38.7683,18.6361
22.6205,3.09999,0,3.09999,16.14,67.6249,334,1,0,2409,38.4741,38.7833,18.6344
22.6315,3.69993,0,3.69993,16.12,67.4525,364,5,0,2410,38.4888,38.7975,18.6327
22.655,6.00325,0,6.00325,16.12,67.4525,385,2,0,2412,38.5199,38.8284,18.6294
22.6671,5.07683,0,5.07683,16.1,70.361,420,6,0,2413,38.5541,38.8637,18.6277
22.6895,6.41555,0,6.41555,16.1,70.361,377,4,0,2415,38.5892,38.8986,18.6243
22.6988,1.80938,0,1.80938,16.08,67.1198,346,1,0,2416,38.5931,38.9023,18.6226
22.7194,1.61604,0,1.61604,16.08,67.1198,346,1,0,2417,38.5904,38.8995,18.621
22.7311,4.80165,0,4.80165,16.06,66.9473,355,1,0,2418,38.6158,38.9247,18.6193
22.7525,4.6806,0,4.6806,16.06,66.9473,362,2,0,2420,38.65,38.9587,18.6159
22.7606,1.19419,0,1.19419,16.04,66.7748,350,0,0,2420,38.65,38.9587,18.6159
22.7877,6.96343,0,6.96343,16.04,66.7748,460,2,0,2422,38.6858,38.9942,18.6126
22.7953,0.233735,0,0.233735,16.02,66.6024,354,0,0,2422,38.6858,38.9942,18.6126
22.8196,3.44055,0,3.44055,16.02,66.6024,374,2,0,2424,38.6811,38.9893,18.6092
22.833,5.84239,0,5.84239,16,66.4299,403,2,0,2426,38.7012,39.0091,18.6059
22.854,5.9428,0,5.9428,16,66.4299,378,2,0,2428,38.7343,39.042,18.6025
22.8654,3.5891,0,3.5891,15.98,66.2574,378,1,0,2429,38.7542,39.0618,18.6009
22.8836,0.783266,0,0.783266,15.98,66.2574,368,0,0,2429,38.7542,39.0618,18.6009
22.8942,2.89124,0,2.89124,15.96,66.085,382,1,0,2430,38.7642,39.0716,18.5992
22.9175,5.06287,0,5.06287,15.96,66.085,427,2,0,2432,38.78,39.0872,18.5959
22.9299,4.60791,0,4.60791,15.94,65.9125,382,1,0,2433,38.8056,39.1126,18.5942
22.9504,3.91635,0,3.91635,15.94,65.9125,410,1,0,2434,38.8274,39.1343,18.5925
22.962,3.40996,0,3.40996,15.92,65.7401,392,2,0,2436,38.8243,39.131,18.5892
22.9843,4.74962,0,4.74962,15.92,65.7401,512,0,0,2437,38.8416,39.1481,18.5875
22.9962,4.26819,0,4.26819,15.9,65.5676,382,1,0,2438,38.8659,39.1723,18.5859
23.0147,1.69815,0,1.69815,15.9,65.5676,382,1,0,2439,38.8557,39.162,18.5842
23.0231,0.396886,0,0.396886,15.88,65.3951,376,0,0,2439,38.8557,39.162,18.5842
23.0481,3.9394,0,3.9394,15.88,65.3951,387,1,0,2440,38.8766,39.1828,18.5826
23.0593,3.18868,0,3.18868,15.86,65.2227,408,1,0,2441,38.8841,39.1901,18.5809
23.079,1.60905,0,1.60905,15.86,65.2227,390,2,0,2442,38.8792,39.1851,18.5792
23.0915,4.28897,0,4.28897,15.84,65.0502,406,2,0,2444,38.9022,39.2079,18.5759
23.1148,6.45906,0,6.45906,15.84,65.0502,409,2,0,2446,38.9358,39.2412,18.5726
23.1234,0.434295,0,0.434295,15.82,64.8777,376,0,0,2446,38.9358,39.2412,18.5726
23.1466,2.33373,0,2.33373,15.82,64.8777,392,1,0,2447,38.9534,39.2587,18.571
23.1562,1.8575,0,1.8575,15.8,64.7053,390,1,0,2448,38.9522,39.2574,18.5693
23.179,3.50057,0,3.50057,15.8,64.7053,404,2,0,2450,38.9637,39.2686,18.566
23.1875,0.786763,0,0.786763,15.78,64.5328,420,0,0,2450,38.9637,39.2686,18.566
23.2125,4.1337,0,4.1337,15.78,64.5328,440,2,0,2452,38.9731,39.2777,18.5627
23.2236,3.17837,0,3.17837,15.76,64.3603,434,1,0,2454,38.9751,39.2795,18.5594
23.2422,0.50962,0,0.50962,15.76,64.3603,420,0,0,2454,38.9751,39.2795,18.5594
23.255,5.22565,0,5.22565,15.74,64.1879,430,2,0,2456,38.9959,39.3001,18.5561
23.275,3.80024,0,3.80024,15.74,64.1879,430,2,0,2458,38.9902,39.2941,18.5528
23.2865,3.66246,0,3.66246,15.72,64.0154,410,1,0,2459,39.0094,39.3131,18.5512
23.3098,5.42973,0,5.42973,15.72,64.0154,420,2,0,2461,39.0268,39.3304,18.5479
23.3178,0.492688,0,0.492688,15.7,63.8429,386,0,0,2461,39.0268,39.3304,18.5479
23.3387,0.002327,0,0.002327,15.7,63.8429,386,0,0,2461,39.0268,39.3304,18.5479
23.3496,3.54815,0,3.54815,15.68,63.6705,404,2,0,2463,39.0337,39.337,18.5446
23.3703,2.78496,0,2.78496,15.68,63.6705,386,1,0,2464,39.054,39.3571,18.543
23.3822,4.31143,0,4.31143,15.66,63.498,410,2,0,2466,39.0527,39.3556,18.5397
23.3997,0.24194,0,0.24194,15.66,63.498,382,0,0,2466,39.0527,39.3556,18.5397
23.4174,10.1489,6.28256,3.8663,15.64,63.3255,798,80,0,2468,39.0616,39.3643,18.5364
23.4306,2.56303,0,2.56303,15.64,63.3255,398,1,0,2469,39.062,39.3645,18.5348
23.4399,1.02718,0,1.02718,15.62,63.1531,394,0,0,2469,39.062,39.3645,18.5348
23.4606,1.64732,0,1.64732,15.62,63.1531,404,1,0,2470,39.0571,39.3595,18.5331
23.4704,1.48331,0,1.48331,15.6,62.9806,410,1,0,2471,39.0554,39.3577,18.5315
23.4923,3.25016,0,3.25016,15.6,62.9806,428,1,0,2472,39.0651,39.3673,18.5299
23.5077,6.90588,0,6.90588,15.58,62.8081,422,2,0,2474,39.1079,39.4099,18.5266
23.5237,2.82912,0,2.82912,15.58,62.8081,410,1,0,2475,39.1135,39.4154,18.525
23.5326,0.200545,0,0.200545,15.56,62.6357,418,0,0,2475,39.1135,39.4154,18.525
23.5569,4.75724,0,4.75724,15.56,62.6357,488,2,0,2477,39.1199,39.4215,18.5217
23.568,2.30832,0,2.30832,15.54,62.4632,432,1,0,2478,39.1348,39.4362,18.5201
23.5901,4.3892,0,4.3892,15.54,62.4632,442,3,0,2480,39.1423,39.4435,18.5168
23.6029,4.07541,0,4.07541,15.52,62.2907,442,2,0,2482,39.1616,39.4625,18.5136
23.6285,9.84693,0,9.84693,15.52,62.2907,882,1,0,2484,39.1973,39.498,18.5103
23.6441,6.67569,0,6.67569,15.5,62.1183,510,1,0,2486,39.2369,39.5374,18.5071
23.6628,5.07909,0,5.07909,15.5,62.1183,482,9,0,2488,39.254,39.5535,18.5038
23.6736,1.90672,0,1.90672,15.48,61.9458,442,1,0,2489,39.2583,39.5577,18.5022
23.6917,0.289942,0,0.289942,15.48,61.9458,432,0,0,2489,39.2583,39.5577,18.5022
23.7033,2.88136,0,2.88136,15.46,61.7734,442,1,0,2490,39.2679,39.5671,18.5006
23.7242,3.6769,0,3.6769,15.46,61.7734,442,1,0,2492,39.2737,39.5726,18.4973
23.7396,6.40948,0,6.40948,15.44,61.6009,500,2,0,2494,39.3031,39.6018,18.4941
23.7584,5.0296,0,5.0296,15.44,61.6009,462,2,0,2496,39.3297,39.6282,18.4909
23.7706,3.08857,0,3.08857,15.42,61.4284,474,1,0,2498,39.3347,39.6329,18.4876
23.789,1.41847,0,1.41847,15.42,61.4284,474,1,0,2499,39.3337,39.6319,18.486
23.8024,3.76984,0,3.76984,15.4,61.256,486,2,0,2501,39.3399,39.6377,18.4828
23.8187,0.196357,0,0.196357,15.4,61.256,466,0,0,2501,39.3399,39.6377,18.4828
23.8323,4.42809,0,4.42809,15.38,61.0835,539,8,0,2502,39.3517,39.6503,18.4812
23.851,3.04806,0,3.04806,15.38,61.0835,490,2,0,2504,39.347,39.6454,18.478
23.8638,3.36721,0,3.36721,15.36,60.911,496,2,0,2506,39.3607,39.6588,18.4748
23.8816,1.20733,0,1.20733,15.36,60.911,486,1,0,2507,39.3554,39.6534,18.4731
23.8923,2.05628,0,2.05628,15.34,59.1604,502,1,0,2508,39.36,39.6579,18.4715
23.9173,5.70712,0,5.70712,15.34,59.1604,512,2,0,2510,39.3829,39.6805,18.4683
23.9881,61.4574,21.7833,39.6741,15.32,59.0316,8094,980,0,2511,39.2155,39.5496,18.4667
23.9988,2.20196,0,2.20196,15.3,58.9029,486,2,0,2513,39.2113,39.5452,18.4635
24.0229,6.91077,0,6.91077,15.3,58.9029,626,2,0,2515,39.2441,39.5777,18.4603
24.0354,4.21007,0,4.21007,15.28,58.7744,492,2,0,2517,39.2471,39.5805,18.4571
24.0561,4.76772,0,4.76772,15.28,58.7744,492,2,0,2519,39.2529,39.5859,18.4539
24.0709,6.6081,0,6.6081,15.26,58.646,553,3,0,2521,39.2927,39.6255,18.4507
24.0876,3.00328,0,3.00328,15.26,58.646,510,2,0,2523,39.2878,39.6203,18.4475
24.1033,7.29189,0,7.29189,15.24,58.5175,584,2,0,2525,39.3331,39.6653,18.4443
24.1214,5.1155,0,5.1155,15.24,58.5175,520,2,0,2527,39.3605,39.6925,18.4412
24.1326,3.11797,0,3.11797,15.22,58.3891,494,1,0,2528,39.3774,39.7093,18.4396
24.1536,3.84308,0,3.84308,15.22,58.3891,494,1,0,2529,39.3919,39.7236,18.438
24.1643,2.62274,0,2.62274,15.2,58.2607,498,1,0,2530,39.4012,39.7328,18.4364
24.1855,3.83156,0,3.83156,15.2,58.2607,504,2,0,2532,39.406,39.7374,18.4332
24.1962,2.74791,0,2.74791,15.18,58.1322,484,1,0,2533,39.4201,39.7513,18.4316
24.2197,5.82723,0,5.82723,15.18,58.1322,503,3,0,2535,39.4521,39.783,18.4285
24.2279,0.125944,0,0.125944,15.16,58.0038,478,0,0,2535,39.4521,39.783,18.4285
24.252,3.89092,0,3.89092,15.16,58.0038,502,2,0,2537,39.4616,39.7923,18.4253
24.2621,1.86964,0,1.86964,15.14,57.8754,482,1,0,2538,39.4626,39.7931,18.4237
24.2845,4.18088,0,4.18088,15.14,57.8754,482,1,0,2540,39.4744,39.8047,18.4205
24.2968,3.91118,0,3.91118,15.12,57.7469,532,6,0,2542,39.4693,39.799,18.4174
24.3226,9.89912,0,9.89912,15.12,57.7469,874,18,0,2544,39.5106,39.8396,18.4142
24.3338,2.68974,0,2.68974,15.1,57.6185,492,1,0,2545,39.523,39.8519,18.4126
24.354,3.27612,0,3.27612,15.1,57.6185,532,3,0,2546,39.533,39.8598,18.4111
24.364,1.23135,0,1.23135,15.08,57.4901,492,0,0,2546,39.533,39.8598,18.4111
24.3836,1.19871,0,1.19871,15.08,57.4901,502,1,0,2547,39.5249,39.8516,18.4095
24.3948,2.29804,0,2.29804,15.06,57.3616,518,1,0,2548,39.5279,39.8544,18.4079
24.4157,3.23055,0,3.23055,15.06,57.3616,518,1,0,2549,39.5441,39.8705,18.4063
24.429,4.48215,0,4.48215,15.04,57.2332,558,5,0,2551,39.557,39.8828,18.4032
24.4482,3.92449,0,3.92449,15.04,57.2332,508,1,0,2552,39.5725,39.8981,18.4016
24.4609,4.04691,0,4.04691,15.02,57.1048,578,8,0,2554,39.5764,39.9013,18.3985
24.4797,2.84455,0,2.84455,15.02,57.1048,508,1,0,2555,39.5855,39.9104,18.3969
24.492,3.50777,0,3.50777,15,56.9763,508,1,0,2556,39.6025,39.9272,18.3953
24.513,4.73124,0,4.73124,15,56.9763,518,2,0,2558,39.6345,39.959,18.3922
24.5908,68.8779,13.4419,55.4361,14.98,56.8479,10190,757,0,2560,39.5391,39.8699,18.389
24.5982,0.057354,0,0.057354,14.96,59.0172,336,0,0,2560,39.5391,39.8699,18.389
24.619,0.28842,0,0.28842,14.96,59.0172,336,0,0,2560,39.5391,39.8699,18.389
24.6283,2.71557,0,2.71557,14.94,58.8887,349,1,0,2561,39.5517,39.8825,18.3875
24.6477,1.55562,0,1.55562,14.94,58.8887,339,0,0,2561,39.5517,39.8825,18.3875
24.6567,2.06741,0,2.06741,14.92,58.7603,335,1,0,2562,39.541,39.8716,18.3859
24.679,4.27078,0,4.27078,14.92,58.7603,335,1,0,2563,39.565,39.8954,18.3843
24.6891,3.17294,0,3.17294,14.9,58.6319,335,1,0,2564,39.5718,39.9021,18.3828
24.7086,2.61738,0,2.61738,14.9,58.6319,335,1,0,2565,39.5786,39.9088,18.3812
24.7201,4.40286,0,4.40286,14.88,58.5034,348,2,0,2567,39.5804,39.9104,18.3781
24.7421,6.09506,0,6.09506,14.88,58.5034,373,5,0,2569,39.6049,39.9346,18.375
24.7519,2.66947,0,2.66947,14.86,58.375,332,1,0,2570,39.6156,39.9451,18.3734
24.7726,3.65878,0,3.65878,14.86,58.375,342,2,0,2572,39.6213,39.9506,18.3703
24.7853,6.17979,0,6.17979,14.84,58.2465,345,2,0,2574,39.65,39.979,18.3672
24.8088,8.31833,0,8.31833,14.84,58.2465,435,3,0,2576,39.6782,40.0105,18.3641
24.8221,6.39043,0,6.39043,14.82,58.1181,375,2,0,2578,39.7102,40.0423,18.361
24.8394,1.98723,0,1.98723,14.82,58.1181,359,0,0,2579,39.7061,40.038,18.3594
24.8519,5.94492,0,5.94492,14.8,57.9897,354,2,0,2581,39.7296,40.0612,18.3563
24.8672,0.138995,0,0.138995,14.8,57.9897,334,0,0,2581,39.7296,40.0612,18.3563
24.8777,4.42,0,4.42,14.78,57.8612,341,1,0,2583,39.7375,40.0689,18.3532
24.8975,2.88705,0,2.88705,14.78,57.8612,341,1,0,2584,39.7543,40.0855,18.3517
24.9061,2.23062,0,2.23062,14.76,57.7328,340,1,0,2585,39.7578,40.089,18.3501
24.9297,4.41986,0,4.41986,14.76,57.7328,367,1,0,2586,39.7819,40.1129,18.3486
24.9381,1.93358,0,1.93358,14.74,57.6044,340,0,0,2587,39.7828,40.1136,18.347
24.9603,2.77353,0,2.77353,14.74,57.6044,350,1,0,2588,39.7971,40.1279,18.3455
24.9695,2.37824,0,2.37824,14.72,57.4759,362,1,0,2589,39.8026,40.1333,18.3439
24.9925,3.85067,0,3.85067,14.72,57.4759,372,2,0,2591,39.8066,40.137,18.3408
25.0025,3.10182,0,3.10182,14.7,57.3475,372,1,0,2593,39.7991,40.1292,18.3377
25.023,2.2164,0,2.2164,14.7,57.3475,382,2,0,2595,39.7869,40.1168,18.3346
25.032,2.26259,0,2.26259,14.68,57.2191,365,1,0,2596,39.7797,40.1094,18.3331
25.0558,4.54699,0,4.54699,14.68,57.2191,373,1,0,2597,39.7986,40.1282,18.3316
25.0682,5.50043,0,5.50043,14.66,57.0906,371,2,0,2599,39.8172,40.1466,18.3285
25.087,2.97148,0,2.97148,14.66,57.0906,351,0,0,2601,39.8193,40.1484,18.3254
25.098,4.18032,0,4.18032,14.64,56.9622,357,1,0,2602,39.8386,40.1676,18.3239
25.1232,7.8777,0,7.8777,14.64,56.9622,367,2,0,2604,39.8913,40.22,18.3208
25.1327,2.66049,0,2.66049,14.62,56.8338,357,1,0,2605,39.8871,40.2157,18.3193
25.1568,5.68371,0,5.68371,14.62,56.8338,466,1,0,2607,39.8984,40.2267,18.3162
25.1671,2.96887,0,2.96887,14.6,56.7053,366,1,0,2608,39.9141,40.2423,18.3147
25.1885,3.38637,0,3.38637,14.6,56.7053,357,1,0,2609,39.9283,40.2564,18.3131
25.1985,3.13234,0,3.13234,14.58,56.5769,354,1,0,2610,39.9368,40.2648,18.3116
25.2173,0.467387,0,0.467387,14.58,56.5769,344,0,0,2610,39.9368,40.2648,18.3116
25.2289,4.79579,0,4.79579,14.56,56.4484,356,1,0,2611,39.969,40.2968,18.3101
25.2501,4.63666,0,4.63666,14.56,56.4484,367,1,0,2613,39.9763,40.3039,18.307
25.2575,0.02286,0,0.02286,14.54,56.32,356,0,0,2613,39.9763,40.3039,18.307
25.2831,4.41061,0,4.41061,14.54,56.32,366,1,0,2614,40.0038,40.3313,18.3055
25.2921,1.7338,0,1.7338,14.52,56.1916,372,0,0,2615,40.0088,40.3361,18.304
25.3143,2.89579,0,2.89579,14.52,56.1916,382,1,0,2616,40.0191,40.3463,18.3024
25.327,5.53583,0,5.53583,14.5,56.0631,389,2,0,2618,40.0378,40.3648,18.2994
25.3446,2.96482,0,2.96482,14.5,56.0631,389,2,0,2620,40.0317,40.3584,18.2963
25.3548,2.44703,0,2.44703,14.48,55.9347,409,0,0,2621,40.0294,40.356,18.2948
25.3723,0.332642,0,0.332642,14.48,55.9347,369,0,0,2621,40.0294,40.356,18.2948
25.382,2.54817,0,2.54817,14.46,55.8063,389,1,0,2622,40.0297,40.3562,18.2933
25.4041,4.21289,0,4.21289,14.46,55.8063,435,2,0,2624,40.0389,40.3651,18.2902
25.4147,2.85257,0,2.85257,14.44,55.6778,395,1,0,2625,40.0461,40.3722,18.2887
25.4342,2.42382,0,2.42382,14.44,55.6778,395,1,0,2626,40.0453,40.3713,18.2872
25.4484,7.36142,0,7.36142,14.42,55.5494,451,4,0,2628,40.0708,40.395,18.2842
25.4675,5.27417,0,5.27417,14.42,55.5494,401,2,0,2630,40.0901,40.4141,18.2811
25.4778,2.84049,0,2.84049,14.4,55.421,397,1,0,2631,40.0965,40.4204,18.2796
25.4987,3.88148,0,3.88148,14.4,55.421,407,2,0,2633,40.0965,40.4201,18.2766
25.5068,1.18191,0,1.18191,14.38,55.2925,403,1,0,2634,40.085,40.4085,18.2751
25.5315,4.56593,0,4.56593,14.38,55.2925,413,2,0,2636,40.107,40.4302,18.272
25.5393,1.12572,0,1.12572,14.36,55.1641,403,0,0,2636,40.107,40.4302,18.272
25.5638,4.11658,0,4.11658,14.36,55.1641,423,2,0,2638,40.1152,40.4382,18.269
25.5766,5.37307,0,5.37307,14.34,55.0356,441,1,0,2640,40.1322,40.4549,18.266
25.5955,2.94144,0,2.94144,14.34,55.0356,429,1,0,2641,40.1405,40.4631,18.2645
25.608,5.15706,0,5.15706,14.32,54.9072,442,2,0,2643,40.1498,40.4722,18.2615
25.6272,3.39434,0,3.39434,14.32,54.9072,456,1,0,2645,40.1406,40.4628,18.2584
25.6387,4.1604,0,4.1604,14.3,54.7788,462,2,0,2646,40.158,40.48,18.2569
25.6577,1.6996,0,1.6996,14.3,54.7788,445,1,0,2647,40.1519,40.4737,18.2554
25.735,69.9082,24.3456,45.5626,14.28,54.6503,9382,757,0,2649,40.0434,40.3873,18.2524
25.7486,5.57383,0,5.57383,14.26,54.5219,427,2,0,2651,40.0615,40.4051,18.2494
25.7648,1.85753,0,1.85753,14.26,54.5219,417,1,0,2652,40.0528,40.3963,18.2479
25.7766,3.79336,0,3.79336,14.24,54.3935,422,1,0,2653,40.0686,40.412,18.2464
25.7955,3.29498,0,3.29498,14.24,54.3935,411,1,0,2654,40.084,40.4273,18.2449
25.8046,2.35192,0,2.35192,14.22,54.265,423,1,0,2655,40.0832,40.4264,18.2434
25.8279,4.34641,0,4.34641,14.22,54.265,429,1,0,2657,40.0933,40.4362,18.2404
25.8356,0.670373,0,0.670373,14.2,54.1366,407,0,0,2657,40.0933,40.4362,18.2404
25.8617,5.26985,0,5.26985,14.2,54.1366,470,2,0,2658,40.1121,40.4552,18.2389
25.8751,6.50868,0,6.50868,14.18,54.0082,428,3,0,2660,40.144,40.4868,18.2359
25.893,2.96915,0,2.96915,14.18,54.0082,418,1,0,2662,40.1473,40.4899,18.2329
25.9068,6.77717,0,6.77717,14.16,53.8797,431,2,0,2664,40.1734,40.5158,18.2299
25.9293,8.30322,0,8.30322,14.16,53.8797,563,2,0,2666,40.2153,40.5574,18.227
25.9446,8.37413,0,8.37413,14.14,53.7513,1116,51,0,2667,40.2358,40.5793,18.2255
25.965,7.43388,0,7.43388,14.14,52.9606,462,4,0,2669,40.2671,40.6107,18.2225
25.9819,9.29953,0,9.29953,14.12,52.8322,541,16,0,2671,40.313,40.6559,18.2195
25.9956,2.7163,0,2.7163,14.12,52.8322,393,0,0,2672,40.3219,40.6647,18.218
26.007,3.51409,0,3.51409,14.1,52.7037,406,1,0,2673,40.3386,40.6813,18.2165
26.0236,0.093787,0,0.093787,14.1,52.7037,396,0,0,2673,40.3386,40.6813,18.2165
26.0344,4.00289,0,4.00289,14.08,52.5753,397,1,0,2674,40.3508,40.6933,18.215
26.0561,3.84795,0,3.84795,14.08,52.5753,397,1,0,2675,40.3634,40.7058,18.2135
26.0668,3.82602,0,3.82602,14.06,52.4469,393,2,0,2676,40.3741,40.7164,18.2121
26.0879,3.51769,0,3.51769,14.06,52.4469,393,1,0,2677,40.3911,40.7333,18.2106
26.0978,2.93564,0,2.93564,14.04,52.3184,409,1,0,2678,40.4033,40.7453,18.2091
26.12,3.7162,0,3.7162,14.04,52.3184,409,1,0,2679,40.4218,40.7637,18.2076
26.1341,6.95451,0,6.95451,14.02,52.19,484,6,0,2681,40.4532,40.7941,18.2046
26.1521,3.63113,0,3.63113,14.02,52.19,418,1,0,2682,40.4702,40.811,18.2032
26.1596,0.237691,0,0.237691,14,52.0616,411,0,0,2682,40.4702,40.811,18.2032
26.187,6.42627,0,6.42627,14,52.0616,548,6,0,2684,40.4907,40.8331,18.2002
26.195,0.895933,0,0.895933,13.98,51.9331,400,0,0,2684,40.4907,40.8331,18.2002
26.2205,4.71518,0,4.71518,13.98,51.9331,420,2,0,2686,40.5011,40.8433,18.1972
26.231,3.30609,0,3.30609,13.96,51.8047,410,1,0,2687,40.5154,40.8575,18.1958
26.2519,2.77091,0,2.77091,13.96,51.8047,410,1,0,2688,40.5086,40.8504,18.1943
26.2595,0.262467,0,0.262467,13.94,51.6762,410,0,0,2688,40.5086,40.8504,18.1943
26.2855,4.52691,0,4.52691,13.94,51.6762,430,2,0,2690,40.5257,40.8673,18.1913
26.2975,4.75319,0,4.75319,13.92,51.5478,467,1,0,2691,40.5522,40.8937,18.1898
26.3195,5.08896,0,5.08896,13.92,51.5478,410,1,0,2692,40.5784,40.9198,18.1884
26.3311,4.76113,0,4.76113,13.9,51.4194,420,2,0,2694,40.5861,40.9272,18.1854
26.3529,5.05588,0,5.05588,13.9,51.4194,420,2,0,2696,40.6009,40.9418,18.1825
26.362,2.20394,0,2.20394,13.88,51.2909,406,1,0,2697,40.607,40.9477,18.181
26.382,0.908958,0,0.908958,13.88,51.2909,396,0,0,2697,40.607,40.9477,18.181
26.3896,0.676079,0,0.676079,13.86,51.1625,416,0,0,2697,40.607,40.9477,18.181
26.4145,3.78267,0,3.78267,13.86,51.1625,431,1,0,2698,40.6256,40.9663,18.1795
26.4255,3.76588,0,3.76588,13.84,51.0341,457,1,0,2700,40.637,40.9774,18.1766
26.4437,0.231888,0,0.231888,13.84,51.0341,416,0,0,2700,40.637,40.9774,18.1766
26.4533,2.15257,0,2.15257,13.82,50.9056,416,1,0,2701,40.632,40.9722,18.1751
26.4788,6.33108,0,6.33108,13.82,50.9056,452,6,0,2703,40.6463,40.9874,18.1722
26.4907,4.97507,0,4.97507,13.8,50.7772,412,2,0,2705,40.6603,41.0011,18.1692
26.5103,3.26036,0,3.26036,13.8,50.7772,392,1,0,2706,40.6711,41.0118,18.1678
26.5175,0.308904,0,0.308904,13.78,50.6488,393,0,0,2706,40.6711,41.0118,18.1678
26.5471,8.2744,0,8.2744,13.78,50.6488,423,2,0,2708,40.7182,41.0587,18.1649
26.5588,4.65132,0,4.65132,13.76,50.5203,400,1,0,2709,40.7409,41.0812,18.1634
26.5788,3.91551,0,3.91551,13.76,50.5203,410,2,0,2711,40.7381,41.0782,18.1605
26.5859,0.37462,0,0.37462,13.74,50.3919,376,0,0,2711,40.7381,41.0782,18.1605
26.6145,8.01303,0,8.01303,13.74,50.3919,398,2,0,2713,40.7822,41.122,18.1575
26.6251,4.15748,0,4.15748,13.72,50.2635,442,1,0,2715,40.7985,41.1381,18.1546
26.6487,5.93301,0,5.93301,13.72,50.2635,386,1,0,2717,40.8197,41.159,18.1517
26.7277,70.9537,15.1036,55.8501,13.7,50.135,10883,788,0,2719,40.737,41.0964,18.1488
26.7393,4.58914,0,4.58914,13.68,50.0066,365,1,0,2721,40.7453,41.1044,18.1459
26.7572,2.57054,0,2.57054,13.68,50.0066,365,1,0,2723,40.7448,41.1036,18.143
26.7708,6.23455,0,6.23455,13.66,49.8781,366,1,0,2725,40.7673,41.1259,18.14
26.7876,2.9706,0,2.9706,13.66,49.8781,366,1,0,2726,40.7784,41.1368,18.1386
26.8024,7.87725,0,7.87725,13.64,49.7497,476,3,0,2728,40.8152,41.1738,18.1357
26.819,4.63318,0,4.63318,13.64,49.7497,502,2,0,2729,40.838,41.1968,18.1342
26.8295,4.18994,0,4.18994,13.62,49.6213,385,1,0,2730,40.8564,41.215,18.1328
26.8537,6.60653,0,6.60653,13.62,49.6213,389,1,0,2732,40.8781,41.2365,18.1299
26.8659,4.08174,0,4.08174,13.6,49.4928,385,1,0,2734,40.8921,41.2502,18.127
26.8858,4.39486,0,4.39486,13.6,49.4928,387,1,0,2735,40.9152,41.2731,18.1255
26.8945,2.35643,0,2.35643,13.58,49.3644,388,1,0,2736,40.9211,41.2789,18.1241
26.9185,4.95132,0,4.95132,13.58,49.3644,388,1,0,2738,40.9375,41.2951,18.1212
26.9273,2.42013,0,2.42013,13.56,49.236,372,0,0,2739,40.9493,41.3067,18.1198
26.9496,3.33699,0,3.33699,13.56,49.236,392,2,0,2741,40.9559,41.313,18.1169
26.9582,1.84286,0,1.84286,13.54,49.1075,387,1,0,2742,40.9471,41.3042,18.1154
26.9811,3.73371,0,3.73371,13.54,49.1075,387,1,0,2744,40.949,41.3058,18.1125
26.9902,2.52675,0,2.52675,13.52,48.9791,380,1,0,2745,40.9581,41.3148,18.1111
27.0114,2.94133,0,2.94133,13.52,48.9791,380,1,0,2746,40.9647,41.3212,18.1097
27.0197,1.64896,0,1.64896,13.5,48.8507,383,0,0,2746,40.9647,41.3212,18.1097
27.0439,4.48671,0,4.48671,13.5,48.8507,403,2,0,2748,40.9727,41.329,18.1068
27.0736,22.7113,10.13,12.5813,13.48,48.7222,2434,109,0,2749,40.9651,41.3241,18.1053
27.0839,3.01646,0,3.01646,13.46,48.5938,387,1,0,2751,40.9611,41.3199,18.1025
27.1043,2.64254,0,2.64254,13.46,48.5938,387,1,0,2752,40.9666,41.3252,18.101
27.1143,3.90885,0,3.90885,13.44,48.4653,384,0,0,2754,40.9713,41.3297,18.0981
27.1346,2.54189,0,2.54189,13.44,48.4653,387,1,0,2755,40.9753,41.3336,18.0967
27.1446,3.88559,0,3.88559,13.42,48.3369,387,1,0,2756,40.9924,41.3505,18.0953
27.1686,6.52201,0,6.52201,13.42,48.3369,413,1,0,2758,41.0065,41.3644,18.0924
27.1764,0.745692,0,0.745692,13.4,48.2085,390,0,0,2758,41.0065,41.3644,18.0924
27.2011,4.41682,0,4.41682,13.4,48.2085,403,1,0,2759,41.0344,41.3922,18.091
27.2122,4.5477,0,4.5477,13.38,48.08,454,1,0,2760,41.0572,41.4149,18.0895
27.23,1.11601,0,1.11601,13.38,48.08,396,0,0,2760,41.0572,41.4149,18.0895
27.24,3.75176,0,3.75176,13.36,47.9516,409,1,0,2761,41.0826,41.4401,18.0881
27.2609,3.27804,0,3.27804,13.36,47.9516,419,2,0,2763,41.08,41.4372,18.0853
27.2783,10.6334,0,10.6334,13.34,47.8232,422,2,0,2765,41.1204,41.4774,18.0824
27.2887,0.333427,0,0.333427,13.34,47.8232,402,0,0,2765,41.1204,41.4774,18.0824
27.3013,5.38734,0,5.38734,13.32,47.6947,431,2,0,2767,41.1446,41.5013,18.0795
27.3184,2.38539,0,2.38539,13.32,47.6947,421,1,0,2768,41.1532,41.5098,18.0781
27.3304,5.10693,0,5.10693,13.3,47.5663,416,2,0,2770,41.1632,41.5195,18.0753
27.3487,3.15646,0,3.15646,13.3,47.5663,406,1,0,2772,41.1605,41.5166,18.0724
27.3575,1.70721,0,1.70721,13.28,47.4379,403,1,0,2773,41.1623,41.5182,18.071
27.3846,8.66322,0,8.66322,13.28,47.4379,542,2,0,2775,41.2018,41.5575,18.0681
27.3976,5.90761,0,5.90761,13.26,47.3094,460,3,0,2777,41.2218,41.5783,18.0653
27.4122,0.405439,0,0.405439,13.26,47.3094,396,0,0,2777,41.2218,41.5783,18.0653
27.422,3.50625,0,3.50625,13.24,47.181,400,1,0,2779,41.2379,41.5941,18.0625
27.4454,5.3524,0,5.3524,13.24,47.181,404,1,0,2781,41.256,41.612,18.0596
27.4545,2.73387,0,2.73387,13.22,47.0526,420,2,0,2783,41.2494,41.6051,18.0568
27.48,6.5654,0,6.5654,13.22,47.0526,420,2,0,2785,41.2837,41.6391,18.0539
27.492,5.55529,0,5.55529,13.2,46.9241,420,2,0,2787,41.3,41.6552,18.0511
27.5103,2.37474,0,2.37474,13.2,46.9241,410,1,0,2788,41.3013,41.6564,18.0497
27.5184,1.5309,0,1.5309,13.18,46.7957,420,2,0,2789,41.2972,41.6522,18.0483
27.5424,4.18693,0,4.18693,13.18,46.7957,430,3,0,2791,41.296,41.6507,18.0455
27.5503,1.28011,0,1.28011,13.16,46.6672,426,1,0,2792,41.2908,41.6454,18.044
27.5744,3.51542,0,3.51542,13.16,46.6672,436,2,0,2794,41.2946,41.6489,18.0412
27.5853,4.28094,0,4.28094,13.14,46.5388,426,0,0,2796,41.314,41.6681,18.0384
27.6093,6.82814,0,6.82814,13.14,46.5388,446,2,0,2798,41.3452,41.6991,18.0356
27.6192,3.15405,0,3.15405,13.12,46.4104,449,1,0,2799,41.3573,41.711,18.0342
27.6416,4.21058,0,4.21058,13.12,46.4104,449,1,0,2801,41.3724,41.7258,18.0314
27.6487,0.507534,0,0.507534,13.1,46.2819,436,0,0,2801,41.3724,41.7258,18.0314
27.6718,1.95407,0,1.95407,13.1,46.2819,438,0,0,2802,41.3719,41.7252,18.03
27.6849,6.40151,0,6.40151,13.08,46.1535,618,1,0,2803,41.3971,41.7503,18.0286
27.7025,2.06992,0,2.06992,13.08,46.1535,438,1,0,2804,41.3969,41.75,18.0271
27.7155,6.44489,0,6.44489,13.06,46.0251,448,2,0,2806,41.4323,41.7851,18.0243
27.731,0.150424,0,0.150424,13.06,46.0251,428,0,0,2806,41.4323,41.7851,18.0243
27.7437,6.03952,0,6.03952,13.04,45.8966,463,2,0,2808,41.4541,41.8066,18.0215
27.7633,4.1866,0,4.1866,13.04,45.8966,438,1,0,2809,41.4749,41.8273,18.0201
27.7735,3.35005,0,3.35005,13.02,45.7682,452,1,0,2810,41.4879,41.8402,18.0187
27.7966,5.26524,0,5.26524,13.02,45.7682,464,1,0,2811,41.5119,41.8641,18.0173
27.8077,4.65475,0,4.65475,13,45.6398,466,1,0,2813,41.5279,41.8798,18.0145
27.8256,1.05165,0,1.05165,13,45.6398,442,0,0,2814,41.5263,41.8781,18.0131
27.8326,0.186995,0,0.186995,12.98,45.5113,452,0,0,2814,41.5263,41.8781,18.0131
27.858,4.49474,0,4.49474,12.98,45.5113,472,2,0,2816,41.5387,41.8903,18.0103
27.8689,4.07047,0,4.07047,12.96,45.3829,459,1,0,2817,41.5538,41.9052,18.0089
27.8908,4.85391,0,4.85391,12.96,45.3829,469,1,0,2818,41.5763,41.9276,18.0075
27.9011,3.31801,0,3.31801,12.94,45.2544,462,1,0,2819,41.5921,41.9432,18.0061
27.9219,3.13129,0,3.13129,12.94,45.2544,462,1,0,2821,41.5863,41.9373,18.0034
27.9348,6.44422,0,6.44422,12.92,45.126,461,2,0,2823,41.6178,41.9685,18.0006
27.9508,2.02512,0,2.02512,12.92,45.126,437,1,0,2824,41.6123,41.9628,17.9992
27.96,1.77202,0,1.77202,12.9,44.9976,427,1,0,2825,41.6103,41.9607,17.9978
27.9805,2.08598,0,2.08598,12.9,44.9976,427,1,0,2826,41.6012,41.9515,17.9964
27.9908,2.48088,0,2.48088,12.88,44.8691,447,1,0,2827,41.6013,41.9515,17.995
28.0105,2.63067,0,2.63067,12.88,44.8691,447,1,0,2828,41.6004,41.9505,17.9936
28.0207,2.38703,0,2.38703,12.86,44.7471,467,1,0,2829,41.6023,41.9523,17.9922
28.0425,4.26854,0,4.26854,12.86,44.7471,467,1,0,2831,41.6093,41.959,17.9894
28.0538,3.14563,0,3.14563,12.84,44.6122,470,1,0,2832,41.6169,41.9665,17.988
28.0776,6.90686,0,6.90686,12.84,44.6122,480,2,0,2834,41.6447,41.994,17.9853
28.0884,2.65266,0,2.65266,12.82,44.4837,473,1,0,2835,41.648,41.9972,17.9839
28.1109,5.15958,0,5.15958,12.82,44.4837,483,2,0,2837,41.6613,42.0102,17.9811
28.1238,4.96104,0,4.96104,12.8,44.3553,490,2,0,2839,41.6855,42.0342,17.9783
28.1387,0.206818,0,0.206818,12.8,44.3553,470,0,0,2839,41.6855,42.0342,17.9783
28.152,5.96418,0,5.96418,12.78,44.2269,572,2,0,2841,41.7124,42.0609,17.9756
28.1684,1.13283,0,1.13283,12.78,44.2269,473,0,0,2842,41.703,42.0514,17.9742
28.1787,3.2693,0,3.2693,12.76,44.0984,483,1,0,2843,41.7095,42.0577,17.9728
28.2022,5.332,0,5.332,12.76,44.0984,493,2,0,2845,41.7255,42.0735,17.9701
28.2128,3.4388,0,3.4388,12.74,43.97,486,2,0,2847,41.726,42.0738,17.9673
28.2334,2.56169,0,2.56169,12.74,43.97,476,1,0,2848,41.7324,42.0801,17.9659
28.2454,4.81156,0,4.81156,12.72,43.8416,486,2,0,2850,41.7365,42.0839,17.9632
28.2688,7.06943,0,7.06943,12.72,43.8416,486,2,0,2852,41.7675,42.1147,17.9604
28.2791,2.35044,0,2.35044,12.7,43.7131,492,2,0,2853,41.7736,42.1206,17.959
28.3034,5.1033,0,5.1033,12.7,43.7131,502,2,0,2855,41.7905,42.1373,17.9563
28.3142,3.80202,0,3.80202,12.68,43.5847,502,2,0,2857,41.7872,42.1337,17.9535
28.3389,7.05953,0,7.05953,12.68,43.5847,582,3,0,2859,41.8132,42.1588,17.9508
28.3511,4.39053,0,4.39053,12.66,43.4563,493,1,0,2860,41.8409,42.1864,17.9494
28.374,7.9313,0,7.9313,12.66,43.4563,776,1,0,2862,41.8623,42.2075,17.9467
28.3873,5.64679,0,5.64679,12.64,43.3184,455,2,0,2864,41.8809,42.2259,17.9439
28.4044,2.64408,0,2.64408,12.64,43.3184,455,1,0,2865,41.8841,42.229,17.9426
28.4197,7.73822,0,7.73822,12.62,43.2138,474,2,0,2867,41.9212,42.2658,17.9398
28.4372,5.4877,0,5.4877,12.62,43.2138,455,1,0,2869,41.9516,42.2959,17.9371
28.4485,4.51563,0,4.51563,12.6,43.1096,455,3,0,2871,41.9603,42.3044,17.9344
28.4684,3.07319,0,3.07319,12.6,43.1096,445,2,0,2872,41.9697,42.3137,17.933
28.4776,1.53921,0,1.53921,12.58,43.0053,439,1,0,2873,41.9621,42.306,17.9316
28.498,1.14205,0,1.14205,12.58,43.0053,429,0,0,2873,41.9621,42.306,17.9316
28.5078,3.08536,0,3.08536,12.56,42.9012,439,1,0,2875,41.951,42.2946,17.9289
28.5291,3.1339,0,3.1339,12.56,42.9012,449,2,0,2877,41.9402,42.2836,17.9262
28.5386,3.00218,0,3.00218,12.54,42.7972,439,1,0,2878,41.9503,42.2936,17.9248
28.5599,2.91159,0,2.91159,12.54,42.7972,439,1,0,2879,41.9604,42.3036,17.9234
28.5685,1.7935,0,1.7935,12.52,42.6931,430,1,0,2880,41.9632,42.3062,17.9221
28.5894,1.13816,0,1.13816,12.52,42.6931,420,0,0,2881,41.9583,42.3013,17.9207
28.5993,2.88322,0,2.88322,12.5,42.5892,430,1,0,2882,41.9632,42.306,17.9194
28.6234,4.97258,0,4.97258,12.5,42.5892,440,2,0,2884,41.9795,42.3221,17.9166
28.6332,2.89412,0,2.89412,12.48,42.4853,447,2,0,2886,41.9754,42.3177,17.9139
28.6565,4.73486,0,4.73486,12.48,42.4853,455,2,0,2888,41.9789,42.321,17.9112
28.669,5.74992,0,5.74992,12.46,42.3814,445,2,0,2890,41.9983,42.3401,17.9085
28.687,2.50312,0,2.50312,12.46,42.3814,427,1,0,2892,41.9976,42.3392,17.9058
28.6947,0.862299,0,0.862299,12.44,42.2775,404,0,0,2892,41.9976,42.3392,17.9058
28.7179,2.61822,0,2.61822,12.44,42.2775,414,1,0,2893,42.0045,42.346,17.9044
28.7262,1.59533,0,1.59533,12.42,42.1736,424,1,0,2894,42.0038,42.3452,17.9031
28.7536,6.99404,0,6.99404,12.42,42.1736,434,2,0,2896,42.0387,42.3798,17.9004
28.7672,7.18078,0,7.18078,12.4,42.0697,486,4,0,2898,42.0552,42.3968,17.8977
28.7852,3.80228,0,3.80228,12.4,42.0697,448,2,0,2900,42.0538,42.3952,17.895
28.7954,3.42537,0,3.42537,12.38,41.9658,434,1,0,2901,42.0596,42.4009,17.8936
28.8154,2.11082,0,2.11082,12.38,41.9658,436,1,0,2902,42.0596,42.4008,17.8923
28.8271,4.80652,0,4.80652,12.36,41.8619,525,2,0,2903,42.0834,42.422,17.8909
28.8505,6.76375,0,6.76375,12.36,41.8619,457,2,0,2905,42.1084,42.4468,17.8882
28.8575,0.320319,0,0.320319,12.34,41.758,440,0,0,2905,42.1084,42.4468,17.8882
28.8797,1.13129,0,1.13129,12.34,41.758,440,0,0,2905,42.1084,42.4468,17.8882
28.8911,4.40238,0,4.40238,12.32,41.6541,460,1,0,2907,42.1118,42.4499,17.8856
28.9083,0.168045,0,0.168045,12.32,41.6541,440,0,0,2907,42.1118,42.4499,17.8856
28.9178,2.32116,0,2.32116,12.3,41.5502,446,1,0,2908,42.1135,42.4515,17.8842
28.9438,7.34472,0,7.34472,12.3,41.5502,539,1,0,2910,42.1251,42.4629,17.8815
28.9529,1.5592,0,1.5592,12.28,41.4463,439,1,0,2911,42.1237,42.4614,17.8802
28.9764,5.24253,0,5.24253,12.28,41.4463,449,2,0,2913,42.1322,42.4696,17.8775
28.9844,0.426763,0,0.426763,12.26,41.3424,436,0,0,2913,42.1322,42.4696,17.8775
29.0092,5.38991,0,5.38991,12.26,41.3424,446,1,0,2914,42.1555,42.4928,17.8762
29.0228,5.42084,0,5.42084,12.24,41.2385,466,2,0,2916,42.1643,42.5014,17.8735
29.0418,5.22086,0,5.22086,12.24,41.2385,487,2,0,2918,42.1803,42.5171,17.8708
29.0515,1.80618,0,1.80618,12.22,41.1346,446,1,0,2919,42.1733,42.5101,17.8695
29.0765,7.44578,0,7.44578,12.22,41.1346,802,30,0,2921,42.1688,42.5091,17.8668
29.087,2.34043,0,2.34043,12.2,41.0307,439,0,0,2922,42.1766,42.5168,17.8654
29.1074,3.43191,0,3.43191,12.2,41.0307,449,1,0,2924,42.1741,42.514,17.8628
29.1173,2.00282,0,2.00282,12.18,40.9269,453,1,0,2925,42.1768,42.5166,17.8614
29.1381,3.34858,0,3.34858,12.18,40.9269,453,1,0,2926,42.1849,42.5246,17.8601
29.1498,3.37582,0,3.37582,12.16,40.823,488,2,0,2928,42.1841,42.5236,17.8574
29.1676,1.8654,0,1.8654,12.16,40.823,478,1,0,2929,42.1786,42.5179,17.8561
29.1791,3.15047,0,3.15047,12.14,40.7191,492,2,0,2931,42.1788,42.5179,17.8534
29.1979,2.31973,0,2.31973,12.14,40.7191,489,1,0,2932,42.1804,42.5194,17.8521
29.2109,4.28128,0,4.28128,12.12,40.6152,489,1,0,2933,42.1937,42.5326,17.8508
29.2299,3.03541,0,3.03541,12.12,40.6152,489,1,0,2934,42.2021,42.5409,17.8494
29.2426,4.14811,0,4.14811,12.1,40.5113,517,1,0,2936,42.2054,42.5439,17.8468
29.2658,6.86619,0,6.86619,12.1,40.5113,517,1,0,2938,42.2311,42.5694,17.8441
29.2778,3.00666,0,3.00666,12.08,40.4074,537,1,0,2939,42.2338,42.572,17.8428
29.2951,0.832558,0,0.832558,12.08,40.4074,527,0,0,2939,42.2338,42.572,17.8428
29.3044,0.177412,0,0.177412,12.06,40.3035,527,0,0,2939,42.2338,42.572,17.8428
29.3272,3.28304,0,3.28304,12.06,40.3035,537,1,0,2940,42.2425,42.5806,17.8415
29.3392,3.72799,0,3.72799,12.04,40.1996,554,2,0,2942,42.2379,42.5758,17.8388
29.3631,6.26327,0,6.26327,12.04,40.1996,554,2,0,2944,42.2602,42.5978,17.8362
29.3774,5.62536,0,5.62536,12.02,40.0957,541,2,0,2946,42.278,42.6154,17.8335
29.3927,1.46004,0,1.46004,12.02,40.0957,521,1,0,2947,42.2684,42.6057,17.8322
29.402,1.2829,0,1.2829,12,39.9918,524,1,0,2948,42.2602,42.5974,17.8309
29.4292,7.17301,0,7.17301,12,39.9918,535,2,0,2950,42.2939,42.6308,17.8282
29.4397,2.12999,0,2.12999,11.98,39.8879,514,1,0,2951,42.2952,42.632,17.8269
29.4594,1.67471,0,1.67471,11.98,39.8879,510,0,0,2952,42.293,42.6297,17.8256
29.4735,6.36763,0,6.36763,11.96,39.784,518,2,0,2954,42.3189,42.6554,17.8229
29.4917,2.95538,0,2.95538,11.96,39.784,508,1,0,2956,42.3072,42.6434,17.8203
29.5031,3.36494,0,3.36494,11.94,39.6801,600,0,0,2957,42.3142,42.6503,17.819
29.5244,3.41325,0,3.41325,11.94,39.6801,532,1,0,2958,42.3259,42.6619,17.8177
29.5365,4.09529,0,4.09529,11.92,39.5762,542,1,0,2959,42.3457,42.6816,17.8163
29.5589,5.19707,0,5.19707,11.92,39.5762,552,2,0,2961,42.3671,42.7028,17.8137
29.5705,2.98,0,2.98,11.9,39.4723,569,1,0,2962,42.3741,42.7097,17.8124
29.5937,4.60938,0,4.60938,11.9,39.4723,572,1,0,2964,42.3917,42.7271,17.8098
29.6071,4.12913,0,4.12913,11.88,39.3684,582,1,0,2965,42.4088,42.744,17.8085
29.6278,4.98205,0,4.98205,11.88,39.3684,601,2,0,2967,42.4152,42.7503,17.8058
29.6371,0.002357,0,0.002357,11.86,39.2645,576,0,0,2967,42.4152,42.7503,17.8058
29.6594,2.6456,0,2.6456,11.86,39.2645,604,2,0,2968,42.4175,42.7534,17.8045
29.6762,6.75681,0,6.75681,11.84,39.1606,676,2,0,2970,42.433,42.7687,17.8019
29.695,5.31175,0,5.31175,11.84,39.1606,676,2,0,2972,42.4478,42.7833,17.7993
29.7139,8.39765,0,8.39765,11.82,39.0567,728,2,0,2974,42.4859,42.8211,17.7967
29.7264,1.49515,0,1.49515,11.82,39.0567,694,1,0,2975,42.48,42.8151,17.7953
29.7399,2.75395,0,2.75395,11.8,38.9528,712,1,0,2976,42.4852,42.8202,17.794
29.7602,3.55029,0,3.55029,11.8,38.9528,702,0,0,2977,42.5039,42.8388,17.7927
29.7733,2.20978,0,2.20978,11.78,38.8489,740,1,0,2978,42.498,42.8328,17.7914
29.7943,3.58516,0,3.58516,11.78,38.8489,764,1,0,2980,42.4889,42.8235,17.7888
29.812,6.24064,0,6.24064,11.76,38.745,786,2,0,2982,42.5141,42.8484,17.7862
29.8288,3.54498,0,3.54498,11.76,38.745,768,1,0,2983,42.5243,42.8585,17.7849
29.8458,5.2869,0,5.2869,11.74,38.6411,790,4,0,2985,42.5303,42.8633,17.7823
29.8655,5.55886,0,5.55886,11.74,38.6411,775,2,0,2987,42.5454,42.8781,17.7797
29.8788,2.05323,0,2.05323,11.72,38.5372,772,1,0,2988,42.5408,42.8735,17.7784
29.8998,2.97411,0,2.97411,11.72,38.5372,772,1,0,2989,42.5534,42.8859,17.7771
29.9134,2.16067,0,2.16067,11.7,38.4333,769,0,0,2990,42.5542,42.8866,17.7758
29.9354,4.09891,0,4.09891,11.7,38.4333,790,2,0,2992,42.5582,42.8904,17.7732
29.9499,2.99875,0,2.99875,11.68,38.3294,799,2,0,2994,42.5484,42.8804,17.7706
29.9723,4.8582,0,4.8582,11.68,38.3294,799,2,0,2996,42.5591,42.8909,17.768
30.0787,95.4566,47.54,47.9166,11.66,38.2255,12954,1111,0,2997,42.334,42.683,17.7667
30.0975,6.49374,0,6.49374,11.64,40.0424,793,1,0,2999,42.3588,42.7076,17.7641
30.1163,6.01239,0,6.01239,11.64,40.0424,793,1,0,3001,42.3839,42.7324,17.7615
30.1299,3.59195,0,3.59195,11.62,39.9385,800,1,0,3003,42.3919,42.7403,17.7589
30.1532,5.65712,0,5.65712,11.62,39.9385,800,1,0,3005,42.3967,42.7448,17.7563
30.1631,0.161922,0,0.161922,11.6,39.8346,800,0,0,3005,42.3967,42.7448,17.7563
30.1908,5.82134,0,5.82134,11.6,39.8346,810,1,0,3006,42.4222,42.7701,17.755
30.2023,0.929512,0,0.929512,11.58,39.7307,800,0,0,3006,42.4222,42.7701,17.755
30.2286,6.99634,0,6.99634,11.58,39.7307,820,2,0,3008,42.4561,42.8039,17.7524
30.2417,2.77715,0,2.77715,11.56,39.6268,810,1,0,3009,42.4636,42.8112,17.7512
30.2636,4.91248,0,4.91248,11.56,39.6268,820,2,0,3011,42.4743,42.8217,17.7486
30.2757,1.86509,0,1.86509,11.54,39.5229,810,1,0,3012,42.4748,42.822,17.7473
30.2999,4.68671,0,4.68671,11.54,39.5229,823,1,0,3014,42.4814,42.8285,17.7447
30.3137,3.14575,0,3.14575,11.52,39.419,810,1,0,3015,42.4872,42.8342,17.7434
30.3371,6.01249,0,6.01249,11.52,39.419,909,1,0,3017,42.4988,42.8455,17.7408
30.3511,4.26837,0,4.26837,11.5,39.3151,807,1,0,3019,42.4975,42.844,17.7383
30.3733,5.37411,0,5.37411,11.5,39.3151,810,2,0,3021,42.5114,42.8577,17.7357
30.3859,2.85149,0,2.85149,11.48,39.2112,793,1,0,3022,42.5172,42.8633,17.7344
30.4094,5.06524,0,5.06524,11.48,39.2112,803,2,0,3024,42.5268,42.8727,17.7319
30.4221,3.02774,0,3.02774,11.46,39.1073,793,1,0,3025,42.5299,42.8757,17.7306
30.4416,0.856756,0,0.856756,11.46,39.1073,783,0,0,3025,42.5299,42.8757,17.7306
30.4555,4.15038,0,4.15038,11.44,39.0034,803,2,0,3027,42.5279,42.8735,17.728
30.4788,5.71938,0,5.71938,11.44,39.0034,806,2,0,3029,42.5414,42.8868,17.7254
30.4973,8.97779,0,8.97779,11.42,38.8995,863,2,0,3031,42.5724,42.9175,17.7229
30.5148,4.7357,0,4.7357,11.42,38.8995,803,1,0,3032,42.6003,42.9453,17.7216
30.5296,5.35502,0,5.35502,11.4,38.7956,843,2,0,3034,42.6094,42.9542,17.7191
30.5482,2.41183,0,2.41183,11.4,38.7956,814,1,0,3035,42.6135,42.9582,17.7178
30.5605,2.6487,0,2.6487,11.38,38.6917,819,2,0,3036,42.6159,42.9605,17.7165
30.5826,3.30889,0,3.30889,11.38,38.6917,813,1,0,3038,42.6201,42.9645,17.7139
30.5969,3.33606,0,3.33606,11.36,38.5878,847,1,0,3040,42.6135,42.9576,17.7114
30.6181,4.55727,0,4.55727,11.36,38.5878,850,2,0,3042,42.6187,42.9625,17.7088
30.6329,4.12899,0,4.12899,11.34,38.484,848,1,0,3043,42.626,42.9698,17.7076
30.6495,0.657399,0,0.657399,11.34,38.484,830,0,0,3043,42.626,42.9698,17.7076
30.6633,2.84784,0,2.84784,11.32,38.3801,880,1,0,3044,42.6311,42.9747,17.7063
30.6837,3.14818,0,3.14818,11.32,38.3801,880,1,0,3045,42.6374,42.981,17.705
30.6999,4.04006,0,4.04006,11.3,38.2761,850,1,0,3047,42.6403,42.9836,17.7025
30.7181,3.61353,0,3.61353,11.3,38.2761,850,1,0,3048,42.6555,42.9987,17.7012
30.7326,3.26748,0,3.26748,11.28,38.1722,894,0,0,3049,42.6661,43.0092,17.6999
30.7504,1.54232,0,1.54232,11.28,38.1722,870,0,0,3050,42.6567,42.9997,17.6987
30.7698,7.91515,0,7.91515,11.26,37.9954,860,2,0,3052,42.6877,43.0305,17.6961
30.7862,4.76975,0,4.76975,11.26,37.9954,870,2,0,3054,42.702,43.0445,17.6936
30.8044,7.03089,0,7.03089,11.24,37.8513,850,2,0,3056,42.7366,43.0789,17.6911
30.8231,6.29046,0,6.29046,11.24,37.8513,857,2,0,3058,42.7603,43.1024,17.6885
30.8364,1.92029,0,1.92029,11.22,37.7072,850,1,0,3059,42.7617,43.1036,17.6873
30.8586,4.50082,0,4.50082,11.22,37.7072,854,1,0,3061,42.7635,43.1052,17.6847
30.8702,0.482816,0,0.482816,11.2,37.5636,840,0,0,3061,42.7635,43.1052,17.6847
30.891,1.00314,0,1.00314,11.2,37.5636,840,0,0,3061,42.7635,43.1052,17.6847
30.9077,4.75539,0,4.75539,11.18,37.4199,860,1,0,3063,42.7721,43.1136,17.6822
30.9275,4.98529,0,4.98529,11.18,37.4199,860,1,0,3064,42.7993,43.1407,17.6809
30.9412,2.71839,0,2.71839,11.16,36.3107,870,1,0,3065,42.8046,43.1458,17.6797
30.9665,7.07889,0,7.07889,11.16,36.3107,935,2,0,3067,42.836,43.177,17.6772
30.9801,3.48198,0,3.48198,11.14,36.1983,932,0,0,3068,42.8491,43.19,17.6759
30.9987,0.280038,0,0.280038,11.14,36.1983,850,0,0,3068,42.8491,43.19,17.6759
31.0114,2.90742,0,2.90742,11.12,36.0862,866,1,0,3069,42.8579,43.1988,17.6746
31.0355,5.06198,0,5.06198,11.12,36.0862,896,1,0,3070,42.8762,43.2169,17.6734
31.048,2.528,0,2.528,11.1,35.9741,860,0,0,3071,42.8782,43.2188,17.6721
31.0691,2.17275,0,2.17275,11.1,35.9741,870,1,0,3072,42.8724,43.2129,17.6709
31.0836,4.18513,0,4.18513,11.08,35.8622,868,0,0,3074,42.8705,43.2108,17.6683
31.1086,6.50521,0,6.50521,11.08,35.8622,870,2,0,3076,42.8999,43.2399,17.6658
31.1221,2.56441,0,2.56441,11.06,35.7503,860,1,0,3077,42.8999,43.2398,17.6646
31.1479,7.36029,0,7.36029,11.06,35.7503,870,2,0,3079,42.9269,43.2666,17.6621
31.1625,3.27542,0,3.27542,11.04,35.6385,870,1,0,3080,42.9442,43.2838,17.6608
31.184,4.72623,0,4.72623,11.04,35.6385,860,1,0,3081,42.9565,43.296,17.6595
31.2003,5.30323,0,5.30323,11.02,35.5267,860,2,0,3083,42.9741,43.3133,17.657
31.2221,5.07548,0,5.07548,11.02,35.5267,860,2,0,3085,42.9854,43.3245,17.6545
31.2383,4.26984,0,4.26984,11,35.4149,860,1,0,3086,43.0013,43.3402,17.6533
31.2568,2.28773,0,2.28773,11,35.4149,850,0,0,3087,42.9961,43.335,17.652
31.2714,4.39925,0,4.39925,10.98,35.3031,870,2,0,3089,43.0065,43.3451,17.6495
31.2885,0.002138,0,0.002138,10.98,35.3031,850,0,0,3089,43.0065,43.3451,17.6495
31.3021,3.39567,0,3.39567,10.96,35.1912,870,2,0,3091,43.0107,43.3491,17.647
31.3253,4.99378,0,4.99378,10.96,35.1912,860,1,0,3093,43.0262,43.3644,17.6445
31.3383,2.76731,0,2.76731,10.94,35.0794,850,0,0,3094,43.0326,43.3707,17.6433
31.3589,2.13685,0,2.13685,10.94,35.0794,860,1,0,3095,43.0304,43.3683,17.642
31.3733,4.09759,0,4.09759,10.92,34.9676,870,1,0,3096,43.0446,43.3824,17.6408
31.3951,4.46964,0,4.46964,10.92,34.9676,880,2,0,3098,43.0407,43.3783,17.6383
31.4122,6.76241,0,6.76241,10.9,34.8558,880,2,0,3100,43.0642,43.4016,17.6358
31.4272,0.559392,0,0.559392,10.9,34.8558,860,0,0,3100,43.0642,43.4016,17.6358
31.4384,0.770039,0,0.770039,10.88,34.744,860,0,0,3100,43.0642,43.4016,17.6358
31.464,5.01825,0,5.01825,10.88,34.744,880,2,0,3102,43.0764,43.4136,17.6333
31.4883,13.7271,7.50481,6.22225,10.86,34.6321,1084,2,0,3104,43.0934,43.4304,17.6308
31.5014,1.85583,0,1.85583,10.84,34.5203,880,1,0,3105,43.0844,43.4213,17.6296
31.5214,1.53053,0,1.53053,10.84,34.5203,880,1,0,3106,43.0786,43.4153,17.6283
31.5351,3.27605,0,3.27605,10.82,34.4085,900,2,0,3108,43.0775,43.4141,17.6258
31.5589,5.94822,0,5.94822,10.82,34.4085,900,2,0,3110,43.0932,43.4296,17.6234
31.571,1.63975,0,1.63975,10.8,34.2967,890,1,0,3111,43.0929,43.4291,17.6221
31.5942,3.30733,0,3.30733,10.8,34.2967,890,1,0,3112,43.1019,43.438,17.6209
31.6055,0.631068,0,0.631068,10.78,34.1849,890,0,0,3112,43.1019,43.438,17.6209
31.6281,1.82186,0,1.82186,10.78,34.1849,900,0,0,3113,43.0948,43.4308,17.6196
31.6431,4.62,0,4.62,10.76,34.0731,900,2,0,3115,43.1047,43.4404,17.6172
31.6645,4.09142,0,4.09142,10.76,34.0731,910,2,0,3117,43.1046,43.4402,17.6147
31.6773,2.46908,0,2.46908,10.74,33.9612,910,2,0,3119,43.0914,43.4267,17.6122
31.7017,5.40672,0,5.40672,10.74,33.9612,910,2,0,3121,43.1102,43.4454,17.6097
31.7218,9.25697,0,9.25697,10.72,33.8494,1087,1,0,3123,43.1374,43.4723,17.6073
31.7382,4.72283,0,4.72283,10.72,33.8494,890,1,0,3125,43.1549,43.4896,17.6048
31.7532,3.79016,0,3.79016,10.7,33.7376,920,1,0,3126,43.1654,43.5,17.6036
31.77,0.772904,0,0.772904,10.7,33.7376,910,0,0,3126,43.1654,43.5,17.6036
31.7834,3.01593,0,3.01593,10.68,33.6258,940,1,0,3127,43.1701,43.5046,17.6023
31.8071,4.97989,0,4.97989,10.68,33.6258,1283,0,0,3128,43.1886,43.523,17.6011
31.8222,3.42327,0,3.42327,10.66,33.514,930,1,0,3129,43.2029,43.5372,17.5999
31.8428,4.4373,0,4.4373,10.66,33.514,953,2,0,3131,43.1993,43.5334,17.5974
31.8584,3.73442,0,3.73442,10.64,33.4021,920,1,0,3132,43.2107,43.5447,17.5962
31.8788,4.74741,0,4.74741,10.64,33.4021,930,2,0,3134,43.2214,43.5552,17.5937
31.8933,2.66822,0,2.66822,10.62,33.2903,920,1,0,3135,43.2268,43.5604,17.5925
31.9122,1.50903,0,1.50903,10.62,33.2903,920,1,0,3136,43.2219,43.5555,17.5913
31.9323,8.15531,0,8.15531,10.6,33.1785,941,2,0,3138,43.2562,43.5895,17.5888
31.9473,4.15299,0,4.15299,10.6,33.1785,991,1,0,3139,43.2743,43.6075,17.5876
31.965,6.27181,0,6.27181,10.58,33.0667,920,2,0,3141,43.3031,43.6361,17.5851
31.9834,4.64447,0,4.64447,10.58,33.0667,910,1,0,3143,43.3185,43.6513,17.5827
32.0002,5.23915,0,5.23915,10.56,32.9549,910,1,0,3144,43.3372,43.6698,17.5815
32.0199,4.28201,0,4.28201,10.56,32.9549,920,2,0,3146,43.3385,43.671,17.579
32.033,2.78034,0,2.78034,10.54,32.843,920,2,0,3148,43.3339,43.6661,17.5766
32.0567,4.91953,0,4.91953,10.54,32.843,920,2,0,3150,43.339,43.6711,17.5741
32.0717,4.75972,0,4.75972,10.52,32.7312,910,1,0,3152,43.3372,43.6691,17.5717
32.0947,6.21665,0,6.21665,10.52,32.7312,920,2,0,3154,43.3586,43.6902,17.5692
32.1069,1.6147,0,1.6147,10.5,32.6194,900,0,0,3155,43.3544,43.6859,17.568
32.1312,4.62099,0,4.62099,10.5,32.6194,910,1,0,3156,43.3745,43.706,17.5668
32.1502,8.2478,0,8.2478,10.48,32.5076,1042,1,0,3158,43.4072,43.7384,17.5644
32.1686,5.8041,0,5.8041,10.48,32.5076,938,2,0,3160,43.4285,43.7595,17.5619
32.1872,6.7802,0,6.7802,10.46,32.3958,910,2,0,3162,43.4567,43.7875,17.5595
32.2018,1.50306,0,1.50306,10.46,32.3958,890,0,0,3163,43.4502,43.7809,17.5583
32.2174,3.86945,0,3.86945,10.44,32.2839,920,1,0,3164,43.4649,43.7955,17.5571
32.2353,2.15848,0,2.15848,10.44,32.2839,920,1,0,3165,43.4692,43.7997,17.5558
32.254,7.27546,0,7.27546,10.42,32.1721,943,2,0,3167,43.5052,43.8355,17.5534
32.2743,7.63583,0,7.63583,10.42,32.1721,950,2,0,3169,43.532,43.8621,17.551
32.2897,4.21469,0,4.21469,10.4,32.0603,938,2,0,3171,43.533,43.8628,17.5486
32.3078,2.64352,0,2.64352,10.4,32.0603,920,1,0,3172,43.5381,43.8679,17.5474
32.32,0.567538,0,0.567538,10.38,31.9485,910,0,0,3172,43.5381,43.8679,17.5474
32.3435,4.62789,0,4.62789,10.38,31.9485,930,2,0,3174,43.5491,43.8787,17.5449
32.3578,3.08766,0,3.08766,10.36,31.8367,940,2,0,3176,43.5387,43.8681,17.5425
32.3792,4.39318,0,4.39318,10.36,31.8367,930,2,0,3178,43.539,43.8682,17.5401
32.4193,28.3687,22.7189,5.64981,10.34,31.7248,2234,254,0,3180,43.527,43.855,17.5377
32.4349,4.36664,0,4.36664,10.32,31.613,880,1,0,3181,43.5454,43.8733,17.5365
32.4558,4.78016,0,4.78016,10.32,31.613,890,2,0,3183,43.5529,43.8806,17.5341
32.4691,3.00422,0,3.00422,10.3,31.5012,880,1,0,3185,43.5454,43.8728,17.5316
32.4899,2.11364,0,2.11364,10.3,31.5012,880,1,0,3186,43.5452,43.8726,17.5304
32.501,0.739402,0,0.739402,10.28,31.3894,870,0,0,3186,43.5452,43.8726,17.5304
32.5272,4.92449,0,4.92449,10.28,31.3894,890,2,0,3188,43.5599,43.8871,17.528
32.541,3.64393,0,3.64393,10.26,31.2776,890,1,0,3189,43.5657,43.8928,17.5268
32.5667,7.44853,0,7.44853,10.26,31.2776,890,2,0,3191,43.5979,43.9248,17.5244
32.5827,5.03371,0,5.03371,10.24,31.1658,860,1,0,3192,43.6071,43.9339,17.5232
32.6066,2.74916,0,2.74916,10.24,31.1658,850,0,0,3192,43.6071,43.9339,17.5232
32.6265,8.49678,0,8.49678,10.22,31.0539,880,2,0,3194,43.6387,43.9652,17.5208
32.6393,1.92629,0,1.92629,10.2,30.9421,870,0,0,3195,43.6335,43.9599,17.5196
32.6612,2.99995,0,2.99995,10.2,30.9421,880,1,0,3196,43.6427,43.969,17.5184
32.6818,8.35995,0,8.35995,10.18,30.8303,860,2,0,3198,43.6764,44.0025,17.516
32.6969,4.24439,0,4.24439,10.16,30.7185,859,1,0,3199,43.6962,44.0222,17.5148
32.7185,4.65803,0,4.65803,10.16,30.7185,860,2,0,3201,43.697,44.0228,17.5124
32.7338,4.48064,0,4.48064,10.14,30.6067,880,2,0,3203,43.7096,44.0353,17.51
32.7567,6.26293,0,6.26293,10.14,30.6067,880,2,0,3205,43.7301,44.0555,17.5076
32.7683,0.865093,0,0.865093,10.12,30.4948,880,0,0,3205,43.7301,44.0555,17.5076
32.7891,0.437671,0,0.437671,10.12,30.4948,880,0,0,3205,43.7301,44.0555,17.5076
32.8024,2.96879,0,2.96879,10.1,30.383,890,1,0,3206,43.7417,44.0671,17.5064
32.8215,0.515669,0,0.515669,10.1,30.383,880,0,0,3206,43.7417,44.0671,17.5064
32.8344,2.44276,0,2.44276,10.08,30.2712,890,1,0,3207,43.7428,44.068,17.5052
32.8563,3.12539,0,3.12539,10.08,30.2712,890,1,0,3208,43.7488,44.0739,17.504
32.8684,1.47476,0,1.47476,10.06,30.1594,910,1,0,3209,43.7454,44.0704,17.5028
32.8909,2.71423,0,2.71423,10.06,30.1594,913,1,0,3210,43.7489,44.0738,17.5017
32.9056,3.72125,0,3.72125,10.04,30.0476,920,1,0,3211,43.7574,44.0822,17.5005
32.9271,3.65682,0,3.65682,10.04,30.0476,920,1,0,3213,43.756,44.0806,17.4981
32.9443,5.20592,0,5.20592,10.02,29.9357,940,2,0,3215,43.7645,44.089,17.4957
32.9616,3.05056,0,3.05056,10.02,29.9357,930,1,0,3216,43.778,44.1023,17.4945
32.9758,2.61194,0,2.61194,10,29.8239,930,1,0,3218,43.7629,44.087,17.4921
32.9958,3.34024,0,3.34024,10,29.8239,930,1,0,3219,43.7689,44.0929,17.4909
33.0259,18.0428,14.4568,3.58604,9.98,29.7121,2057,93,0,3220,43.7646,44.091,17.4897
33.0415,3.87363,0,3.87363,9.96,29.6003,943,2,0,3222,43.7666,44.0928,17.4874
33.0606,3.59429,0,3.59429,9.96,29.6003,933,1,0,3223,43.7754,44.1015,17.4862
33.0767,4.07686,0,4.07686,9.94,29.4885,943,2,0,3225,43.7836,44.1095,17.4838
33.0957,3.85433,0,3.85433,9.94,29.4885,943,2,0,3227,43.784,44.1097,17.4814
33.1122,4.78717,0,4.78717,9.92,27.9105,953,2,0,3229,43.7835,44.109,17.479
33.1281,0.736286,0,0.736286,9.92,27.9105,933,0,0,3229,43.7835,44.109,17.479
33.1427,2.47192,0,2.47192,9.9,27.8616,943,1,0,3230,43.7861,44.1115,17.4779
33.1655,5.58231,0,5.58231,9.9,27.8616,953,2,0,3232,43.8045,44.1296,17.4755
33.1816,4.17088,0,4.17088,9.88,27.8128,969,2,0,3234,43.812,44.137,17.4731
33.2023,4.99669,0,4.99669,9.88,27.8128,953,2,0,3236,43.8155,44.1403,17.4708
33.2178,3.8123,0,3.8123,9.86,27.764,963,2,0,3238,43.8249,44.1495,17.4684
33.2378,3.26474,0,3.26474,9.86,27.764,953,1,0,3240,43.8228,44.1472,17.466
33.2538,4.94545,0,4.94545,9.84,27.7152,953,1,0,3242,43.8322,44.1564,17.4637
33.2734,3.24563,0,3.24563,9.84,27.7152,953,1,0,3243,43.8412,44.1653,17.4625
33.2876,3.64075,0,3.64075,9.82,27.6664,943,1,0,3244,43.853,44.1769,17.4613
33.3103,4.64264,0,4.64264,9.82,27.6664,963,2,0,3246,43.8567,44.1805,17.4589
33.3294,8.06681,0,8.06681,9.8,27.6177,953,2,0,3248,43.8919,44.2155,17.4566
33.3477,5.34331,0,5.34331,9.8,27.6177,943,1,0,3250,43.9012,44.2246,17.4542
33.3629,4.27324,0,4.27324,9.78,27.5691,953,2,0,3252,43.8998,44.2229,17.4519
33.3825,2.70008,0,2.70008,9.78,27.5691,943,1,0,3253,43.8995,44.2226,17.4507
33.3988,5.36427,0,5.36427,9.76,27.5205,952,2,0,3255,43.9121,44.235,17.4484
33.4171,2.41249,0,2.41249,9.76,27.5205,933,1,0,3256,43.9106,44.2334,17.4472
33.4316,3.62949,0,3.62949,9.74,27.4718,933,1,0,3257,43.9248,44.2475,17.446
33.4556,5.90939,0,5.90939,9.74,27.4718,943,2,0,3259,43.9365,44.259,17.4437
33.4734,6.13031,0,6.13031,9.72,27.4232,950,2,0,3261,43.9592,44.2815,17.4413
33.4906,3.95612,0,3.95612,9.72,27.4232,940,1,0,3262,43.9733,44.2955,17.4401
33.5062,4.08945,0,4.08945,9.7,27.3747,940,1,0,3263,43.9911,44.3132,17.439
33.5284,6.50947,0,6.50947,9.7,27.3747,950,2,0,3265,44.011,44.3329,17.4366
33.5435,3.75162,0,3.75162,9.68,27.3262,950,1,0,3266,44.0239,44.3457,17.4355
33.5627,3.03081,0,3.03081,9.68,27.3262,950,1,0,3267,44.0315,44.3532,17.4343
33.5782,4.10981,0,4.10981,9.66,27.2777,940,1,0,3268,44.0474,44.369,17.4331
33.5967,2.86196,0,2.86196,9.66,27.2777,940,1,0,3269,44.0499,44.3714,17.432
33.6149,6.3951,0,6.3951,9.64,27.2292,940,2,0,3271,44.0703,44.3916,17.4296
33.6286,0.680769,0,0.680769,9.64,27.2292,920,0,0,3271,44.0703,44.3916,17.4296
33.6626,22.1315,18.1716,3.95991,9.62,27.1808,2134,676,0,3272,44.0633,44.3802,17.4285
33.6836,14.5768,0,14.5768,9.6,32.6055,1803,65,0,3274,44.0516,44.376,17.4261
33.6951,5.22063,0,5.22063,9.58,32.2269,530,2,0,3276,44.0571,44.3813,17.4238
33.7151,3.69359,0,3.69359,9.58,32.2269,520,1,0,3277,44.0714,44.3955,17.4226
33.7293,7.42471,0,7.42471,9.56,31.8484,546,2,0,3279,44.0994,44.4233,17.4203
33.7467,3.3175,0,3.3175,9.56,31.8484,526,0,0,3280,44.1064,44.4302,17.4191
33.7588,5.54973,0,5.54973,9.54,31.4701,566,1,0,3282,44.1328,44.4564,17.4168
33.782,7.20651,0,7.20651,9.54,31.4701,576,2,0,3284,44.1547,44.4781,17.4145
33.7943,5.87645,0,5.87645,9.52,31.0919,576,1,0,3286,44.1698,44.493,17.4122
33.8155,5.21636,0,5.21636,9.52,31.0919,566,1,0,3288,44.1831,44.5061,17.4098
33.8266,4.51656,0,4.51656,9.5,30.7137,630,1,0,3289,44.2031,44.526,17.4087
33.8463,2.50184,0,2.50184,9.5,30.7137,579,1,0,3290,44.2064,44.5292,17.4075
33.8565,3.79882,0,3.79882,9.48,30.3355,556,1,0,3292,44.2157,44.5383,17.4052
33.8781,3.54417,0,3.54417,9.48,30.3355,546,0,0,3293,44.2268,44.5493,17.404
33.8879,3.40284,0,3.40284,9.46,27.7254,554,1,0,3294,44.2359,44.5583,17.4029
33.911,4.58763,0,4.58763,9.46,27.7254,544,0,0,3296,44.2552,44.5774,17.4006
33.9231,5.77919,0,5.77919,9.44,27.6788,526,0,0,3298,44.2653,44.5873,17.3983
33.9424,3.29556,0,3.29556,9.44,27.6788,536,1,0,3299,44.2725,44.5944,17.3971
33.951,2.27459,0,2.27459,9.42,27.6322,536,1,0,3300,44.2688,44.5906,17.3959
33.9751,4.6733,0,4.6733,9.42,27.6322,546,2,0,3302,44.2792,44.6008,17.3936
33.9833,1.78227,0,1.78227,9.4,27.5857,536,1,0,3303,44.2773,44.5988,17.3925
34.0104,7.18216,0,7.18216,9.4,27.5857,564,2,0,3305,44.3002,44.6215,17.3902
34.0223,5.35341,0,5.35341,9.38,27.5392,553,1,0,3307,44.3099,44.6311,17.3879
34.0431,4.38368,0,4.38368,9.38,27.5392,546,1,0,3309,44.3209,44.6419,17.3856
34.0567,7.10542,0,7.10542,9.36,27.4928,546,2,0,3311,44.3383,44.659,17.3833
34.0775,6.20148,0,6.20148,9.36,27.4928,540,1,0,3313,44.3601,44.6807,17.381
34.0889,5.18741,0,5.18741,9.34,27.4464,546,1,0,3315,44.3626,44.683,17.3787
34.1065,0.912139,0,0.912139,9.34,27.4464,526,0,0,3315,44.3626,44.683,17.3787
34.1167,4.10623,0,4.10623,9.32,27.4,526,1,0,3316,44.3809,44.7011,17.3775
34.1387,4.24225,0,4.24225,9.32,27.4,536,2,0,3318,44.3825,44.7025,17.3752
34.1489,3.7241,0,3.7241,9.3,27.3536,526,1,0,3320,44.3937,44.7136,17.3729
34.1695,2.46011,0,2.46011,9.3,27.3536,516,0,0,3321,44.3984,44.7182,17.3718
34.1805,4.91761,0,4.91761,9.28,27.3073,526,1,0,3323,44.4051,44.7246,17.3695
34.2032,5.67929,0,5.67929,9.28,27.3073,538,2,0,3325,44.4135,44.7329,17.3672
34.2102,0.760454,0,0.760454,9.26,27.2609,518,1,0,3326,44.4023,44.7216,17.3661
34.2349,3.8324,0,3.8324,9.26,27.2609,528,2,0,3328,44.4005,44.7197,17.3638
34.2453,4.0446,0,4.0446,9.24,27.2146,508,0,0,3330,44.4021,44.721,17.3615
34.2686,5.46288,0,5.46288,9.24,27.2146,518,1,0,3332,44.4103,44.729,17.3592
34.2773,2.16559,0,2.16559,9.22,27.1684,520,1,0,3333,44.4104,44.7291,17.3581
34.3028,6.1992,0,6.1992,9.22,27.1684,530,2,0,3335,44.4216,44.74,17.3558
34.3135,4.46905,0,4.46905,9.2,27.1221,530,1,0,3336,44.4353,44.7536,17.3546
34.3373,6.27654,0,6.27654,9.2,27.1221,530,2,0,3338,44.4518,44.7699,17.3523
34.3493,5.16672,0,5.16672,9.18,27.076,530,1,0,3340,44.4557,44.7737,17.3501
34.3724,7.04657,0,7.04657,9.18,27.076,549,2,0,3342,44.4788,44.7965,17.3478
34.3825,3.24546,0,3.24546,9.16,27.0297,520,0,0,3343,44.487,44.8047,17.3467
34.4044,3.75485,0,3.75485,9.16,27.0297,540,2,0,3345,44.478,44.7955,17.3444
34.4194,8.28063,0,8.28063,9.14,26.9836,544,2,0,3347,44.5121,44.8294,17.3421
34.4408,8.21512,0,8.21512,9.14,26.9836,532,2,0,3349,44.536,44.8531,17.3398
34.4493,1.88047,0,1.88047,9.12,26.9374,524,1,0,3350,44.5319,44.849,17.3387
34.4727,3.81896,0,3.81896,9.12,26.9374,514,0,0,3351,44.538,44.855,17.3376
34.4845,5.04004,0,5.04004,9.1,26.8913,530,1,0,3353,44.547,44.8637,17.3353
34.5035,2.70445,0,2.70445,9.1,26.8913,544,0,0,3354,44.5462,44.8629,17.3342
34.5127,2.42873,0,2.42873,9.08,26.8452,524,1,0,3355,44.5502,44.8668,17.333
34.5372,5.4199,0,5.4199,9.08,26.8452,524,1,0,3356,44.5694,44.8859,17.3319
34.5467,2.70085,0,2.70085,9.06,26.7991,540,0,0,3357,44.5716,44.888,17.3308
34.5672,2.01355,0,2.01355,9.06,26.7991,538,0,0,3358,44.5673,44.8836,17.3296
34.5812,7.34015,0,7.34015,9.04,26.753,536,2,0,3360,44.5949,44.911,17.3274
34.603,7.73783,0,7.73783,9.04,26.753,539,1,0,3362,44.6175,44.9334,17.3251
34.6155,6.03465,0,6.03465,9.02,26.7069,527,1,0,3364,44.6296,44.9453,17.3229
34.6329,1.64003,0,1.64003,9.02,26.7069,506,0,0,3365,44.6288,44.9444,17.3217
34.6435,3.88157,0,3.88157,9,26.6607,526,1,0,3367,44.6261,44.9415,17.3195
34.6666,5.62865,0,5.62865,9,26.6607,516,1,0,3369,44.637,44.9522,17.3172
34.6782,5.0289,0,5.0289,8.98,26.6146,548,2,0,3371,44.6455,44.9605,17.315
34.701,6.24729,0,6.24729,8.98,26.6146,723,1,0,3373,44.6505,44.9653,17.3127
34.7149,7.37845,0,7.37845,8.96,26.5685,524,2,0,3375,44.6812,44.9959,17.3105
34.7363,6.93218,0,6.93218,8.96,26.5685,524,2,0,3377,44.7098,45.0243,17.3082
34.7429,0.119077,0,0.119077,8.94,26.5224,504,0,0,3377,44.7098,45.0243,17.3082
34.7698,5.72393,0,5.72393,8.94,26.5224,524,2,0,3379,44.7209,45.0352,17.306
34.7761,0.253739,0,0.253739,8.92,26.4763,492,0,0,3379,44.7209,45.0352,17.306
34.7998,2.29986,0,2.29986,8.92,26.4763,502,1,0,3380,44.7169,45.0311,17.3049
34.8112,5.22377,0,5.22377,8.9,26.4301,504,2,0,3382,44.72,45.034,17.3026
34.8341,6.269,0,6.269,8.9,26.4301,504,2,0,3384,44.7335,45.0473,17.3004
34.8422,1.97839,0,1.97839,8.88,26.384,482,0,0,3385,44.74,45.0538,17.2992
34.8669,5.06616,0,5.06616,8.88,26.384,492,1,0,3387,44.7487,45.0623,17.297
34.8812,7.89787,0,7.89787,8.86,26.3379,541,2,0,3389,44.7769,45.0903,17.2948
34.9017,7.16116,0,7.16116,8.86,26.3379,495,2,0,3391,44.7948,45.1079,17.2925
34.9135,5.8168,0,5.8168,8.84,26.2918,492,2,0,3393,44.8022,45.1152,17.2903
34.9349,5.24026,0,5.24026,8.84,26.2918,492,2,0,3395,44.8141,45.127,17.2881
34.9464,5.1297,0,5.1297,8.82,26.2457,482,1,0,3396,44.8342,45.1469,17.2869
34.9664,3.49046,0,3.49046,8.82,26.2457,482,1,0,3397,44.8381,45.1507,17.2858
34.9728,0.318974,0,0.318974,8.8,26.1996,474,0,0,3397,44.8381,45.1507,17.2858
34.9983,3.76687,0,3.76687,8.8,26.1996,487,1,0,3398,44.8496,45.1622,17.2847
35.0046,0.270148,0,0.270148,8.78,26.1534,464,0,0,3398,44.8496,45.1622,17.2847
35.0283,2.16412,0,2.16412,8.78,26.1534,474,1,0,3399,44.8479,45.1603,17.2836
35.0346,0.317202,0,0.317202,8.76,26.1073,474,0,0,3399,44.8479,45.1603,17.2836
35.0601,3.97236,0,3.97236,8.76,26.1073,484,1,0,3400,44.865,45.1774,17.2825
35.0707,4.604,0,4.604,8.74,26.0612,503,2,0,3402,44.871,45.1831,17.2803
35.0915,3.48459,0,3.48459,8.74,26.0612,474,0,0,3404,44.864,45.176,17.278
35.1033,5.81024,0,5.81024,8.72,26.0151,484,1,0,3406,44.879,45.1908,17.2758
35.1196,0.475484,0,0.475484,8.72,26.0151,474,0,0,3406,44.879,45.1908,17.2758
35.1334,7.51538,0,7.51538,8.7,25.969,494,2,0,3408,44.8988,45.2104,17.2736
35.1508,3.3746,0,3.3746,8.7,25.969,499,1,0,3409,44.8979,45.2094,17.2725
35.1623,5.36445,0,5.36445,8.68,25.9229,494,1,0,3411,44.9079,45.2193,17.2702
35.1815,2.51046,0,2.51046,8.68,25.9229,484,1,0,3412,44.9083,45.2195,17.2691
35.1941,6.13628,0,6.13628,8.66,25.8767,502,2,0,3414,44.9224,45.2335,17.2669
35.2095,0.451992,0,0.451992,8.66,25.8767,482,0,0,3414,44.9224,45.2335,17.2669
35.2188,1.90953,0,1.90953,8.64,25.8306,492,1,0,3415,44.9227,45.2337,17.2658
35.2445,7.80387,0,7.80387,8.64,25.8306,502,2,0,3417,44.9444,45.2552,17.2636
35.2545,2.46869,0,2.46869,8.62,25.7845,490,1,0,3418,44.9424,45.2531,17.2625
35.2763,4.67954,0,4.67954,8.62,25.7845,490,1,0,3420,44.9541,45.2646,17.2603
35.2884,4.54241,0,4.54241,8.6,25.7384,500,1,0,3421,44.9725,45.283,17.2592
35.3087,4.90094,0,4.90094,8.6,25.7384,510,2,0,3423,44.9822,45.2924,17.257
35.3219,5.7842,0,5.7842,8.58,25.6923,510,2,0,3425,45.002,45.3121,17.2547
35.3431,7.03833,0,7.03833,8.58,25.6923,510,2,0,3427,45.0207,45.3306,17.2525
35.3558,5.28286,0,5.28286,8.56,25.6461,510,2,0,3429,45.0373,45.347,17.2503
35.3764,6.15313,0,6.15313,8.56,25.6461,500,1,0,3431,45.0595,45.369,17.2481
35.3896,5.7559,0,5.7559,8.54,25.6,528,2,0,3433,45.069,45.3784,17.2459
35.404,0.784448,0,0.784448,8.54,25.6,490,0,0,3433,45.069,45.3784,17.2459
35.4148,3.15089,0,3.15089,8.52,25.5539,480,0,0,3434,45.0792,45.3885,17.2448
35.4366,5.32266,0,5.32266,8.52,25.5539,490,1,0,3436,45.0867,45.3958,17.2426
35.4445,0.303835,0,0.303835,8.5,25.5078,480,0,0,3436,45.0867,45.3958,17.2426
35.4685,4.1478,0,4.1478,8.5,25.5078,490,1,0,3437,45.103,45.412,17.2415
35.4817,5.59517,0,5.59517,8.48,24.0005,512,2,0,3439,45.1149,45.4237,17.2393
35.5013,5.5095,0,5.5095,8.48,24.0005,508,1,0,3441,45.1212,45.4298,17.2371
35.5146,5.70257,0,5.70257,8.46,23.9556,528,2,0,3443,45.138,45.4464,17.2349
35.5326,3.57523,0,3.57523,8.46,23.9556,492,1,0,3444,45.1431,45.4515,17.2338
35.5437,3.5017,0,3.5017,8.44,23.9107,502,1,0,3445,45.1501,45.4583,17.2327
35.5659,5.93641,0,5.93641,8.44,23.9107,502,1,0,3447,45.1648,45.4729,17.2305
35.5768,3.16977,0,3.16977,8.42,23.8659,506,1,0,3448,45.17,45.478,17.2294
35.5977,4.5781,0,4.5781,8.42,23.8659,502,1,0,3449,45.183,45.4909,17.2283
35.6095,5.15033,0,5.15033,8.4,23.8211,522,2,0,3451,45.1886,45.4964,17.2261
35.6314,5.1728,0,5.1728,8.4,23.8211,512,1,0,3452,45.2051,45.5127,17.2251
35.643,5.25875,0,5.25875,8.38,23.7763,502,1,0,3453,45.2244,45.532,17.224
35.6649,5.52531,0,5.52531,8.38,23.7763,512,2,0,3455,45.2292,45.5366,17.2218
35.678,5.65179,0,5.65179,8.36,23.7315,502,1,0,3457,45.2441,45.5513,17.2196
35.6958,4.0107,0,4.0107,8.36,23.7315,624,1,0,3458,45.2499,45.557,17.2185
35.706,3.69184,0,3.69184,8.34,23.6866,506,1,0,3459,45.2619,45.569,17.2174
35.7283,4.58423,0,4.58423,8.34,23.6866,502,1,0,3460,45.2751,45.5821,17.2163
35.7372,1.96417,0,1.96417,8.32,23.6418,496,0,0,3461,45.2678,45.5747,17.2152
35.7627,6.21277,0,6.21277,8.32,23.6418,512,2,0,3463,45.2879,45.5946,17.213
35.7738,4.80004,0,4.80004,8.3,23.597,492,0,0,3465,45.2889,45.5954,17.2109
35.7953,4.85518,0,4.85518,8.3,23.597,502,1,0,3466,45.3078,45.6143,17.2098
35.8076,5.89168,0,5.89168,8.28,23.5522,551,2,0,3468,45.3209,45.6272,17.2076
35.825,1.79732,0,1.79732,8.28,23.5522,504,1,0,3469,45.3182,45.6244,17.2065
35.8317,0.40137,0,0.40137,8.26,23.5074,494,0,0,3469,45.3182,45.6244,17.2065
35.8561,3.28573,0,3.28573,8.26,23.5074,504,1,0,3470,45.3248,45.6308,17.2054
35.865,2.42703,0,2.42703,8.24,23.4626,512,1,0,3471,45.3212,45.6272,17.2043
35.8892,5.03555,0,5.03555,8.24,23.4626,522,2,0,3473,45.3297,45.6355,17.2022
35.9026,7.17065,0,7.17065,8.22,23.4178,559,2,0,3475,45.3517,45.6573,17.2
35.9203,3.23874,0,3.23874,8.22,23.4178,504,1,0,3476,45.3608,45.6663,17.1989
35.933,6.32505,0,6.32505,8.2,23.373,504,2,0,3478,45.3841,45.6895,17.1967
35.9514,3.11795,0,3.11795,8.2,23.373,504,2,0,3480,45.3718,45.677,17.1946
35.9612,3.41467,0,3.41467,8.18,23.3282,494,1,0,3481,45.3826,45.6877,17.1935
35.983,3.57902,0,3.57902,8.18,23.3282,494,1,0,3482,45.3897,45.6947,17.1924
35.9921,2.58093,0,2.58093,8.16,23.2834,515,0,0,3483,45.3933,45.6982,17.1913
36.012,0.675716,0,0.675716,8.16,23.2834,494,0,0,3483,45.3933,45.6982,17.1913
36.0218,3.31203,0,3.31203,8.14,23.2386,504,1,0,3484,45.3995,45.7044,17.1902
36.0441,3.66152,0,3.66152,8.14,23.2386,506,1,0,3486,45.3993,45.704,17.1881
36.0538,3.19587,0,3.19587,8.12,23.1938,484,0,0,3487,45.4084,45.7129,17.187
36.0776,5.09227,0,5.09227,8.12,23.1938,494,1,0,3488,45.4217,45.7262,17.1859
36.0886,4.35893,0,4.35893,8.1,23.149,496,2,0,3490,45.4198,45.7241,17.1837
36.1127,6.70876,0,6.70876,8.1,23.149,496,2,0,3492,45.4416,45.7457,17.1816
36.1211,2.14254,0,2.14254,8.08,23.1042,466,0,0,3493,45.4409,45.7449,17.1805
36.1491,8.57728,0,8.57728,8.08,23.1042,491,2,0,3495,45.4701,45.774,17.1783
36.1578,2.38135,0,2.38135,8.06,23.0594,476,1,0,3496,45.4717,45.7755,17.1773
36.1788,1.78157,0,1.78157,8.06,23.0594,473,0,0,3497,45.469,45.7727,17.1762
36.1877,2.72616,0,2.72616,8.04,23.0146,468,1,0,3498,45.4686,45.7722,17.1751
36.2115,5.1572,0,5.1572,8.04,23.0146,466,2,0,3500,45.4751,45.7786,17.173
36.2183,0.650877,0,0.650877,8.02,22.9697,448,0,0,3501,45.4682,45.7715,17.1719
36.2452,5.96007,0,5.96007,8.02,22.9697,468,2,0,3503,45.4796,45.7828,17.1697
36.2552,3.53701,0,3.53701,8,22.9249,458,1,0,3504,45.4883,45.7914,17.1687
36.2776,4.31506,0,4.31506,8,22.9249,458,1,0,3506,45.4875,45.7904,17.1665
36.3214,37.0895,35.2048,1.88466,7.98,22.8801,1382,89,0,3508,45.4692,45.7734,17.1644
36.3313,2.91776,0,2.91776,7.96,22.8353,468,1,0,3509,45.4745,45.7786,17.1633
36.3511,2.05659,0,2.05659,7.96,22.8353,468,1,0,3510,45.4732,45.7772,17.1622
36.3636,6.79636,0,6.79636,7.94,22.7905,738,1,0,3512,45.4841,45.7879,17.1601
36.3833,4.65654,0,4.65654,7.94,22.7905,483,0,0,3513,45.4907,45.7945,17.159
36.3958,6.80396,0,6.80396,7.92,22.7457,478,2,0,3515,45.5044,45.808,17.1569
36.4174,6.61143,0,6.61143,7.92,22.7457,515,1,0,3517,45.5172,45.8206,17.1547
36.428,4.44878,0,4.44878,7.9,22.7009,495,2,0,3519,45.5169,45.8201,17.1526
36.4467,1.856,0,1.856,7.9,22.7009,468,1,0,3520,45.5102,45.8134,17.1515
36.4535,1.07835,0,1.07835,7.88,22.6561,458,0,0,3520,45.5102,45.8134,17.1515
36.48,5.81478,0,5.81478,7.88,22.6561,478,2,0,3522,45.5224,45.8254,17.1494
36.4922,6.47912,0,6.47912,7.86,22.6113,473,2,0,3524,45.5343,45.8371,17.1472
36.5136,5.94543,0,5.94543,7.86,22.6113,468,2,0,3526,45.5533,45.8559,17.1451
36.5245,4.90075,0,4.90075,7.84,22.5665,468,2,0,3528,45.5541,45.8566,17.143
36.5414,0.382276,0,0.382276,7.84,22.5665,448,0,0,3528,45.5541,45.8566,17.143
36.5526,5.30733,0,5.30733,7.82,22.5217,456,1,0,3530,45.5606,45.8629,17.1408
36.5721,3.35287,0,3.35287,7.82,22.5217,446,0,0,3532,45.5597,45.8618,17.1387
36.5826,5.08722,0,5.08722,7.8,22.4769,448,1,0,3534,45.5673,45.8693,17.1366
36.6057,6.14306,0,6.14306,7.8,22.4769,458,2,0,3536,45.5908,45.8925,17.1345
36.6149,3.69098,0,3.69098,7.78,22.4321,458,1,0,3538,45.5902,45.8917,17.1323
36.6347,1.50738,0,1.50738,7.78,22.4321,458,1,0,3539,45.5923,45.8938,17.1313
36.6467,6.28265,0,6.28265,7.76,22.3873,490,2,0,3541,45.6097,45.911,17.1291
36.6664,4.02148,0,4.02148,7.76,22.3873,458,1,0,3542,45.6129,45.9142,17.1281
36.6757,3.74544,0,3.74544,7.74,22.3425,458,1,0,3543,45.6232,45.9244,17.127
36.6956,2.68523,0,2.68523,7.74,22.3425,456,1,0,3544,45.625,45.9261,17.126
36.7061,3.6836,0,3.6836,7.72,22.2976,456,1,0,3545,45.6384,45.9394,17.1249
36.7255,3.32393,0,3.32393,7.72,22.2976,454,1,0,3546,45.6492,45.9501,17.1238
36.7378,5.49806,0,5.49806,7.7,22.2528,464,2,0,3548,45.6519,45.9526,17.1217
36.7564,4.37677,0,4.37677,7.7,22.2528,454,1,0,3550,45.6552,45.9558,17.1196
36.7704,7.11372,0,7.11372,7.68,22.208,454,2,0,3552,45.6807,45.9811,17.1175
36.7835,0.592018,0,0.592018,7.68,22.208,434,0,0,3552,45.6807,45.9811,17.1175
36.7935,4.22251,0,4.22251,7.66,22.1632,460,1,0,3553,45.6938,45.9941,17.1164
36.8114,0.35876,0,0.35876,7.66,22.1632,450,0,0,3553,45.6938,45.9941,17.1164
36.8225,5.10474,0,5.10474,7.64,22.1184,468,2,0,3555,45.7015,46.0017,17.1143
36.8423,3.04409,0,3.04409,7.64,22.1184,458,1,0,3556,45.7039,46.0039,17.1133
36.8528,4.25565,0,4.25565,7.62,22.0736,466,1,0,3558,45.706,46.0059,17.1111
36.873,3.02157,0,3.02157,7.62,22.0736,466,1,0,3559,45.7097,46.0096,17.1101
36.8844,5.02968,0,5.02968,7.6,22.0288,494,0,0,3561,45.7192,46.0188,17.108
36.9076,6.48402,0,6.48402,7.6,22.0288,494,2,0,3563,45.7381,46.0376,17.1059
36.9174,3.51246,0,3.51246,7.58,21.984,482,1,0,3564,45.7545,46.0539,17.1048
36.9401,4.23427,0,4.23427,7.58,21.984,482,1,0,3565,45.7672,46.0665,17.1038
36.95,3.24821,0,3.24821,7.56,21.9392,472,1,0,3566,45.7701,46.0693,17.1027
36.9721,3.24159,0,3.24159,7.56,21.9392,512,1,0,3567,45.7794,46.0785,17.1017
36.9845,6.01872,0,6.01872,7.54,21.8944,482,2,0,3569,45.7865,46.0855,17.0996
37.0039,3.36917,0,3.36917,7.54,21.8944,472,1,0,3570,45.7868,46.0857,17.0985
37.0188,8.42638,0,8.42638,7.52,21.8496,490,2,0,3572,45.8211,46.1198,17.0964
37.037,4.66196,0,4.66196,7.52,21.8496,480,1,0,3573,45.8377,46.1363,17.0954
37.0453,1.84724,0,1.84724,7.5,21.8048,474,1,0,3574,45.8324,46.1309,17.0943
37.0669,1.50279,0,1.50279,7.5,21.8048,454,0,0,3575,45.8255,46.1239,17.0933
37.0748,1.43457,0,1.43457,7.48,21.76,462,0,0,3576,45.8207,46.1191,17.0922
37.0991,4.11254,0,4.11254,7.48,21.76,482,2,0,3578,45.8172,46.1154,17.0901
37.1086,2.94817,0,2.94817,7.46,21.7152,462,1,0,3579,45.8178,46.116,17.0891
37.1321,4.67533,0,4.67533,7.46,21.7152,472,1,0,3580,45.8369,46.1349,17.088
37.142,3.48289,0,3.48289,7.44,21.6704,505,1,0,3581,45.8472,46.1452,17.087
37.1619,1.24224,0,1.24224,7.44,21.6704,470,0,0,3581,45.8472,46.1452,17.087
37.1691,0.601858,0,0.601858,7.42,21.6256,470,0,0,3581,45.8472,46.1452,17.087
37.1915,2.45367,0,2.45367,7.42,21.6256,480,1,0,3582,45.8437,46.1415,17.0859
37.2012,1.75498,0,1.75498,7.4,21.5807,494,1,0,3583,45.8356,46.1334,17.0849
37.225,5.85857,0,5.85857,7.4,21.5807,517,0,0,3585,45.8424,46.14,17.0828
37.2401,7.16843,0,7.16843,7.38,21.5359,512,2,0,3587,45.8553,46.1528,17.0807
37.2546,2.26222,0,2.26222,7.38,21.5359,502,1,0,3588,45.8565,46.1538,17.0797
37.2642,1.86791,0,1.86791,7.36,21.4911,492,0,0,3589,45.8551,46.1524,17.0786
37.2824,0.712597,0,0.712597,7.36,21.4911,492,0,0,3589,45.8551,46.1524,17.0786
37.2947,4.11309,0,4.11309,7.34,21.4463,518,1,0,3590,45.8635,46.1607,17.0776
37.3122,2.17907,0,2.17907,7.34,21.4463,502,1,0,3591,45.8596,46.1568,17.0765
37.3221,3.42137,0,3.42137,7.32,21.4015,512,2,0,3593,45.848,46.145,17.0744
37.3468,6.37078,0,6.37078,7.32,21.4015,512,2,0,3595,45.8601,46.1569,17.0723
37.3561,2.5233,0,2.5233,7.3,21.3567,492,0,0,3596,45.8626,46.1593,17.0713
37.3775,2.38501,0,2.38501,7.3,21.3567,502,1,0,3597,45.8635,46.1601,17.0703
37.3879,3.93175,0,3.93175,7.28,21.3119,512,2,0,3599,45.8594,46.1559,17.0682
37.4095,4.01469,0,4.01469,7.28,21.3119,511,1,0,3600,45.8761,46.1725,17.0671
37.4211,5.06574,0,5.06574,7.26,21.2671,506,0,0,3601,45.8878,46.1841,17.0661
37.4434,5.73483,0,5.73483,7.26,21.2671,504,2,0,3603,45.8929,46.189,17.064
37.4532,3.21227,0,3.21227,7.24,21.2223,491,1,0,3605,45.8899,46.1859,17.0619
37.4786,7.0467,0,7.0467,7.24,21.2223,494,2,0,3607,45.9091,46.2049,17.0599
37.4899,4.51408,0,4.51408,7.22,21.1775,492,1,0,3608,45.9221,46.2178,17.0588
37.5103,3.43224,0,3.43224,7.22,21.1775,492,1,0,3609,45.9271,46.2228,17.0578
37.5218,4.90063,0,4.90063,7.2,21.1327,502,2,0,3611,45.9277,46.2232,17.0557
37.539,0.484219,0,0.484219,7.2,21.1327,482,0,0,3611,45.9277,46.2232,17.0557
37.5538,7.88556,0,7.88556,7.18,21.0879,539,2,0,3613,45.9438,46.2391,17.0536
37.573,5.88063,0,5.88063,7.18,21.0879,502,2,0,3615,45.9568,46.252,17.0516
37.5825,2.77748,0,2.77748,7.16,21.0431,498,1,0,3616,45.9574,46.2525,17.0505
37.6055,3.86999,0,3.86999,7.16,21.0431,498,1,0,3618,45.9602,46.2551,17.0485
37.6161,3.74212,0,3.74212,7.14,20.9983,508,1,0,3619,45.9737,46.2686,17.0474
37.6342,0.227742,0,0.227742,7.14,20.9983,498,0,0,3619,45.9737,46.2686,17.0474
37.6435,2.61663,0,2.61663,7.12,20.9535,498,1,0,3620,45.9796,46.2743,17.0464
37.6694,6.74106,0,6.74106,7.12,20.9535,508,2,0,3622,45.9981,46.2927,17.0443
37.6804,4.19022,0,4.19022,7.1,20.9087,508,2,0,3624,45.9928,46.2873,17.0423
37.6996,1.81804,0,1.81804,7.1,20.9087,498,1,0,3625,45.9939,46.2883,17.0412
37.734,27.7571,26.301,1.45608,7.08,20.8638,1048,14,0,3625,45.9939,46.2883,17.0412
37.7443,2.93938,0,2.93938,7.06,20.819,488,1,0,3626,45.9937,46.2879,17.0402
37.7673,5.29466,0,5.29466,7.06,20.819,498,2,0,3628,45.9978,46.2919,17.0381
37.7774,2.48224,0,2.48224,7.04,20.7742,488,1,0,3629,46.0041,46.2982,17.0371
37.8027,6.23189,0,6.23189,7.04,20.7742,498,2,0,3631,46.0154,46.3093,17.0351
37.8143,4.89503,0,4.89503,7.02,20.7294,506,2,0,3633,46.0157,46.3094,17.033
37.8393,8.16949,0,8.16949,7.02,20.7294,522,2,0,3635,46.0385,46.332,17.0309
37.8482,2.69923,0,2.69923,7,20.6846,496,1,0,3636,46.0459,46.3394,17.0299
37.8707,3.2564,0,3.2564,7,20.6846,498,1,0,3637,46.0487,46.342,17.0289
37.881,4.01166,0,4.01166,6.98,20.6398,504,1,0,3639,46.0478,46.341,17.0268
37.9033,4.27756,0,4.27756,6.98,20.6398,504,1,0,3640,46.0574,46.3505,17.0258
37.9144,4.73142,0,4.73142,6.96,20.595,517,2,0,3642,46.0615,46.3545,17.0237
37.9325,1.14401,0,1.14401,6.96,20.595,494,0,0,3642,46.0615,46.3545,17.0237
37.9423,3.40204,0,3.40204,6.94,20.5502,504,1,0,3643,46.0673,46.3601,17.0227
37.9655,4.64356,0,4.64356,6.94,20.5502,504,1,0,3644,46.0818,46.3746,17.0217
37.9771,4.9584,0,4.9584,6.92,20.5054,538,2,0,3646,46.0889,46.3815,17.0196
37.9944,0.247493,0,0.247493,6.92,20.5054,518,0,0,3646,46.0889,46.3815,17.0196
38.0061,4.67842,0,4.67842,6.9,20.4606,554,2,0,3648,46.0927,46.3851,17.0176
38.0256,2.57622,0,2.57622,6.9,20.4606,534,0,0,3649,46.0885,46.3809,17.0166
38.0375,5.14539,0,5.14539,6.88,20.4158,544,1,0,3650,46.1104,46.4027,17.0155
38.06,5.81387,0,5.81387,6.88,20.4158,544,1,0,3652,46.121,46.4132,17.0135
38.0705,3.64588,0,3.64588,6.86,20.371,554,2,0,3654,46.1152,46.4072,17.0115
38.0928,3.9052,0,3.9052,6.86,20.371,544,1,0,3655,46.1308,46.4227,17.0104
38.1018,2.10058,0,2.10058,6.84,20.3262,534,0,0,3656,46.1329,46.4248,17.0094
38.1305,8.71745,0,8.71745,6.84,20.3262,554,2,0,3658,46.1569,46.4486,17.0074
38.1421,4.78722,0,4.78722,6.82,20.2814,578,2,0,3660,46.1582,46.4497,17.0053
38.1604,1.28113,0,1.28113,6.82,20.2814,558,0,0,3660,46.1582,46.4497,17.0053
38.1737,6.65263,0,6.65263,6.8,20.2366,586,2,0,3662,46.183,46.4743,17.0033
38.196,7.16401,0,7.16401,6.8,20.2366,586,2,0,3664,46.2063,46.4975,17.0013
38.2063,3.41974,0,3.41974,6.78,20.1918,608,1,0,3665,46.2134,46.5045,17.0002
38.2321,7.47304,0,7.47304,6.78,20.1918,618,2,0,3667,46.2318,46.5228,16.9982
38.2424,2.96689,0,2.96689,6.76,20.1469,604,0,0,3668,46.2315,46.5224,16.9972
38.2661,5.21161,0,5.21161,6.76,20.1469,624,2,0,3670,46.2401,46.5308,16.9951
38.279,5.93768,0,5.93768,6.74,20.1021,642,2,0,3672,46.2546,46.5452,16.9931
38.2991,4.08249,0,4.08249,6.74,20.1021,642,2,0,3674,46.2515,46.5419,16.9911
38.3118,5.68042,0,5.68042,6.72,20.0573,642,1,0,3676,46.2606,46.5509,16.9891
38.3313,3.40323,0,3.40323,6.72,20.0573,642,1,0,3677,46.2692,46.5594,16.988
38.3425,4.1451,0,4.1451,6.7,20.0125,660,2,0,3679,46.2686,46.5586,16.986
38.364,3.66437,0,3.66437,6.7,20.0125,650,1,0,3681,46.2719,46.5618,16.984
38.3737,2.45933,0,2.45933,6.68,19.9677,666,1,0,3682,46.28,46.5698,16.983
38.3968,3.90503,0,3.90503,6.68,19.9677,666,1,0,3683,46.2903,46.58,16.982
38.407,2.99286,0,2.99286,6.66,19.9229,674,1,0,3684,46.2978,46.5874,16.9809
38.4312,5.38577,0,5.38577,6.66,19.9229,684,2,0,3686,46.3049,46.5944,16.9789
38.4448,6.23693,0,6.23693,6.64,19.8781,674,2,0,3688,46.3172,46.6066,16.9769
38.4671,6.74855,0,6.74855,6.64,19.8781,664,1,0,3690,46.3285,46.6176,16.9749
38.4768,1.79732,0,1.79732,6.62,19.8333,680,1,0,3691,46.3316,46.6207,16.9739
38.4984,1.91677,0,1.91677,6.62,19.8333,680,1,0,3692,46.3304,46.6194,16.9729
38.5082,1.80921,0,1.80921,6.6,19.7885,678,0,0,3693,46.3247,46.6136,16.9718
38.532,4.32264,0,4.32264,6.6,19.7885,688,1,0,3694,46.3403,46.6291,16.9708
38.5444,4.33968,0,4.33968,6.58,19.7437,678,1,0,3695,46.3526,46.6414,16.9698
38.5657,3.99181,0,3.99181,6.58,19.7437,688,2,0,3697,46.3481,46.6367,16.9678
38.5749,1.14411,0,1.14411,6.56,19.6989,676,0,0,3697,46.3481,46.6367,16.9678
38.6032,7.79986,0,7.79986,6.56,19.6989,696,2,0,3699,46.3717,46.6602,16.9658
38.6177,5.50398,0,5.50398,6.54,19.6541,686,2,0,3701,46.3742,46.6625,16.9638
38.635,2.85225,0,2.85225,6.54,19.6541,676,1,0,3702,46.3852,46.6734,16.9628
38.6443,0.146017,0,0.146017,6.52,19.6093,666,0,0,3702,46.3852,46.6734,16.9628
38.6709,6.63013,0,6.63013,6.52,19.6093,686,2,0,3704,46.3977,46.6857,16.9608
38.682,2.3445,0,2.3445,6.5,19.5645,676,1,0,3705,46.3981,46.6861,16.9598
38.7018,2.40191,0,2.40191,6.5,19.5645,676,1,0,3706,46.4029,46.6908,16.9588
38.7184,7.64865,0,7.64865,6.48,19.5197,684,2,0,3708,46.4285,46.7163,16.9568
38.7306,0.002345,0,0.002345,6.48,19.5197,664,0,0,3708,46.4285,46.7163,16.9568
38.7403,1.82369,0,1.82369,6.46,19.4749,674,1,0,3709,46.4241,46.7118,16.9557
38.7621,1.57843,0,1.57843,6.46,19.4749,664,0,0,3710,46.417,46.7046,16.9547
38.7709,0.646445,0,0.646445,6.44,19.43,664,0,0,3710,46.417,46.7046,16.9547
38.799,6.80017,0,6.80017,6.44,19.43,684,2,0,3712,46.4305,46.7179,16.9527
38.8367,29.9505,27.1934,2.75714,6.42,19.3852,1316,168,0,3713,46.4258,46.7132,16.9517
38.8462,1.35265,0,1.35265,6.4,19.3404,672,0,0,3714,46.4222,46.7095,16.9507
38.87,5.61372,0,5.61372,6.4,19.3404,692,2,0,3716,46.4273,46.7145,16.9487
38.8826,4.10658,0,4.10658,6.38,19.2956,706,1,0,3717,46.4353,46.7224,16.9477
38.9037,5.34862,0,5.34862,6.38,19.2956,690,1,0,3719,46.4455,46.7325,16.9457
38.9177,5.79536,0,5.79536,6.36,19.2508,680,2,0,3721,46.4539,46.7407,16.9437
38.9355,3.74267,0,3.74267,6.36,19.2508,670,1,0,3722,46.4643,46.7509,16.9427
38.9486,4.85721,0,4.85721,6.34,19.206,660,0,0,3724,46.4729,46.7594,16.9407
38.967,3.46645,0,3.46645,6.34,19.206,670,1,0,3725,46.4862,46.7726,16.9397
38.9806,5.30305,0,5.30305,6.32,19.1612,670,2,0,3727,46.4915,46.7778,16.9377
39.0012,5.95123,0,5.95123,6.32,19.1612,660,1,0,3729,46.5042,46.7903,16.9357
39.0098,0.430859,0,0.430859,6.3,19.1164,650,0,0,3729,46.5042,46.7903,16.9357
39.0309,1.75136,0,1.75136,6.3,19.1164,650,0,0,3730,46.5,46.7861,16.9347
39.0432,4.08134,0,4.08134,6.28,19.0716,660,1,0,3731,46.5138,46.7998,16.9337
39.0624,3.07226,0,3.07226,6.28,19.0716,650,0,0,3732,46.5072,46.7931,16.9327
39.0716,1.98643,0,1.98643,6.26,19.0268,650,0,0,3733,46.5047,46.7905,16.9317
39.096,4.55936,0,4.55936,6.26,19.0268,660,1,0,3734,46.5163,46.8021,16.9308
39.1092,6.25399,0,6.25399,6.24,18.982,660,2,0,3736,46.5332,46.8188,16.9288
39.1275,2.53965,0,2.53965,6.24,18.982,650,1,0,3737,46.5256,46.8111,16.9278
39.1383,3.55678,0,3.55678,6.22,18.9372,650,1,0,3738,46.538,46.8234,16.9268
39.1635,7.03431,0,7.03431,6.22,18.9372,650,1,0,3740,46.5553,46.8406,16.9248
39.1787,6.87395,0,6.87395,6.2,18.8924,640,1,0,3742,46.5655,46.8506,16.9228
39.196,4.49943,0,4.49943,6.2,18.8924,640,1,0,3744,46.563,46.848,16.9208
39.2116,7.64738,0,7.64738,6.18,18.8476,650,2,0,3746,46.5921,46.8769,16.9188
39.2264,2.39424,0,2.39424,6.18,18.8476,640,1,0,3747,46.5933,46.878,16.9178
39.24,6.64417,0,6.64417,6.16,18.8028,648,1,0,3749,46.6106,46.8952,16.9159
39.2635,8.26169,0,8.26169,6.16,18.8028,640,2,0,3751,46.6372,46.9216,16.9139
39.272,0.408182,0,0.408182,6.14,18.758,620,0,0,3751,46.6372,46.9216,16.9139
39.2936,2.60646,0,2.60646,6.14,18.758,630,1,0,3752,46.6375,46.9219,16.9129
39.3083,7.57732,0,7.57732,6.12,16.9148,650,2,0,3754,46.6529,46.9371,16.9109
39.327,4.51368,0,4.51368,6.12,16.9148,640,1,0,3755,46.6666,46.9507,16.9099
39.3357,1.53088,0,1.53088,6.1,16.859,620,0,0,3756,46.6587,46.9428,16.9089
39.3635,7.71186,0,7.71186,6.1,16.859,640,2,0,3758,46.6735,46.9574,16.9069
39.3871,14.6266,8.42183,6.20475,6.08,16.8031,742,2,0,3760,46.6862,46.9699,16.905
39.3948,0.722416,0,0.722416,6.06,16.7473,610,0,0,3760,46.6862,46.9699,16.905
39.4215,5.04343,0,5.04343,6.06,16.7473,620,1,0,3762,46.689,46.9726,16.903
39.4381,9.75104,0,9.75104,6.04,16.6916,630,2,0,3764,46.7181,47.0016,16.901
39.4519,1.83095,0,1.83095,6.04,16.6916,610,0,0,3765,46.7166,47,16.9
39.4593,0.668933,0,0.668933,6.02,16.636,610,0,0,3765,46.7166,47,16.9
39.4819,0.863029,0,0.863029,6.02,16.636,610,0,0,3765,46.7166,47,16.9
39.4937,5.22753,0,5.22753,6,16.5803,620,1,0,3767,46.7263,47.0096,16.8981
39.5135,2.12096,0,2.12096,6,16.5803,610,0,0,3768,46.728,47.0111,16.8971
39.5209,0.784712,0,0.784712,5.98,16.5247,610,0,0,3768,46.728,47.0111,16.8971
39.543,0.355991,0,0.355991,5.98,16.5247,610,0,0,3768,46.728,47.0111,16.8971
39.5553,5.48902,0,5.48902,5.96,16.4692,630,2,0,3770,46.7321,47.0151,16.8951
39.5789,6.94969,0,6.94969,5.96,16.4692,630,2,0,3772,46.742,47.0249,16.8931
39.593,7.14327,0,7.14327,5.94,16.4138,630,2,0,3774,46.756,47.0387,16.8912
39.6148,6.80066,0,6.80066,5.94,16.4138,630,2,0,3776,46.7746,47.0572,16.8892
39.6264,4.85937,0,4.85937,5.92,16.3583,630,2,0,3778,46.7729,47.0553,16.8872
39.6522,7.99694,0,7.99694,5.92,16.3583,653,1,0,3780,46.7952,47.0775,16.8853
39.6621,2.72894,0,2.72894,5.9,16.3028,600,0,0,3781,46.8045,47.0867,16.8843
39.6838,3.00119,0,3.00119,5.9,16.3028,610,1,0,3782,46.8049,47.087,16.8833
39.6958,4.78187,0,4.78187,5.88,16.2475,620,2,0,3784,46.8029,47.0848,16.8814
39.7139,0.66485,0,0.66485,5.88,16.2475,600,0,0,3784,46.8029,47.0848,16.8814
39.7274,6.58609,0,6.58609,5.86,16.1922,620,2,0,3786,46.8117,47.0935,16.8794
39.745,1.92338,0,1.92338,5.86,16.1922,600,0,0,3787,46.8059,47.0877,16.8784
39.7575,5.54502,0,5.54502,5.84,16.1368,610,1,0,3789,46.8116,47.0932,16.8765
39.7793,5.03893,0,5.03893,5.84,16.1368,610,1,0,3790,46.8277,47.1092,16.8755
39.7912,4.7567,0,4.7567,5.82,16.0815,600,1,0,3792,46.8273,47.1086,16.8735
39.8113,2.79404,0,2.79404,5.82,16.0815,600,1,0,3793,46.8307,47.112,16.8726
39.8221,3.89909,0,3.89909,5.8,16.0263,600,1,0,3794,46.8403,47.1215,16.8716
39.8458,5.444,0,5.444,5.8,16.0263,600,1,0,3796,46.8414,47.1225,16.8696
39.8563,3.42829,0,3.42829,5.78,15.971,590,1,0,3797,46.842,47.123,16.8686
39.8812,6.06182,0,6.06182,5.78,15.971,600,2,0,3799,46.8515,47.1324,16.8667
39.895,6.61922,0,6.61922,5.76,15.9158,600,2,0,3801,46.8724,47.1531,16.8647
39.9173,6.82402,0,6.82402,5.76,15.9158,637,2,0,3803,46.8867,47.1672,16.8628
39.9289,4.43032,0,4.43032,5.74,15.8605,590,1,0,3805,46.8933,47.1737,16.8609
39.9548,8.11989,0,8.11989,5.74,15.8605,600,2,0,3807,46.9157,47.196,16.8589
39.9704,7.87713,0,7.87713,5.72,15.8052,590,1,0,3809,46.9323,47.2124,16.857
39.983,0.909385,0,0.909385,5.72,15.8052,580,0,0,3809,46.9323,47.2124,16.857
39.9925,2.56946,0,2.56946,5.7,15.75,580,1,0,3810,46.9357,47.2157,16.856
40.0188,6.3756,0,6.3756,5.7,15.75,580,1,0,3812,46.9418,47.2217,16.854
40.0288,3.26301,0,3.26301,5.68,15.6947,570,0,0,3813,46.9475,47.2274,16.8531
40.0527,4.7701,0,4.7701,5.68,15.6947,580,1,0,3814,46.963,47.2428,16.8521
40.0654,6.17939,0,6.17939,5.66,15.6394,570,2,0,3816,46.9796,47.2592,16.8502
40.0863,4.51068,0,4.51068,5.66,15.6394,570,1,0,3818,46.9872,47.2666,16.8482
40.097,2.83132,0,2.83132,5.64,15.5842,570,1,0,3819,46.9898,47.2692,16.8473
40.1173,2.77493,0,2.77493,5.64,15.5842,560,0,0,3820,46.9971,47.2764,16.8463
40.1244,0.664628,0,0.664628,5.62,15.5289,570,0,0,3820,46.9971,47.2764,16.8463
40.1514,5.02236,0,5.02236,5.62,15.5289,580,1,0,3822,46.9935,47.2726,16.8443
40.1652,7.00507,0,7.00507,5.6,15.4737,590,2,0,3824,47.011,47.29,16.8424
40.1837,2.95342,0,2.95342,5.6,15.4737,580,1,0,3825,47.0186,47.2975,16.8414
40.191,0.545585,0,0.545585,5.58,15.4184,560,0,0,3825,47.0186,47.2975,16.8414
40.2184,5.6808,0,5.6808,5.58,15.4184,570,1,0,3827,47.0269,47.3057,16.8395
40.2271,2.28283,0,2.28283,5.56,15.3631,560,1,0,3828,47.0256,47.3043,16.8385
40.2515,4.20347,0,4.20347,5.56,15.3631,560,1,0,3829,47.0353,47.3139,16.8376
40.2832,24.9713,16.5661,8.4052,5.54,15.3079,1274,26,0,3831,47.0572,47.3357,16.8356
40.2948,4.30925,0,4.30925,5.52,15.2526,478,1,0,3832,47.066,47.3445,16.8347
40.3153,3.43336,0,3.43336,5.52,15.2526,478,1,0,3833,47.0738,47.3522,16.8337
40.3218,0.581807,0,0.581807,5.5,15.1973,476,0,0,3833,47.0738,47.3522,16.8337
40.3521,8.35671,0,8.35671,5.5,15.1973,533,2,0,3835,47.0965,47.3747,16.8318
40.3655,6.21464,0,6.21464,5.48,15.1421,494,1,0,3837,47.1074,47.3855,16.8299
40.382,2.61749,0,2.61749,5.48,15.1421,486,1,0,3838,47.1047,47.3828,16.8289
40.3936,5.80493,0,5.80493,5.46,15.0868,512,2,0,3840,47.1177,47.3956,16.827
40.4171,6.70531,0,6.70531,5.46,15.0868,504,2,0,3842,47.1304,47.4081,16.825
40.4313,6.86468,0,6.86468,5.44,15.0315,504,2,0,3844,47.1498,47.4274,16.8231
40.445,0.595663,0,0.595663,5.44,15.0315,484,0,0,3844,47.1498,47.4274,16.8231
40.452,1.00167,0,1.00167,5.42,14.9763,480,0,0,3844,47.1498,47.4274,16.8231
40.4805,7.16732,0,7.16732,5.42,14.9763,500,2,0,3846,47.1706,47.448,16.8212
40.4913,4.7023,0,4.7023,5.4,14.921,506,1,0,3848,47.1697,47.447,16.8193
40.5162,7.30734,0,7.30734,5.4,14.921,516,2,0,3850,47.1958,47.473,16.8174
40.5259,2.06801,0,2.06801,5.38,14.8658,512,1,0,3851,47.1935,47.4705,16.8164
40.5477,3.71472,0,3.71472,5.38,14.8658,520,1,0,3852,47.1996,47.4766,16.8154
40.5582,3.8774,0,3.8774,5.36,14.8105,502,1,0,3854,47.1886,47.4655,16.8135
40.5824,4.91258,0,4.91258,5.36,14.8105,512,2,0,3856,47.1942,47.471,16.8116
40.5905,0.314802,0,0.314802,5.34,14.7552,502,0,0,3856,47.1942,47.471,16.8116
40.6127,3.23394,0,3.23394,5.34,14.7552,514,1,0,3857,47.1945,47.4711,16.8106
40.6235,4.05836,0,4.05836,5.32,14.7,510,1,0,3858,47.2045,47.4811,16.8097
40.6453,3.89918,0,3.89918,5.32,14.7,510,1,0,3859,47.2065,47.483,16.8087
40.6565,4.3194,0,4.3194,5.3,14.6447,500,1,0,3860,47.215,47.4915,16.8078
40.6821,7.78177,0,7.78177,5.3,14.6447,510,2,0,3862,47.2408,47.5171,16.8059
40.6923,2.69054,0,2.69054,5.28,14.5894,490,1,0,3863,47.2413,47.5175,16.8049
40.7165,6.7776,0,6.7776,5.28,14.5894,500,2,0,3865,47.2549,47.5309,16.803
40.7305,6.41772,0,6.41772,5.26,14.5342,490,1,0,3867,47.2718,47.5477,16.8011
40.7483,4.37469,0,4.37469,5.26,14.5342,490,1,0,3868,47.2849,47.5608,16.8001
40.7586,2.59824,0,2.59824,5.24,14.4789,490,1,0,3869,47.2879,47.5637,16.7992
40.7818,4.75857,0,4.75857,5.24,14.4789,512,2,0,3871,47.2836,47.5593,16.7973
40.7953,5.63491,0,5.63491,5.22,14.4237,500,1,0,3873,47.2863,47.5618,16.7954
40.8181,8.15654,0,8.15654,5.22,14.4237,574,1,0,3875,47.3045,47.5799,16.7935
40.8317,6.01568,0,6.01568,5.2,14.3684,530,1,0,3877,47.3219,47.5971,16.7916
40.8511,5.41751,0,5.41751,5.2,14.3684,500,1,0,3879,47.3264,47.6014,16.7896
40.8662,7.578,0,7.578,5.18,14.3131,500,1,0,3881,47.345,47.6199,16.7877
40.8814,3.42708,0,3.42708,5.18,14.3131,500,1,0,3882,47.3449,47.6198,16.7868
40.8921,3.31581,0,3.31581,5.16,14.2579,500,1,0,3883,47.3539,47.6286,16.7858
40.9176,8.86185,0,8.86185,5.16,14.2579,500,1,0,3885,47.3753,47.6499,16.7839
40.9331,8.06539,0,8.06539,5.14,14.2026,510,2,0,3887,47.4003,47.6748,16.782
40.9463,0.858786,0,0.858786,5.14,14.2026,490,0,0,3887,47.4003,47.6748,16.782
40.9592,5.52312,0,5.52312,5.12,14.1473,510,2,0,3889,47.407,47.6814,16.7802
40.9801,7.26658,0,7.26658,5.12,14.1473,510,2,0,3891,47.4207,47.6949,16.7783
40.993,5.08746,0,5.08746,5.1,14.0921,510,2,0,3893,47.4274,47.7015,16.7764
41.0104,2.51238,0,2.51238,5.1,14.0921,500,1,0,3894,47.4263,47.7003,16.7754
41.0212,3.47524,0,3.47524,5.08,14.0368,500,1,0,3895,47.4303,47.7042,16.7745
41.0405,3.50833,0,3.50833,5.08,14.0368,500,1,0,3896,47.4358,47.7097,16.7735
41.0497,2.88961,0,2.88961,5.06,13.9816,500,1,0,3897,47.4339,47.7077,16.7726
41.0754,6.02372,0,6.02372,5.06,13.9816,500,1,0,3899,47.4429,47.7166,16.7707
41.0861,4.48198,0,4.48198,5.04,13.9263,500,1,0,3901,47.4427,47.7162,16.7688
41.1075,3.3807,0,3.3807,5.04,13.9263,490,0,0,3902,47.4449,47.7183,16.7679
41.1182,4.41716,0,4.41716,5.02,13.871,490,1,0,3903,47.4568,47.7302,16.7669
41.1413,4.94953,0,4.94953,5.02,13.871,490,1,0,3904,47.4703,47.7436,16.766
41.1512,3.45946,0,3.45946,5,13.8158,490,1,0,3905,47.4804,47.7536,16.765
41.1753,5.00977,0,5.00977,5,13.8158,490,1,0,3906,47.4933,47.7665,16.7641
41.205,22.3893,16.6998,5.68945,4.98,13.7605,939,1,0,3908,47.5013,47.7743,16.7622
41.2155,3.08225,0,3.08225,4.96,13.7052,490,1,0,3909,47.5024,47.7754,16.7612
41.2369,3.03223,0,3.03223,4.96,13.7052,480,0,0,3910,47.5059,47.7788,16.7603
41.2496,6.57041,0,6.57041,4.94,13.65,470,2,0,3912,47.5258,47.7986,16.7584
41.2711,5.56282,0,5.56282,4.94,13.65,470,2,0,3914,47.5337,47.8063,16.7565
41.2812,4.06084,0,4.06084,4.92,13.5947,450,1,0,3915,47.5423,47.8148,16.7556
41.303,3.31728,0,3.31728,4.92,13.5947,450,1,0,3916,47.5449,47.8174,16.7547
41.3145,5.68303,0,5.68303,4.9,13.5394,450,2,0,3918,47.5531,47.8254,16.7528
41.3439,12.0076,0,12.0076,4.9,13.5394,460,2,0,3920,47.5709,47.8431,16.7509
41.3555,3.88459,0,3.88459,4.88,13.4842,440,1,0,3921,47.5736,47.8457,16.75
41.3776,6.22523,0,6.22523,4.88,13.4842,450,2,0,3923,47.5822,47.8542,16.7481
41.3917,6.52602,0,6.52602,4.86,13.4289,450,2,0,3925,47.589,47.8609,16.7462
41.4106,5.7391,0,5.7391,4.86,13.4289,440,1,0,3927,47.5979,47.8696,16.7443
41.4197,1.77956,0,1.77956,4.84,13.3737,410,0,0,3928,47.5906,47.8623,16.7434
41.4455,7.71056,0,7.71056,4.84,13.3737,430,2,0,3930,47.6099,47.8814,16.7415
41.4599,7.08293,0,7.08293,4.82,13.3184,430,2,0,3932,47.6195,47.8909,16.7396
41.4766,3.80378,0,3.80378,4.82,13.3184,420,1,0,3933,47.6257,47.897,16.7387
41.4865,2.45205,0,2.45205,4.8,13.2631,400,0,0,3934,47.6187,47.8899,16.7378
41.509,5.07409,0,5.07409,4.8,13.2631,413,1,0,3936,47.6247,47.8958,16.7359
41.521,4.62515,0,4.62515,4.78,13.2079,410,1,0,3937,47.632,47.903,16.735
41.5413,5.79288,0,5.79288,4.78,13.2079,420,2,0,3939,47.6392,47.9101,16.7331
41.5575,9.13951,0,9.13951,4.76,13.1526,400,2,0,3941,47.6633,47.934,16.7312
41.5731,4.40598,0,4.40598,4.76,13.1526,400,2,0,3943,47.6657,47.9363,16.7294
41.585,4.77244,0,4.77244,4.74,13.0973,380,1,0,3944,47.6765,47.947,16.7284
41.6046,4.45764,0,4.45764,4.74,13.0973,390,2,0,3946,47.6787,47.9491,16.7266
41.6142,2.45383,0,2.45383,4.72,13.0421,360,1,0,3947,47.6787,47.9491,16.7256
41.6363,4.32952,0,4.32952,4.72,13.0421,370,2,0,3949,47.6761,47.9463,16.7238
41.6463,4.11564,0,4.11564,4.7,12.9868,360,1,0,3950,47.6909,47.961,16.7229
41.6677,3.21604,0,3.21604,4.7,12.9868,350,0,0,3951,47.6983,47.9684,16.7219
41.6791,5.52266,0,5.52266,4.68,12.9316,350,1,0,3953,47.6997,47.9696,16.7201
41.7009,5.08634,0,5.08634,4.68,12.9316,360,2,0,3955,47.7042,47.974,16.7182
41.7129,6.14767,0,6.14767,4.66,12.8763,340,1,0,3957,47.7114,47.981,16.7163
41.7358,6.89506,0,6.89506,4.66,12.8763,340,1,0,3959,47.7287,47.9982,16.7145
41.7447,3.32382,0,3.32382,4.64,12.821,330,1,0,3960,47.7346,48.004,16.7136
41.7699,6.30097,0,6.30097,4.64,12.821,330,1,0,3962,47.7418,48.0111,16.7117
41.7838,7.03331,0,7.03331,4.62,12.7658,330,2,0,3964,47.7611,48.0303,16.7099
41.7962,0.002438,0,0.002438,4.62,12.7658,310,0,0,3964,47.7611,48.0303,16.7099
41.8078,5.84066,0,5.84066,4.6,12.7105,330,2,0,3966,47.7683,48.0373,16.708
41.8291,4.61971,0,4.61971,4.6,12.7105,320,1,0,3967,47.7845,48.0534,16.7071
41.8349,0.187925,0,0.187925,4.58,12.6552,310,0,0,3967,47.7845,48.0534,16.7071
41.8637,6.62483,0,6.62483,4.58,12.6552,330,2,0,3969,47.7909,48.0597,16.7052
41.874,4.83402,0,4.83402,4.56,12.6,320,1,0,3970,47.7985,48.0673,16.7043
41.8932,2.22151,0,2.22151,4.56,12.6,320,1,0,3971,47.7948,48.0635,16.7034
41.9014,2.46296,0,2.46296,4.54,12.5447,290,0,0,3972,47.7913,48.0599,16.7024
41.9298,8.33014,0,8.33014,4.54,12.5447,310,2,0,3974,47.8108,48.0793,16.7006
41.9413,5.68573,0,5.68573,4.52,12.4894,309,1,0,3976,47.8204,48.0888,16.6988
41.9652,7.30363,0,7.30363,4.52,12.4894,310,2,0,3978,47.8311,48.0993,16.6969
41.9727,1.81663,0,1.81663,4.5,12.4342,290,0,0,3979,47.8248,48.093,16.696
41.9982,4.5821,0,4.5821,4.5,12.4342,300,1,0,3981,47.8194,48.0874,16.6941
42.0051,1.51365,0,1.51365,4.48,12.3789,290,0,0,3982,47.8127,48.0806,16.6932
42.0341,7.7142,0,7.7142,4.48,12.3789,400,2,0,3984,47.8266,48.0944,16.6914
42.0475,6.68717,0,6.68717,4.46,12.3237,310,2,0,3986,47.8357,48.1034,16.6895
42.0654,4.69565,0,4.69565,4.46,12.3237,310,2,0,3988,47.8335,48.1011,16.6877
42.0739,3.12069,0,3.12069,4.44,12.2684,307,1,0,3989,47.8355,48.103,16.6868
42.1005,7.48228,0,7.48228,4.44,12.2684,310,2,0,3991,47.8647,48.132,16.6849
42.1103,3.17729,0,3.17729,4.42,12.2131,290,0,0,3992,47.8712,48.1385,16.684
42.1331,6.20387,0,6.20387,4.42,12.2131,310,2,0,3994,47.8843,48.1515,16.6822
42.1443,4.66707,0,4.66707,4.4,12.1579,300,1,0,3995,47.8954,48.1625,16.6813
42.163,3.11254,0,3.11254,4.4,12.1579,300,1,0,3996,47.8931,48.1602,16.6803
42.1746,6.39543,0,6.39543,4.38,12.1026,310,2,0,3998,47.9042,48.1711,16.6785
42.1923,1.38994,0,1.38994,4.38,12.1026,290,0,0,3998,47.9042,48.1711,16.6785
42.2009,3.11618,0,3.11618,4.36,12.0473,290,1,0,3999,47.9025,48.1693,16.6776
42.2239,3.89242,0,3.89242,4.36,12.0473,290,1,0,4001,47.8905,48.1572,16.6758
42.2365,7.24045,0,7.24045,4.34,11.9921,290,2,0,4003,47.9138,48.1804,16.6739
42.2554,3.96775,0,3.96775,4.34,11.9921,280,1,0,4004,47.9223,48.1888,16.673
42.2834,22.5315,22.1706,0.360898,4.32,11.9368,923,3,0,4004,47.9223,48.1888,16.673
42.2926,2.57455,0,2.57455,4.3,11.8816,270,1,0,4005,47.9186,48.185,16.6721
42.3162,5.05174,0,5.05174,4.3,11.8816,280,1,0,4006,47.9324,48.1987,16.6712
42.3223,0.606284,0,0.606284,4.28,11.8263,270,0,0,4006,47.9324,48.1987,16.6712
42.3474,3.13537,0,3.13537,4.28,11.8263,280,1,0,4007,47.9361,48.2024,16.6703
42.3581,5.64773,0,5.64773,4.26,11.771,290,2,0,4009,47.9464,48.2125,16.6684
42.3758,0.574203,0,0.574203,4.26,11.771,270,0,0,4009,47.9464,48.2125,16.6684
42.387,6.02028,0,6.02028,4.24,11.7158,290,2,0,4011,47.9539,48.2199,16.6666
42.4079,5.43119,0,5.43119,4.24,11.7158,290,2,0,4013,47.9604,48.2263,16.6648
42.4202,5.66583,0,5.66583,4.22,11.6605,290,2,0,4015,47.9661,48.2319,16.663
42.4386,4.13311,0,4.13311,4.22,11.6605,280,1,0,4016,47.9739,48.2395,16.662
42.4494,4.21188,0,4.21188,4.2,11.6052,280,1,0,4017,47.9848,48.2504,16.6611
42.472,6.73047,0,6.73047,4.2,11.6052,290,2,0,4019,47.9978,48.2632,16.6593
42.4865,8.02291,0,8.02291,4.18,11.55,290,2,0,4021,48.0174,48.2828,16.6575
42.5018,3.71559,0,3.71559,4.18,11.55,280,1,0,4022,48.0303,48.2956,16.6566
42.5126,4.06646,0,4.06646,4.16,11.4947,280,1,0,4024,48.0318,48.297,16.6548
42.5313,3.33672,0,3.33672,4.16,11.4947,280,1,0,4025,48.0355,48.3006,16.6538
42.5422,4.19878,0,4.19878,4.14,11.4395,280,1,0,4026,48.0464,48.3115,16.6529
42.5617,3.87857,0,3.87857,4.14,11.4395,280,1,0,4027,48.0489,48.3139,16.652
42.571,2.79583,0,2.79583,4.12,11.3842,280,1,0,4028,48.0454,48.3103,16.6511
42.5937,6.06082,0,6.06082,4.12,11.3842,290,2,0,4030,48.0556,48.3203,16.6493
42.6055,6.26548,0,6.26548,4.1,11.3289,290,2,0,4032,48.063,48.3276,16.6475
42.6229,0.863498,0,0.863498,4.1,11.3289,270,0,0,4032,48.063,48.3276,16.6475
42.6337,5.80832,0,5.80832,4.08,11.2737,270,1,0,4034,48.0692,48.3337,16.6457
42.6562,5.81106,0,5.81106,4.08,11.2737,270,1,0,4036,48.0751,48.3394,16.6439
42.6674,6.17208,0,6.17208,4.06,11.2184,270,2,0,4038,48.0854,48.3497,16.642
42.686,2.51379,0,2.51379,4.06,11.2184,260,1,0,4039,48.0852,48.3493,16.6411
42.6984,7.42518,0,7.42518,4.04,11.1631,270,2,0,4041,48.1015,48.3655,16.6393
42.7202,6.81818,0,6.81818,4.04,11.1631,270,2,0,4043,48.1212,48.3851,16.6375
42.7331,7.9519,0,7.9519,4.02,11.1079,262,2,0,4045,48.1394,48.4032,16.6357
42.749,1.34242,0,1.34242,4.02,11.1079,240,0,0,4045,48.1394,48.4032,16.6357
42.7575,3.67937,0,3.67937,4,11.0526,250,1,0,4046,48.1508,48.4145,16.6348
42.7804,3.89237,0,3.89237,4,11.0526,250,1,0,4047,48.1522,48.4159,16.6339
42.7884,3.06847,0,3.06847,3.98,10.9973,260,1,0,4048,48.1549,48.4185,16.633
42.8113,3.39309,0,3.39309,3.98,10.9973,260,1,0,4049,48.1581,48.4216,16.6321
42.8248,8.61875,0,8.61875,3.96,10.9421,260,2,0,4051,48.1837,48.4471,16.6303
42.8439,5.33395,0,5.33395,3.96,10.9421,260,2,0,4053,48.1843,48.4476,16.6285
42.8533,4.44751,0,4.44751,3.94,10.8868,250,1,0,4055,48.1855,48.4486,16.6267
42.8754,4.28186,0,4.28186,3.94,10.8868,240,1,0,4057,48.1804,48.4434,16.6249
42.8862,5.83842,0,5.83842,3.92,10.8316,240,1,0,4059,48.189,48.4518,16.6231
42.9079,4.92087,0,4.92087,3.92,10.8316,240,1,0,4061,48.1916,48.4543,16.6213
42.9207,7.974,0,7.974,3.9,10.7763,250,2,0,4063,48.205,48.4676,16.6195
42.9376,2.36338,0,2.36338,3.9,10.7763,230,0,0,4064,48.201,48.4636,16.6186
42.9454,2.92078,0,2.92078,3.88,10.721,230,1,0,4065,48.2079,48.4704,16.6177
42.9717,6.68358,0,6.68358,3.88,10.721,230,1,0,4067,48.2196,48.4819,16.6159
42.9848,8.1882,0,8.1882,3.86,10.6658,240,2,0,4069,48.2423,48.5045,16.6141
43.0031,3.89139,0,3.89139,3.86,10.6658,230,1,0,4071,48.2368,48.4989,16.6123
43.0121,4.10587,0,4.10587,3.84,10.6105,220,0,0,4073,48.2367,48.4986,16.6105
43.0318,1.30611,0,1.30611,3.84,10.6105,220,0,0,4074,48.23,48.4919,16.6096
43.0444,7.68869,0,7.68869,3.82,10.5552,240,2,0,4076,48.2478,48.5096,16.6078
43.0631,5.12261,0,5.12261,3.82,10.5552,240,2,0,4078,48.2538,48.5154,16.606
43.0761,6.82411,0,6.82411,3.8,10.5,240,2,0,4080,48.2703,48.5319,16.6042
43.0928,3.4355,0,3.4355,3.8,10.5,240,2,0,4082,48.2641,48.5255,16.6024
43.0997,0.87979,0,0.87979,3.78,10.4447,220,0,0,4082,48.2641,48.5255,16.6024
43.1247,5.99121,0,5.99121,3.78,10.4447,240,2,0,4084,48.2681,48.5294,16.6006
43.1342,3.27437,0,3.27437,3.76,10.3895,230,1,0,4085,48.2703,48.5315,16.5997
43.152,0.638036,0,0.638036,3.76,10.3895,220,0,0,4085,48.2703,48.5315,16.5997
43.1634,6.50251,0,6.50251,3.74,10.3342,240,2,0,4087,48.2838,48.5449,16.598
43.1835,4.97048,0,4.97048,3.74,10.3342,240,2,0,4089,48.2852,48.5461,16.5962
43.1972,8.68859,0,8.68859,3.72,10.2789,240,2,0,4091,48.3095,48.5703,16.5944
43.2142,4.02664,0,4.02664,3.72,10.2789,230,1,0,4093,48.3054,48.5661,16.5926
43.2245,5.0434,0,5.0434,3.7,10.2237,230,1,0,4094,48.3178,48.5784,16.5917
43.2444,2.35667,0,2.35667,3.7,10.2237,230,1,0,4095,48.316,48.5766,16.5908
43.2503,0.595261,0,0.595261,3.68,10.1684,220,0,0,4095,48.316,48.5766,16.5908
43.2771,4.82194,0,4.82194,3.68,10.1684,230,1,0,4097,48.3114,48.5719,16.589
43.2854,2.81949,0,2.81949,3.66,10.1131,230,1,0,4098,48.3089,48.5693,16.5881
43.3075,2.21897,0,2.21897,3.66,10.1131,220,0,0,4099,48.3054,48.5657,16.5873
43.3168,4.07284,0,4.07284,3.64,10.0579,230,1,0,4101,48.2972,48.5574,16.5855
43.336,0.447273,0,0.447273,3.64,10.0579,220,0,0,4101,48.2972,48.5574,16.5855
43.3466,5.31852,0,5.31852,3.62,10.0026,230,1,0,4102,48.3118,48.5719,16.5846
43.3713,6.88824,0,6.88824,3.62,10.0026,230,1,0,4104,48.3282,48.5882,16.5828
43.3768,0.293384,0,0.293384,3.6,9.94735,220,0,0,4104,48.3282,48.5882,16.5828
43.4007,1.51065,0,1.51065,3.6,9.94735,220,0,0,4104,48.3282,48.5882,16.5828
43.411,4.87342,0,4.87342,3.58,9.89209,230,1,0,4105,48.3447,48.6046,16.5819
43.4321,3.74925,0,3.74925,3.58,9.89209,234,1,0,4106,48.3446,48.6045,16.581
43.4378,0.222304,0,0.222304,3.56,9.83682,220,0,0,4106,48.3446,48.6045,16.581
43.4606,0.358166,0,0.358166,3.56,9.83682,220,0,0,4106,48.3446,48.6045,16.581
43.4719,5.65787,0,5.65787,3.54,9.78156,230,1,0,4108,48.3471,48.6069,16.5793
43.4914,3.91531,0,3.91531,3.54,9.78156,230,1,0,4109,48.3548,48.6145,16.5784
43.5036,5.15474,0,5.15474,3.52,9.7263,230,1,0,4110,48.3662,48.6258,16.5775
43.5189,0.862841,0,0.862841,3.52,9.7263,220,0,0,4110,48.3662,48.6258,16.5775
43.5319,7.09738,0,7.09738,3.5,9.67103,240,2,0,4112,48.3772,48.6367,16.5757
43.5483,3.19595,0,3.19595,3.5,9.67103,230,1,0,4113,48.3795,48.6389,16.5748
43.5585,5.54092,0,5.54092,3.48,9.61577,220,1,0,4114,48.3913,48.6507,16.5739
43.5825,6.8775,0,6.8775,3.48,9.61577,230,2,0,4116,48.4006,48.6599,16.5722
43.5952,7.75579,0,7.75579,3.46,9.56051,230,2,0,4118,48.414,48.6731,16.5704
43.6125,2.4551,0,2.4551,3.46,9.56051,220,1,0,4119,48.4122,48.6713,16.5695
43.6207,3.62305,0,3.62305,3.44,9.50524,200,1,0,4120,48.426,48.685,16.5686
43.645,5.21782,0,5.21782,3.44,9.50524,200,1,0,4121,48.439,48.6979,16.5677
43.6504,0.363892,0,0.363892,3.42,9.44998,190,0,0,4121,48.439,48.6979,16.5677
43.6759,3.41348,0,3.41348,3.42,9.44998,200,1,0,4122,48.4418,48.7006,16.5669
43.6819,1.15549,0,1.15549,3.4,9.39472,190,0,0,4122,48.4418,48.7006,16.5669
43.7036,0.314916,0,0.314916,3.4,9.39472,190,0,0,4122,48.4418,48.7006,16.5669
43.7155,7.11195,0,7.11195,3.38,9.33946,210,2,0,4124,48.4471,48.7059,16.5651
43.735,4.21322,0,4.21322,3.38,9.33946,210,2,0,4126,48.4433,48.7019,16.5633
43.7441,3.66233,0,3.66233,3.36,9.28419,190,0,0,4127,48.4405,48.6991,16.5624
43.7675,4.86316,0,4.86316,3.36,9.28419,210,2,0,4129,48.4425,48.7009,16.5607
43.7812,8.58348,0,8.58348,3.34,9.22893,210,2,0,4131,48.4674,48.7257,16.5589
43.803,7.94363,0,7.94363,3.34,9.22893,210,2,0,4133,48.4839,48.7421,16.5571
43.8159,7.83277,0,7.83277,3.32,9.17367,210,2,0,4135,48.5001,48.7582,16.5554
43.8369,6.26354,0,6.26354,3.32,9.17367,200,1,0,4137,48.5045,48.7624,16.5536
43.8422,0.535882,0,0.535882,3.3,9.1184,180,0,0,4137,48.5045,48.7624,16.5536
43.866,1.64236,0,1.64236,3.3,9.1184,190,1,0,4138,48.5027,48.7605,16.5527
43.8772,6.37068,0,6.37068,3.28,9.06314,200,2,0,4140,48.5087,48.7664,16.551
43.8973,3.99571,0,3.99571,3.28,9.06314,190,1,0,4141,48.5163,48.774,16.5501
43.9066,4.6051,0,4.6051,3.26,9.00788,180,1,0,4142,48.5244,48.782,16.5492
43.9286,3.998,0,3.998,3.26,9.00788,180,1,0,4143,48.5354,48.7929,16.5483
43.9342,0.810017,0,0.810017,3.24,8.95261,170,0,0,4143,48.5354,48.7929,16.5483
43.9585,2.69342,0,2.69342,3.24,8.95261,180,1,0,4144,48.5384,48.7958,16.5475
43.9667,3.18273,0,3.18273,3.22,8.89735,173,1,0,4145,48.5375,48.7949,16.5466
43.9895,4.57925,0,4.57925,3.22,8.89735,170,1,0,4146,48.5502,48.8075,16.5457
44.0063,10.3801,0,10.3801,3.2,8.84209,189,2,0,4148,48.5755,48.8327,16.544
44.0207,5.05021,0,5.05021,3.2,8.84209,170,1,0,4149,48.5847,48.8419,16.5431
44.0343,7.61264,0,7.61264,3.18,8.78682,180,2,0,4151,48.5974,48.8545,16.5413
44.0512,4.3296,0,4.3296,3.18,8.78682,170,1,0,4152,48.6101,48.8671,16.5404
44.0574,0.185528,0,0.185528,3.16,8.73156,160,0,0,4152,48.6101,48.8671,16.5404
44.0816,4.55172,0,4.55172,3.16,8.73156,170,1,0,4153,48.6208,48.8777,16.5396
44.0935,5.69909,0,5.69909,3.14,8.6763,180,2,0,4155,48.6289,48.8857,16.5378
44.111,4.42511,0,4.42511,3.14,8.6763,170,1,0,4156,48.6355,48.8922,16.5369
44.1203,4.3058,0,4.3058,3.12,8.62104,160,1,0,4157,48.649,48.9057,16.5361
44.1434,5.66387,0,5.66387,3.12,8.62104,160,1,0,4158,48.6638,48.9204,16.5352
44.1555,6.05281,0,6.05281,3.1,8.56577,170,2,0,4160,48.6695,48.926,16.5334
44.1719,0.829967,0,0.829967,3.1,8.56577,150,0,0,4160,48.6695,48.926,16.5334
44.1792,2.25173,0,2.25173,3.08,8.51051,150,0,0,4161,48.6657,48.9221,16.5326
44.2065,7.23342,0,7.23342,3.08,8.51051,170,2,0,4163,48.6764,48.9327,16.5308
44.2138,2.12695,0,2.12695,3.06,8.45525,150,0,0,4164,48.6693,48.9256,16.5299
44.2355,1.3737,0,1.3737,3.06,8.45525,150,0,0,4164,48.6693,48.9256,16.5299
44.2495,8.82425,0,8.82425,3.04,8.39998,160,1,0,4166,48.6896,48.9458,16.5282
44.2696,6.48912,0,6.48912,3.04,8.39998,160,1,0,4168,48.7003,48.9563,16.5265
44.2788,3.89599,0,3.89599,3.02,8.34472,160,1,0,4169,48.7052,48.9611,16.5256
44.3031,5.628,0,5.628,3.02,8.34472,170,2,0,4171,48.7113,48.9672,16.5238
44.3151,6.9874,0,6.9874,3,8.28946,150,1,0,4173,48.7235,48.9792,16.5221
44.3327,2.13893,0,2.13893,3,8.28946,150,1,0,4174,48.7187,48.9744,16.5212
44.3463,8.72824,0,8.72824,2.98,8.23419,160,2,0,4176,48.7433,48.9988,16.5195
44.3631,2.86923,0,2.86923,2.98,8.23419,150,1,0,4177,48.7458,49.0012,16.5186
44.3738,5.70484,0,5.70484,2.96,8.17893,160,2,0,4179,48.7547,49.0101,16.5169
44.3966,6.06071,0,6.06071,2.96,8.17893,160,2,0,4181,48.7692,49.0244,16.5151
44.4051,3.35843,0,3.35843,2.94,8.12367,140,0,0,4182,48.7721,49.0273,16.5143
44.4288,5.04652,0,5.04652,2.94,8.12367,150,1,0,4184,48.7694,49.0244,16.5125
44.4345,0.744914,0,0.744914,2.92,8.06841,140,0,0,4184,48.7694,49.0244,16.5125
44.4592,2.79431,0,2.79431,2.92,8.06841,150,1,0,4185,48.7685,49.0234,16.5117
44.4653,1.00218,0,1.00218,2.9,8.01314,140,0,0,4185,48.7685,49.0234,16.5117
44.4917,4.80061,0,4.80061,2.9,8.01314,150,1,0,4186,48.78,49.0349,16.5108
44.5033,6.60119,0,6.60119,2.88,7.95788,150,2,0,4188,48.7906,49.0454,16.5091
44.5287,9.25656,0,9.25656,2.88,7.95788,150,2,0,4190,48.8105,49.0652,16.5073
44.5372,3.64752,0,3.64752,2.86,7.90262,140,1,0,4192,48.8032,49.0577,16.5056
44.5588,2.66951,0,2.66951,2.86,7.90262,130,0,0,4193,48.803,49.0575,16.5047
44.5702,6.53938,0,6.53938,2.84,7.84735,150,2,0,4195,48.8184,49.0727,16.503
44.5924,6.22916,0,6.22916,2.84,7.84735,150,2,0,4197,48.8249,49.0791,16.5013
44.6029,5.73823,0,5.73823,2.82,7.79209,140,1,0,4199,48.8371,49.0912,16.4995
44.6234,4.12646,0,4.12646,2.82,7.79209,140,1,0,4200,48.8426,49.0967,16.4987
44.6328,4.49354,0,4.49354,2.8,7.73683,130,1,0,4202,48.8406,49.0945,16.4969
44.6549,4.28874,0,4.28874,2.8,7.73683,130,1,0,4203,48.8427,49.0966,16.4961
44.6659,6.01733,0,6.01733,2.78,7.68156,120,1,0,4204,48.8559,49.1097,16.4952
44.6848,2.70098,0,2.70098,2.78,7.68156,120,1,0,4205,48.8623,49.1161,16.4944
44.6931,3.32694,0,3.32694,2.76,7.6263,120,1,0,4206,48.8664,49.1201,16.4935
44.7159,4.76385,0,4.76385,2.76,7.6263,129,1,0,4207,48.8726,49.1262,16.4926
44.7285,6.25959,0,6.25959,2.74,7.57104,165,1,0,4209,48.8776,49.1311,16.4909
44.7446,2.35242,0,2.35242,2.74,7.57104,120,1,0,4210,48.8748,49.1283,16.49
44.7612,10.4758,0,10.4758,2.72,7.51577,130,2,0,4212,48.8996,49.1529,16.4883
44.7725,2.57752,0,2.57752,2.72,7.51577,120,1,0,4213,48.8989,49.1521,16.4875
44.7845,5.74595,0,5.74595,2.7,7.46051,130,2,0,4215,48.8992,49.1523,16.4857
44.8054,6.54718,0,6.54718,2.7,7.46051,130,2,0,4217,48.9049,49.1579,16.484
44.819,6.73092,0,6.73092,2.68,7.40525,120,1,0,4219,48.9189,49.1718,16.4823
44.8369,5.40203,0,5.40203,2.68,7.40525,120,1,0,4221,48.923,49.1758,16.4806
44.8463,4.60984,0,4.60984,2.66,7.34999,120,1,0,4222,48.9358,49.1885,16.4797
44.8679,3.40012,0,3.40012,2.66,7.34999,120,1,0,4223,48.9403,49.193,16.4789
44.8781,5.31598,0,5.31598,2.64,7.29472,120,1,0,4224,48.955,49.2076,16.478
44.901,5.80661,0,5.80661,2.64,7.29472,120,1,0,4226,48.9614,49.2139,16.4763
44.9094,3.43555,0,3.43555,2.62,7.23946,110,0,0,4227,48.9662,49.2186,16.4754
44.9298,1.49924,0,1.49924,2.62,7.23946,110,0,0,4228,48.9588,49.2112,16.4746
44.9362,1.84041,0,1.84041,2.6,7.1842,110,0,0,4229,48.952,49.2043,16.4737
44.9644,7.35451,0,7.35451,2.6,7.1842,130,2,0,4231,48.9702,49.2224,16.472
44.9736,3.99085,0,3.99085,2.58,7.12893,120,1,0,4232,48.9709,49.2231,16.4711
44.9938,2.02124,0,2.02124,2.58,7.12893,120,1,0,4233,48.9679,49.2199,16.4703
45.0048,6.41226,0,6.41226,2.56,7.07367,130,2,0,4235,48.9766,49.2286,16.4686
45.0252,3.98862,0,3.98862,2.56,7.07367,110,0,0,4237,48.9736,49.2254,16.4669
45.0329,3.25284,0,3.25284,2.54,7.01841,110,0,0,4238,48.9733,49.2251,16.466
45.0566,4.37432,0,4.37432,2.54,7.01841,120,1,0,4239,48.9837,49.2354,16.4651
45.0675,6.53917,0,6.53917,2.52,6.96314,120,2,0,4241,48.9993,49.2509,16.4634
45.0858,2.15341,0,2.15341,2.52,6.96314,100,0,0,4242,48.9948,49.2463,16.4626
45.0929,2.76945,0,2.76945,2.5,6.90788,100,1,0,4243,48.996,49.2475,16.4617
45.1165,3.70751,0,3.70751,2.5,6.90788,97,0,0,4245,48.991,49.2424,16.46
45.1797,58.664,54.2846,4.37939,2.48,6.85262,1030,4,0,4247,48.9925,49.2437,16.4583
45.1865,0.828431,0,0.828431,2.46,6.79736,90,0,0,4247,48.9925,49.2437,16.4583
45.2061,0.689178,0,0.689178,2.46,6.79736,90,0,0,4247,48.9925,49.2437,16.4583
45.2195,7.17949,0,7.17949,2.44,6.74209,110,2,0,4249,49.0092,49.2603,16.4566
45.2377,5.32328,0,5.32328,2.44,6.74209,146,2,0,4251,49.012,49.263,16.4549
45.2483,4.92055,0,4.92055,2.42,6.68683,100,1,0,4253,49.0134,49.2643,16.4532
45.2693,5.57001,0,5.57001,2.42,6.68683,110,2,0,4255,49.0153,49.266,16.4515
45.2816,6.54374,0,6.54374,2.4,6.63157,110,2,0,4257,49.024,49.2746,16.4498
45.3031,8.20884,0,8.20884,2.4,6.63157,110,2,0,4259,49.0387,49.2893,16.4481
45.3106,1.85244,0,1.85244,2.38,6.5763,90,0,0,4260,49.0371,49.2876,16.4472
45.3315,2.48012,0,2.48012,2.38,6.5763,90,0,0,4261,49.0359,49.2863,16.4464
45.3442,8.04615,0,8.04615,2.36,6.52104,110,2,0,4263,49.054,49.3042,16.4447
45.3664,7.76581,0,7.76581,2.36,6.52104,110,2,0,4265,49.0678,49.3179,16.443
45.3758,3.25985,0,3.25985,2.34,6.46578,126,0,0,4266,49.0689,49.319,16.4422
45.3966,4.47078,0,4.47078,2.34,6.46578,110,2,0,4268,49.0663,49.3163,16.4405
45.4091,7.95488,0,7.95488,2.32,6.41051,100,1,0,4270,49.0808,49.3307,16.4388
45.4274,3.91665,0,3.91665,2.32,6.41051,100,1,0,4272,49.0798,49.3296,16.4371
45.4358,4.00332,0,4.00332,2.3,6.35525,100,1,0,4273,49.0866,49.3363,16.4362
45.4569,2.59758,0,2.59758,2.3,6.35525,90,0,0,4274,49.0845,49.3341,16.4354
45.4646,3.18293,0,3.18293,2.28,6.29999,80,0,0,4275,49.0891,49.3387,16.4345
45.4884,4.55631,0,4.55631,2.28,6.29999,90,1,0,4276,49.0989,49.3485,16.4337
45.4985,5.61556,0,5.61556,2.26,6.24472,100,2,0,4278,49.1047,49.3541,16.432
45.5184,3.14808,0,3.14808,2.26,6.24472,80,0,0,4279,49.1056,49.355,16.4311
45.528,4.93584,0,4.93584,2.24,6.18946,80,1,0,4280,49.1189,49.3682,16.4303
45.5509,5.19774,0,5.19774,2.24,6.18946,90,2,0,4282,49.1196,49.3688,16.4286
45.5613,5.65029,0,5.65029,2.22,6.1342,90,2,0,4284,49.1265,49.3756,16.4269
45.5831,5.07984,0,5.07984,2.22,6.1342,80,1,0,4285,49.1372,49.3862,16.4261
45.5935,5.67687,0,5.67687,2.2,6.07894,90,2,0,4287,49.14,49.3889,16.4244
45.6194,9.37722,0,9.37722,2.2,6.07894,90,2,0,4289,49.1623,49.4111,16.4227
45.6285,4.60822,0,4.60822,2.18,6.02367,80,1,0,4290,49.1772,49.4259,16.4219
45.6506,4.33137,0,4.33137,2.18,6.02367,80,1,0,4291,49.185,49.4337,16.421
45.6607,5.74069,0,5.74069,2.16,5.96841,90,2,0,4293,49.1917,49.4403,16.4193
45.6807,3.3036,0,3.3036,2.16,5.96841,80,1,0,4294,49.194,49.4425,16.4185
45.6885,3.31327,0,3.31327,2.14,5.91315,80,1,0,4295,49.1932,49.4417,16.4177
45.7138,6.25095,0,6.25095,2.14,5.91315,90,2,0,4297,49.2034,49.4517,16.416
45.7241,5.85563,0,5.85563,2.12,5.85788,70,1,0,4299,49.2077,49.4559,16.4143
45.7444,3.74491,0,3.74491,2.12,5.85788,70,1,0,4300,49.2109,49.4591,16.4135
45.7538,4.95344,0,4.95344,2.1,5.80262,70,1,0,4302,49.2111,49.4591,16.4118
45.7774,6.1535,0,6.1535,2.1,5.80262,80,2,0,4304,49.2182,49.4661,16.4101
45.7847,2.81497,0,2.81497,2.08,5.74736,70,1,0,4305,49.2179,49.4657,16.4093
45.8123,8.01281,0,8.01281,2.08,5.74736,80,2,0,4307,49.2361,49.4839,16.4076
45.8215,4.19806,0,4.19806,2.06,5.69209,70,1,0,4309,49.2332,49.4809,16.4059
45.8428,3.30039,0,3.30039,2.06,5.69209,70,1,0,4310,49.2385,49.4861,16.4051
45.849,1.9334,0,1.9334,2.04,5.63683,60,0,0,4311,49.2334,49.4809,16.4042
45.8724,2.81532,0,2.81532,2.04,5.63683,70,1,0,4312,49.2375,49.4849,16.4034
45.8824,5.55849,0,5.55849,2.02,5.58157,80,2,0,4314,49.2446,49.4919,16.4017
45.9043,6.20191,0,6.20191,2.02,5.58157,80,2,0,4316,49.2456,49.4928,16.4
45.9161,6.09982,0,6.09982,2,5.5263,80,2,0,4318,49.2557,49.5028,16.3984
45.9374,7.50031,0,7.50031,2,5.5263,80,2,0,4320,49.2657,49.5127,16.3967
45.9497,6.35935,0,6.35935,1.98,5.47104,80,2,0,4322,49.2696,49.5164,16.395
45.9693,6.3824,0,6.3824,1.98,5.47104,80,2,0,4324,49.2778,49.5245,16.3934
45.9785,3.52372,0,3.52372,1.96,5.41578,60,0,0,4326,49.2712,49.5178,16.3917
45.9958,1.04789,0,1.04789,1.96,5.41578,60,0,0,4326,49.2712,49.5178,16.3917
46.0074,5.69056,0,5.69056,1.94,5.36052,80,2,0,4328,49.277,49.5236,16.39
46.0226,1.75403,0,1.75403,1.94,5.36052,60,0,0,4329,49.2703,49.5167,16.3892
46.0316,4.26791,0,4.26791,1.92,5.30525,60,1,0,4330,49.2783,49.5247,16.3884
46.0546,5.4192,0,5.4192,1.92,5.30525,60,1,0,4331,49.287,49.5334,16.3875
46.0631,3.82409,0,3.82409,1.9,5.24999,60,1,0,4332,49.2888,49.5351,16.3867
46.0893,7.45828,0,7.45828,1.9,5.24999,70,2,0,4334,49.2997,49.5459,16.385
46.0949,1.12369,0,1.12369,1.88,5.19473,50,0,0,4334,49.2997,49.5459,16.385
46.1222,6.4921,0,6.4921,1.88,5.19473,70,2,0,4336,49.3033,49.5494,16.3834
46.1325,5.78198,0,5.78198,1.86,5.13946,70,2,0,4338,49.3091,49.5551,16.3817
46.1566,7.25837,0,7.25837,1.86,5.13946,70,2,0,4340,49.3189,49.5647,16.38
46.169,7.78671,0,7.78671,1.84,5.0842,70,2,0,4342,49.3339,49.5797,16.3784
46.187,4.1293,0,4.1293,1.84,5.0842,60,1,0,4343,49.3401,49.5858,16.3775
46.1998,7.90571,0,7.90571,1.82,5.02894,70,2,0,4345,49.3597,49.6053,16.3759
46.2177,3.26078,0,3.26078,1.82,5.02894,60,1,0,4347,49.354,49.5995,16.3742
46.2254,2.85033,0,2.85033,1.8,4.97367,60,1,0,4348,49.3507,49.5961,16.3734
46.2556,10.5691,0,10.5691,1.8,4.97367,70,2,0,4350,49.3756,49.6209,16.3717
46.2668,6.72075,0,6.72075,1.78,4.91841,70,2,0,4352,49.3881,49.6333,16.3701
46.291,8.37985,0,8.37985,1.78,4.91841,70,2,0,4354,49.4031,49.6481,16.3684
46.3036,7.03001,0,7.03001,1.76,4.86315,70,2,0,4356,49.4118,49.6568,16.3668
46.3216,5.10425,0,5.10425,1.76,4.86315,60,1,0,4357,49.4225,49.6674,16.3659
46.333,6.97581,0,6.97581,1.74,4.80789,70,2,0,4359,49.4423,49.6871,16.3643
46.3524,3.98806,0,3.98806,1.74,4.80789,50,0,0,4360,49.445,49.6897,16.3635
46.3606,3.70856,0,3.70856,1.72,4.75262,60,1,0,4361,49.4485,49.6932,16.3626
46.3868,7.50575,0,7.50575,1.72,4.75262,70,2,0,4363,49.457,49.7016,16.361
46.3937,2.48894,0,2.48894,1.7,4.69736,50,0,0,4364,49.4539,49.6984,16.3602
46.4183,4.78726,0,4.78726,1.7,4.69736,70,2,0,4366,49.4567,49.7011,16.3585
46.4237,0.426899,0,0.426899,1.68,4.6421,40,0,0,4366,49.4567,49.7011,16.3585
46.4548,9.25128,0,9.25128,1.68,4.6421,60,2,0,4368,49.473,49.7173,16.3569
46.4608,0.333945,0,0.333945,1.66,4.58683,40,0,0,4368,49.473,49.7173,16.3569
46.4833,2.69562,0,2.69562,1.66,4.58683,50,1,0,4369,49.4715,49.7157,16.356
46.493,5.41892,0,5.41892,1.64,4.53157,60,2,0,4371,49.4736,49.7177,16.3544
46.5162,6.20691,0,6.20691,1.64,4.53157,50,1,0,4373,49.4756,49.7196,16.3527
46.53,9.34495,0,9.34495,1.62,4.47631,60,2,0,4375,49.4923,49.7362,16.3511
46.5497,6.98433,0,6.98433,1.62,4.47631,60,2,0,4377,49.507,49.7507,16.3494
46.5577,3.89311,0,3.89311,1.6,4.42104,50,1,0,4379,49.5045,49.7481,16.3478
46.5842,7.45682,0,7.45682,1.6,4.42104,60,2,0,4381,49.5168,49.7603,16.3462
46.5931,4.58688,0,4.58688,1.58,4.36578,60,2,0,4383,49.5213,49.7648,16.3445
46.6142,4.18339,0,4.18339,1.58,4.36578,50,1,0,4384,49.5331,49.7765,16.3437
46.6223,3.78091,0,3.78091,1.56,4.31052,50,1,0,4385,49.5357,49.779,16.3429
46.6467,5.34005,0,5.34005,1.56,4.31052,60,2,0,4387,49.5389,49.7821,16.3412
46.654,2.99036,0,2.99036,1.54,4.25525,50,1,0,4388,49.5381,49.7812,16.3404
46.6764,2.54848,0,2.54848,1.54,4.25525,50,1,0,4389,49.5393,49.7824,16.3396
46.6883,7.7425,0,7.7425,1.52,4.19999,50,1,0,4391,49.555,49.798,16.338
46.7047,1.54632,0,1.54632,1.52,4.19999,40,0,0,4391,49.555,49.798,16.338
46.7149,5.95189,0,5.95189,1.5,4.14473,60,2,0,4393,49.5629,49.8058,16.3363
46.7329,1.33317,0,1.33317,1.5,4.14473,40,0,0,4393,49.5629,49.8058,16.3363
46.754,16.5073,11.7715,4.73581,1.48,4.08947,259,3,0,4395,49.5652,49.808,16.3347
46.7638,3.95365,0,3.95365,1.46,4.0342,40,1,0,4397,49.5604,49.803,16.333
46.7795,0.555176,0,0.555176,1.46,4.0342,30,0,0,4397,49.5604,49.803,16.333
46.7878,4.28024,0,4.28024,1.44,3.97894,50,2,0,4399,49.5556,49.7981,16.3314
46.81,3.93973,0,3.93973,1.44,3.97894,40,1,0,4400,49.5648,49.8073,16.3306
46.8168,2.29529,0,2.29529,1.42,3.92368,40,1,0,4401,49.5601,49.8025,16.3298
46.8407,3.67201,0,3.67201,1.42,3.92368,40,1,0,4402,49.5652,49.8076,16.329
46.8487,3.89615,0,3.89615,1.4,3.86841,40,1,0,4403,49.5726,49.8149,16.3281
46.8754,7.99692,0,7.99692,1.4,3.86841,50,2,0,4405,49.5864,49.8286,16.3265
46.8875,8.02326,0,8.02326,1.38,3.81315,53,2,0,4407,49.6002,49.8423,16.3249
46.9075,6.35438,0,6.35438,1.38,3.81315,40,1,0,4409,49.611,49.853,16.3232
46.9166,4.80522,0,4.80522,1.36,3.75789,50,2,0,4411,49.6083,49.8501,16.3216
46.9414,6.80904,0,6.80904,1.36,3.75789,50,2,0,4413,49.6209,49.8627,16.32
46.9534,8.05149,0,8.05149,1.34,3.70262,50,2,0,4415,49.6401,49.8818,16.3184
46.9716,3.3331,0,3.3331,1.34,3.70262,40,1,0,4416,49.6409,49.8825,16.3175
46.9781,2.29904,0,2.29904,1.32,3.64736,40,1,0,4417,49.6364,49.878,16.3167
47.0014,2.86256,0,2.86256,1.32,3.64736,40,1,0,4418,49.6349,49.8764,16.3159
47.0146,8.90562,6.44885,2.45677,1.3,3.5921,147,1,0,4419,49.6309,49.8724,16.3151
47.0312,2.92727,0,2.92727,1.3,3.5921,40,1,0,4420,49.6278,49.8692,16.3143
47.0396,4.16604,0,4.16604,1.28,3.53684,40,1,0,4422,49.6235,49.8648,16.3127
47.0639,5.78411,0,5.78411,1.28,3.53684,50,2,0,4424,49.6277,49.8689,16.311
47.0737,5.62025,0,5.62025,1.26,3.48157,30,1,0,4426,49.636,49.8771,16.3094
47.0935,2.74424,0,2.74424,1.26,3.48157,30,1,0,4427,49.6323,49.8733,16.3086
47.1075,9.90281,0,9.90281,1.24,3.42631,40,2,0,4429,49.6512,49.8921,16.307
47.1227,4.23349,0,4.23349,1.24,3.42631,30,1,0,4431,49.6477,49.8885,16.3054
47.1308,2.64025,0,2.64025,1.22,3.37105,30,1,0,4432,49.6496,49.8903,16.3045
47.1531,5.05603,0,5.05603,1.22,3.37105,40,2,0,4434,49.6563,49.8969,16.3029
47.164,5.34486,0,5.34486,1.2,3.31578,40,2,0,4436,49.6564,49.897,16.3013
47.1833,4.82076,0,4.82076,1.2,3.31578,40,2,0,4438,49.6543,49.8948,16.2997
47.1951,6.09064,0,6.09064,1.18,3.26052,40,2,0,4440,49.6619,49.9023,16.2981
47.214,5.21102,0,5.21102,1.18,3.26052,30,1,0,4442,49.6652,49.9054,16.2965
47.2271,7.31958,0,7.31958,1.16,3.20526,40,2,0,4444,49.6753,49.9154,16.2948
47.2438,4.03907,0,4.03907,1.16,3.20526,30,1,0,4445,49.6853,49.9253,16.294
47.2541,5.9375,0,5.9375,1.14,3.14999,40,2,0,4447,49.6917,49.9316,16.2924
47.2779,6.88586,0,6.88586,1.14,3.14999,40,2,0,4449,49.7056,49.9454,16.2908
47.2851,2.72459,0,2.72459,1.12,3.09473,30,1,0,4450,49.704,49.9438,16.29
47.3098,4.79294,0,4.79294,1.12,3.09473,30,1,0,4451,49.7104,49.9501,16.2892
47.3191,4.86244,0,4.86244,1.1,3.03947,30,1,0,4452,49.7195,49.9591,16.2884
47.3434,6.56932,0,6.56932,1.1,3.03947,40,2,0,4454,49.7299,49.9695,16.2868
47.3527,4.7699,0,4.7699,1.08,2.9842,30,1,0,4456,49.7296,49.969,16.2852
47.3715,1.037,0,1.037,1.08,2.9842,20,0,0,4456,49.7296,49.969,16.2852
47.3787,3.12867,0,3.12867,1.06,2.92894,30,1,0,4457,49.7285,49.9679,16.2844
47.4012,3.00538,0,3.00538,1.06,2.92894,30,1,0,4458,49.7263,49.9657,16.2836
47.4113,5.62403,0,5.62403,1.04,2.87368,30,1,0,4459,49.7351,49.9744,16.2828
47.4292,1.80546,0,1.80546,1.04,2.87368,20,0,0,4460,49.7278,49.967,16.2819
47.4423,8.30944,0,8.30944,1.02,2.81842,40,2,0,4462,49.7454,49.9845,16.2803
47.465,8.42415,0,8.42415,1.02,2.81842,40,2,0,4464,49.7545,49.9935,16.2787
47.4729,3.52701,0,3.52701,1,2.76315,30,1,0,4465,49.757,49.996,16.2779
47.4971,4.91894,0,4.91894,1,2.76315,30,1,0,4466,49.7703,50.0092,16.2771
47.5073,5.71002,0,5.71002,0.98,2.70789,30,1,0,4467,49.7835,50.0224,16.2763
47.5292,4.81888,0,4.81888,0.98,2.70789,30,1,0,4468,49.7905,50.0293,16.2755
47.5389,5.38413,0,5.38413,0.96,2.65263,30,1,0,4469,49.8009,50.0396,16.2747
47.5638,7.70571,0,7.70571,0.96,2.65263,40,2,0,4471,49.8117,50.0503,16.2731
47.5757,7.40898,0,7.40898,0.94,2.59736,40,2,0,4473,49.8276,50.0662,16.2715
47.5912,0.148811,0,0.148811,0.94,2.59736,20,0,0,4473,49.8276,50.0662,16.2715
47.5979,2.29982,0,2.29982,0.92,2.5421,20,0,0,4474,49.8214,50.0599,16.2707
47.6257,7.5457,0,7.5457,0.92,2.5421,40,2,0,4476,49.8327,50.071,16.2691
47.6317,1.47823,0,1.47823,0.9,2.48684,20,0,0,4476,49.8327,50.071,16.2691
47.6525,0.45863,0,0.45863,0.9,2.48684,20,0,0,4476,49.8327,50.071,16.2691
47.6646,7.48513,0,7.48513,0.88,2.43157,40,2,0,4478,49.8385,50.0768,16.2675
47.6792,0.848908,0,0.848908,0.88,2.43157,20,0,0,4478,49.8385,50.0768,16.2675
47.6898,4.66073,0,4.66073,0.86,2.37631,30,1,0,4479,49.8439,50.0822,16.2667
47.7102,5.24613,0,5.24613,0.86,2.37631,30,1,0,4480,49.8547,50.0929,16.2659
47.7206,4.77288,0,4.77288,0.84,2.32105,30,1,0,4481,49.8623,50.1004,16.2651
47.7383,2.6327,0,2.6327,0.84,2.32105,30,1,0,4482,49.8617,50.0997,16.2643
47.7468,4.36207,0,4.36207,0.82,2.26579,30,1,0,4483,49.8724,50.1104,16.2635
47.7687,3.46678,0,3.46678,0.82,2.26579,40,2,0,4485,49.8705,50.1084,16.2619
47.7757,2.69937,0,2.69937,0.8,2.21052,30,1,0,4486,49.8729,50.1108,16.2611
47.8009,5.38033,0,5.38033,0.8,2.21052,30,1,0,4487,49.8819,50.1197,16.2603
47.8096,4.38831,0,4.38831,0.78,2.15526,30,1,0,4489,49.8761,50.1138,16.2587
47.8369,8.81147,0,8.81147,0.78,2.15526,40,2,0,4491,49.8942,50.1318,16.2571
47.8462,4.69541,0,4.69541,0.76,2.1,30,1,0,4492,49.9065,50.144,16.2563
47.8684,4.26232,0,4.26232,0.76,2.1,30,1,0,4493,49.9108,50.1482,16.2555
47.8763,3.55349,0,3.55349,0.74,2.04473,30,1,0,4494,49.9126,50.15,16.2547
47.9031,7.63655,0,7.63655,0.74,2.04473,40,2,0,4496,49.9255,50.1628,16.2531
47.914,7.02177,0,7.02177,0.72,1.98947,40,2,0,4498,49.9357,50.173,16.2516
47.9343,4.38271,0,4.38271,0.72,1.98947,40,2,0,4500,49.9318,50.1689,16.25
47.9428,4.36148,0,4.36148,0.7,1.93421,30,1,0,4501,49.9393,50.1764,16.2492
47.9688,7.64151,0,7.64151,0.7,1.93421,40,2,0,4503,49.9456,50.1825,16.2476
47.9793,6.48712,0,6.48712,0.68,1.87894,40,2,0,4505,49.9516,50.1885,16.246
47.9956,0.069213,0,0.069213,0.68,1.87894,20,0,0,4505,49.9516,50.1885,16.246
48.0176,17.7549,17.1436,0.611296,0.66,1.82368,536,2,0,4505,49.9516,50.1885,16.246
48.0252,1.9755,0,1.9755,0.64,1.76842,30,1,0,4506,49.9483,50.1851,16.2452
48.0516,8.60292,0,8.60292,0.64,1.76842,40,2,0,4508,49.9632,50.1999,16.2436
48.0618,4.84762,0,4.84762,0.62,1.71315,40,2,0,4510,49.9663,50.2029,16.242
48.0858,7.60422,0,7.60422,0.62,1.71315,40,2,0,4512,49.9727,50.2092,16.2404
48.0971,7.20366,0,7.20366,0.6,1.65789,40,2,0,4514,49.9847,50.2211,16.2388
48.122,9.23272,0,9.23272,0.6,1.65789,40,2,0,4516,50.0038,50.24,16.2373
48.1286,2.5511,0,2.5511,0.58,1.60263,30,1,0,4517,50.0029,50.2391,16.2365
48.1532,4.38767,0,4.38767,0.58,1.60263,30,1,0,4518,50.0144,50.2506,16.2357
48.1617,4.46763,0,4.46763,0.56,1.54737,30,1,0,4519,50.0224,50.2585,16.2349
48.1828,2.80117,0,2.80117,0.56,1.54737,30,1,0,4520,50.025,50.2611,16.2341
48.1914,4.31213,0,4.31213,0.54,1.4921,30,1,0,4521,50.0303,50.2663,16.2333
48.2159,7.33799,0,7.33799,0.54,1.4921,40,2,0,4523,50.0451,50.281,16.2317
48.2252,3.66991,0,3.66991,0.52,1.43684,30,1,0,4524,50.0449,50.2807,16.2309
48.2455,4.10127,0,4.10127,0.52,1.43684,30,1,0,4526,50.0384,50.2742,16.2293
48.2524,1.02614,0,1.02614,0.5,1.38158,20,0,0,4526,50.0384,50.2742,16.2293
48.2718,0.511738,0,0.511738,0.5,1.38158,20,0,0,4526,50.0384,50.2742,16.2293
48.2836,5.99123,0,5.99123,0.48,1.32631,30,1,0,4528,50.0409,50.2765,16.2278
48.3018,4.45994,0,4.45994,0.48,1.32631,30,1,0,4529,50.0477,50.2833,16.227
48.312,5.53896,0,5.53896,0.46,1.27105,40,2,0,4531,50.0519,50.2874,16.2254
48.3326,3.49895,0,3.49895,0.46,1.27105,30,1,0,4532,50.0534,50.2888,16.2246
48.34,2.78197,0,2.78197,0.44,1.21579,20,0,0,4533,50.0567,50.2921,16.2238
48.3647,4.60107,0,4.60107,0.44,1.21579,30,1,0,4534,50.062,50.2973,16.223
48.3751,5.69028,0,5.69028,0.42,1.16052,40,2,0,4536,50.0642,50.2994,16.2215
48.3935,2.50789,0,2.50789,0.42,1.16052,20,0,0,4537,50.0617,50.2969,16.2207
48.4017,3.527,0,3.527,0.4,1.10526,30,1,0,4538,50.0615,50.2966,16.2199
48.4242,4.03806,0,4.03806,0.4,1.10526,40,2,0,4540,50.0551,50.2901,16.2183
48.4348,5.89866,0,5.89866,0.38,1.05,40,2,0,4542,50.0632,50.2981,16.2167
48.4567,4.98705,0,4.98705,0.38,1.05,40,2,0,4544,50.0601,50.2949,16.2152
48.4639,2.64118,0,2.64118,0.36,0.994735,30,1,0,4545,50.0557,50.2904,16.2144
48.4923,8.24062,0,8.24062,0.36,0.994735,40,2,0,4547,50.0647,50.2993,16.2128
48.502,5.09412,0,5.09412,0.34,0.939472,40,2,0,4549,50.067,50.3016,16.2112
48.5238,4.18701,0,4.18701,0.34,0.939472,30,1,0,4550,50.0684,50.3029,16.2105
48.5326,4.49357,0,4.49357,0.32,0.884209,30,1,0,4551,50.078,50.3125,16.2097
48.5539,2.92738,0,2.92738,0.32,0.884209,30,1,0,4552,50.0793,50.3137,16.2089
48.5638,5.55558,0,5.55558,0.3,0.828946,40,2,0,4554,50.0784,50.3127,16.2073
48.5844,4.1506,0,4.1506,0.3,0.828946,40,2,0,4556,50.0724,50.3066,16.2057
48.5937,4.67458,0,4.67458,0.28,0.773683,30,1,0,4557,50.084,50.3182,16.205
48.6164,5.55404,0,5.55404,0.28,0.773683,40,2,0,4559,50.0875,50.3216,16.2034
48.6266,5.51048,0,5.51048,0.26,0.719074,40,2,0,4561,50.0888,50.3227,16.2018
48.6496,6.31587,0,6.31587,0.26,0.719074,40,2,0,4563,50.0938,50.3276,16.2003
48.6576,3.32893,0,3.32893,0.24,0.663157,30,1,0,4564,50.0986,50.3324,16.1995
48.68,2.90426,0,2.90426,0.24,0.663157,30,1,0,4565,50.0986,50.3323,16.1987
48.6896,4.96221,0,4.96221,0.22,0.607891,30,1,0,4566,50.1093,50.343,16.1979
48.7116,4.28339,0,4.28339,0.22,0.607891,30,1,0,4567,50.1222,50.3558,16.1971
48.719,2.68934,0,2.68934,0.2,0.552628,30,1,0,4568,50.1228,50.3564,16.1964
48.7482,9.22943,0,9.22943,0.2,0.552628,40,2,0,4570,50.1346,50.3681,16.1948
