elapsed_s,total_latency_ms,update_ms,plan_ms,time_to_goal,path_cost,obstacle_checks,queue_operations,collision_count,tree_size,avg_deg_out,avg_deg_in,radius
1.20798,1207.64,1207.52,0.123818,20,137.845,969224,5236,0,2455,75.3605,78.6257,14.7953
1.2125,1.89663,0,1.89663,19.98,139.672,1549,0,0,2456,75.3929,78.6568,14.7953
1.23082,0.135088,0,0.135088,19.98,139.672,30,0,0,2456,75.3929,78.6568,14.7935
1.23411,1.0257,0,1.0257,19.96,139.474,1092,0,0,2457,75.4062,78.6687,14.7935
1.25347,0.033508,0,0.033508,19.96,139.474,30,0,0,2457,75.4062,78.6687,14.7918
1.25756,1.92464,0,1.92464,19.94,139.277,1704,0,0,2458,75.4451,78.7063,14.7918
1.27596,0.060774,0,0.060774,19.94,139.277,30,0,0,2458,75.4451,78.7063,14.79
1.2785,0.027684,0,0.027684,19.92,139.079,30,0,0,2458,75.4451,78.7063,14.79
1.29994,1.05778,0,1.05778,19.92,139.079,667,0,0,2459,75.4624,78.7222,14.79
1.30239,0.266476,0,0.266476,19.9,138.882,261,0,0,2460,75.4671,78.7256,14.7883
1.32259,0.11643,0,0.11643,19.9,138.882,30,0,0,2460,75.4671,78.7256,14.7865
1.32613,1.17113,0,1.17113,19.88,138.684,1172,0,0,2461,75.4884,78.7456,14.7865
1.34648,1.31082,0,1.31082,19.88,138.684,790,0,0,2462,75.4886,78.7445,14.7848
1.35056,1.55855,0,1.55855,19.86,138.487,1256,0,0,2463,75.5091,78.7637,14.7831
1.37023,1.21179,0,1.21179,19.86,138.487,954,0,0,2464,75.517,78.7703,14.7813
1.37331,0.468034,0,0.468034,19.84,138.289,487,0,0,2465,75.5254,78.7773,14.7796
1.39312,0.029407,0,0.029407,19.84,138.289,50,0,0,2465,75.5254,78.7773,14.7778
1.39562,0.052648,0,0.052648,19.82,138.092,50,0,0,2465,75.5254,78.7773,14.7778
1.41984,3.74958,0,3.74958,19.82,138.092,1631,0,0,2466,75.5661,78.8167,14.7778
1.42809,4.42464,0,4.42464,19.8,137.894,1719,0,0,2467,75.6044,78.8537,14.7761
1.44392,0.136335,0,0.136335,19.8,137.894,61,0,0,2467,75.6044,78.8537,14.7743
1.44907,2.26823,0,2.26823,19.78,137.696,1141,0,0,2468,75.624,78.872,14.7743
1.46874,2.03078,0,2.03078,19.78,137.696,1625,0,0,2469,75.6618,78.9085,14.7726
1.47128,0.012452,0,0.012452,19.76,137.499,71,0,0,2469,75.6618,78.9085,14.7709
1.4938,2.12542,0,2.12542,19.76,137.499,1114,0,0,2470,75.6826,78.9279,14.7709
1.49893,2.55969,0,2.55969,19.74,137.301,1103,2,0,2471,75.6997,78.9437,14.7691
1.51911,2.27005,0,2.27005,19.74,137.301,789,0,0,2472,75.6986,78.9413,14.7674
1.52692,3.29372,0,3.29372,19.72,137.104,1313,0,0,2473,75.719,78.9604,14.7656
1.5453,1.62524,0,1.62524,19.72,137.104,1254,0,0,2474,75.7425,78.9826,14.7639
1.54967,1.33862,0,1.33862,19.7,136.906,619,6,0,2475,75.7463,78.9851,14.7622
1.5718,3.66392,0,3.66392,19.7,136.906,1548,0,0,2476,75.7771,79.0145,14.7604
1.57759,1.21602,0,1.21602,19.68,136.709,512,0,0,2477,75.7642,79.0004,14.7587
1.59726,0.161802,0,0.161802,19.68,136.709,81,0,0,2477,75.7642,79.0004,14.757
1.60312,2.23188,0,2.23188,19.66,136.511,1228,2,0,2478,75.7881,79.0234,14.757
1.62478,3.33071,0,3.33071,19.66,136.511,1927,0,0,2479,75.8354,79.0694,14.7552
1.63108,3.76276,0,3.76276,19.64,136.314,1351,0,0,2480,75.856,79.0887,14.7535
1.64797,0.202104,0,0.202104,19.64,136.314,81,0,0,2480,75.856,79.0887,14.7518
1.65181,0.159438,0,0.159438,19.62,136.116,81,0,0,2480,75.856,79.0887,14.7518
1.67725,5.54153,0,5.54153,19.62,136.116,1956,0,0,2481,75.9073,79.1387,14.7518
1.68601,3.55473,0,3.55473,19.6,135.919,1519,0,0,2482,75.9416,79.1716,14.7501
1.70433,2.12462,0,2.12462,19.6,135.919,1582,0,0,2483,75.9722,79.201,14.7483
1.71028,3.15194,0,3.15194,19.58,135.721,1363,0,0,2484,75.9972,79.2246,14.7466
1.72937,1.80923,0,1.80923,19.58,135.721,723,0,0,2485,75.9968,79.2229,14.7449
1.73377,0.069097,0,0.069097,19.56,135.523,91,0,0,2485,75.9968,79.2229,14.7432
1.75422,0.083678,0,0.083678,19.56,135.523,91,0,0,2485,75.9968,79.2229,14.7432
1.76011,3.05401,0,3.05401,19.54,135.326,1281,0,0,2486,76.0201,79.245,14.7432
1.78016,2.72088,0,2.72088,19.54,135.326,1793,0,0,2487,76.0643,79.2879,14.7414
1.78573,3.13499,0,3.13499,19.52,135.128,1062,0,0,2488,76.0768,79.299,14.7397
1.80323,0.608497,0,0.608497,19.52,135.128,379,0,0,2489,76.0591,79.28,14.738
1.80781,0.101004,0,0.101004,19.5,134.931,111,0,0,2489,76.0591,79.28,14.7363
1.83333,4.87588,0,4.87588,19.5,134.931,1889,0,0,2490,76.1024,79.3221,14.7363
1.83824,1.7571,0,1.7571,19.48,134.733,817,0,0,2491,76.114,79.3324,14.7345
1.86,3.23392,0,3.23392,19.48,134.733,1831,0,0,2492,76.1605,79.3776,14.7328
1.86634,2.11355,0,2.11355,19.46,134.536,1073,2,0,2493,76.1769,79.3943,14.7311
1.88758,2.92564,0,2.92564,19.46,134.536,1193,0,0,2494,76.1905,79.4066,14.7294
1.89621,3.87801,0,3.87801,19.44,134.338,1251,0,0,2495,76.2052,79.42,14.7277
1.91531,2.61527,0,2.61527,19.44,134.338,1115,0,0,2496,76.2236,79.4371,14.7259
1.91851,0.160126,0,0.160126,19.42,134.141,121,0,0,2496,76.2236,79.4371,14.7242
1.93988,1.32238,0,1.32238,19.42,134.141,545,0,0,2496,76.2236,79.4371,14.7242
1.94454,0.379016,0,0.379016,19.4,133.943,401,0,0,2496,76.2236,79.4371,14.7242
1.96475,0.199651,0,0.199651,19.4,133.943,121,0,0,2496,76.2236,79.4371,14.7242
1.97263,4.04407,0,4.04407,19.38,133.746,1143,0,0,2497,76.2347,79.4469,14.7242
1.99456,5.63152,0,5.63152,19.38,133.746,1706,4,0,2498,76.2706,79.4816,14.7225
2.0065,6.87841,0,6.87841,19.36,133.548,2009,0,0,2499,76.3165,79.5262,14.7208
2.02219,2.26068,0,2.26068,19.36,133.548,895,0,0,2500,76.3172,79.5256,14.7191
2.02707,0.083332,0,0.083332,19.34,133.35,127,0,0,2500,76.3172,79.5256,14.7174
2.04905,1.6599,0,1.6599,19.34,133.35,837,0,0,2501,76.3163,79.5234,14.7174
2.05528,3.54923,0,3.54923,19.32,133.153,1158,0,0,2502,76.3317,79.5376,14.7157
2.07427,2.65537,0,2.65537,19.32,133.153,1467,8,0,2503,76.3572,79.5625,14.714
2.07947,0.190263,0,0.190263,19.3,132.955,137,0,0,2503,76.3572,79.5625,14.7122
2.10107,1.74932,0,1.74932,19.3,132.955,760,0,0,2504,76.3682,79.5723,14.7122
2.1063,2.31488,0,2.31488,19.28,132.758,889,0,0,2505,76.3816,79.5844,14.7105
2.13173,7.17715,0,7.17715,19.28,132.758,1881,0,0,2506,76.4218,79.6233,14.7088
2.1351,0.112505,0,0.112505,19.26,132.56,157,0,0,2506,76.4218,79.6233,14.7071
2.15936,3.57616,0,3.57616,19.26,132.56,1113,0,0,2507,76.4308,79.631,14.7071
2.16824,4.28595,0,4.28595,19.24,132.363,1427,53,0,2508,76.4502,79.6471,14.7054
2.18809,3.71259,0,3.71259,19.24,132.363,1505,0,0,2509,76.4747,79.6704,14.7037
2.19295,0.178184,0,0.178184,19.22,132.165,167,0,0,2509,76.4747,79.6704,14.702
2.21624,2.64253,0,2.64253,19.22,132.165,1323,0,0,2510,76.494,79.6884,14.702
2.21887,0.072087,0,0.072087,19.2,131.968,167,0,0,2510,76.494,79.6884,14.7003
2.24247,3.28322,0,3.28322,19.2,131.968,1344,10,0,2511,76.5121,79.7057,14.7003
2.24716,1.81854,0,1.81854,19.18,131.77,746,1,0,2512,76.5131,79.7054,14.6986
2.26661,1.39086,0,1.39086,19.18,131.77,1313,0,0,2513,76.5348,79.7258,14.6969
2.27229,2.58627,0,2.58627,19.16,131.573,1787,0,0,2514,76.5688,79.7586,14.6952
2.2917,1.59244,0,1.59244,19.16,131.573,878,0,0,2515,76.5761,79.7646,14.6935
2.29718,1.61432,0,1.61432,19.14,131.375,1263,0,0,2516,76.5946,79.7818,14.6918
2.31869,2.89375,0,2.89375,19.14,131.375,1201,0,0,2517,76.6063,79.7922,14.6901
2.32749,3.7607,0,3.7607,19.12,131.177,1473,0,0,2518,76.6322,79.8169,14.6884
2.34788,3.53252,0,3.53252,19.12,131.177,1167,0,0,2519,76.6411,79.8245,14.6867
2.35365,2.52763,0,2.52763,19.1,130.98,1195,0,0,2520,76.6575,79.8397,14.685
2.37426,2.71671,0,2.71671,19.1,130.98,1065,0,0,2521,76.6783,79.8592,14.6833
2.38464,5.24153,0,5.24153,19.08,130.782,1906,0,0,2522,76.724,79.9036,14.6816
2.39923,0.105795,0,0.105795,19.08,130.782,177,0,0,2522,76.724,79.9036,14.6799
2.40219,0.120539,0,0.120539,19.06,130.585,177,0,0,2522,76.724,79.9036,14.6799
2.42209,0.07463,0,0.07463,19.06,130.585,177,0,0,2522,76.724,79.9036,14.6799
2.42477,0.066072,0,0.066072,19.04,130.387,187,0,0,2522,76.724,79.9036,14.6799
2.44505,0.091736,0,0.091736,19.04,130.387,187,0,0,2522,76.724,79.9036,14.6799
2.45349,3.02711,0,3.02711,19.02,130.19,1685,0,0,2523,76.757,79.9354,14.6799
2.47478,3.91871,0,3.91871,19.02,130.19,1451,0,0,2524,76.7769,79.954,14.6782
2.47925,0.192148,0,0.192148,19,129.992,198,0,0,2524,76.7769,79.954,14.6766
2.49981,0.963154,0,0.963154,19,129.992,857,0,0,2525,76.7952,79.9711,14.6766
2.50369,1.86664,0,1.86664,18.98,129.795,1986,0,0,2526,76.8365,80.0111,14.6749
2.52412,1.52182,0,1.52182,18.98,129.795,908,0,0,2527,76.8342,80.0075,14.6732
2.52672,0.197108,0,0.197108,18.96,129.597,368,0,0,2528,76.8105,79.9826,14.6715
2.55108,3.73511,0,3.73511,18.96,129.597,2221,0,0,2529,76.8616,80.0324,14.6698
2.55465,0.084603,0,0.084603,18.94,129.4,208,0,0,2529,76.8616,80.0324,14.6681
2.57616,1.05031,0,1.05031,18.94,129.4,677,0,0,2529,76.8616,80.0324,14.6681
2.58299,2.5288,0,2.5288,18.92,129.202,1200,0,0,2530,76.8708,80.0403,14.6681
2.60254,2.14066,0,2.14066,18.92,129.202,1844,0,0,2531,76.9083,80.0766,14.6664
2.60795,0.574034,0,0.574034,18.9,129.004,416,0,0,2532,76.8886,80.0557,14.6647
2.63234,5.00574,0,5.00574,18.9,129.004,2213,0,0,2533,76.9396,80.1054,14.6631
2.63852,3.23174,0,3.23174,18.88,128.807,1418,2,0,2534,76.9578,80.1219,14.6614
2.65573,0.909669,0,0.909669,18.88,128.807,852,0,0,2535,76.9819,80.1448,14.6597
2.65856,0.618008,0,0.618008,18.86,128.609,971,0,0,2536,76.9842,80.1459,14.658
2.67979,0.933301,0,0.933301,18.86,128.609,792,0,0,2537,76.9917,80.1521,14.6563
2.68435,1.25108,0,1.25108,18.84,128.412,1055,0,0,2538,76.9965,80.1556,14.6546
2.70671,3.0353,0,3.0353,18.84,128.412,1303,0,0,2539,77.0138,80.1717,14.653
2.71049,1.56707,0,1.56707,18.82,128.214,1753,0,0,2540,77.0504,80.2071,14.6513
2.73137,1.79431,0,1.79431,18.82,128.214,903,0,0,2541,77.0547,80.2102,14.6496
2.73893,2.79179,0,2.79179,18.8,128.154,1303,0,0,2542,77.0759,80.2301,14.6479
2.75723,1.39427,0,1.39427,18.8,128.154,771,0,0,2543,77.0834,80.2363,14.6463
2.76366,2.11518,0,2.11518,18.78,128.123,999,0,0,2544,77.0873,80.239,14.6446
2.78177,0.010768,0,0.010768,18.78,128.123,189,0,0,2544,77.0873,80.239,14.6429
2.78502,1.21235,0,1.21235,18.76,128.091,1517,2,0,2545,77.112,80.2621,14.6429
2.80728,2.44802,0,2.44802,18.76,128.091,960,0,0,2546,77.1174,80.2663,14.6412
2.81273,2.78164,0,2.78164,18.74,128.06,1757,8,0,2547,77.1492,80.2972,14.6396
2.83072,0.201987,0,0.201987,18.74,128.06,179,0,0,2547,77.1492,80.2972,14.6379
2.83678,1.24109,0,1.24109,18.72,128.029,705,1,0,2548,77.1476,80.2943,14.6379
2.85705,1.81215,0,1.81215,18.72,128.029,1541,0,0,2549,77.1777,80.3233,14.6362
2.86121,0.118922,0,0.118922,18.7,127.997,189,0,0,2549,77.1777,80.3233,14.6345
2.88158,0.082224,0,0.082224,18.7,127.997,189,0,0,2549,77.1777,80.3233,14.6345
2.88678,2.00525,0,2.00525,18.68,127.966,950,0,0,2550,77.1996,80.3439,14.6345
2.90741,2.67836,0,2.67836,18.68,127.966,1179,0,0,2551,77.2082,80.3512,14.6329
2.91597,5.36631,0,5.36631,18.66,127.935,2232,2,0,2552,77.2594,80.3997,14.6312
2.93089,0.14706,0,0.14706,18.66,127.935,189,0,0,2552,77.2594,80.3997,14.6295
2.93783,2.41014,0,2.41014,18.64,127.904,1893,4,0,2553,77.2985,80.4375,14.6295
2.95876,3.05792,0,3.05792,18.64,127.904,1284,0,0,2554,77.3125,80.4503,14.6279
2.96633,3.22248,0,3.22248,18.62,127.872,1589,0,0,2555,77.3472,80.4838,14.6262
2.98333,0.045626,0,0.045626,18.62,127.872,179,0,0,2555,77.3472,80.4838,14.6245
2.98679,1.0182,0,1.0182,18.6,127.841,1004,2,0,2556,77.3588,80.4937,14.6245
3.0067,0.16966,0,0.16966,18.6,127.841,179,0,0,2556,77.3588,80.4937,14.6229
3.01295,1.90263,0,1.90263,18.58,127.81,1045,0,0,2557,77.3696,80.5033,14.6229
3.03124,0.075424,0,0.075424,18.58,127.81,179,0,0,2557,77.3696,80.5033,14.6212
3.03489,1.32893,0,1.32893,18.56,127.778,1199,0,0,2558,77.3792,80.5117,14.6212
3.0589,4.60178,0,4.60178,18.56,127.778,1389,0,0,2559,77.3962,80.5275,14.6196
3.0643,1.72924,0,1.72924,18.54,127.747,1223,0,0,2560,77.4129,80.543,14.6179
3.08299,0.061143,0,0.061143,18.54,127.747,179,0,0,2560,77.4129,80.543,14.6162
3.08814,0.935365,0,0.935365,18.52,127.716,617,0,0,2561,77.4041,80.533,14.6162
3.1099,2.25565,0,2.25565,18.52,127.716,1124,0,0,2562,77.4192,80.5468,14.6146
3.11743,3.19207,0,3.19207,18.5,127.685,1418,6,0,2563,77.4393,80.5657,14.6129
3.13538,0.019485,0,0.019485,18.5,127.685,191,0,0,2563,77.4393,80.5657,14.6113
3.14654,5.98152,0,5.98152,18.48,127.653,2035,0,0,2564,77.4871,80.6123,14.6113
3.16129,0.971784,0,0.971784,18.48,127.653,711,0,0,2565,77.4772,80.6012,14.6096
3.16488,1.3341,0,1.3341,18.46,127.622,1488,2,0,2566,77.5008,80.6231,14.6079
3.18544,1.86627,0,1.86627,18.46,127.622,1142,0,0,2567,77.5173,80.6385,14.6063
3.18868,0.121023,0,0.121023,18.44,127.591,197,0,0,2567,77.5173,80.6385,14.6046
3.2119,2.18795,0,2.18795,18.44,127.591,958,0,0,2568,77.5171,80.6371,14.6046
3.21981,2.98415,0,2.98415,18.42,127.56,1293,0,0,2569,77.5372,80.6559,14.603
3.23821,1.32664,0,1.32664,18.42,127.56,1296,0,0,2570,77.5533,80.6708,14.6013
3.24157,1.44759,0,1.44759,18.4,127.528,1711,0,0,2571,77.5854,80.7017,14.5997
3.26321,2.41879,0,2.41879,18.4,127.528,1152,0,0,2572,77.5921,80.7072,14.598
3.26551,0.018863,0,0.018863,18.38,127.497,197,0,0,2572,77.5921,80.7072,14.5964
3.28718,1.18125,0,1.18125,18.38,127.497,728,0,0,2573,77.6024,80.7163,14.5964
3.28999,0.360749,0,0.360749,18.36,127.466,519,0,0,2574,77.5909,80.7036,14.5947
3.31533,4.69702,0,4.69702,18.36,127.466,1749,26,0,2575,77.6206,80.7324,14.5931
3.31961,0.608742,0,0.608742,18.34,127.434,462,0,0,2576,77.6056,80.7162,14.5914
3.34121,1.63865,0,1.63865,18.34,127.434,729,0,0,2577,77.5957,80.7051,14.5898
3.34916,2.71206,0,2.71206,18.32,127.403,1239,0,0,2578,77.6059,80.7141,14.5881
3.36691,0.470441,0,0.470441,18.32,127.403,548,0,0,2579,77.5964,80.7034,14.5865
3.36959,0.168016,0,0.168016,18.3,127.372,217,0,0,2579,77.5964,80.7034,14.5848
3.39143,2.26849,0,2.26849,18.3,127.372,1872,0,0,2580,77.6326,80.7384,14.5848
3.39644,2.06118,0,2.06118,18.28,127.341,1345,6,0,2581,77.6486,80.7528,14.5832
3.41447,0.068001,0,0.068001,18.28,127.341,217,0,0,2581,77.6486,80.7528,14.5815
3.41685,0.006163,0,0.006163,18.26,127.309,217,0,0,2581,77.6486,80.7528,14.5815
3.43864,1.47178,0,1.47178,18.26,127.309,1473,2,0,2582,77.6727,80.775,14.5815
3.44228,1.48183,0,1.48183,18.24,127.278,1425,28,0,2583,77.6914,80.794,14.5799
3.46452,2.93168,0,2.93168,18.24,127.278,1631,2,0,2584,77.7202,80.8212,14.5783
3.46954,2.54443,0,2.54443,18.22,127.247,1002,0,0,2585,77.7222,80.8221,14.5766
3.49059,3.72017,0,3.72017,18.22,127.247,1701,0,0,2586,77.751,80.8496,14.575
3.49376,0.015516,0,0.015516,18.2,127.216,217,0,0,2586,77.751,80.8496,14.5733
3.51523,1.78259,0,1.78259,18.2,127.216,1420,0,0,2587,77.7692,80.8666,14.5733
3.52348,5.7268,0,5.7268,18.18,127.184,2325,0,0,2588,77.8219,80.9181,14.5717
3.53849,0.175516,0,0.175516,18.18,127.184,217,0,0,2588,77.8219,80.9181,14.5701
3.54416,1.48123,0,1.48123,18.16,127.153,1102,0,0,2589,77.8328,80.9278,14.5701
3.56413,1.08401,0,1.08401,18.16,127.153,866,16,0,2590,77.8336,80.9274,14.5684
3.56776,0.161927,0,0.161927,18.14,127.122,207,0,0,2590,77.8336,80.9274,14.5668
3.59027,2.35318,0,2.35318,18.14,127.122,1248,0,0,2591,77.8499,80.9425,14.5668
3.59287,0.07332,0,0.07332,18.12,127.09,207,0,0,2591,77.8499,80.9425,14.5651
3.61329,0.070098,0,0.070098,18.12,127.09,207,0,0,2591,77.8499,80.9425,14.5651
3.6168,1.27055,0,1.27055,18.1,127.059,1456,0,0,2592,77.8681,80.9595,14.5651
3.63676,0.639979,0,0.639979,18.1,127.059,662,0,0,2593,77.8577,80.9479,14.5635
3.6406,1.74026,0,1.74026,18.08,127.028,1107,0,0,2594,77.8624,80.9514,14.5619
3.65965,0.0745,0,0.0745,18.08,127.028,207,0,0,2594,77.8624,80.9514,14.5602
3.66726,4.70816,0,4.70816,18.06,126.997,2242,0,0,2595,77.9118,80.9996,14.5602
3.68299,0.103906,0,0.103906,18.06,126.997,207,0,0,2595,77.9118,80.9996,14.5586
3.68734,2.11065,0,2.11065,18.04,126.965,2103,10,0,2596,77.9553,81.0424,14.5586
3.70642,0.612884,0,0.612884,18.04,126.965,579,0,0,2596,77.9553,81.0424,14.557
3.71012,1.4954,0,1.4954,18.02,126.934,1417,0,0,2597,77.9719,81.0578,14.557
3.72933,0.093919,0,0.093919,18.02,126.934,207,0,0,2597,77.9719,81.0578,14.5553
3.73238,0.774403,0,0.774403,18,126.903,831,0,0,2598,77.9715,81.0562,14.5553
3.75198,0.081715,0,0.081715,18,126.903,207,0,0,2598,77.9715,81.0562,14.5537
3.75544,1.19899,0,1.19899,17.98,126.871,1182,6,0,2599,77.9788,81.0627,14.5537
3.77515,0.373647,0,0.373647,17.98,126.871,466,0,0,2600,77.9723,81.055,14.5521
3.77776,0.076669,0,0.076669,17.96,126.84,207,0,0,2600,77.9723,81.055,14.5505
3.79774,0.051325,0,0.051325,17.96,126.84,207,0,0,2600,77.9723,81.055,14.5505
3.80225,1.40905,0,1.40905,17.94,126.809,1434,0,0,2601,77.9923,81.0738,14.5505
3.82151,0.021032,0,0.021032,17.94,126.809,207,0,0,2601,77.9923,81.0738,14.5488
3.82675,0.010934,0,0.010934,17.92,126.778,207,0,0,2601,77.9923,81.0738,14.5488
3.84818,1.47539,0,1.47539,17.92,126.778,1217,0,0,2602,78.0085,81.0888,14.5488
3.85097,0.731452,0,0.731452,17.9,126.746,1044,0,0,2603,78.0115,81.0907,14.5472
3.87357,2.51505,0,2.51505,17.9,126.746,1281,0,0,2604,78.0311,81.1091,14.5456
3.87726,1.38635,0,1.38635,17.88,126.715,1655,0,0,2605,78.0614,81.1382,14.5439
3.89781,1.32794,0,1.32794,17.88,126.715,1049,0,0,2606,78.0652,81.1408,14.5423
3.90112,1.41871,0,1.41871,17.86,126.684,1501,10,0,2607,78.0848,81.1603,14.5407
3.92042,0.055338,0,0.055338,17.86,126.684,207,0,0,2607,78.0848,81.1603,14.5391
3.92692,2.38665,0,2.38665,17.84,126.653,2049,0,0,2608,78.1315,81.2059,14.5391
3.945,0.142369,0,0.142369,17.84,126.653,207,0,0,2608,78.1315,81.2059,14.5375
3.95402,4.75949,0,4.75949,17.82,126.621,1697,0,0,2609,78.164,81.2373,14.5375
3.97216,2.32495,0,2.32495,17.82,126.621,1115,0,0,2610,78.1812,81.2533,14.5358
3.97945,2.85939,0,2.85939,17.8,126.59,1500,0,0,2611,78.2026,81.2735,14.5342
3.99687,0.084351,0,0.084351,17.8,126.59,207,0,0,2611,78.2026,81.2735,14.5326
3.99942,0.014123,0,0.014123,17.78,126.559,207,0,0,2611,78.2026,81.2735,14.5326
4.01988,0.123754,0,0.123754,17.78,126.559,207,0,0,2611,78.2026,81.2735,14.5326
4.02696,2.40242,0,2.40242,17.76,126.527,1848,0,0,2612,78.2374,81.307,14.5326
4.04462,0.131572,0,0.131572,17.76,126.527,207,0,0,2612,78.2374,81.307,14.531
4.05107,3.46543,0,3.46543,17.74,126.496,2315,0,0,2613,78.2897,81.3582,14.531
4.07129,2.95482,0,2.95482,17.74,126.496,1112,0,0,2614,78.2946,81.3619,14.5294
4.0788,2.56948,0,2.56948,17.72,126.465,1203,0,0,2615,78.3059,81.3721,14.5277
4.0964,0.011775,0,0.011775,17.72,126.465,207,0,0,2615,78.3059,81.3721,14.5261
4.10247,1.84851,0,1.84851,17.7,126.434,897,0,0,2616,78.3226,81.3876,14.5261
4.12265,1.80381,0,1.80381,17.7,126.434,1539,0,0,2617,78.3443,81.4081,14.5245
4.12525,0.101386,0,0.101386,17.68,126.402,207,0,0,2617,78.3443,81.4081,14.5229
4.14871,3.29127,0,3.29127,17.68,126.402,1078,2,0,2618,78.3587,81.4213,14.5229
4.15796,4.18511,0,4.18511,17.66,126.371,1984,0,0,2619,78.3998,81.4612,14.5213
4.17477,0.84428,0,0.84428,17.66,126.371,547,0,0,2620,78.3828,81.4431,14.5197
4.17937,0.095844,0,0.095844,17.64,126.34,226,0,0,2620,78.3828,81.4431,14.518
4.19989,0.121208,0,0.121208,17.64,126.34,226,0,0,2620,78.3828,81.4431,14.518
4.20712,2.15634,0,2.15634,17.62,126.309,925,4,0,2621,78.3865,81.4456,14.518
4.22499,0.013441,0,0.013441,17.62,126.309,226,0,0,2621,78.3865,81.4456,14.5164
4.22978,0.467588,0,0.467588,17.6,126.277,557,0,0,2622,78.3799,81.4378,14.5164
4.25011,0.166132,0,0.166132,17.6,126.277,226,0,0,2622,78.3799,81.4378,14.5148
4.25913,5.04686,0,5.04686,17.58,126.246,1513,0,0,2623,78.4007,81.4575,14.5148
4.27415,0.136816,0,0.136816,17.58,126.246,226,0,0,2623,78.4007,81.4575,14.5132
4.28242,2.77263,0,2.77263,17.56,126.215,1576,0,0,2624,78.4223,81.4779,14.5132
4.30013,0.129948,0,0.129948,17.56,126.215,226,0,0,2624,78.4223,81.4779,14.5116
4.30538,0.181107,0,0.181107,17.54,126.183,226,0,0,2624,78.4223,81.4779,14.5116
4.3261,0.078721,0,0.078721,17.54,126.183,226,0,0,2624,78.4223,81.4779,14.5116
4.33328,2.88641,0,2.88641,17.52,126.152,1922,0,0,2625,78.4629,81.5173,14.5116
4.35076,0.128205,0,0.128205,17.52,126.152,232,0,0,2625,78.4629,81.5173,14.51
4.35448,0.04794,0,0.04794,17.5,126.121,232,0,0,2625,78.4629,81.5173,14.51
4.37475,0.134441,0,0.134441,17.5,126.121,232,0,0,2625,78.4629,81.5173,14.51
4.38099,1.77828,0,1.77828,17.48,126.09,1334,0,0,2626,78.4848,81.5381,14.51
4.40128,1.58973,0,1.58973,17.48,126.09,1198,10,0,2627,78.4926,81.5451,14.5084
4.40421,0.771315,0,0.771315,17.46,126.058,1143,0,0,2628,78.5042,81.5556,14.5068
4.42519,1.09187,0,1.09187,17.46,126.058,756,0,0,2629,78.501,81.5512,14.5052
4.4293,0.075572,0,0.075572,17.44,126.027,241,0,0,2629,78.501,81.5512,14.5036
4.4513,1.86427,0,1.86427,17.44,126.027,1677,0,0,2630,78.535,81.584,14.5036
4.45405,0.056715,0,0.056715,17.42,125.996,241,0,0,2630,78.535,81.584,14.502
4.47581,1.56305,0,1.56305,17.42,125.996,1030,6,0,2631,78.5629,81.6154,14.502
4.47907,0.006089,0,0.006089,17.4,125.964,241,0,0,2631,78.5629,81.6154,14.5004
4.50108,1.49388,0,1.49388,17.4,125.964,1323,0,0,2632,78.5805,81.6318,14.5004
4.50333,0.041295,0,0.041295,17.38,125.933,241,0,0,2632,78.5805,81.6318,14.4988
4.52841,3.44256,0,3.44256,17.38,125.933,1887,0,0,2633,78.6183,81.6684,14.4988
4.53097,0.258022,0,0.258022,17.36,125.902,527,0,0,2634,78.6059,81.6549,14.4972
4.55161,0.147851,0,0.147851,17.36,125.902,261,0,0,2634,78.6059,81.6549,14.4956
4.55517,0.044352,0,0.044352,17.34,125.871,251,0,0,2634,78.6059,81.6549,14.4956
4.5777,2.52655,0,2.52655,17.34,125.871,2287,0,0,2635,78.6584,81.7063,14.4956
4.58109,1.21949,0,1.21949,17.32,125.839,1421,0,0,2636,78.6775,81.7242,14.494
4.60096,0.107731,0,0.107731,17.32,125.839,251,0,0,2636,78.6775,81.7242,14.4924
4.60455,1.33582,0,1.33582,17.3,125.808,1778,0,0,2637,78.7088,81.7543,14.4924
4.62434,0.801714,0,0.801714,17.3,125.808,943,0,0,2638,78.7354,81.7798,14.4908
4.62957,2.88518,0,2.88518,17.28,125.777,2354,0,0,2639,78.7874,81.8306,14.4892
4.64734,0.015094,0,0.015094,17.28,125.777,251,0,0,2639,78.7874,81.8306,14.4876
4.65318,1.47981,0,1.47981,17.26,125.746,953,2,0,2640,78.8083,81.8496,14.4876
4.67709,5.32112,0,5.32112,17.26,125.746,2179,0,0,2641,78.8527,81.8928,14.486
4.67999,0.006407,0,0.006407,17.24,125.714,251,0,0,2641,78.8527,81.8928,14.4844
4.70164,0.549856,0,0.549856,17.24,125.714,437,0,0,2642,78.8346,81.8736,14.4844
4.71147,5.03491,0,5.03491,17.22,125.683,2189,0,0,2643,78.8816,81.9194,14.4828
4.72769,1.25623,0,1.25623,17.22,125.683,1392,0,0,2644,78.9017,81.9384,14.4812
4.72982,0.051242,0,0.051242,17.2,125.652,250,0,0,2644,78.9017,81.9384,14.4796
4.75152,1.38208,0,1.38208,17.2,125.652,1380,0,0,2645,78.9168,81.9524,14.4796
4.75626,2.19914,0,2.19914,17.18,125.62,1514,0,0,2646,78.9346,81.969,14.478
4.77517,0.801715,0,0.801715,17.18,125.62,795,0,0,2647,78.9324,81.9656,14.4764
4.77741,0.0058,0,0.0058,17.16,125.589,264,0,0,2647,78.9324,81.9656,14.4748
4.801,2.59586,0,2.59586,17.16,125.589,1475,0,0,2648,78.9532,81.9853,14.4748
4.80552,0.059177,0,0.059177,17.14,125.558,264,0,0,2648,78.9532,81.9853,14.4732
4.8258,0.105217,0,0.105217,17.14,125.558,264,0,0,2648,78.9532,81.9853,14.4732
4.82813,0.027573,0,0.027573,17.12,125.527,254,0,0,2648,78.9532,81.9853,14.4732
4.84937,0.909538,0,0.909538,17.12,125.527,1168,0,0,2649,78.9645,81.9955,14.4732
4.85194,0.060357,0,0.060357,17.1,125.495,254,0,0,2649,78.9645,81.9955,14.4716
4.87266,0.020095,0,0.020095,17.1,125.495,254,0,0,2649,78.9645,81.9955,14.4716
4.87923,2.08696,0,2.08696,17.08,125.464,1744,0,0,2650,78.9921,82.0219,14.4716
4.89763,0.039006,0,0.039006,17.08,125.464,254,0,0,2650,78.9921,82.0219,14.47
4.89995,0.055358,0,0.055358,17.06,125.433,254,0,0,2650,78.9921,82.0219,14.47
4.92474,3.6833,0,3.6833,17.06,125.433,1665,0,0,2651,79.017,82.0456,14.47
4.92943,0.620456,0,0.620456,17.04,125.401,745,0,0,2652,79.0098,82.0373,14.4684
4.94945,0.0864,0,0.0864,17.04,125.401,254,0,0,2652,79.0098,82.0373,14.4668
4.95157,0.031435,0,0.031435,17.02,125.37,254,0,0,2652,79.0098,82.0373,14.4668
4.97281,0.95977,0,0.95977,17.02,125.37,882,0,0,2653,79.0305,82.0569,14.4668
4.97666,1.38406,0,1.38406,17,125.339,1497,4,0,2654,79.0486,82.0739,14.4653
4.99585,0.038847,0,0.038847,17,125.339,254,0,0,2654,79.0486,82.0739,14.4637
4.99997,1.72453,0,1.72453,16.98,125.308,1678,32,0,2655,79.0674,82.0934,14.4637
5.02484,5.4198,0,5.4198,16.98,125.308,1947,0,0,2656,79.1028,82.1276,14.4621
5.02875,0.053354,0,0.053354,16.96,125.276,254,0,0,2656,79.1028,82.1276,14.4605
5.05132,1.53462,0,1.53462,16.96,125.276,849,0,0,2657,79.1009,82.1246,14.4605
5.05896,2.98017,0,2.98017,16.94,125.245,1777,0,0,2658,79.1328,82.1554,14.4589
5.07901,2.576,0,2.576,16.94,125.245,2481,2,0,2659,79.1869,82.2072,14.4573
5.08335,1.94552,0,1.94552,16.92,125.214,2305,0,0,2660,79.238,82.2571,14.4558
5.10333,1.96199,0,1.96199,16.92,125.214,1802,0,0,2661,79.2676,82.2856,14.4542
5.10826,2.33352,0,2.33352,16.9,125.183,2023,0,0,2662,79.3062,82.3231,14.4526
5.12751,1.11421,0,1.11421,16.9,125.183,914,0,0,2663,79.3008,82.3166,14.451
5.12974,0.060553,0,0.060553,16.88,125.151,264,0,0,2663,79.3008,82.3166,14.4494
5.15082,0.116941,0,0.116941,16.88,125.151,264,0,0,2663,79.3008,82.3166,14.4494
5.15663,1.7751,0,1.7751,16.86,125.12,1125,0,0,2664,79.3037,82.3183,14.4494
5.17634,1.49843,0,1.49843,16.86,125.12,1304,0,0,2665,79.3129,82.3265,14.4479
5.17884,0.031218,0,0.031218,16.84,125.089,264,0,0,2665,79.3129,82.3265,14.4463
5.20034,1.51784,0,1.51784,16.84,125.089,1474,0,0,2666,79.3316,82.344,14.4463
5.20467,1.87339,0,1.87339,16.82,125.057,1515,8,0,2667,79.3495,82.3596,14.4447
5.2234,0.012864,0,0.012864,16.82,125.057,264,0,0,2667,79.3495,82.3596,14.4431
5.22576,0.046562,0,0.046562,16.8,125.026,264,0,0,2667,79.3495,82.3596,14.4431
5.24843,2.11054,0,2.11054,16.8,125.026,1264,57,0,2668,79.3572,82.3662,14.4431
5.25062,0.044525,0,0.044525,16.78,124.995,268,0,0,2668,79.3572,82.3662,14.4415
5.27171,0.805788,0,0.805788,16.78,124.995,809,0,0,2669,79.3559,82.3638,14.4415
5.27443,0.466015,0,0.466015,16.76,124.964,805,0,0,2670,79.3524,82.3592,14.44
5.29625,1.17633,0,1.17633,16.76,124.964,732,5,0,2671,79.3467,82.3504,14.4384
5.30297,2.1095,0,2.1095,16.74,124.932,1503,0,0,2672,79.3683,82.3709,14.4368
5.32206,0.129857,0,0.129857,16.74,124.932,268,0,0,2672,79.3683,82.3709,14.4352
5.32693,0.019274,0,0.019274,16.72,124.901,268,0,0,2672,79.3683,82.3709,14.4352
5.3498,2.05277,0,2.05277,16.72,124.901,1026,12,0,2673,79.3793,82.3767,14.4352
5.35607,0.843457,0,0.843457,16.7,124.87,578,0,0,2673,79.3793,82.3767,14.4337
5.37614,0.911799,0,0.911799,16.7,124.87,822,0,0,2674,79.3998,82.396,14.4337
5.37968,1.44195,0,1.44195,16.68,124.839,1507,14,0,2675,79.4172,82.4112,14.4321
5.39876,0.154758,0,0.154758,16.68,124.839,268,0,0,2675,79.4172,82.4112,14.4305
5.40153,0.322716,0,0.322716,16.66,124.807,534,0,0,2676,79.4249,82.4178,14.4305
5.42237,0.829677,0,0.829677,16.66,124.807,977,0,0,2677,79.4453,82.4371,14.429
5.42708,2.62624,0,2.62624,16.64,124.776,1578,0,0,2678,79.4645,82.4552,14.4274
5.44671,1.75659,0,1.75659,16.64,124.776,1510,0,0,2679,79.4826,82.4722,14.4258
5.45046,1.62621,0,1.62621,16.62,124.745,1918,0,0,2680,79.5187,82.5071,14.4243
5.46948,0.017019,0,0.017019,16.62,124.745,268,0,0,2680,79.5187,82.5071,14.4227
5.47383,0.089234,0,0.089234,16.6,124.713,268,0,0,2680,79.5187,82.5071,14.4227
5.49433,0.697894,0,0.697894,16.6,124.713,776,1,0,2681,79.5162,82.5035,14.4227
5.49841,1.75464,0,1.75464,16.58,124.682,1732,0,0,2682,79.5414,82.5276,14.4211
5.51806,0.177955,0,0.177955,16.58,124.682,268,0,0,2682,79.5414,82.5276,14.4196
5.52497,1.58207,0,1.58207,16.56,124.651,698,0,0,2683,79.5278,82.5129,14.4196
5.5438,0.089621,0,0.089621,16.56,124.651,268,0,0,2683,79.5278,82.5129,14.418
5.54629,0.058573,0,0.058573,16.54,124.62,268,0,0,2683,79.5278,82.5129,14.418
5.57102,3.9221,0,3.9221,16.54,124.62,1447,0,0,2684,79.5551,82.5391,14.418
5.57872,1.82916,0,1.82916,16.52,124.588,903,0,0,2685,79.5717,82.5546,14.4164
5.5987,2.19499,0,2.19499,16.52,124.588,1272,6,0,2686,79.5793,82.5603,14.4149
5.60108,0.049186,0,0.049186,16.5,124.557,268,0,0,2686,79.5793,82.5603,14.4133
5.62382,2.13833,0,2.13833,16.5,124.557,1658,2,0,2687,79.6014,82.5813,14.4133
5.62592,0.025276,0,0.025276,16.48,124.526,268,0,0,2687,79.6014,82.5813,14.4117
5.64824,0.347715,0,0.347715,16.48,124.526,268,0,0,2687,79.6014,82.5813,14.4117
5.65592,0.195773,0,0.195773,16.46,124.494,268,0,0,2687,79.6014,82.5813,14.4117
5.68227,6.27635,0,6.27635,16.46,124.494,1758,0,0,2688,79.6272,82.606,14.4117
5.69279,3.41317,0,3.41317,16.44,124.463,2091,0,0,2689,79.6679,82.6456,14.4102
5.71052,0.101089,0,0.101089,16.44,124.463,278,0,0,2689,79.6679,82.6456,14.4086
5.72268,6.53228,0,6.53228,16.42,124.432,2022,2,0,2690,79.7033,82.6788,14.4086
5.73897,3.27834,0,3.27834,16.42,124.432,1342,0,0,2691,79.7183,82.6927,14.4071
5.74541,0.955776,0,0.955776,16.4,124.401,828,0,0,2692,79.7181,82.6913,14.4055
5.76433,0.060055,0,0.060055,16.4,124.401,268,0,0,2692,79.7181,82.6913,14.4039
5.7692,2.05335,0,2.05335,16.38,124.369,1256,0,0,2693,79.7286,82.7007,14.4039
5.78941,2.05399,0,2.05399,16.38,124.369,1776,0,0,2694,79.7554,82.7264,14.4024
5.79141,0.004848,0,0.004848,16.36,124.338,268,0,0,2694,79.7554,82.7264,14.4008
5.81215,0.044671,0,0.044671,16.36,124.338,268,0,0,2694,79.7554,82.7264,14.4008
5.81469,0.05671,0,0.05671,16.34,124.307,268,0,0,2694,79.7554,82.7264,14.4008
5.83636,1.04206,0,1.04206,16.34,124.307,689,0,0,2695,79.7495,82.7195,14.4008
6.24598,404.491,402.683,1.80872,16.32,124.276,313210,3833,0,2696,78.1016,81.5063,14.3993
6.2493,0.51884,0,0.51884,16.3,124.244,774,0,0,2697,78.109,81.5124,14.3977
6.27069,1.45959,0,1.45959,16.3,124.244,1455,0,0,2698,78.1305,81.5326,14.3962
6.27398,0.928664,0,0.928664,16.28,124.213,1178,0,0,2699,78.1408,81.5417,14.3946
6.29475,1.34434,0,1.34434,16.28,124.213,1071,2,0,2700,78.1522,81.5515,14.3931
6.29773,0.57574,0,0.57574,16.26,124.182,818,0,0,2701,78.1481,81.5461,14.3915
6.31767,0.104796,0,0.104796,16.26,124.182,162,0,0,2701,78.1481,81.5461,14.39
6.32011,0.031609,0,0.031609,16.24,124.15,162,0,0,2701,78.1481,81.5461,14.39
6.34335,2.71623,0,2.71623,16.24,124.15,2056,2,0,2702,78.1902,81.587,14.39
6.34771,1.75693,0,1.75693,16.22,124.119,1475,0,0,2703,78.2172,81.6127,14.3884
6.36802,1.42725,0,1.42725,16.22,124.119,844,0,0,2704,78.2149,81.6091,14.3869
6.37274,1.4427,0,1.4427,16.2,124.088,1173,0,0,2705,78.2318,81.6248,14.3853
6.39158,0.12569,0,0.12569,16.2,124.088,166,0,0,2705,78.2318,81.6248,14.3838
6.39385,0.033978,0,0.033978,16.18,124.057,166,0,0,2705,78.2318,81.6248,14.3838
6.41657,1.91671,0,1.91671,16.18,124.057,951,0,0,2706,78.2332,81.6249,14.3838
6.42069,0.031613,0,0.031613,16.16,124.025,180,0,0,2706,78.2332,81.6249,14.3822
6.44191,0.171968,0,0.171968,16.16,124.025,180,0,0,2706,78.2332,81.6249,14.3822
6.44842,2.2733,0,2.2733,16.14,123.994,939,0,0,2707,78.2324,81.6228,14.3822
6.46844,2.06688,0,2.06688,16.14,123.994,1739,0,0,2708,78.2655,81.6547,14.3807
6.47199,1.22737,0,1.22737,16.12,123.963,730,0,0,2709,78.268,81.656,14.3791
6.49311,2.08061,0,2.08061,16.12,123.963,1808,0,0,2710,78.3011,81.6878,14.3776
6.49567,0.156991,0,0.156991,16.1,123.932,180,0,0,2710,78.3011,81.6878,14.376
6.51687,1.11772,0,1.11772,16.1,123.932,855,0,0,2711,78.2988,81.6842,14.376
6.52047,1.41611,0,1.41611,16.08,123.9,1672,0,0,2712,78.3282,81.7124,14.3745
6.54076,0.794159,0,0.794159,16.08,123.9,475,0,0,2712,78.3282,81.7124,14.3729
7.01413,468.79,466.92,1.87051,16.06,123.869,379242,4044,0,2713,77.6922,81.3137,14.3729
7.01663,0.075179,0,0.075179,16.04,123.838,176,0,0,2713,77.6922,81.3137,14.3714
7.03912,2.24928,0,2.24928,16.04,123.838,1603,0,0,2714,77.7174,81.3375,14.3714
7.04255,1.28459,0,1.28459,16.02,123.806,1368,19,0,2715,77.7267,81.3473,14.3699
7.06213,0.120958,0,0.120958,16.02,123.806,185,0,0,2715,77.7267,81.3473,14.3683
7.06579,1.37304,0,1.37304,16,123.775,1413,0,0,2716,77.7463,81.3656,14.3683
7.08526,0.554526,0,0.554526,16,123.775,776,0,0,2717,77.7512,81.3692,14.3668
7.0876,0.022517,0,0.022517,15.98,123.744,195,0,0,2717,77.7512,81.3692,14.3652
7.10832,0.053187,0,0.053187,15.98,123.744,195,0,0,2717,77.7512,81.3692,14.3652
7.11138,0.706614,0,0.706614,15.96,123.713,1084,0,0,2718,77.7708,81.3874,14.3652
7.13333,1.89612,0,1.89612,15.96,123.713,1296,0,0,2719,77.79,81.4053,14.3637
7.13962,2.97084,0,2.97084,15.94,123.681,1969,0,0,2720,77.8298,81.4437,14.3622
7.15808,0.849044,0,0.849044,15.94,123.681,984,0,0,2721,77.8512,81.4638,14.3606
7.44264,282.081,281.069,1.01174,15.92,123.65,243626,3579,0,2722,77.4739,81.1172,14.3591
7.44637,0.88179,0,0.88179,15.9,123.619,1122,0,0,2723,77.5083,81.1502,14.3575
7.46584,0.080603,0,0.080603,15.9,123.619,214,0,0,2723,77.5083,81.1502,14.356
7.46838,0.032053,0,0.032053,15.88,123.587,214,0,0,2723,77.5083,81.1502,14.356
7.48956,0.707753,0,0.707753,15.88,123.587,857,0,0,2724,77.5073,81.1479,14.356
7.49177,0.006216,0,0.006216,15.86,123.556,223,0,0,2724,77.5073,81.1479,14.3545
7.5144,2.29037,0,2.29037,15.86,123.556,1853,0,0,2725,77.5402,81.1794,14.3545
7.51681,0.004896,0,0.004896,15.84,123.525,223,0,0,2725,77.5402,81.1794,14.3529
7.5375,0.133886,0,0.133886,15.84,123.525,223,0,0,2725,77.5402,81.1794,14.3529
7.54202,1.69343,0,1.69343,15.82,123.494,1816,0,0,2726,77.5752,81.2131,14.3529
7.56416,3.18419,0,3.18419,15.82,123.494,2087,0,0,2727,77.6219,81.2585,14.3514
7.56884,1.11886,0,1.11886,15.8,123.462,982,0,0,2728,77.6327,81.268,14.3499
7.58924,1.13639,0,1.13639,15.8,123.462,1103,0,0,2729,77.6372,81.2712,14.3483
7.59193,0.475288,0,0.475288,15.78,123.431,720,0,0,2730,77.6322,81.2648,14.3468
7.61177,0.038035,0,0.038035,15.78,123.431,231,0,0,2730,77.6322,81.2648,14.3453
7.61477,0.650874,0,0.650874,15.76,123.4,1075,0,0,2731,77.6437,81.275,14.3453
7.63538,0.739548,0,0.739548,15.76,123.4,1007,4,0,2732,77.6548,81.2848,14.3437
7.63849,0.535825,0,0.535825,15.74,123.369,808,0,0,2733,77.6564,81.285,14.3422
7.65953,0.995357,0,0.995357,15.74,123.369,1045,0,0,2734,77.6778,81.305,14.3407
7.66175,0.007024,0,0.007024,15.72,123.337,240,0,0,2734,77.6778,81.305,14.3392
7.68672,4.27532,0,4.27532,15.72,123.337,1877,0,0,2735,77.7163,81.3422,14.3392
7.69255,0.609896,0,0.609896,15.7,123.306,536,0,0,2736,77.6988,81.3235,14.3376
7.71198,0.076718,0,0.076718,15.7,123.306,240,0,0,2736,77.6988,81.3235,14.3361
7.71796,0.01376,0,0.01376,15.68,123.275,230,0,0,2736,77.6988,81.3235,14.3361
7.74084,2.91918,0,2.91918,15.68,123.275,1478,0,0,2737,77.7289,81.3522,14.3361
7.74485,1.65328,0,1.65328,15.66,123.243,2105,2,0,2738,77.7747,81.3977,14.3346
7.76396,0.042245,0,0.042245,15.66,123.243,230,0,0,2738,77.7747,81.3977,14.3331
7.76636,0.023856,0,0.023856,15.64,123.212,220,0,0,2738,77.7747,81.3977,14.3331
7.78722,0.232432,0,0.232432,15.64,123.212,220,0,0,2738,77.7747,81.3977,14.3331
7.79518,3.22185,0,3.22185,15.62,123.181,1331,0,0,2739,77.7871,81.4089,14.3331
7.81473,2.85157,0,2.85157,15.62,123.181,1239,0,0,2740,77.8011,81.4215,14.3315
7.82077,0.205779,0,0.205779,15.6,123.15,267,0,0,2740,77.8011,81.4215,14.33
7.84029,0.303637,0,0.303637,15.6,123.15,446,0,0,2741,77.7873,81.4064,14.33
7.843,0.014906,0,0.014906,15.58,123.118,220,0,0,2741,77.7873,81.4064,14.3285
7.86607,2.19494,0,2.19494,15.58,123.118,1269,0,0,2742,77.8115,81.4292,14.3285
7.87392,3.47997,0,3.47997,15.56,123.087,1696,6,0,2743,77.844,81.4604,14.327
7.8909,0.018148,0,0.018148,15.56,123.087,220,0,0,2743,77.844,81.4604,14.3254
7.89911,5.25075,0,5.25075,15.54,123.056,2171,0,0,2744,77.8914,81.5066,14.3254
7.91636,2.58146,0,2.58146,15.54,123.056,1314,2,0,2745,77.9042,81.518,14.3239
7.92463,2.28925,0,2.28925,15.52,123.024,1161,15,0,2746,77.9151,81.5273,14.3224
7.94512,3.06292,0,3.06292,15.52,123.024,1066,0,0,2747,77.9359,81.5468,14.3209
7.95055,0.268146,0,0.268146,15.5,122.993,409,0,0,2747,77.9359,81.5468,14.3194
7.97244,2.20365,0,2.20365,15.5,122.993,1589,0,0,2748,77.9716,81.5811,14.3194
7.97878,3.15752,0,3.15752,15.48,122.962,2045,0,0,2749,78.0116,81.6199,14.3178
7.99676,0.855126,0,0.855126,15.48,122.962,1098,0,0,2750,78.0284,81.6353,14.3163
7.99898,0.058537,0,0.058537,15.46,122.931,220,0,0,2750,78.0284,81.6353,14.3148
8.02088,1.60034,0,1.60034,15.46,122.931,1905,0,0,2751,78.0662,81.6718,14.3148
8.02376,0.536256,0,0.536256,15.44,123.048,824,0,0,2752,78.0854,81.6897,14.3133
8.04661,3.16943,0,3.16943,15.44,123.048,1836,2,0,2753,78.1166,81.7196,14.3118
8.0513,0.463716,0,0.463716,15.42,122.965,717,0,0,2754,78.1184,81.72,14.3103
8.07138,0.957413,0,0.957413,15.42,122.965,1022,0,0,2755,78.1194,81.7198,14.3088
8.56073,486.603,486.517,0.085616,15.4,122.881,429474,4300,0,2755,77.6911,81.3909,14.3072
8.56416,0.877119,0,0.877119,15.38,122.797,1031,0,0,2756,77.7108,81.4093,14.3072
8.58418,0.763968,0,0.763968,15.38,122.797,881,0,0,2757,77.7174,81.4146,14.3057
8.5873,0.60921,0,0.60921,15.36,122.713,840,0,0,2758,77.7353,81.4311,14.3042
8.6069,0.074987,0,0.074987,15.36,122.713,30,0,0,2758,77.7353,81.4311,14.3027
8.60981,0.076579,0,0.076579,15.34,122.629,30,0,0,2758,77.7353,81.4311,14.3027
8.62966,0.054768,0,0.054768,15.34,122.629,30,0,0,2758,77.7353,81.4311,14.3027
8.63348,1.26955,0,1.26955,15.32,122.545,1046,12,0,2759,77.7448,81.4389,14.3027
8.65256,0.051882,0,0.051882,15.32,122.545,30,0,0,2759,77.7448,81.4389,14.3012
8.65478,0.050505,0,0.050505,15.3,122.462,30,0,0,2759,77.7448,81.4389,14.3012
8.67523,0.095723,0,0.095723,15.3,122.462,30,0,0,2759,77.7448,81.4389,14.3012
8.67755,0.040682,0,0.040682,15.28,122.378,30,0,0,2759,77.7448,81.4389,14.3012
8.69854,0.614778,0,0.614778,15.28,122.378,423,0,0,2760,77.7453,81.438,14.3012
8.70116,0.446427,0,0.446427,15.26,122.294,602,2,0,2761,77.7476,81.439,14.2997
8.72235,1.10774,0,1.10774,15.26,122.294,1358,0,0,2762,77.7795,81.4696,14.2982
8.72578,0.945434,0,0.945434,15.24,122.21,1042,0,0,2763,77.8075,81.4962,14.2967
8.74606,0.797813,0,0.797813,15.24,122.21,826,0,0,2764,77.8148,81.5022,14.2952
8.74914,0.595964,0,0.595964,15.22,122.126,593,1,0,2765,77.8141,81.5002,14.2937
8.76964,0.997499,0,0.997499,15.22,122.126,1028,0,0,2766,77.825,81.5098,14.2922
8.87588,103.25,101.062,2.18842,15.2,122.042,107199,642,0,2767,77.8088,81.5175,14.2906
8.8788,0.23559,0,0.23559,15.18,122.595,280,0,0,2767,77.8088,81.5175,14.2891
8.89863,0.116655,0,0.116655,15.18,122.595,32,0,0,2767,77.8088,81.5175,14.2891
8.90122,0.069828,0,0.069828,15.16,122.545,32,0,0,2767,77.8088,81.5175,14.2891
8.92172,0.129843,0,0.129843,15.16,122.545,32,0,0,2767,77.8088,81.5175,14.2891
8.92498,1.02861,0,1.02861,15.14,122.495,1174,0,0,2768,77.8327,81.5401,14.2891
8.94617,1.8023,0,1.8023,15.14,122.495,1502,2,0,2769,77.8794,81.5854,14.2876
8.94894,0.060663,0,0.060663,15.12,122.444,32,0,0,2769,77.8794,81.5854,14.2861
8.97045,1.4468,0,1.4468,15.12,122.444,1500,0,0,2770,77.9065,81.6112,14.2861
8.97337,0.076556,0,0.076556,15.1,122.394,32,0,0,2770,77.9065,81.6112,14.2846
8.99472,1.31558,0,1.31558,15.1,122.394,886,0,0,2771,77.9101,81.6135,14.2846
8.99882,1.49622,0,1.49622,15.08,122.343,1270,31,0,2772,77.9315,81.6331,14.2831
9.01765,0.024521,0,0.024521,15.08,122.343,32,0,0,2772,77.9315,81.6331,14.2816
9.02049,1.14856,0,1.14856,15.06,122.293,1343,0,0,2773,77.9726,81.6729,14.2816
9.04089,0.881897,0,0.881897,15.06,122.293,761,0,0,2774,77.9773,81.6763,14.2801
9.04377,0.895568,0,0.895568,15.04,122.243,1039,0,0,2775,78.0011,81.6987,14.2786
9.0639,0.849334,0,0.849334,15.04,122.243,986,0,0,2776,78.0367,81.7331,14.2771
9.06598,0.042282,0,0.042282,15.02,122.192,32,0,0,2776,78.0367,81.7331,14.2756
9.08638,0.049344,0,0.049344,15.02,122.192,32,0,0,2776,78.0367,81.7331,14.2756
9.08863,0.055242,0,0.055242,15,122.142,32,0,0,2776,78.0367,81.7331,14.2756
9.11039,1.43705,0,1.43705,15,122.142,1505,0,0,2777,78.0637,81.7587,14.2756
9.42446,312.074,312.059,0.015045,14.98,122.092,295225,4338,0,2777,77.6928,81.5088,14.2741
9.42674,0.005488,0,0.005488,14.96,122.041,26,0,0,2777,77.6928,81.5088,14.2741
9.447,0.052026,0,0.052026,14.96,122.041,26,0,0,2777,77.6928,81.5088,14.2741
9.44911,0.054892,0,0.054892,14.94,121.991,26,0,0,2777,77.6928,81.5088,14.2741
9.47072,1.30115,0,1.30115,14.94,121.991,1053,0,0,2778,77.7063,81.5209,14.2741
9.47346,0.69712,0,0.69712,14.92,121.94,816,0,0,2779,77.7078,81.5211,14.2726
9.49347,0.465084,0,0.465084,14.92,121.94,99,0,0,2779,77.7078,81.5211,14.2711
9.49692,0.094419,0,0.094419,14.9,121.89,26,0,0,2779,77.7078,81.5211,14.2711
9.51809,0.948969,0,0.948969,14.9,121.89,658,0,0,2780,77.7112,81.523,14.2711
9.52226,1.34951,0,1.34951,14.88,121.84,994,0,0,2781,77.7249,81.5354,14.2696
9.54254,1.27414,0,1.27414,14.88,121.84,1469,0,0,2782,77.7606,81.5697,14.2682
9.546,1.27975,0,1.27975,14.86,121.789,1346,0,0,2783,77.7959,81.6037,14.2667
9.56669,1.52694,0,1.52694,14.86,121.789,1413,0,0,2784,77.8258,81.6322,14.2652
9.56956,0.420805,0,0.420805,14.84,121.739,451,0,0,2785,77.8248,81.6298,14.2637
9.59047,1.17513,0,1.17513,14.84,121.739,1291,0,0,2786,77.8618,81.6655,14.2622
9.59306,0.111169,0,0.111169,14.82,121.688,36,0,0,2786,77.8618,81.6655,14.2607
9.6134,0.053336,0,0.053336,14.82,121.688,36,0,0,2786,77.8618,81.6655,14.2607
9.61571,0.040334,0,0.040334,14.8,121.638,42,0,0,2786,77.8618,81.6655,14.2607
9.63655,0.383685,0,0.383685,14.8,121.638,633,0,0,2787,77.868,81.6703,14.2607
9.63967,0.599227,0,0.599227,14.78,121.588,908,0,0,2788,77.8798,81.6808,14.2592
9.6593,0.117741,0,0.117741,14.78,121.588,42,0,0,2788,77.8798,81.6808,14.2577
9.66253,0.729663,0,0.729663,14.76,121.537,678,0,0,2789,77.877,81.6766,14.2577
9.68358,1.30783,0,1.30783,14.76,121.537,1443,0,0,2790,77.9143,81.7125,14.2562
9.68693,0.782074,0,0.782074,14.74,121.487,1072,0,0,2791,77.9348,81.7316,14.2547
9.70666,0.071824,0,0.071824,14.74,121.487,42,0,0,2791,77.9348,81.7316,14.2532
9.71119,1.96367,0,1.96367,14.72,121.437,1958,0,0,2792,77.9778,81.7733,14.2532
9.73127,1.62423,0,1.62423,14.72,121.437,1673,0,0,2793,78.0265,81.8206,14.2518
9.73369,0.073086,0,0.073086,14.7,121.386,42,0,0,2793,78.0265,81.8206,14.2503
9.7538,0.051662,0,0.051662,14.7,121.386,42,0,0,2793,78.0265,81.8206,14.2503
9.75712,0.773141,0,0.773141,14.68,121.336,1048,0,0,2794,78.044,81.8368,14.2503
9.77791,1.13711,0,1.13711,14.68,121.336,1092,0,0,2795,78.0655,81.8569,14.2488
9.78167,0.937463,0,0.937463,14.66,121.285,800,0,0,2796,78.0715,81.8616,14.2473
9.80117,0.03835,0,0.03835,14.66,121.285,42,0,0,2796,78.0715,81.8616,14.2458
9.80397,0.429167,0,0.429167,14.64,121.235,599,0,0,2797,78.0801,81.8688,14.2458
9.82447,0.810654,0,0.810654,14.64,121.235,834,0,0,2798,78.0908,81.8781,14.2443
9.82855,1.60929,0,1.60929,14.62,121.185,1322,0,0,2799,78.1211,81.9071,14.2428
9.84811,0.113181,0,0.113181,14.62,121.185,42,0,0,2799,78.1211,81.9071,14.2414
9.85198,1.0564,0,1.0564,14.6,121.134,1139,0,0,2800,78.1443,81.9289,14.2414
9.87119,0.008169,0,0.008169,14.6,121.134,42,0,0,2800,78.1443,81.9289,14.2399
9.87349,0.635259,0,0.635259,14.58,121.084,902,0,0,2801,78.1471,81.9304,14.2399
9.89316,0.050723,0,0.050723,14.58,121.084,42,0,0,2801,78.1471,81.9304,14.2384
9.89785,1.70978,0,1.70978,14.56,121.033,1176,0,0,2802,78.1945,81.9764,14.2384
9.91718,1.23745,0,1.23745,14.56,121.033,1437,0,0,2803,78.2333,82.0139,14.2369
9.91939,0.042275,0,0.042275,14.54,120.983,42,0,0,2803,78.2333,82.0139,14.2354
9.93997,0.103999,0,0.103999,14.54,120.983,42,0,0,2803,78.2333,82.0139,14.2354
9.9428,0.648865,0,0.648865,14.52,120.933,683,0,0,2804,78.2429,82.0221,14.2354
9.96329,0.739287,0,0.739287,14.52,120.933,946,0,0,2805,78.2635,82.0414,14.234
9.96664,1.12266,0,1.12266,14.5,120.882,1239,0,0,2806,78.2976,82.0741,14.2325
9.9865,0.856003,0,0.856003,14.5,120.882,1168,0,0,2807,78.3139,82.0891,14.231
10.1317,142.954,142.938,0.016545,14.48,120.832,148805,1391,0,2807,78.1717,82.0349,14.2295
10.1353,1.23178,0,1.23178,14.46,120.782,1584,0,0,2808,78.2208,82.0826,14.2295
10.1548,0.831674,0,0.831674,14.46,120.782,1223,0,0,2809,78.2485,82.1089,14.228
10.1574,0.326901,0,0.326901,14.44,120.731,440,0,0,2810,78.2356,82.0947,14.2266
10.1778,0.406898,0,0.406898,14.44,120.731,720,4,0,2811,78.2387,82.0964,14.2251
10.1799,0.050582,0,0.050582,14.42,120.681,36,0,0,2811,78.2387,82.0964,14.2236
10.2041,1.67548,0,1.67548,14.42,120.681,971,0,0,2812,78.2521,82.1085,14.2236
10.2063,0.066098,0,0.066098,14.4,120.63,40,0,0,2812,78.2521,82.1085,14.2221
10.2277,0.852501,0,0.852501,14.4,120.63,973,0,0,2813,78.2691,82.1241,14.2221
10.2325,1.93028,0,1.93028,14.38,120.58,1068,0,0,2814,78.2878,82.1414,14.2207
10.2523,1.6706,0,1.6706,14.38,120.58,1462,0,0,2815,78.3396,82.1918,14.2192
10.2549,0.80079,0,0.80079,14.36,120.53,1232,0,0,2816,78.3683,82.2191,14.2177
10.2747,0.09295,0,0.09295,14.36,120.53,40,0,0,2816,78.3683,82.2191,14.2163
10.2767,0.020469,0,0.020469,14.34,120.479,40,0,0,2816,78.3683,82.2191,14.2163
10.2972,0.031626,0,0.031626,14.34,120.479,40,0,0,2816,78.3683,82.2191,14.2163
10.2996,0.426464,0,0.426464,14.32,120.429,711,0,0,2817,78.3749,82.2244,14.2163
10.3202,0.824936,0,0.824936,14.32,120.429,830,0,0,2818,78.3747,82.2229,14.2148
10.3231,0.06572,0,0.06572,14.3,120.379,50,0,0,2818,78.3747,82.2229,14.2133
10.3441,0.670117,0,0.670117,14.3,120.379,751,0,0,2819,78.3831,82.2299,14.2133
10.3461,0.029886,0,0.029886,14.28,120.328,50,0,0,2819,78.3831,82.2299,14.2118
10.3667,0.092815,0,0.092815,14.28,120.328,50,0,0,2819,78.3831,82.2299,14.2118
10.3702,1.31467,0,1.31467,14.26,120.278,1570,0,0,2820,78.4227,82.2681,14.2118
10.3901,1.20025,0,1.20025,14.26,120.278,1305,0,0,2821,78.4594,82.3034,14.2104
10.3935,1.07044,0,1.07044,14.24,120.227,1224,0,0,2822,78.4862,82.3288,14.2089
10.4129,0.528614,0,0.528614,14.24,120.227,836,0,0,2823,78.4995,82.3408,14.2074
10.4157,0.525752,0,0.525752,14.22,120.177,761,0,0,2824,78.4972,82.3371,14.206
10.4365,0.881802,0,0.881802,14.22,120.177,856,22,0,2825,78.5168,82.3547,14.2045
10.4397,1.17147,0,1.17147,14.2,120.127,1442,2,0,2826,78.5499,82.3868,14.203
10.4591,0.130333,0,0.130333,14.2,120.127,50,0,0,2826,78.5499,82.3868,14.2016
10.4614,0.079363,0,0.079363,14.18,120.076,50,0,0,2826,78.5499,82.3868,14.2016
10.4815,0.115569,0,0.115569,14.18,120.076,50,0,0,2826,78.5499,82.3868,14.2016
10.4845,0.699765,0,0.699765,14.16,120.026,823,3,0,2827,78.5607,82.3962,14.2016
10.5044,0.096189,0,0.096189,14.16,120.026,50,0,0,2827,78.5607,82.3962,14.2001
10.5063,0.006576,0,0.006576,14.14,119.975,50,0,0,2827,78.5607,82.3962,14.2001
10.5276,0.844753,0,0.844753,14.14,119.975,1229,0,0,2828,78.5884,82.4226,14.2001
10.5303,0.711302,0,0.711302,14.12,119.925,1232,0,0,2829,78.6151,82.4479,14.1987
10.5501,0.439334,0,0.439334,14.12,119.925,660,0,0,2830,78.6088,82.4403,14.1972
10.5527,0.070237,0,0.070237,14.1,119.875,60,0,0,2830,78.6088,82.4403,14.1957
10.5743,1.34231,0,1.34231,14.1,119.875,1330,4,0,2831,78.6425,82.4726,14.1957
10.5764,0.008904,0,0.008904,14.08,119.824,60,0,0,2831,78.6425,82.4726,14.1943
10.5985,1.51677,0,1.51677,14.08,119.824,1266,0,0,2832,78.6684,82.4972,14.1943
10.6005,0.007996,0,0.007996,14.06,119.774,60,0,0,2832,78.6684,82.4972,14.1928
10.6211,0.013271,0,0.013271,14.06,119.774,60,0,0,2832,78.6684,82.4972,14.1928
10.6235,0.107452,0,0.107452,14.04,119.724,60,0,0,2832,78.6684,82.4972,14.1928
10.6447,1.2424,0,1.2424,14.04,119.724,830,0,0,2833,78.6707,82.4981,14.1928
10.6484,0.678594,0,0.678594,14.02,119.673,632,9,0,2834,78.674,82.5,14.1913
10.6685,0.074224,0,0.074224,14.02,119.673,60,0,0,2834,78.674,82.5,14.1899
10.6729,0.019665,0,0.019665,14,119.623,70,0,0,2834,78.674,82.5,14.1899
10.694,0.18793,0,0.18793,14,119.623,70,0,0,2834,78.674,82.5,14.1899
10.701,2.36693,0,2.36693,13.98,119.572,1449,0,0,2835,78.7044,82.5291,14.1899
10.7187,0.045131,0,0.045131,13.98,119.572,70,0,0,2835,78.7044,82.5291,14.1884
10.7214,0.294127,0,0.294127,13.96,119.522,656,2,0,2836,78.6999,82.5233,14.1884
10.744,2.88767,0,2.88767,13.96,119.522,1186,208,0,2837,78.711,82.533,14.187
10.746,0.053925,0,0.053925,13.94,119.472,80,0,0,2837,78.711,82.533,14.1855
10.7696,2.54038,0,2.54038,13.94,119.472,1031,0,0,2838,78.734,82.5546,14.1855
10.777,2.08147,0,2.08147,13.92,119.421,1107,0,0,2839,78.7436,82.5629,14.1841
10.7955,0.217105,0,0.217105,13.92,119.421,80,0,0,2839,78.7436,82.5629,14.1826
10.8017,1.00878,0,1.00878,13.9,119.371,701,7,0,2840,78.7398,82.5577,14.1826
10.8215,0.486208,0,0.486208,13.9,119.371,440,3,0,2841,78.7279,82.5445,14.1811
10.824,0.377786,0,0.377786,13.88,119.32,830,0,0,2842,78.7347,82.55,14.1797
10.8451,1.14329,0,1.14329,13.88,119.32,626,0,0,2843,78.7344,82.5484,14.1782
10.8511,0.114553,0,0.114553,13.86,119.27,80,0,0,2843,78.7344,82.5484,14.1768
10.8729,1.32368,0,1.32368,13.86,119.27,769,4,0,2844,78.756,82.5686,14.1768
10.8777,0.043178,0,0.043178,13.84,119.22,90,0,0,2844,78.756,82.5686,14.1753
10.9032,4.43629,0,4.43629,13.84,119.22,1543,0,0,2845,78.78,82.5912,14.1753
10.9075,0.216938,0,0.216938,13.82,119.169,90,0,0,2845,78.78,82.5912,14.1739
10.9327,4.37249,0,4.37249,13.82,119.169,1448,0,0,2846,78.8134,82.6233,14.1739
10.9372,0.06328,0,0.06328,13.8,119.119,90,0,0,2846,78.8134,82.6233,14.1724
10.9587,0.222883,0,0.222883,13.8,119.119,90,0,0,2846,78.8134,82.6233,14.1724
10.9662,1.74151,0,1.74151,13.78,119.069,863,0,0,2847,78.8152,82.6238,14.1724
10.9851,0.011687,0,0.011687,13.78,119.069,90,0,0,2847,78.8152,82.6238,14.171
10.9917,3.72134,0,3.72134,13.76,119.018,1259,0,0,2848,78.8438,82.651,14.171
11.0097,1.84583,0,1.84583,13.76,119.018,1570,0,0,2849,78.8793,82.6852,14.1695
11.0136,0.100885,0,0.100885,13.74,118.968,90,0,0,2849,78.8793,82.6852,14.1681
11.0345,0.631058,0,0.631058,13.74,118.968,332,3,0,2850,78.8607,82.6653,14.1681
11.0377,0.538237,0,0.538237,13.72,118.917,948,2,0,2851,78.8751,82.6784,14.1666
11.0579,0.34319,0,0.34319,13.72,118.917,607,1,0,2852,78.8759,82.6778,14.1652
11.0613,1.13539,0,1.13539,13.7,118.867,1415,2,0,2853,78.898,82.6986,14.1637
11.0816,1.2208,0,1.2208,13.7,118.867,946,2,0,2854,78.9166,82.7158,14.1623
11.0873,1.67138,0,1.67138,13.68,118.817,1166,0,0,2855,78.937,82.7349,14.1608
11.1053,0.138027,0,0.138027,13.68,118.817,90,0,0,2855,78.937,82.7349,14.1594
11.1085,0.914042,0,0.914042,13.66,118.766,1074,0,0,2856,78.9587,82.7553,14.1594
11.1315,3.06503,0,3.06503,13.66,118.766,1383,0,0,2857,78.9989,82.7942,14.1579
11.1349,1.17883,0,1.17883,13.64,118.716,1258,0,0,2858,79.0133,82.8072,14.1565
11.155,0.156548,0,0.156548,13.64,118.716,90,0,0,2858,79.0133,82.8072,14.1551
11.1593,0.09713,0,0.09713,13.62,118.665,90,0,0,2858,79.0133,82.8072,14.1551
11.1812,1.56714,0,1.56714,13.62,118.665,975,0,0,2859,79.0182,82.8108,14.1551
11.1887,1.98588,0,1.98588,13.6,118.615,760,0,0,2860,79.0283,82.8196,14.1536
11.2062,0.07774,0,0.07774,13.6,118.615,90,0,0,2860,79.0283,82.8196,14.1522
11.2089,0.308894,0,0.308894,13.58,118.565,582,0,0,2861,79.0182,82.8081,14.1522
11.2294,0.086875,0,0.086875,13.58,118.565,90,0,0,2861,79.0182,82.8081,14.1507
11.2331,1.43345,0,1.43345,13.56,118.514,1016,0,0,2862,79.0384,82.827,14.1507
11.2559,3.01419,0,3.01419,13.56,118.514,1536,0,0,2863,79.0747,82.862,14.1493
11.2611,1.67694,0,1.67694,13.54,118.464,1401,0,0,2864,79.0932,82.8792,14.1479
11.2806,1.13413,0,1.13413,13.54,118.464,942,6,0,2865,79.1127,82.8981,14.1464
11.2841,0.057848,0,0.057848,13.52,118.414,90,0,0,2865,79.1127,82.8981,14.145
11.304,0.074527,0,0.074527,13.52,118.414,90,0,0,2865,79.1127,82.8981,14.145
11.3068,0.433741,0,0.433741,13.5,118.363,813,0,0,2866,79.1134,82.8974,14.145
11.3287,1.69744,0,1.69744,13.5,118.363,1379,0,0,2867,79.151,82.9337,14.1435
11.3324,1.28419,0,1.28419,13.48,118.313,1438,0,0,2868,79.1869,82.9683,14.1421
11.3549,3.07146,0,3.07146,13.48,118.313,1436,0,0,2869,79.2276,83.0077,14.1407
11.3575,0.060709,0,0.060709,13.46,118.262,90,0,0,2869,79.2276,83.0077,14.1392
11.3777,0.117981,0,0.117981,13.46,118.262,90,0,0,2869,79.2276,83.0077,14.1392
11.3816,0.349953,0,0.349953,13.44,118.212,450,4,0,2870,79.2125,82.9913,14.1392
11.4017,0.194971,0,0.194971,13.44,118.212,90,0,0,2870,79.2125,82.9913,14.1378
11.4066,0.128384,0,0.128384,13.42,118.162,90,0,0,2870,79.2125,82.9913,14.1378
11.4278,1.03307,0,1.03307,13.42,118.162,1529,2,0,2871,79.2476,83.0244,14.1378
11.4313,1.52269,0,1.52269,13.4,118.111,1534,0,0,2872,79.2709,83.0463,14.1363
11.4509,0.707713,0,0.707713,13.4,118.111,793,2,0,2873,79.2819,83.056,14.1349
11.4535,0.36551,0,0.36551,13.38,118.061,644,0,0,2874,79.2923,83.0651,14.1335
11.4733,0.082086,0,0.082086,13.38,118.061,90,0,0,2874,79.2923,83.0651,14.132
11.4757,0.021509,0,0.021509,13.36,118.011,90,0,0,2874,79.2923,83.0651,14.132
11.4976,1.33934,0,1.33934,13.36,118.011,1238,8,0,2875,79.3162,83.0859,14.132
11.4997,0.024126,0,0.024126,13.34,117.96,90,0,0,2875,79.3162,83.0859,14.1306
11.5213,1.10968,0,1.10968,13.34,117.96,1313,0,0,2876,79.3463,83.1147,14.1306
11.5243,0.884633,0,0.884633,13.32,117.91,1350,0,0,2877,79.374,83.1411,14.1292
11.5436,0.080886,0,0.080886,13.32,117.91,90,0,0,2877,79.374,83.1411,14.1277
11.5461,0.056417,0,0.056417,13.3,117.859,90,0,0,2877,79.374,83.1411,14.1277
11.5669,0.902259,0,0.902259,13.3,117.859,952,6,0,2878,79.3878,83.1546,14.1277
11.57,0.952882,0,0.952882,13.28,117.809,1181,6,0,2879,79.4119,83.1785,14.1263
11.5901,0.594968,0,0.594968,13.28,117.809,848,0,0,2880,79.4111,83.1764,14.1249
11.5928,0.520209,0,0.520209,13.26,117.759,836,0,0,2881,79.4099,83.1739,14.1235
11.6138,1.02134,0,1.02134,13.26,117.759,1269,0,0,2882,79.4434,83.2061,14.122
11.6168,0.843671,0,0.843671,13.24,117.708,1147,2,0,2883,79.4648,83.2272,14.1206
11.6372,1.09513,0,1.09513,13.24,117.708,1051,0,0,2884,79.4802,83.2413,14.1192
11.6403,0.867316,0,0.867316,13.22,117.658,994,0,0,2885,79.5012,83.261,14.1177
11.6658,2.03882,0,2.03882,13.22,117.658,1120,2,0,2886,79.517,83.2755,14.1163
11.6711,1.38504,0,1.38504,13.2,117.607,1375,0,0,2887,79.5459,83.3031,14.1149
11.694,1.76637,0,1.76637,13.2,117.607,1083,0,0,2888,79.5637,83.3196,14.1135
11.6992,2.8108,0,2.8108,13.18,117.557,1149,208,0,2889,79.5794,83.3347,14.112
11.7177,0.922646,0,0.922646,13.18,117.037,1023,4,0,2890,79.5855,83.3394,14.1106
11.7198,0.360142,0,0.360142,13.16,116.987,586,0,0,2890,79.5855,83.3394,14.1092
11.7398,0.144104,0,0.144104,13.16,116.987,90,0,0,2890,79.5855,83.3394,14.1092
11.7421,0.00585,0,0.00585,13.14,116.936,90,0,0,2890,79.5855,83.3394,14.1092
11.7627,0.021756,0,0.021756,13.14,116.936,90,0,0,2890,79.5855,83.3394,14.1092
11.7653,0.09908,0,0.09908,13.12,116.886,90,0,0,2890,79.5855,83.3394,14.1092
11.7858,0.068076,0,0.068076,13.12,116.886,90,0,0,2890,79.5855,83.3394,14.1092
11.7892,0.791823,0,0.791823,13.1,116.836,1141,2,0,2891,79.5991,83.3528,14.1092
11.8089,0.013577,0,0.013577,13.1,116.836,90,0,0,2891,79.5991,83.3528,14.1078
11.8115,0.103105,0,0.103105,13.08,116.785,90,0,0,2891,79.5991,83.3528,14.1078
11.8333,1.67979,0,1.67979,13.08,116.785,1571,2,0,2892,79.6414,83.3938,14.1078
11.8366,1.07054,0,1.07054,13.06,116.735,1104,2,0,2893,79.6502,83.4006,14.1064
11.8566,0.148811,0,0.148811,13.06,116.735,90,0,0,2893,79.6502,83.4006,14.1049
11.8612,0.086951,0,0.086951,13.04,116.685,90,0,0,2893,79.6502,83.4006,14.1049
11.8841,2.33042,0,2.33042,13.04,116.685,1553,0,0,2894,79.6907,83.4399,14.1049
11.8866,0.035041,0,0.035041,13.02,116.634,90,0,0,2894,79.6907,83.4399,14.1035
11.908,1.23082,0,1.23082,13.02,116.634,974,0,0,2895,79.694,83.4418,14.1035
11.9148,2.48973,0,2.48973,13,116.584,1381,0,0,2896,79.7327,83.4793,14.1021
11.9329,0.872499,0,0.872499,13,116.584,636,0,0,2897,79.729,83.4743,14.1007
11.935,0.006618,0,0.006618,12.98,116.533,100,0,0,2897,79.729,83.4743,14.0992
11.9583,2.38005,0,2.38005,12.98,116.533,1114,0,0,2898,79.7495,83.4934,14.0992
11.9617,0.953312,0,0.953312,12.96,116.483,1011,10,0,2899,79.7616,83.5047,14.0978
11.9842,2.35165,0,2.35165,12.96,116.483,1217,2,0,2900,79.7917,83.5338,14.0964
11.9888,1.23801,0,1.23801,12.94,116.433,1369,0,0,2901,79.8301,83.5708,14.095
12.0086,0.680768,0,0.680768,12.94,116.433,845,8,0,2902,79.8463,83.5865,14.0936
12.0122,1.35191,0,1.35191,12.92,116.382,1591,0,0,2903,79.8805,83.6194,14.0922
12.0323,1.1909,0,1.1909,12.92,116.382,1309,0,0,2904,79.9222,83.6598,14.0907
12.0352,0.694962,0,0.694962,12.9,116.332,1221,0,0,2905,79.9463,83.6826,14.0893
12.0556,0.637476,0,0.637476,12.9,116.332,875,8,0,2906,79.9542,83.6889,14.0879
12.0582,0.415488,0,0.415488,12.88,116.282,782,0,0,2907,79.967,83.7004,14.0865
12.0789,0.623273,0,0.623273,12.88,116.282,726,0,0,2908,79.966,83.6981,14.0851
12.0811,0.008511,0,0.008511,12.86,116.231,90,0,0,2908,79.966,83.6981,14.0837
12.1013,0.051296,0,0.051296,12.86,116.231,90,0,0,2908,79.966,83.6981,14.0837
12.1044,0.946901,0,0.946901,12.84,116.181,1037,0,0,2909,79.9804,83.7112,14.0837
12.1247,0.73896,0,0.73896,12.84,116.181,1042,0,0,2910,79.9893,83.7189,14.0823
12.1268,0.043705,0,0.043705,12.82,116.13,80,0,0,2910,79.9893,83.7189,14.0809
12.1495,2.231,0,2.231,12.82,116.13,1580,99,0,2911,80.0124,83.7437,14.0809
12.1516,0.025034,0,0.025034,12.8,116.08,90,0,0,2911,80.0124,83.7437,14.0794
12.1729,0.933006,0,0.933006,12.8,116.08,1325,0,0,2912,80.0388,83.7689,14.0794
12.176,0.84792,0,0.84792,12.78,116.03,981,0,0,2913,80.0683,83.7971,14.078
12.1956,0.231215,0,0.231215,12.78,116.03,302,0,0,2913,80.0683,83.7971,14.0766
12.1979,0.051757,0,0.051757,12.76,115.979,80,0,0,2913,80.0683,83.7971,14.0766
12.2189,0.592697,0,0.592697,12.76,115.979,838,2,0,2914,80.0786,83.8058,14.0766
12.222,0.763803,0,0.763803,12.74,115.929,1117,0,0,2915,80.0899,83.8158,14.0752
12.2432,1.28374,0,1.28374,12.74,115.929,1146,0,0,2916,80.1087,83.8333,14.0738
12.2518,1.15163,0,1.15163,12.72,115.878,1100,0,0,2917,80.1375,83.8608,14.0724
12.273,0.201403,0,0.201403,12.72,115.878,80,0,0,2917,80.1375,83.8608,14.071
12.2761,0.051051,0,0.051051,12.7,115.828,80,0,0,2917,80.1375,83.8608,14.071
12.2971,0.90139,0,0.90139,12.7,115.828,923,0,0,2918,80.1515,83.8735,14.071
12.3007,1.26559,0,1.26559,12.68,115.778,1125,0,0,2919,80.1675,83.8883,14.0696
12.3201,0.101679,0,0.101679,12.68,115.778,80,0,0,2919,80.1675,83.8883,14.0682
12.8053,482.982,482.829,0.15287,12.66,115.727,479195,5134,0,2919,79.0812,83.048,14.0682
12.8098,0.799063,0,0.799063,12.64,115.413,888,0,0,2920,79.0928,83.0582,14.0682
12.8291,0.109847,0,0.109847,12.64,115.413,164,0,0,2920,79.0928,83.0582,14.0668
12.8327,0.520151,0,0.520151,12.62,115.039,1245,0,0,2921,79.115,83.0791,14.0668
12.8525,0.157776,0,0.157776,12.62,115.039,164,0,0,2921,79.115,83.0791,14.0654
12.8552,0.093666,0,0.093666,12.6,114.665,174,0,0,2921,79.115,83.0791,14.0654
12.8764,0.538689,0,0.538689,12.6,114.665,648,0,0,2922,79.1136,83.0763,14.0654
12.8794,0.767318,0,0.767318,12.58,114.29,1065,0,0,2923,79.141,83.1023,14.064
12.9004,1.01653,0,1.01653,12.58,114.29,1316,0,0,2924,79.1539,83.1139,14.0626
12.9036,1.07616,0,1.07616,12.56,113.916,1392,0,0,2925,79.1915,83.1501,14.0612
12.924,1.15719,0,1.15719,12.56,113.916,1512,0,0,2926,79.2225,83.1798,14.0598
12.9262,0.032847,0,0.032847,12.54,113.541,185,0,0,2926,79.2225,83.1798,14.0584
12.9478,1.00172,0,1.00172,12.54,113.541,954,0,0,2927,79.2286,83.1845,14.0584
12.9517,1.03645,0,1.03645,12.52,113.167,1439,0,0,2928,79.2503,83.2049,14.057
12.9719,0.653438,0,0.653438,12.52,113.167,959,0,0,2929,79.2509,83.2042,14.0556
12.975,0.077435,0,0.077435,12.5,112.793,185,0,0,2929,79.2509,83.2042,14.0542
12.9952,0.083457,0,0.083457,12.5,112.793,185,0,0,2929,79.2509,83.2042,14.0542
12.9996,1.6274,0,1.6274,12.48,112.418,1166,0,0,2930,79.2597,83.2116,14.0542
13.0185,0.549634,0,0.549634,12.48,112.418,916,0,0,2931,79.2637,83.2143,14.0528
13.0208,0.033534,0,0.033534,12.46,112.044,185,0,0,2931,79.2637,83.2143,14.0514
13.044,1.98023,0,1.98023,12.46,112.044,1732,0,0,2932,79.3066,83.2558,14.0514
13.0483,0.545735,0,0.545735,12.44,111.67,667,0,0,2933,79.3007,83.2486,14.05
13.0715,2.7073,0,2.7073,12.44,111.67,1161,0,0,2934,79.3119,83.2584,14.0486
13.0783,3.03779,0,3.03779,12.42,111.295,1400,10,0,2935,79.3411,83.2862,14.0472
13.0983,1.87514,0,1.87514,12.42,111.295,1413,0,0,2936,79.3702,83.314,14.0458
13.1057,2.88335,0,2.88335,12.4,110.921,1350,2,0,2937,79.4001,83.3425,14.0444
13.1229,0.122413,0,0.122413,12.4,110.921,145,0,0,2937,79.4001,83.3425,14.043
13.1263,0.972527,0,0.972527,12.38,110.547,859,0,0,2938,79.4033,83.3445,14.043
13.1476,1.319,0,1.319,12.38,110.547,1246,0,0,2939,79.4321,83.3719,14.0416
13.1512,1.5657,0,1.5657,12.36,110.172,1985,0,0,2940,79.4823,83.4207,14.0402
13.1722,1.98836,0,1.98836,12.36,110.172,1501,4,0,2941,79.5199,83.4563,14.0388
13.1774,1.67154,0,1.67154,12.34,109.798,940,0,0,2942,79.5218,83.4568,14.0374
13.1984,1.86667,0,1.86667,12.34,109.798,1258,1,0,2943,79.545,83.4788,14.036
13.2056,1.61154,0,1.61154,12.32,109.424,1177,2,0,2944,79.5594,83.4915,14.0346
13.224,0.067408,0,0.067408,12.32,109.424,164,0,0,2944,79.5594,83.4915,14.0332
13.2274,0.845424,0,0.845424,12.3,109.049,782,26,0,2945,79.5766,83.508,14.0332
13.2493,1.43748,0,1.43748,12.3,109.049,1170,0,0,2946,79.5961,83.5261,14.0319
13.2542,0.201233,0,0.201233,12.28,108.675,164,0,0,2946,79.5961,83.5261,14.0305
13.2759,1.40772,0,1.40772,12.28,108.675,1613,0,0,2947,79.6362,83.565,14.0305
13.2811,2.46866,0,2.46866,12.26,108.301,1470,0,0,2948,79.6594,83.5868,14.0291
13.2995,0.076157,0,0.076157,12.26,108.301,164,0,0,2948,79.6594,83.5868,14.0277
13.3045,0.356133,0,0.356133,12.24,107.926,570,0,0,2949,79.6497,83.5758,14.0277
13.3274,2.69802,0,2.69802,12.24,107.926,1374,0,0,2950,79.6678,83.5925,14.0263
13.3354,1.60187,0,1.60187,12.22,107.552,1276,0,0,2951,79.6876,83.611,14.0249
13.3543,1.17697,0,1.17697,12.22,107.552,1237,0,0,2952,79.711,83.6331,14.0235
13.3604,1.2045,0,1.2045,12.2,107.177,866,0,0,2953,79.7169,83.6377,14.0221
13.3823,2.05056,0,2.05056,12.2,107.177,1628,4,0,2954,79.7532,83.6726,14.0208
13.387,1.97781,0,1.97781,12.18,106.803,865,0,0,2955,79.7594,83.6775,14.0194
13.4063,0.897213,0,0.897213,12.18,106.803,1289,0,0,2956,79.7777,83.6945,14.018
13.4131,3.03238,0,3.03238,12.16,106.429,1244,6,0,2957,79.7951,83.7102,14.0166
13.4321,1.18043,0,1.18043,12.16,106.429,988,4,0,2958,79.8009,83.714,14.0152
13.9655,530.803,529.678,1.12479,12.14,106.054,561842,5309,0,2959,79.4089,83.4262,14.0138
13.9694,0.883116,0,0.883116,12.12,106.152,1588,0,0,2960,79.4453,83.4611,14.0125
13.9895,0.718559,0,0.718559,12.12,106.152,985,0,0,2961,79.4488,83.4634,14.0111
13.9918,0.017322,0,0.017322,12.1,105.777,95,0,0,2961,79.4488,83.4634,14.0097
14.0122,0.094631,0,0.094631,12.1,105.777,95,0,0,2961,79.4488,83.4634,14.0097
14.0157,1.04208,0,1.04208,12.08,105.403,1287,0,0,2962,79.4733,83.4865,14.0097
14.0354,0.096107,0,0.096107,12.08,105.403,110,0,0,2962,79.4733,83.4865,14.0083
14.0396,1.76944,0,1.76944,12.06,105.029,2108,21,0,2963,79.5167,83.5292,14.0083
14.0586,0.049801,0,0.049801,12.06,105.029,120,0,0,2963,79.5167,83.5292,14.0069
14.0635,1.96035,0,1.96035,12.04,104.654,1455,0,0,2964,79.5385,83.5496,14.0069
14.0829,1.19636,0,1.19636,12.04,104.654,978,0,0,2965,79.5538,83.5636,14.0056
14.0872,1.03282,0,1.03282,12.02,104.28,1512,0,0,2966,79.5816,83.59,14.0042
14.1071,0.914573,0,0.914573,12.02,104.28,1383,0,0,2967,79.603,83.61,14.0028
14.1106,0.573283,0,0.573283,12,103.906,961,0,0,2968,79.6078,83.6135,14.0014
14.1317,1.04868,0,1.04868,12,103.906,1357,0,0,2969,79.6275,83.6319,14.0001
14.135,0.47285,0,0.47285,11.98,103.531,989,12,0,2970,79.6347,83.6377,13.9987
14.1583,3.02477,0,3.02477,11.98,103.531,1640,0,0,2971,79.6698,83.6715,13.9973
14.1647,1.68077,0,1.68077,11.96,103.157,1432,0,0,2972,79.7005,83.7009,13.9959
14.1849,1.77634,0,1.77634,11.96,103.157,1981,0,0,2973,79.739,83.738,13.9946
14.1889,1.45729,0,1.45729,11.94,102.783,1289,7,0,2974,79.7697,83.768,13.9932
14.2086,1.11891,0,1.11891,11.94,102.783,990,2,0,2975,79.7788,83.7748,13.9918
14.2115,0.54807,0,0.54807,11.92,102.408,450,1,0,2976,79.7812,83.7759,13.9904
14.2341,2.14987,0,2.14987,11.92,102.408,1696,0,0,2977,79.8213,83.8146,13.9891
14.2366,0.00682,0,0.00682,11.9,102.139,150,0,0,2977,79.8213,83.8146,13.9877
14.2579,0.021684,0,0.021684,11.9,102.139,160,0,0,2977,79.8213,83.8146,13.9877
14.2627,0.075258,0,0.075258,11.88,102.019,150,0,0,2977,79.8213,83.8146,13.9877
14.2829,0.092506,0,0.092506,11.88,102.019,160,0,0,2977,79.8213,83.8146,13.9877
14.2863,0.532714,0,0.532714,11.86,101.899,1231,0,0,2978,79.8385,83.8304,13.9877
14.307,1.21123,0,1.21123,11.86,101.899,1077,0,0,2979,79.8536,83.8442,13.9863
14.6812,371.694,371.335,0.359197,11.84,101.779,415280,4475,0,2980,79.597,83.6144,13.985
14.6839,0.068732,0,0.068732,11.82,101.659,35,0,0,2980,79.597,83.6144,13.9836
14.7045,0.794608,0,0.794608,11.82,101.659,1210,0,0,2981,79.6189,83.635,13.9836
14.7069,0.151086,0,0.151086,11.8,101.539,381,3,0,2982,79.6046,83.6194,13.9822
14.7287,1.31989,0,1.31989,11.8,101.539,1201,0,0,2983,79.6359,83.6493,13.9809
14.7317,0.72418,0,0.72418,11.78,101.419,1315,0,0,2984,79.6625,83.6746,13.9795
14.7522,0.551696,0,0.551696,11.78,101.419,726,17,0,2985,79.6673,83.6781,13.9781
14.7543,0.019034,0,0.019034,11.76,101.299,35,0,0,2985,79.6673,83.6781,13.9768
14.7753,0.750482,0,0.750482,11.76,101.299,905,0,0,2986,79.6698,83.6792,13.9768
14.7786,0.798026,0,0.798026,11.74,101.179,826,0,0,2987,79.6699,83.6779,13.9754
14.7988,0.412066,0,0.412066,11.74,101.179,354,0,0,2988,79.6606,83.6673,13.974
14.8026,1.07014,0,1.07014,11.72,101.059,1419,0,0,2989,79.6956,83.7009,13.9727
14.8229,0.729013,0,0.729013,11.72,101.059,1039,0,0,2990,79.7107,83.7147,13.9713
14.8271,1.29705,0,1.29705,11.7,100.939,1249,0,0,2991,79.7325,83.7352,13.9699
14.8464,0.013627,0,0.013627,11.7,100.939,35,0,0,2991,79.7325,83.7352,13.9686
14.8489,0.08289,0,0.08289,11.68,100.819,35,0,0,2991,79.7325,83.7352,13.9686
14.8706,1.63735,0,1.63735,11.68,100.819,1124,0,0,2992,79.7483,83.7497,13.9686
14.873,0.076283,0,0.076283,11.66,100.699,35,0,0,2992,79.7483,83.7497,13.9672
14.8955,1.71,0,1.71,11.66,100.699,746,0,0,2993,79.7741,83.7741,13.9672
14.9007,0.43991,0,0.43991,11.64,100.579,308,0,0,2993,79.7741,83.7741,13.9659
14.9213,0.352068,0,0.352068,11.64,100.579,172,0,0,2993,79.7741,83.7741,13.9659
14.927,0.904863,0,0.904863,11.62,100.459,745,0,0,2994,79.7712,83.7699,13.9659
14.9475,0.709542,0,0.709542,11.62,100.459,927,0,0,2995,79.779,83.7763,13.9645
14.9501,0.463492,0,0.463492,11.6,100.339,552,0,0,2996,79.7857,83.7817,13.9631
14.9709,0.987023,0,0.987023,11.6,100.339,1316,2,0,2997,79.8071,83.8018,13.9618
14.9736,0.332868,0,0.332868,11.58,100.219,331,3,0,2998,79.8155,83.8089,13.9604
14.9951,1.1157,0,1.1157,11.58,100.219,1030,0,0,2999,79.8373,83.8293,13.9591
14.9981,0.545947,0,0.545947,11.56,100.099,560,0,0,3000,79.8303,83.821,13.9577
15.0213,3.08507,0,3.08507,11.56,100.099,1831,0,0,3001,79.8807,83.87,13.9563
15.0273,0.176861,0,0.176861,11.54,99.9787,40,0,0,3001,79.8807,83.87,13.955
15.0485,0.160379,0,0.160379,11.54,99.9787,40,0,0,3001,79.8807,83.87,13.955
15.057,2.83789,0,2.83789,11.52,99.8587,1021,0,0,3002,79.8984,83.8864,13.955
15.0752,1.03938,0,1.03938,11.52,99.8587,1240,0,0,3003,79.9197,83.9064,13.9536
15.0786,0.368915,0,0.368915,11.5,99.7387,652,0,0,3004,79.9141,83.8995,13.9523
15.1,1.79523,0,1.79523,11.5,99.7387,1502,2,0,3005,79.9634,83.9474,13.9509
15.1027,0.024749,0,0.024749,11.48,99.6187,40,0,0,3005,79.9634,83.9474,13.9496
15.1237,0.02578,0,0.02578,11.48,99.6187,40,0,0,3005,79.9634,83.9474,13.9496
15.1301,1.36557,0,1.36557,11.46,99.4987,1595,0,0,3006,80,83.9827,13.9496
15.15,0.692092,0,0.692092,11.46,99.4987,547,1,0,3007,79.9947,83.9761,13.9482
15.156,0.101254,0,0.101254,11.44,99.3787,40,0,0,3007,79.9947,83.9761,13.9469
15.1786,2.15956,0,2.15956,11.44,99.3787,1454,0,0,3008,80.0366,84.0166,13.9469
15.1836,0.172082,0,0.172082,11.42,99.2587,40,0,0,3008,80.0366,84.0166,13.9455
15.2043,0.890678,0,0.890678,11.42,99.2587,868,2,0,3009,80.0386,84.0173,13.9455
15.2071,0.474274,0,0.474274,11.4,99.1387,860,1,0,3010,80.0478,84.0252,13.9441
15.2284,1.1518,0,1.1518,11.4,99.1387,1410,0,0,3011,80.0844,84.0604,13.9428
15.2312,0.525404,0,0.525404,11.38,99.0187,1183,1,0,3012,80.1006,84.0754,13.9414
15.2525,1.09773,0,1.09773,11.38,99.0187,945,0,0,3013,80.1099,84.0833,13.9401
15.2603,3.863,0,3.863,11.36,98.8987,1555,18,0,3014,80.1543,84.1274,13.9387
15.2777,0.920213,0,0.920213,11.36,98.8987,828,0,0,3015,80.1808,84.1526,13.9374
15.2819,0.227979,0,0.227979,11.34,98.7787,50,0,0,3015,80.1808,84.1526,13.936
15.3026,0.860374,0,0.860374,11.34,98.7787,751,0,0,3016,80.196,84.1664,13.936
15.3049,0.031961,0,0.031961,11.32,98.6587,50,0,0,3016,80.196,84.1664,13.9347
15.3261,0.16367,0,0.16367,11.32,98.6587,50,0,0,3016,80.196,84.1664,13.9347
15.3309,1.45084,0,1.45084,11.3,98.5387,1238,0,0,3017,80.2131,84.1823,13.9347
15.3506,0.159136,0,0.159136,11.3,98.5387,50,0,0,3017,80.2131,84.1823,13.9334
15.3555,1.38462,0,1.38462,11.28,98.4187,1288,0,0,3018,80.2478,84.2157,13.9334
15.3763,1.28718,0,1.28718,11.28,98.4187,750,0,0,3019,80.2445,84.211,13.932
15.3817,0.715024,0,0.715024,11.26,98.2987,552,6,0,3020,80.2364,84.2017,13.9307
15.4021,1.13922,0,1.13922,11.26,98.2987,703,25,0,3021,80.2373,84.2029,13.9293
15.4101,2.42197,0,2.42197,11.24,98.1787,1241,0,0,3022,80.2535,84.2177,13.928
15.4288,1.61782,0,1.61782,11.24,98.1787,1463,4,0,3023,80.2792,84.2425,13.9266
15.4328,1.60991,0,1.60991,11.22,98.0587,1225,0,0,3024,80.2966,84.2586,13.9253
15.4534,1.56705,0,1.56705,11.22,98.0587,999,11,0,3025,80.3061,84.2668,13.9239
15.4589,0.074548,0,0.074548,11.2,97.9387,60,0,0,3025,80.3061,84.2668,13.9226
15.4805,1.05039,0,1.05039,11.2,97.9387,979,1,0,3026,80.3159,84.2753,13.9226
15.4833,0.067484,0,0.067484,11.18,97.8186,60,0,0,3026,80.3159,84.2753,13.9212
15.5045,1.06841,0,1.06841,11.18,97.8186,435,0,0,3027,80.3102,84.2683,13.9212
15.5112,0.089599,0,0.089599,11.16,97.6986,60,0,0,3027,80.3102,84.2683,13.9199
15.5303,0.090905,0,0.090905,11.16,97.6986,60,0,0,3027,80.3102,84.2683,13.9199
15.5348,1.74443,0,1.74443,11.14,97.5786,1304,0,0,3028,80.353,84.3098,13.9199
15.5536,0.108711,0,0.108711,11.14,97.5786,60,0,0,3028,80.353,84.3098,13.9186
15.5558,0.02804,0,0.02804,11.12,97.4586,70,0,0,3028,80.353,84.3098,13.9186
15.5766,0.078944,0,0.078944,11.12,97.4586,60,0,0,3028,80.353,84.3098,13.9186
15.5794,0.616022,0,0.616022,11.1,97.3386,1295,0,0,3029,80.384,84.3394,13.9186
15.6022,3.16399,0,3.16399,11.1,97.3386,1295,0,0,3030,80.4251,84.3792,13.9172
15.6093,4.04275,0,4.04275,11.08,97.2186,2308,2,0,3031,80.4774,84.4306,13.9159
15.6267,1.63628,0,1.63628,11.08,97.2186,1058,2,0,3032,80.503,84.4548,13.9145
15.6309,1.1244,0,1.1244,11.06,97.0986,755,0,0,3033,80.5031,84.4537,13.9132
15.6515,1.21515,0,1.21515,11.06,97.0986,1349,0,0,3034,80.53,84.4792,13.9119
15.6544,0.085744,0,0.085744,11.04,96.9786,60,0,0,3034,80.53,84.4792,13.9105
15.6751,0.342683,0,0.342683,11.04,96.9786,487,11,0,3035,80.5193,84.4672,13.9105
15.6778,0.719433,0,0.719433,11.02,96.8586,1006,9,0,3036,80.5257,84.4717,13.9092
15.6983,1.02809,0,1.02809,11.02,96.8586,1132,0,0,3037,80.5479,84.4926,13.9079
15.7011,0.37547,0,0.37547,11,96.7386,843,4,0,3038,80.549,84.4924,13.9065
15.7227,1.25318,0,1.25318,11,96.7386,882,6,0,3039,80.5564,84.4982,13.9052
15.7265,1.5833,0,1.5833,10.98,96.6186,1714,0,0,3040,80.5993,84.5398,13.9038
15.7463,0.681114,0,0.681114,10.98,96.6186,975,0,0,3041,80.6057,84.5449,13.9025
15.7492,0.825265,0,0.825265,10.96,96.4986,1054,2,0,3042,80.644,84.5819,13.9012
15.7701,0.874299,0,0.874299,10.96,96.4986,1143,0,0,3043,80.6582,84.5948,13.8998
15.7732,1.06217,0,1.06217,10.94,96.3786,1299,0,0,3044,80.6902,84.6255,13.8985
15.7924,0.09875,0,0.09875,10.94,96.3786,60,0,0,3044,80.6902,84.6255,13.8972
15.7946,0.007927,0,0.007927,10.92,96.2586,60,0,0,3044,80.6902,84.6255,13.8972
15.8154,0.044216,0,0.044216,10.92,96.2586,60,0,0,3044,80.6902,84.6255,13.8972
15.8185,0.794423,0,0.794423,10.9,96.1386,1517,0,0,3045,80.7235,84.6575,13.8972
15.8393,0.882125,0,0.882125,10.9,96.1386,1353,0,0,3046,80.7564,84.6891,13.8958
15.8421,0.660802,0,0.660802,10.88,96.0186,1417,0,0,3047,80.7801,84.7115,13.8945
15.8619,0.072919,0,0.072919,10.88,96.0186,70,0,0,3047,80.7801,84.7115,13.8932
15.8649,0.539659,0,0.539659,10.86,95.8986,1245,0,0,3048,80.7953,84.7254,13.8932
15.8858,0.873131,0,0.873131,10.86,95.8986,1358,0,0,3049,80.816,84.7448,13.8919
15.8886,0.572172,0,0.572172,10.84,95.7786,1195,0,0,3050,80.8279,84.7554,13.8905
15.9106,1.45447,0,1.45447,10.84,95.7786,1380,0,0,3051,80.8555,84.7817,13.8892
16.4251,511.912,510.999,0.913569,10.82,95.6586,648321,4791,0,3052,80.3381,84.4286,13.8879
16.429,0.885964,0,0.885964,10.8,99.1873,1479,0,0,3053,80.3826,84.4717,13.8865
16.4487,0.154176,0,0.154176,10.8,99.1873,70,0,0,3053,80.3826,84.4717,13.8852
16.4518,0.580866,0,0.580866,10.78,99.0673,759,0,0,3054,80.3811,84.4689,13.8852
16.4727,0.778135,0,0.778135,10.78,99.0673,1205,1,0,3055,80.4082,84.4946,13.8839
16.4752,0.309497,0,0.309497,10.76,98.9473,680,26,0,3056,80.4018,84.4869,13.8826
16.4956,0.011399,0,0.011399,10.76,98.9473,70,0,0,3056,80.4018,84.4869,13.8812
16.4988,0.619129,0,0.619129,10.74,98.8273,1055,0,0,3057,80.4253,84.509,13.8812
16.5187,0.387533,0,0.387533,10.74,98.8273,777,0,0,3058,80.4232,84.5056,13.8799
16.521,0.018315,0,0.018315,10.72,98.7073,70,0,0,3058,80.4232,84.5056,13.8786
16.5436,1.77035,0,1.77035,10.72,98.7073,1558,0,0,3059,80.4557,84.5368,13.8786
16.5464,0.626342,0,0.626342,10.7,98.5873,1548,0,0,3060,80.4827,84.5624,13.8773
16.5668,0.094005,0,0.094005,10.7,98.5873,70,0,0,3060,80.4827,84.5624,13.8759
16.5692,0.020385,0,0.020385,10.68,98.4673,70,0,0,3060,80.4827,84.5624,13.8759
16.5896,0.089201,0,0.089201,10.68,98.4673,70,0,0,3060,80.4827,84.5624,13.8759
16.5944,0.131822,0,0.131822,10.66,98.3473,80,0,0,3060,80.4827,84.5624,13.8759
16.6145,0.609807,0,0.609807,10.66,98.3473,838,2,0,3061,80.4835,84.5619,13.8759
16.6173,0.514079,0,0.514079,10.64,98.2272,654,4,0,3062,80.5036,84.5807,13.8746
16.6397,2.12285,0,2.12285,10.64,98.2272,933,0,0,3063,80.5149,84.5906,13.8733
16.6443,0.115871,0,0.115871,10.62,98.1072,80,0,0,3063,80.5149,84.5906,13.872
16.667,1.8943,0,1.8943,10.62,98.1072,1864,0,0,3064,80.5558,84.6302,13.872
16.6697,0.052802,0,0.052802,10.6,97.9872,80,0,0,3064,80.5558,84.6302,13.8706
16.6903,0.120522,0,0.120522,10.6,97.9872,80,0,0,3064,80.5558,84.6302,13.8706
16.6989,2.52942,0,2.52942,10.58,97.8672,1630,0,0,3065,80.583,84.6561,13.8706
16.7162,0.098444,0,0.098444,10.58,97.8672,90,0,0,3065,80.583,84.6561,13.8693
16.7219,0.018992,0,0.018992,10.56,97.7472,90,0,0,3065,80.583,84.6561,13.8693
16.743,0.378292,0,0.378292,10.56,97.7472,298,0,0,3065,80.583,84.6561,13.8693
16.7487,2.95033,0,2.95033,10.54,97.6272,1513,8,0,3066,80.6269,84.6986,13.8693
16.7676,1.07135,0,1.07135,10.54,97.6272,814,1,0,3067,80.6312,84.7017,13.868
16.7766,3.58619,0,3.58619,10.52,97.5072,1984,0,0,3068,80.6763,84.7454,13.8667
16.7948,0.973965,0,0.973965,10.52,97.5072,1271,0,0,3069,80.7041,84.7719,13.8654
16.7972,0.036064,0,0.036064,10.5,97.3872,90,0,0,3069,80.7041,84.7719,13.8641
16.8185,1.1474,0,1.1474,10.5,97.3872,1221,16,0,3070,80.7274,84.7935,13.8641
16.8224,0.83721,0,0.83721,10.48,97.0358,1360,0,0,3071,80.7473,84.8121,13.8627
16.8427,0.127493,0,0.127493,10.48,97.0358,93,0,0,3071,80.7473,84.8121,13.8614
16.8457,0.554336,0,0.554336,10.46,96.9158,950,1,0,3072,80.752,84.8154,13.8614
16.866,0.124626,0,0.124626,10.46,96.9158,90,0,0,3072,80.752,84.8154,13.8601
16.8685,0.021925,0,0.021925,10.44,96.7958,90,0,0,3072,80.752,84.8154,13.8601
16.8893,0.5437,0,0.5437,10.44,96.7958,995,0,0,3073,80.7576,84.8197,13.8601
17.0048,112.597,112.539,0.058709,10.42,96.6758,139933,430,0,3073,80.7003,84.769,13.8588
17.0085,0.708834,0,0.708834,10.4,96.5558,1546,0,0,3074,80.7287,84.796,13.8588
17.0294,1.4289,0,1.4289,10.4,96.5558,1386,0,0,3075,80.7603,84.8263,13.8575
17.0318,0.32636,0,0.32636,10.38,96.4358,1048,1,0,3076,80.7669,84.8316,13.8562
17.0539,2.0849,0,2.0849,10.38,96.4358,1822,0,0,3077,80.8024,84.8658,13.8548
17.057,0.289825,0,0.289825,10.36,96.3158,787,0,0,3078,80.8015,84.8635,13.8535
17.0767,0.050846,0,0.050846,10.36,96.3158,80,0,0,3078,80.8015,84.8635,13.8522
17.0805,1.20149,0,1.20149,10.34,96.1958,1518,6,0,3079,80.822,84.8831,13.8522
17.1,0.012106,0,0.012106,10.34,96.1958,80,0,0,3079,80.822,84.8831,13.8509
17.103,0.065486,0,0.065486,10.32,96.0758,80,0,0,3079,80.822,84.8831,13.8509
17.1252,1.60652,0,1.60652,10.32,96.0758,944,45,0,3080,80.8328,84.8922,13.8509
17.1277,0.070467,0,0.070467,10.3,95.9558,130,0,0,3080,80.8328,84.8922,13.8496
17.148,0.01124,0,0.01124,10.3,95.9558,80,0,0,3080,80.8328,84.8922,13.8496
17.1505,0.036208,0,0.036208,10.28,95.8358,80,0,0,3080,80.8328,84.8922,13.8496
17.1714,0.080359,0,0.080359,10.28,95.8358,80,0,0,3080,80.8328,84.8922,13.8496
17.1746,0.283373,0,0.283373,10.26,95.7158,272,2,0,3081,80.8338,84.8919,13.8496
17.1953,0.150421,0,0.150421,10.26,95.7158,80,0,0,3081,80.8338,84.8919,13.8483
17.2014,0.958389,0,0.958389,10.24,95.5958,1045,0,0,3082,80.8404,84.8971,13.8483
17.2211,0.113655,0,0.113655,10.24,95.5958,80,0,0,3082,80.8404,84.8971,13.847
17.2234,0.019753,0,0.019753,10.22,95.4758,90,0,0,3082,80.8404,84.8971,13.847
17.2459,1.95894,0,1.95894,10.22,95.4758,1295,0,0,3083,80.8602,84.9157,13.847
17.2495,1.18053,0,1.18053,10.2,95.3557,1176,1,0,3084,80.8719,84.9261,13.8456
17.2696,0.743681,0,0.743681,10.2,95.3557,1300,3,0,3085,80.8878,84.9407,13.8443
17.2728,0.743308,0,0.743308,10.18,95.2357,780,1,0,3086,80.884,84.9355,13.843
17.2947,1.31933,0,1.31933,10.18,95.2357,1064,3,0,3087,80.8905,84.9407,13.8417
17.3038,3.52358,0,3.52358,10.16,95.1157,1332,0,0,3088,80.9148,84.9637,13.8404
17.3208,0.058971,0,0.058971,10.16,95.1157,90,0,0,3088,80.9148,84.9637,13.8391
17.326,0.698297,0,0.698297,10.14,94.9957,1384,0,0,3089,80.9323,84.9799,13.8391
17.3474,1.58306,0,1.58306,10.14,94.9957,1354,1,0,3090,80.9511,84.9974,13.8378
17.3557,1.76447,0,1.76447,10.12,94.8757,690,0,0,3091,80.9447,84.9896,13.8365
17.3742,0.800394,0,0.800394,10.12,94.8757,800,0,0,3092,80.9418,84.9854,13.8352
17.3777,0.855814,0,0.855814,10.1,94.7557,1341,9,0,3093,80.9609,85.0032,13.8339
17.398,0.44397,0,0.44397,10.1,94.7557,723,9,0,3094,80.9573,84.9984,13.8326
17.4007,0.436876,0,0.436876,10.08,94.6357,1248,0,0,3095,80.9771,85.0168,13.8313
17.4212,0.254099,0,0.254099,10.08,94.6357,80,0,0,3095,80.9771,85.0168,13.83
17.4285,0.020916,0,0.020916,10.06,94.5157,80,0,0,3095,80.9771,85.0168,13.83
17.45,1.61113,0,1.61113,10.06,94.5157,1353,0,0,3096,81.0113,85.0497,13.83
17.4598,3.08509,0,3.08509,10.04,94.3957,1139,0,0,3097,81.03,85.0672,13.8287
17.4759,0.411114,0,0.411114,10.04,94.3957,288,0,0,3097,81.03,85.0672,13.8274
17.481,2.60188,0,2.60188,10.02,94.2757,2008,0,0,3098,81.0694,85.1052,13.8274
17.4992,0.145157,0,0.145157,10.02,94.2757,80,0,0,3098,81.0694,85.1052,13.826
17.506,2.12544,0,2.12544,10,94.1557,1623,2,0,3099,81.1052,85.1397,13.826
17.5254,0.367962,0,0.367962,10,94.1557,152,0,0,3099,81.1052,85.1397,13.8247
17.8539,324.665,324.652,0.013221,9.98,94.0357,425939,4628,0,3099,80.7609,84.868,13.8247
17.8578,0.556402,0,0.556402,9.96,95.3182,1462,0,0,3100,80.7835,84.8894,13.8247
17.8782,1.21227,0,1.21227,9.96,95.3182,1136,0,0,3101,80.7926,84.8971,13.8234
17.8814,0.512465,0,0.512465,9.94,95.1982,1382,0,0,3102,80.8133,84.9165,13.8221
17.9009,0.124497,0,0.124497,9.94,95.1982,94,0,0,3102,80.8133,84.9165,13.8208
17.9041,0.732737,0,0.732737,9.92,95.0782,1318,1,0,3103,80.8269,84.9288,13.8208
17.9244,0.353787,0,0.353787,9.92,95.0782,714,28,0,3104,80.8209,84.9214,13.8195
17.9268,0.049803,0,0.049803,9.9,94.9582,84,0,0,3104,80.8209,84.9214,13.8182
17.9483,0.715912,0,0.715912,9.9,94.9582,1049,2,0,3105,80.8338,84.933,13.8182
17.9512,0.612064,0,0.612064,9.88,94.8382,1550,0,0,3106,80.8577,84.9556,13.8169
17.971,0.032232,0,0.032232,9.88,94.8382,84,0,0,3106,80.8577,84.9556,13.8156
17.9745,0.819839,0,0.819839,9.86,94.7181,1694,6,0,3107,80.8935,84.99,13.8156
17.9961,1.57366,0,1.57366,9.86,94.7181,1502,0,0,3108,80.9208,85.0161,13.8143
18.0011,1.49335,0,1.49335,9.84,94.5981,1424,4,0,3109,80.9363,85.0312,13.8131
18.0205,0.100524,0,0.100524,9.84,94.5981,84,0,0,3109,80.9363,85.0312,13.8118
18.0232,0.324058,0,0.324058,9.82,94.4781,823,0,0,3110,80.9347,85.0283,13.8118
18.044,0.735518,0,0.735518,9.82,94.4781,1338,0,0,3111,80.9531,85.0453,13.8105
18.0478,1.02497,0,1.02497,9.8,94.3581,1269,2,0,3112,80.9817,85.0729,13.8092
18.0677,0.841317,0,0.841317,9.8,94.3581,1084,0,0,3113,80.9878,85.0777,13.8079
18.0727,1.59161,0,1.59161,9.78,94.2381,1902,2,0,3114,81.0347,85.1233,13.8066
18.0935,1.75341,0,1.75341,9.78,94.2381,1009,0,0,3115,81.0385,85.1258,13.8053
18.099,0.818204,0,0.818204,9.76,94.1017,987,8,0,3116,81.044,85.1303,13.804
18.1195,0.104244,0,0.104244,9.76,94.1017,73,0,0,3116,81.044,85.1303,13.8027
18.1274,3.1725,0,3.1725,9.74,91.874,1443,2,0,3117,81.0712,85.1562,13.8027
18.1451,0.754297,0,0.754297,9.74,91.874,611,0,0,3118,81.0718,85.1555,13.8014
18.1489,1.03128,0,1.03128,9.72,91.817,1184,0,0,3119,81.0821,85.1645,13.8001
18.1679,0.01116,0,0.01116,9.72,91.817,78,0,0,3119,81.0821,85.1645,13.7988
18.171,0.315776,0,0.315776,9.7,91.7599,860,0,0,3120,81.0817,85.1628,13.7988
18.1937,1.67473,0,1.67473,9.7,91.7599,1515,3,0,3121,81.1099,85.1897,13.7975
18.1997,0.787145,0,0.787145,9.68,91.7029,1316,0,0,3122,81.1252,85.2037,13.7962
18.2199,0.082679,0,0.082679,9.68,91.7029,78,0,0,3122,81.1252,85.2037,13.7949
18.2257,0.181107,0,0.181107,9.66,91.6458,188,0,0,3122,81.1252,85.2037,13.7949
18.2468,0.785682,0,0.785682,9.66,91.6458,1449,0,0,3123,81.146,85.2232,13.7949
18.2491,0.044689,0,0.044689,9.64,91.5888,78,0,0,3123,81.146,85.2232,13.7937
18.2696,0.05549,0,0.05549,9.64,91.5888,78,0,0,3123,81.146,85.2232,13.7937
18.2724,0.067254,0,0.067254,9.62,91.5317,78,0,0,3123,81.146,85.2232,13.7937
18.2959,1.93087,0,1.93087,9.62,91.5317,1509,3,0,3124,81.1684,85.2446,13.7937
18.2997,0.019449,0,0.019449,9.6,91.4747,78,0,0,3124,81.1684,85.2446,13.7924
18.3239,2.4153,0,2.4153,9.6,91.4747,942,1,0,3125,81.1718,85.2467,13.7924
18.3302,0.14985,0,0.14985,9.58,91.4177,73,0,0,3125,81.1718,85.2467,13.7911
18.3513,0.070919,0,0.070919,9.58,91.4177,73,0,0,3125,81.1718,85.2467,13.7911
18.3587,0.992341,0,0.992341,9.56,91.3606,903,14,0,3126,81.1743,85.2479,13.7911
18.3812,2.85805,0,2.85805,9.56,91.3606,1132,0,0,3127,81.2008,85.2731,13.7898
18.3875,0.110427,0,0.110427,9.54,91.3036,73,0,0,3127,81.2008,85.2731,13.7885
18.409,1.55555,0,1.55555,9.54,91.3036,1973,9,0,3128,81.2452,85.3162,13.7885
18.4146,1.67582,0,1.67582,9.52,91.2465,610,0,0,3129,81.2493,85.319,13.7872
18.4324,0.510137,0,0.510137,9.52,91.2465,953,0,0,3130,81.2514,85.3198,13.7859
18.4352,0.230177,0,0.230177,9.5,91.1895,677,1,0,3131,81.244,85.3111,13.7846
18.4583,1.98666,0,1.98666,9.5,91.1895,1063,2,0,3132,81.2634,85.3289,13.7834
18.4625,0.646124,0,0.646124,9.48,91.1324,1043,42,0,3133,81.2681,85.3323,13.7821
18.4825,0.047008,0,0.047008,9.48,91.1324,97,0,0,3133,81.2681,85.3323,13.7808
18.4859,0.27008,0,0.27008,9.46,91.0754,799,4,0,3134,81.2642,85.3271,13.7808
18.5066,0.696661,0,0.696661,9.46,91.0754,1137,0,0,3135,81.2813,85.3429,13.7795
18.5158,2.75524,0,2.75524,9.44,91.0184,1778,2,0,3136,81.317,85.3772,13.7782
18.5335,0.975932,0,0.975932,9.44,91.0184,852,0,0,3137,81.3146,85.3736,13.7769
18.5397,0.483559,0,0.483559,9.42,90.9613,344,0,0,3138,81.3257,85.3834,13.7757
18.5615,1.70786,0,1.70786,9.42,90.9613,1676,0,0,3139,81.3504,85.4068,13.7744
18.5637,0.005536,0,0.005536,9.4,90.9043,102,0,0,3139,81.3504,85.4068,13.7731
18.5851,0.122798,0,0.122798,9.4,90.9043,102,0,0,3139,81.3504,85.4068,13.7731
18.5887,0.008676,0,0.008676,9.38,90.8472,112,0,0,3139,81.3504,85.4068,13.7731
18.6095,0.39851,0,0.39851,9.38,90.8472,1091,0,0,3140,81.3573,85.4124,13.7731
18.6122,0.519546,0,0.519546,9.36,90.7902,810,4,0,3141,81.3645,85.4183,13.7718
18.6324,0.405176,0,0.405176,9.36,90.7902,358,0,0,3141,81.3645,85.4183,13.7705
18.6354,0.158551,0,0.158551,9.34,90.7332,112,0,0,3141,81.3645,85.4183,13.7705
18.6564,0.545489,0,0.545489,9.34,90.7332,1172,0,0,3142,81.3736,85.4262,13.7705
18.6593,0.775055,0,0.775055,9.32,90.6761,1261,0,0,3143,81.3856,85.4368,13.7692
18.6815,1.53399,0,1.53399,9.32,90.6761,1979,0,0,3144,81.4294,85.4793,13.768
18.684,0.053864,0,0.053864,9.3,90.6191,102,0,0,3144,81.4294,85.4793,13.7667
18.7073,2.8991,0,2.8991,9.3,90.6191,1153,0,0,3145,81.4436,85.4922,13.7667
18.7139,0.837422,0,0.837422,9.28,90.562,1579,0,0,3146,81.4698,85.5172,13.7654
18.7331,0.077227,0,0.077227,9.28,90.562,102,0,0,3146,81.4698,85.5172,13.7641
18.7406,1.09148,0,1.09148,9.26,90.505,1144,30,0,3147,81.4776,85.5237,13.7641
18.76,1.30158,0,1.30158,9.26,90.505,1431,0,0,3148,81.4968,85.5416,13.7629
18.7661,0.039976,0,0.039976,9.24,90.4479,102,0,0,3148,81.4968,85.5416,13.7616
18.787,0.520754,0,0.520754,9.24,90.4479,1003,0,0,3149,81.5056,85.5491,13.7616
18.7898,0.11758,0,0.11758,9.22,90.3909,102,0,0,3149,81.5056,85.5491,13.7603
18.8122,1.934,0,1.934,9.22,90.3909,1672,20,0,3150,81.5311,85.5756,13.7603
18.8149,0.271496,0,0.271496,9.2,90.3339,812,2,0,3151,81.5278,85.5709,13.759
18.8366,1.4178,0,1.4178,9.2,90.3339,1365,0,0,3152,81.5451,85.5869,13.7578
18.8431,1.12698,0,1.12698,9.18,90.2768,969,16,0,3153,81.5639,85.6048,13.7565
18.8666,4.60487,0,4.60487,9.18,90.2768,1637,18,0,3154,81.5904,85.6297,13.7552
18.873,0.061073,0,0.061073,9.16,90.2198,102,0,0,3154,81.5904,85.6297,13.7539
18.8971,4.3859,0,4.3859,9.16,90.2198,2320,0,0,3155,81.6352,85.6732,13.7539
18.9056,2.82593,0,2.82593,9.14,90.1627,1720,2,0,3156,81.6613,85.698,13.7527
18.9237,0.4616,0,0.4616,9.14,90.1627,762,0,0,3157,81.6563,85.6918,13.7514
18.927,0.772855,0,0.772855,9.12,90.1057,1476,0,0,3158,81.6789,85.7131,13.7501
18.9499,2.53904,0,2.53904,9.12,90.1057,1198,4,0,3159,81.6967,85.7297,13.7488
18.9557,0.918751,0,0.918751,9.1,90.0486,920,0,0,3160,81.7076,85.7392,13.7476
18.9771,1.6158,0,1.6158,9.1,90.0486,788,2,0,3161,81.7178,85.7482,13.7463
18.9833,0.977509,0,0.977509,9.08,89.9916,1095,6,0,3162,81.728,85.7571,13.745
19.0033,0.416224,0,0.416224,9.08,89.9916,822,4,0,3163,81.7249,85.7528,13.7438
19.0061,0.497198,0,0.497198,9.06,89.9346,1368,0,0,3164,81.744,85.7705,13.7425
19.0295,3.38422,0,3.38422,9.06,89.9346,1351,0,0,3165,81.77,85.7953,13.7412
19.035,0.911926,0,0.911926,9.04,89.8775,540,1,0,3166,81.7732,85.7972,13.74
19.0554,0.143369,0,0.143369,9.04,89.8775,92,0,0,3166,81.7732,85.7972,13.7387
19.0579,0.021426,0,0.021426,9.02,89.8205,92,0,0,3166,81.7732,85.7972,13.7387
19.0789,0.153509,0,0.153509,9.02,89.8205,92,0,0,3166,81.7732,85.7972,13.7387
19.0816,0.11782,0,0.11782,9,89.7634,92,0,0,3166,81.7732,85.7972,13.7387
19.1034,1.19991,0,1.19991,9,89.7634,1388,1,0,3167,81.7891,85.8118,13.7387
19.5862,480.318,480.21,0.107956,8.98,89.7064,667357,5325,0,3167,81.1519,85.2968,13.7374
19.591,0.014595,0,0.014595,8.96,89.6494,58,0,0,3167,81.1519,85.2968,13.7374
19.6114,0.120308,0,0.120308,8.96,89.6494,58,0,0,3167,81.1519,85.2968,13.7374
19.6149,0.106573,0,0.106573,8.94,89.5923,84,0,0,3167,81.1519,85.2968,13.7374
19.6363,0.709422,0,0.709422,8.94,89.5923,1369,0,0,3168,81.172,85.3157,13.7374
19.6389,0.039254,0,0.039254,8.92,89.5353,58,0,0,3168,81.172,85.3157,13.7362
19.6601,1.02094,0,1.02094,8.92,89.5353,779,0,0,3169,81.1912,85.3335,13.7362
19.6642,0.992,0,0.992,8.9,89.4782,1375,0,0,3170,81.2151,85.3562,13.7349
19.6839,0.916044,0,0.916044,8.9,89.4782,1315,1,0,3171,81.2296,85.3693,13.7336
19.6873,1.00743,0,1.00743,8.88,89.4212,1089,14,0,3172,81.2443,85.3827,13.7324
19.7077,0.708668,0,0.708668,8.88,89.4212,1336,0,0,3173,81.2606,85.3977,13.7311
19.71,0.065755,0,0.065755,8.86,89.3641,58,0,0,3173,81.2606,85.3977,13.7298
19.7314,0.784397,0,0.784397,8.86,89.3641,1438,0,0,3174,81.2836,85.4193,13.7298
19.7353,1.1483,0,1.1483,8.84,89.3071,1247,0,0,3175,81.3153,85.4498,13.7286
19.7551,0.645394,0,0.645394,8.84,89.3071,1083,18,0,3176,81.3221,85.4553,13.7273
19.7591,0.195174,0,0.195174,8.82,89.2501,94,0,0,3176,81.3221,85.4553,13.726
19.78,0.080771,0,0.080771,8.82,89.2501,58,0,0,3176,81.3221,85.4553,13.726
19.7854,0.18056,0,0.18056,8.8,89.193,58,0,0,3176,81.3221,85.4553,13.726
19.8065,0.699351,0,0.699351,8.8,89.193,1293,3,0,3177,81.3365,85.4684,13.726
19.8094,0.489442,0,0.489442,8.78,89.136,1514,0,0,3178,81.3606,85.4912,13.7248
19.8306,0.981647,0,0.981647,8.78,89.136,1730,0,0,3179,81.3945,85.5237,13.7235
19.8331,0.056316,0,0.056316,8.76,89.0789,58,0,0,3179,81.3945,85.5237,13.7223
19.8546,1.12292,0,1.12292,8.76,89.0789,1240,0,0,3180,81.4069,85.5349,13.7223
19.8601,0.163516,0,0.163516,8.74,89.0219,58,0,0,3180,81.4069,85.5349,13.721
19.881,0.463797,0,0.463797,8.74,89.0219,924,0,0,3181,81.4093,85.536,13.721
19.8856,0.757264,0,0.757264,8.72,88.9649,1448,0,0,3182,81.4277,85.5531,13.7197
19.91,2.8719,0,2.8719,8.72,88.9649,1400,0,0,3183,81.4587,85.5828,13.7185
19.9186,0.35618,0,0.35618,8.7,88.9078,68,0,0,3183,81.4587,85.5828,13.7172
19.9383,0.013125,0,0.013125,8.7,88.9078,68,0,0,3183,81.4587,85.5828,13.7172
19.9417,0.072982,0,0.072982,8.68,88.8508,58,0,0,3183,81.4587,85.5828,13.7172
19.9642,1.24727,0,1.24727,8.68,88.8508,1166,0,0,3184,81.4692,85.592,13.7172
19.9681,0.11031,0,0.11031,8.66,88.7937,58,0,0,3184,81.4692,85.592,13.716
19.9884,0.039956,0,0.039956,8.66,88.7937,58,0,0,3184,81.4692,85.592,13.716
19.9909,0.061479,0,0.061479,8.64,88.7367,58,0,0,3184,81.4692,85.592,13.716
20.0135,0.071597,0,0.071597,8.64,88.7367,58,0,0,3184,81.4692,85.592,13.716
20.0179,0.894449,0,0.894449,8.62,88.6796,1278,2,0,3185,81.4819,85.6035,13.716
20.038,0.566696,0,0.566696,8.62,88.6796,815,0,0,3186,81.4956,85.6158,13.7147
20.0408,0.506637,0,0.506637,8.6,88.6226,1462,0,0,3187,81.5143,85.6332,13.7135
20.0617,0.880788,0,0.880788,8.6,88.6226,1040,0,0,3188,81.5417,85.6593,13.7122
20.0656,1.1334,0,1.1334,8.58,88.5656,1340,0,0,3189,81.5854,85.7018,13.7109
20.0856,0.99855,0,0.99855,8.58,88.5656,1984,0,0,3190,81.6295,85.7445,13.7097
20.0886,0.03202,0,0.03202,8.56,88.5085,58,0,0,3190,81.6295,85.7445,13.7084
20.1099,0.709699,0,0.709699,8.56,88.5085,1570,0,0,3191,81.6559,85.7697,13.7084
20.1124,0.074894,0,0.074894,8.54,88.4515,58,0,0,3191,81.6559,85.7697,13.7072
20.134,1.11998,0,1.11998,8.54,88.4515,1759,0,0,3192,81.6942,85.8067,13.7072
20.1376,0.758757,0,0.758757,8.52,88.3944,1676,0,0,3193,81.726,85.8371,13.7059
20.157,0.028471,0,0.028471,8.52,88.3944,58,0,0,3193,81.726,85.8371,13.7047
20.1604,0.59144,0,0.59144,8.5,88.3374,1624,0,0,3194,81.7523,85.8622,13.7047
20.1801,0.413094,0,0.413094,8.5,88.3374,970,0,0,3195,81.7556,85.8642,13.7034
20.1825,0.073049,0,0.073049,8.48,88.2803,48,0,0,3195,81.7556,85.8642,13.7022
20.2031,0.009363,0,0.009363,8.48,88.2803,48,0,0,3195,81.7556,85.8642,13.7022
20.2055,0.064778,0,0.064778,8.46,88.2233,48,0,0,3195,81.7556,85.8642,13.7022
20.226,0.027583,0,0.027583,8.46,88.2233,48,0,0,3195,81.7556,85.8642,13.7022
20.2284,0.20059,0,0.20059,8.44,88.1663,378,0,0,3195,81.7556,85.8642,13.7022
20.2484,0.042754,0,0.042754,8.44,88.1663,48,0,0,3195,81.7556,85.8642,13.7022
20.2519,1.2065,0,1.2065,8.42,88.1092,1548,0,0,3196,81.7926,85.8999,13.7022
20.2714,0.067692,0,0.067692,8.42,88.1092,48,0,0,3196,81.7926,85.8999,13.7009
20.2743,0.671344,0,0.671344,8.4,88.0522,1619,0,0,3197,81.8236,85.9296,13.7009
20.2946,0.40685,0,0.40685,8.4,88.0522,841,0,0,3198,81.824,85.9287,13.6997
20.2972,0.333566,0,0.333566,8.38,87.9951,868,2,0,3199,81.824,85.9275,13.6984
20.3186,1.48491,0,1.48491,8.38,87.9951,1934,0,0,3200,81.8681,85.9703,13.6972
20.3216,0.076773,0,0.076773,8.36,87.9381,48,0,0,3200,81.8681,85.9703,13.6959
20.3433,0.775599,0,0.775599,8.36,87.9381,1288,3,0,3201,81.8825,85.9834,13.6959
20.3456,0.323452,0,0.323452,8.34,87.8811,1018,5,0,3202,81.8873,85.9869,13.6947
20.367,1.04719,0,1.04719,8.34,87.8811,1581,2,0,3203,81.9157,86.014,13.6934
20.37,0.675058,0,0.675058,8.32,87.824,1459,1,0,3204,81.9348,86.0318,13.6922
20.3906,0.645247,0,0.645247,8.32,87.824,1148,11,0,3205,81.9441,86.0399,13.6909
20.393,0.048562,0,0.048562,8.3,87.767,48,0,0,3205,81.9441,86.0399,13.6897
20.4138,0.629772,0,0.629772,8.3,87.767,1108,7,0,3206,81.952,86.0465,13.6897
20.417,0.052389,0,0.052389,8.28,87.7099,48,0,0,3206,81.952,86.0465,13.6884
20.4386,0.843875,0,0.843875,8.28,87.7099,1248,0,0,3207,81.9651,86.0583,13.6884
20.4418,0.560269,0,0.560269,8.26,87.6529,1523,0,0,3208,81.9928,86.0848,13.6872
20.4635,1.24482,0,1.24482,8.26,87.6529,1353,0,0,3209,82.0168,86.1075,13.6859
20.4682,0.117515,0,0.117515,8.24,87.5958,48,0,0,3209,82.0168,86.1075,13.6847
20.4896,0.877342,0,0.877342,8.24,87.5958,1864,0,0,3210,82.052,86.1414,13.6847
20.4924,0.297829,0,0.297829,8.22,87.5388,738,15,0,3211,82.048,86.1361,13.6834
20.5125,0.137121,0,0.137121,8.22,87.5388,48,0,0,3211,82.048,86.1361,13.6822
20.8744,359.048,358.958,0.089607,8.2,87.4818,533139,2757,0,3211,81.7901,85.9707,13.6822
20.8774,0.00827,0,0.00827,8.18,87.4247,48,0,0,3211,81.7901,85.9707,13.6822
20.8986,0.693519,0,0.693519,8.18,87.4247,1538,0,0,3212,81.8197,85.9991,13.6822
20.9007,0.060239,0,0.060239,8.16,87.3677,58,0,0,3212,81.8197,85.9991,13.6809
20.9221,0.594661,0,0.594661,8.16,87.3677,1298,8,0,3213,81.8332,86.0112,13.6809
20.9247,0.473991,0,0.473991,8.14,87.3106,1466,0,0,3214,81.8587,86.0355,13.6797
20.9457,1.18208,0,1.18208,8.14,87.3106,1680,0,0,3215,81.8918,86.0672,13.6785
20.949,0.091207,0,0.091207,8.12,87.2536,48,0,0,3215,81.8918,86.0672,13.6772
20.9702,0.611962,0,0.611962,8.12,87.2536,1071,0,0,3216,81.9045,86.0787,13.6772
20.9743,1.27618,0,1.27618,8.1,87.1965,1164,42,0,3217,81.9164,86.0886,13.676
20.9944,0.676074,0,0.676074,8.1,87.1965,1480,0,0,3218,81.9375,86.1085,13.6747
20.9977,0.979903,0,0.979903,8.08,87.1395,1371,0,0,3219,81.9661,86.1358,13.6735
21.0185,0.865562,0,0.865562,8.08,87.1395,1404,0,0,3220,81.9835,86.1519,13.6722
21.0217,0.665528,0,0.665528,8.06,87.0825,1438,2,0,3221,82.0012,86.1683,13.671
21.0415,0.080895,0,0.080895,8.06,87.0825,48,0,0,3221,82.0012,86.1683,13.6698
21.0448,0.078983,0,0.078983,8.04,87.0254,58,0,0,3221,82.0012,86.1683,13.6698
21.0675,1.33144,0,1.33144,8.04,87.0254,1606,0,0,3222,82.0264,86.1921,13.6698
21.0727,0.056157,0,0.056157,8.02,86.9684,54,0,0,3222,82.0264,86.1921,13.6685
21.094,0.019578,0,0.019578,8.02,86.9684,54,0,0,3222,82.0264,86.1921,13.6685
21.1015,1.8526,0,1.8526,8,86.9113,1762,0,0,3223,82.0676,86.2321,13.6685
21.1214,0.257936,0,0.257936,8,86.9113,68,0,0,3223,82.0676,86.2321,13.6673
21.129,1.57812,0,1.57812,7.98,86.8543,900,0,0,3224,82.0816,86.2447,13.6673
21.1487,0.765005,0,0.765005,7.98,86.8543,1590,0,0,3225,82.1036,86.2654,13.6661
21.154,1.06018,0,1.06018,7.96,86.7973,1230,4,0,3226,82.1144,86.275,13.6648
21.1735,0.169857,0,0.169857,7.96,86.7973,60,0,0,3226,82.1144,86.275,13.6636
21.1785,0.701118,0,0.701118,7.94,86.7402,739,0,0,3227,82.1295,86.2888,13.6636
21.1995,0.151967,0,0.151967,7.94,86.7402,110,0,0,3227,82.1295,86.2888,13.6623
21.2066,1.3704,0,1.3704,7.92,86.6832,1460,0,0,3228,82.1478,86.3058,13.6623
21.2272,0.779433,0,0.779433,7.92,86.6832,960,0,0,3229,82.1505,86.3072,13.6611
21.2339,1.08934,0,1.08934,7.9,86.6261,802,0,0,3230,82.1492,86.3046,13.6599
21.2535,0.109748,0,0.109748,7.9,86.6261,50,0,0,3230,82.1492,86.3046,13.6586
21.2559,0.050156,0,0.050156,7.88,86.5691,40,0,0,3230,82.1492,86.3046,13.6586
21.2775,1.37311,0,1.37311,7.88,86.5691,1196,0,0,3231,82.1668,86.321,13.6586
21.2804,0.039868,0,0.039868,7.86,86.512,40,0,0,3231,82.1668,86.321,13.6574
21.3013,0.76095,0,0.76095,7.86,86.512,760,5,0,3232,82.1637,86.3165,13.6574
21.3082,2.0855,0,2.0855,7.84,86.455,1046,56,0,3233,82.1714,86.3229,13.6562
21.3283,0.700347,0,0.700347,7.84,86.455,690,0,0,3234,82.166,86.3163,13.6549
21.3348,0.149654,0,0.149654,7.82,87.1326,20,0,0,3234,82.166,86.3163,13.6537
21.3574,1.43771,0,1.43771,7.82,87.1326,1380,0,0,3235,82.1824,86.3314,13.6537
21.3657,1.87539,0,1.87539,7.8,87.0398,1192,0,0,3236,82.1931,86.3409,13.6525
21.386,0.91211,0,0.91211,7.8,87.0398,1358,0,0,3237,82.2085,86.355,13.6512
21.3941,2.7458,0,2.7458,7.78,86.947,1008,0,0,3238,82.2313,86.3765,13.65
21.4131,1.68989,0,1.68989,7.78,86.947,1141,0,0,3239,82.2485,86.3924,13.6488
21.707,287.455,286.896,0.55924,7.76,86.8541,416230,5130,0,3240,81.975,86.1932,13.6475
21.7102,0.054928,0,0.054928,7.74,86.7613,40,0,0,3240,81.975,86.1932,13.6463
21.73,0.12658,0,0.12658,7.74,86.7613,40,0,0,3240,81.975,86.1932,13.6463
21.7327,0.065921,0,0.065921,7.72,86.6685,40,0,0,3240,81.975,86.1932,13.6463
21.7541,0.609071,0,0.609071,7.72,86.6685,1387,0,0,3241,81.9957,86.2126,13.6463
21.7569,0.48503,0,0.48503,7.7,86.5757,1310,37,0,3242,82.0096,86.2252,13.6451
21.7782,1.05267,0,1.05267,7.7,86.5757,1026,4,0,3243,82.0345,86.2488,13.6438
21.7814,0.536688,0,0.536688,7.68,86.4828,1386,2,0,3244,82.0509,86.2639,13.6426
21.8011,0.014972,0,0.014972,7.68,86.4828,45,0,0,3244,82.0509,86.2639,13.6414
21.8037,0.006822,0,0.006822,7.66,86.39,45,0,0,3244,82.0509,86.2639,13.6414
21.8254,0.838235,0,0.838235,7.66,86.39,1741,0,0,3245,82.0792,86.2909,13.6414
21.8287,0.099635,0,0.099635,7.64,86.2972,45,0,0,3245,82.0792,86.2909,13.6402
21.8501,0.688375,0,0.688375,7.64,86.2972,1463,4,0,3246,82.0986,86.309,13.6402
21.8535,1.12106,0,1.12106,7.62,86.2043,2037,0,0,3247,82.1423,86.3514,13.6389
21.8733,0.790597,0,0.790597,7.62,86.2043,1415,20,0,3248,82.1592,86.367,13.6377
21.8776,0.761328,0,0.761328,7.6,86.1115,1812,0,0,3249,82.1967,86.4032,13.6365
21.8974,0.773209,0,0.773209,7.6,86.1115,1602,0,0,3250,82.2203,86.4255,13.6353
21.9006,0.1117,0,0.1117,7.58,86.0187,45,0,0,3250,82.2203,86.4255,13.634
21.922,0.76441,0,0.76441,7.58,86.0187,1403,0,0,3251,82.239,86.4429,13.634
21.9266,1.23095,0,1.23095,7.56,85.9259,1887,2,0,3252,82.2771,86.4797,13.6328
21.9462,0.077317,0,0.077317,7.56,85.9259,45,0,0,3252,82.2771,86.4797,13.6316
21.9486,0.032438,0,0.032438,7.54,85.833,55,0,0,3252,82.2771,86.4797,13.6316
21.9713,2.2556,0,2.2556,7.54,85.833,1195,4,0,3253,82.2868,86.4879,13.6316
21.978,0.561712,0,0.561712,7.52,85.7402,1095,6,0,3254,82.2938,86.4935,13.6304
22.0002,3.00481,0,3.00481,7.52,85.7402,1569,0,0,3255,82.3315,86.53,13.6291
22.0082,1.19968,0,1.19968,7.5,85.6474,1498,0,0,3256,82.3517,86.5488,13.6279
22.0265,0.140625,0,0.140625,7.5,85.6474,45,0,0,3256,82.3517,86.5488,13.6267
22.0337,1.42699,0,1.42699,7.48,85.5545,1641,0,0,3257,82.377,86.5729,13.6267
22.0535,0.587375,0,0.587375,7.48,85.5545,1320,1,0,3258,82.3913,86.5859,13.6255
22.0557,0.055233,0,0.055233,7.46,85.4617,35,0,0,3258,82.3913,86.5859,13.6242
22.0765,0.029326,0,0.029326,7.46,85.4617,35,0,0,3258,82.3913,86.5859,13.6242
22.0791,0.21802,0,0.21802,7.44,85.3689,613,0,0,3259,82.3842,86.5775,13.6242
22.0994,0.065829,0,0.065829,7.44,85.3689,35,0,0,3259,82.3842,86.5775,13.623
22.1056,0.109144,0,0.109144,7.42,85.276,195,0,0,3259,82.3842,86.5775,13.623
22.1265,1.19964,0,1.19964,7.42,85.276,1187,4,0,3260,82.3948,86.5862,13.623
22.133,0.700086,0,0.700086,7.4,85.1832,795,28,0,3261,82.3928,86.583,13.6218
22.1539,0.926451,0,0.926451,7.4,85.1832,1745,1,0,3262,82.42,86.6088,13.6206
22.1591,1.03055,0,1.03055,7.38,85.0904,1297,0,0,3263,82.4337,86.6212,13.6194
22.1799,1.22052,0,1.22052,7.38,85.0904,1003,0,0,3264,82.4409,86.6271,13.6181
22.1847,0.035843,0,0.035843,7.36,84.9976,35,0,0,3264,82.4409,86.6271,13.6169
22.2055,0.039768,0,0.039768,7.36,84.9976,35,0,0,3264,82.4409,86.6271,13.6169
22.2077,0.012065,0,0.012065,7.34,84.9047,35,0,0,3264,82.4409,86.6271,13.6169
22.2294,1.16691,0,1.16691,7.34,84.9047,1205,5,0,3265,82.4515,86.6364,13.6169
22.2351,0.894255,0,0.894255,7.32,84.8119,1215,0,0,3266,82.4623,86.6461,13.6157
22.2564,0.888099,0,0.888099,7.32,84.8119,1075,51,0,3267,82.4689,86.6514,13.6145
22.2605,0.008364,0,0.008364,7.3,84.7191,35,0,0,3267,82.4689,86.6514,13.6133
22.2825,0.216726,0,0.216726,7.3,84.7191,35,0,0,3267,82.4689,86.6514,13.6133
22.2892,0.876124,0,0.876124,7.28,84.6262,845,10,0,3268,82.4685,86.6496,13.6133
22.3099,0.119183,0,0.119183,7.28,84.6262,35,0,0,3268,82.4685,86.6496,13.612
22.3166,0.106791,0,0.106791,7.26,84.5334,35,0,0,3268,82.4685,86.6496,13.612
22.3381,1.01924,0,1.01924,7.26,84.5334,1939,0,0,3269,82.5115,86.6913,13.612
22.3467,3.07013,0,3.07013,7.24,84.4406,1387,0,0,3270,82.533,86.7116,13.6108
22.3658,2.08094,0,2.08094,7.24,84.4406,1838,0,0,3271,82.5662,86.7435,13.6096
22.3699,0.564518,0,0.564518,7.22,84.3478,1557,0,0,3272,82.5944,86.7705,13.6084
22.3915,2.04622,0,2.04622,7.22,84.3478,1347,1,0,3273,82.6114,86.7861,13.6072
22.3988,1.94441,0,1.94441,7.2,84.2549,1305,1,0,3274,82.6258,86.7993,13.606
22.4185,0.13283,0,0.13283,7.2,84.2549,35,0,0,3274,82.6258,86.7993,13.6048
22.4255,0.990281,0,0.990281,7.18,84.1621,1335,14,0,3275,82.6403,86.8125,13.6048
22.4469,1.40195,0,1.40195,7.18,84.1621,1324,2,0,3276,82.6569,86.8278,13.6035
22.4522,0.554859,0,0.554859,7.16,84.0693,645,12,0,3277,82.6503,86.82,13.6023
22.4729,0.109667,0,0.109667,7.16,84.0693,35,0,0,3277,82.6503,86.82,13.6011
22.4793,1.28243,0,1.28243,7.14,83.9764,737,2,0,3278,82.6568,86.8249,13.6011
22.4995,1.22821,0,1.22821,7.14,83.9764,1005,2,0,3279,82.6612,86.828,13.5999
22.5053,2.1029,0,2.1029,7.12,83.8836,1942,2,0,3280,82.7079,86.8732,13.5987
22.5243,1.86779,0,1.86779,7.12,83.8836,2111,0,0,3281,82.7504,86.9144,13.5975
22.5271,0.343369,0,0.343369,7.1,83.7908,1045,18,0,3282,82.7559,86.9186,13.5963
22.5499,1.82154,0,1.82154,7.1,83.7908,1684,0,0,3283,82.7874,86.9488,13.5951
22.5548,0.882431,0,0.882431,7.08,83.6979,1067,0,0,3284,82.8063,86.9665,13.5938
22.5767,1.49377,0,1.49377,7.08,83.6979,1591,0,0,3285,82.8307,86.9896,13.5926
22.5839,1.40049,0,1.40049,7.06,83.6051,1501,0,0,3286,82.8564,87.014,13.5914
22.6039,0.182922,0,0.182922,7.06,83.6051,35,0,0,3286,82.8564,87.014,13.5902
22.6123,2.54489,0,2.54489,7.04,83.5123,1256,0,0,3287,82.882,87.0383,13.5902
22.6309,0.940076,0,0.940076,7.04,83.5123,935,4,0,3288,82.8841,87.0392,13.589
22.6351,0.17044,0,0.17044,7.02,83.4195,45,0,0,3288,82.8841,87.0392,13.5878
22.6553,0.198851,0,0.198851,7.02,83.4195,45,0,0,3288,82.8841,87.0392,13.5878
22.6632,2.12132,0,2.12132,7,83.3266,863,0,0,3289,82.8933,87.0471,13.5878
22.6822,0.464482,0,0.464482,7,83.3266,795,17,0,3290,82.8909,87.0435,13.5866
22.6852,0.632979,0,0.632979,6.98,83.2338,1475,18,0,3291,82.9091,87.0605,13.5854
22.7053,0.047452,0,0.047452,6.98,83.2338,45,0,0,3291,82.9091,87.0605,13.5842
22.7077,0.006933,0,0.006933,6.96,83.141,45,0,0,3291,82.9091,87.0605,13.5842
22.7284,0.133212,0,0.133212,6.96,83.141,45,0,0,3291,82.9091,87.0605,13.5842
22.7352,0.199718,0,0.199718,6.94,83.0481,35,0,0,3291,82.9091,87.0605,13.5842
22.7545,0.135846,0,0.135846,6.94,83.0481,35,0,0,3291,82.9091,87.0605,13.5842
22.7625,2.17996,0,2.17996,6.92,82.9553,1015,0,0,3292,82.9137,87.0638,13.5842
22.7821,1.19314,0,1.19314,6.92,82.9553,909,0,0,3293,82.9271,87.0759,13.583
22.7881,0.190773,0,0.190773,6.9,82.8625,85,0,0,3293,82.9271,87.0759,13.5818
22.8093,0.431439,0,0.431439,6.9,82.8625,865,8,0,3294,82.9271,87.0747,13.5818
22.8123,0.380739,0,0.380739,6.88,82.7697,913,0,0,3295,82.9308,87.0771,13.5806
22.8334,0.020063,0,0.020063,6.88,82.7697,35,0,0,3295,82.9308,87.0771,13.5794
22.8405,1.29931,0,1.29931,6.86,82.6768,1465,3,0,3296,82.949,87.0941,13.5794
22.8604,1.1374,0,1.1374,6.86,82.6768,1040,0,0,3297,82.9666,87.1104,13.5782
22.8705,2.52387,0,2.52387,6.84,82.584,1846,2,0,3298,83.0012,87.144,13.577
22.8885,1.39013,0,1.39013,6.84,82.584,727,3,0,3299,83.0142,87.1558,13.5758
22.8931,1.62921,0,1.62921,6.82,82.4912,1105,2,0,3300,83.0218,87.1621,13.5746
22.9122,0.05924,0,0.05924,6.82,82.4912,45,0,0,3300,83.0218,87.1621,13.5733
22.9155,0.030081,0,0.030081,6.8,82.3983,45,0,0,3300,83.0218,87.1621,13.5733
22.9369,0.052748,0,0.052748,6.8,82.3983,45,0,0,3300,83.0218,87.1621,13.5733
22.9399,0.406412,0,0.406412,6.78,82.3055,1296,5,0,3301,83.0348,87.1739,13.5733
22.9601,0.460455,0,0.460455,6.78,82.3055,1249,0,0,3302,83.0488,87.1866,13.5721
22.9631,0.053413,0,0.053413,6.76,82.2127,50,0,0,3302,83.0488,87.1866,13.5709
22.9838,0.987231,0,0.987231,6.76,82.2127,1455,2,0,3303,83.0787,87.215,13.5709
22.9882,0.110199,0,0.110199,6.74,82.1198,50,0,0,3303,83.0787,87.215,13.5697
23.0111,1.43538,0,1.43538,6.74,82.1198,1352,3,0,3304,83.0938,87.2288,13.5697
23.0167,0.161613,0,0.161613,6.72,82.027,50,0,0,3304,83.0938,87.2288,13.5685
23.0381,0.699853,0,0.699853,6.72,82.027,720,5,0,3305,83.089,87.2227,13.5685
23.044,0.655613,0,0.655613,6.7,81.9342,1503,2,0,3306,83.108,87.2405,13.5673
23.0648,0.669606,0,0.669606,6.7,81.9342,499,0,0,3307,83.1204,87.2516,13.5661
23.068,0.669148,0,0.669148,6.68,81.8414,1969,0,0,3308,83.1596,87.2896,13.5649
23.0887,0.954008,0,0.954008,6.68,81.8414,846,0,0,3309,83.1593,87.288,13.5638
23.092,0.310724,0,0.310724,6.66,81.7485,980,22,0,3310,83.1622,87.2897,13.5626
23.1138,0.500665,0,0.500665,6.66,81.7485,600,0,0,3311,83.1537,87.28,13.5614
23.1191,0.160495,0,0.160495,6.64,81.6557,50,0,0,3311,83.1537,87.28,13.5602
23.1403,0.073185,0,0.073185,6.64,81.6557,50,0,0,3311,83.1537,87.28,13.5602
23.1482,2.27652,0,2.27652,6.62,81.5629,1901,2,0,3312,83.1938,87.3191,13.5602
23.1673,0.665312,0,0.665312,6.62,81.5629,1525,0,0,3313,83.2134,87.3375,13.559
23.1705,0.818889,0,0.818889,6.6,81.47,1638,0,0,3314,83.2411,87.3639,13.5578
23.1902,0.12055,0,0.12055,6.6,81.47,50,0,0,3314,83.2411,87.3639,13.5566
23.1964,0.779575,0,0.779575,6.58,81.3772,1461,3,0,3315,83.2588,87.3804,13.5566
23.2153,0.15906,0,0.15906,6.58,81.3772,50,0,0,3315,83.2588,87.3804,13.5554
23.2199,0.017063,0,0.017063,6.56,81.2844,50,0,0,3315,83.2588,87.3804,13.5554
23.2433,2.8116,0,2.8116,6.56,81.2844,1410,0,0,3316,83.2747,87.3951,13.5554
23.25,0.834777,0,0.834777,6.54,81.1916,990,20,0,3317,83.278,87.397,13.5542
23.2705,0.65778,0,0.65778,6.54,81.1916,751,0,0,3318,83.2761,87.3939,13.553
23.2731,0.359657,0,0.359657,6.52,81.0987,730,0,0,3319,83.2721,87.3887,13.5518
23.2945,0.610905,0,0.610905,6.52,81.0987,1294,0,0,3320,83.2852,87.4006,13.5506
23.2977,0.718516,0,0.718516,6.5,81.0059,1664,0,0,3321,83.3258,87.4399,13.5494
23.3174,0.106997,0,0.106997,6.5,81.0059,30,0,0,3321,83.3258,87.4399,13.5482
23.3214,0.337944,0,0.337944,6.48,80.9131,542,0,0,3321,83.3258,87.4399,13.5482
23.3428,0.51654,0,0.51654,6.48,80.9131,540,8,0,3322,83.3161,87.429,13.5482
23.3483,0.015643,0,0.015643,6.46,80.8202,30,0,0,3322,83.3161,87.429,13.547
23.37,1.09984,0,1.09984,6.46,80.8202,866,4,0,3323,83.3304,87.4418,13.547
23.3764,1.25455,0,1.25455,6.44,80.7274,1404,0,0,3324,83.3487,87.4588,13.5458
23.3986,2.28829,0,2.28829,6.44,80.7274,2063,0,0,3325,83.391,87.4998,13.5446
23.4059,1.8277,0,1.8277,6.42,80.6346,1854,2,0,3326,83.426,87.5337,13.5434
23.4243,0.183975,0,0.183975,6.42,80.6346,30,0,0,3326,83.426,87.5337,13.5423
23.4322,1.151,0,1.151,6.4,80.5417,1620,0,0,3327,83.4563,87.5627,13.5423
23.4503,0.10232,0,0.10232,6.4,80.5417,30,0,0,3327,83.4563,87.5627,13.5411
23.4533,0.271889,0,0.271889,6.38,80.4489,750,2,0,3328,83.4528,87.558,13.5411
23.4761,1.59645,0,1.59645,6.38,80.4489,1574,26,0,3329,83.4743,87.5783,13.5399
23.4823,0.58996,0,0.58996,6.36,80.3561,1308,0,0,3330,83.488,87.5907,13.5387
23.5029,0.250194,0,0.250194,6.36,80.3561,30,0,0,3330,83.488,87.5907,13.5375
23.5097,1.07511,0,1.07511,6.34,80.2633,1528,0,0,3331,83.5215,87.6229,13.5375
23.5319,1.57524,0,1.57524,6.34,80.2633,1787,0,0,3332,83.5546,87.6549,13.5363
23.5392,1.13053,0,1.13053,6.32,80.1704,1190,1,0,3333,83.5644,87.6634,13.5351
23.5587,0.01153,0,0.01153,6.32,80.1704,30,0,0,3333,83.5644,87.6634,13.5339
23.5644,1.05617,0,1.05617,6.3,80.0776,1070,7,0,3334,83.5705,87.6683,13.5339
23.5858,2.27974,0,2.27974,6.3,80.0776,1611,0,0,3335,83.6036,87.7001,13.5328
23.5958,2.12355,0,2.12355,6.28,79.9848,1906,0,0,3336,83.6409,87.7362,13.5316
23.6128,0.189504,0,0.189504,6.28,79.9848,84,0,0,3336,83.6409,87.7362,13.5304
23.6161,0.512562,0,0.512562,6.26,79.8919,500,0,0,3337,83.6299,87.724,13.5304
23.6367,0.436942,0,0.436942,6.26,79.8919,840,1,0,3338,83.6291,87.722,13.5292
23.9373,298.126,297.898,0.227862,6.24,79.7991,576481,922,0,3338,83.1917,87.4194,13.528
23.941,0.41566,0,0.41566,6.22,79.7063,1170,28,0,3339,83.201,87.4274,13.528
23.9619,0.739523,0,0.739523,6.22,79.7063,1659,0,0,3340,83.2257,87.4509,13.5268
23.9644,0.088782,0,0.088782,6.2,79.6135,30,0,0,3340,83.2257,87.4509,13.5256
23.9848,0.309502,0,0.309502,6.2,79.6135,860,4,0,3341,83.2257,87.4496,13.5256
23.9877,0.094622,0,0.094622,6.18,79.5206,30,0,0,3341,83.2257,87.4496,13.5245
24.0074,0.08225,0,0.08225,6.18,79.5206,30,0,0,3341,83.2257,87.4496,13.5245
24.01,0.062059,0,0.062059,6.16,79.4278,30,0,0,3341,83.2257,87.4496,13.5245
24.0309,0.063937,0,0.063937,6.16,79.4278,30,0,0,3341,83.2257,87.4496,13.5245
24.0331,0.032826,0,0.032826,6.14,79.335,30,0,0,3341,83.2257,87.4496,13.5245
24.0547,0.590878,0,0.590878,6.14,79.335,1301,4,0,3342,83.2391,87.4617,13.5245
24.0571,0.266407,0,0.266407,6.12,79.2421,860,0,0,3343,83.239,87.4604,13.5233
24.078,0.992409,0,0.992409,6.12,79.2421,1374,2,0,3344,83.2551,87.4752,13.5221
24.081,0.562361,0,0.562361,6.1,79.1493,1585,0,0,3345,83.2798,87.4987,13.5209
24.1017,0.330283,0,0.330283,6.1,79.1493,225,0,0,3345,83.2798,87.4987,13.5197
24.1046,0.566359,0,0.566359,6.08,79.0565,1492,9,0,3346,83.2983,87.5146,13.5197
24.126,1.02763,0,1.02763,6.08,79.0565,1878,0,0,3347,83.3304,87.5456,13.5186
24.1287,0.38772,0,0.38772,6.06,78.9636,1230,19,0,3348,83.3414,87.5553,13.5174
24.1497,0.982131,0,0.982131,6.06,78.9636,1350,17,0,3349,83.3559,87.5685,13.5162
24.1536,0.431033,0,0.431033,6.04,78.8708,1280,12,0,3350,83.3684,87.5797,13.515
24.173,0.094258,0,0.094258,6.04,78.8708,30,0,0,3350,83.3684,87.5797,13.5138
24.1781,0.078289,0,0.078289,6.02,78.778,40,0,0,3350,83.3684,87.5797,13.5138
24.2004,1.59327,0,1.59327,6.02,78.778,1715,0,0,3351,83.3936,87.6037,13.5138
24.2063,0.117435,0,0.117435,6,78.6852,40,0,0,3351,83.3936,87.6037,13.5127
24.2289,1.28974,0,1.28974,6,78.6852,1349,2,0,3352,83.4081,87.6169,13.5127
24.2328,0.749772,0,0.749772,5.98,78.5923,1020,1,0,3353,83.4125,87.62,13.5115
24.253,0.08726,0,0.08726,5.98,78.5923,40,0,0,3353,83.4125,87.62,13.5103
24.2555,0.028252,0,0.028252,5.96,78.4995,40,0,0,3353,83.4125,87.62,13.5103
24.2771,1.12396,0,1.12396,5.96,78.4995,1240,9,0,3354,83.4234,87.6297,13.5103
24.2857,1.7716,0,1.7716,5.94,78.4067,1920,4,0,3355,83.456,87.6617,13.5091
24.3039,0.099362,0,0.099362,5.94,78.4067,40,0,0,3355,83.456,87.6617,13.5079
24.3103,0.223625,0,0.223625,5.92,78.3138,190,0,0,3355,83.456,87.6617,13.5079
24.3318,0.973192,0,0.973192,5.92,78.3138,1760,0,0,3356,83.4821,87.6865,13.5079
24.3374,0.063908,0,0.063908,5.9,78.221,50,0,0,3356,83.4821,87.6865,13.5068
24.3586,0.598264,0,0.598264,5.9,78.221,1371,2,0,3357,83.4969,87.7,13.5068
24.3636,1.49033,0,1.49033,5.88,78.1282,1755,0,0,3358,83.5331,87.735,13.5056
24.3828,0.011683,0,0.011683,5.88,78.1282,50,0,0,3358,83.5331,87.735,13.5044
24.3876,1.94178,0,1.94178,5.86,78.0354,2012,1,0,3359,83.5668,87.7675,13.5044
24.4068,0.914413,0,0.914413,5.86,78.0354,940,15,0,3360,83.5685,87.7679,13.5032
24.411,0.140861,0,0.140861,5.84,77.9425,50,0,0,3360,83.5685,87.7679,13.5021
24.4333,0.998917,0,0.998917,5.84,77.9425,1178,0,0,3361,83.5781,87.7763,13.5021
24.4376,0.086166,0,0.086166,5.82,77.8497,50,0,0,3361,83.5781,87.7763,13.5009
24.4584,0.071373,0,0.071373,5.82,77.8497,50,0,0,3361,83.5781,87.7763,13.5009
24.4649,2.12637,0,2.12637,5.8,77.7569,1323,3,0,3362,83.5913,87.7882,13.5009
24.4863,2.0238,0,2.0238,5.8,77.7569,2019,2,0,3363,83.6259,87.8216,13.4997
24.4932,1.30736,0,1.30736,5.78,77.5586,1615,1,0,3364,83.6492,87.8436,13.4985
24.5122,0.079417,0,0.079417,5.78,77.5586,40,0,0,3364,83.6492,87.8436,13.4974
24.5213,2.13729,0,2.13729,5.76,77.3351,1995,0,0,3365,83.6829,87.8761,13.4974
24.5393,0.914415,0,0.914415,5.76,77.3351,1149,2,0,3366,83.6996,87.8913,13.4962
24.5419,0.008627,0,0.008627,5.74,77.1115,40,0,0,3366,83.6996,87.8913,13.495
24.5647,1.47743,0,1.47743,5.74,77.1115,1732,19,0,3367,83.7259,87.9174,13.495
24.5685,0.054204,0,0.054204,5.72,76.888,40,0,0,3367,83.7259,87.9174,13.4939
24.5894,0.307579,0,0.307579,5.72,76.888,50,0,0,3367,83.7259,87.9174,13.4939
24.5965,1.53002,0,1.53002,5.7,76.6644,1850,0,0,3368,83.7548,87.9451,13.4939
24.6157,0.066349,0,0.066349,5.7,76.6644,40,0,0,3368,83.7548,87.9451,13.4927
24.6203,1.16291,0,1.16291,5.68,76.4408,1480,2,0,3369,83.7723,87.9614,13.4927
24.6401,0.901986,0,0.901986,5.68,76.4408,1637,0,0,3370,83.803,87.9908,13.4915
24.6444,0.146137,0,0.146137,5.66,76.2173,40,0,0,3370,83.803,87.9908,13.4903
24.6655,0.064553,0,0.064553,5.66,76.2173,40,0,0,3370,83.803,87.9908,13.4903
24.7313,63.0595,62.7482,0.311317,5.64,75.9937,107093,179,0,3371,83.6995,87.9155,13.4903
24.7346,0.484603,0,0.484603,5.62,75.7701,945,0,0,3372,83.7014,87.9161,13.4892
24.7545,0.052753,0,0.052753,5.62,75.7701,50,0,0,3372,83.7014,87.9161,13.488
24.7579,0.868978,0,0.868978,5.6,75.5466,1944,0,0,3373,83.7344,87.9478,13.488
24.7784,0.543298,0,0.543298,5.6,75.5466,1220,2,0,3374,83.7442,87.9564,13.4868
24.7814,0.008178,0,0.008178,5.58,75.323,40,0,0,3374,83.7442,87.9564,13.4857
24.8023,0.60839,0,0.60839,5.58,75.323,1230,7,0,3375,83.7547,87.9656,13.4857
24.8063,0.469894,0,0.469894,5.56,75.0995,1020,6,0,3376,83.7589,87.9686,13.4845
24.8276,0.939989,0,0.939989,5.56,75.0995,1415,1,0,3377,83.7749,87.9834,13.4833
24.8307,0.05625,0,0.05625,5.54,74.8759,40,0,0,3377,83.7749,87.9834,13.4822
24.8528,1.15732,0,1.15732,5.54,74.8759,509,0,0,3378,83.7937,88.0009,13.4822
24.8554,0.030628,0,0.030628,5.52,74.6523,40,0,0,3378,83.7937,88.0009,13.481
24.8757,0.05546,0,0.05546,5.52,74.6523,40,0,0,3378,83.7937,88.0009,13.481
24.8829,1.36476,0,1.36476,5.5,74.4288,1323,4,0,3379,83.8136,88.0195,13.481
24.9013,0.565387,0,0.565387,5.5,74.4288,1250,0,0,3380,83.8246,88.0293,13.4798
24.9042,0.431938,0,0.431938,5.48,74.2052,1480,0,0,3381,83.8424,88.0458,13.4787
24.9253,0.629306,0,0.629306,5.48,74.2052,1400,1,0,3382,83.8578,88.06,13.4775
24.9297,0.73905,0,0.73905,5.46,73.9816,1552,0,0,3383,83.8806,88.0816,13.4763
24.9519,1.51797,0,1.51797,5.46,73.9816,1810,6,0,3384,83.9081,88.1079,13.4752
24.9547,0.070872,0,0.070872,5.44,73.7581,50,0,0,3384,83.9081,88.1079,13.474
24.9753,0.19832,0,0.19832,5.44,73.7581,50,0,0,3384,83.9081,88.1079,13.474
24.9816,0.148302,0,0.148302,5.42,73.5345,50,0,0,3384,83.9081,88.1079,13.474
25.0007,0.107428,0,0.107428,5.42,73.5345,50,0,0,3384,83.9081,88.1079,13.474
25.0079,1.5958,0,1.5958,5.4,73.311,928,0,0,3385,83.9244,88.1229,13.474
25.0276,0.02175,0,0.02175,5.4,73.311,50,0,0,3385,83.9244,88.1229,13.4728
25.0313,0.637707,0,0.637707,5.38,73.0874,1557,0,0,3386,83.9451,88.1424,13.4728
25.0517,0.049559,0,0.049559,5.38,73.0874,40,0,0,3386,83.9451,88.1424,13.4717
25.055,0.69141,0,0.69141,5.36,72.8638,2158,0,0,3387,83.9838,88.1798,13.4717
25.076,0.206208,0,0.206208,5.36,72.8638,40,0,0,3387,83.9838,88.1798,13.4705
25.0821,0.097607,0,0.097607,5.34,72.5936,20,0,0,3387,83.9838,88.1798,13.4705
25.1041,1.68886,0,1.68886,5.34,72.5936,1844,0,0,3388,84.0151,88.2099,13.4705
25.351,239.749,239.284,0.465487,5.32,72.2068,386875,3065,0,3389,83.6099,87.9132,13.4694
25.3545,0.433605,0,0.433605,5.3,71.8199,1300,19,0,3390,83.623,87.9251,13.4682
25.3753,0.795453,0,0.795453,5.3,71.8199,1640,2,0,3391,83.6461,87.9469,13.467
25.3781,0.434488,0,0.434488,5.28,71.4331,1467,26,0,3392,83.6642,87.9637,13.4659
25.398,0.097784,0,0.097784,5.28,71.4331,20,0,0,3392,83.6642,87.9637,13.4647
25.4006,0.029609,0,0.029609,5.26,71.0463,20,0,0,3392,83.6642,87.9637,13.4647
25.4216,0.141871,0,0.141871,5.26,71.0463,20,0,0,3392,83.6642,87.9637,13.4647
25.4247,0.484813,0,0.484813,5.24,70.6595,1500,23,0,3393,83.6832,87.9814,13.4647
25.4452,0.117735,0,0.117735,5.24,70.6595,20,0,0,3393,83.6832,87.9814,13.4635
25.4478,0.311704,0,0.311704,5.22,70.2727,1259,4,0,3394,83.6956,87.9926,13.4635
25.4686,0.837512,0,0.837512,5.22,70.2727,1605,0,0,3395,83.7178,88.0135,13.4624
25.4715,0.057714,0,0.057714,5.2,69.8859,20,0,0,3395,83.7178,88.0135,13.4612
25.4925,1.14064,0,1.14064,5.2,69.8859,1816,0,0,3396,83.7485,88.043,13.4612
25.4958,0.065462,0,0.065462,5.18,69.4991,20,0,0,3396,83.7485,88.043,13.4601
25.5181,1.41424,0,1.41424,5.18,69.4991,2072,0,0,3397,83.7872,88.0804,13.4601
25.524,1.47821,0,1.47821,5.16,69.1123,1505,0,0,3398,83.8058,88.0977,13.4589
25.5436,0.115184,0,0.115184,5.16,69.1123,40,0,0,3398,83.8058,88.0977,13.4578
25.5468,0.065357,0,0.065357,5.14,68.7255,40,0,0,3398,83.8058,88.0977,13.4578
25.5677,0.656559,0,0.656559,5.14,68.7255,1385,0,0,3399,83.8208,88.1115,13.4578
25.571,0.36542,0,0.36542,5.12,68.3387,1270,2,0,3400,83.8324,88.1218,13.4566
25.5914,0.83539,0,0.83539,5.12,68.3387,1110,26,0,3401,83.8392,88.1273,13.4554
25.5964,0.696023,0,0.696023,5.1,67.9519,848,0,0,3402,83.8616,88.1484,13.4543
25.6184,1.20951,0,1.20951,5.1,67.9519,1475,0,0,3403,83.8795,88.1651,13.4531
25.6255,1.50309,0,1.50309,5.08,67.5651,1490,10,0,3404,83.8975,88.1818,13.452
25.646,1.1566,0,1.1566,5.08,67.5651,1436,10,0,3405,83.9166,88.1997,13.4508
25.6528,0.812389,0,0.812389,5.06,67.1783,940,1,0,3406,83.9184,88.2002,13.4497
25.6734,0.612324,0,0.612324,5.06,67.1783,1430,27,0,3407,83.9345,88.2151,13.4485
25.6761,0.039717,0,0.039717,5.04,66.7915,40,0,0,3407,83.9345,88.2151,13.4473
25.6965,0.089208,0,0.089208,5.04,66.7915,40,0,0,3407,83.9345,88.2151,13.4473
25.7002,0.904514,0,0.904514,5.02,66.4047,1305,9,0,3408,83.9498,88.2292,13.4473
25.7203,0.043396,0,0.043396,5.02,66.4047,50,0,0,3408,83.9498,88.2292,13.4462
25.7243,0.744071,0,0.744071,5,66.0179,2070,1,0,3409,83.985,88.2631,13.4462
25.7456,0.583632,0,0.583632,5,66.0179,780,6,0,3410,83.9818,88.2587,13.445
25.9166,165.668,165.608,0.06068,4.98,65.6311,380609,396,0,3410,83.8557,88.1543,13.4439
25.9203,0.462943,0,0.462943,4.96,65.2443,1430,4,0,3411,83.8713,88.1686,13.4439
25.9412,0.819279,0,0.819279,4.96,65.2443,1840,0,0,3412,83.8989,88.1949,13.4427
25.944,0.342489,0,0.342489,4.94,64.8575,1150,22,0,3413,83.9062,88.201,13.4416
25.9639,0.085396,0,0.085396,4.94,64.8575,60,0,0,3413,83.9062,88.201,13.4404
25.9676,0.503073,0,0.503073,4.92,64.4707,1469,6,0,3414,83.923,88.2165,13.4404
25.9869,0.011631,0,0.011631,4.92,64.4707,60,0,0,3414,83.923,88.2165,13.4393
25.9901,0.456636,0,0.456636,4.9,64.0839,1699,29,0,3415,83.947,88.2392,13.4393
26.0112,0.646839,0,0.646839,4.9,64.0839,1550,0,0,3416,83.966,88.257,13.4381
26.0148,0.633701,0,0.633701,4.88,63.697,1750,0,0,3417,83.9909,88.2807,13.437
26.0355,0.623856,0,0.623856,4.88,63.697,1540,35,0,3418,84.0097,88.2981,13.4358
26.0388,0.371191,0,0.371191,4.86,63.3102,1340,0,0,3419,84.0225,88.3097,13.4347
26.0588,0.162616,0,0.162616,4.86,63.3102,118,0,0,3419,84.0225,88.3097,13.4335
26.0621,0.351264,0,0.351264,4.84,62.9234,970,11,0,3420,84.0246,88.3105,13.4335
26.0829,0.137718,0,0.137718,4.84,62.9234,60,0,0,3420,84.0246,88.3105,13.4324
26.0859,0.419227,0,0.419227,4.82,62.5366,710,5,0,3421,84.019,88.3037,13.4324
26.1079,1.44954,0,1.44954,4.82,62.5366,2115,0,0,3422,84.0555,88.339,13.4312
26.1126,0.77171,0,0.77171,4.8,62.1498,1520,0,0,3423,84.076,88.3582,13.4301
26.1335,0.203791,0,0.203791,4.8,62.1498,130,0,0,3423,84.076,88.3582,13.4289
26.138,0.679768,0,0.679768,4.78,61.763,1640,2,0,3424,84.0975,88.3785,13.4289
26.1585,0.867015,0,0.867015,4.78,61.763,1060,21,0,3425,84.1022,88.3819,13.4278
26.1656,0.197507,0,0.197507,4.76,61.3762,60,0,0,3425,84.1022,88.3819,13.4266
26.1846,0.115401,0,0.115401,4.76,61.3762,60,0,0,3425,84.1022,88.3819,13.4266
26.1881,0.125943,0,0.125943,4.74,60.9894,60,0,0,3425,84.1022,88.3819,13.4266
26.2092,0.532073,0,0.532073,4.74,60.9894,1616,2,0,3426,84.1249,88.4031,13.4266
26.2118,0.049614,0,0.049614,4.72,60.6026,70,0,0,3426,84.1249,88.4031,13.4255
26.2338,1.09996,0,1.09996,4.72,60.6026,1740,1,0,3427,84.1491,88.426,13.4255
26.2368,0.025548,0,0.025548,4.7,60.2158,80,0,0,3427,84.1491,88.426,13.4244
26.2585,1.27663,0,1.27663,4.7,60.2158,1664,37,0,3428,84.1709,88.4466,13.4244
26.2652,0.487765,0,0.487765,4.68,61.0874,930,1,0,3429,84.1721,88.4465,13.4232
26.2854,1.12278,0,1.12278,4.68,61.0874,2225,2,0,3430,84.2114,88.4845,13.4221
26.2918,0.383338,0,0.383338,4.66,60.9381,560,10,0,3431,84.2014,88.4733,13.4209
26.3123,0.138979,0,0.138979,4.66,60.9381,60,0,0,3431,84.2014,88.4733,13.4198
26.3158,0.929822,0,0.929822,4.64,60.7888,1210,46,0,3432,84.2104,88.4811,13.4198
26.3367,1.0447,0,1.0447,4.64,60.7888,2134,0,0,3433,84.2549,88.5243,13.4186
26.3394,0.132109,0,0.132109,4.62,60.6394,70,0,0,3433,84.2549,88.5243,13.4175
26.3598,0.281582,0,0.281582,4.62,60.6394,70,0,0,3433,84.2549,88.5243,13.4175
26.3657,1.0847,0,1.0847,4.6,60.4901,1680,0,0,3434,84.2775,88.5457,13.4175
26.384,0.475181,0,0.475181,4.6,60.4901,1430,0,0,3435,84.2929,88.5598,13.4164
26.3888,0.116623,0,0.116623,4.58,60.3408,60,0,0,3435,84.2929,88.5598,13.4152
26.41,0.513774,0,0.513774,4.58,60.3408,1390,19,0,3436,84.307,88.5728,13.4152
26.4145,0.136784,0,0.136784,4.56,60.1914,60,0,0,3436,84.307,88.5728,13.4141
26.4356,0.469829,0,0.469829,4.56,60.1914,1120,6,0,3437,84.3134,88.5778,13.4141
26.4395,1.16258,0,1.16258,4.54,60.0421,1355,0,0,3438,84.3266,88.5899,13.4129
26.4599,1.49547,0,1.49547,4.54,60.0421,2144,0,0,3439,84.3664,88.6284,13.4118
26.4685,2.09183,0,2.09183,4.52,59.8928,1391,0,0,3440,84.3808,88.6416,13.4106
26.4864,0.871233,0,0.871233,4.52,59.8928,1235,2,0,3441,84.3906,88.6501,13.4095
26.4921,1.71582,0,1.71582,4.5,59.7434,1650,0,0,3442,84.4123,88.6705,13.4084
26.512,0.318796,0,0.318796,4.5,59.7434,370,1,0,3443,84.3967,88.6538,13.4072
26.5174,0.126907,0,0.126907,4.48,59.5941,60,0,0,3443,84.3967,88.6538,13.4061
26.5398,1.00123,0,1.00123,4.48,59.5941,1340,0,0,3444,84.4094,88.6652,13.4061
26.547,1.48415,0,1.48415,4.46,59.4448,1852,0,0,3445,84.4403,88.6949,13.4049
26.5678,1.37119,0,1.37119,4.46,59.4448,1700,14,0,3446,84.4631,88.7165,13.4038
26.5752,0.999618,0,0.999618,4.44,59.2954,1259,0,0,3447,84.4732,88.7253,13.4027
26.5953,0.406243,0,0.406243,4.44,59.2954,1290,0,0,3448,84.484,88.7349,13.4015
26.5979,0.148467,0,0.148467,4.42,59.1461,60,0,0,3448,84.484,88.7349,13.4004
26.6191,1.26839,0,1.26839,4.42,59.1461,2272,0,0,3449,84.5251,88.7747,13.4004
26.6239,1.65402,0,1.65402,4.4,58.9968,2090,0,0,3450,84.5597,88.8081,13.3993
26.6433,0.271891,0,0.271891,4.4,58.9968,560,0,0,3451,84.55,88.7972,13.3981
26.6474,0.08644,0,0.08644,4.38,58.8474,50,0,0,3451,84.55,88.7972,13.397
26.67,1.74681,0,1.74681,4.38,58.8474,1440,0,0,3452,84.5658,88.8117,13.397
26.6761,0.193375,0,0.193375,4.36,58.6981,50,0,0,3452,84.5658,88.8117,13.3959
26.6967,0.068546,0,0.068546,4.36,58.6981,50,0,0,3452,84.5658,88.8117,13.3959
26.7003,1.0319,0,1.0319,4.34,58.5488,1410,26,0,3453,84.5807,88.8254,13.3959
26.7195,0.103231,0,0.103231,4.34,58.5488,50,0,0,3453,84.5807,88.8254,13.3947
26.7225,0.161393,0,0.161393,4.32,58.3994,50,0,0,3453,84.5807,88.8254,13.3947
26.7462,2.17491,0,2.17491,4.32,58.3994,2198,0,0,3454,84.6239,88.8674,13.3947
26.7509,1.01116,0,1.01116,4.3,58.2501,1260,16,0,3455,84.6344,88.8767,13.3936
26.7732,1.65808,0,1.65808,4.3,58.2501,1790,12,0,3456,84.6603,88.9013,13.3925
26.988,208.853,208.672,0.180765,4.28,58.1008,409352,834,0,3456,84.4219,88.7491,13.3913
26.9912,0.367763,0,0.367763,4.26,57.9514,980,2,0,3457,84.4246,88.7507,13.3913
27.0107,0.120583,0,0.120583,4.26,57.9514,170,0,0,3457,84.4246,88.7507,13.3902
27.0143,0.784769,0,0.784769,4.24,57.8021,2310,0,0,3458,84.4659,88.7906,13.3902
27.0347,0.13582,0,0.13582,4.24,57.8021,40,0,0,3458,84.4659,88.7906,13.3891
27.0379,0.533933,0,0.533933,4.22,57.6528,1975,0,0,3459,84.4981,88.8216,13.3891
27.059,0.832516,0,0.832516,4.22,57.6528,2320,1,0,3460,84.5396,88.8618,13.3879
27.062,0.380835,0,0.380835,4.2,57.5034,1370,17,0,3461,84.5536,88.8746,13.3868
27.0819,0.011188,0,0.011188,4.2,57.5034,40,0,0,3461,84.5536,88.8746,13.3857
27.0853,0.007948,0,0.007948,4.18,57.3541,40,0,0,3461,84.5536,88.8746,13.3857
27.1068,0.415019,0,0.415019,4.18,57.3541,730,13,0,3462,84.5491,88.8689,13.3857
27.1102,0.046388,0,0.046388,4.16,57.2047,40,0,0,3462,84.5491,88.8689,13.3845
27.1316,0.536768,0,0.536768,4.16,57.2047,1260,0,0,3463,84.5599,88.8784,13.3845
27.1363,0.354121,0,0.354121,4.14,57.0554,620,7,0,3464,84.5523,88.8695,13.3834
27.1573,0.188959,0,0.188959,4.14,57.0554,40,0,0,3464,84.5523,88.8695,13.3823
27.1608,0.512008,0,0.512008,4.12,56.9061,1040,25,0,3465,84.5567,88.8727,13.3823
27.1808,0.424678,0,0.424678,4.12,56.9061,1230,2,0,3466,84.5666,88.8814,13.3811
27.1888,1.46087,0,1.46087,4.1,56.7567,1889,0,0,3467,84.5956,88.9091,13.38
27.2078,1.18508,0,1.18508,4.1,56.7567,1560,0,0,3468,84.6162,88.9285,13.3789
27.2125,1.21876,0,1.21876,4.08,56.6074,1210,5,0,3469,84.6255,88.9366,13.3778
27.2344,1.6222,0,1.6222,4.08,56.6074,1140,0,0,3470,84.6329,88.9427,13.3766
27.2407,0.673852,0,0.673852,4.06,56.4581,1007,0,0,3471,84.6364,88.945,13.3755
27.2618,0.237597,0,0.237597,4.06,56.4581,40,0,0,3471,84.6364,88.945,13.3744
27.2684,0.157267,0,0.157267,4.04,56.3087,30,0,0,3471,84.6364,88.945,13.3744
27.2889,0.009698,0,0.009698,4.04,56.3087,30,0,0,3471,84.6364,88.945,13.3744
27.2934,0.746337,0,0.746337,4.02,56.1594,880,6,0,3472,84.6365,88.9438,13.3744
27.3126,0.081856,0,0.081856,4.02,56.1594,30,0,0,3472,84.6365,88.9438,13.3732
27.3179,0.727581,0,0.727581,4,56.0101,1804,0,0,3473,84.6648,88.9709,13.3732
27.339,0.123497,0,0.123497,4,56.0101,30,0,0,3473,84.6648,88.9709,13.3721
27.3465,1.40542,0,1.40542,3.98,55.8607,1648,6,0,3474,84.6885,88.9934,13.3721
27.3682,1.63096,0,1.63096,3.98,55.8607,1980,0,0,3475,84.7203,89.0239,13.371
27.3754,0.900152,0,0.900152,3.96,55.7114,1290,1,0,3476,84.7319,89.0342,13.3699
27.3954,0.167106,0,0.167106,3.96,55.7114,40,0,0,3476,84.7319,89.0342,13.3687
27.3998,0.714563,0,0.714563,3.94,55.5621,1060,2,0,3477,84.7368,89.038,13.3687
27.4202,0.061488,0,0.061488,3.94,55.5621,40,0,0,3477,84.7368,89.038,13.3676
27.4231,0.070349,0,0.070349,3.92,55.4127,40,0,0,3477,84.7368,89.038,13.3676
27.4446,1.22443,0,1.22443,3.92,55.4127,1590,0,0,3478,84.757,89.0569,13.3676
27.4511,0.802634,0,0.802634,3.9,55.2634,1120,3,0,3479,84.7637,89.0624,13.3665
27.4721,0.253377,0,0.253377,3.9,55.2634,40,0,0,3479,84.7637,89.0624,13.3654
27.476,0.539,0,0.539,3.88,55.1141,1657,15,0,3480,84.7859,89.0833,13.3654
27.497,0.583871,0,0.583871,3.88,55.1141,1620,3,0,3481,84.807,89.1031,13.3642
27.5006,0.488317,0,0.488317,3.86,54.9647,580,2,0,3482,84.7981,89.093,13.3631
27.5209,0.065762,0,0.065762,3.86,54.9647,40,0,0,3482,84.7981,89.093,13.362
27.5238,0.323456,0,0.323456,3.84,54.8154,1340,0,0,3483,84.8111,89.1048,13.362
27.5452,1.29933,0,1.29933,3.84,54.8154,1750,2,0,3484,84.8358,89.1283,13.3609
27.5486,0.083162,0,0.083162,3.82,54.6661,30,0,0,3484,84.8358,89.1283,13.3598
27.5707,0.85404,0,0.85404,3.82,54.6661,1100,0,0,3485,84.8422,89.1334,13.3598
27.5773,0.988955,0,0.988955,3.8,54.5167,2050,0,0,3486,84.8758,89.1658,13.3586
27.5977,0.019321,0,0.019321,3.8,54.5167,30,0,0,3486,84.8758,89.1658,13.3575
27.6053,1.25834,0,1.25834,3.78,54.3674,1629,10,0,3487,84.897,89.1858,13.3575
27.6254,0.15501,0,0.15501,3.78,54.3674,39,0,0,3487,84.897,89.1858,13.3564
27.6284,0.073049,0,0.073049,3.76,54.2181,39,0,0,3487,84.897,89.1858,13.3564
27.6497,0.514844,0,0.514844,3.76,54.2181,1259,6,0,3488,84.9077,89.1952,13.3564
27.6552,0.970438,0,0.970438,3.74,54.0687,1449,1,0,3489,84.9238,89.2101,13.3553
27.6754,1.05062,0,1.05062,3.74,54.0687,1239,3,0,3490,84.9338,89.2189,13.3542
27.6789,0.389594,0,0.389594,3.72,53.9194,599,0,0,3491,84.9255,89.2094,13.353
27.6999,0.81045,0,0.81045,3.72,53.9194,2199,0,0,3492,84.9631,89.2457,13.3519
27.8668,164.005,163.284,0.721168,3.7,53.7701,302541,3038,0,3493,84.7644,89.1056,13.3508
27.8703,0.432237,0,0.432237,3.68,53.4894,1219,84,0,3494,84.7745,89.1145,13.3497
27.8901,0.04654,0,0.04654,3.68,53.4894,29,0,0,3494,84.7745,89.1145,13.3486
27.8929,0.111718,0,0.111718,3.66,53.1886,259,0,0,3494,84.7745,89.1145,13.3486
27.9139,0.098518,0,0.098518,3.66,53.1886,29,0,0,3494,84.7745,89.1145,13.3486
27.9166,0.313362,0,0.313362,3.64,52.8877,1149,0,0,3495,84.7823,89.121,13.3486
27.9366,0.14567,0,0.14567,3.64,52.8877,29,0,0,3495,84.7823,89.121,13.3474
27.9396,0.305521,0,0.305521,3.62,52.5869,1219,0,0,3496,84.792,89.1296,13.3474
27.9611,0.795745,0,0.795745,3.62,52.5869,1773,0,0,3497,84.8181,89.1544,13.3463
27.9638,0.482792,0,0.482792,3.6,52.2861,1959,0,0,3498,84.8491,89.1841,13.3452
27.9845,0.118871,0,0.118871,3.6,52.2861,29,0,0,3498,84.8491,89.1841,13.3441
27.9882,0.679631,0,0.679631,3.58,51.9853,1769,29,0,3499,84.8745,89.2083,13.3441
28.0078,0.078168,0,0.078168,3.58,51.9853,29,0,0,3499,84.8745,89.2083,13.343
28.0119,1.44709,0,1.44709,3.56,51.6845,1233,0,0,3500,84.8851,89.2177,13.343
28.0318,0.434045,0,0.434045,3.56,51.6845,979,9,0,3501,84.888,89.2194,13.3419
28.0352,1.01137,0,1.01137,3.54,51.3837,1755,0,0,3502,84.9183,89.2484,13.3408
28.0558,0.550518,0,0.550518,3.54,51.3837,1329,9,0,3503,84.9321,89.2609,13.3396
28.0599,0.695136,0,0.695136,3.52,51.0829,1679,0,0,3504,84.9549,89.2825,13.3385
28.0809,0.710701,0,0.710701,3.52,51.0829,1389,0,0,3505,84.9695,89.2959,13.3374
28.0844,0.104752,0,0.104752,3.5,50.7821,29,0,0,3505,84.9695,89.2959,13.3363
28.1046,0.108108,0,0.108108,3.5,50.7821,29,0,0,3505,84.9695,89.2959,13.3363
28.1586,50.5912,49.9278,0.663325,3.48,50.4813,102126,320,0,3506,84.9187,89.2653,13.3363
28.1619,0.32542,0,0.32542,3.46,50.1804,1243,0,0,3507,84.9296,89.2749,13.3352
28.1827,0.64287,0,0.64287,3.46,50.1804,1759,0,0,3508,84.9547,89.2987,13.3341
28.1854,0.331678,0,0.331678,3.44,49.8796,1249,15,0,3509,84.9652,89.3081,13.333
28.2054,0.22132,0,0.22132,3.44,49.8796,569,4,0,3510,84.9564,89.298,13.3318
28.2085,0.422541,0,0.422541,3.42,49.5788,1399,24,0,3511,84.9712,89.3116,13.3307
28.2299,0.82193,0,0.82193,3.42,49.5788,2099,5,0,3512,85.006,89.3451,13.3296
28.2332,0.06486,0,0.06486,3.4,49.278,29,0,0,3512,85.006,89.3451,13.3285
28.2548,0.678115,0,0.678115,3.4,49.278,1849,1,0,3513,85.0336,89.3715,13.3285
28.258,0.063868,0,0.063868,3.38,48.9772,29,0,0,3513,85.0336,89.3715,13.3274
28.2797,0.572086,0,0.572086,3.38,48.9772,1219,74,0,3514,85.0433,89.3799,13.3274
28.2834,1.05021,0,1.05021,3.36,48.6764,2056,0,0,3515,85.0768,89.4122,13.3263
28.3027,0.134268,0,0.134268,3.36,48.6764,29,0,0,3515,85.0768,89.4122,13.3252
28.3079,0.668214,0,0.668214,3.34,48.3756,1199,8,0,3516,85.0859,89.4201,13.3252
28.3284,0.186867,0,0.186867,3.34,48.3756,79,0,0,3516,85.0859,89.4201,13.3241
28.3327,0.012627,0,0.012627,3.32,48.0748,29,0,0,3516,85.0859,89.4201,13.3241
28.3554,1.06065,0,1.06065,3.32,48.0748,1419,2,0,3517,85.1012,89.4342,13.3241
28.3598,0.67362,0,0.67362,3.3,47.7739,979,52,0,3518,85.104,89.4358,13.323
28.3802,0.637543,0,0.637543,3.3,47.7739,1639,0,0,3519,85.1256,89.4561,13.3219
28.3832,0.087424,0,0.087424,3.28,47.4731,39,0,0,3519,85.1256,89.4561,13.3208
28.4039,0.665926,0,0.665926,3.28,47.4731,2185,0,0,3520,85.1634,89.4926,13.3208
28.4065,0.053979,0,0.053979,3.26,47.1723,29,0,0,3520,85.1634,89.4926,13.3196
28.4281,0.591047,0,0.591047,3.26,47.1723,1709,0,0,3521,85.1869,89.5149,13.3196
28.4307,0.062137,0,0.062137,3.24,46.8715,29,0,0,3521,85.1869,89.5149,13.3185
28.4524,0.495523,0,0.495523,3.24,46.8715,799,7,0,3522,85.1846,89.5114,13.3185
28.4569,0.012522,0,0.012522,3.22,46.5707,29,0,0,3522,85.1846,89.5114,13.3174
28.4779,0.189714,0,0.189714,3.22,46.5707,239,0,0,3522,85.1846,89.5114,13.3174
28.4847,1.12631,0,1.12631,3.2,46.2699,1659,12,0,3523,85.2066,89.5322,13.3174
28.5037,0.115428,0,0.115428,3.2,46.2699,29,0,0,3523,85.2066,89.5322,13.3163
28.5075,0.360654,0,0.360654,3.18,45.9691,1419,9,0,3524,85.2219,89.5463,13.3163
28.527,0.269418,0,0.269418,3.18,45.9691,719,7,0,3525,85.2173,89.5404,13.3152
28.5323,0.054957,0,0.054957,3.16,45.6683,29,0,0,3525,85.2173,89.5404,13.3141
28.5533,0.079584,0,0.079584,3.16,45.6683,29,0,0,3525,85.2173,89.5404,13.3141
28.5581,1.20037,0,1.20037,3.14,45.3675,1429,61,0,3526,85.2328,89.5547,13.3141
28.5782,0.537723,0,0.537723,3.14,45.3675,1249,30,0,3527,85.2433,89.5639,13.313
28.5811,0.347591,0,0.347591,3.12,45.0666,1369,3,0,3528,85.2571,89.5765,13.3119
28.6024,1.42391,0,1.42391,3.12,45.0666,2118,3,0,3529,85.2922,89.6104,13.3108
28.6086,0.109409,0,0.109409,3.1,44.7658,29,0,0,3529,85.2922,89.6104,13.3097
28.6278,0.102485,0,0.102485,3.1,44.7658,29,0,0,3529,85.2922,89.6104,13.3097
28.6332,0.351173,0,0.351173,3.08,44.465,899,16,0,3530,85.2926,89.6096,13.3097
28.6556,0.933574,0,0.933574,3.08,44.465,1079,1,0,3531,85.2982,89.614,13.3086
28.6636,1.51779,0,1.51779,3.06,44.1642,1730,17,0,3532,85.3225,89.637,13.3075
28.684,0.196963,0,0.196963,3.06,44.1642,20,0,0,3532,85.3225,89.637,13.3064
28.6921,1.6982,0,1.6982,3.04,43.8634,2129,0,0,3533,85.3581,89.6714,13.3064
28.7116,0.388107,0,0.388107,3.04,43.8634,950,0,0,3534,85.3602,89.6723,13.3053
28.7143,0.442794,0,0.442794,3.02,43.5626,1690,2,0,3535,85.383,89.6939,13.3042
28.7343,0.086893,0,0.086893,3.02,43.5626,30,0,0,3535,85.383,89.6939,13.3031
28.7406,0.072646,0,0.072646,3,43.2618,30,0,0,3535,85.383,89.6939,13.3031
28.761,0.627859,0,0.627859,3,43.2618,1600,0,0,3536,85.4033,89.713,13.3031
28.7666,1.04485,0,1.04485,2.98,42.961,1290,3,0,3537,85.4148,89.7232,13.302
28.7882,1.09276,0,1.09276,2.98,42.961,1450,1,0,3538,85.4308,89.738,13.3009
28.7945,0.802854,0,0.802854,2.96,42.6601,1999,1,0,3539,85.4626,89.7686,13.2998
28.8171,1.54064,0,1.54064,2.96,42.6601,1680,7,0,3540,85.485,89.7898,13.2987
28.8241,0.140324,0,0.140324,2.94,42.3593,30,0,0,3540,85.485,89.7898,13.2976
28.8469,1.68924,0,1.68924,2.94,42.3593,1510,26,0,3541,85.5027,89.8063,13.2976
28.8554,1.15423,0,1.15423,2.92,42.0681,1310,9,0,3542,85.5152,89.8176,13.2965
28.875,0.010293,0,0.010293,2.92,42.0681,20,0,0,3542,85.5152,89.8176,13.2954
28.8818,0.211232,0,0.211232,2.9,41.781,20,0,0,3542,85.5152,89.8176,13.2954
28.9017,0.114599,0,0.114599,2.9,41.781,20,0,0,3542,85.5152,89.8176,13.2954
28.9094,1.99584,0,1.99584,2.88,41.4939,1500,0,0,3543,85.534,89.8352,13.2954
28.9273,0.494687,0,0.494687,2.88,41.4939,1120,1,0,3544,85.5409,89.8409,13.2943
28.9299,0.050083,0,0.050083,2.86,41.2068,20,0,0,3544,85.5409,89.8409,13.2932
28.9524,0.856603,0,0.856603,2.86,41.2068,2060,0,0,3545,85.5746,89.8733,13.2932
28.9571,0.480653,0,0.480653,2.84,40.9198,1370,18,0,3546,85.5886,89.8861,13.2921
28.9777,0.126159,0,0.126159,2.84,40.9198,20,0,0,3546,85.5886,89.8861,13.291
28.9812,0.006739,0,0.006739,2.82,40.6327,30,0,0,3546,85.5886,89.8861,13.291
29.0027,0.496571,0,0.496571,2.82,40.6327,1126,0,0,3547,85.5954,89.8917,13.291
29.0095,1.07394,0,1.07394,2.8,40.3456,1370,36,0,3548,85.6091,89.9042,13.2899
29.0286,0.115303,0,0.115303,2.8,40.3456,30,0,0,3548,85.6091,89.9042,13.2888
29.0317,0.051128,0,0.051128,2.78,40.0585,30,0,0,3548,85.6091,89.9042,13.2888
29.0543,1.02593,0,1.02593,2.78,40.0585,1360,0,0,3549,85.6224,89.9163,13.2888
29.0581,0.050127,0,0.050127,2.76,38.5344,40,0,0,3549,85.6224,89.9163,13.2877
29.0795,0.515151,0,0.515151,2.76,38.5344,1280,13,0,3550,85.6332,89.9259,13.2877
29.082,0.031586,0,0.031586,2.74,38.138,40,0,0,3550,85.6332,89.9259,13.2866
29.1047,1.03227,0,1.03227,2.74,38.138,1430,2,0,3551,85.6483,89.9397,13.2866
29.1108,0.37239,0,0.37239,2.72,37.7416,1030,2,0,3552,85.652,89.9423,13.2855
29.1309,0.141533,0,0.141533,2.72,37.7416,40,0,0,3552,85.652,89.9423,13.2844
29.1388,0.417092,0,0.417092,2.7,37.3452,440,1,0,3553,85.6392,89.9282,13.2844
29.1573,0.122403,0,0.122403,2.7,37.3452,40,0,0,3553,85.6392,89.9282,13.2833
29.1606,0.460818,0,0.460818,2.68,36.9488,1910,4,0,3554,85.6677,89.9555,13.2833
29.1818,0.615183,0,0.615183,2.68,36.9488,1620,67,0,3555,85.688,89.9747,13.2822
29.1847,0.450795,0,0.450795,2.66,36.5524,1760,3,0,3556,85.7123,89.9978,13.2812
29.2061,0.253279,0,0.253279,2.66,36.5524,68,0,0,3556,85.7123,89.9978,13.2801
29.2101,0.049783,0,0.049783,2.64,36.156,40,0,0,3556,85.7123,89.9978,13.2801
29.2311,0.654126,0,0.654126,2.64,36.156,880,7,0,3557,85.7118,89.9961,13.2801
29.2389,0.944729,0,0.944729,2.62,35.7596,1540,17,0,3558,85.7299,90.0129,13.279
29.2575,0.609318,0,0.609318,2.62,35.7596,960,2,0,3559,85.7317,90.0135,13.2779
29.2636,0.415941,0,0.415941,2.6,35.3632,550,11,0,3560,85.7216,90.0022,13.2768
29.2844,0.397564,0,0.397564,2.6,35.3632,980,6,0,3561,85.7237,90.0031,13.2757
29.2881,0.073143,0,0.073143,2.58,34.9668,50,0,0,3561,85.7237,90.0031,13.2746
29.3089,0.097103,0,0.097103,2.58,34.9668,50,0,0,3561,85.7237,90.0031,13.2746
29.3117,0.225148,0,0.225148,2.56,34.5704,690,1,0,3562,85.7176,89.9958,13.2746
29.3338,0.696832,0,0.696832,2.56,34.5704,1540,0,0,3563,85.7353,90.0123,13.2735
29.3387,0.49505,0,0.49505,2.54,34.174,1420,0,0,3564,85.7497,90.0255,13.2724
29.3601,1.53222,0,1.53222,2.54,34.174,1890,22,0,3565,85.7773,90.0519,13.2713
29.3674,0.553962,0,0.553962,2.52,33.7776,950,10,0,3566,85.7785,90.0519,13.2702
29.388,1.2728,0,1.2728,2.52,33.7776,1670,3,0,3567,85.7998,90.072,13.2692
29.3944,1.23075,0,1.23075,2.5,33.3812,1790,0,0,3568,85.8243,90.0953,13.2681
29.4141,0.110836,0,0.110836,2.5,33.3812,60,0,0,3568,85.8243,90.0953,13.267
29.4165,0.055626,0,0.055626,2.48,32.9848,60,0,0,3568,85.8243,90.0953,13.267
29.4376,0.040473,0,0.040473,2.48,32.9848,60,0,0,3568,85.8243,90.0953,13.267
29.4434,0.55028,0,0.55028,2.46,32.5884,1350,18,0,3569,85.8364,90.1062,13.267
29.4637,0.632074,0,0.632074,2.46,32.5884,1550,5,0,3570,85.8541,90.1227,13.2659
29.471,0.11003,0,0.11003,2.44,32.192,60,0,0,3570,85.8541,90.1227,13.2648
29.4914,1.42586,0,1.42586,2.44,32.192,1710,19,0,3571,85.8762,90.1437,13.2648
29.4985,0.073732,0,0.073732,2.42,31.7956,60,0,0,3571,85.8762,90.1437,13.2637
29.5194,1.2429,0,1.2429,2.42,31.7956,1510,16,0,3572,85.8928,90.159,13.2637
29.5269,0.877568,0,0.877568,2.4,31.3992,1100,33,0,3573,85.8978,90.1629,13.2626
29.5493,1.43156,0,1.43156,2.4,31.3992,1750,0,0,3574,85.9211,90.1849,13.2615
29.5565,0.209933,0,0.209933,2.38,31.0027,60,0,0,3574,85.9211,90.1849,13.2605
29.577,0.054564,0,0.054564,2.38,31.0027,60,0,0,3574,85.9211,90.1849,13.2605
29.5815,1.17602,0,1.17602,2.36,30.6063,1550,0,0,3575,85.9387,90.2014,13.2605
29.6011,0.113802,0,0.113802,2.36,30.6063,60,0,0,3575,85.9387,90.2014,13.2594
29.6042,0.421197,0,0.421197,2.34,30.2099,1600,4,0,3576,85.9578,90.2192,13.2594
29.6247,0.697838,0,0.697838,2.34,30.2099,1390,12,0,3577,85.9709,90.2312,13.2583
29.6277,0.043381,0,0.043381,2.32,29.8135,60,0,0,3577,85.9709,90.2312,13.2572
29.651,1.71526,0,1.71526,2.32,29.8135,2270,0,0,3578,86.0143,90.2733,13.2572
29.6565,0.057583,0,0.057583,2.3,29.4171,60,0,0,3578,86.0143,90.2733,13.2561
29.6791,1.7955,0,1.7955,2.3,29.4171,2350,0,0,3579,86.0542,90.3121,13.2561
29.6867,1.07318,0,1.07318,2.28,29.0207,1440,8,0,3580,86.0684,90.3251,13.255
29.7076,1.02081,0,1.02081,2.28,29.0207,1360,1,0,3581,86.0804,90.3359,13.2539
29.7128,0.083822,0,0.083822,2.26,28.6243,70,0,0,3581,86.0804,90.3359,13.2529
29.7342,0.636452,0,0.636452,2.26,28.6243,1690,4,0,3582,86.1016,90.3559,13.2529
29.7367,0.019555,0,0.019555,2.24,28.2279,60,0,0,3582,86.1016,90.3559,13.2518
29.7572,0.170927,0,0.170927,2.24,28.2279,60,0,0,3582,86.1016,90.3559,13.2518
29.7603,0.340303,0,0.340303,2.22,27.8315,1170,35,0,3583,86.1083,90.3614,13.2518
29.7811,0.13326,0,0.13326,2.22,27.8315,250,0,0,3583,86.1083,90.3614,13.2507
29.7839,0.058226,0,0.058226,2.2,27.4351,70,0,0,3583,86.1083,90.3614,13.2507
29.8061,1.10751,0,1.10751,2.2,27.4351,2250,0,0,3584,86.1451,90.397,13.2507
29.8099,0.077124,0,0.077124,2.18,27.0387,70,0,0,3584,86.1451,90.397,13.2496
29.8308,0.083072,0,0.083072,2.18,27.0387,70,0,0,3584,86.1451,90.397,13.2496
29.8345,0.009677,0,0.009677,2.16,26.6423,70,0,0,3584,86.1451,90.397,13.2496
29.8554,0.65026,0,0.65026,2.16,26.6423,660,12,0,3585,86.1375,90.3883,13.2496
29.8635,1.23427,0,1.23427,2.14,26.2459,1880,0,0,3586,86.164,90.4136,13.2485
29.8813,0.046393,0,0.046393,2.14,26.2459,70,0,0,3586,86.164,90.4136,13.2475
29.8863,1.09047,0,1.09047,2.12,25.8495,1510,8,0,3587,86.1801,90.4285,13.2475
29.9083,1.37968,0,1.37968,2.12,25.8495,1960,7,0,3588,86.2088,90.456,13.2464
29.9134,0.764209,0,0.764209,2.1,25.4682,1250,12,0,3589,86.2182,90.4642,13.2453
29.9355,1.32586,0,1.32586,2.1,25.4682,2020,0,0,3590,86.2487,90.4936,13.2442
29.9416,0.194378,0,0.194378,2.08,25.159,60,0,0,3590,86.2487,90.4936,13.2431
29.964,1.60807,0,1.60807,2.08,25.159,1870,1,0,3591,86.2807,90.5244,13.2431
29.971,1.09296,0,1.09296,2.06,24.8499,1630,5,0,3592,86.3007,90.5432,13.2421
29.9907,0.721724,0,0.721724,2.06,24.8499,1530,3,0,3593,86.3178,90.5591,13.241
29.9949,0.058596,0,0.058596,2.04,24.5407,50,0,0,3593,86.3178,90.5591,13.2399
30.0147,1.00589,0,1.00589,2.04,24.5407,2130,10,0,3594,86.3517,90.5918,13.2399
30.0174,0.053505,0,0.053505,2.02,24.2315,50,0,0,3594,86.3517,90.5918,13.2388
30.0399,0.986009,0,0.986009,2.02,24.2315,1930,0,0,3595,86.38,90.6189,13.2388
30.0433,0.318281,0,0.318281,2,23.9224,890,0,0,3596,86.379,90.6168,13.2377
30.066,1.45261,0,1.45261,2,23.9224,2200,11,0,3597,86.4145,90.6511,13.2367
30.0725,0.675455,0,0.675455,1.98,23.6132,1790,0,0,3598,86.4386,90.674,13.2356
30.094,1.10282,0,1.10282,1.98,23.6132,1900,0,0,3599,86.4657,90.6999,13.2345
30.0999,0.40424,0,0.40424,1.96,23.3041,970,29,0,3600,86.4669,90.7,13.2334
30.1199,0.065786,0,0.065786,1.96,23.3041,60,0,0,3600,86.4669,90.7,13.2324
30.1259,0.059791,0,0.059791,1.94,22.9949,60,0,0,3600,86.4669,90.7,13.2324
30.1467,1.48174,0,1.48174,1.94,22.9949,2060,0,0,3601,86.4985,90.7304,13.2324
30.1543,1.37389,0,1.37389,1.92,22.6858,2170,11,0,3602,86.533,90.7637,13.2313
30.1737,0.013752,0,0.013752,1.92,22.6858,60,0,0,3602,86.533,90.7637,13.2302
30.1765,0.015713,0,0.015713,1.9,22.3766,50,0,0,3602,86.533,90.7637,13.2302
30.1998,1.54765,0,1.54765,1.9,22.3766,2060,0,0,3603,86.5648,90.7943,13.2302
30.2042,0.373562,0,0.373562,1.88,22.0675,870,4,0,3604,86.5635,90.7919,13.2291
30.2258,0.713769,0,0.713769,1.88,22.0675,910,21,0,3605,86.5634,90.7906,13.2281
30.2309,0.471703,0,0.471703,1.86,21.7583,1190,50,0,3606,86.571,90.797,13.227
30.2518,1.0752,0,1.0752,1.86,21.7583,1760,5,0,3607,86.5944,90.8192,13.2259
30.2602,1.30303,0,1.30303,1.84,21.4492,1790,6,0,3608,86.6186,90.8423,13.2248
30.2782,0.58677,0,0.58677,1.84,21.4492,1350,0,0,3609,86.6306,90.8531,13.2238
30.2811,0.051642,0,0.051642,1.82,21.14,50,0,0,3609,86.6306,90.8531,13.2227
30.3028,0.670685,0,0.670685,1.82,21.14,1810,0,0,3610,86.6554,90.8767,13.2227
30.3058,0.614068,0,0.614068,1.8,20.8309,2242,0,0,3611,86.6934,90.9136,13.2216
30.3281,1.19739,0,1.19739,1.8,20.8309,1750,12,0,3612,86.7165,90.9355,13.2206
30.3314,0.445403,0,0.445403,1.78,20.5217,1360,0,0,3613,86.7285,90.9463,13.2195
30.3527,1.25447,0,1.25447,1.78,20.5217,1910,0,0,3614,86.7557,90.9723,13.2184
30.3612,1.44221,0,1.44221,1.76,20.2919,2340,0,0,3615,86.7956,91.0111,13.2173
30.3787,0.087721,0,0.087721,1.76,20.2919,50,0,0,3615,86.7956,91.0111,13.2163
30.3861,1.44511,0,1.44511,1.74,20.0853,1309,1,0,3616,86.8064,91.0207,13.2163
30.4074,1.70189,0,1.70189,1.74,20.0853,2300,1,0,3617,86.8446,91.0578,13.2152
30.4146,1.05512,0,1.05512,1.72,19.8787,1320,9,0,3618,86.8557,91.0677,13.2141
30.4361,0.839195,0,0.839195,1.72,19.8787,1030,0,0,3619,86.8588,91.0696,13.2131
30.4397,0.070467,0,0.070467,1.7,19.6721,50,0,0,3619,86.8588,91.0696,13.212
30.461,0.497676,0,0.497676,1.7,19.6721,1340,0,0,3620,86.8704,91.0801,13.212
30.4658,1.12365,0,1.12365,1.68,19.4654,1380,13,0,3621,86.8832,91.0917,13.2109
30.4862,1.2624,0,1.2624,1.68,19.4654,1224,0,0,3622,86.8943,91.1016,13.2099
30.6813,190.56,189.591,0.969161,1.66,19.2588,408916,112,0,3623,86.6867,90.9832,13.2088
30.6852,0.01034,0,0.01034,1.64,19.0522,60,0,0,3623,86.6867,90.9832,13.2077
30.7051,0.504403,0,0.504403,1.64,19.0522,1290,32,0,3624,86.6967,90.992,13.2077
30.7087,0.385175,0,0.385175,1.62,18.8456,1090,11,0,3625,86.7012,90.9953,13.2067
30.7299,0.55747,0,0.55747,1.62,18.8456,1460,3,0,3626,86.7159,91.0088,13.2056
30.7327,0.075922,0,0.075922,1.6,18.639,60,0,0,3626,86.7159,91.0088,13.2045
30.7538,0.069955,0,0.069955,1.6,18.639,60,0,0,3626,86.7159,91.0088,13.2045
30.7573,0.421944,0,0.421944,1.58,18.4324,1330,0,0,3627,86.727,91.0187,13.2045
30.7773,0.088548,0,0.088548,1.58,18.4324,60,0,0,3627,86.727,91.0187,13.2035
30.7805,0.062526,0,0.062526,1.56,18.2258,60,0,0,3627,86.727,91.0187,13.2035
30.8025,0.836693,0,0.836693,1.56,18.2258,2110,3,0,3628,86.7599,91.0504,13.2035
30.8052,0.028658,0,0.028658,1.54,18.0191,50,0,0,3628,86.7599,91.0504,13.2024
30.8267,0.290909,0,0.290909,1.54,18.0191,480,5,0,3629,86.7479,91.0372,13.2024
30.8316,0.082508,0,0.082508,1.52,17.8125,50,0,0,3629,86.7479,91.0372,13.2013
30.8537,0.791445,0,0.791445,1.52,17.8125,2230,0,0,3630,86.784,91.0722,13.2013
30.8562,0.018758,0,0.018758,1.5,17.6059,50,0,0,3630,86.784,91.0722,13.2003
30.8768,0.313043,0,0.313043,1.5,17.6059,700,21,0,3631,86.778,91.065,13.2003
30.8843,0.143702,0,0.143702,1.48,17.3993,40,0,0,3631,86.778,91.065,13.1992
30.9028,0.060903,0,0.060903,1.48,17.3993,40,0,0,3631,86.778,91.065,13.1992
30.9072,0.158427,0,0.158427,1.46,17.1927,40,0,0,3631,86.778,91.065,13.1992
30.9287,0.097721,0,0.097721,1.46,17.1927,40,0,0,3631,86.778,91.065,13.1992
30.9359,1.21022,0,1.21022,1.44,16.9861,1800,4,0,3632,86.8026,91.0884,13.1992
30.9555,0.09835,0,0.09835,1.44,16.9861,40,0,0,3632,86.8026,91.0884,13.1981
30.9588,0.328713,0,0.328713,1.42,16.7795,1126,1,0,3633,86.8095,91.0941,13.1981
30.9793,0.658905,0,0.658905,1.42,16.7795,1710,0,0,3634,86.8319,91.1153,13.1971
30.9828,0.266282,0,0.266282,1.4,16.5728,1090,0,0,3635,86.8371,91.1194,13.196
31.0032,0.629157,0,0.629157,1.4,16.5728,610,3,0,3636,86.8292,91.1103,13.1949
31.007,0.407601,0,0.407601,1.38,16.3662,1390,32,0,3637,86.8427,91.1226,13.1939
31.0283,0.085003,0,0.085003,1.38,16.3662,30,0,0,3637,86.8427,91.1226,13.1928
31.0341,0.485948,0,0.485948,1.36,16.1596,950,5,0,3638,86.8441,91.1229,13.1928
31.0551,0.710967,0,0.710967,1.36,16.1596,2038,1,0,3639,86.8755,91.1531,13.1918
31.0582,0.312275,0,0.312275,1.34,15.953,1020,0,0,3640,86.8788,91.1552,13.1907
31.0786,0.528365,0,0.528365,1.34,15.953,1390,3,0,3641,86.8923,91.1675,13.1896
31.0866,1.25173,0,1.25173,1.32,15.7464,1720,0,0,3642,86.9152,91.1892,13.1886
31.1047,0.465728,0,0.465728,1.32,15.7464,970,24,0,3643,86.9174,91.1902,13.1875
31.1087,0.498553,0,0.498553,1.3,15.5398,800,13,0,3644,86.9149,91.1866,13.1865
31.1292,0.013557,0,0.013557,1.3,15.5398,20,0,0,3644,86.9149,91.1866,13.1854
31.1323,0.34657,0,0.34657,1.28,15.3332,1420,4,0,3645,86.9295,91.2,13.1854
31.1549,1.16949,0,1.16949,1.28,15.3332,1740,16,0,3646,86.9528,91.2222,13.1843
31.1608,0.066168,0,0.066168,1.26,15.1265,30,0,0,3646,86.9528,91.2222,13.1833
31.1838,1.20639,0,1.20639,1.26,15.1265,1540,7,0,3647,86.9704,91.2386,13.1833
31.1915,1.27197,0,1.27197,1.24,14.9199,1818,1,0,3648,86.9956,91.2626,13.1822
31.2111,0.913698,0,0.913698,1.24,14.9199,1510,0,0,3649,87.0123,91.2782,13.1812
31.2199,0.865965,0,0.865965,1.22,14.7133,1050,17,0,3650,87.0164,91.2811,13.1801
31.2378,0.012786,0,0.012786,1.22,14.7133,30,0,0,3650,87.0164,91.2811,13.1791
31.2408,0.046578,0,0.046578,1.2,14.5067,30,0,0,3650,87.0164,91.2811,13.1791
31.262,0.068268,0,0.068268,1.2,14.5067,30,0,0,3650,87.0164,91.2811,13.1791
31.2649,0.327791,0,0.327791,1.18,14.3001,1280,0,0,3651,87.0268,91.2903,13.1791
31.287,0.679671,0,0.679671,1.18,14.3001,990,9,0,3652,87.0293,91.2916,13.178
31.2918,0.096707,0,0.096707,1.16,14.0935,30,0,0,3652,87.0293,91.2916,13.1769
31.3143,0.927483,0,0.927483,1.16,14.0935,1340,3,0,3653,87.0413,91.3025,13.1769
31.3219,1.1793,0,1.1793,1.14,13.8869,1757,0,0,3654,87.0649,91.3248,13.1759
31.3421,1.18395,0,1.18395,1.14,13.8869,1560,7,0,3655,87.0829,91.3417,13.1748
31.3498,0.142089,0,0.142089,1.12,13.1366,40,0,0,3655,87.0829,91.3417,13.1738
31.3694,0.703452,0,0.703452,1.12,13.1366,1650,9,0,3656,87.1031,91.3608,13.1738
31.3756,1.21471,0,1.21471,1.1,12.902,1870,10,0,3657,87.1293,91.3858,13.1727
31.3955,0.357917,0,0.357917,1.1,12.902,850,7,0,3658,87.1277,91.383,13.1717
31.3984,0.210513,0,0.210513,1.08,12.6674,1030,0,0,3659,87.1309,91.3851,13.1706
31.4196,0.112395,0,0.112395,1.08,12.6674,40,0,0,3659,87.1309,91.3851,13.1696
31.4223,0.172366,0,0.172366,1.06,12.4328,770,0,0,3660,87.127,91.3801,13.1696
31.4427,0.161772,0,0.161772,1.06,12.4328,40,0,0,3660,87.127,91.3801,13.1685
31.4466,0.425754,0,0.425754,1.04,12.1982,1874,0,0,3661,87.1538,91.4056,13.1685
31.4663,0.150168,0,0.150168,1.04,12.1982,40,0,0,3661,87.1538,91.4056,13.1674
31.4708,0.262886,0,0.262886,1.02,11.9637,1000,0,0,3662,87.1562,91.4069,13.1674
31.493,1.08285,0,1.08285,1.02,11.9637,1840,1,0,3663,87.1815,91.4311,13.1664
31.4991,0.616283,0,0.616283,1,11.7291,1030,1,0,3664,87.1845,91.4329,13.1653
31.5195,0.011887,0,0.011887,1,11.7291,50,0,0,3664,87.1845,91.4329,13.1643
31.5221,0.032922,0,0.032922,0.98,11.4945,50,0,0,3664,87.1845,91.4329,13.1643
31.5444,0.597472,0,0.597472,0.98,11.4945,870,6,0,3665,87.1831,91.4303,13.1643
31.5496,0.502954,0,0.502954,0.96,11.2599,1240,0,0,3666,87.1918,91.4378,13.1632
31.5697,0.601581,0,0.601581,0.96,11.2599,1780,0,0,3667,87.2152,91.46,13.1622
31.573,0.528475,0,0.528475,0.94,11.0253,2280,0,0,3668,87.2522,91.4959,13.1611
31.5941,0.553124,0,0.553124,0.94,11.0253,1240,7,0,3669,87.2608,91.5034,13.1601
31.5999,0.806028,0,0.806028,0.92,10.7908,1270,9,0,3670,87.2703,91.5117,13.159
31.6201,0.128796,0,0.128796,0.92,10.7908,50,0,0,3670,87.2703,91.5117,13.158
31.6226,0.058215,0,0.058215,0.9,10.5562,50,0,0,3670,87.2703,91.5117,13.158
31.6441,0.091514,0,0.091514,0.9,10.5562,50,0,0,3670,87.2703,91.5117,13.158
31.6471,0.018406,0,0.018406,0.88,10.3216,50,0,0,3670,87.2703,91.5117,13.158
31.6688,1.2665,0,1.2665,0.88,10.3216,1940,7,0,3671,87.298,91.5383,13.158
31.7003,24.8619,24.1887,0.673148,0.86,10.087,32336,23,0,3672,87.3034,91.5425,13.1569
31.7043,0.388308,0,0.388308,0.84,9.85243,1380,3,0,3673,87.3158,91.5538,13.1559
31.7258,0.815585,0,0.815585,0.84,9.85243,1576,0,0,3674,87.3397,91.5765,13.1548
31.7303,0.526847,0,0.526847,0.82,9.61785,1350,0,0,3675,87.3513,91.5869,13.1538
31.7513,0.613667,0,0.613667,0.82,9.61785,1840,0,0,3676,87.3762,91.6107,13.1527
31.754,0.035572,0,0.035572,0.8,9.38326,50,0,0,3676,87.3762,91.6107,13.1517
31.775,0.1022,0,0.1022,0.8,9.38326,50,0,0,3676,87.3762,91.6107,13.1517
31.7777,0.193416,0,0.193416,0.78,9.14868,880,0,0,3677,87.375,91.6084,13.1517
31.7985,0.641507,0,0.641507,0.78,9.14868,1710,0,0,3678,87.3964,91.6286,13.1507
31.8019,0.552422,0,0.552422,0.76,8.9141,970,15,0,3679,87.3977,91.6287,13.1496
31.8232,0.238187,0,0.238187,0.76,8.9141,50,0,0,3679,87.3977,91.6287,13.1486
31.8293,0.653955,0,0.653955,0.74,8.67952,1020,0,0,3680,87.4003,91.6302,13.1486
31.8501,0.087863,0,0.087863,0.74,8.67952,50,0,0,3680,87.4003,91.6302,13.1475
31.8567,1.20986,0,1.20986,0.72,8.44494,1722,0,0,3681,87.4254,91.6542,13.1475
31.8786,1.33162,0,1.33162,0.72,8.44494,1980,1,0,3682,87.4541,91.6817,13.1465
31.8846,0.09425,0,0.09425,0.7,8.21036,50,0,0,3682,87.4541,91.6817,13.1454
31.9048,0.060165,0,0.060165,0.7,8.21036,110,0,0,3682,87.4541,91.6817,13.1454
31.9111,0.303912,0,0.303912,0.68,7.97577,840,2,0,3683,87.4518,91.6783,13.1454
31.9309,0.538429,0,0.538429,0.68,7.97577,1236,0,0,3684,87.4631,91.6884,13.1444
31.9339,0.289055,0,0.289055,0.66,7.74119,1150,11,0,3685,87.4692,91.6934,13.1433
31.9565,1.05926,0,1.05926,0.66,7.74119,1304,0,0,3686,87.4843,91.7073,13.1423
31.9616,0.619142,0,0.619142,0.64,7.50661,1780,0,0,3687,87.5075,91.7293,13.1412
31.9826,0.020829,0,0.020829,0.64,7.50661,50,0,0,3687,87.5075,91.7293,13.1402
31.9902,1.17206,0,1.17206,0.62,7.27203,1840,0,0,3688,87.5325,91.7533,13.1402
32.0105,0.601547,0,0.601547,0.62,7.27203,1310,18,0,3689,87.5432,91.7628,13.1392
32.0177,1.32629,0,1.32629,0.6,7.03745,2209,0,0,3690,87.5783,91.7967,13.1381
32.0371,0.732646,0,0.732646,0.6,7.03745,1950,8,0,3691,87.6063,91.8236,13.1371
32.0411,0.478847,0,0.478847,0.58,6.80287,2149,1,0,3692,87.6398,91.8559,13.136
32.0605,0.019628,0,0.019628,0.58,6.80287,40,0,0,3692,87.6398,91.8559,13.135
32.0669,1.06821,0,1.06821,0.56,6.56828,1740,0,0,3693,87.6621,91.8771,13.135
32.0884,1.05806,0,1.05806,0.56,6.56828,1550,2,0,3694,87.6792,91.8931,13.1339
32.0918,0.040793,0,0.040793,0.54,6.3337,40,0,0,3694,87.6792,91.8931,13.1329
32.1144,0.908158,0,0.908158,0.54,6.3337,1150,12,0,3695,87.6855,91.8982,13.1329
32.1201,0.972198,0,0.972198,0.52,6.09912,1480,7,0,3696,87.701,91.9126,13.1319
32.1409,0.278752,0,0.278752,0.52,6.09912,30,0,0,3696,87.701,91.9126,13.1308
32.1472,0.205279,0,0.205279,0.5,5.86454,30,0,0,3696,87.701,91.9126,13.1308
32.1674,0.023017,0,0.023017,0.5,5.86454,30,0,0,3696,87.701,91.9126,13.1308
32.171,0.08042,0,0.08042,0.48,5.62996,30,0,0,3696,87.701,91.9126,13.1308
32.1913,0.658075,0,0.658075,0.48,5.62996,1450,10,0,3697,87.7157,91.9262,13.1308
32.1975,0.94178,0,0.94178,0.46,5.39538,1410,0,0,3698,87.7293,91.9386,13.1298
32.2189,0.703632,0,0.703632,0.46,5.39538,1670,11,0,3699,87.7499,91.9581,13.1287
32.2239,0.310265,0,0.310265,0.44,5.16079,390,0,0,3700,87.7359,91.943,13.1277
32.2451,0.584266,0,0.584266,0.44,5.16079,810,1,0,3701,87.7333,91.9392,13.1267
32.2494,0.273108,0,0.273108,0.42,4.92621,750,2,0,3702,87.7291,91.9338,13.1256
32.2715,0.700226,0,0.700226,0.42,4.92621,1000,0,0,3703,87.7316,91.9352,13.1246
32.2784,0.63083,0,0.63083,0.4,4.69163,820,13,0,3704,87.7292,91.9317,13.1236
32.2986,0.771316,0,0.771316,0.4,4.69163,1640,0,0,3705,87.749,91.9503,13.1225
32.3054,0.771688,0,0.771688,0.38,4.45705,1160,0,0,3706,87.7561,91.9563,13.1215
32.3247,0.86185,0,0.86185,0.38,4.45705,1648,3,0,3707,87.7793,91.9784,13.1204
32.3277,0.250157,0,0.250157,0.36,4.22247,860,12,0,3708,87.7783,91.9763,13.1194
32.3493,0.635915,0,0.635915,0.36,4.22247,1830,14,0,3709,87.8035,92.0003,13.1184
32.4118,59.659,58.9879,0.671027,0.34,3.98789,35597,160,0,3710,87.7482,91.965,13.1173
32.4153,0.288572,0,0.288572,0.32,3.75331,960,2,0,3711,87.7499,91.9655,13.1163
32.4355,0.083833,0,0.083833,0.32,3.75331,20,0,0,3711,87.7499,91.9655,13.1153
32.4389,0.665775,0,0.665775,0.3,3.51872,1850,1,0,3712,87.7756,91.99,13.1153
32.4585,0.010797,0,0.010797,0.3,3.51872,20,0,0,3712,87.7756,91.99,13.1142
32.4624,0.376168,0,0.376168,0.28,3.28414,910,0,0,3713,87.7759,91.9892,13.1142
32.4833,0.063878,0,0.063878,0.28,3.28414,20,0,0,3713,87.7759,91.9892,13.1132
32.4868,0.40554,0,0.40554,0.26,3.04956,1420,2,0,3714,87.79,92.0022,13.1132
32.5085,0.969546,0,0.969546,0.26,3.04956,2390,0,0,3715,87.8301,92.0412,13.1122
32.513,0.257294,0,0.257294,0.24,2.81498,510,1,0,3716,87.8197,92.0296,13.1111
32.5347,0.602777,0,0.602777,0.24,2.81498,1290,0,0,3717,87.8302,92.039,13.1101
32.5379,0.514518,0,0.514518,0.22,2.5804,2390,2,0,3718,87.8704,92.078,13.1091
32.5578,0.068857,0,0.068857,0.22,2.5804,20,0,0,3718,87.8704,92.078,13.108
32.5641,0.85419,0,0.85419,0.2,2.34582,1510,4,0,3719,87.8868,92.0933,13.108
32.5845,0.12268,0,0.12268,0.2,2.34582,20,0,0,3719,87.8868,92.0933,13.107
32.5879,0.599943,0,0.599943,0.18,2.11123,1010,6,0,3720,87.8898,92.0952,13.107
32.6088,0.510989,0,0.510989,0.18,2.11123,1320,0,0,3721,87.9011,92.1053,13.106
32.6113,0.050109,0,0.050109,0.16,1.87665,20,0,0,3721,87.9011,92.1053,13.1049
32.6335,0.545053,0,0.545053,0.16,1.87665,1250,22,0,3722,87.9105,92.1136,13.1049
32.6366,0.51774,0,0.51774,0.14,1.64207,2420,3,0,3723,87.9514,92.1534,13.1039
32.6572,0.732406,0,0.732406,0.14,1.64207,1050,5,0,3724,87.9554,92.1563,13.1029
32.6636,0.191266,0,0.191266,0.12,1.40749,20,0,0,3724,87.9554,92.1563,13.1018
32.6851,0.107952,0,0.107952,0.12,1.40749,20,0,0,3724,87.9554,92.1563,13.1018
32.6913,0.133172,0,0.133172,0.1,1.17291,20,0,0,3724,87.9554,92.1563,13.1018
32.713,0.274143,0,0.274143,0.1,1.17291,20,0,0,3724,87.9554,92.1563,13.1018
32.718,0.008992,0,0.008992,0.08,0.938326,20,0,0,3724,87.9554,92.1563,13.1018
32.739,0.011721,0,0.011721,0.08,0.938326,20,0,0,3724,87.9554,92.1563,13.1018
32.7441,1.15343,0,1.15343,0.06,0.703745,1630,0,0,3725,87.975,92.1748,13.1018
32.7634,0.281348,0,0.281348,0.06,0.703745,560,0,0,3726,87.9659,92.1645,13.1008
