elapsed_s,total_latency_ms,update_ms,plan_ms,time_to_goal,path_cost,obstacle_checks,queue_operations,collision_count,tree_size,avg_deg_out,avg_deg_in,radius
0.284447,284.087,31.9417,252.146,20,137.72,144782,5388,0,2589,77.1429,79.9262,14.5684
0.295686,0.265633,0,0.265633,19.98,141.742,320,2,0,2590,77.1409,79.9232,14.5668
0.315492,0.065966,0,0.065966,19.98,141.742,240,0,0,2590,77.1409,79.9232,14.5668
0.318534,0.375746,0,0.375746,19.96,141.592,289,8,0,2591,77.1636,79.9448,14.5651
0.338656,0.072831,0,0.072831,19.96,141.592,240,0,0,2591,77.1636,79.9448,14.5651
0.34172,0.447817,0,0.447817,19.94,141.442,344,2,0,2592,77.1786,79.9587,14.5635
0.36194,0.269649,0,0.269649,19.94,141.442,254,2,0,2593,77.1739,79.953,14.5619
0.364702,0.056811,0,0.056811,19.92,141.292,240,0,0,2593,77.1739,79.953,14.5619
0.385494,0.558523,0,0.558523,19.92,141.292,290,2,0,2594,77.2039,79.9819,14.5602
0.388623,0.339701,0,0.339701,19.9,141.141,340,2,0,2595,77.2054,79.9823,14.5586
0.409213,0.552719,0,0.552719,19.9,141.141,337,2,0,2596,77.2111,79.9869,14.557
0.412281,0.495437,0,0.495437,19.88,140.991,305,2,0,2597,77.2291,80.0035,14.5553
0.432192,0.061507,0,0.061507,19.88,140.991,240,0,0,2597,77.2291,80.0035,14.5553
0.435184,0.437783,0,0.437783,19.86,140.841,259,2,0,2598,77.2825,80.0558,14.5537
0.455342,0.305697,0,0.305697,19.86,140.841,277,2,0,2599,77.2747,80.0469,14.5521
0.459122,0.598753,0,0.598753,19.84,140.691,308,2,0,2600,77.3188,80.0896,14.5505
0.479055,0.427043,0,0.427043,19.84,140.691,286,2,0,2601,77.3206,80.09,14.5488
0.482613,0.49414,0,0.49414,19.82,140.541,320,6,0,2602,77.3474,80.1157,14.5472
0.502642,0.062466,0,0.062466,19.82,140.541,260,0,0,2602,77.3474,80.1157,14.5472
0.507989,0.776634,0,0.776634,19.8,140.391,405,2,0,2603,77.3465,80.1137,14.5456
0.5276,0.534228,0,0.534228,19.8,140.391,308,2,0,2604,77.3644,80.1298,14.5439
0.530724,0.077878,0,0.077878,19.78,140.241,260,0,0,2604,77.3644,80.1298,14.5439
0.550688,0.143792,0,0.143792,19.78,140.241,260,0,0,2604,77.3644,80.1298,14.5439
0.553467,0.066626,0,0.066626,19.76,140.091,261,0,0,2604,77.3644,80.1298,14.5439
0.575432,0.814047,0,0.814047,19.76,140.091,302,2,0,2605,77.38,80.1447,14.5423
0.580042,0.478694,0,0.478694,19.74,139.94,360,6,0,2606,77.3853,80.1489,14.5407
0.601212,1.33487,0,1.33487,19.74,139.94,437,2,0,2607,77.3989,80.1611,14.5391
0.609502,1.34162,0,1.34162,19.72,139.79,558,20,0,2608,77.416,80.1783,14.5375
0.62857,0.218308,0,0.218308,19.72,139.79,261,0,0,2608,77.416,80.1783,14.5375
0.633139,0.42097,0,0.42097,19.7,139.64,351,2,0,2609,77.4128,80.1744,14.5358
0.653798,1.04112,0,1.04112,19.7,139.64,356,12,0,2610,77.4471,80.2088,14.5342
0.659913,0.563506,0,0.563506,19.68,139.49,279,2,0,2611,77.4807,80.2424,14.5326
0.6798,0.289487,0,0.289487,19.68,139.49,319,2,0,2612,77.4747,80.2355,14.531
0.685207,1.1752,0,1.1752,19.66,139.34,437,4,0,2613,77.5304,80.2947,14.5294
0.705138,0.55668,0,0.55668,19.66,139.34,323,2,0,2614,77.5497,80.3125,14.5277
0.708389,0.133656,0,0.133656,19.64,139.19,281,0,0,2614,77.5497,80.3125,14.5277
0.729178,0.39291,0,0.39291,19.64,139.19,291,2,0,2615,77.5663,80.3281,14.5261
0.733385,0.228694,0,0.228694,19.62,139.04,304,2,0,2616,77.5554,80.3161,14.5245
0.754249,0.928973,0,0.928973,19.62,139.04,319,2,0,2617,77.5602,80.3202,14.5229
0.760012,0.376996,0,0.376996,19.6,138.889,311,2,0,2618,77.5821,80.3384,14.5213
0.779735,0.041203,0,0.041203,19.6,138.889,291,0,0,2618,77.5821,80.3384,14.5213
0.784661,1.0011,0,1.0011,19.58,138.739,394,6,0,2619,77.6071,80.3601,14.5197
0.804811,0.059445,0,0.059445,19.58,138.739,282,0,0,2619,77.6071,80.3601,14.5197
0.810746,0.121717,0,0.121717,19.56,138.589,282,0,0,2619,77.6071,80.3601,14.5197
0.833068,1.59893,0,1.59893,19.56,138.589,432,2,0,2620,77.6279,80.3813,14.518
0.838906,2.02903,0,2.02903,19.54,138.439,739,0,0,2621,77.6383,80.3907,14.5164
0.856594,0.014954,0,0.014954,19.54,138.439,282,0,0,2621,77.6383,80.3907,14.5164
0.859749,0.560282,0,0.560282,19.52,138.289,341,2,0,2622,77.6468,80.3986,14.5148
0.879666,0.331751,0,0.331751,19.52,138.289,401,2,0,2623,77.6401,80.3908,14.5132
0.882703,0.038275,0,0.038275,19.5,138.139,282,0,0,2623,77.6401,80.3908,14.5132
0.903399,0.410862,0,0.410862,19.5,138.139,357,2,0,2624,77.6631,80.4127,14.5116
0.905832,0.028795,0,0.028795,19.48,137.989,282,0,0,2624,77.6631,80.4127,14.5116
0.926281,0.097648,0,0.097648,19.48,137.989,282,0,0,2624,77.6631,80.4127,14.5116
0.929599,0.465076,0,0.465076,19.46,137.839,431,10,0,2625,77.6613,80.4122,14.51
0.949297,0.088067,0,0.088067,19.46,137.839,288,0,0,2625,77.6613,80.4122,14.51
0.952487,0.406571,0,0.406571,19.44,137.688,508,2,0,2626,77.6634,80.4132,14.5084
0.972652,0.562925,0,0.562925,19.44,137.688,453,18,0,2627,77.6715,80.4203,14.5068
0.975199,0.020869,0,0.020869,19.42,137.538,288,0,0,2627,77.6715,80.4203,14.5068
0.995698,0.113447,0,0.113447,19.42,137.538,288,0,0,2627,77.6715,80.4203,14.5068
0.999205,0.921238,0,0.921238,19.4,137.388,385,4,0,2628,77.7146,80.4597,14.5052
1.01868,0.074063,0,0.074063,19.4,137.388,288,0,0,2628,77.7146,80.4597,14.5052
1.02176,0.296235,0,0.296235,19.38,137.238,426,2,0,2629,77.7174,80.4614,14.5036
1.04222,0.653027,0,0.653027,19.38,137.238,426,2,0,2630,77.7297,80.4745,14.502
1.0449,0.027601,0,0.027601,19.36,137.088,288,0,0,2630,77.7297,80.4745,14.502
1.06523,0.057564,0,0.057564,19.36,137.088,288,0,0,2630,77.7297,80.4745,14.502
1.0685,0.564712,0,0.564712,19.34,136.938,494,14,0,2631,77.7351,80.477,14.5004
1.08831,0.109797,0,0.109797,19.34,136.938,288,0,0,2631,77.7351,80.477,14.5004
1.09156,0.649714,0,0.649714,19.32,136.788,649,4,0,2632,77.7595,80.5004,14.4988
1.1113,0.225188,0,0.225188,19.32,136.788,330,4,0,2633,77.7524,80.4922,14.4972
1.11437,0.371896,0,0.371896,19.3,136.637,365,8,0,2634,77.7566,80.4962,14.4956
1.13521,0.955596,0,0.955596,19.3,136.637,505,16,0,2635,77.7677,80.5093,14.494
1.13796,0.056288,0,0.056288,19.28,136.487,328,0,0,2635,77.7677,80.5093,14.494
1.15868,0.129137,0,0.129137,19.28,136.487,328,0,0,2635,77.7677,80.5093,14.494
1.16424,1.37993,0,1.37993,19.26,136.337,645,18,0,2636,77.7914,80.536,14.4924
1.18594,0.069662,0,0.069662,19.26,136.337,328,0,0,2636,77.7914,80.536,14.4924
1.19144,0.002066,0,0.002066,19.24,136.187,319,0,0,2636,77.7914,80.536,14.4924
1.20979,0.069331,0,0.069331,19.24,136.187,319,0,0,2636,77.7914,80.536,14.4924
1.21325,0.423389,0,0.423389,19.22,136.037,339,2,0,2637,77.8002,80.5434,14.4908
1.23328,0.120516,0,0.120516,19.22,136.037,329,2,0,2638,77.7817,80.5239,14.4892
1.23672,0.538365,0,0.538365,19.2,135.887,443,8,0,2639,77.7912,80.5351,14.4876
1.25698,0.491032,0,0.491032,19.2,135.887,484,4,0,2640,77.8095,80.553,14.486
1.26045,0.509582,0,0.509582,19.18,135.737,390,2,0,2641,77.8247,80.5672,14.4844
1.28102,0.969979,0,0.969979,19.18,135.737,419,4,0,2642,77.8547,80.5958,14.4828
1.28396,0.058691,0,0.058691,19.16,135.586,319,0,0,2642,77.8547,80.5958,14.4828
1.30436,0.444099,0,0.444099,19.16,135.586,493,2,0,2643,77.8668,80.6069,14.4812
1.30745,0.347542,0,0.347542,19.14,135.436,453,3,0,2644,77.8612,80.6014,14.4796
1.32759,0.184314,0,0.184314,19.14,135.436,345,2,0,2645,77.8556,80.5947,14.478
1.33077,0.481628,0,0.481628,19.12,135.286,389,2,0,2646,77.8794,80.6179,14.4764
1.35061,0.062457,0,0.062457,19.12,135.286,329,0,0,2646,77.8794,80.6179,14.4764
1.35384,0.616315,0,0.616315,19.1,135.136,383,2,0,2647,77.9097,80.6487,14.4748
1.37425,0.908635,0,0.908635,19.1,135.136,453,4,0,2648,77.9301,80.6673,14.4732
1.37721,0.001224,0,0.001224,19.08,134.986,320,0,0,2648,77.9301,80.6673,14.4732
1.39808,0.561643,0,0.561643,19.08,134.986,784,0,0,2649,77.9317,80.6678,14.4716
1.40077,0.001652,0,0.001652,19.06,134.836,320,0,0,2649,77.9317,80.6678,14.4716
1.42141,0.300326,0,0.300326,19.06,134.836,351,2,0,2650,77.9275,80.6619,14.47
1.42461,0.535128,0,0.535128,19.04,134.686,553,18,0,2651,77.9295,80.662,14.4684
1.44457,0.167579,0,0.167579,19.04,134.686,321,0,0,2651,77.9295,80.662,14.4684
1.44842,1.03266,0,1.03266,19.02,134.536,887,0,0,2652,77.9491,80.6806,14.4668
1.46774,0.140869,0,0.140869,19.02,134.536,331,1,0,2653,77.9337,80.6642,14.4653
1.47223,0.562028,0,0.562028,19,134.385,366,4,0,2654,77.9601,80.6899,14.4637
1.4925,0.607331,0,0.607331,19,134.385,349,2,0,2655,77.9672,80.696,14.4621
1.49571,0.039933,0,0.039933,18.98,134.235,331,0,0,2655,77.9672,80.696,14.4621
1.5164,0.417652,0,0.417652,18.98,134.235,361,2,0,2656,77.9748,80.7029,14.4605
1.51921,0.036137,0,0.036137,18.96,134.085,337,0,0,2656,77.9748,80.7029,14.4605
1.5399,0.642129,0,0.642129,18.96,134.085,392,2,0,2657,78.003,80.7301,14.4589
1.54259,0.024236,0,0.024236,18.94,133.935,337,0,0,2657,78.003,80.7301,14.4589
1.56336,0.50904,0,0.50904,18.94,133.935,368,2,0,2658,78.0192,80.7453,14.4573
1.56636,0.185159,0,0.185159,18.92,133.785,396,2,0,2659,78.0135,80.7386,14.4558
1.5871,0.640173,0,0.640173,18.92,133.785,802,0,0,2660,78.0117,80.7357,14.4542
1.59014,0.382484,0,0.382484,18.9,133.635,399,2,0,2661,78.0207,80.7437,14.4526
1.61008,0.069373,0,0.069373,18.9,133.635,348,0,0,2661,78.0207,80.7437,14.4526
1.61352,0.335404,0,0.335404,18.88,133.485,358,2,0,2662,78.0368,80.7588,14.451
1.63384,0.644841,0,0.644841,18.88,133.485,386,2,0,2663,78.0736,80.7942,14.4494
1.63662,0.088194,0,0.088194,18.86,133.334,349,1,0,2664,78.0582,80.7778,14.4479
1.65701,0.159112,0,0.159112,18.86,133.334,359,2,0,2665,78.0447,80.7632,14.4463
1.66031,0.516609,0,0.516609,18.84,133.184,473,2,0,2666,78.0499,80.7682,14.4447
1.68005,0.040094,0,0.040094,18.84,133.184,350,0,0,2666,78.0499,80.7682,14.4447
1.68293,0.74837,0,0.74837,18.82,133.034,459,2,0,2667,78.0821,80.796,14.4431
1.70314,0.785663,0,0.785663,18.82,133.034,430,4,0,2668,78.1237,80.8362,14.4415
1.70679,0.012947,0,0.012947,18.8,132.884,331,0,0,2668,78.1237,80.8362,14.4415
1.72717,0.00228,0,0.00228,18.8,132.884,331,0,0,2668,78.1237,80.8362,14.4415
1.731,0.989524,0,0.989524,18.78,132.734,440,2,0,2669,78.1532,80.8629,14.44
1.75155,1.2509,0,1.2509,18.78,132.734,1177,2,0,2670,78.1861,80.8948,14.4384
1.75472,0.323729,0,0.323729,18.76,132.584,439,0,0,2671,78.2097,80.9173,14.4368
1.77499,0.002869,0,0.002869,18.76,132.584,321,0,0,2671,78.2097,80.9173,14.4368
1.78015,0.091563,0,0.091563,18.74,132.434,311,0,0,2671,78.2097,80.9173,14.4368
1.79977,0.160819,0,0.160819,18.74,132.434,325,2,0,2672,78.1984,80.9049,14.4352
1.80333,0.415032,0,0.415032,18.72,132.284,324,2,0,2673,78.2065,80.9117,14.4337
1.82335,0.38489,0,0.38489,18.72,132.284,395,5,0,2674,78.1993,80.9035,14.4321
1.82666,0.104597,0,0.104597,18.7,132.133,311,0,0,2674,78.1993,80.9035,14.4321
1.84767,0.815167,0,0.815167,18.7,132.133,361,2,0,2675,78.2452,80.948,14.4305
1.85143,0.889254,0,0.889254,18.68,131.983,503,12,0,2676,78.272,80.9757,14.429
1.87075,0.10607,0,0.10607,18.68,131.983,311,0,0,2676,78.272,80.9757,14.429
1.87365,0.276825,0,0.276825,18.66,131.833,312,2,0,2677,78.2962,80.9989,14.4274
1.89404,0.310736,0,0.310736,18.66,131.833,352,10,0,2678,78.2886,80.9899,14.4258
1.89684,0.276627,0,0.276627,18.64,131.683,402,6,0,2679,78.3012,81.0015,14.4243
1.91796,0.599295,0,0.599295,18.64,131.683,394,2,0,2680,78.3052,81.0049,14.4227
1.92063,0.053234,0,0.053234,18.62,131.533,308,0,0,2680,78.3052,81.0049,14.4227
1.94109,0.03897,0,0.03897,18.62,131.533,308,0,0,2680,78.3052,81.0049,14.4227
1.94545,0.060172,0,0.060172,18.6,131.383,318,0,0,2680,78.3052,81.0049,14.4227
1.96526,0.078931,0,0.078931,18.6,131.383,318,0,0,2680,78.3052,81.0049,14.4227
1.96973,0.862834,0,0.862834,18.58,131.233,447,2,0,2681,78.323,81.0257,14.4211
1.99023,0.779521,0,0.779521,18.58,131.233,377,2,0,2682,78.3464,81.0481,14.4196
1.99528,0.810232,0,0.810232,18.56,131.082,439,2,0,2683,78.3615,81.0622,14.418
2.01546,0.071982,0,0.071982,18.56,131.082,319,0,0,2683,78.3615,81.0622,14.418
2.02089,0.060573,0,0.060573,18.54,130.932,310,0,0,2683,78.3615,81.0622,14.418
2.0416,0.857018,0,0.857018,18.54,130.932,564,2,0,2684,78.364,81.0652,14.4164
2.0485,1.60944,0,1.60944,18.52,130.782,393,2,0,2685,78.3966,81.098,14.4149
2.06644,0.157086,0,0.157086,18.52,130.782,311,0,0,2685,78.3966,81.098,14.4149
2.0716,0.028824,0,0.028824,18.5,130.632,321,0,0,2685,78.3966,81.098,14.4149
2.09285,0.761572,0,0.761572,18.5,130.632,376,8,0,2686,78.4028,81.1046,14.4133
2.10026,2.12358,0,2.12358,18.48,130.482,444,4,0,2687,78.4414,81.1463,14.4117
2.11948,0.923315,0,0.923315,18.48,130.482,351,2,0,2688,78.4699,81.1734,14.4102
2.12377,0.591912,0,0.591912,18.46,130.332,383,2,0,2689,78.4801,81.1826,14.4086
2.14586,2.0647,0,2.0647,18.46,130.332,573,4,0,2690,78.5026,81.2063,14.4071
2.15217,1.16806,0,1.16806,18.44,130.182,727,27,0,2691,78.5039,81.2103,14.4055
2.17272,1.2607,0,1.2607,18.44,130.182,437,2,0,2692,78.5089,81.2125,14.4039
2.17951,0.056719,0,0.056719,18.42,130.032,341,0,0,2692,78.5089,81.2125,14.4039
2.19978,0.907938,0,0.907938,18.42,130.032,413,2,0,2693,78.5388,81.2436,14.4024
2.20715,1.06041,0,1.06041,18.4,129.881,405,2,0,2694,78.552,81.2539,14.4008
2.22604,0.071093,0,0.071093,18.4,129.881,332,0,0,2694,78.552,81.2539,14.4008
2.2291,0.326679,0,0.326679,18.38,129.731,471,2,0,2695,78.5458,81.2468,14.3993
2.25284,3.06921,0,3.06921,18.38,129.731,1191,0,0,2696,78.553,81.253,14.3977
2.26066,0.950882,0,0.950882,18.36,129.581,457,2,0,2697,78.5792,81.2755,14.3962
2.28002,0.396677,0,0.396677,18.36,129.581,418,2,0,2698,78.5675,81.2617,14.3946
2.28275,0.045265,0,0.045265,18.34,129.431,326,0,0,2698,78.5675,81.2617,14.3946
2.30308,0.002171,0,0.002171,18.34,129.431,326,0,0,2698,78.5675,81.2617,14.3946
2.30786,0.374705,0,0.374705,18.32,129.281,352,2,0,2699,78.585,81.2797,14.3931
2.32832,0.220854,0,0.220854,18.32,129.281,326,0,0,2699,78.585,81.2797,14.3931
2.33543,0.23866,0,0.23866,18.3,129.131,336,1,0,2700,78.567,81.2607,14.3915
2.35558,0.127131,0,0.127131,18.3,129.131,336,0,0,2700,78.567,81.2607,14.3915
2.36057,0.053927,0,0.053927,18.28,128.981,326,0,0,2700,78.567,81.2607,14.3915
2.38097,0.128083,0,0.128083,18.28,128.981,326,0,0,2700,78.567,81.2607,14.3915
2.38584,1.10482,0,1.10482,18.26,128.83,1026,2,0,2701,78.592,81.2847,14.39
2.40579,0.606939,0,0.606939,18.26,128.83,423,12,0,2702,78.6107,81.3038,14.3884
2.40927,0.616831,0,0.616831,18.24,127.263,424,2,0,2703,78.6167,81.3089,14.3869
2.42927,0.040118,0,0.040118,18.24,127.263,328,0,0,2703,78.6167,81.3089,14.3869
2.43324,0.038341,0,0.038341,18.22,127.225,329,0,0,2703,78.6167,81.3089,14.3869
2.45388,0.514277,0,0.514277,18.22,127.225,339,2,0,2704,78.6516,81.3428,14.3853
2.45886,1.10273,0,1.10273,18.2,127.187,375,2,0,2705,78.6895,81.3815,14.3838
2.47783,0.02601,0,0.02601,18.2,127.187,319,0,0,2705,78.6895,81.3815,14.3838
2.48121,0.4004,0,0.4004,18.18,127.148,391,2,0,2706,78.7066,81.3987,14.3822
2.5012,0.002378,0,0.002378,18.18,127.148,319,0,0,2706,78.7066,81.3987,14.3822
2.50467,0.384358,0,0.384358,18.16,127.11,607,0,0,2707,78.7178,81.4089,14.3807
2.5257,0.871099,0,0.871099,18.16,127.11,361,2,0,2708,78.7345,81.4269,14.3791
2.53086,0.075102,0,0.075102,18.14,127.071,319,0,0,2708,78.7345,81.4269,14.3791
2.55197,0.710319,0,0.710319,18.14,127.071,477,12,0,2709,78.7534,81.4456,14.3776
2.5603,1.67113,0,1.67113,18.12,127.033,418,2,0,2710,78.79,81.479,14.376
2.57874,0.409041,0,0.409041,18.12,127.033,319,2,0,2711,78.8119,81.4998,14.3745
2.58184,0.419207,0,0.419207,18.1,126.995,392,2,0,2712,78.8241,81.5129,14.3729
2.60235,0.271684,0,0.271684,18.1,126.995,322,2,0,2713,78.8216,81.5101,14.3714
2.6054,0.282309,0,0.282309,18.08,126.956,319,2,0,2714,78.8486,81.5361,14.3699
2.62666,0.788906,0,0.788906,18.08,126.956,463,2,0,2715,78.856,81.5422,14.3683
2.63033,0.50696,0,0.50696,18.06,126.918,342,2,0,2716,78.8855,81.5711,14.3668
2.65175,1.26834,0,1.26834,18.06,126.918,365,2,0,2717,78.9323,81.6161,14.3652
2.65644,0.114735,0,0.114735,18.04,126.879,310,0,0,2717,78.9323,81.6161,14.3652
2.6767,0.084447,0,0.084447,18.04,126.879,310,0,0,2717,78.9323,81.6161,14.3652
2.68283,0.172733,0,0.172733,18.02,126.841,310,2,0,2718,78.9128,81.5957,14.3637
2.70329,0.577408,0,0.577408,18.02,126.841,390,6,0,2719,78.9198,81.6043,14.3622
2.70592,0.142981,0,0.142981,18,126.802,319,2,0,2720,78.9136,81.5974,14.3606
2.72666,0.388563,0,0.388563,18,126.802,310,1,0,2721,78.9144,81.5972,14.3591
2.72964,0.026545,0,0.026545,17.98,126.764,300,0,0,2721,78.9144,81.5972,14.3591
2.75007,0.043663,0,0.043663,17.98,126.764,300,0,0,2721,78.9144,81.5972,14.3591
2.75357,0.730074,0,0.730074,17.96,126.726,381,2,0,2722,78.9578,81.6429,14.3575
2.77552,1.64358,0,1.64358,17.96,126.726,442,4,0,2723,78.9754,81.6541,14.356
2.78241,0.814261,0,0.814261,17.94,126.687,329,2,0,2724,79.0066,81.6843,14.3545
2.80174,0.107935,0,0.107935,17.94,126.687,310,0,0,2724,79.0066,81.6843,14.3545
2.80451,0.039629,0,0.039629,17.92,126.649,310,0,0,2724,79.0066,81.6843,14.3545
2.825,0.059539,0,0.059539,17.92,126.649,310,0,0,2724,79.0066,81.6843,14.3545
2.82828,0.440498,0,0.440498,17.9,126.61,364,2,0,2725,79.0308,81.7075,14.3529
2.8489,0.103183,0,0.103183,17.9,126.61,310,0,0,2725,79.0308,81.7075,14.3529
2.85173,0.02667,0,0.02667,17.88,126.572,310,0,0,2725,79.0308,81.7075,14.3529
2.87296,0.003542,0,0.003542,17.88,126.572,310,0,0,2725,79.0308,81.7075,14.3529
2.87892,0.057664,0,0.057664,17.86,126.534,310,0,0,2725,79.0308,81.7075,14.3529
2.89968,0.990835,0,0.990835,17.86,126.534,409,2,0,2726,79.0616,81.7344,14.3514
2.90402,0.879917,0,0.879917,17.84,126.495,377,2,0,2727,79.0781,81.7492,14.3499
2.92428,1.65123,0,1.65123,17.84,126.495,422,2,0,2728,79.1089,81.7753,14.3483
2.92798,0.042903,0,0.042903,17.82,126.457,310,0,0,2728,79.1089,81.7753,14.3483
2.94865,0.031738,0,0.031738,17.82,126.457,310,0,0,2728,79.1089,81.7753,14.3483
2.95212,0.028585,0,0.028585,17.8,126.418,310,0,0,2728,79.1089,81.7753,14.3483
2.97544,1.82072,0,1.82072,17.8,126.418,488,14,0,2729,79.1209,81.7871,14.3468
2.98147,0.646045,0,0.646045,17.78,126.38,336,2,0,2730,79.1194,81.7853,14.3453
3.00167,0.195789,0,0.195789,17.78,126.38,300,0,0,2730,79.1194,81.7853,14.3453
3.00813,0.115611,0,0.115611,17.76,126.341,300,0,0,2730,79.1194,81.7853,14.3453
3.02868,0.945092,0,0.945092,17.76,126.341,356,2,0,2731,79.1549,81.8206,14.3437
3.03336,0.764791,0,0.764791,17.74,126.303,310,2,0,2732,79.1863,81.851,14.3422
3.05236,0.792094,0,0.792094,17.74,126.303,594,26,0,2733,79.1925,81.8584,14.3407
3.0549,0.047584,0,0.047584,17.72,126.265,300,0,0,2733,79.1925,81.8584,14.3407
3.07633,0.883887,0,0.883887,17.72,126.265,507,4,0,2734,79.1946,81.861,14.3392
3.0789,0.332328,0,0.332328,17.7,126.226,425,2,0,2735,79.1993,81.8654,14.3376
3.1,0.202046,0,0.202046,17.7,126.226,300,0,0,2735,79.1993,81.8654,14.3376
3.10633,0.740811,0,0.740811,17.68,126.188,320,2,0,2736,79.2255,81.89,14.3361
3.12561,0.169922,0,0.169922,17.68,126.188,300,0,0,2736,79.2255,81.89,14.3361
3.12907,0.867827,0,0.867827,17.66,126.149,993,0,0,2737,79.2452,81.9087,14.3346
3.15067,1.28567,0,1.28567,17.66,126.149,559,2,0,2738,79.2717,81.9343,14.3331
3.15662,0.678735,0,0.678735,17.64,126.111,320,2,0,2739,79.306,81.9679,14.3315
3.17626,0.252977,0,0.252977,17.64,126.111,394,1,0,2740,79.2942,81.9551,14.33
3.17915,0.678638,0,0.678638,17.62,126.073,740,2,0,2741,79.3189,81.9785,14.3285
3.20132,1.33456,0,1.33456,17.62,126.073,356,4,0,2742,79.3406,81.9989,14.327
3.20724,0.963552,0,0.963552,17.6,126.034,418,2,0,2743,79.366,82.0255,14.3254
3.22676,0.081736,0,0.081736,17.6,126.034,290,0,0,2743,79.366,82.0255,14.3254
3.23432,1.59763,0,1.59763,17.58,125.996,704,24,0,2744,79.3761,82.0357,14.3239
3.25301,0.878509,0,0.878509,17.58,125.996,420,2,0,2745,79.4011,82.0608,14.3224
3.25696,1.24215,0,1.24215,17.56,125.957,321,2,0,2746,79.4443,82.1016,14.3209
3.27665,0.872632,0,0.872632,17.56,125.957,396,2,0,2747,79.4729,82.13,14.3194
3.27886,0.022058,0,0.022058,17.54,125.919,286,0,0,2747,79.4729,82.13,14.3194
3.29976,0.091756,0,0.091756,17.54,125.919,286,0,0,2747,79.4729,82.13,14.3194
3.30322,0.481411,0,0.481411,17.52,125.88,367,2,0,2748,79.4862,82.1426,14.3178
3.32395,1.17647,0,1.17647,17.52,125.88,410,2,0,2749,79.5242,82.1801,14.3163
3.32639,0.018533,0,0.018533,17.5,125.842,296,0,0,2749,79.5242,82.1801,14.3163
3.34785,0.834953,0,0.834953,17.5,125.842,413,4,0,2750,79.5364,82.1916,14.3148
3.35043,0.056498,0,0.056498,17.48,125.804,296,0,0,2750,79.5364,82.1916,14.3148
3.37089,0.137953,0,0.137953,17.48,125.804,306,1,0,2751,79.5227,82.177,14.3133
3.37365,0.238722,0,0.238722,17.46,125.765,430,2,0,2752,79.5338,82.1871,14.3118
3.39634,1.51699,0,1.51699,17.46,125.765,409,2,0,2753,79.5634,82.2169,14.3103
3.40024,0.023061,0,0.023061,17.44,125.727,315,0,0,2753,79.5634,82.2169,14.3103
3.42117,0.128685,0,0.128685,17.44,125.727,315,0,0,2753,79.5634,82.2169,14.3103
3.42705,0.836657,0,0.836657,17.42,125.688,339,2,0,2754,79.5777,82.2306,14.3088
3.44612,0.03747,0,0.03747,17.42,125.688,315,0,0,2754,79.5777,82.2306,14.3088
3.45041,0.633696,0,0.633696,17.4,125.65,395,6,0,2755,79.5764,82.2294,14.3072
3.47028,0.004242,0,0.004242,17.4,125.65,315,0,0,2755,79.5764,82.2294,14.3072
3.47542,0.024367,0,0.024367,17.38,125.612,315,0,0,2755,79.5764,82.2294,14.3072
3.4972,0.591947,0,0.591947,17.38,125.612,325,2,0,2756,79.5809,82.2329,14.3057
3.50289,0.097678,0,0.097678,17.36,125.573,315,0,0,2756,79.5809,82.2329,14.3057
3.5231,0.08223,0,0.08223,17.36,125.573,315,0,0,2756,79.5809,82.2329,14.3057
3.52944,0.620915,0,0.620915,17.34,125.535,389,4,0,2757,79.5872,82.2383,14.3042
3.54825,0.09611,0,0.09611,17.34,125.535,305,0,0,2757,79.5872,82.2383,14.3042
3.55257,0.028584,0,0.028584,17.32,125.496,305,0,0,2757,79.5872,82.2383,14.3042
3.57325,0.004222,0,0.004222,17.32,125.496,305,0,0,2757,79.5872,82.2383,14.3042
3.57949,0.492245,0,0.492245,17.3,125.458,334,2,0,2758,79.5903,82.2404,14.3027
3.60064,0.61659,0,0.61659,17.3,125.458,344,2,0,2759,79.5843,82.2331,14.3012
3.60741,0.004365,0,0.004365,17.28,125.419,314,0,0,2759,79.5843,82.2331,14.3012
3.62714,0.002358,0,0.002358,17.28,125.419,314,0,0,2759,79.5843,82.2331,14.3012
3.62999,0.672915,0,0.672915,17.26,125.381,364,2,0,2760,79.613,82.2609,14.2997
3.65286,2.44047,0,2.44047,17.26,125.381,942,0,0,2761,79.6226,82.2695,14.2982
3.65622,0.001697,0,0.001697,17.24,125.343,308,0,0,2761,79.6226,82.2695,14.2982
3.67761,0.158266,0,0.158266,17.24,125.343,308,0,0,2761,79.6226,82.2695,14.2982
3.68346,1.34304,0,1.34304,17.22,125.304,754,30,0,2762,79.6314,82.2781,14.2967
3.70402,1.3847,0,1.3847,17.22,125.304,1069,4,0,2763,79.6594,82.3051,14.2952
3.71152,0.818042,0,0.818042,17.2,125.266,399,2,0,2764,79.6809,82.3256,14.2937
3.73123,0.742828,0,0.742828,17.2,125.266,355,2,0,2765,79.7114,82.3552,14.2922
3.73359,0.04328,0,0.04328,17.18,125.227,335,0,0,2765,79.7114,82.3552,14.2922
3.75444,0.414413,0,0.414413,17.18,125.227,408,2,0,2766,79.7144,82.3576,14.2906
3.76005,1.2762,0,1.2762,17.16,125.189,430,2,0,2767,79.7423,82.3809,14.2891
3.78018,0.614849,0,0.614849,17.16,125.189,358,2,0,2768,79.7457,82.3833,14.2876
3.78487,0.61623,0,0.61623,17.14,125.151,364,2,0,2769,79.7631,82.4001,14.2861
3.80656,0.90081,0,0.90081,17.14,125.151,372,2,0,2770,79.7805,82.4162,14.2846
3.81251,0.861569,0,0.861569,17.12,125.112,411,2,0,2771,79.8232,82.4623,14.2831
3.83417,1.99246,0,1.99246,17.12,125.112,415,2,0,2772,79.8629,82.5022,14.2816
3.8414,0.676262,0,0.676262,17.1,125.074,403,2,0,2773,79.8713,82.5096,14.2801
3.86222,1.20456,0,1.20456,17.1,125.074,375,2,0,2774,79.8958,82.5328,14.2786
3.86969,0.832532,0,0.832532,17.08,125.035,491,18,0,2775,79.8951,82.5301,14.2771
3.88861,0.223226,0,0.223226,17.08,125.035,383,1,0,2776,79.8894,82.5234,14.2756
3.8925,0.062685,0,0.062685,17.06,124.997,380,0,0,2776,79.8894,82.5234,14.2756
3.91236,0.371146,0,0.371146,17.06,124.997,486,2,0,2777,79.888,82.5211,14.2741
3.91601,0.10465,0,0.10465,17.04,124.959,380,0,0,2777,79.888,82.5211,14.2741
3.93621,0.350677,0,0.350677,17.04,124.959,433,4,0,2778,79.8841,82.5155,14.2726
3.94104,1.4789,0,1.4789,17.02,124.92,467,2,0,2779,79.9003,82.5372,14.2711
3.95984,0.087338,0,0.087338,17.02,124.92,389,0,0,2779,79.9003,82.5372,14.2711
3.96266,0.134444,0,0.134444,17,124.882,411,1,0,2780,79.8899,82.5259,14.2696
3.98305,0.131443,0,0.131443,17,124.882,389,0,0,2780,79.8899,82.5259,14.2696
3.98663,0.429905,0,0.429905,16.98,124.843,474,2,0,2781,79.8781,82.5131,14.2682
4.00681,0.399868,0,0.399868,16.98,124.843,434,2,0,2782,79.8796,82.5144,14.2667
4.01045,0.357221,0,0.357221,16.96,124.805,441,2,0,2783,79.8847,82.5181,14.2652
4.03172,0.099855,0,0.099855,16.96,124.805,398,0,0,2783,79.8847,82.5181,14.2652
4.03906,1.94242,0,1.94242,16.94,124.766,702,19,0,2784,79.8933,82.5291,14.2637
4.05846,0.590404,0,0.590404,16.94,124.766,465,2,0,2785,79.9099,82.5429,14.2622
4.06527,1.10296,0,1.10296,16.92,124.728,583,2,0,2786,79.9088,82.5424,14.2607
4.08366,0.059058,0,0.059058,16.92,124.728,443,0,0,2786,79.9088,82.5424,14.2607
4.08823,0.168052,0,0.168052,16.9,124.69,452,0,0,2786,79.9088,82.5424,14.2607
4.10881,0.747027,0,0.747027,16.9,124.69,508,2,0,2787,79.9469,82.5798,14.2592
4.11184,0.758743,0,0.758743,16.88,124.651,562,2,0,2788,79.9778,82.6065,14.2577
4.133,1.11999,0,1.11999,16.88,124.651,566,2,0,2789,80.0176,82.6436,14.2562
4.13524,0.026517,0,0.026517,16.86,124.613,469,0,0,2789,80.0176,82.6436,14.2562
4.1578,1.21166,0,1.21166,16.86,124.613,526,2,0,2790,80.0398,82.6642,14.2547
4.16366,1.76622,0,1.76622,16.84,124.574,675,12,0,2791,80.0645,82.6894,14.2532
4.18216,0.491017,0,0.491017,16.84,124.574,490,2,0,2792,80.0831,82.7063,14.2518
4.18729,1.38647,0,1.38647,16.82,124.536,688,29,0,2793,80.0934,82.7143,14.2503
4.20684,0.457349,0,0.457349,16.82,124.536,508,6,0,2794,80.088,82.7079,14.2488
4.21229,1.23828,0,1.23828,16.8,124.498,515,2,0,2795,80.1317,82.7517,14.2473
4.23214,0.878384,0,0.878384,16.8,124.498,825,2,0,2796,80.157,82.7761,14.2458
4.23483,0.314366,0,0.314366,16.78,124.459,500,2,0,2797,80.1813,82.7991,14.2443
4.25534,0.363462,0,0.363462,16.78,124.459,558,2,0,2798,80.183,82.7988,14.2428
4.25836,0.413027,0,0.413027,16.76,124.421,528,2,0,2799,80.1972,82.8131,14.2414
4.27845,0.110475,0,0.110475,16.76,124.421,468,0,0,2799,80.1972,82.8131,14.2414
4.28399,1.3996,0,1.3996,16.74,124.382,562,2,0,2800,80.2146,82.83,14.2399
4.3032,0.56667,0,0.56667,16.74,124.382,543,14,0,2801,80.2371,82.8486,14.2384
4.30576,0.204913,0,0.204913,16.72,124.344,570,4,0,2802,80.2295,82.8398,14.2369
4.32716,0.604291,0,0.604291,16.72,124.344,478,2,0,2803,80.2483,82.8577,14.2354
4.32977,0.001149,0,0.001149,16.7,124.305,458,0,0,2803,80.2483,82.8577,14.2354
4.35012,0.096976,0,0.096976,16.7,124.305,458,0,0,2803,80.2483,82.8577,14.2354
4.35333,0.242911,0,0.242911,16.68,124.267,535,2,0,2804,80.2436,82.8534,14.234
4.37345,0.099073,0,0.099073,16.68,124.267,448,0,0,2804,80.2436,82.8534,14.234
4.37698,0.733322,0,0.733322,16.66,124.229,499,2,0,2805,80.2663,82.8752,14.2325
4.39743,0.544528,0,0.544528,16.66,124.229,476,2,0,2806,80.2766,82.8838,14.231
4.40104,0.329403,0,0.329403,16.64,124.19,448,2,0,2807,80.3025,82.9088,14.2295
4.42122,0.002218,0,0.002218,16.64,124.19,438,0,0,2807,80.3025,82.9088,14.2295
4.42385,0.266467,0,0.266467,16.62,124.152,528,2,0,2808,80.3027,82.9078,14.228
4.44479,0.004097,0,0.004097,16.62,124.152,428,0,0,2808,80.3027,82.9078,14.228
4.45249,0.707323,0,0.707323,16.6,124.113,446,2,0,2809,80.32,82.9242,14.2266
4.47077,0.037493,0,0.037493,16.6,124.113,428,0,0,2809,80.32,82.9242,14.2266
4.47417,0.086913,0,0.086913,16.58,124.075,428,0,0,2809,80.32,82.9242,14.2266
4.49509,0.404841,0,0.404841,16.58,124.075,447,2,0,2810,80.332,82.9342,14.2251
4.49871,0.499237,0,0.499237,16.56,124.037,481,2,0,2811,80.3458,82.9477,14.2236
4.5193,1.13857,0,1.13857,16.56,124.037,1198,0,0,2812,80.367,82.968,14.2221
4.52177,0.17128,0,0.17128,16.54,123.998,432,2,0,2813,80.3747,82.9748,14.2207
4.54277,0.177534,0,0.177534,16.54,123.998,418,0,0,2813,80.3747,82.9748,14.2207
4.54864,0.426389,0,0.426389,16.52,123.96,452,4,0,2814,80.3831,82.9829,14.2192
4.57141,2.13882,0,2.13882,16.52,123.96,496,2,0,2815,80.4252,83.0224,14.2177
4.57835,0.111023,0,0.111023,16.5,123.921,418,0,0,2815,80.4252,83.0224,14.2177
4.59811,0.002188,0,0.002188,16.5,123.921,418,0,0,2815,80.4252,83.0224,14.2177
4.6015,0.977872,0,0.977872,16.48,123.883,624,6,0,2816,80.4375,83.0405,14.2163
4.62331,1.20877,0,1.20877,16.48,123.883,506,2,0,2817,80.4576,83.0589,14.2148
4.62591,0.001121,0,0.001121,16.46,123.844,418,0,0,2817,80.4576,83.0589,14.2148
4.64654,0.290718,0,0.290718,16.46,123.844,437,2,0,2818,80.4521,83.0525,14.2133
4.64966,0.401665,0,0.401665,16.44,123.806,521,4,0,2819,80.4555,83.0525,14.2118
4.66997,0.153651,0,0.153651,16.44,123.806,418,0,0,2819,80.4555,83.0525,14.2118
4.67375,0.865185,0,0.865185,16.42,123.768,1038,0,0,2820,80.4748,83.0709,14.2104
4.69366,0.082525,0,0.082525,16.42,123.768,408,0,0,2820,80.4748,83.0709,14.2104
4.69734,1.38849,0,1.38849,16.4,123.729,514,2,0,2821,80.4977,83.0922,14.2089
4.71786,0.371074,0,0.371074,16.4,123.729,428,1,0,2822,80.4915,83.085,14.2074
4.72401,0.748654,0,0.748654,16.38,123.691,507,6,0,2823,80.5246,83.1151,14.206
4.74441,0.913325,0,0.913325,16.38,123.691,558,12,0,2824,80.5499,83.1413,14.2045
4.75166,1.30574,0,1.30574,16.36,123.652,578,4,0,2825,80.571,83.1611,14.203
4.77183,1.68182,0,1.68182,16.36,123.652,537,2,0,2826,80.598,83.1865,14.2016
4.77484,0.020369,0,0.020369,16.34,123.614,418,0,0,2826,80.598,83.1865,14.2016
4.79592,0.206906,0,0.206906,16.34,123.614,418,0,0,2826,80.598,83.1865,14.2016
4.99946,198.346,14.831,183.515,16.32,123.576,104326,4176,0,2826,79.1373,81.9515,14.2016
5.00762,4.1801,0,4.1801,16.3,128.224,4575,104,0,2827,79.1295,81.9476,14.2001
5.02427,0.510554,0,0.510554,16.3,128.224,203,4,0,2828,79.1478,81.965,14.1987
5.02769,0.438834,0,0.438834,16.28,128.201,242,2,0,2829,79.1668,81.9841,14.1972
5.04932,1.48993,0,1.48993,16.28,128.201,383,30,0,2830,79.2064,82.023,14.1957
5.05245,0.194099,0,0.194099,16.26,128.177,186,2,0,2831,79.2042,82.0191,14.1943
5.0725,0.162561,0,0.162561,16.26,128.177,178,1,0,2832,79.1988,82.0127,14.1928
5.0759,0.645957,0,0.645957,16.24,128.153,231,2,0,2833,79.24,82.0526,14.1913
5.09602,0.19945,0,0.19945,16.24,128.153,178,0,0,2833,79.24,82.0526,14.1913
5.0995,0.504899,0,0.504899,16.22,128.129,251,2,0,2834,79.2615,82.0727,14.1899
5.12033,0.845296,0,0.845296,16.22,128.129,736,0,0,2835,79.2818,82.0921,14.1884
5.12389,0.765465,0,0.765465,16.2,128.106,265,2,0,2836,79.3248,82.1329,14.187
5.14493,0.992439,0,0.992439,16.2,128.106,500,2,0,2837,79.3359,82.1435,14.1855
5.15038,0.756248,0,0.756248,16.18,128.082,236,2,0,2838,79.3658,82.1723,14.1841
5.16987,0.126452,0,0.126452,16.18,128.082,181,0,0,2838,79.3658,82.1723,14.1841
5.17374,0.001001,0,0.001001,16.16,128.058,181,0,0,2838,79.3658,82.1723,14.1841
5.1948,0.360682,0,0.360682,16.16,128.058,249,0,0,2839,79.3741,82.1796,14.1826
5.19736,0.01936,0,0.01936,16.14,128.035,181,0,0,2839,79.3741,82.1796,14.1826
5.21823,0.07966,0,0.07966,16.14,128.035,181,0,0,2839,79.3741,82.1796,14.1826
5.22477,1.20862,0,1.20862,16.12,128.011,258,12,0,2840,79.406,82.2095,14.1811
5.24538,1.10598,0,1.10598,16.12,128.011,279,2,0,2841,79.4118,82.2151,14.1797
5.25151,0.345319,0,0.345319,16.1,127.987,217,2,0,2842,79.4156,82.2182,14.1782
5.2711,0.02967,0,0.02967,16.1,127.987,185,0,0,2842,79.4156,82.2182,14.1782
5.27864,0.96386,0,0.96386,16.08,127.964,225,2,0,2843,79.434,82.2357,14.1768
5.2979,0.799496,0,0.799496,16.08,127.964,270,2,0,2844,79.4529,82.2546,14.1753
5.52903,228.288,19.497,208.791,16.06,127.94,140106,4947,0,2845,79.1996,82.0116,14.1739
5.53258,0.479373,0,0.479373,16.04,127.916,492,0,0,2846,79.2358,82.0467,14.1724
5.55314,0.603329,0,0.603329,16.04,127.916,274,2,0,2847,79.2483,82.0587,14.171
5.55586,0.001002,0,0.001002,16.02,127.892,185,0,0,2847,79.2483,82.0587,14.171
5.57682,0.24662,0,0.24662,16.02,127.892,195,2,0,2848,79.2458,82.0551,14.1695
5.57993,0.378256,0,0.378256,16,127.869,283,2,0,2849,79.2622,82.0709,14.1681
5.60022,0.397075,0,0.397075,16,127.869,240,2,0,2850,79.266,82.0737,14.1666
5.60329,0.031803,0,0.031803,15.98,127.845,194,0,0,2850,79.266,82.0737,14.1666
5.62439,0.550845,0,0.550845,15.98,127.845,241,4,0,2851,79.2894,82.0961,14.1652
5.62808,0.247711,0,0.247711,15.96,127.821,246,2,0,2852,79.2802,82.0859,14.1637
5.64979,1.42155,0,1.42155,15.96,127.821,1066,0,0,2853,79.3056,82.1104,14.1623
5.65289,0.044454,0,0.044454,15.94,127.798,194,0,0,2853,79.3056,82.1104,14.1623
5.67399,0.533567,0,0.533567,15.94,127.798,370,0,0,2854,79.3206,82.1244,14.1608
5.88712,210.51,12.5212,197.989,15.92,124.375,119332,3950,0,2855,79.1737,82.0007,14.1594
5.89152,0.847068,0,0.847068,15.9,124.351,541,0,0,2856,79.188,82.014,14.1579
5.91148,0.59142,0,0.59142,15.9,124.351,228,2,0,2857,79.2013,82.0263,14.1565
5.91502,0.418588,0,0.418588,15.88,124.327,239,2,0,2858,79.2138,82.0378,14.1551
5.93522,0.039148,0,0.039148,15.88,124.327,193,0,0,2858,79.2138,82.0378,14.1551
5.93856,0.695483,0,0.695483,15.86,124.304,324,2,0,2859,79.2424,82.0654,14.1536
5.95898,0.825966,0,0.825966,15.86,124.304,229,2,0,2860,79.2822,82.1038,14.1522
5.96132,0.026901,0,0.026901,15.84,124.28,173,0,0,2860,79.2822,82.1038,14.1522
5.98282,0.942913,0,0.942913,15.84,124.28,329,2,0,2861,79.3044,82.1255,14.1507
5.98559,0.018743,0,0.018743,15.82,124.256,173,0,0,2861,79.3044,82.1255,14.1507
6.00631,0.057882,0,0.057882,15.82,124.256,173,0,0,2861,79.3044,82.1255,14.1507
6.01081,1.21284,0,1.21284,15.8,124.232,777,0,0,2862,79.3277,82.1478,14.1493
6.03119,1.33389,0,1.33389,15.8,124.232,301,2,0,2863,79.3416,82.1607,14.1479
6.03515,0.595289,0,0.595289,15.78,124.208,256,6,0,2864,79.3736,82.192,14.1464
6.05541,0.732219,0,0.732219,15.78,124.208,287,2,0,2865,79.3885,82.2056,14.145
6.05781,0.01452,0,0.01452,15.76,124.185,173,0,0,2865,79.3885,82.2056,14.145
6.0783,0.02563,0,0.02563,15.76,124.185,173,0,0,2865,79.3885,82.2056,14.145
6.08108,0.247842,0,0.247842,15.74,124.161,164,1,0,2866,79.3873,82.2034,14.1435
6.10289,0.832247,0,0.832247,15.74,124.161,197,2,0,2867,79.3973,82.2117,14.1421
6.10641,0.433422,0,0.433422,15.72,121.364,410,0,0,2868,79.4435,82.257,14.1407
6.12664,0.304983,0,0.304983,15.72,121.364,351,2,0,2869,79.4336,82.2461,14.1392
6.1318,0.699548,0,0.699548,15.7,121.278,159,2,0,2870,79.4547,82.2662,14.1378
6.15144,0.073845,0,0.073845,15.7,121.278,128,0,0,2870,79.4547,82.2662,14.1378
6.15535,0.040778,0,0.040778,15.68,121.192,390,0,0,2870,79.4547,82.2662,14.1378
6.17521,0.066984,0,0.066984,15.68,121.192,390,0,0,2870,79.4547,82.2662,14.1378
6.17822,0.444976,0,0.444976,15.66,121.105,432,4,0,2871,79.4775,82.2881,14.1363
6.19943,0.789733,0,0.789733,15.66,121.105,434,8,0,2872,79.4896,82.2991,14.1349
6.20756,1.9341,0,1.9341,15.64,121.019,642,24,0,2873,79.5099,82.3213,14.1335
6.22494,0.002468,0,0.002468,15.64,121.019,390,0,0,2873,79.5099,82.3213,14.1335
6.22796,0.42413,0,0.42413,15.62,120.933,526,14,0,2874,79.5188,82.3292,14.132
6.24922,0.770072,0,0.770072,15.62,120.933,449,2,0,2875,79.5322,82.3419,14.1306
6.25462,0.378073,0,0.378073,15.6,120.847,410,2,0,2876,79.5535,82.3623,14.1292
6.27555,0.80918,0,0.80918,15.6,120.847,482,2,0,2877,79.5881,82.3962,14.1277
6.27836,0.472272,0,0.472272,15.58,120.76,455,2,0,2878,79.6338,82.4413,14.1263
6.3004,0.933181,0,0.933181,15.58,120.76,453,2,0,2879,79.6586,82.4651,14.1249
6.30497,0.357964,0,0.357964,15.56,120.674,476,0,0,2880,79.6764,82.4819,14.1235
6.32614,1.26581,0,1.26581,15.56,120.674,879,34,0,2881,79.6914,82.4967,14.122
6.32898,0.368326,0,0.368326,15.54,120.588,469,2,0,2882,79.6957,82.5007,14.1206
6.3503,0.176082,0,0.176082,15.54,120.588,410,0,0,2882,79.6957,82.5007,14.1206
6.35502,0.278733,0,0.278733,15.52,120.501,447,2,0,2883,79.7017,82.5061,14.1192
6.37548,0.135545,0,0.135545,15.52,120.501,410,0,0,2883,79.7017,82.5061,14.1192
6.37812,0.041496,0,0.041496,15.5,120.415,400,0,0,2883,79.7017,82.5061,14.1192
6.40053,0.981857,0,0.981857,15.5,120.415,600,2,0,2884,79.707,82.5104,14.1177
6.40507,0.888802,0,0.888802,15.48,120.329,449,2,0,2885,79.7255,82.5265,14.1163
6.42399,0.071219,0,0.071219,15.48,120.329,390,0,0,2885,79.7255,82.5265,14.1163
6.42953,0.509082,0,0.509082,15.46,120.242,427,4,0,2886,79.7387,82.5392,14.1149
6.45236,2.13137,0,2.13137,15.46,120.242,676,8,0,2887,79.7527,82.5521,14.1135
6.45634,0.136082,0,0.136082,15.44,120.156,390,0,0,2887,79.7527,82.5521,14.1135
6.47622,0.044359,0,0.044359,15.44,120.156,390,0,0,2887,79.7527,82.5521,14.1135
6.48235,0.780845,0,0.780845,15.42,120.07,412,2,0,2888,79.7663,82.5648,14.112
6.50226,0.0637,0,0.0637,15.42,120.07,390,0,0,2888,79.7663,82.5648,14.112
6.76846,262.122,33.4989,228.623,15.4,119.983,138789,5113,0,2889,79.5171,82.3579,14.1106
6.77163,0.172307,0,0.172307,15.38,119.897,395,2,0,2890,79.5218,82.3616,14.1092
6.7916,0.002632,0,0.002632,15.38,119.897,380,0,0,2890,79.5218,82.3616,14.1092
6.79499,0.037357,0,0.037357,15.36,119.811,380,0,0,2890,79.5218,82.3616,14.1092
6.81493,0.083144,0,0.083144,15.36,119.811,380,0,0,2890,79.5218,82.3616,14.1092
6.81864,0.506937,0,0.506937,15.34,119.724,444,2,0,2891,79.55,82.3888,14.1078
6.83885,0.031391,0,0.031391,15.34,119.724,380,0,0,2891,79.55,82.3888,14.1078
6.8424,0.549911,0,0.549911,15.32,119.638,488,6,0,2892,79.5612,82.3994,14.1064
6.86271,0.068117,0,0.068117,15.32,119.638,360,0,0,2892,79.5612,82.3994,14.1064
6.86573,0.203995,0,0.203995,15.3,119.552,379,2,0,2893,79.5676,82.4048,14.1049
6.88613,0.211311,0,0.211311,15.3,119.552,370,1,0,2894,79.5584,82.3946,14.1035
6.88919,0.118113,0,0.118113,15.28,119.466,370,0,0,2894,79.5584,82.3946,14.1035
6.91035,0.670631,0,0.670631,15.28,119.466,416,2,0,2895,79.5786,82.4138,14.1021
6.91454,0.293853,0,0.293853,15.26,119.379,390,2,0,2896,79.5908,82.4251,14.1007
6.9366,1.33647,0,1.33647,15.26,119.379,474,2,0,2897,79.622,82.4563,14.0992
6.94158,0.091895,0,0.091895,15.24,119.293,370,0,0,2897,79.622,82.4563,14.0992
6.96227,0.030137,0,0.030137,15.24,119.293,370,0,0,2897,79.622,82.4563,14.0992
6.96798,0.599606,0,0.599606,15.22,119.207,380,2,0,2898,79.6446,82.4779,14.0978
6.98945,2.13097,0,2.13097,15.22,119.207,877,99,0,2899,79.6868,82.5209,14.0964
7.0707,77.8661,11.2014,66.6646,15.2,119.12,45630,1645,0,2900,79.6921,82.5255,14.095
7.07374,0.364105,0,0.364105,15.18,121.902,332,4,0,2901,79.7215,82.5543,14.0936
7.09418,0.544522,0,0.544522,15.18,121.902,365,2,0,2902,79.7447,82.5765,14.0922
7.09742,0.806948,0,0.806948,15.16,121.826,580,9,0,2903,79.7571,82.588,14.0907
7.11758,0.647834,0,0.647834,15.16,121.826,369,2,0,2904,79.7789,82.6085,14.0893
7.12031,0.257899,0,0.257899,15.14,121.75,348,4,0,2905,79.7976,82.6262,14.0879
7.14077,0.034442,0,0.034442,15.14,121.75,322,0,0,2905,79.7976,82.6262,14.0879
7.14334,0.072556,0,0.072556,15.12,121.675,332,1,0,2906,79.7811,82.6087,14.0865
7.16409,0.113338,0,0.113338,15.12,121.675,322,0,0,2906,79.7811,82.6087,14.0865
7.16744,0.041791,0,0.041791,15.1,121.599,322,0,0,2906,79.7811,82.6087,14.0865
7.1884,0.791968,0,0.791968,15.1,121.599,435,2,0,2907,79.8039,82.6305,14.0851
7.19165,0.609272,0,0.609272,15.08,121.523,390,2,0,2908,79.8315,82.6568,14.0837
7.21218,0.784805,0,0.784805,15.08,121.523,344,2,0,2909,79.8553,82.6796,14.0823
7.21845,0.959311,0,0.959311,15.06,121.447,395,2,0,2910,79.8873,82.7117,14.0809
7.23827,0.446623,0,0.446623,15.06,121.447,342,2,0,2911,79.8987,82.7221,14.0794
7.24107,0.14315,0,0.14315,15.04,121.371,338,2,0,2912,79.8977,82.7201,14.078
7.26285,0.660691,0,0.660691,15.04,121.371,340,2,0,2913,79.9001,82.7216,14.0766
7.26848,0.487049,0,0.487049,15.02,121.296,366,4,0,2914,79.9135,82.7337,14.0752
7.28872,0.273244,0,0.273244,15.02,121.296,338,1,0,2915,79.8991,82.7184,14.0738
7.29522,0.059454,0,0.059454,15,121.22,328,0,0,2915,79.8991,82.7184,14.0738
7.31952,4.08851,0,4.08851,15,121.22,1295,16,0,2916,79.9393,82.7541,14.0724
7.59059,264.61,23.1204,241.489,14.98,121.144,149271,4857,0,2916,79.7716,82.6097,14.0724
7.59394,0.403872,0,0.403872,14.96,121.068,402,2,0,2917,79.795,82.6322,14.071
7.61381,0.353541,0,0.353541,14.96,121.068,328,2,0,2918,79.8115,82.6477,14.0696
7.61653,0.399154,0,0.399154,14.94,120.993,401,2,0,2919,79.8201,82.6554,14.0682
7.63697,0.119755,0,0.119755,14.94,120.993,318,0,0,2919,79.8201,82.6554,14.0682
7.63951,0.068563,0,0.068563,14.92,120.917,324,0,0,2919,79.8201,82.6554,14.0682
7.66029,0.174878,0,0.174878,14.92,120.917,334,1,0,2920,79.8092,82.6435,14.0668
7.6629,0.001443,0,0.001443,14.9,120.841,324,0,0,2920,79.8092,82.6435,14.0668
7.68331,0.096098,0,0.096098,14.9,120.841,324,0,0,2920,79.8092,82.6435,14.0668
7.68612,0.024763,0,0.024763,14.88,120.765,324,0,0,2920,79.8092,82.6435,14.0668
7.70617,0.081377,0,0.081377,14.88,120.765,324,0,0,2920,79.8092,82.6435,14.0668
7.70971,0.461115,0,0.461115,14.86,120.69,344,4,0,2921,79.8278,82.6611,14.0654
7.73036,0.529802,0,0.529802,14.86,120.69,334,2,0,2922,79.8429,82.6752,14.064
7.73468,0.195448,0,0.195448,14.84,120.614,346,2,0,2923,79.8358,82.6671,14.0626
7.75525,0.003124,0,0.003124,14.84,120.614,324,0,0,2923,79.8358,82.6671,14.0626
7.75952,0.084147,0,0.084147,14.82,120.538,324,0,0,2923,79.8358,82.6671,14.0626
7.78,0.514439,0,0.514439,14.82,120.538,399,12,0,2924,79.854,82.6843,14.0612
7.78322,0.369119,0,0.369119,14.8,120.462,400,2,0,2925,79.8619,82.6909,14.0598
7.80712,3.69715,0,3.69715,14.8,120.462,650,12,0,2926,79.8944,82.7252,14.0584
7.81358,0.726384,0,0.726384,14.78,120.387,424,2,0,2927,79.9125,82.7431,14.057
7.8339,0.003717,0,0.003717,14.78,120.387,314,0,0,2927,79.9125,82.7431,14.057
7.83931,0.249336,0,0.249336,14.76,120.311,324,1,0,2928,79.8996,82.7292,14.0556
7.86155,1.46571,0,1.46571,14.76,120.311,613,14,0,2929,79.903,82.7323,14.0542
7.86787,0.328663,0,0.328663,14.74,120.235,334,2,0,2930,79.899,82.7273,14.0528
7.88816,0.454278,0,0.454278,14.74,120.235,334,2,0,2931,79.9263,82.7537,14.0514
7.89046,0.021482,0,0.021482,14.72,120.159,314,0,0,2931,79.9263,82.7537,14.0514
7.9108,0.033501,0,0.033501,14.72,120.159,314,0,0,2931,79.9263,82.7537,14.0514
7.91367,0.032749,0,0.032749,14.7,120.084,304,0,0,2931,79.9263,82.7537,14.0514
7.93535,1.25928,0,1.25928,14.7,120.084,936,14,0,2932,79.9499,82.7763,14.05
7.93997,2.07972,0,2.07972,14.68,120.008,799,98,0,2933,79.9666,82.7944,14.0486
7.95923,0.07026,0,0.07026,14.68,120.008,304,0,0,2933,79.9666,82.7944,14.0486
7.96516,0.085664,0,0.085664,14.66,119.932,304,0,0,2933,79.9666,82.7944,14.0486
7.98541,0.153294,0,0.153294,14.66,119.932,304,0,0,2933,79.9666,82.7944,14.0486
7.98774,0.03872,0,0.03872,14.64,119.856,304,0,0,2933,79.9666,82.7944,14.0486
8.00839,0.306147,0,0.306147,14.64,119.856,314,1,0,2934,79.9741,82.801,14.0472
8.01432,0.785546,0,0.785546,14.62,119.781,432,9,0,2935,79.9891,82.815,14.0458
8.03505,0.825173,0,0.825173,14.62,119.781,428,3,0,2936,79.9969,82.8219,14.0444
8.03931,0.503321,0,0.503321,14.6,119.705,341,2,0,2937,80.0031,82.8274,14.043
8.06062,0.943136,0,0.943136,14.6,119.705,344,2,0,2938,80.0269,82.8499,14.0416
8.0667,0.571622,0,0.571622,14.58,119.629,341,2,0,2939,80.0466,82.8687,14.0402
8.0869,0.592309,0,0.592309,14.58,119.629,385,6,0,2940,80.0735,82.8942,14.0388
8.09232,0.949876,0,0.949876,14.56,119.553,436,2,0,2941,80.0935,82.9133,14.0374
8.11207,0.232834,0,0.232834,14.56,119.553,328,0,0,2941,80.0935,82.9133,14.0374
8.11839,0.215941,0,0.215941,14.54,119.478,338,1,0,2942,80.0938,82.9126,14.036
8.13932,1.18051,0,1.18051,14.54,119.478,440,2,0,2943,80.1291,82.9473,14.0346
8.14689,0.145673,0,0.145673,14.52,119.402,334,0,0,2943,80.1291,82.9473,14.0346
8.16661,0.269661,0,0.269661,14.52,119.402,344,2,0,2944,80.126,82.9433,14.0332
8.17176,0.649196,0,0.649196,14.5,119.326,467,2,0,2945,80.1379,82.9559,14.0319
8.19321,0.305206,0,0.305206,14.5,119.326,334,0,0,2945,80.1379,82.9559,14.0319
8.33167,132.405,16.2088,116.196,14.48,119.25,72784,2344,0,2946,80.0322,82.8842,14.0305
8.33487,0.197805,0,0.197805,14.46,119.175,403,2,0,2947,80.0248,82.8758,14.0291
8.35582,0.632586,0,0.632586,14.46,119.175,378,2,0,2948,80.0427,82.8928,14.0277
8.3583,0.044414,0,0.044414,14.44,119.099,328,0,0,2948,80.0427,82.8928,14.0277
8.37857,0.047828,0,0.047828,14.44,119.099,328,0,0,2948,80.0427,82.8928,14.0277
8.38119,0.191398,0,0.191398,14.42,119.023,344,2,0,2949,80.042,82.8911,14.0263
8.40134,0.026983,0,0.026983,14.42,119.023,328,0,0,2949,80.042,82.8911,14.0263
8.40391,0.012551,0,0.012551,14.4,118.947,332,0,0,2949,80.042,82.8911,14.0263
8.42491,0.072117,0,0.072117,14.4,118.947,332,0,0,2949,80.042,82.8911,14.0263
8.43169,2.29283,0,2.29283,14.38,118.872,985,18,0,2950,80.0563,82.9047,14.0249
8.45035,0.430989,0,0.430989,14.38,118.872,336,2,0,2951,80.0746,82.9221,14.0235
8.45389,0.459096,0,0.459096,14.36,118.796,365,4,0,2952,80.0881,82.9346,14.0221
8.47359,0.235033,0,0.235033,14.36,118.796,360,2,0,2953,80.086,82.9316,14.0208
8.47976,0.807229,0,0.807229,14.34,118.72,382,2,0,2954,80.0982,82.9428,14.0194
8.49944,0.610507,0,0.610507,14.34,118.72,359,2,0,2955,80.0924,82.9367,14.018
8.5029,0.091399,0,0.091399,14.32,118.644,318,0,0,2955,80.0924,82.9367,14.018
8.52655,2.99803,0,2.99803,14.32,118.644,478,2,0,2956,80.1214,82.9658,14.0166
8.53289,0.159252,0,0.159252,14.3,118.569,308,0,0,2956,80.1214,82.9658,14.0166
8.55291,0.070553,0,0.070553,14.3,118.569,308,0,0,2956,80.1214,82.9658,14.0166
8.55577,0.605204,0,0.605204,14.28,118.493,504,4,0,2957,80.16,83.0024,14.0152
8.57656,0.382145,0,0.382145,14.28,118.493,331,2,0,2958,80.1771,83.0186,14.0138
8.57907,0.028829,0,0.028829,14.26,118.417,312,0,0,2958,80.1771,83.0186,14.0138
8.59943,0.060187,0,0.060187,14.26,118.417,312,0,0,2958,80.1771,83.0186,14.0138
8.60515,0.151366,0,0.151366,14.24,118.341,312,0,0,2958,80.1771,83.0186,14.0138
8.62619,0.119424,0,0.119424,14.24,118.341,312,0,0,2958,80.1771,83.0186,14.0138
8.63199,0.00177,0,0.00177,14.22,118.266,312,0,0,2958,80.1771,83.0186,14.0138
8.65364,1.00214,0,1.00214,14.22,118.266,441,2,0,2959,80.1845,83.0253,14.0125
8.65802,0.003292,0,0.003292,14.2,118.19,320,0,0,2959,80.1845,83.0253,14.0125
8.67957,1.08127,0,1.08127,14.2,118.19,592,22,0,2960,80.1973,83.0368,14.0111
8.68355,0.355985,0,0.355985,14.18,118.114,350,4,0,2961,80.2155,83.0547,14.0097
8.70474,1.1581,0,1.1581,14.18,118.114,464,2,0,2962,80.2357,83.0736,14.0083
8.7095,0.086281,0,0.086281,14.16,118.038,332,0,0,2962,80.2357,83.0736,14.0083
8.72874,0.098135,0,0.098135,14.16,118.038,332,0,0,2962,80.2357,83.0736,14.0083
8.73522,0.72279,0,0.72279,14.14,117.963,418,3,0,2963,80.2339,83.0709,14.0069
8.75468,0.031458,0,0.031458,14.14,117.963,336,0,0,2963,80.2339,83.0709,14.0069
8.75709,0.082659,0,0.082659,14.12,117.887,346,1,0,2964,80.2206,83.0567,14.0056
8.7779,0.141413,0,0.141413,14.12,117.887,346,1,0,2965,80.2074,83.0425,14.0042
8.78049,0.043099,0,0.043099,14.1,117.811,340,0,0,2965,80.2074,83.0425,14.0042
8.80217,0.830222,0,0.830222,14.1,117.811,350,2,0,2966,80.2252,83.0593,14.0028
8.80787,0.047578,0,0.047578,14.08,117.735,340,0,0,2966,80.2252,83.0593,14.0028
8.8283,0.161361,0,0.161361,14.08,117.735,340,0,0,2966,80.2252,83.0593,14.0028
8.83313,0.027835,0,0.027835,14.06,117.66,340,0,0,2966,80.2252,83.0593,14.0028
8.85437,0.669123,0,0.669123,14.06,117.66,516,2,0,2967,80.2457,83.0789,14.0014
8.85787,0.136159,0,0.136159,14.04,117.584,340,0,0,2967,80.2457,83.0789,14.0014
8.87875,0.069729,0,0.069729,14.04,117.584,340,0,0,2967,80.2457,83.0789,14.0014
8.88396,0.404777,0,0.404777,14.02,117.508,350,2,0,2968,80.2749,83.1071,14.0001
8.90412,0.308853,0,0.308853,14.02,117.508,360,2,0,2969,80.2745,83.1058,13.9987
8.90683,0.019167,0,0.019167,14,117.432,340,0,0,2969,80.2745,83.1058,13.9987
8.93017,2.71166,0,2.71166,14,117.432,817,8,0,2970,80.2811,83.1125,13.9973
8.9347,0.254897,0,0.254897,13.98,117.356,350,2,0,2971,80.2868,83.1171,13.9959
8.95588,0.135293,0,0.135293,13.98,117.356,340,0,0,2971,80.2868,83.1171,13.9959
8.96182,0.146644,0,0.146644,13.96,117.281,340,0,0,2971,80.2868,83.1171,13.9959
8.98251,0.039034,0,0.039034,13.96,117.281,340,0,0,2971,80.2868,83.1171,13.9959
8.98538,0.199611,0,0.199611,13.94,117.205,340,2,0,2972,80.2917,83.1211,13.9946
9.00637,0.497646,0,0.497646,13.94,117.205,422,4,0,2973,80.2947,83.1231,13.9932
9.00874,0.016362,0,0.016362,13.92,117.129,330,0,0,2973,80.2947,83.1231,13.9932
9.03004,0.522457,0,0.522457,13.92,117.129,432,3,0,2974,80.303,83.1305,13.9918
9.03451,1.76211,0,1.76211,13.9,117.053,949,118,0,2975,80.3358,83.1644,13.9904
9.05423,0.498949,0,0.498949,13.9,117.053,347,2,0,2976,80.335,83.1626,13.9891
9.05822,0.388652,0,0.388652,13.88,116.978,365,4,0,2977,80.3386,83.1663,13.9877
9.07855,0.023126,0,0.023126,13.88,116.978,330,0,0,2977,80.3386,83.1663,13.9877
9.08308,0.002931,0,0.002931,13.86,116.902,330,0,0,2977,80.3386,83.1663,13.9877
9.1037,0.003793,0,0.003793,13.86,116.902,330,0,0,2977,80.3386,83.1663,13.9877
9.10963,0.106426,0,0.106426,13.84,116.826,330,0,0,2977,80.3386,83.1663,13.9877
9.12927,0.105125,0,0.105125,13.84,116.826,330,0,0,2977,80.3386,83.1663,13.9877
9.13197,0.076181,0,0.076181,13.82,116.75,310,0,0,2977,80.3386,83.1663,13.9877
9.15252,0.02835,0,0.02835,13.82,116.75,310,0,0,2977,80.3386,83.1663,13.9877
9.15597,0.802095,0,0.802095,13.8,116.675,460,2,0,2978,80.3761,83.2042,13.9863
9.17618,0.068754,0,0.068754,13.8,116.675,320,0,0,2978,80.3761,83.2042,13.9863
9.18072,0.412824,0,0.412824,13.78,116.599,370,2,0,2979,80.3864,83.2135,13.985
9.20104,0.66726,0,0.66726,13.78,116.599,415,8,0,2980,80.4117,83.2386,13.9836
9.20499,0.810383,0,0.810383,13.76,116.523,403,2,0,2981,80.4311,83.2586,13.9822
9.2242,0.341453,0,0.341453,13.76,116.523,330,2,0,2982,80.4373,83.2639,13.9809
9.2274,0.407657,0,0.407657,13.74,116.447,356,2,0,2983,80.4455,83.2712,13.9795
9.25034,2.66601,0,2.66601,13.74,116.447,815,6,0,2984,80.4641,83.2902,13.9781
9.25461,0.570278,0,0.570278,13.72,116.372,460,6,0,2985,80.4734,83.2992,13.9768
9.27546,0.810691,0,0.810691,13.72,116.372,426,2,0,2986,80.4823,83.3084,13.9754
9.27991,0.002902,0,0.002902,13.7,116.296,300,0,0,2986,80.4823,83.3084,13.9754
9.30074,0.862785,0,0.862785,13.7,116.296,522,4,0,2987,80.5162,83.3415,13.974
9.30455,0.688449,0,0.688449,13.68,116.22,423,2,0,2988,80.5264,83.3511,13.9727
9.32361,0.06316,0,0.06316,13.68,116.22,280,0,0,2988,80.5264,83.3511,13.9727
9.32703,0.523518,0,0.523518,13.66,116.144,382,3,0,2989,80.5216,83.3463,13.9713
9.34665,0.033725,0,0.033725,13.66,116.144,290,0,0,2989,80.5216,83.3463,13.9713
9.34976,0.647775,0,0.647775,13.64,116.069,465,2,0,2990,80.5425,83.3666,13.9699
9.37064,0.843043,0,0.843043,13.64,116.069,432,6,0,2991,80.5547,83.3775,13.9686
9.37482,0.061397,0,0.061397,13.62,115.993,290,0,0,2991,80.5547,83.3775,13.9686
9.39656,1.52586,0,1.52586,13.62,115.993,546,26,0,2992,80.5792,83.4041,13.9672
9.4022,1.29208,0,1.29208,13.6,115.917,361,2,0,2993,80.6194,83.442,13.9659
9.42073,0.199008,0,0.199008,13.6,115.917,310,1,0,2994,80.6122,83.4339,13.9645
9.42607,0.002365,0,0.002365,13.58,115.841,300,0,0,2994,80.6122,83.4339,13.9645
9.44794,1.09532,0,1.09532,13.58,115.841,344,4,0,2995,80.6494,83.4684,13.9631
9.45179,0.886725,0,0.886725,13.56,115.766,386,2,0,2996,80.6749,83.493,13.9618
9.47228,0.562047,0,0.562047,13.56,115.766,425,0,0,2997,80.6667,83.4838,13.9604
9.47783,0.089677,0,0.089677,13.54,115.69,290,0,0,2997,80.6667,83.4838,13.9604
9.49859,0.294272,0,0.294272,13.54,115.69,314,1,0,2998,80.6671,83.4833,13.9591
9.50733,2.73962,0,2.73962,13.52,115.614,1002,20,0,2999,80.6756,83.4928,13.9577
9.52434,0.459881,0,0.459881,13.52,115.614,330,4,0,3000,80.6877,83.5043,13.9563
9.52701,0.096267,0,0.096267,13.5,115.538,290,0,0,3000,80.6877,83.5043,13.9563
9.54869,0.539882,0,0.539882,13.5,115.538,316,4,0,3001,80.7018,83.5175,13.955
9.55186,0.084158,0,0.084158,13.48,115.463,290,0,0,3001,80.7018,83.5175,13.955
9.57358,0.906653,0,0.906653,13.48,115.463,336,2,0,3002,80.7209,83.536,13.9536
9.57672,0.106886,0,0.106886,13.46,115.387,290,0,0,3002,80.7209,83.536,13.9536
9.59787,1.04774,0,1.04774,13.46,115.387,351,2,0,3003,80.7466,83.5608,13.9523
9.6025,0.003216,0,0.003216,13.44,115.311,290,0,0,3003,80.7466,83.5608,13.9523
9.62374,0.962013,0,0.962013,13.44,115.311,300,2,0,3004,80.7706,83.5839,13.9509
9.63365,2.98574,0,2.98574,13.42,115.235,584,34,0,3005,80.7943,83.614,13.9496
9.65171,0.490237,0,0.490237,13.42,115.235,316,1,0,3006,80.7961,83.6148,13.9482
9.66355,5.90505,0,5.90505,13.4,115.16,1563,37,0,3007,80.8081,83.6265,13.9469
9.6787,0.00417,0,0.00417,13.4,115.16,290,0,0,3007,80.8081,83.6265,13.9469
9.68448,0.386088,0,0.386088,13.38,115.084,300,1,0,3008,80.7999,83.6174,13.9455
9.70482,0.167833,0,0.167833,13.38,115.084,300,1,0,3009,80.7833,83.5999,13.9441
9.70839,0.129106,0,0.129106,13.36,115.008,290,0,0,3009,80.7833,83.5999,13.9441
9.73008,1.59879,0,1.59879,13.36,115.008,480,2,0,3010,80.801,83.6169,13.9428
9.73615,0.0785,0,0.0785,13.34,114.932,280,0,0,3010,80.801,83.6169,13.9428
9.757,1.03966,0,1.03966,13.34,114.932,290,2,0,3011,80.8273,83.6423,13.9414
9.76545,0.156681,0,0.156681,13.32,114.857,270,0,0,3011,80.8273,83.6423,13.9414
9.78455,0.314411,0,0.314411,13.32,114.857,280,2,0,3012,80.8347,83.6487,13.9401
9.78722,0.028872,0,0.028872,13.3,114.781,270,0,0,3012,80.8347,83.6487,13.9401
9.80884,0.891833,0,0.891833,13.3,114.781,428,2,0,3013,80.8672,83.6807,13.9387
9.81525,1.45563,0,1.45563,13.28,114.705,328,2,0,3014,80.8932,83.7087,13.9374
9.83464,0.002129,0,0.002129,13.28,114.705,270,0,0,3014,80.8932,83.7087,13.9374
9.83711,0.048792,0,0.048792,13.26,114.629,270,0,0,3014,80.8932,83.7087,13.9374
9.85873,0.860004,0,0.860004,13.26,114.629,381,7,0,3015,80.8992,83.7138,13.936
9.8639,0.317974,0,0.317974,13.24,114.554,335,2,0,3016,80.8903,83.7049,13.9347
9.88477,1.33765,0,1.33765,13.24,114.554,425,2,0,3017,80.8956,83.7053,13.9334
9.88949,0.046517,0,0.046517,13.22,114.478,260,0,0,3017,80.8956,83.7053,13.9334
9.91032,0.069716,0,0.069716,13.22,114.478,260,0,0,3017,80.8956,83.7053,13.9334
9.91663,0.030703,0,0.030703,13.2,114.402,260,0,0,3017,80.8956,83.7053,13.9334
9.94064,2.88607,0,2.88607,13.2,114.402,452,34,0,3018,80.9288,83.7392,13.932
9.9478,0.750526,0,0.750526,13.18,114.326,338,2,0,3019,80.955,83.7645,13.9307
9.96856,0.910263,0,0.910263,13.18,114.326,270,2,0,3020,80.9815,83.7901,13.9293
9.97547,0.873935,0,0.873935,13.16,114.251,346,2,0,3021,80.9921,83.7997,13.928
9.99544,0.114174,0,0.114174,13.16,114.251,260,0,0,3021,80.9921,83.7997,13.928
9.999,0.003508,0,0.003508,13.14,114.175,260,0,0,3021,80.9921,83.7997,13.928
10.0197,0.591316,0,0.591316,13.14,114.175,336,2,0,3022,81.003,83.8104,13.9266
10.0225,0.036679,0,0.036679,13.12,114.099,260,0,0,3022,81.003,83.8104,13.9266
10.0452,1.25219,0,1.25219,13.12,114.099,285,2,0,3023,81.0301,83.8363,13.9253
10.0512,0.587826,0,0.587826,13.1,114.023,367,2,0,3024,81.0417,83.8485,13.9239
10.0724,0.967147,0,0.967147,13.1,114.023,270,2,0,3025,81.0727,83.8787,13.9226
10.079,0.028939,0,0.028939,13.08,113.948,260,0,0,3025,81.0727,83.8787,13.9226
10.0995,0.059362,0,0.059362,13.08,113.948,260,0,0,3025,81.0727,83.8787,13.9226
10.1065,0.836938,0,0.836938,13.06,113.872,336,2,0,3026,81.0859,83.8909,13.9212
10.1264,0.838917,0,0.838917,13.06,113.872,382,2,0,3027,81.112,83.9158,13.9199
10.13,0.003452,0,0.003452,13.04,113.796,270,0,0,3027,81.112,83.9158,13.9199
10.1508,1.17698,0,1.17698,13.04,113.796,409,4,0,3028,81.1338,83.9379,13.9186
10.1563,0.683592,0,0.683592,13.02,113.72,319,2,0,3029,81.1397,83.9429,13.9172
10.1768,0.560545,0,0.560545,13.02,113.72,308,2,0,3030,81.1538,83.9561,13.9159
10.1803,0.027655,0,0.027655,13,113.644,260,0,0,3030,81.1538,83.9561,13.9159
10.2012,0.597876,0,0.597876,13,113.644,319,2,0,3031,81.1801,83.9819,13.9145
10.2037,0.045438,0,0.045438,12.98,113.569,260,0,0,3031,81.1801,83.9819,13.9145
10.2241,0.178838,0,0.178838,12.98,113.569,294,1,0,3032,81.1708,83.9716,13.9132
10.2271,0.226944,0,0.226944,12.96,113.493,315,2,0,3033,81.1678,83.9677,13.9119
10.247,0.029923,0,0.029923,12.96,113.493,270,0,0,3033,81.1678,83.9677,13.9119
10.2513,1.2916,0,1.2916,12.94,113.417,406,2,0,3034,81.1793,83.9822,13.9105
10.2711,0.157673,0,0.157673,12.94,113.417,270,0,0,3034,81.1793,83.9822,13.9105
10.2774,0.722111,0,0.722111,12.92,113.341,325,2,0,3035,81.1911,83.9944,13.9092
10.2977,0.306255,0,0.306255,12.92,113.341,280,2,0,3036,81.1966,83.999,13.9079
10.3038,0.204352,0,0.204352,12.9,113.266,270,0,0,3036,81.1966,83.999,13.9079
10.3242,0.768059,0,0.768059,12.9,113.266,406,18,0,3037,81.2088,84.0092,13.9065
10.3282,0.549851,0,0.549851,12.88,113.19,320,3,0,3038,81.211,84.0105,13.9052
10.3472,0.251942,0,0.251942,12.88,113.19,286,2,0,3039,81.2024,84.0007,13.9038
10.3524,0.069044,0,0.069044,12.86,113.114,270,0,0,3039,81.2024,84.0007,13.9038
10.3736,0.081264,0,0.081264,12.86,113.114,270,0,0,3039,81.2024,84.0007,13.9038
10.376,0.020568,0,0.020568,12.84,113.038,270,0,0,3039,81.2024,84.0007,13.9038
10.3985,0.766661,0,0.766661,12.84,113.038,286,2,0,3040,81.2086,84.0056,13.9025
10.4052,0.205144,0,0.205144,12.82,112.963,260,0,0,3040,81.2086,84.0056,13.9025
10.4263,0.096012,0,0.096012,12.82,112.963,260,0,0,3040,81.2086,84.0056,13.9025
10.4315,0.236521,0,0.236521,12.8,112.887,250,2,0,3041,81.2075,84.0036,13.9012
10.4527,1.12292,0,1.12292,12.8,112.887,936,0,0,3042,81.2403,84.0355,13.8998
10.4549,0.01868,0,0.01868,12.78,112.811,240,0,0,3042,81.2403,84.0355,13.8998
10.4758,0.109136,0,0.109136,12.78,112.811,240,0,0,3042,81.2403,84.0355,13.8998
10.4802,1.648,0,1.648,12.76,112.735,343,2,0,3043,81.2563,84.0526,13.8985
10.4992,0.027055,0,0.027055,12.76,112.735,240,0,0,3043,81.2563,84.0526,13.8985
10.5038,0.22765,0,0.22765,12.74,112.66,241,2,0,3044,81.2562,84.0516,13.8972
10.5255,1.0592,0,1.0592,12.74,112.66,250,2,0,3045,81.2877,84.0814,13.8958
10.5317,1.97921,0,1.97921,12.72,112.584,1141,47,0,3046,81.2968,84.0893,13.8945
10.5505,0.116277,0,0.116277,12.72,112.584,230,0,0,3046,81.2968,84.0893,13.8945
10.557,0.068614,0,0.068614,12.7,112.508,230,0,0,3046,81.2968,84.0893,13.8945
10.5763,0.072452,0,0.072452,12.7,112.508,230,0,0,3046,81.2968,84.0893,13.8945
10.579,0.190665,0,0.190665,12.68,112.432,240,2,0,3047,81.3085,84.1001,13.8932
10.6009,1.1734,0,1.1734,12.68,112.432,304,2,0,3048,81.3261,84.1165,13.8919
10.7977,192.795,28.0233,164.772,12.66,112.357,96812,4021,0,3049,80.6999,83.6094,13.8905
10.8015,0.032552,0,0.032552,12.64,112.281,220,0,0,3049,80.6999,83.6094,13.8905
10.8225,0.41884,0,0.41884,12.64,112.281,230,2,0,3050,80.7115,83.62,13.8892
10.8255,0.229821,0,0.229821,12.62,112.205,279,6,0,3051,80.7142,83.6221,13.8879
10.8456,0.212624,0,0.212624,12.62,112.205,290,1,0,3052,80.709,83.616,13.8865
10.8488,0.029847,0,0.029847,12.6,112.129,220,0,0,3052,80.709,83.616,13.8865
10.8699,0.301346,0,0.301346,12.6,112.129,230,2,0,3053,80.7131,83.6191,13.8852
10.8734,0.363725,0,0.363725,12.58,112.054,230,2,0,3054,80.7318,83.6369,13.8839
10.8946,0.751687,0,0.751687,12.58,112.054,328,2,0,3055,80.744,83.6478,13.8826
10.8983,0.407132,0,0.407132,12.56,111.978,240,2,0,3056,80.769,83.6718,13.8812
10.919,0.289553,0,0.289553,12.56,111.978,244,1,0,3057,80.7769,83.6788,13.8799
10.922,0.490708,0,0.490708,12.54,111.902,564,11,0,3058,80.7838,83.6844,13.8786
10.9425,0.395427,0,0.395427,12.54,111.902,240,1,0,3059,80.782,83.6816,13.8773
10.9477,0.100652,0,0.100652,12.52,111.826,230,0,0,3059,80.782,83.6816,13.8773
10.969,0.853787,0,0.853787,12.52,111.826,257,2,0,3060,80.8003,83.699,13.8759
10.9743,0.043044,0,0.043044,12.5,111.751,230,0,0,3060,80.8003,83.699,13.8759
10.9965,1.12515,0,1.12515,12.5,111.751,314,2,0,3061,80.8278,83.7262,13.8746
10.9989,0.153791,0,0.153791,12.48,111.675,240,2,0,3062,80.8374,83.7348,13.8733
11.0201,0.566406,0,0.566406,12.48,111.675,423,4,0,3063,80.8475,83.745,13.872
11.0241,1.56167,0,1.56167,12.46,111.599,378,26,0,3064,80.8819,83.779,13.8706
11.0455,2.68966,0,2.68966,12.46,111.599,625,40,0,3065,80.9237,83.8206,13.8693
11.0483,0.447334,0,0.447334,12.44,111.523,318,2,0,3066,80.9468,83.8444,13.868
11.0693,0.198108,0,0.198108,12.44,111.523,230,0,0,3066,80.9468,83.8444,13.868
11.0745,0.002599,0,0.002599,12.42,111.448,240,0,0,3066,80.9468,83.8444,13.868
11.0951,0.250912,0,0.250912,12.42,111.448,284,0,0,3067,80.9452,83.8419,13.8667
11.0985,0.965868,0,0.965868,12.4,111.372,344,2,0,3068,80.9654,83.8628,13.8654
11.1203,1.31611,0,1.31611,12.4,111.372,338,12,0,3069,80.9964,83.8938,13.8641
11.126,0.093187,0,0.093187,12.38,111.296,230,0,0,3069,80.9964,83.8938,13.8641
11.1466,0.684131,0,0.684131,12.38,111.296,315,2,0,3070,81.0111,83.9078,13.8627
11.1506,0.44335,0,0.44335,12.36,111.22,259,2,0,3071,81.0358,83.9316,13.8614
11.17,0.030266,0,0.030266,12.36,111.22,230,0,0,3071,81.0358,83.9316,13.8614
11.173,0.293529,0,0.293529,12.34,111.145,247,2,0,3072,81.0433,83.9382,13.8601
11.1941,0.367381,0,0.367381,12.34,111.145,240,1,0,3073,81.0348,83.9287,13.8588
11.2001,0.591704,0,0.591704,12.32,111.069,270,10,0,3074,81.042,83.9343,13.8575
11.22,0.092229,0,0.092229,12.32,111.069,220,0,0,3074,81.042,83.9343,13.8575
11.2233,0.893356,0,0.893356,12.3,110.993,385,2,0,3075,81.0774,83.9694,13.8562
11.2428,0.002302,0,0.002302,12.3,110.993,220,0,0,3075,81.0774,83.9694,13.8562
11.2474,0.422576,0,0.422576,12.28,110.917,277,2,0,3076,81.1005,83.9935,13.8548
11.2691,0.760488,0,0.760488,12.28,110.917,359,6,0,3077,81.1186,84.0107,13.8535
11.272,0.331387,0,0.331387,12.26,110.842,254,2,0,3078,81.1267,84.0179,13.8522
11.2921,0.017103,0,0.017103,12.26,110.842,220,0,0,3078,81.1267,84.0179,13.8522
11.2948,0.299499,0,0.299499,12.24,110.766,210,2,0,3079,81.1517,84.0419,13.8509
11.3155,0.00425,0,0.00425,12.24,110.766,200,0,0,3079,81.1517,84.0419,13.8509
11.3208,0.146799,0,0.146799,12.22,110.69,190,0,0,3079,81.1517,84.0419,13.8509
11.3408,0.099929,0,0.099929,12.22,110.69,190,0,0,3079,81.1517,84.0419,13.8509
11.3437,0.485462,0,0.485462,12.2,110.614,353,4,0,3080,81.1601,84.0503,13.8496
11.3649,0.21913,0,0.21913,12.2,110.614,200,0,0,3080,81.1601,84.0503,13.8496
11.3693,0.712588,0,0.712588,12.18,110.539,324,14,0,3081,81.2042,84.0948,13.8483
11.3894,0.143271,0,0.143271,12.18,110.539,200,0,0,3081,81.2042,84.0948,13.8483
11.3978,2.95225,0,2.95225,12.16,110.463,543,82,0,3082,81.2346,84.1246,13.847
11.4159,0.713152,0,0.713152,12.16,110.463,288,2,0,3083,81.253,84.143,13.8456
11.6057,187.359,22.3452,165.014,12.14,110.387,117523,4772,0,3084,80.9565,83.904,13.8443
11.6094,0.338953,0,0.338953,12.12,110.311,140,2,0,3085,80.9789,83.9254,13.843
11.6295,0.034733,0,0.034733,12.12,110.311,120,0,0,3085,80.9789,83.9254,13.843
11.6326,0.584209,0,0.584209,12.1,110.236,160,2,0,3086,81.0071,83.9527,13.8417
11.6532,0.376386,0,0.376386,12.1,110.236,148,2,0,3087,81.0104,83.955,13.8404
11.6558,0.247287,0,0.247287,12.08,110.16,130,2,0,3088,81.0392,83.9828,13.8391
11.6759,0.11761,0,0.11761,12.08,110.16,120,0,0,3088,81.0392,83.9828,13.8391
11.679,0.38515,0,0.38515,12.06,110.084,254,4,0,3089,81.0444,83.9871,13.8378
11.6999,1.26902,0,1.26902,12.06,110.084,338,34,0,3090,81.088,84.0301,13.8365
11.7023,0.166204,0,0.166204,12.04,110.008,140,2,0,3091,81.0922,84.0333,13.8352
11.7231,0.101637,0,0.101637,12.04,110.008,130,0,0,3091,81.0922,84.0333,13.8352
11.7267,0.147069,0,0.147069,12.02,109.932,143,2,0,3092,81.0809,84.021,13.8339
11.7479,0.676172,0,0.676172,12.02,109.932,221,2,0,3093,81.0973,84.0359,13.8326
11.7506,0.236658,0,0.236658,12,109.857,140,2,0,3094,81.1164,84.054,13.8313
11.7712,0.564288,0,0.564288,12,109.857,150,2,0,3095,81.1325,84.0691,13.83
11.7755,0.424663,0,0.424663,11.98,109.781,140,2,0,3096,81.1586,84.0943,13.8287
11.7961,0.05321,0,0.05321,11.98,109.781,130,0,0,3096,81.1586,84.0943,13.8287
11.8014,0.154021,0,0.154021,11.96,109.705,130,0,0,3096,81.1586,84.0943,13.8287
11.8218,0.084086,0,0.084086,11.96,109.705,130,0,0,3096,81.1586,84.0943,13.8287
11.8269,0.126008,0,0.126008,11.94,109.629,130,0,0,3096,81.1586,84.0943,13.8287
11.8484,0.722203,0,0.722203,11.94,109.629,150,4,0,3097,81.1963,84.1311,13.8274
11.851,0.068484,0,0.068484,11.92,109.554,120,0,0,3097,81.1963,84.1311,13.8274
11.8716,0.079407,0,0.079407,11.92,109.554,120,0,0,3097,81.1963,84.1311,13.8274
11.8792,0.517556,0,0.517556,11.9,109.478,294,5,0,3098,81.2014,84.1356,13.826
11.8979,0.057303,0,0.057303,11.9,109.478,120,0,0,3098,81.2014,84.1356,13.826
11.9056,0.819795,0,0.819795,11.88,109.402,160,10,0,3099,81.2101,84.1433,13.8247
11.9269,0.851422,0,0.851422,11.88,109.402,140,2,0,3100,81.219,84.1513,13.8234
11.9329,0.05216,0,0.05216,11.86,109.122,100,0,0,3100,81.219,84.1513,13.8234
11.9543,0.992775,0,0.992775,11.86,109.122,120,2,0,3101,81.2435,84.1748,13.8221
12.1688,207.473,22.2082,185.265,11.84,108.829,124297,4490,0,3102,81.0787,84.0181,13.8208
12.1724,0.155699,0,0.155699,11.82,108.536,120,1,0,3103,81.0835,84.0219,13.8195
12.1926,0.526272,0,0.526272,11.82,108.536,120,2,0,3104,81.1086,84.0461,13.8182
12.1954,0.180052,0,0.180052,11.8,108.243,138,3,0,3105,81.1114,84.048,13.8169
12.216,0.002366,0,0.002366,11.8,108.243,110,0,0,3105,81.1114,84.048,13.8169
12.2188,0.30403,0,0.30403,11.78,107.951,166,2,0,3106,81.113,84.0486,13.8156
12.2395,0.275653,0,0.275653,11.78,107.951,110,1,0,3107,81.1184,84.0531,13.8143
12.2417,0.018776,0,0.018776,11.76,107.658,110,0,0,3107,81.1184,84.0531,13.8143
12.2633,1.27738,0,1.27738,11.76,107.658,360,68,0,3108,81.1387,84.0756,13.8131
12.2668,0.039463,0,0.039463,11.74,107.365,100,0,0,3108,81.1387,84.0756,13.8131
12.2877,0.400531,0,0.400531,11.74,107.365,110,2,0,3109,81.1589,84.0949,13.8118
12.2904,0.252157,0,0.252157,11.72,107.072,110,2,0,3110,81.1814,84.1164,13.8105
12.3111,0.183704,0,0.183704,11.72,107.072,100,2,0,3111,81.1716,84.1058,13.8092
12.3147,0.226092,0,0.226092,11.7,106.779,100,1,0,3112,81.169,84.1022,13.8079
12.3354,0.784852,0,0.784852,11.7,106.779,100,2,0,3113,81.1905,84.1227,13.8066
12.3393,0.04009,0,0.04009,11.68,106.486,100,0,0,3113,81.1905,84.1227,13.8066
12.3596,0.450623,0,0.450623,11.68,106.486,110,2,0,3114,81.2097,84.141,13.8053
12.3622,0.150528,0,0.150528,11.66,106.193,110,2,0,3115,81.2135,84.1438,13.804
12.3995,16.1933,0,16.1933,11.66,106.193,5287,178,0,3116,81.2234,84.154,13.8027
12.405,0.256415,0,0.256415,11.64,105.9,140,2,0,3117,81.214,84.1437,13.8014
12.4251,0.614403,0,0.614403,11.64,105.9,120,2,0,3118,81.2332,84.162,13.8001
12.4289,0.163443,0,0.163443,11.62,105.608,120,2,0,3119,81.2405,84.1683,13.7988
12.4503,0.413359,0,0.413359,11.62,105.608,120,1,0,3120,81.2362,84.1631,13.7975
12.4531,0.050334,0,0.050334,11.6,105.315,110,0,0,3120,81.2362,84.1631,13.7975
12.4749,0.557833,0,0.557833,11.6,105.315,140,3,0,3121,81.2451,84.1711,13.7962
12.4803,0.150516,0,0.150516,11.58,105.022,105,0,0,3121,81.2451,84.1711,13.7962
12.5005,0.332108,0,0.332108,11.58,105.022,135,4,0,3122,81.254,84.1791,13.7949
12.5035,0.192427,0,0.192427,11.56,104.729,120,1,0,3123,81.2674,84.1915,13.7937
12.5236,0.004611,0,0.004611,11.56,104.729,110,0,0,3123,81.2674,84.1915,13.7937
12.5287,0.058656,0,0.058656,11.54,104.436,110,0,0,3123,81.2674,84.1915,13.7937
12.5495,0.473095,0,0.473095,11.54,104.436,174,2,0,3124,81.2945,84.2177,13.7924
12.5516,0.000836,0,0.000836,11.52,104.143,90,0,0,3124,81.2945,84.2177,13.7924
12.5735,0.35304,0,0.35304,11.52,104.143,120,2,0,3125,81.2826,84.2048,13.7911
12.5793,0.112985,0,0.112985,11.5,103.827,70,0,0,3125,81.2826,84.2048,13.7911
12.5993,0.068402,0,0.068402,11.5,103.827,80,0,0,3125,81.2826,84.2048,13.7911
12.6055,0.152633,0,0.152633,11.48,103.473,80,0,0,3125,81.2826,84.2048,13.7911
12.6252,0.651465,0,0.651465,11.48,103.473,93,2,0,3126,81.3205,84.2418,13.7898
12.6307,0.684993,0,0.684993,11.46,103.118,103,4,0,3127,81.3348,84.2552,13.7885
12.6512,0.726968,0,0.726968,11.46,103.118,243,27,0,3128,81.3529,84.2717,13.7872
12.6577,0.680974,0,0.680974,11.44,102.763,175,1,0,3129,81.3618,84.2796,13.7859
12.6784,0.336412,0,0.336412,11.44,102.763,95,4,0,3130,81.3668,84.2837,13.7846
12.6828,0.19916,0,0.19916,11.42,102.409,85,2,0,3131,81.3651,84.2811,13.7834
12.7043,0.109498,0,0.109498,11.42,102.409,75,0,0,3131,81.3651,84.2811,13.7834
12.711,0.065937,0,0.065937,11.4,102.054,75,0,0,3131,81.3651,84.2811,13.7834
12.7321,0.844847,0,0.844847,11.4,102.054,88,2,0,3132,81.3799,84.295,13.7821
12.7397,0.139978,0,0.139978,11.38,101.7,80,0,0,3132,81.3799,84.295,13.7821
12.7592,0.153815,0,0.153815,11.38,101.7,80,0,0,3132,81.3799,84.295,13.7821
12.7636,0.133839,0,0.133839,11.36,101.345,80,0,0,3132,81.3799,84.295,13.7821
12.7859,2.0692,0,2.0692,11.36,101.345,730,68,0,3133,81.4063,84.3179,13.7808
12.7881,0.110702,0,0.110702,11.34,100.99,80,1,0,3134,81.3992,84.3098,13.7795
12.8102,0.661831,0,0.661831,11.34,100.99,100,2,0,3135,81.4255,84.3359,13.7782
12.813,0.431833,0,0.431833,11.32,100.636,135,2,0,3136,81.4605,84.3651,13.7769
12.8348,0.75488,0,0.75488,11.32,100.636,113,1,0,3137,81.4734,84.3771,13.7757
12.8411,1.17339,0,1.17339,11.3,100.281,198,20,0,3138,81.5083,84.412,13.7744
12.8602,0.293711,0,0.293711,11.3,100.281,85,2,0,3139,81.5075,84.4103,13.7731
12.8635,0.11353,0,0.11353,11.28,99.9265,85,0,0,3139,81.5075,84.4103,13.7731
12.8844,0.550116,0,0.550116,11.28,99.9265,277,1,0,3140,81.5248,84.4268,13.7718
12.8874,0.125093,0,0.125093,11.26,99.5719,95,0,0,3140,81.5248,84.4268,13.7718
12.9087,0.58644,0,0.58644,11.26,99.5719,105,2,0,3141,81.5371,84.4381,13.7705
12.9117,0.021922,0,0.021922,11.24,99.2173,95,0,0,3141,81.5371,84.4381,13.7705
12.9347,1.38337,0,1.38337,11.24,99.2173,241,4,0,3142,81.5551,84.4545,13.7692
12.9389,0.386113,0,0.386113,11.22,98.8627,176,3,0,3143,81.5651,84.4645,13.768
12.9611,2.32731,0,2.32731,11.22,98.8627,388,2,0,3144,81.6015,84.5016,13.7667
12.9676,0.503093,0,0.503093,11.2,98.508,132,2,0,3145,81.613,84.5122,13.7654
12.9881,1.13372,0,1.13372,11.2,98.508,206,6,0,3146,81.6332,84.5318,13.7641
12.9962,1.48498,0,1.48498,11.18,98.1534,416,4,0,3147,81.6441,84.5418,13.7629
13.0152,0.055215,0,0.055215,11.18,98.1534,130,0,0,3147,81.6441,84.5418,13.7629
13.021,0.609481,0,0.609481,11.16,97.7988,160,1,0,3148,81.6572,84.554,13.7616
13.0414,0.644443,0,0.644443,11.16,97.7988,160,2,0,3149,81.684,84.5799,13.7603
13.045,0.032867,0,0.032867,11.14,97.4442,165,0,0,3149,81.684,84.5799,13.7603
13.0667,0.461838,0,0.461838,11.14,97.4442,178,2,0,3150,81.7124,84.6073,13.759
13.0693,0.23305,0,0.23305,11.12,97.0896,193,2,0,3151,81.7236,84.6176,13.7578
13.0894,0.002681,0,0.002681,11.12,97.0896,155,0,0,3151,81.7236,84.6176,13.7578
13.0922,0.226694,0,0.226694,11.1,96.735,176,1,0,3152,81.7386,84.6317,13.7565
13.1129,0.100737,0,0.100737,11.1,96.735,155,0,0,3152,81.7386,84.6317,13.7565
13.1195,0.489671,0,0.489671,11.08,96.3804,180,0,0,3153,81.7463,84.6384,13.7552
13.1405,0.004761,0,0.004761,11.08,96.3804,170,0,0,3153,81.7463,84.6384,13.7552
13.1445,0.027797,0,0.027797,11.06,96.0258,170,0,0,3153,81.7463,84.6384,13.7552
13.1653,0.048197,0,0.048197,11.06,96.0258,170,0,0,3153,81.7463,84.6384,13.7552
13.1684,0.256195,0,0.256195,11.04,95.6711,190,1,0,3154,81.7536,84.6449,13.7539
13.1883,0.058752,0,0.058752,11.04,95.6711,180,0,0,3154,81.7536,84.6449,13.7539
13.1908,0.234594,0,0.234594,11.02,95.3165,220,2,0,3155,81.7674,84.6577,13.7527
13.2119,0.667218,0,0.667218,11.02,95.3165,338,20,0,3156,81.7871,84.6781,13.7514
13.2156,0.90708,0,0.90708,11,94.9619,408,6,0,3157,81.8185,84.7061,13.7501
13.2356,0.119759,0,0.119759,11,94.9619,180,0,0,3157,81.8185,84.7061,13.7501
13.2394,1.01418,0,1.01418,10.98,94.6073,366,2,0,3158,81.8499,84.7356,13.7488
13.2591,0.325817,0,0.325817,10.98,94.6073,190,1,0,3159,81.8607,84.7455,13.7476
13.2631,1.2222,0,1.2222,10.96,94.2527,651,22,0,3160,81.8994,84.7826,13.7463
13.2822,0.248063,0,0.248063,10.96,94.2527,200,1,0,3161,81.8981,84.7804,13.745
13.2853,0.569412,0,0.569412,10.94,93.8981,328,2,0,3162,81.9168,84.7992,13.7438
13.3062,0.392357,0,0.392357,10.94,93.8981,239,2,0,3163,81.9238,84.8052,13.7425
13.3093,0.422032,0,0.422032,10.92,93.5435,230,2,0,3164,81.9336,84.8142,13.7412
13.33,0.323598,0,0.323598,10.92,93.5435,230,1,0,3165,81.9453,84.825,13.74
13.3341,0.681024,0,0.681024,10.9,93.1889,240,2,0,3166,81.9719,84.8506,13.7387
13.3534,0.087515,0,0.087515,10.9,93.1889,230,0,0,3166,81.9719,84.8506,13.7387
13.357,0.271805,0,0.271805,10.88,92.8343,240,1,0,3167,81.9599,84.8377,13.7374
13.3786,0.913966,0,0.913966,10.88,92.8343,346,0,0,3168,81.9893,84.8662,13.7362
13.3822,0.001446,0,0.001446,10.86,92.6469,210,0,0,3168,81.9893,84.8662,13.7362
13.4041,0.675845,0,0.675845,10.86,92.6469,230,2,0,3169,82.0076,84.8836,13.7349
13.4098,0.031375,0,0.031375,10.84,92.5409,210,0,0,3169,82.0076,84.8836,13.7349
13.4317,1.15785,0,1.15785,10.84,92.5409,240,6,0,3170,82.0372,84.9129,13.7336
13.6155,176.759,20.9562,155.803,10.82,92.4348,111107,5133,0,3170,81.6227,84.5987,13.7336
13.6193,0.153334,0,0.153334,10.8,98.2367,104,1,0,3171,81.6301,84.6052,13.7324
13.6397,0.002638,0,0.002638,10.8,98.2367,104,0,0,3171,81.6301,84.6052,13.7324
13.6427,0.118237,0,0.118237,10.78,97.9995,114,1,0,3172,81.6236,84.5977,13.7311
13.6636,0.187201,0,0.187201,10.78,97.9995,114,1,0,3173,81.6142,84.5875,13.7298
13.6671,0.443409,0,0.443409,10.76,97.7624,196,2,0,3174,81.6371,84.6093,13.7286
13.6876,0.492412,0,0.492412,10.76,97.7624,127,2,0,3175,81.6491,84.6202,13.7273
13.6912,0.069335,0,0.069335,10.74,97.5252,104,0,0,3175,81.6491,84.6202,13.7273
13.7113,0.382546,0,0.382546,10.74,97.5252,114,1,0,3176,81.6568,84.6269,13.726
13.7141,0.068578,0,0.068578,10.72,97.288,104,0,0,3176,81.6568,84.6269,13.726
13.735,0.021175,0,0.021175,10.72,97.288,104,0,0,3176,81.6568,84.6269,13.726
13.7382,0.496904,0,0.496904,10.7,97.0509,114,2,0,3177,81.6912,84.6604,13.7248
13.7587,0.337722,0,0.337722,10.7,97.0509,104,1,0,3178,81.6995,84.6677,13.7235
13.762,0.420741,0,0.420741,10.68,96.8137,141,2,0,3179,81.7266,84.6939,13.7223
13.7822,0.474798,0,0.474798,10.68,96.8137,114,2,0,3180,81.7447,84.711,13.721
13.785,0.053941,0,0.053941,10.66,96.5766,94,0,0,3180,81.7447,84.711,13.721
13.8066,0.893729,0,0.893729,10.66,96.5766,254,20,0,3181,81.785,84.7494,13.7197
13.8096,0.738431,0,0.738431,10.64,96.3394,338,2,0,3182,81.8143,84.7769,13.7185
13.8303,0.494676,0,0.494676,10.64,96.3394,119,0,0,3183,81.8234,84.7851,13.7172
13.8338,0.279423,0,0.279423,10.62,96.1023,128,1,0,3184,81.8455,84.8062,13.716
13.8547,0.668381,0,0.668381,10.62,96.1023,110,2,0,3185,81.8609,84.8204,13.7147
13.8604,0.038375,0,0.038375,10.6,95.8651,94,0,0,3185,81.8609,84.8204,13.7147
13.8803,0.096145,0,0.096145,10.6,95.8651,94,0,0,3185,81.8609,84.8204,13.7147
13.8875,1.708,0,1.708,10.58,95.6279,262,2,0,3186,81.8889,84.8487,13.7135
13.9074,0.181379,0,0.181379,10.58,95.6279,94,0,0,3186,81.8889,84.8487,13.7135
13.9107,0.046736,0,0.046736,10.56,95.3908,94,0,0,3186,81.8889,84.8487,13.7135
13.9321,0.694036,0,0.694036,10.56,95.3908,154,8,0,3187,81.9162,84.8742,13.7122
13.9387,0.096936,0,0.096936,10.54,95.1536,94,0,0,3187,81.9162,84.8742,13.7122
13.9601,1.05155,0,1.05155,10.54,95.1536,104,2,0,3188,81.9561,84.9131,13.7109
13.9647,0.473349,0,0.473349,10.52,94.9165,94,0,0,3189,81.963,84.9191,13.7097
13.9845,0.188912,0,0.188912,10.52,94.9165,94,0,0,3189,81.963,84.9191,13.7097
13.9878,0.211779,0,0.211779,10.5,94.6793,154,7,0,3190,81.9649,84.9204,13.7084
14.0085,0.494029,0,0.494029,10.5,94.6793,104,1,0,3191,81.9665,84.921,13.7072
14.0152,0.594899,0,0.594899,10.48,94.4421,124,4,0,3192,81.974,84.9276,13.7059
14.0362,0.193868,0,0.193868,10.48,94.4421,94,0,0,3192,81.974,84.9276,13.7059
14.0412,0.077778,0,0.077778,10.46,94.205,104,0,0,3192,81.974,84.9276,13.7059
14.0623,0.467428,0,0.467428,10.46,94.205,186,1,0,3193,81.9887,84.9414,13.7047
14.0673,1.20574,0,1.20574,10.44,93.9678,192,2,0,3194,82.0141,84.9665,13.7034
14.0872,0.631745,0,0.631745,10.44,93.9678,198,12,0,3195,82.0404,84.9912,13.7022
14.1324,42.6858,6.40849,36.2773,10.42,93.7307,28413,793,0,3196,82.026,84.9784,13.7009
14.1358,0.214538,0,0.214538,10.4,93.4935,70,1,0,3197,82.0288,84.9803,13.6997
14.1559,0.032006,0,0.032006,10.4,93.4935,60,0,0,3197,82.0288,84.9803,13.6997
14.1587,0.048305,0,0.048305,10.38,93.2563,60,0,0,3197,82.0288,84.9803,13.6997
14.1794,0.405215,0,0.405215,10.38,93.2563,70,2,0,3198,82.0441,84.9947,13.6984
14.1829,0.937443,0,0.937443,10.36,93.0192,300,50,0,3199,82.0597,85.0109,13.6972
14.2029,0.131406,0,0.131406,10.36,93.0192,60,0,0,3199,82.0597,85.0109,13.6972
14.2064,0.00134,0,0.00134,10.34,92.782,60,0,0,3199,82.0597,85.0109,13.6972
14.2276,0.406748,0,0.406748,10.34,92.782,110,1,0,3200,82.0622,85.0125,13.6959
14.2313,0.352179,0,0.352179,10.32,92.5449,70,2,0,3201,82.0809,85.0303,13.6947
14.252,0.252637,0,0.252637,10.32,92.5449,70,1,0,3202,82.0796,85.0281,13.6934
14.2548,0.286435,0,0.286435,10.3,92.3077,80,4,0,3203,82.0965,85.0434,13.6922
14.2761,1.12768,0,1.12768,10.3,92.3077,110,6,0,3204,82.1333,85.0783,13.6909
14.2811,0.734632,0,0.734632,10.28,92.0705,382,2,0,3205,82.1585,85.1027,13.6897
14.3017,0.186467,0,0.186467,10.28,92.0705,60,0,0,3205,82.1585,85.1027,13.6897
14.307,0.088725,0,0.088725,10.26,91.8334,70,0,0,3205,82.1585,85.1027,13.6897
14.3286,0.979355,0,0.979355,10.26,91.8334,208,14,0,3206,82.185,85.1282,13.6884
14.3346,0.003709,0,0.003709,10.24,91.5962,70,0,0,3206,82.185,85.1282,13.6884
14.3557,0.065916,0,0.065916,10.24,91.5962,70,0,0,3206,82.185,85.1282,13.6884
14.3632,2.16433,0,2.16433,10.22,91.3591,379,6,0,3207,82.2064,85.1525,13.6872
14.3814,0.308403,0,0.308403,10.22,91.3591,80,2,0,3208,82.2132,85.1584,13.6859
14.3863,1.16569,0,1.16569,10.2,91.1219,320,0,0,3209,82.2431,85.1873,13.6847
14.4053,0.613413,0,0.613413,10.2,91.1219,80,1,0,3210,82.2536,85.1969,13.6834
14.4094,0.414622,0,0.414622,10.18,90.8848,90,2,0,3211,82.2809,85.2233,13.6822
14.4304,0.165551,0,0.165551,10.18,90.8848,70,0,0,3211,82.2809,85.2233,13.6822
14.4353,0.003371,0,0.003371,10.16,90.6476,70,0,0,3211,82.2809,85.2233,13.6822
14.458,1.35947,0,1.35947,10.16,90.6476,179,4,0,3212,82.3151,85.2575,13.6809
14.4652,1.57952,0,1.57952,10.14,90.4104,410,0,0,3213,82.3467,85.2882,13.6797
14.4851,0.214809,0,0.214809,10.14,90.4104,70,0,0,3213,82.3467,85.2882,13.6797
14.4892,0.212491,0,0.212491,10.12,90.1733,80,1,0,3214,82.3457,85.2862,13.6785
14.5099,0.611375,0,0.611375,10.12,90.1733,110,5,0,3215,82.3742,85.3132,13.6772
14.5135,0.057593,0,0.057593,10.1,89.9361,70,0,0,3215,82.3742,85.3132,13.6772
14.5341,0.224948,0,0.224948,10.1,89.9361,80,1,0,3216,82.3675,85.3057,13.676
14.538,0.070974,0,0.070974,10.08,89.699,70,0,0,3216,82.3675,85.3057,13.676
14.5595,0.157395,0,0.157395,10.08,89.699,70,0,0,3216,82.3675,85.3057,13.676
14.5709,5.75276,0,5.75276,10.06,89.4618,1409,152,0,3217,82.36,85.3037,13.6747
14.5865,0.101041,0,0.101041,10.06,89.4618,80,0,0,3217,82.36,85.3037,13.6747
14.5929,1.09597,0,1.09597,10.04,89.2246,224,8,0,3218,82.3863,85.3285,13.6735
14.6119,0.060606,0,0.060606,10.04,89.2246,90,0,0,3218,82.3863,85.3285,13.6735
14.6149,0.049818,0,0.049818,10.02,88.9875,110,0,0,3218,82.3863,85.3285,13.6735
14.636,0.739277,0,0.739277,10.02,88.9875,236,1,0,3219,82.3976,85.3389,13.6722
14.6415,0.468462,0,0.468462,10,88.7503,138,2,0,3220,82.4227,85.363,13.671
14.6626,0.429872,0,0.429872,10,88.7503,130,4,0,3221,82.4402,85.3797,13.6698
14.8349,168.096,25.4755,142.621,9.98,88.5132,95768,4193,0,3221,82.1658,85.1586,13.6698
14.8381,0.044029,0,0.044029,9.96,92.3293,74,0,0,3221,82.1658,85.1586,13.6698
14.8589,0.065124,0,0.065124,9.96,92.3293,74,0,0,3221,82.1658,85.1586,13.6698
14.8616,0.058935,0,0.058935,9.94,92.0047,74,0,0,3222,82.1477,85.1397,13.6685
14.8839,1.49663,0,1.49663,9.94,92.0047,355,18,0,3223,82.1815,85.1719,13.6673
14.8866,0.146553,0,0.146553,9.92,91.6802,84,2,0,3224,82.1808,85.1703,13.6661
14.9066,0.002023,0,0.002023,9.92,91.6802,74,0,0,3224,82.1808,85.1703,13.6661
14.9099,0.500308,0,0.500308,9.9,91.3556,104,6,0,3225,82.2236,85.2121,13.6648
14.9303,0.002333,0,0.002333,9.9,91.3556,74,0,0,3225,82.2236,85.2121,13.6648
14.9328,0.000833,0,0.000833,9.88,91.0311,74,0,0,3225,82.2236,85.2121,13.6648
14.9538,0.079989,0,0.079989,9.88,91.0311,74,0,0,3225,82.2236,85.2121,13.6648
14.9573,0.860211,0,0.860211,9.86,90.7065,480,4,0,3226,82.239,85.2257,13.6636
14.9777,0.552826,0,0.552826,9.86,90.7065,166,2,0,3227,82.2569,85.2423,13.6623
14.9802,0.144116,0,0.144116,9.84,90.3819,87,1,0,3228,82.2587,85.2432,13.6611
15.0008,0.435256,0,0.435256,9.84,90.3819,87,1,0,3229,82.2725,85.2561,13.6599
15.0038,0.071125,0,0.071125,9.82,90.0574,67,0,0,3229,82.2725,85.2561,13.6599
15.0244,0.054005,0,0.054005,9.82,90.0574,67,0,0,3229,82.2725,85.2561,13.6599
15.027,0.287424,0,0.287424,9.8,89.7328,67,2,0,3230,82.2966,85.2793,13.6586
15.0487,0.896318,0,0.896318,9.8,89.7328,314,8,0,3231,82.3386,85.3203,13.6574
15.0511,0.012756,0,0.012756,9.78,89.4083,57,0,0,3231,82.3386,85.3203,13.6574
15.0724,0.801846,0,0.801846,9.78,89.4083,67,2,0,3232,82.3663,85.3472,13.6562
15.0777,0.140821,0,0.140821,9.76,89.0837,57,0,0,3232,82.3663,85.3472,13.6562
15.0981,0.638162,0,0.638162,9.76,89.0837,67,2,0,3233,82.382,85.3619,13.6549
15.1036,0.183989,0,0.183989,9.74,88.7592,57,0,0,3233,82.382,85.3619,13.6549
15.1242,0.220776,0,0.220776,9.74,88.7592,57,0,0,3234,82.3785,85.3575,13.6537
15.1267,0.024241,0,0.024241,9.72,88.4346,67,0,0,3234,82.3785,85.3575,13.6537
15.1481,0.091157,0,0.091157,9.72,88.4346,67,0,0,3234,82.3785,85.3575,13.6537
15.1533,0.002231,0,0.002231,9.7,88.1101,67,0,0,3234,82.3785,85.3575,13.6537
15.1739,0.431895,0,0.431895,9.7,88.1101,77,2,0,3235,82.3886,85.3666,13.6525
15.1786,0.309952,0,0.309952,9.68,87.7855,77,1,0,3236,82.4079,85.385,13.6512
15.1982,0.066824,0,0.066824,9.68,87.7855,67,0,0,3236,82.4079,85.385,13.6512
15.2023,0.329472,0,0.329472,9.66,87.4609,77,1,0,3237,82.4257,85.4019,13.65
15.223,0.488784,0,0.488784,9.66,87.4609,99,2,0,3238,82.4407,85.4163,13.6488
15.2261,0.001801,0,0.001801,9.64,87.1364,67,0,0,3238,82.4407,85.4163,13.6488
15.2471,0.3223,0,0.3223,9.64,87.1364,87,2,0,3239,82.4437,85.4183,13.6475
15.2497,0.217338,0,0.217338,9.62,86.8118,242,0,0,3240,82.4512,85.425,13.6463
15.2739,4.08882,0,4.08882,9.62,86.8118,779,171,0,3241,82.4786,85.456,13.6451
15.2772,0.003254,0,0.003254,9.6,86.4873,70,0,0,3241,82.4786,85.456,13.6451
15.2985,1.56441,0,1.56441,9.6,86.4873,113,4,0,3242,82.5065,85.4837,13.6438
15.3029,0.412494,0,0.412494,9.58,86.1627,104,2,0,3243,82.5205,85.4974,13.6426
15.324,0.326361,0,0.326361,9.58,86.1627,70,0,0,3244,82.5071,85.483,13.6414
15.3304,0.002013,0,0.002013,9.56,85.8382,70,0,0,3244,82.5071,85.483,13.6414
15.352,0.773632,0,0.773632,9.56,85.8382,80,2,0,3245,82.5196,85.4943,13.6402
15.3616,1.47415,0,1.47415,9.54,85.5136,100,2,0,3246,82.5514,85.5253,13.6389
15.3804,0.051834,0,0.051834,9.54,85.5136,80,0,0,3246,82.5514,85.5253,13.6389
15.3831,0.266305,0,0.266305,9.52,85.189,100,2,0,3247,82.5731,85.5457,13.6377
15.404,0.709713,0,0.709713,9.52,85.189,90,2,0,3248,82.5899,85.5616,13.6365
15.4088,0.090738,0,0.090738,9.5,84.8645,80,0,0,3248,82.5899,85.5616,13.6365
15.4289,0.393453,0,0.393453,9.5,84.8645,126,1,0,3249,82.6005,85.5713,13.6353
15.4334,0.25741,0,0.25741,9.48,84.5399,90,1,0,3250,82.6157,85.5855,13.634
15.4548,0.004837,0,0.004837,9.48,84.5399,80,0,0,3250,82.6157,85.5855,13.634
15.4628,0.532171,0,0.532171,9.46,84.2154,104,0,0,3251,82.6247,85.5937,13.6328
15.484,0.127952,0,0.127952,9.46,84.2154,100,0,0,3251,82.6247,85.5937,13.6328
15.4903,0.949756,0,0.949756,9.44,83.8908,234,10,0,3252,82.6608,85.6288,13.6316
15.5109,0.91555,0,0.91555,9.44,83.8908,202,2,0,3253,82.6748,85.6434,13.6304
15.5175,0.003869,0,0.003869,9.42,83.5663,100,0,0,3253,82.6748,85.6434,13.6304
15.5373,0.058407,0,0.058407,9.42,83.5663,100,0,0,3253,82.6748,85.6434,13.6304
15.5406,0.331048,0,0.331048,9.4,83.2417,255,1,0,3254,82.7037,85.6715,13.6291
15.5604,0.067861,0,0.067861,9.4,83.2417,100,0,0,3254,82.7037,85.6715,13.6291
15.5662,0.700998,0,0.700998,9.38,82.9172,110,1,0,3255,82.7217,85.6885,13.6279
15.5894,2.06335,0,2.06335,9.38,82.9172,225,2,0,3256,82.7571,85.7239,13.6267
15.5931,0.064267,0,0.064267,9.36,82.5926,93,0,0,3256,82.7571,85.7239,13.6267
15.6149,0.162018,0,0.162018,9.36,82.5926,93,0,0,3256,82.7571,85.7239,13.6267
15.624,1.54293,0,1.54293,9.34,82.268,420,13,0,3257,82.7667,85.7332,13.6255
15.6441,1.10829,0,1.10829,9.34,82.268,218,2,0,3258,82.7891,85.7566,13.6242
15.6491,0.002264,0,0.002264,9.32,81.9435,103,0,0,3258,82.7891,85.7566,13.6242
15.6696,0.051945,0,0.051945,9.32,81.9435,103,0,0,3258,82.7891,85.7566,13.6242
15.6781,0.595435,0,0.595435,9.3,81.6189,123,1,0,3259,82.7867,85.7533,13.623
15.697,0.511863,0,0.511863,9.3,81.6189,123,1,0,3260,82.7939,85.7595,13.6218
15.7023,0.002466,0,0.002466,9.28,81.2944,113,0,0,3260,82.7939,85.7595,13.6218
15.7234,0.436077,0,0.436077,9.28,81.2944,123,2,0,3261,82.8203,85.785,13.6206
15.7261,0.163307,0,0.163307,9.26,80.9698,203,1,0,3262,82.8213,85.7851,13.6194
15.7481,0.803979,0,0.803979,9.26,80.9698,188,2,0,3263,82.8532,85.8164,13.6181
15.7511,0.001461,0,0.001461,9.24,80.6453,146,0,0,3263,82.8532,85.8164,13.6181
15.7738,0.727341,0,0.727341,9.24,80.6453,156,1,0,3264,82.8542,85.8165,13.6169
15.7818,0.103621,0,0.103621,9.22,80.3207,156,0,0,3264,82.8542,85.8165,13.6169
15.803,1.29531,0,1.29531,9.22,80.3207,233,10,0,3265,82.8698,85.8334,13.6157
15.8103,0.444042,0,0.444042,9.2,79.9962,169,1,0,3266,82.8641,85.8267,13.6145
15.829,0.413536,0,0.413536,9.2,79.9962,169,1,0,3267,82.8776,85.8393,13.6133
15.8318,0.027167,0,0.027167,9.18,79.6716,159,0,0,3267,82.8776,85.8393,13.6133
15.8529,0.454385,0,0.454385,9.18,79.6716,223,2,0,3268,82.9048,85.8657,13.612
15.8553,0.033537,0,0.033537,9.16,79.4328,152,0,0,3268,82.9048,85.8657,13.612
15.8781,1.4478,0,1.4478,9.16,79.4328,580,6,0,3269,82.9327,85.892,13.6108
15.8808,0.031275,0,0.031275,9.14,79.2253,162,0,0,3269,82.9327,85.892,13.6108
15.9025,0.414499,0,0.414499,9.14,79.2253,172,1,0,3270,82.9391,85.8976,13.6096
15.9064,0.08241,0,0.08241,9.12,79.0178,162,0,0,3270,82.9391,85.8976,13.6096
15.9272,0.758725,0,0.758725,9.12,79.0178,328,2,0,3271,82.9496,85.9068,13.6084
15.9315,0.742602,0,0.742602,9.1,78.8103,232,2,0,3272,82.9731,85.9297,13.6072
15.9516,0.209141,0,0.209141,9.1,78.8103,182,1,0,3273,82.9646,85.9203,13.606
15.9545,0.225624,0,0.225624,9.08,78.6028,208,1,0,3274,82.971,85.9258,13.6048
15.9756,0.390375,0,0.390375,9.08,78.6028,172,1,0,3275,82.9725,85.9264,13.6035
15.9795,0.243523,0,0.243523,9.06,78.3953,172,1,0,3276,82.989,85.942,13.6023
16.0011,0.040758,0,0.040758,9.06,78.3953,162,0,0,3276,82.989,85.942,13.6023
16.006,0.001966,0,0.001966,9.04,78.1878,152,0,0,3276,82.989,85.942,13.6023
16.0265,0.139814,0,0.139814,9.04,78.1878,152,0,0,3276,82.989,85.942,13.6023
16.0306,0.647686,0,0.647686,9.02,77.9803,216,2,0,3277,83.0119,85.9628,13.6011
16.0515,0.839644,0,0.839644,9.02,77.9803,348,3,0,3278,83.0232,85.9768,13.5999
16.0541,0.218091,0,0.218091,9,77.7728,216,1,0,3279,83.0375,85.9902,13.5987
16.075,0.229352,0,0.229352,9,77.7728,162,1,0,3280,83.0314,85.9832,13.5975
16.2106,133.011,38.6942,94.3171,8.98,77.5653,73525,3662,0,3281,82.673,85.6528,13.5963
16.2143,0.311521,0,0.311521,8.96,77.3578,134,2,0,3282,82.6862,85.6651,13.5951
16.2348,0.206094,0,0.206094,8.96,77.3578,95,1,0,3283,82.6777,85.6558,13.5938
16.2378,0.279558,0,0.279558,8.94,77.1503,95,1,0,3284,82.6876,85.6647,13.5926
16.2579,0.060815,0,0.060815,8.94,77.1503,85,0,0,3284,82.6876,85.6647,13.5926
16.2608,0.030657,0,0.030657,8.92,76.9428,85,0,0,3284,82.6876,85.6647,13.5926
16.2817,0.125435,0,0.125435,8.92,76.9428,85,0,0,3284,82.6876,85.6647,13.5926
16.2854,0.247325,0,0.247325,8.9,76.7354,95,1,0,3285,82.6932,85.6694,13.5914
16.3067,0.656742,0,0.656742,8.9,76.7354,166,2,0,3286,82.7091,85.6844,13.5902
16.3095,0.355308,0,0.355308,8.88,76.5279,361,1,0,3287,82.7368,85.7113,13.589
16.3304,0.391577,0,0.391577,8.88,76.5279,95,1,0,3288,82.7524,85.726,13.5878
16.333,0.204406,0,0.204406,8.86,76.3204,105,4,0,3289,82.7537,85.7254,13.5866
16.3534,0.244489,0,0.244489,8.86,76.3204,85,1,0,3290,82.7505,85.7213,13.5854
16.3562,0.218187,0,0.218187,8.84,76.1129,85,1,0,3291,82.76,85.7299,13.5842
16.3769,0.085432,0,0.085432,8.84,76.1129,75,0,0,3291,82.76,85.7299,13.5842
16.3807,0.767238,0,0.767238,8.82,75.9054,244,2,0,3292,82.7779,85.7476,13.583
16.4023,0.829897,0,0.829897,8.82,75.9054,91,1,0,3293,82.8047,85.7735,13.5818
16.4058,0.038596,0,0.038596,8.8,75.6979,78,0,0,3293,82.8047,85.7735,13.5818
16.4273,0.812213,0,0.812213,8.8,75.6979,136,0,0,3294,82.8254,85.7933,13.5806
16.4352,1.12656,0,1.12656,8.78,75.4904,128,8,0,3295,82.8662,85.8331,13.5794
16.4535,0.09802,0,0.09802,8.78,75.4904,78,0,0,3295,82.8662,85.8331,13.5794
16.4563,0.330685,0,0.330685,8.76,75.2829,81,1,0,3296,82.8926,85.8586,13.5782
16.4781,0.454547,0,0.454547,8.76,75.2829,68,0,0,3297,82.8884,85.8535,13.577
16.4857,1.42562,0,1.42562,8.74,75.0754,146,2,0,3298,82.9215,85.8857,13.5758
16.505,0.291143,0,0.291143,8.74,75.0754,84,2,0,3299,82.9203,85.8836,13.5746
16.5076,0.061071,0,0.061071,8.72,74.8679,68,0,0,3299,82.9203,85.8836,13.5746
16.5285,0.161046,0,0.161046,8.72,74.8679,78,1,0,3300,82.9073,85.8697,13.5733
16.5313,0.433125,0,0.433125,8.7,74.6604,166,2,0,3301,82.9173,85.8791,13.5721
16.5516,0.394322,0,0.394322,8.7,74.6604,78,1,0,3302,82.9306,85.8916,13.5709
16.5545,0.068274,0,0.068274,8.68,74.4529,81,0,0,3302,82.9306,85.8916,13.5709
16.5751,0.34651,0,0.34651,8.68,74.4529,91,1,0,3303,82.947,85.9071,13.5697
16.5776,0.059295,0,0.059295,8.66,74.2454,81,0,0,3303,82.947,85.9071,13.5697
16.5988,0.316721,0,0.316721,8.66,74.2454,91,2,0,3304,82.9564,85.9156,13.5685
16.6056,1.56478,0,1.56478,8.64,74.0379,181,2,0,3305,82.9855,85.9449,13.5673
16.6248,0.774471,0,0.774471,8.64,74.0379,210,2,0,3306,83.0169,85.9755,13.5661
16.6279,0.24297,0,0.24297,8.62,73.8304,91,1,0,3307,83.033,85.9906,13.5649
16.648,0.409769,0,0.409769,8.62,73.8304,97,1,0,3308,83.042,85.9988,13.5638
16.654,0.403595,0,0.403595,8.6,73.6229,91,2,0,3309,83.068,86.0239,13.5626
16.6752,0.231808,0,0.231808,8.6,73.6229,81,0,0,3309,83.068,86.0239,13.5626
16.6786,0.070414,0,0.070414,8.58,73.4154,91,0,0,3309,83.068,86.0239,13.5626
16.7003,0.108054,0,0.108054,8.58,73.4154,91,0,0,3309,83.068,86.0239,13.5626
16.7074,0.791762,0,0.791762,8.56,73.208,108,1,0,3310,83.0864,86.0414,13.5614
16.7277,0.788941,0,0.788941,8.56,73.208,161,8,0,3311,83.1169,86.071,13.5602
16.735,0.894238,0,0.894238,8.54,73.0005,101,3,0,3312,83.1413,86.0942,13.559
16.754,0.002503,0,0.002503,8.54,73.0005,81,0,0,3312,83.1413,86.0942,13.559
16.7568,0.300202,0,0.300202,8.52,72.793,127,2,0,3313,83.172,86.1241,13.5578
16.7798,1.77607,0,1.77607,8.52,72.793,280,2,0,3314,83.2142,86.1657,13.5566
16.7867,0.614849,0,0.614849,8.5,72.5855,103,1,0,3315,83.2229,86.1735,13.5554
16.8071,0.475517,0,0.475517,8.5,72.5855,93,1,0,3316,83.2443,86.1939,13.5542
16.8111,0.057696,0,0.057696,8.48,72.378,81,0,0,3316,83.2443,86.1939,13.5542
16.8323,0.552348,0,0.552348,8.48,72.378,91,1,0,3317,83.2605,86.2092,13.553
16.8357,0.263952,0,0.263952,8.46,72.1705,116,0,0,3318,83.2848,86.2327,13.5518
16.8564,0.632357,0,0.632357,8.46,72.1705,91,1,0,3319,83.2914,86.2383,13.5506
16.8638,0.097866,0,0.097866,8.44,71.963,91,0,0,3319,83.2914,86.2383,13.5506
16.8826,0.053221,0,0.053221,8.44,71.963,91,0,0,3319,83.2914,86.2383,13.5506
16.8866,0.310322,0,0.310322,8.42,71.7555,101,1,0,3320,83.2931,86.2392,13.5494
16.9074,0.36025,0,0.36025,8.42,71.7555,101,1,0,3321,83.3101,86.2553,13.5482
16.9098,0.022171,0,0.022171,8.4,71.548,91,0,0,3321,83.3101,86.2553,13.5482
16.9328,1.32572,0,1.32572,8.4,71.548,368,1,0,3322,83.332,86.2763,13.547
16.9382,1.85181,0,1.85181,8.38,71.3405,641,86,0,3323,83.3744,86.3139,13.5458
16.9572,0.229136,0,0.229136,8.38,71.3405,91,0,0,3324,83.3788,86.3174,13.5446
16.9601,0.499882,0,0.499882,8.36,71.133,131,5,0,3325,83.4132,86.3525,13.5434
16.9805,0.403833,0,0.403833,8.36,71.133,101,1,0,3326,83.4107,86.3491,13.5423
16.9859,0.096255,0,0.096255,8.34,70.9255,101,0,0,3326,83.4107,86.3491,13.5423
17.0066,0.319715,0,0.319715,8.34,70.9255,111,1,0,3327,83.416,86.3535,13.5411
17.0107,0.041171,0,0.041171,8.32,70.718,101,0,0,3327,83.416,86.3535,13.5411
17.0317,0.41991,0,0.41991,8.32,70.718,111,1,0,3328,83.4423,86.3789,13.5399
17.0341,0.013119,0,0.013119,8.3,70.5105,111,0,0,3328,83.4423,86.3789,13.5399
17.0553,0.841035,0,0.841035,8.3,70.5105,267,4,0,3329,83.4593,86.395,13.5387
17.0582,0.179883,0,0.179883,8.28,70.303,121,1,0,3330,83.4631,86.3979,13.5375
17.0785,0.460099,0,0.460099,8.28,70.303,171,2,0,3331,83.4698,86.4035,13.5363
17.0832,0.491449,0,0.491449,8.26,70.0955,121,1,0,3332,83.4754,86.4082,13.5351
17.1034,0.099264,0,0.099264,8.26,70.0955,111,0,0,3332,83.4754,86.4082,13.5351
17.1061,0.368556,0,0.368556,8.24,69.888,259,2,0,3333,83.5104,86.4422,13.5339
17.1267,0.028933,0,0.028933,8.24,69.888,114,0,0,3333,83.5104,86.4422,13.5339
17.1292,0.018819,0,0.018819,8.22,69.6805,121,0,0,3333,83.5104,86.4422,13.5339
17.1504,0.613506,0,0.613506,8.22,69.6805,131,1,0,3334,83.5189,86.4499,13.5328
17.2687,112.134,25.3377,86.796,8.2,69.4731,67320,3575,0,3335,83.1658,86.1817,13.5316
17.2726,0.270046,0,0.270046,8.18,69.7031,155,1,0,3336,83.1811,86.196,13.5304
17.2933,0.402396,0,0.402396,8.18,69.7031,158,2,0,3337,83.1936,86.2077,13.5292
17.2963,0.219113,0,0.219113,8.16,69.5436,145,1,0,3338,83.2085,86.2217,13.528
17.3166,0.031685,0,0.031685,8.16,69.5436,135,0,0,3338,83.2085,86.2217,13.528
17.3212,1.05592,0,1.05592,8.14,69.3842,352,33,0,3339,83.2477,86.2597,13.5268
17.3405,0.560075,0,0.560075,8.14,69.3842,125,1,0,3340,83.2814,86.2925,13.5256
17.3435,0.206086,0,0.206086,8.12,69.2247,129,1,0,3341,83.2915,86.3017,13.5245
17.3645,0.341702,0,0.341702,8.12,69.2247,125,1,0,3342,83.3031,86.3124,13.5233
17.3674,0.2861,0,0.2861,8.1,69.0653,289,1,0,3343,83.3302,86.3386,13.5221
17.3893,1.26561,0,1.26561,8.1,69.0653,265,26,0,3344,83.3693,86.3765,13.5209
17.3929,0.012956,0,0.012956,8.08,68.9058,122,0,0,3344,83.3693,86.3765,13.5209
17.4132,0.062497,0,0.062497,8.08,68.9058,122,0,0,3344,83.3693,86.3765,13.5209
17.4178,0.094853,0,0.094853,8.06,68.7463,122,0,0,3344,83.3693,86.3765,13.5209
17.4396,0.766131,0,0.766131,8.06,68.7463,167,1,0,3345,83.4033,86.4096,13.5197
17.4439,0.001846,0,0.001846,8.04,68.5869,129,0,0,3345,83.4033,86.4096,13.5197
17.4654,0.373509,0,0.373509,8.04,68.5869,139,1,0,3346,83.4062,86.4115,13.5186
17.4703,0.06586,0,0.06586,8.02,68.4274,129,0,0,3346,83.4062,86.4115,13.5186
17.491,0.146363,0,0.146363,8.02,68.4274,129,0,0,3346,83.4062,86.4115,13.5186
17.4938,0.282705,0,0.282705,8,68.268,153,1,0,3347,83.4314,86.4359,13.5174
17.5145,0.533885,0,0.533885,8,68.268,149,2,0,3348,83.4552,86.4594,13.5162
17.5182,0.716239,0,0.716239,7.98,68.1085,139,1,0,3349,83.4754,86.4787,13.515
17.5386,0.003568,0,0.003568,7.98,68.1085,129,0,0,3349,83.4754,86.4787,13.515
17.5424,0.056227,0,0.056227,7.96,67.9491,129,0,0,3349,83.4754,86.4787,13.515
17.5647,0.953834,0,0.953834,7.96,67.9491,158,4,0,3350,83.5101,86.5125,13.5138
17.5706,0.363536,0,0.363536,7.94,67.7896,139,1,0,3351,83.5088,86.5103,13.5127
17.5921,0.633168,0,0.633168,7.94,67.7896,139,2,0,3352,83.5158,86.5164,13.5115
17.5982,0.347749,0,0.347749,7.92,67.6301,142,1,0,3353,83.5112,86.5109,13.5103
17.6184,0.025499,0,0.025499,7.92,67.6301,132,0,0,3353,83.5112,86.5109,13.5103
17.621,0.000898,0,0.000898,7.9,67.4707,135,0,0,3353,83.5112,86.5109,13.5103
17.6416,0.262284,0,0.262284,7.9,67.4707,145,1,0,3354,83.511,86.5098,13.5091
17.6444,0.019089,0,0.019089,7.88,67.3112,125,0,0,3354,83.511,86.5098,13.5091
17.6667,0.905489,0,0.905489,7.88,67.3112,135,1,0,3355,83.5443,86.5422,13.5079
17.6715,0.690136,0,0.690136,7.86,67.1518,212,14,0,3356,83.5846,86.5822,13.5068
17.6917,0.416633,0,0.416633,7.86,67.1518,142,1,0,3357,83.6041,86.6008,13.5056
17.6945,0.226056,0,0.226056,7.84,66.9923,142,2,0,3358,83.6132,86.609,13.5044
17.7154,0.599842,0,0.599842,7.84,66.9923,142,1,0,3359,83.6273,86.6222,13.5032
17.7222,0.355369,0,0.355369,7.82,66.8328,145,1,0,3360,83.6244,86.6185,13.5021
17.7414,0.303145,0,0.303145,7.82,66.8328,145,1,0,3361,83.6263,86.6195,13.5009
17.7441,0.018525,0,0.018525,7.8,66.6734,135,0,0,3361,83.6263,86.6195,13.5009
17.765,0.002336,0,0.002336,7.8,66.6734,135,0,0,3361,83.6263,86.6195,13.5009
17.7692,0.370903,0,0.370903,7.78,66.5139,155,2,0,3362,83.6553,86.6475,13.4997
17.7897,0.241537,0,0.241537,7.78,66.5139,149,1,0,3363,83.661,86.6524,13.4985
17.8728,79.8456,19.5527,60.2929,7.76,66.3545,40545,3414,0,3364,83.4617,86.4602,13.4974
17.8761,0.037894,0,0.037894,7.74,76.0385,94,0,0,3364,83.4617,86.4602,13.4974
17.8967,0.049985,0,0.049985,7.74,76.0385,94,0,0,3364,83.4617,86.4602,13.4974
17.8997,0.225792,0,0.225792,7.72,75.879,104,2,0,3365,83.4689,86.4666,13.4962
17.9204,0.041417,0,0.041417,7.72,75.879,94,0,0,3365,83.4689,86.4666,13.4962
17.9235,0.213165,0,0.213165,7.7,75.7196,104,1,0,3366,83.4771,86.4739,13.495
17.9441,0.577667,0,0.577667,7.7,75.7196,114,2,0,3367,83.501,86.4972,13.4939
17.9475,0.235866,0,0.235866,7.68,75.5601,104,1,0,3368,83.5071,86.5024,13.4927
17.9676,0.433965,0,0.433965,7.68,75.5601,104,1,0,3369,83.5206,86.515,13.4915
17.9703,0.133129,0,0.133129,7.66,75.4007,94,0,0,3370,83.5196,86.5131,13.4903
17.9913,0.323694,0,0.323694,7.66,75.4007,104,1,0,3371,83.5304,86.523,13.4892
17.9942,0.332297,0,0.332297,7.64,75.2412,108,2,0,3372,83.559,86.5504,13.488
18.0149,0.4438,0,0.4438,7.64,75.2412,128,2,0,3373,83.5918,86.5823,13.4868
18.0177,0.209678,0,0.209678,7.62,75.0817,108,1,0,3374,83.6034,86.5931,13.4857
18.0382,0.46222,0,0.46222,7.62,75.0817,108,1,0,3375,83.6237,86.6124,13.4845
18.0411,0.126229,0,0.126229,7.6,74.9223,98,0,0,3376,83.6161,86.604,13.4833
18.0618,0.050044,0,0.050044,7.6,74.9223,98,0,0,3376,83.6161,86.604,13.4833
18.0651,0.088261,0,0.088261,7.58,74.7628,100,0,0,3376,83.6161,86.604,13.4833
18.0859,0.145101,0,0.145101,7.58,74.7628,100,0,0,3376,83.6161,86.604,13.4833
18.089,0.021077,0,0.021077,7.56,74.6034,100,0,0,3376,83.6161,86.604,13.4833
18.1097,0.536148,0,0.536148,7.56,74.6034,110,2,0,3377,83.6417,86.6287,13.4822
18.114,0.364544,0,0.364544,7.54,74.4439,113,1,0,3378,83.6563,86.6424,13.481
18.1335,0.298965,0,0.298965,7.54,74.4439,103,0,0,3379,83.6614,86.6466,13.4798
18.1368,0.421217,0,0.421217,7.52,74.2845,115,2,0,3380,83.6888,86.6731,13.4787
18.1579,0.704957,0,0.704957,7.52,74.2845,235,2,0,3381,83.7128,86.6965,13.4775
18.1614,0.328131,0,0.328131,7.5,74.125,152,2,0,3382,83.72,86.7028,13.4763
18.1819,0.020834,0,0.020834,7.5,74.125,112,0,0,3382,83.72,86.7028,13.4763
18.1847,0.290752,0,0.290752,7.48,65.0269,129,1,0,3383,83.7384,86.7204,13.4752
18.2052,0.451862,0,0.451862,7.48,65.0269,129,1,0,3384,83.7524,86.7335,13.474
18.2089,0.316095,0,0.316095,7.46,65.0012,129,1,0,3385,83.7696,86.7498,13.4728
18.2295,0.104746,0,0.104746,7.46,65.0012,119,0,0,3385,83.7696,86.7498,13.4728
18.2324,0.194382,0,0.194382,7.44,64.9754,119,0,0,3386,83.7614,86.7407,13.4717
18.2538,0.744004,0,0.744004,7.44,64.9754,300,2,0,3387,83.778,86.757,13.4705
18.2566,0.187516,0,0.187516,7.42,64.9497,132,1,0,3388,83.7848,86.763,13.4694
18.2777,0.282262,0,0.282262,7.42,64.9497,132,1,0,3389,83.7887,86.766,13.4682
18.2804,0.022572,0,0.022572,7.4,64.9239,122,0,0,3389,83.7887,86.766,13.4682
18.3006,0.043814,0,0.043814,7.4,64.9239,122,0,0,3389,83.7887,86.766,13.4682
18.3053,0.26532,0,0.26532,7.38,64.8982,125,0,0,3390,83.787,86.7634,13.467
18.3263,0.610711,0,0.610711,7.38,64.8982,135,2,0,3391,83.826,86.8015,13.4659
18.3301,0.585538,0,0.585538,7.36,64.8724,199,5,0,3392,83.8367,86.8113,13.4647
18.3509,0.324144,0,0.324144,7.36,64.8724,135,1,0,3393,83.8344,86.8081,13.4635
18.354,0.320295,0,0.320295,7.34,64.8466,165,8,0,3394,83.8565,86.8285,13.4624
18.374,0.070301,0,0.070301,7.34,64.8466,125,0,0,3394,83.8565,86.8285,13.4624
18.3772,0.184087,0,0.184087,7.32,64.8209,135,1,0,3395,83.8622,86.8333,13.4612
18.3978,0.578726,0,0.578726,7.32,64.8209,135,1,0,3396,83.8678,86.838,13.4601
18.4043,0.640512,0,0.640512,7.3,64.7951,138,1,0,3397,83.8808,86.8502,13.4589
18.4244,0.16893,0,0.16893,7.3,64.7951,128,0,0,3397,83.8808,86.8502,13.4589
18.4302,0.083637,0,0.083637,7.28,64.7694,128,0,0,3397,83.8808,86.8502,13.4589
18.4507,0.110607,0,0.110607,7.28,64.7694,128,0,0,3397,83.8808,86.8502,13.4589
18.4565,0.234189,0,0.234189,7.26,64.7436,118,0,0,3398,83.8708,86.8393,13.4578
18.4774,0.454929,0,0.454929,7.26,64.7436,128,1,0,3399,83.8882,86.8558,13.4566
18.4842,0.05032,0,0.05032,7.24,64.7179,118,0,0,3399,83.8882,86.8558,13.4566
18.5045,0.221327,0,0.221327,7.24,64.7179,118,0,0,3399,83.8882,86.8558,13.4566
18.5096,1.24088,0,1.24088,7.22,64.6921,168,6,0,3400,83.9215,86.8888,13.4554
18.5292,0.827893,0,0.827893,7.22,64.6921,128,1,0,3401,83.9335,86.9,13.4543
18.5358,0.809169,0,0.809169,7.2,64.6664,370,1,0,3402,83.9439,86.9095,13.4531
18.5564,0.142273,0,0.142273,7.2,64.6664,118,0,0,3402,83.9439,86.9095,13.4531
18.5628,0.084904,0,0.084904,7.18,64.6406,115,0,0,3402,83.9439,86.9095,13.4531
18.5842,0.057553,0,0.057553,7.18,64.6406,115,0,0,3402,83.9439,86.9095,13.4531
18.5915,0.924371,0,0.924371,7.16,64.6149,125,2,0,3403,83.9639,86.9286,13.452
18.6131,0.685539,0,0.685539,7.16,64.6149,125,1,0,3404,83.9592,86.923,13.4508
18.6191,0.004966,0,0.004966,7.14,64.5891,115,0,0,3404,83.9592,86.923,13.4508
18.6394,0.559667,0,0.559667,7.14,64.5891,135,2,0,3405,83.9847,86.948,13.4497
18.6468,0.75083,0,0.75083,7.12,64.5634,125,1,0,3406,84.0009,86.9633,13.4485
18.6656,0.743861,0,0.743861,7.12,64.5634,135,4,0,3407,84.0188,86.9806,13.4473
18.6693,0.018901,0,0.018901,7.1,64.5376,122,0,0,3407,84.0188,86.9806,13.4473
18.6907,0.760976,0,0.760976,7.1,64.5376,169,1,0,3408,84.0364,86.9974,13.4462
18.6943,0.256874,0,0.256874,7.08,64.5119,163,1,0,3409,84.0502,87.0103,13.445
18.7165,0.908234,0,0.908234,7.08,64.5119,143,2,0,3410,84.0742,87.0334,13.4439
18.7234,0.158759,0,0.158759,7.06,64.4861,133,0,0,3410,84.0742,87.0334,13.4439
18.7443,0.609531,0,0.609531,7.06,64.4861,143,1,0,3411,84.1009,87.0592,13.4427
18.7511,0.107096,0,0.107096,7.04,64.4603,123,0,0,3411,84.1009,87.0592,13.4427
18.7713,0.410008,0,0.410008,7.04,64.4603,155,1,0,3412,84.1149,87.0724,13.4416
18.7748,0.402819,0,0.402819,7.02,64.4346,343,4,0,3413,84.1292,87.0856,13.4404
18.7944,0.035263,0,0.035263,7.02,64.4346,123,0,0,3413,84.1292,87.0856,13.4404
18.7976,0.132278,0,0.132278,7,64.4088,128,0,0,3413,84.1292,87.0856,13.4404
18.8193,0.288122,0,0.288122,7,64.4088,128,0,0,3414,84.1148,87.0703,13.4393
18.825,0.638586,0,0.638586,6.98,64.3831,153,2,0,3415,84.1242,87.0794,13.4381
18.8465,0.628785,0,0.628785,6.98,64.3831,130,1,0,3416,84.1282,87.0826,13.437
18.8522,0.187425,0,0.187425,6.96,64.3573,120,0,0,3416,84.1282,87.0826,13.437
18.873,0.057273,0,0.057273,6.96,64.3573,120,0,0,3416,84.1282,87.0826,13.437
18.8801,0.496496,0,0.496496,6.94,64.3316,120,0,0,3417,84.1296,87.0831,13.4358
18.8997,0.052502,0,0.052502,6.94,64.3316,120,0,0,3417,84.1296,87.0831,13.4358
18.903,0.601378,0,0.601378,6.92,64.3058,444,5,0,3418,84.1398,87.0927,13.4347
18.9239,0.576625,0,0.576625,6.92,64.3058,178,4,0,3419,84.1749,87.1269,13.4335
18.9313,1.00755,0,1.00755,6.9,64.2801,120,2,0,3420,84.2099,87.1611,13.4324
18.9518,0.857704,0,0.857704,6.9,64.2801,150,5,0,3421,84.2394,87.1903,13.4312
18.9549,0.001243,0,0.001243,6.88,64.2543,110,0,0,3421,84.2394,87.1903,13.4312
18.9766,0.159757,0,0.159757,6.88,64.2543,110,0,0,3421,84.2394,87.1903,13.4312
18.9826,0.669187,0,0.669187,6.86,64.2286,120,2,0,3422,84.2575,87.2075,13.4301
19.0026,0.487082,0,0.487082,6.86,64.2286,120,1,0,3423,84.258,87.2071,13.4289
19.01,0.319174,0,0.319174,6.84,64.2028,110,0,0,3424,84.2488,87.1971,13.4278
19.0292,0.137794,0,0.137794,6.84,64.2028,110,0,0,3424,84.2488,87.1971,13.4278
19.035,0.523839,0,0.523839,6.82,64.1771,134,1,0,3425,84.2803,87.2277,13.4266
19.0564,0.068706,0,0.068706,6.82,64.1771,110,0,0,3425,84.2803,87.2277,13.4266
19.0644,1.70061,0,1.70061,6.8,64.1513,438,18,0,3426,84.2843,87.2312,13.4255
19.0837,0.393613,0,0.393613,6.8,64.1513,129,1,0,3427,84.3043,87.2504,13.4244
19.0863,0.161873,0,0.161873,6.78,64.1256,100,1,0,3428,84.306,87.2512,13.4232
19.1084,0.66332,0,0.66332,6.78,64.1256,102,1,0,3429,84.324,87.2683,13.4221
19.1133,0.419645,0,0.419645,6.76,64.0998,108,1,0,3430,84.344,87.2875,13.4209
19.133,0.042616,0,0.042616,6.76,64.0998,98,0,0,3430,84.344,87.2875,13.4209
19.1368,0.44544,0,0.44544,6.74,64.074,108,1,0,3431,84.3527,87.2952,13.4198
19.1564,0.460998,0,0.460998,6.74,64.074,108,1,0,3432,84.3767,87.3185,13.4186
19.1593,0.228643,0,0.228643,6.72,64.0483,108,1,0,3433,84.3959,87.3367,13.4175
19.1814,1.30943,0,1.30943,6.72,64.0483,398,82,0,3434,84.4045,87.3506,13.4164
19.1841,0.319017,0,0.319017,6.7,64.0225,108,2,0,3435,84.4346,87.3799,13.4152
19.205,0.125929,0,0.125929,6.7,64.0225,98,0,0,3435,84.4346,87.3799,13.4152
19.2087,0.14707,0,0.14707,6.68,63.9968,98,0,0,3435,84.4346,87.3799,13.4152
19.2284,0.02136,0,0.02136,6.68,63.9968,98,0,0,3435,84.4346,87.3799,13.4152
19.2312,0.070495,0,0.070495,6.66,63.971,98,0,0,3435,84.4346,87.3799,13.4152
19.2525,0.562014,0,0.562014,6.66,63.971,230,0,0,3436,84.468,87.4124,13.4141
19.2552,0.158935,0,0.158935,6.64,63.9453,115,0,0,3437,84.4705,87.414,13.4129
19.2765,0.491756,0,0.491756,6.64,63.9453,116,2,0,3438,84.4962,87.4389,13.4118
19.2791,0.017092,0,0.017092,6.62,63.9195,106,0,0,3438,84.4962,87.4389,13.4118
19.2995,0.056809,0,0.056809,6.62,63.9195,106,0,0,3438,84.4962,87.4389,13.4118
19.3031,0.348494,0,0.348494,6.6,63.8938,116,1,0,3439,84.519,87.4609,13.4106
19.3225,0.056346,0,0.056346,6.6,63.8938,106,0,0,3439,84.519,87.4609,13.4106
19.3265,1.05556,0,1.05556,6.58,63.868,326,38,0,3440,84.5538,87.4962,13.4095
19.3466,0.272636,0,0.272636,6.58,63.868,126,2,0,3441,84.5519,87.4938,13.4084
19.3497,0.268919,0,0.268919,6.56,63.8423,116,1,0,3442,84.5793,87.5203,13.4072
19.3706,0.340503,0,0.340503,6.56,63.8423,116,1,0,3443,84.587,87.5272,13.4061
19.3736,0.209763,0,0.209763,6.54,63.8165,116,1,0,3444,84.5935,87.5328,13.4049
19.3939,0.27536,0,0.27536,6.54,63.8165,132,2,0,3445,84.5898,87.5283,13.4038
19.3967,0.04641,0,0.04641,6.52,63.7908,106,0,0,3445,84.5898,87.5283,13.4038
19.4175,0.001942,0,0.001942,6.52,63.7908,106,0,0,3445,84.5898,87.5283,13.4038
19.4208,0.54096,0,0.54096,6.5,63.765,484,0,0,3446,84.614,87.5517,13.4027
19.4414,0.275521,0,0.275521,6.5,63.765,116,2,0,3447,84.615,87.5518,13.4015
19.444,0.056129,0,0.056129,6.48,63.7393,106,0,0,3447,84.615,87.5518,13.4015
19.4644,0.050243,0,0.050243,6.48,63.7393,106,0,0,3447,84.615,87.5518,13.4015
19.4677,0.204211,0,0.204211,6.46,63.7135,116,1,0,3448,84.627,87.5629,13.4004
19.4873,0.002405,0,0.002405,6.46,63.7135,106,0,0,3448,84.627,87.5629,13.4004
19.4903,0.061145,0,0.061145,6.44,63.6878,106,0,0,3448,84.627,87.5629,13.4004
19.5112,0.114118,0,0.114118,6.44,63.6878,106,0,0,3448,84.627,87.5629,13.4004
19.5138,0.001215,0,0.001215,6.42,63.662,106,0,0,3448,84.627,87.5629,13.4004
19.5352,0.49033,0,0.49033,6.42,63.662,123,1,0,3449,84.6535,87.5886,13.3993
19.5381,0.331389,0,0.331389,6.4,63.6362,116,1,0,3450,84.678,87.6122,13.3981
19.5583,0.215645,0,0.215645,6.4,63.6362,116,1,0,3451,84.672,87.6053,13.397
19.5611,0.109416,0,0.109416,6.38,63.6105,116,1,0,3452,84.6657,87.5982,13.3959
19.5833,0.58785,0,0.58785,6.38,63.6105,116,1,0,3453,84.6707,87.6024,13.3947
19.5893,0.220213,0,0.220213,6.36,63.5847,124,1,0,3454,84.6697,87.6005,13.3936
19.6111,0.418868,0,0.418868,6.36,63.5847,124,1,0,3455,84.6631,87.5931,13.3925
19.618,0.792246,0,0.792246,6.34,63.559,132,1,0,3456,84.6768,87.6059,13.3913
19.6381,0.29818,0,0.29818,6.34,63.559,142,1,0,3457,84.6847,87.613,13.3902
19.6407,0.027529,0,0.027529,6.32,63.5332,122,0,0,3457,84.6847,87.613,13.3902
19.6611,0.10921,0,0.10921,6.32,63.5332,122,0,0,3457,84.6847,87.613,13.3902
19.6655,0.341237,0,0.341237,6.3,63.5075,140,1,0,3458,84.6877,87.6151,13.3891
19.6852,0.784848,0,0.784848,6.3,63.5075,140,1,0,3459,84.706,87.6326,13.3879
19.69,0.408194,0,0.408194,6.28,63.4817,140,2,0,3460,84.7301,87.6558,13.3868
19.7119,0.751416,0,0.751416,6.28,63.4817,152,2,0,3461,84.7486,87.6729,13.3857
19.718,0.434873,0,0.434873,6.26,63.456,140,1,0,3462,84.7704,87.6938,13.3845
19.7398,0.716079,0,0.716079,6.26,63.456,140,1,0,3463,84.782,87.7046,13.3834
19.7899,43.7633,16.0587,27.7047,6.24,63.4302,22137,1019,0,3463,84.6954,87.6497,13.3834
19.7938,0.370261,0,0.370261,6.22,63.4045,140,1,0,3464,84.7278,87.6813,13.3823
19.814,0.194836,0,0.194836,6.22,63.4045,140,1,0,3465,84.7201,87.6727,13.3811
19.8169,0.304311,0,0.304311,6.2,63.3787,140,1,0,3466,84.7351,87.687,13.38
19.8377,0.438008,0,0.438008,6.2,63.3787,140,1,0,3467,84.7632,87.7142,13.3789
19.8408,0.336398,0,0.336398,6.18,63.353,140,1,0,3468,84.7832,87.7333,13.3778
19.8614,0.082912,0,0.082912,6.18,63.353,130,0,0,3468,84.7832,87.7333,13.3778
19.8644,0.176042,0,0.176042,6.16,63.3272,130,0,0,3469,84.7803,87.7296,13.3766
19.885,0.428414,0,0.428414,6.16,63.3272,140,2,0,3470,84.7937,87.7421,13.3755
19.8886,0.214819,0,0.214819,6.14,63.3015,140,1,0,3471,84.7874,87.7349,13.3744
19.9093,0.052173,0,0.052173,6.14,63.3015,130,0,0,3471,84.7874,87.7349,13.3744
19.9129,0.077151,0,0.077151,6.12,63.2757,130,0,0,3471,84.7874,87.7349,13.3744
19.934,0.189995,0,0.189995,6.12,63.2757,130,0,0,3471,84.7874,87.7349,13.3744
19.9385,0.032555,0,0.032555,6.1,63.2499,130,0,0,3471,84.7874,87.7349,13.3744
19.9593,0.584255,0,0.584255,6.1,63.2499,140,1,0,3472,84.799,87.7457,13.3732
19.9649,0.438744,0,0.438744,6.08,63.2242,140,1,0,3473,84.8068,87.7527,13.3721
19.9844,0.525063,0,0.525063,6.08,63.2242,140,2,0,3474,84.8336,87.7786,13.371
19.9895,0.096803,0,0.096803,6.06,63.1984,130,0,0,3474,84.8336,87.7786,13.371
20.0104,0.349507,0,0.349507,6.06,63.1984,140,1,0,3475,84.8412,87.7853,13.3699
20.013,0.001017,0,0.001017,6.04,63.1727,130,0,0,3475,84.8412,87.7853,13.3699
20.0342,0.438673,0,0.438673,6.04,63.1727,140,1,0,3476,84.8501,87.7934,13.3687
20.0368,0.001423,0,0.001423,6.02,63.1469,130,0,0,3476,84.8501,87.7934,13.3687
20.0576,0.564717,0,0.564717,6.02,63.1469,140,1,0,3477,84.8571,87.7995,13.3676
20.0649,0.450397,0,0.450397,6,63.1212,130,1,0,3478,84.8585,87.8002,13.3665
20.0835,0.064573,0,0.064573,6,63.1212,120,0,0,3478,84.8585,87.8002,13.3665
20.0866,0.281121,0,0.281121,5.98,63.0954,130,2,0,3479,84.8882,87.829,13.3654
20.1084,0.976693,0,0.976693,5.98,63.0954,130,2,0,3480,84.9126,87.8526,13.3642
20.1149,0.449715,0,0.449715,5.96,63.0697,130,2,0,3481,84.9299,87.869,13.3631
20.1362,0.908504,0,0.908504,5.96,63.0697,130,1,0,3482,84.9495,87.8877,13.362
20.1392,0.068181,0,0.068181,5.94,63.0439,120,0,0,3482,84.9495,87.8877,13.362
20.1605,0.411331,0,0.411331,5.94,63.0439,130,1,0,3483,84.9598,87.8972,13.3609
20.1644,0.413458,0,0.413458,5.92,63.0182,130,2,0,3484,84.9957,87.9323,13.3598
20.1844,0.004081,0,0.004081,5.92,63.0182,120,0,0,3484,84.9957,87.9323,13.3598
20.1916,0.002959,0,0.002959,5.9,62.9924,120,0,0,3484,84.9957,87.9323,13.3598
20.2113,0.679836,0,0.679836,5.9,62.9924,235,4,0,3485,85.0227,87.9584,13.3586
20.216,0.359454,0,0.359454,5.88,62.9667,130,1,0,3486,85.0468,87.9816,13.3575
20.2369,0.375585,0,0.375585,5.88,62.9667,130,2,0,3487,85.0648,87.9989,13.3564
20.2399,0.471752,0,0.471752,5.86,62.9409,180,4,0,3488,85.1029,88.0387,13.3553
20.261,0.649555,0,0.649555,5.86,62.9409,130,2,0,3489,85.1132,88.0482,13.3542
20.2648,0.040778,0,0.040778,5.84,62.9152,120,0,0,3489,85.1132,88.0482,13.3542
20.2854,0.411113,0,0.411113,5.84,62.9152,130,2,0,3490,85.137,88.0711,13.353
20.2887,0.066295,0,0.066295,5.82,62.8894,120,0,0,3490,85.137,88.0711,13.353
20.3096,0.092799,0,0.092799,5.82,62.8894,120,0,0,3490,85.137,88.0711,13.353
20.3131,0.727954,0,0.727954,5.8,62.8636,130,1,0,3491,85.157,88.0902,13.3519
20.3335,0.438427,0,0.438427,5.8,62.8636,132,1,0,3492,85.1801,88.1125,13.3508
20.3361,0.218847,0,0.218847,5.78,62.8379,120,1,0,3493,85.1941,88.1257,13.3497
20.3572,0.408779,0,0.408779,5.78,62.8379,183,1,0,3494,85.2132,88.144,13.3486
20.36,0.285952,0,0.285952,5.76,62.8121,122,1,0,3495,85.2343,88.1642,13.3474
20.3804,0.119855,0,0.119855,5.76,62.8121,110,0,0,3495,85.2343,88.1642,13.3474
20.3862,0.067994,0,0.067994,5.74,62.7864,100,0,0,3495,85.2343,88.1642,13.3474
20.4076,0.482359,0,0.482359,5.74,62.7864,110,1,0,3496,85.2326,88.1616,13.3463
20.414,0.212723,0,0.212723,5.72,62.7606,100,0,0,3496,85.2326,88.1616,13.3463
20.4347,0.248189,0,0.248189,5.72,62.7606,110,1,0,3497,85.2316,88.1599,13.3452
20.4376,0.200183,0,0.200183,5.7,62.7349,100,1,0,3498,85.2419,88.1692,13.3441
20.4586,0.004206,0,0.004206,5.7,62.7349,90,0,0,3498,85.2419,88.1692,13.3441
20.4651,0.358683,0,0.358683,5.68,62.7091,100,1,0,3499,85.2578,88.1843,13.343
20.486,0.751934,0,0.751934,5.68,62.7091,100,1,0,3500,85.2686,88.1943,13.3419
20.4907,0.045187,0,0.045187,5.66,62.6834,90,0,0,3500,85.2686,88.1943,13.3419
20.5104,0.200647,0,0.200647,5.66,62.6834,90,0,0,3500,85.2686,88.1943,13.3419
20.5323,15.613,10.8904,4.72258,5.64,62.6576,4298,69,0,3501,85.2671,88.1934,13.3408
20.5376,0.408526,0,0.408526,5.64,62.6576,100,1,0,3502,85.2724,88.1979,13.3396
20.5431,0.762197,0,0.762197,5.62,62.6319,211,2,0,3503,85.2898,88.2141,13.3385
20.5633,0.003368,0,0.003368,5.62,62.6319,90,0,0,3503,85.2898,88.2141,13.3385
20.5665,0.08724,0,0.08724,5.6,62.6061,90,0,0,3504,85.2777,88.2012,13.3374
20.5879,0.324197,0,0.324197,5.6,62.6061,100,1,0,3505,85.2745,88.1971,13.3363
20.5924,0.083934,0,0.083934,5.58,62.5804,80,0,0,3505,85.2745,88.1971,13.3363
20.6125,0.079989,0,0.079989,5.58,62.5804,80,0,0,3505,85.2745,88.1971,13.3363
20.6165,0.025839,0,0.025839,5.56,62.5546,80,0,0,3505,85.2745,88.1971,13.3363
20.6382,0.709996,0,0.709996,5.56,62.5546,90,1,0,3506,85.3012,88.223,13.3352
20.643,0.356249,0,0.356249,5.54,62.4075,70,1,0,3507,85.3114,88.2324,13.3341
20.6635,0.052666,0,0.052666,5.54,62.4075,70,0,0,3507,85.3114,88.2324,13.3341
20.6663,0.055769,0,0.055769,5.52,62.1477,60,0,0,3507,85.3114,88.2324,13.3341
20.6871,0.071074,0,0.071074,5.52,62.1477,60,0,0,3507,85.3114,88.2324,13.3341
20.6899,0.243574,0,0.243574,5.5,61.888,70,1,0,3508,85.3224,88.2426,13.333
20.7107,0.600126,0,0.600126,5.5,61.888,97,1,0,3509,85.3491,88.2685,13.3318
20.7146,0.329512,0,0.329512,5.48,61.6282,70,1,0,3510,85.3575,88.2761,13.3307
20.7354,0.093236,0,0.093236,5.48,61.6282,60,0,0,3510,85.3575,88.2761,13.3307
20.7395,0.072272,0,0.072272,5.46,61.3684,60,0,0,3510,85.3575,88.2761,13.3307
20.7603,0.002926,0,0.002926,5.46,61.3684,60,0,0,3510,85.3575,88.2761,13.3307
20.7652,0.466192,0,0.466192,5.44,61.1087,70,1,0,3511,85.3697,88.2874,13.3296
20.786,0.181885,0,0.181885,5.44,61.1087,60,0,0,3511,85.3697,88.2874,13.3296
20.7906,0.052082,0,0.052082,5.42,60.8489,60,0,0,3511,85.3697,88.2874,13.3296
20.8108,0.108747,0,0.108747,5.42,60.8489,60,0,0,3511,85.3697,88.2874,13.3296
20.814,0.251004,0,0.251004,5.4,60.5891,70,1,0,3512,85.379,88.2958,13.3285
20.8352,0.301158,0,0.301158,5.4,60.5891,60,0,0,3513,85.3814,88.2975,13.3274
20.8386,0.390131,0,0.390131,5.38,60.3294,70,2,0,3514,85.4169,88.3321,13.3263
20.8597,0.424436,0,0.424436,5.38,60.3294,70,1,0,3515,85.4242,88.3385,13.3252
20.8647,0.484893,0,0.484893,5.36,60.0696,80,2,0,3516,85.4357,88.3493,13.3241
20.8851,0.086812,0,0.086812,5.36,60.0696,70,0,0,3516,85.4357,88.3493,13.3241
20.8885,0.042336,0,0.042336,5.34,59.8099,70,0,0,3516,85.4357,88.3493,13.3241
20.9092,0.503692,0,0.503692,5.34,59.8099,98,1,0,3517,85.4583,88.3711,13.323
20.97,57.9281,27.964,29.9641,5.32,59.5501,22878,2180,0,3518,85.2447,88.1944,13.3219
20.9731,0.027562,0,0.027562,5.3,59.2903,70,0,0,3518,85.2447,88.1944,13.3219
20.9942,0.550503,0,0.550503,5.3,59.2903,187,2,0,3519,85.2637,88.2126,13.3208
20.9967,0.023741,0,0.023741,5.28,59.0306,70,0,0,3519,85.2637,88.2126,13.3208
21.0179,0.328558,0,0.328558,5.28,59.0306,80,1,0,3520,85.2662,88.2142,13.3196
21.0215,0.444886,0,0.444886,5.26,58.7708,90,1,0,3521,85.2854,88.2326,13.3185
21.0414,0.071997,0,0.071997,5.26,58.7708,80,0,0,3521,85.2854,88.2326,13.3185
21.0447,0.023811,0,0.023811,5.24,58.511,80,0,0,3521,85.2854,88.2326,13.3185
21.0657,0.027664,0,0.027664,5.24,58.511,80,0,0,3521,85.2854,88.2326,13.3185
21.0682,0.108914,0,0.108914,5.22,58.2513,80,1,0,3522,85.2788,88.2252,13.3174
21.0892,0.098261,0,0.098261,5.22,58.2513,70,0,0,3522,85.2788,88.2252,13.3174
21.0918,0.030258,0,0.030258,5.2,57.9915,70,0,0,3522,85.2788,88.2252,13.3174
21.1121,0.048807,0,0.048807,5.2,57.9915,70,0,0,3522,85.2788,88.2252,13.3174
21.1161,0.305932,0,0.305932,5.18,57.7317,88,0,0,3523,85.2875,88.233,13.3163
21.1358,0.418999,0,0.418999,5.18,57.7317,90,1,0,3524,85.2943,88.2389,13.3152
21.1385,0.074062,0,0.074062,5.16,57.472,80,1,0,3525,85.2783,88.2221,13.3141
21.1594,0.036067,0,0.036067,5.16,57.472,70,0,0,3525,85.2783,88.2221,13.3141
21.1621,0.078104,0,0.078104,5.14,57.2122,70,0,0,3525,85.2783,88.2221,13.3141
21.1835,0.608438,0,0.608438,5.14,57.2122,80,2,0,3526,85.3159,88.2589,13.313
21.1869,0.529905,0,0.529905,5.12,56.9524,130,8,0,3527,85.347,88.2892,13.3119
21.2066,0.068801,0,0.068801,5.12,56.9524,80,0,0,3527,85.347,88.2892,13.3119
21.2097,0.186349,0,0.186349,5.1,56.6927,90,1,0,3528,85.3492,88.2905,13.3108
21.2307,0.263353,0,0.263353,5.1,56.6927,90,1,0,3529,85.3494,88.2899,13.3097
21.2333,0.041993,0,0.041993,5.08,56.4969,50,0,0,3529,85.3494,88.2899,13.3097
21.255,0.572179,0,0.572179,5.08,56.4969,70,1,0,3530,85.3501,88.2898,13.3086
21.2615,0.387355,0,0.387355,5.06,56.3141,60,0,0,3531,85.3472,88.286,13.3075
21.282,0.327348,0,0.327348,5.06,56.3141,70,1,0,3532,85.3562,88.2942,13.3064
21.2846,0.031184,0,0.031184,5.04,56.1312,60,0,0,3532,85.3562,88.2942,13.3064
21.3048,0.002526,0,0.002526,5.04,56.1312,60,0,0,3532,85.3562,88.2942,13.3064
21.3077,0.273077,0,0.273077,5.02,55.9483,70,1,0,3533,85.3731,88.3102,13.3053
21.3294,1.09919,0,1.09919,5.02,55.9483,70,2,0,3534,85.3973,88.3336,13.3042
21.335,0.708794,0,0.708794,5,55.7655,60,1,0,3535,85.4181,88.3536,13.3031
21.3553,0.501391,0,0.501391,5,55.7655,60,2,0,3536,85.4369,88.3713,13.302
21.3807,22.3559,11.8662,10.4898,4.98,55.5826,8004,522,0,3536,85.4177,88.3606,13.302
21.3845,0.087388,0,0.087388,4.96,55.3997,50,0,0,3536,85.4177,88.3606,13.302
21.4045,0.519805,0,0.519805,4.96,55.3997,141,2,0,3537,85.432,88.374,13.3009
21.4079,0.322337,0,0.322337,4.94,55.2169,60,1,0,3538,85.4466,88.3878,13.2998
21.4288,0.294737,0,0.294737,4.94,55.2169,60,1,0,3539,85.4484,88.3888,13.2987
21.4314,0.027656,0,0.027656,4.92,55.034,50,0,0,3539,85.4484,88.3888,13.2987
21.453,0.680862,0,0.680862,4.92,55.034,120,6,0,3540,85.4782,88.4172,13.2976
21.4555,0.206151,0,0.206151,4.9,54.8512,60,1,0,3541,85.4962,88.4343,13.2965
21.476,0.490173,0,0.490173,4.9,54.8512,60,1,0,3542,85.5229,88.4602,13.2954
21.4799,0.362558,0,0.362558,4.88,54.6683,60,1,0,3543,85.5354,88.4719,13.2943
21.4999,0.665494,0,0.665494,4.88,54.6683,60,1,0,3544,85.5474,88.4831,13.2932
21.5052,0.941554,0,0.941554,4.86,54.4854,288,21,0,3545,85.5515,88.4869,13.2921
21.5255,0.389269,0,0.389269,4.86,54.4854,80,0,0,3546,85.5685,88.5031,13.291
21.5286,0.835603,0,0.835603,4.84,54.3026,70,1,0,3547,85.6061,88.5399,13.2899
21.5491,0.393483,0,0.393483,4.84,54.3026,70,2,0,3548,85.6088,88.5417,13.2888
21.5524,0.431429,0,0.431429,4.82,54.1197,70,1,0,3549,85.6112,88.5433,13.2877
21.5727,0.57087,0,0.57087,4.82,54.1197,70,1,0,3550,85.6425,88.5738,13.2866
21.5782,0.640327,0,0.640327,4.8,53.9368,70,1,0,3551,85.6646,88.595,13.2855
21.5975,0.655292,0,0.655292,4.8,53.9368,80,4,0,3552,85.67,88.5997,13.2844
21.6031,0.525557,0,0.525557,4.78,53.754,70,1,0,3553,85.682,88.6108,13.2833
21.6235,0.13785,0,0.13785,4.78,53.754,60,0,0,3553,85.682,88.6108,13.2833
21.6291,0.06653,0,0.06653,4.76,53.5711,60,0,0,3553,85.682,88.6108,13.2833
21.6498,0.099875,0,0.099875,4.76,53.5711,60,0,0,3553,85.682,88.6108,13.2833
21.6528,0.508207,0,0.508207,4.74,53.3882,120,5,0,3554,85.7186,88.6511,13.2822
21.6729,0.305659,0,0.305659,4.74,53.3882,70,1,0,3555,85.7176,88.6492,13.2812
21.677,0.316936,0,0.316936,4.72,53.2054,60,0,0,3556,85.7081,88.6389,13.2801
21.6969,1.0191,0,1.0191,4.72,53.2054,70,1,0,3557,85.7326,88.6626,13.279
21.7023,0.479057,0,0.479057,4.7,53.0225,70,1,0,3558,85.7395,88.6686,13.2779
21.7244,0.93889,0,0.93889,4.7,53.0225,70,1,0,3559,85.7631,88.6915,13.2768
21.7305,0.396283,0,0.396283,4.68,52.8396,70,1,0,3560,85.7865,88.714,13.2757
21.7511,0.102234,0,0.102234,4.68,52.8396,60,0,0,3560,85.7865,88.714,13.2757
21.7576,1.23234,0,1.23234,4.66,52.6568,70,2,0,3561,85.8301,88.7568,13.2746
21.7783,1.1388,0,1.1388,4.66,52.6568,87,1,0,3562,85.8568,88.7827,13.2735
21.7822,0.799191,0,0.799191,4.64,52.4739,70,1,0,3563,85.8751,88.8002,13.2724
21.8018,0.356704,0,0.356704,4.64,52.4739,70,1,0,3564,85.8886,88.8129,13.2713
21.8048,0.191907,0,0.191907,4.62,52.291,60,0,0,3564,85.8886,88.8129,13.2713
21.8273,1.14612,0,1.14612,4.62,52.291,70,2,0,3565,85.9257,88.8491,13.2702
21.8315,0.074007,0,0.074007,4.6,52.1082,60,0,0,3565,85.9257,88.8491,13.2702
21.8528,0.502766,0,0.502766,4.6,52.1082,70,1,0,3566,85.9506,88.8732,13.2692
21.8556,0.042453,0,0.042453,4.58,51.9253,60,0,0,3566,85.9506,88.8732,13.2692
21.877,0.004546,0,0.004546,4.58,51.9253,60,0,0,3566,85.9506,88.8732,13.2692
21.8815,0.808083,0,0.808083,4.56,51.7425,70,1,0,3567,85.979,88.9008,13.2681
21.9014,0.647597,0,0.647597,4.56,51.7425,133,2,0,3568,85.9933,88.9142,13.267
21.9049,0.658799,0,0.658799,4.54,51.5596,70,1,0,3569,86.0008,88.921,13.2659
21.9263,0.923904,0,0.923904,4.54,51.5596,239,44,0,3570,86.0098,88.9311,13.2648
21.9312,0.805742,0,0.805742,4.52,51.3767,70,1,0,3571,86.0266,88.9471,13.2637
21.9526,0.698491,0,0.698491,4.52,51.3767,60,0,0,3572,86.03,88.9496,13.2626
21.9576,0.301499,0,0.301499,4.5,51.1939,60,1,0,3573,86.0442,88.9631,13.2615
21.9792,0.527567,0,0.527567,4.5,51.1939,60,1,0,3574,86.0618,88.9799,13.2605
21.9853,0.869349,0,0.869349,4.48,51.011,60,1,0,3575,86.085,89.0022,13.2594
22.0047,0.004269,0,0.004269,4.48,51.011,50,0,0,3575,86.085,89.0022,13.2594
22.0121,0.396358,0,0.396358,4.46,50.8281,60,1,0,3576,86.0982,89.0145,13.2583
22.0309,0.331484,0,0.331484,4.46,50.8281,60,1,0,3577,86.1012,89.0168,13.2572
22.037,0.003027,0,0.003027,4.44,50.6453,60,0,0,3577,86.1012,89.0168,13.2572
22.0577,0.045987,0,0.045987,4.44,50.6453,60,0,0,3577,86.1012,89.0168,13.2572
22.0604,0.001206,0,0.001206,4.42,50.4624,70,0,0,3577,86.1012,89.0168,13.2572
22.0821,0.385549,0,0.385549,4.42,50.4624,80,1,0,3578,86.1026,89.0173,13.2561
22.0868,0.878968,0,0.878968,4.4,50.2795,80,1,0,3579,86.1257,89.0397,13.255
22.1075,0.695511,0,0.695511,4.4,50.2795,80,1,0,3580,86.1341,89.0472,13.2539
22.1138,0.063089,0,0.063089,4.38,50.0967,70,0,0,3580,86.1341,89.0472,13.2539
22.1342,0.461999,0,0.461999,4.38,50.0967,80,1,0,3581,86.1421,89.0545,13.2529
22.1397,0.53723,0,0.53723,4.36,49.9138,80,1,0,3582,86.1463,89.0578,13.2518
22.1584,0.097325,0,0.097325,4.36,49.9138,70,0,0,3582,86.1463,89.0578,13.2518
22.1634,0.05957,0,0.05957,4.34,49.7309,70,0,0,3582,86.1463,89.0578,13.2518
22.1847,0.443728,0,0.443728,4.34,49.7309,80,1,0,3583,86.1638,89.0745,13.2507
22.191,1.22468,0,1.22468,4.32,49.5481,70,2,0,3584,86.1945,89.1044,13.2496
22.2108,0.090341,0,0.090341,4.32,49.5481,60,0,0,3584,86.1945,89.1044,13.2496
22.2175,0.647276,0,0.647276,4.3,49.3652,70,1,0,3585,86.2078,89.1169,13.2485
22.2384,0.004695,0,0.004695,4.3,49.3652,60,0,0,3585,86.2078,89.1169,13.2485
22.2767,32.1444,24.3705,7.7739,4.28,49.1823,10533,452,0,3586,86.2038,89.1124,13.2475
22.2801,0.183424,0,0.183424,4.26,49.5551,50,1,0,3587,86.1938,89.1015,13.2464
22.2998,0.286143,0,0.286143,4.26,49.5551,50,1,0,3588,86.1918,89.0987,13.2453
22.3033,0.036096,0,0.036096,4.24,49.3722,40,0,0,3588,86.1918,89.0987,13.2453
22.3236,0.50047,0,0.50047,4.24,49.3722,50,1,0,3589,86.2173,89.1234,13.2442
22.3264,0.360739,0,0.360739,4.22,49.1893,50,1,0,3590,86.2376,89.1429,13.2431
22.3475,0.403869,0,0.403869,4.22,49.1893,50,1,0,3591,86.24,89.1445,13.2421
22.3508,0.460072,0,0.460072,4.2,49.0065,50,1,0,3592,86.2706,89.1743,13.241
22.3714,0.077114,0,0.077114,4.2,49.0065,40,0,0,3592,86.2706,89.1743,13.241
22.3739,0.151176,0,0.151176,4.18,48.8236,50,1,0,3593,86.2702,89.1731,13.2399
22.3942,0.0747,0,0.0747,4.18,48.8236,40,0,0,3593,86.2702,89.1731,13.2399
22.4001,0.601477,0,0.601477,4.16,48.6407,50,1,0,3594,86.2785,89.1806,13.2388
22.4209,0.050283,0,0.050283,4.16,48.6407,40,0,0,3594,86.2785,89.1806,13.2388
22.4265,0.586903,0,0.586903,4.14,48.4579,50,1,0,3595,86.2882,89.1894,13.2377
22.4467,0.074218,0,0.074218,4.14,48.4579,40,0,0,3595,86.2882,89.1894,13.2377
22.45,0.023801,0,0.023801,4.12,48.275,50,0,0,3595,86.2882,89.1894,13.2377
22.4708,0.002514,0,0.002514,4.12,48.275,50,0,0,3595,86.2882,89.1894,13.2377
22.4735,0.035992,0,0.035992,4.1,48.0922,50,0,0,3595,86.2882,89.1894,13.2377
22.495,0.958471,0,0.958471,4.1,48.0922,60,1,0,3596,86.3023,89.2027,13.2367
22.5003,0.234211,0,0.234211,4.08,47.9093,60,1,0,3597,86.3094,89.2091,13.2356
22.521,0.002284,0,0.002284,4.08,47.9093,50,0,0,3597,86.3094,89.2091,13.2356
22.5235,0.090331,0,0.090331,4.06,47.7264,60,1,0,3598,86.2952,89.194,13.2345
22.545,0.284525,0,0.284525,4.06,47.7264,60,1,0,3599,86.2956,89.1937,13.2334
22.5477,0.080125,0,0.080125,4.04,47.5436,50,0,0,3599,86.2956,89.1937,13.2334
22.5692,0.494198,0,0.494198,4.04,47.5436,60,1,0,3600,86.3203,89.2175,13.2324
22.5723,0.519777,0,0.519777,4.02,47.3607,60,2,0,3601,86.3224,89.2188,13.2313
22.593,0.992886,0,0.992886,4.02,47.3607,120,6,0,3602,86.3345,89.2307,13.2302
22.5981,0.438694,0,0.438694,4,47.1778,60,2,0,3603,86.3586,89.254,13.2291
22.6204,1.12864,0,1.12864,4,47.1778,130,9,0,3604,86.374,89.2683,13.2281
22.6266,0.342508,0,0.342508,3.98,46.995,50,0,0,3605,86.3667,89.2602,13.227
22.647,0.00433,0,0.00433,3.98,46.995,50,0,0,3605,86.3667,89.2602,13.227
22.6535,0.590418,0,0.590418,3.96,46.8121,60,1,0,3606,86.3835,89.2762,13.2259
22.6737,0.061552,0,0.061552,3.96,46.8121,50,0,0,3606,86.3835,89.2762,13.2259
22.6764,0.293566,0,0.293566,3.94,46.6292,60,1,0,3607,86.4037,89.2955,13.2248
22.6967,0.334598,0,0.334598,3.94,46.6292,50,0,0,3608,86.4019,89.293,13.2238
22.6998,0.192191,0,0.192191,3.92,46.4464,60,1,0,3609,86.4057,89.2959,13.2227
22.7199,0.1919,0,0.1919,3.92,46.4464,50,0,0,3609,86.4057,89.2959,13.2227
22.7256,0.858569,0,0.858569,3.9,46.2635,60,1,0,3610,86.4343,89.3238,13.2216
22.7472,0.934195,0,0.934195,3.9,46.2635,60,1,0,3611,86.4544,89.3431,13.2206
22.7542,0.758697,0,0.758697,3.88,46.0806,69,1,0,3612,86.4704,89.3583,13.2195
22.7745,0.389136,0,0.389136,3.88,46.0806,79,2,0,3613,86.4838,89.3714,13.2184
22.7788,0.04931,0,0.04931,3.86,45.8978,49,0,0,3613,86.4838,89.3714,13.2184
22.7994,0.002565,0,0.002565,3.86,45.8978,49,0,0,3613,86.4838,89.3714,13.2184
22.8019,0.146501,0,0.146501,3.84,45.7149,59,1,0,3614,86.4781,89.365,13.2173
22.8226,0.519206,0,0.519206,3.84,45.7149,69,2,0,3615,86.4979,89.384,13.2163
22.8263,0.982927,0,0.982927,3.82,45.532,59,1,0,3616,86.529,89.4143,13.2152
22.8474,0.691887,0,0.691887,3.82,45.532,59,1,0,3617,86.54,89.4244,13.2141
22.853,0.156177,0,0.156177,3.8,45.3492,59,0,0,3618,86.5279,89.4116,13.2131
22.8751,0.736382,0,0.736382,3.8,45.3492,69,1,0,3619,86.5452,89.428,13.212
22.8815,0.759395,0,0.759395,3.78,45.1663,99,5,0,3620,86.5602,89.4423,13.2109
22.9016,0.11854,0,0.11854,3.78,45.1663,59,0,0,3620,86.5602,89.4423,13.2109
22.9039,0.027307,0,0.027307,3.76,44.9834,59,0,0,3620,86.5602,89.4423,13.2109
22.9246,0.428996,0,0.428996,3.76,44.9834,69,1,0,3621,86.5742,89.4554,13.2099
22.9271,0.023057,0,0.023057,3.74,44.8006,59,0,0,3621,86.5742,89.4554,13.2099
22.9497,0.726164,0,0.726164,3.74,44.8006,166,2,0,3622,86.5864,89.4666,13.2088
22.9528,0.29019,0,0.29019,3.72,44.6177,79,1,0,3623,86.6083,89.4877,13.2077
22.9752,0.790174,0,0.790174,3.72,44.6177,79,2,0,3624,86.62,89.4986,13.2067
23.0067,25.1986,13.1277,12.0709,3.7,44.4349,7040,1241,0,3625,86.5454,89.4458,13.2056
23.0105,0.033697,0,0.033697,3.68,47.1326,49,0,0,3625,86.5454,89.4458,13.2056
23.0308,0.469216,0,0.469216,3.68,47.1326,75,1,0,3626,86.5643,89.4639,13.2045
23.0339,0.252977,0,0.252977,3.66,46.9576,69,1,0,3627,86.5624,89.4613,13.2035
23.0544,0.424567,0,0.424567,3.66,46.9576,69,2,0,3628,86.5758,89.4738,13.2024
23.057,0.267763,0,0.267763,3.64,46.7826,78,1,0,3629,86.6043,89.5015,13.2013
23.0779,0.129437,0,0.129437,3.64,46.7826,68,0,0,3630,86.5917,89.4882,13.2003
23.0804,0.200984,0,0.200984,3.62,46.6075,69,2,0,3631,86.5957,89.4913,13.1992
23.1011,0.153258,0,0.153258,3.62,46.6075,59,0,0,3631,86.5957,89.4913,13.1992
23.1043,0.135033,0,0.135033,3.6,46.4325,69,1,0,3632,86.5826,89.4774,13.1981
23.1248,0.33331,0,0.33331,3.6,46.4325,59,0,0,3633,86.5778,89.4718,13.1971
23.1308,0.433262,0,0.433262,3.58,46.2575,59,0,0,3634,86.5834,89.4766,13.196
23.1496,0.048645,0,0.048645,3.58,46.2575,59,0,0,3634,86.5834,89.4766,13.196
23.1528,0.430738,0,0.430738,3.56,46.0825,59,0,0,3635,86.5931,89.4856,13.1949
23.1742,0.904016,0,0.904016,3.56,46.0825,69,1,0,3636,86.6136,89.5052,13.1939
23.1781,0.291782,0,0.291782,3.54,45.9074,69,1,0,3637,86.6291,89.5199,13.1928
23.2003,0.635368,0,0.635368,3.54,45.9074,69,1,0,3638,86.6344,89.5245,13.1918
23.2047,0.024333,0,0.024333,3.52,45.7324,59,0,0,3638,86.6344,89.5245,13.1918
23.2258,0.651108,0,0.651108,3.52,45.7324,59,0,0,3639,86.6392,89.5284,13.1907
23.2337,0.530606,0,0.530606,3.5,43.9051,69,0,0,3640,86.6423,89.5308,13.1896
23.253,0.848184,0,0.848184,3.5,43.9051,79,1,0,3641,86.6592,89.5468,13.1886
23.2733,15.9333,15.4637,0.469673,3.48,43.582,345,14,0,3642,86.6571,89.5439,13.1875
23.2782,0.453084,0,0.453084,3.46,43.2589,79,1,0,3643,86.6832,89.5693,13.1865
23.2983,0.125557,0,0.125557,3.46,43.2589,69,0,0,3643,86.6832,89.5693,13.1865
23.3013,0.040339,0,0.040339,3.44,42.9358,69,0,0,3643,86.6832,89.5693,13.1865
23.3217,0.466498,0,0.466498,3.44,42.9358,79,1,0,3644,86.7094,89.5947,13.1854
23.3245,0.385639,0,0.385639,3.42,42.6127,80,1,0,3645,86.7361,89.6206,13.1843
23.3456,0.485142,0,0.485142,3.42,42.6127,100,4,0,3646,86.7655,89.6492,13.1833
23.3478,0.045407,0,0.045407,3.4,42.2896,80,0,0,3646,86.7655,89.6492,13.1833
23.369,0.086072,0,0.086072,3.4,42.2896,80,0,0,3646,86.7655,89.6492,13.1833
23.3712,0.149548,0,0.149548,3.38,41.9665,90,0,0,3647,86.7653,89.6482,13.1822
23.3918,0.463092,0,0.463092,3.38,41.9665,90,0,0,3648,86.7722,89.6543,13.1812
23.3951,0.226912,0,0.226912,3.36,41.6434,100,1,0,3649,86.7838,89.6651,13.1801
23.415,0.297652,0,0.297652,3.36,41.6434,90,0,0,3650,86.7849,89.6655,13.1791
23.4176,0.028675,0,0.028675,3.34,40.4921,100,0,0,3650,86.7849,89.6655,13.1791
23.4391,0.516985,0,0.516985,3.34,40.4921,110,2,0,3651,86.8113,89.691,13.178
23.4431,0.047374,0,0.047374,3.32,40.3267,100,0,0,3651,86.8113,89.691,13.178
23.4646,0.466738,0,0.466738,3.32,40.3267,100,0,0,3652,86.83,89.7089,13.1769
23.4667,0.023237,0,0.023237,3.3,40.1613,100,0,0,3652,86.83,89.7089,13.1769
23.4873,0.22969,0,0.22969,3.3,40.1613,100,0,0,3653,86.8245,89.7027,13.1759
23.4903,0.231059,0,0.231059,3.28,39.9959,110,1,0,3654,86.8426,89.72,13.1748
23.5123,0.419975,0,0.419975,3.28,39.9959,110,1,0,3655,86.8356,89.7122,13.1738
23.5184,0.563683,0,0.563683,3.26,39.8305,100,1,0,3656,86.8411,89.7169,13.1727
23.5399,0.853168,0,0.853168,3.26,39.8305,100,1,0,3657,86.8605,89.7356,13.1717
23.5451,0.83367,0,0.83367,3.24,39.6651,80,1,0,3658,86.8857,89.76,13.1706
23.5655,0.489017,0,0.489017,3.24,39.6651,80,1,0,3659,86.9024,89.7759,13.1696
23.5679,0.193948,0,0.193948,3.22,39.4997,80,1,0,3660,86.9079,89.7806,13.1685
23.5884,0.266453,0,0.266453,3.22,39.4997,80,1,0,3661,86.8987,89.7706,13.1674
23.5916,0.212697,0,0.212697,3.2,39.3343,70,1,0,3662,86.9028,89.7739,13.1664
23.612,0.49868,0,0.49868,3.2,39.3343,60,0,0,3663,86.9004,89.7707,13.1653
23.6179,0.479171,0,0.479171,3.18,39.1689,60,0,0,3664,86.9056,89.7751,13.1643
23.6386,0.453666,0,0.453666,3.18,39.1689,70,1,0,3665,86.9271,89.7959,13.1632
23.6428,0.265887,0,0.265887,3.16,39.0036,70,1,0,3666,86.9264,89.7943,13.1622
23.664,0.216689,0,0.216689,3.16,39.0036,60,0,0,3666,86.9264,89.7943,13.1622
23.6694,0.043228,0,0.043228,3.14,38.8382,60,0,0,3666,86.9264,89.7943,13.1622
23.6906,0.455621,0,0.455621,3.14,38.8382,70,1,0,3667,86.952,89.8192,13.1611
23.6965,0.903027,0,0.903027,3.12,38.6728,60,1,0,3668,86.9847,89.8511,13.1601
23.7161,0.483363,0,0.483363,3.12,38.6728,50,0,0,3669,86.9995,89.8651,13.159
23.7206,0.001764,0,0.001764,3.1,38.5074,50,0,0,3669,86.9995,89.8651,13.159
23.7433,1.06938,0,1.06938,3.1,38.5074,60,1,0,3670,87.0251,89.8899,13.158
23.7479,0.372012,0,0.372012,3.08,38.342,60,1,0,3671,87.0332,89.8973,13.1569
23.7687,0.232353,0,0.232353,3.08,38.342,50,0,0,3671,87.0332,89.8973,13.1569
23.7738,0.002774,0,0.002774,3.06,38.1766,50,0,0,3671,87.0332,89.8973,13.1569
23.7958,0.846155,0,0.846155,3.06,38.1766,69,1,0,3672,87.0458,89.909,13.1559
23.8023,0.090303,0,0.090303,3.04,38.0112,50,0,0,3672,87.0458,89.909,13.1559
23.8239,0.641016,0,0.641016,3.04,38.0112,60,1,0,3673,87.0515,89.914,13.1548
23.8286,0.85678,0,0.85678,3.02,37.8458,60,1,0,3674,87.0678,89.9295,13.1538
23.8482,0.507383,0,0.507383,3.02,37.8458,60,1,0,3675,87.0762,89.9371,13.1527
23.8523,0.994899,0,0.994899,3,37.6804,60,1,0,3676,87.0941,89.9543,13.1517
23.8733,0.522523,0,0.522523,3,37.6804,50,0,0,3677,87.0938,89.9532,13.1507
23.8785,0.394363,0,0.394363,2.98,37.5151,60,1,0,3678,87.0919,89.9505,13.1496
23.8999,0.217623,0,0.217623,2.98,37.5151,50,0,0,3678,87.0919,89.9505,13.1496
23.9045,0.003428,0,0.003428,2.96,37.3497,60,0,0,3678,87.0919,89.9505,13.1496
23.9263,0.517334,0,0.517334,2.96,37.3497,70,1,0,3679,87.1182,89.9761,13.1486
23.9312,0.897154,0,0.897154,2.94,37.1843,70,1,0,3680,87.1437,90.0008,13.1475
23.951,0.566315,0,0.566315,2.94,37.1843,70,1,0,3681,87.1722,90.0285,13.1465
23.9541,0.135644,0,0.135644,2.92,37.0189,70,1,0,3682,87.1684,90.0239,13.1454
23.9742,0.366726,0,0.366726,2.92,37.0189,70,1,0,3683,87.1751,90.0299,13.1444
23.9772,0.052623,0,0.052623,2.9,36.8535,60,0,0,3683,87.1751,90.0299,13.1444
23.9979,0.063741,0,0.063741,2.9,36.8535,60,0,0,3683,87.1751,90.0299,13.1444
24.0014,0.071282,0,0.071282,2.88,36.6881,60,0,0,3683,87.1751,90.0299,13.1444
24.0235,0.470259,0,0.470259,2.88,36.6881,60,0,0,3684,87.1724,90.0263,13.1433
24.0291,0.146586,0,0.146586,2.86,36.5227,60,0,0,3684,87.1724,90.0263,13.1433
24.0497,0.726054,0,0.726054,2.86,36.5227,60,0,0,3685,87.187,90.0402,13.1423
24.0563,0.324883,0,0.324883,2.84,36.3573,70,2,0,3686,87.1994,90.0518,13.1412
24.0754,0.058884,0,0.058884,2.84,36.3573,60,0,0,3686,87.1994,90.0518,13.1412
24.0789,0.651209,0,0.651209,2.82,36.1919,70,1,0,3687,87.2118,90.0635,13.1402
24.0993,0.072778,0,0.072778,2.82,36.1919,60,0,0,3687,87.2118,90.0635,13.1402
24.1061,0.639408,0,0.639408,2.8,36.0265,60,1,0,3688,87.2164,90.0672,13.1392
24.1279,0.479843,0,0.479843,2.8,36.0265,50,0,0,3689,87.209,90.0591,13.1381
24.1345,0.120469,0,0.120469,2.78,35.8612,50,0,0,3689,87.209,90.0591,13.1381
24.1563,0.138701,0,0.138701,2.78,35.8612,50,0,0,3689,87.209,90.0591,13.1381
24.1627,0.184803,0,0.184803,2.76,35.6958,50,0,0,3690,87.203,90.0523,13.1371
24.1827,0.062157,0,0.062157,2.76,35.6958,50,0,0,3690,87.203,90.0523,13.1371
24.1906,0.897209,0,0.897209,2.74,35.5304,50,0,0,3691,87.2086,90.0572,13.136
24.2082,0.002436,0,0.002436,2.74,35.5304,50,0,0,3691,87.2086,90.0572,13.136
24.2111,0.344317,0,0.344317,2.72,35.365,60,1,0,3692,87.2362,90.084,13.135
24.2325,0.496162,0,0.496162,2.72,35.365,60,1,0,3693,87.2483,90.0953,13.1339
24.2351,0.339475,0,0.339475,2.7,35.1996,60,1,0,3694,87.2815,90.1278,13.1329
24.2561,0.00496,0,0.00496,2.7,35.1996,50,0,0,3694,87.2815,90.1278,13.1329
24.2594,0.001007,0,0.001007,2.68,35.0342,50,0,0,3694,87.2815,90.1278,13.1329
24.2798,0.152188,0,0.152188,2.68,35.0342,50,0,0,3694,87.2815,90.1278,13.1329
24.2868,0.194934,0,0.194934,2.66,34.8688,50,0,0,3694,87.2815,90.1278,13.1329
24.3057,0.004466,0,0.004466,2.66,34.8688,50,0,0,3694,87.2815,90.1278,13.1329
24.3102,0.392749,0,0.392749,2.64,34.7034,50,0,0,3695,87.3037,90.1491,13.1319
24.3311,0.36961,0,0.36961,2.64,34.7034,60,1,0,3696,87.3098,90.1545,13.1308
24.3349,0.646639,0,0.646639,2.62,34.538,50,0,0,3697,87.3132,90.1572,13.1298
24.3565,0.657113,0,0.657113,2.62,34.538,60,1,0,3698,87.315,90.1582,13.1287
24.3596,0.069938,0,0.069938,2.6,34.3727,40,0,0,3698,87.315,90.1582,13.1287
24.3801,0.092024,0,0.092024,2.6,34.3727,40,0,0,3698,87.315,90.1582,13.1287
24.3874,0.003359,0,0.003359,2.58,34.2073,40,0,0,3698,87.315,90.1582,13.1287
24.4068,0.433309,0,0.433309,2.58,34.2073,50,1,0,3699,87.309,90.1514,13.1277
24.4129,0.887154,0,0.887154,2.56,34.0419,100,5,0,3700,87.3273,90.1692,13.1267
24.4346,0.922396,0,0.922396,2.56,34.0419,50,1,0,3701,87.3548,90.1959,13.1256
24.4405,0.103908,0,0.103908,2.54,33.8765,40,0,0,3701,87.3548,90.1959,13.1256
24.4616,0.156281,0,0.156281,2.54,33.8765,40,0,0,3701,87.3548,90.1959,13.1256
24.4682,0.825323,0,0.825323,2.52,33.7111,50,1,0,3702,87.3744,90.2147,13.1246
24.4888,0.674443,0,0.674443,2.52,33.7111,50,1,0,3703,87.387,90.2266,13.1236
24.4929,0.040121,0,0.040121,2.5,33.5457,40,0,0,3703,87.387,90.2266,13.1236
24.5133,0.089767,0,0.089767,2.5,33.5457,40,0,0,3703,87.387,90.2266,13.1236
24.5203,0.1575,0,0.1575,2.48,33.3803,30,0,0,3703,87.387,90.2266,13.1236
24.5404,1.05892,0,1.05892,2.48,33.3803,40,1,0,3704,87.4077,90.2465,13.1225
24.5479,0.037046,0,0.037046,2.46,33.2149,30,0,0,3704,87.4077,90.2465,13.1225
24.5671,0.217458,0,0.217458,2.46,33.2149,30,0,0,3704,87.4077,90.2465,13.1225
24.5729,0.104538,0,0.104538,2.44,33.0495,30,0,0,3704,87.4077,90.2465,13.1225
24.5946,0.735877,0,0.735877,2.44,33.0495,30,0,0,3705,87.4189,90.257,13.1215
24.6005,0.098712,0,0.098712,2.42,32.8841,30,0,0,3705,87.4189,90.257,13.1215
24.6225,1.03508,0,1.03508,2.42,32.8841,40,1,0,3706,87.4342,90.2715,13.1204
24.6272,0.914041,0,0.914041,2.4,32.7188,40,1,0,3707,87.4607,90.2973,13.1194
24.6478,0.651146,0,0.651146,2.4,32.7188,40,1,0,3708,87.4814,90.3172,13.1184
24.6506,0.156431,0,0.156431,2.38,32.5534,30,0,0,3708,87.4814,90.3172,13.1184
24.6711,0.463664,0,0.463664,2.38,32.5534,30,0,0,3709,87.4756,90.3106,13.1173
24.6772,0.075689,0,0.075689,2.36,32.388,40,0,0,3709,87.4756,90.3106,13.1173
24.6988,0.607288,0,0.607288,2.36,32.388,50,1,0,3710,87.4779,90.3121,13.1163
24.7045,0.54078,0,0.54078,2.34,32.2226,40,1,0,3711,87.5026,90.336,13.1153
24.7261,0.821523,0,0.821523,2.34,32.2226,39,0,0,3712,87.5135,90.3462,13.1142
24.733,0.841179,0,0.841179,2.32,32.0572,40,2,0,3713,87.5314,90.3633,13.1132
24.7545,0.81473,0,0.81473,2.32,32.0572,40,1,0,3714,87.5444,90.3756,13.1122
24.7598,0.558248,0,0.558248,2.3,31.8918,30,1,0,3715,87.5515,90.382,13.1111
24.781,0.204512,0,0.204512,2.3,31.8918,20,0,0,3715,87.5515,90.382,13.1111
24.7871,0.230828,0,0.230828,2.28,31.7264,20,0,0,3715,87.5515,90.382,13.1111
24.8074,0.583675,0,0.583675,2.28,31.7264,30,1,0,3716,87.5783,90.408,13.1101
24.8101,0.075781,0,0.075781,2.26,31.561,20,0,0,3716,87.5783,90.408,13.1101
24.8319,0.598423,0,0.598423,2.26,31.561,39,1,0,3717,87.5962,90.4251,13.1091
24.8359,0.42108,0,0.42108,2.24,31.3956,30,1,0,3718,87.6111,90.4392,13.108
24.8572,0.571578,0,0.571578,2.24,31.3956,30,1,0,3719,87.6271,90.4544,13.107
24.8624,0.782307,0,0.782307,2.22,31.2303,30,1,0,3720,87.6513,90.478,13.106
24.8826,0.118937,0,0.118937,2.22,31.2303,20,0,0,3720,87.6513,90.478,13.106
24.8852,0.379133,0,0.379133,2.2,31.0649,20,0,0,3721,87.6686,90.4945,13.1049
24.9061,0.694793,0,0.694793,2.2,31.0649,20,0,0,3722,87.6792,90.5043,13.1039
24.91,0.087691,0,0.087691,2.18,30.8995,20,0,0,3722,87.6792,90.5043,13.1039
24.9306,0.784525,0,0.784525,2.18,30.8995,20,0,0,3723,87.6957,90.52,13.1029
24.9368,0.655675,0,0.655675,2.16,30.7341,20,0,0,3724,87.7033,90.5269,13.1018
24.9585,0.81026,0,0.81026,2.16,30.7341,30,1,0,3725,87.7179,90.5407,13.1008
24.9642,0.137368,0,0.137368,2.14,30.5687,20,0,0,3725,87.7179,90.5407,13.1008
24.9868,1.01552,0,1.01552,2.14,30.5687,30,1,0,3726,87.741,90.5631,13.0998
24.9935,0.082105,0,0.082105,2.12,30.4033,20,0,0,3726,87.741,90.5631,13.0998
25.0153,0.988059,0,0.988059,2.12,30.4033,30,1,0,3727,87.7583,90.5796,13.0988
25.0232,1.19955,0,1.19955,2.1,30.2379,30,1,0,3728,87.7849,90.6054,13.0977
25.0429,0.257915,0,0.257915,2.1,30.2379,20,0,0,3729,87.779,90.5988,13.0967
25.0458,0.390638,0,0.390638,2.08,30.0725,30,1,0,3730,87.7727,90.5917,13.0957
25.0658,0.439982,0,0.439982,2.08,30.0725,30,1,0,3731,87.7893,90.6076,13.0946
25.0685,0.224441,0,0.224441,2.06,29.9071,30,1,0,3732,87.8028,90.6203,13.0936
25.0894,0.397791,0,0.397791,2.06,29.9071,30,1,0,3733,87.8251,90.6418,13.0926
25.0922,0.26478,0,0.26478,2.04,29.7418,30,2,0,3734,87.8334,90.6494,13.0916
25.1139,0.222261,0,0.222261,2.04,29.7418,20,0,0,3734,87.8334,90.6494,13.0916
25.1192,0.00312,0,0.00312,2.02,29.5764,20,0,0,3734,87.8334,90.6494,13.0916
25.1398,0.470084,0,0.470084,2.02,29.5764,30,1,0,3735,87.8546,90.6699,13.0905
25.1429,0.16634,0,0.16634,2,29.411,45,2,0,3736,87.8539,90.6678,13.0895
25.1625,0.05718,0,0.05718,2,29.411,20,0,0,3736,87.8539,90.6678,13.0895
25.1653,0.205306,0,0.205306,1.98,29.2456,30,1,0,3737,87.8627,90.6759,13.0885
25.1875,0.665851,0,0.665851,1.98,29.2456,30,1,0,3738,87.867,90.6795,13.0875
25.1913,0.359375,0,0.359375,1.96,29.0802,30,1,0,3739,87.8847,90.6964,13.0864
25.2135,0.853191,0,0.853191,1.96,29.0802,30,1,0,3740,87.9053,90.7163,13.0854
25.2195,0.397095,0,0.397095,1.94,28.9148,30,1,0,3741,87.919,90.7292,13.0844
25.2401,0.625315,0,0.625315,1.94,28.9148,30,1,0,3742,87.9292,90.7386,13.0834
25.2465,0.416583,0,0.416583,1.92,28.7494,30,1,0,3743,87.9313,90.74,13.0823
25.2652,0.00427,0,0.00427,1.92,28.7494,20,0,0,3743,87.9313,90.74,13.0823
25.2708,0.100135,0,0.100135,1.9,28.584,20,0,0,3743,87.9313,90.74,13.0823
25.2919,0.348884,0,0.348884,1.9,28.584,30,1,0,3744,87.9343,90.7423,13.0813
25.2972,0.087518,0,0.087518,1.88,28.4186,20,0,0,3744,87.9343,90.7423,13.0813
25.3185,0.184625,0,0.184625,1.88,28.4186,30,1,0,3745,87.9236,90.7308,13.0803
25.3212,0.00144,0,0.00144,1.86,28.2532,20,0,0,3745,87.9236,90.7308,13.0803
25.3421,0.263087,0,0.263087,1.86,28.2532,20,0,0,3746,87.9242,90.7306,13.0793
25.3451,0.393755,0,0.393755,1.84,28.0879,30,1,0,3747,87.952,90.7577,13.0782
25.3651,0.262673,0,0.262673,1.84,28.0879,30,1,0,3748,87.9514,90.7564,13.0772
25.3675,0.218082,0,0.218082,1.82,27.9225,20,0,0,3749,87.9643,90.7685,13.0762
25.3889,0.569309,0,0.569309,1.82,27.9225,30,1,0,3750,87.9853,90.7888,13.0752
25.3916,0.215607,0,0.215607,1.8,27.7571,30,1,0,3751,87.9973,90.8001,13.0742
25.4134,0.5012,0,0.5012,1.8,27.7571,30,1,0,3752,88.0197,90.8217,13.0731
25.4186,0.842218,0,0.842218,1.78,27.5891,20,1,0,3753,88.0381,90.8393,13.0721
25.4394,0.956009,0,0.956009,1.78,27.5891,30,1,0,3754,88.0647,90.8652,13.0711
25.4465,0.410753,0,0.410753,1.76,27.2246,30,1,0,3755,88.082,90.8818,13.0701
25.4665,0.196983,0,0.196983,1.76,27.2246,20,0,0,3755,88.082,90.8818,13.0701
25.4751,1.09191,0,1.09191,1.74,26.8602,30,1,0,3756,88.1177,90.9167,13.0691
25.4929,0.386812,0,0.386812,1.74,26.8602,20,0,0,3757,88.1275,90.9257,13.068
25.497,0.825596,0,0.825596,1.72,26.4958,30,1,0,3758,88.1541,90.9516,13.067
25.5179,0.08191,0,0.08191,1.72,26.4958,20,0,0,3758,88.1541,90.9516,13.067
25.5235,0.421402,0,0.421402,1.7,26.1314,30,0,0,3759,88.1724,90.9691,13.066
25.544,0.053271,0,0.053271,1.7,26.1314,30,0,0,3759,88.1724,90.9691,13.066
25.5466,0.199857,0,0.199857,1.68,25.767,40,1,0,3760,88.1785,90.9745,13.065
25.568,0.222979,0,0.222979,1.68,25.767,30,0,0,3760,88.1785,90.9745,13.065
25.6146,40.6307,40.2293,0.401444,1.66,25.4025,2292,118,0,3761,88.1715,90.9668,13.064
25.6184,0.102579,0,0.102579,1.64,25.0381,30,0,0,3761,88.1715,90.9668,13.064
25.6389,0.001854,0,0.001854,1.64,25.0381,30,0,0,3761,88.1715,90.9668,13.064
25.642,0.412824,0,0.412824,1.62,24.6737,40,1,0,3762,88.1911,90.9856,13.063
25.6621,0.046651,0,0.046651,1.62,24.6737,30,0,0,3762,88.1911,90.9856,13.063
25.6649,0.074246,0,0.074246,1.6,24.3093,30,0,0,3762,88.1911,90.9856,13.063
25.6864,0.199051,0,0.199051,1.6,24.3093,40,1,0,3763,88.1879,90.9817,13.0619
25.6912,0.698572,0,0.698572,1.58,23.9449,40,1,0,3764,88.2059,90.9989,13.0609
25.7116,0.285667,0,0.285667,1.58,23.9449,40,1,0,3765,88.2104,91.0027,13.0599
25.7166,0.558425,0,0.558425,1.56,23.5804,40,1,0,3766,88.227,91.0186,13.0589
25.7376,0.481931,0,0.481931,1.56,23.5804,30,0,0,3767,88.2365,91.0273,13.0579
25.7412,0.244133,0,0.244133,1.54,23.216,40,1,0,3768,88.2508,91.0409,13.0569
25.7623,0.614521,0,0.614521,1.54,23.216,40,1,0,3769,88.2868,91.0761,13.0558
25.7663,0.026723,0,0.026723,1.52,22.8516,30,0,0,3769,88.2868,91.0761,13.0558
25.789,0.665115,0,0.665115,1.52,22.8516,40,1,0,3770,88.2915,91.0801,13.0548
25.7932,0.255601,0,0.255601,1.5,22.4872,30,0,0,3771,88.2922,91.0801,13.0538
25.8151,0.083409,0,0.083409,1.5,22.4872,30,0,0,3771,88.2922,91.0801,13.0538
25.8224,1.03615,0,1.03615,1.48,22.1228,40,1,0,3772,88.3354,91.1225,13.0528
25.8429,0.403893,0,0.403893,1.48,22.1228,40,1,0,3773,88.3271,91.1134,13.0518
25.8495,0.519933,0,0.519933,1.46,21.7583,40,1,0,3774,88.332,91.1176,13.0508
25.8701,0.375859,0,0.375859,1.46,21.7583,40,1,0,3775,88.3452,91.1301,13.0498
25.8732,0.058648,0,0.058648,1.44,21.3939,30,0,0,3775,88.3452,91.1301,13.0498
25.8935,0.477985,0,0.477985,1.44,21.3939,40,1,0,3776,88.3602,91.1443,13.0487
25.8963,0.21871,0,0.21871,1.42,21.0295,40,1,0,3777,88.3704,91.1538,13.0477
25.9188,0.438273,0,0.438273,1.42,21.0295,40,1,0,3778,88.3894,91.172,13.0467
25.9228,0.35582,0,0.35582,1.4,20.6651,30,1,0,3779,88.3983,91.1802,13.0457
25.9438,0.365004,0,0.365004,1.4,20.6651,20,0,0,3780,88.4058,91.187,13.0447
25.9492,0.292315,0,0.292315,1.38,20.3007,20,0,0,3781,88.3959,91.1764,13.0437
25.97,0.302042,0,0.302042,1.38,20.3007,30,1,0,3782,88.3958,91.1756,13.0427
25.9725,0.244441,0,0.244441,1.36,19.9362,30,1,0,3783,88.4148,91.1938,13.0417
25.9926,0.064557,0,0.064557,1.36,19.9362,20,0,0,3783,88.4148,91.1938,13.0417
25.9961,0.74588,0,0.74588,1.34,19.5718,30,1,0,3784,88.4405,91.2188,13.0407
26.0177,0.717599,0,0.717599,1.34,19.5718,30,1,0,3785,88.4534,91.2309,13.0397
26.0222,0.375447,0,0.375447,1.32,19.2074,30,1,0,3786,88.4699,91.2467,13.0386
26.0444,0.915495,0,0.915495,1.32,19.2074,20,0,0,3787,88.4906,91.2667,13.0376
26.0507,0.09596,0,0.09596,1.3,18.843,20,0,0,3787,88.4906,91.2667,13.0376
26.0718,0.369693,0,0.369693,1.3,18.843,30,1,0,3788,88.4992,91.2746,13.0366
26.0754,0.549486,0,0.549486,1.28,18.4786,30,1,0,3789,88.4999,91.2745,13.0356
26.0952,0.346792,0,0.346792,1.28,18.4786,20,0,0,3790,88.4929,91.2668,13.0346
26.1026,0.593528,0,0.593528,1.26,18.1141,30,1,0,3791,88.5041,91.2772,13.0336
26.1217,0.80767,0,0.80767,1.26,18.1141,30,1,0,3792,88.533,91.3054,13.0326
26.1272,0.154277,0,0.154277,1.24,17.7497,20,0,0,3792,88.533,91.3054,13.0326
26.1483,0.059281,0,0.059281,1.24,17.7497,20,0,0,3792,88.533,91.3054,13.0326
26.151,0.228874,0,0.228874,1.22,17.3853,30,1,0,3793,88.5465,91.3182,13.0316
26.1735,0.892314,0,0.892314,1.22,17.3853,30,1,0,3794,88.5609,91.3318,13.0306
26.18,0.658479,0,0.658479,1.2,17.0209,30,1,0,3795,88.5768,91.347,13.0296
26.2012,0.667818,0,0.667818,1.2,17.0209,30,1,0,3796,88.5817,91.3512,13.0286
26.2083,0.198604,0,0.198604,1.18,16.6565,20,0,0,3796,88.5817,91.3512,13.0286
26.2291,0.789039,0,0.789039,1.18,16.6565,30,1,0,3797,88.591,91.3598,13.0276
26.239,1.14995,0,1.14995,1.16,16.292,30,1,0,3798,88.6209,91.3889,13.0266
26.2566,0.337249,0,0.337249,1.16,16.292,20,0,0,3799,88.6254,91.3927,13.0256
26.261,0.220579,0,0.220579,1.14,15.9276,30,1,0,3800,88.6313,91.3979,13.0246
26.2823,0.589085,0,0.589085,1.14,15.9276,30,1,0,3801,88.6596,91.4254,13.0236
26.2848,0.309323,0,0.309323,1.12,15.5632,30,1,0,3802,88.6899,91.455,13.0226
26.3074,0.860897,0,0.860897,1.12,15.5632,30,1,0,3803,88.7016,91.4659,13.0215
26.3127,0.665372,0,0.665372,1.1,15.1988,30,1,0,3804,88.7229,91.4866,13.0205
26.3345,0.729806,0,0.729806,1.1,15.1988,20,0,0,3805,88.728,91.4909,13.0195
26.3415,0.904907,0,0.904907,1.08,14.8344,30,1,0,3806,88.7496,91.5118,13.0185
26.3611,0.482264,0,0.482264,1.08,14.8344,30,1,0,3807,88.7683,91.5298,13.0175
26.3644,0.039617,0,0.039617,1.06,14.4699,20,0,0,3807,88.7683,91.5298,13.0175
26.3843,0.231515,0,0.231515,1.06,14.4699,30,1,0,3808,88.7626,91.5234,13.0165
26.388,0.77983,0,0.77983,1.04,14.1055,30,1,0,3809,88.785,91.545,13.0155
26.409,0.636922,0,0.636922,1.04,14.1055,30,1,0,3810,88.8042,91.5635,13.0145
26.4116,0.043403,0,0.043403,1.02,13.7411,20,0,0,3810,88.8042,91.5635,13.0145
26.4338,0.221071,0,0.221071,1.02,13.7411,20,0,0,3810,88.8042,91.5635,13.0145
26.4392,0.410609,0,0.410609,1,13.3767,30,1,0,3811,88.8226,91.5812,13.0135
26.4598,0.546972,0,0.546972,1,13.3767,30,1,0,3812,88.8405,91.5984,13.0125
26.4684,0.969143,0,0.969143,0.98,13.0123,40,1,0,3813,88.8678,91.625,13.0115
26.4865,0.436422,0,0.436422,0.98,13.0123,30,0,0,3814,88.8791,91.6356,13.0105
26.491,0.23967,0,0.23967,0.96,12.6478,30,0,0,3814,88.8791,91.6356,13.0105
26.512,0.43872,0,0.43872,0.96,12.6478,40,1,0,3815,88.9114,91.6671,13.0095
26.5145,0.260589,0,0.260589,0.94,12.2834,40,1,0,3816,88.93,91.685,13.0085
26.5353,0.079053,0,0.079053,0.94,12.2834,30,0,0,3816,88.93,91.685,13.0085
26.5379,0.224815,0,0.224815,0.92,11.919,30,0,0,3817,88.9332,91.6875,13.0075
26.5584,0.227606,0,0.227606,0.92,11.919,30,0,0,3817,88.9332,91.6875,13.0075
26.566,0.040331,0,0.040331,0.9,11.5546,30,0,0,3817,88.9332,91.6875,13.0075
26.5856,0.73414,0,0.73414,0.9,11.5546,40,1,0,3818,88.9426,91.6962,13.0065
26.5899,0.275665,0,0.275665,0.88,11.1902,30,0,0,3819,88.9484,91.7012,13.0055
26.611,0.384763,0,0.384763,0.88,11.1902,40,1,0,3820,88.9581,91.7102,13.0045
26.6297,16.095,16.0356,0.059347,0.86,10.8257,320,0,0,3820,88.9581,91.7102,13.0045
26.6345,0.071338,0,0.071338,0.86,10.8257,30,0,0,3820,88.9581,91.7102,13.0045
26.6386,0.206832,0,0.206832,0.84,10.4613,30,0,0,3821,88.949,91.7003,13.0036
26.6599,0.303422,0,0.303422,0.84,10.4613,30,0,0,3822,88.9458,91.6965,13.0026
26.6625,0.342886,0,0.342886,0.82,10.0969,40,1,0,3823,88.9712,91.7212,13.0016
26.6827,0.175118,0,0.175118,0.82,10.0969,30,0,0,3823,88.9712,91.7212,13.0016
26.6879,0.528179,0,0.528179,0.8,9.73248,40,1,0,3824,89.0018,91.751,13.0006
26.7087,0.404779,0,0.404779,0.8,9.73248,40,1,0,3825,89.0115,91.76,12.9996
26.7109,0.049837,0,0.049837,0.78,9.36806,30,0,0,3825,89.0115,91.76,12.9996
26.7329,0.292386,0,0.292386,0.78,9.36806,40,1,0,3826,89.0034,91.7512,12.9986
26.7376,0.054921,0,0.054921,0.76,9.00364,30,0,0,3826,89.0034,91.7512,12.9986
26.7589,0.424155,0,0.424155,0.76,9.00364,40,1,0,3827,89.0165,91.7635,12.9976
26.7618,0.576452,0,0.576452,0.74,8.63922,40,1,0,3828,89.0277,91.774,12.9966
26.7821,0.799918,0,0.799918,0.74,8.63922,40,1,0,3829,89.0452,91.7908,12.9956
26.7864,0.104129,0,0.104129,0.72,8.2748,30,0,0,3829,89.0452,91.7908,12.9956
26.8075,0.284794,0,0.284794,0.72,8.2748,40,1,0,3830,89.0486,91.7935,12.9946
26.8131,0.11541,0,0.11541,0.7,7.91038,30,0,0,3830,89.0486,91.7935,12.9946
26.8343,0.49878,0,0.49878,0.7,7.91038,40,1,0,3831,89.0825,91.8267,12.9936
26.8367,0.016324,0,0.016324,0.68,7.65806,10,0,0,3831,89.0825,91.8267,12.9936
26.8578,0.146855,0,0.146855,0.68,7.65806,20,0,0,3831,89.0825,91.8267,12.9936
26.8606,0.278067,0,0.278067,0.66,7.43282,30,1,0,3832,89.0999,91.8434,12.9926
26.8815,0.859686,0,0.859686,0.66,7.43282,30,1,0,3833,89.1151,91.8578,12.9916
26.8857,0.097103,0,0.097103,0.64,7.20759,20,0,0,3833,89.1151,91.8578,12.9916
26.9077,0.563586,0,0.563586,0.64,7.20759,20,0,0,3834,89.1142,91.8563,12.9906
26.9125,0.087547,0,0.087547,0.62,6.98235,20,0,0,3834,89.1142,91.8563,12.9906
26.9344,0.217018,0,0.217018,0.62,6.98235,20,0,0,3834,89.1142,91.8563,12.9906
26.9413,0.537101,0,0.537101,0.6,6.75711,20,0,0,3835,89.1116,91.8529,12.9896
26.9618,0.280476,0,0.280476,0.6,6.75711,30,1,0,3836,89.1108,91.8514,12.9886
26.964,0.024548,0,0.024548,0.58,6.53188,20,0,0,3836,89.1108,91.8514,12.9886
26.9847,0.392804,0,0.392804,0.58,6.53188,30,1,0,3837,89.123,91.8629,12.9876
26.9876,0.363037,0,0.363037,0.56,6.30664,30,1,0,3838,89.1483,91.8874,12.9867
27.0102,1.05223,0,1.05223,0.56,6.30664,30,1,0,3839,89.1737,91.9122,12.9857
27.015,0.473201,0,0.473201,0.54,6.0814,30,1,0,3840,89.1911,91.9289,12.9847
27.0375,1.16137,0,1.16137,0.54,6.0814,30,1,0,3841,89.2156,91.9526,12.9837
27.0441,0.497429,0,0.497429,0.52,5.85616,30,1,0,3842,89.2153,91.9516,12.9827
27.0662,1.08216,0,1.08216,0.52,5.85616,30,1,0,3843,89.2373,91.9729,12.9817
27.0726,0.406463,0,0.406463,0.5,5.63093,30,1,0,3844,89.2318,91.9667,12.9807
27.0932,0.101596,0,0.101596,0.5,5.63093,20,0,0,3844,89.2318,91.9667,12.9807
27.0956,0.20018,0,0.20018,0.48,5.40569,30,1,0,3845,89.2393,91.9735,12.9797
27.1159,0.274897,0,0.274897,0.48,5.40569,20,0,0,3846,89.2376,91.9711,12.9787
27.1189,0.300648,0,0.300648,0.46,5.18045,30,1,0,3847,89.2594,91.9922,12.9777
27.1399,0.066567,0,0.066567,0.46,5.18045,20,0,0,3847,89.2594,91.9922,12.9777
27.1435,0.373935,0,0.373935,0.44,4.95522,30,1,0,3848,89.2822,92.0143,12.9768
27.1648,0.08028,0,0.08028,0.44,4.95522,20,0,0,3848,89.2822,92.0143,12.9768
27.1701,0.410632,0,0.410632,0.42,4.72998,20,0,0,3849,89.2822,92.0135,12.9758
27.1909,0.32747,0,0.32747,0.42,4.72998,20,0,0,3850,89.2875,92.0182,12.9748
27.1958,0.722823,0,0.722823,0.4,4.50474,30,1,0,3851,89.3051,92.0351,12.9738
27.2156,0.317822,0,0.317822,0.4,4.50474,20,0,0,3852,89.31,92.0392,12.9728
27.2186,0.318154,0,0.318154,0.38,4.2795,30,1,0,3853,89.3364,92.0649,12.9718
27.2398,0.433226,0,0.433226,0.38,4.2795,20,0,0,3854,89.3498,92.0776,12.9708
27.2423,0.270384,0,0.270384,0.36,4.05427,30,1,0,3855,89.3639,92.0911,12.9698
27.2633,0.442096,0,0.442096,0.36,4.05427,30,1,0,3856,89.3849,92.1113,12.9689
27.2799,13.0816,13.0013,0.080378,0.34,3.82903,47,3,0,3856,89.3849,92.1113,12.9689
27.2884,0.707599,0,0.707599,0.34,3.82903,30,1,0,3857,89.4179,92.1436,12.9679
27.2922,0.108577,0,0.108577,0.32,3.60379,20,0,0,3857,89.4179,92.1436,12.9679
27.3127,0.450257,0,0.450257,0.32,3.60379,30,1,0,3858,89.4194,92.1444,12.9669
27.3165,0.175622,0,0.175622,0.3,3.37856,30,1,0,3859,89.4125,92.1368,12.9659
27.3378,0.360544,0,0.360544,0.3,3.37856,20,0,0,3860,89.4148,92.1383,12.9649
27.342,0.439163,0,0.439163,0.28,3.15332,30,1,0,3861,89.4274,92.1502,12.9639
27.3625,0.193335,0,0.193335,0.28,3.15332,20,0,0,3862,89.4223,92.1445,12.963
27.3649,0.130068,0,0.130068,0.26,2.92808,30,1,0,3863,89.4178,92.1393,12.962
27.3864,0.568486,0,0.568486,0.26,2.92808,30,1,0,3864,89.4343,92.155,12.961
27.3899,0.315732,0,0.315732,0.24,2.70285,30,1,0,3865,89.4404,92.1604,12.96
27.4105,0.711571,0,0.711571,0.24,2.70285,30,1,0,3866,89.463,92.1824,12.959
27.4154,0.546633,0,0.546633,0.22,2.47761,30,1,0,3867,89.473,92.1916,12.958
27.4365,0.709583,0,0.709583,0.22,2.47761,30,1,0,3868,89.507,92.2249,12.9571
27.4391,0.350149,0,0.350149,0.2,2.25237,30,1,0,3869,89.5327,92.2499,12.9561
27.4603,0.497312,0,0.497312,0.2,2.25237,30,1,0,3870,89.5519,92.2685,12.9551
27.4628,0.106759,0,0.106759,0.18,2.02713,20,0,0,3871,89.542,92.2578,12.9541
27.4833,0.371666,0,0.371666,0.18,2.02713,20,0,0,3872,89.5449,92.2601,12.9531
27.4878,0.424623,0,0.424623,0.16,1.8019,30,1,0,3873,89.5745,92.2889,12.9522
27.5076,0.50282,0,0.50282,0.16,1.8019,30,1,0,3874,89.5883,92.302,12.9512
27.5105,0.275806,0,0.275806,0.14,1.57666,30,1,0,3875,89.6008,92.3138,12.9502
27.5317,0.37008,0,0.37008,0.14,1.57666,30,1,0,3876,89.6143,92.3266,12.9492
27.5344,0.255309,0,0.255309,0.12,1.35142,30,1,0,3877,89.6296,92.3412,12.9482
27.5554,0.285357,0,0.285357,0.12,1.35142,30,1,0,3878,89.63,92.3409,12.9473
27.5581,0.306743,0,0.306743,0.1,1.12619,30,1,0,3879,89.6566,92.3668,12.9463
27.5782,0.004858,0,0.004858,0.1,1.12619,20,0,0,3879,89.6566,92.3668,12.9463
27.5862,0.004072,0,0.004072,0.08,0.900948,20,0,0,3879,89.6566,92.3668,12.9463
27.605,0.372981,0,0.372981,0.08,0.900948,30,1,0,3880,89.6745,92.384,12.9453
27.6076,0.255916,0,0.255916,0.06,0.675711,20,0,0,3881,89.6815,92.3904,12.9443
27.6291,0.713298,0,0.713298,0.06,0.675711,30,1,0,3882,89.7123,92.4204,12.9434
