elapsed_s,total_latency_ms,update_ms,plan_ms,time_to_goal,path_cost,obstacle_checks,queue_operations,collision_count,tree_size,avg_deg_out,avg_deg_in,radius
0.404317,403.164,396.023,7.14025,25,154.613,43353,469,0,533,13.9644,13.9644,40
0.417425,4.78072,0,4.78072,24.98,155.465,759,0,0,534,13.9981,13.9981,40
0.437136,3.47451,0,3.47451,24.98,155.465,610,0,0,535,14.0187,14.0187,40
0.454712,9.13532,0,9.13532,24.96,155.309,1147,1,0,537,14.0968,14.0968,40
0.470723,3.78596,0,3.78596,24.96,155.309,798,2,0,538,14.158,14.158,40
0.484633,5.37468,0,5.37468,24.94,155.153,732,0,0,538,14.158,14.158,40
0.501541,0.531898,0,0.531898,24.94,155.153,520,0,0,538,14.158,14.158,40
0.51038,0.209374,0,0.209374,24.92,154.997,529,0,0,538,14.158,14.158,40
0.549656,17.9139,0,17.9139,24.92,154.997,1738,3,0,541,14.3752,14.3752,40
0.564339,5.6608,0,5.6608,24.9,154.84,829,0,0,544,14.3511,14.3511,40
0.580824,1.09726,0,1.09726,24.9,154.84,663,1,0,545,14.3486,14.3486,40
0.594532,4.95918,0,4.95918,24.88,154.683,958,0,0,547,14.3931,14.3931,40
0.613286,2.64365,0,2.64365,24.88,154.683,595,0,0,547,14.3931,14.3931,40
0.630919,8.68522,0,8.68522,24.86,154.526,871,0,0,549,14.4171,14.4171,40
0.666244,22.9426,0,22.9426,24.86,154.526,2152,0,0,551,14.7223,14.7223,40
0.676252,0.728339,0,0.728339,24.84,154.368,597,0,0,552,14.7029,14.7029,40
0.701099,3.81126,0,3.81126,24.84,154.368,747,0,0,553,14.7107,14.7107,40
0.72413,14.0514,0,14.0514,24.82,154.21,1533,6,0,556,14.8147,14.8147,40
0.737918,3.98525,0,3.98525,24.8,154.052,609,0,0,556,14.8147,14.8147,40
0.767207,12.3421,0,12.3421,24.8,154.052,1524,0,0,558,14.9875,14.9875,40
0.776857,0.398692,0,0.398692,24.78,153.892,564,0,0,558,14.9875,14.9875,40
0.800506,3.19753,0,3.19753,24.78,153.892,708,0,0,560,14.9714,14.9714,40
0.810378,0.824434,0,0.824434,24.76,153.733,628,0,0,560,14.9714,14.9714,40
0.839428,8.83579,0,8.83579,24.76,153.733,1239,0,0,562,15.048,15.048,40
0.85277,4.41605,0,4.41605,24.74,153.572,829,0,0,563,15.0675,15.0675,40
0.870783,1.28153,0,1.28153,24.74,153.572,657,0,0,564,15.0461,15.0461,40
0.880103,0.261377,0,0.261377,24.72,153.411,578,0,0,564,15.0461,15.0461,40
0.901421,0.54986,0,0.54986,24.72,153.411,589,0,0,565,15.0212,15.0212,40
0.917054,6.69958,0,6.69958,24.7,153.25,906,0,0,565,15.0212,15.0212,40
0.9366,4.95217,0,4.95217,24.7,153.25,780,1,0,566,15.0707,15.0707,40
0.946576,0.298006,0,0.298006,24.68,153.087,590,0,0,566,15.0707,15.0707,40
0.970166,3.0654,0,3.0654,24.68,153.087,869,7,0,569,15.0527,15.0527,40
0.986787,15.4838,0,15.4838,24.66,152.923,1099,2,0,570,15.2228,15.2228,40
0.997786,5.63783,0,5.63783,24.66,152.923,271,0,0,571,15.2382,15.2382,40
0.999247,0.269449,0,0.269449,24.64,152.759,47,0,0,571,15.2382,15.2382,40
1.02238,2.46556,0,2.46556,24.64,152.759,138,0,0,572,15.2273,15.2273,40
1.0253,1.69768,0,1.69768,24.62,152.594,62,0,0,572,15.2273,15.2273,40
1.0477,3.60291,0,3.60291,24.62,152.594,85,0,0,573,15.2059,15.2059,40
1.05051,1.5694,0,1.5694,24.6,152.427,170,1,0,575,15.1913,15.1913,40
1.07535,5.45011,0,5.45011,24.6,152.427,200,0,0,577,15.1646,15.1646,40
1.07754,0.546859,0,0.546859,24.58,152.26,50,0,0,577,15.1646,15.1646,40
1.10364,5.92436,0,5.92436,24.58,152.26,150,0,0,577,15.1646,15.1646,40
1.106,0.403394,0,0.403394,24.56,152.091,51,0,0,577,15.1646,15.1646,40
1.12705,1.12044,0,1.12044,24.56,152.091,117,0,0,578,15.154,15.154,40
1.12873,0.356799,0,0.356799,24.54,151.922,51,0,0,578,15.154,15.154,40
1.14973,0.655333,0,0.655333,24.54,151.922,56,0,0,578,15.154,15.154,40
1.16652,15.3376,0,15.3376,24.52,151.751,1123,0,0,581,15.2668,15.2668,40
1.17694,5.59486,0,5.59486,24.52,151.751,436,0,0,583,15.295,15.295,40
1.18898,10.6742,0,10.6742,24.5,151.579,719,0,0,586,15.3532,15.3532,40
1.20295,3.80874,0,3.80874,24.5,151.579,206,1,0,587,15.3526,15.3526,40
1.2097,4.93251,0,4.93251,24.48,151.406,201,0,0,587,15.3526,15.3526,40
1.22923,4.06742,0,4.06742,24.48,151.406,183,0,0,588,15.3503,15.3503,40
1.23601,5.60193,0,5.60193,24.46,151.231,240,0,0,588,15.3503,15.3503,40
1.25111,0.314582,0,0.314582,24.46,151.231,51,0,0,588,15.3503,15.3503,40
1.25483,2.36886,0,2.36886,24.44,151.055,143,0,0,588,15.3503,15.3503,40
1.28035,7.12613,0,7.12613,24.44,151.055,413,0,0,590,15.3746,15.3746,40
1.2897,7.92668,0,7.92668,24.42,150.878,931,0,0,592,15.5405,15.5405,40
1.30285,0.411489,0,0.411489,24.42,150.878,51,0,0,592,15.5405,15.5405,40
1.32771,23.1806,0,23.1806,24.4,150.699,1407,4,0,595,15.7496,15.7496,40
1.33273,3.54046,0,3.54046,24.38,150.519,110,0,0,595,15.7496,15.7496,40
1.35792,8.10234,0,8.10234,24.38,150.519,454,0,0,597,15.7605,15.7605,40
1.36163,2.31456,0,2.31456,24.36,150.337,184,0,0,598,15.7609,15.7609,40
1.38275,2.8195,0,2.8195,24.36,150.337,187,0,0,599,15.7696,15.7696,40
1.39,5.5622,0,5.5622,24.34,150.154,573,1,0,600,15.85,15.85,40
1.42381,18.5945,0,18.5945,24.34,150.154,1536,1,0,602,16.0698,16.0698,40
1.4316,5.98826,0,5.98826,24.32,149.969,204,0,0,604,16.043,16.043,40
1.45109,4.90822,0,4.90822,24.32,149.969,399,0,0,606,16.0611,16.0611,40
1.45475,2.1553,0,2.1553,24.3,149.783,280,0,0,608,16.0773,16.0773,40
1.47454,1.20007,0,1.20007,24.3,149.783,75,0,0,608,16.0773,16.0773,40
1.47625,0.189903,0,0.189903,24.28,149.595,75,0,0,608,16.0773,16.0773,40
1.50455,7.47481,0,7.47481,24.28,149.595,758,6,0,610,16.1656,16.1656,40
1.50757,1.52805,0,1.52805,24.26,149.406,75,0,0,610,16.1656,16.1656,40
1.52974,2.60561,0,2.60561,24.26,149.406,194,0,0,612,16.1405,16.1405,40
1.5316,0.199964,0,0.199964,24.24,149.214,79,0,0,612,16.1405,16.1405,40
1.55386,0.995866,0,0.995866,24.24,149.214,89,0,0,613,16.1158,16.1158,40
1.55874,3.35266,0,3.35266,24.22,149.021,159,0,0,615,16.0927,16.0927,40
1.5873,11.6897,0,11.6897,24.22,149.021,356,0,0,617,16.1118,16.1118,40
1.59634,7.24347,0,7.24347,24.2,148.827,588,0,0,618,16.1926,16.1926,40
1.61442,5.36853,0,5.36853,24.2,148.827,446,1,0,620,16.2548,16.2548,40
1.62412,8.55455,0,8.55455,24.18,148.63,433,2,0,621,16.343,16.343,40
1.63816,2.27399,0,2.27399,24.18,148.63,40,0,0,621,16.343,16.343,40
1.6397,0.621429,0,0.621429,24.16,148.432,20,0,0,621,16.343,16.343,40
1.66597,6.24897,0,6.24897,24.16,148.432,241,0,0,624,16.3061,16.3061,40
1.66734,0.567759,0,0.567759,24.14,148.232,20,0,0,624,16.3061,16.3061,40
1.69622,8.7832,0,8.7832,24.14,148.232,778,1,0,627,16.3828,16.3828,40
1.69823,1.24396,0,1.24396,24.12,148.03,63,0,0,628,16.3631,16.3631,40
1.72531,7.69041,0,7.69041,24.12,148.03,90,0,0,630,16.3222,16.3222,40
1.73533,9.14281,0,9.14281,24.1,147.827,859,1,0,633,16.3965,16.3965,40
1.76276,15.9702,0,15.9702,24.1,147.827,552,0,0,635,16.4441,16.4441,40
1.77415,10.2061,0,10.2061,24.08,147.621,728,0,0,636,16.555,16.555,40
1.79117,6.76371,0,6.76371,24.08,147.621,180,0,0,638,16.5282,16.5282,40
1.79405,2.11431,0,2.11431,24.06,147.414,50,0,0,639,16.507,16.507,40
1.8163,3.81429,0,3.81429,24.06,147.414,170,0,0,640,16.5047,16.5047,40
1.81878,1.6464,0,1.6464,24.04,147.204,34,0,0,641,16.4836,16.4836,40
1.83838,0.792542,0,0.792542,24.04,147.204,20,0,0,641,16.4836,16.4836,40
1.84015,0.611547,0,0.611547,24.02,146.993,20,0,0,641,16.4836,16.4836,40
1.87447,14.3253,0,14.3253,24.02,146.993,646,1,0,643,16.5428,16.5428,40
1.88457,8.53568,0,8.53568,24,146.779,547,0,0,644,16.5885,16.5885,40
1.89797,1.84262,0,1.84262,24,146.779,124,0,0,645,16.6031,16.6031,40
1.9001,1.12602,0,1.12602,23.98,146.564,22,0,0,645,16.6031,16.6031,40
1.91993,0.274011,0,0.274011,23.98,146.564,20,0,0,645,16.6031,16.6031,40
1.92891,7.88355,0,7.88355,23.96,146.346,788,3,0,647,16.677,16.677,40
1.94717,5.47986,0,5.47986,23.96,146.346,284,0,0,648,16.733,16.733,40
1.955,6.37166,0,6.37166,23.94,146.128,242,0,0,649,16.7565,16.7565,40
1.98483,15.9665,0,15.9665,23.94,146.128,931,0,0,651,16.8495,16.8495,40
1.9935,7.66976,0,7.66976,23.92,145.91,239,0,0,652,16.8298,16.8298,40
2.01169,5.51684,0,5.51684,23.92,145.91,342,2,0,653,16.8499,16.8499,40
2.01318,0.557224,0,0.557224,23.9,145.69,20,0,0,653,16.8499,16.8499,40
2.03945,6.44447,0,6.44447,23.9,145.69,212,0,0,655,16.8534,16.8534,40
2.04079,0.2841,0,0.2841,23.88,145.471,20,0,0,655,16.8534,16.8534,40
2.0645,3.64792,0,3.64792,23.88,145.471,201,0,0,656,16.8659,16.8659,40
2.07003,4.0201,0,4.0201,23.86,145.25,208,0,0,658,16.8693,16.8693,40
2.09292,6.34907,0,6.34907,23.86,145.25,43,0,0,659,16.8483,16.8483,40
2.10131,6.87544,0,6.87544,23.84,145.029,182,0,0,660,16.8485,16.8485,40
2.1164,1.61478,0,1.61478,23.84,145.029,20,0,0,660,16.8485,16.8485,40
2.12105,3.75854,0,3.75854,23.82,144.807,286,0,0,661,16.8487,16.8487,40
2.139,1.21431,0,1.21431,23.82,144.807,20,0,0,661,16.8487,16.8487,40
2.14422,3.64146,0,3.64146,23.8,144.585,233,0,0,663,16.8311,16.8311,40
2.17033,9.36072,0,9.36072,23.8,144.585,260,0,0,665,16.8226,16.8226,40
2.18771,16.2224,0,16.2224,23.78,144.362,1094,0,0,669,16.9013,16.9013,40
2.19801,6.30551,0,6.30551,23.78,144.362,326,0,0,670,16.9299,16.9299,40
2.19969,0.455969,0,0.455969,23.76,144.155,20,0,0,670,16.9299,16.9299,40
2.22231,2.44445,0,2.44445,23.76,144.155,138,0,0,671,16.918,16.918,40
2.23664,13.3433,0,13.3433,23.74,143.952,550,0,0,674,16.9214,16.9214,40
2.24542,1.51033,0,1.51033,23.74,143.952,65,0,0,674,16.9214,16.9214,40
2.24804,1.23522,0,1.23522,23.72,143.748,34,0,0,675,16.8993,16.8993,40
2.26813,0.997076,0,0.997076,23.72,143.748,20,0,0,675,16.8993,16.8993,40
2.27618,7.00195,0,7.00195,23.7,143.553,662,3,0,679,16.9102,16.9102,40
2.29076,1.02334,0,1.02334,23.7,143.553,21,0,0,679,16.9102,16.9102,40
2.2989,6.59467,0,6.59467,23.68,143.374,424,0,0,682,16.9296,16.9296,40
2.31363,0.859367,0,0.859367,23.68,143.374,32,0,0,683,16.9063,16.9063,40
2.31605,1.37401,0,1.37401,23.66,143.195,111,0,0,683,16.9063,16.9063,40
2.33864,3.52671,0,3.52671,23.66,143.195,323,0,0,684,16.9313,16.9313,40
2.34585,5.95464,0,5.95464,23.64,143.016,291,0,0,685,16.946,16.946,40
2.36108,0.853247,0,0.853247,23.64,143.016,53,0,0,685,16.946,16.946,40
2.37121,8.43354,0,8.43354,23.62,142.837,101,0,0,686,16.9329,16.9329,40
2.38528,2.13244,0,2.13244,23.62,142.837,91,0,0,686,16.9329,16.9329,40
2.38756,0.568745,0,0.568745,23.6,142.658,21,0,0,686,16.9329,16.9329,40
2.40785,0.491097,0,0.491097,23.6,142.658,23,0,0,686,16.9329,16.9329,40
2.40922,0.260352,0,0.260352,23.58,142.479,26,0,0,686,16.9329,16.9329,40
2.43199,2.65529,0,2.65529,23.58,142.479,157,0,0,687,16.936,16.936,40
2.4372,4.09125,0,4.09125,23.56,142.3,128,0,0,688,16.923,16.923,40
2.46858,14.522,0,14.522,23.56,142.3,710,1,0,689,17.0029,17.0029,40
2.46981,0.215028,0,0.215028,23.54,142.121,21,0,0,689,17.0029,17.0029,40
2.49079,0.810832,0,0.810832,23.54,142.121,31,0,0,689,17.0029,17.0029,40
2.49353,1.01088,0,1.01088,23.52,141.941,27,0,0,689,17.0029,17.0029,40
2.52502,12.1148,0,12.1148,23.52,141.941,230,0,0,691,16.9884,16.9884,40
2.54211,16.1046,0,16.1046,23.5,141.762,1028,9,0,694,17.072,17.072,40
2.5562,9.65927,0,9.65927,23.5,141.762,521,1,0,696,17.1049,17.1049,40
2.56257,5.08983,0,5.08983,23.48,141.583,269,0,0,697,17.0933,17.0933,40
2.58241,4.52013,0,4.52013,23.48,141.583,248,0,0,698,17.1117,17.1117,40
2.58394,0.364723,0,0.364723,23.46,141.404,22,0,0,698,17.1117,17.1117,40
2.60706,2.84405,0,2.84405,23.46,141.404,48,0,0,699,17.093,17.093,40
2.61157,3.68423,0,3.68423,23.44,141.225,242,0,0,700,17.1,17.1,40
2.63083,2.47976,0,2.47976,23.44,141.225,171,0,0,702,17.0883,17.0883,40
2.63209,0.1148,0,0.1148,23.42,141.046,22,0,0,702,17.0883,17.0883,40
2.65617,3.28583,0,3.28583,23.42,141.046,83,0,0,703,17.0711,17.0711,40
2.66026,3.07232,0,3.07232,23.4,140.867,172,0,0,704,17.0682,17.0682,40
2.68983,11.7504,0,11.7504,23.4,140.867,547,0,0,706,17.102,17.102,40
2.70501,13.4952,0,13.4952,23.38,140.688,502,0,0,708,17.1568,17.1568,40
2.71278,0.930189,0,0.930189,23.38,140.688,22,0,0,708,17.1568,17.1568,40
2.72752,13.1767,0,13.1767,23.36,140.509,592,0,0,709,17.213,17.213,40
2.73764,2.86748,0,2.86748,23.36,140.509,62,0,0,710,17.2113,17.2113,40
2.75063,11.6845,0,11.6845,23.34,140.33,580,0,0,713,17.2553,17.2553,40
2.78042,21.1771,0,21.1771,23.34,140.33,1111,6,0,715,17.3748,17.3748,40
2.78216,0.511678,0,0.511678,23.32,140.151,22,0,0,715,17.3748,17.3748,40
2.80779,5.83211,0,5.83211,23.32,140.151,233,0,0,716,17.3659,17.3659,40
2.82215,13.353,0,13.353,23.3,139.972,1169,8,0,718,17.4903,17.4903,40
2.8388,9.59816,0,9.59816,23.3,139.972,492,0,0,721,17.5021,17.5021,40
2.84033,0.345278,0,0.345278,23.28,139.793,22,0,0,721,17.5021,17.5021,40
2.86554,5.311,0,5.311,23.28,139.793,297,0,0,723,17.491,17.491,40
2.87393,7.14141,0,7.14141,23.26,139.614,439,0,0,724,17.5331,17.5331,40
2.89495,7.88999,0,7.88999,23.26,139.614,360,0,0,726,17.5358,17.5358,40
2.89709,1.02338,0,1.02338,23.24,139.435,38,0,0,727,17.5144,17.5144,40
2.92137,4.75128,0,4.75128,23.24,139.435,93,0,0,728,17.5,17.5,40
2.92513,2.73684,0,2.73684,23.22,139.256,118,0,0,729,17.4938,17.4938,40
2.94544,2.39552,0,2.39552,23.22,139.256,44,0,0,730,17.474,17.474,40
2.9564,9.41978,0,9.41978,23.2,139.077,554,0,0,732,17.5219,17.5219,40
2.98943,21.9787,0,21.9787,23.2,139.077,1494,0,0,736,17.6291,17.6291,40
2.997,6.65686,0,6.65686,23.18,138.898,140,0,0,738,17.5962,17.5962,40
3.01407,3.08446,0,3.08446,23.18,138.898,212,0,0,739,17.6292,17.6292,40
3.01684,1.63207,0,1.63207,23.16,138.719,185,0,0,740,17.6392,17.6392,40
3.04076,4.86316,0,4.86316,23.16,138.719,297,1,0,742,17.6402,17.6402,40
3.04966,7.46596,0,7.46596,23.14,138.54,447,5,0,744,17.6815,17.6815,40
3.06551,2.85022,0,2.85022,23.14,138.54,98,0,0,745,17.6685,17.6685,40
3.07268,5.77365,0,5.77365,23.12,138.361,88,0,0,747,17.6292,17.6292,40
3.09132,4.1606,0,4.1606,23.12,138.361,296,0,0,748,17.6591,17.6591,40
3.0956,2.71111,0,2.71111,23.1,138.182,114,0,0,749,17.6475,17.6475,40
3.1148,1.38812,0,1.38812,23.1,138.182,24,0,0,749,17.6475,17.6475,40
3.12459,8.37808,0,8.37808,23.08,138.003,451,0,0,751,17.6644,17.6644,40
3.16645,29.8653,0,29.8653,23.08,138.003,1915,4,0,753,17.7689,17.7689,40
3.17367,5.79841,0,5.79841,23.06,137.824,187,0,0,754,17.7467,17.7467,40
3.19153,3.66968,0,3.66968,23.06,137.824,305,2,0,755,17.7642,17.7642,40
3.20103,8.24871,0,8.24871,23.04,137.645,238,0,0,756,17.7579,17.7579,40
3.21659,3.16824,0,3.16824,23.04,137.645,79,0,0,757,17.7477,17.7477,40
3.22533,7.11899,0,7.11899,23.02,137.466,322,0,0,758,17.7639,17.7639,40
3.24005,1.36432,0,1.36432,23.02,137.466,24,0,0,758,17.7639,17.7639,40
3.24705,5.4924,0,5.4924,23,137.287,463,4,0,760,17.7908,17.7908,40
3.26244,0.663074,0,0.663074,23,137.287,24,0,0,760,17.7908,17.7908,40
3.26953,5.82791,0,5.82791,22.98,137.107,569,0,0,762,17.8294,17.8294,40
3.29948,15.6457,0,15.6457,22.98,137.107,1145,2,0,764,17.9594,17.9594,40
3.30125,0.478364,0,0.478364,22.96,136.928,24,0,0,764,17.9594,17.9594,40
3.32202,0.948227,0,0.948227,22.96,136.928,60,0,0,764,17.9594,17.9594,40
3.32758,4.23165,0,4.23165,22.94,136.749,434,0,0,765,17.9882,17.9882,40
3.34478,0.74779,0,0.74779,22.94,136.749,56,0,0,766,17.9713,17.9713,40
3.34896,2.83698,0,2.83698,22.92,136.57,25,0,0,766,17.9713,17.9713,40
3.38069,13.7364,0,13.7364,22.92,136.57,715,0,0,767,18.0378,18.0378,40
3.39118,8.95592,0,8.95592,22.9,136.391,813,0,0,769,18.1248,18.1248,40
3.41118,8.52864,0,8.52864,22.9,136.391,461,0,0,770,18.1584,18.1584,40
3.41299,0.290469,0,0.290469,22.88,136.212,25,0,0,770,18.1584,18.1584,40
3.43628,3.03193,0,3.03193,22.88,136.212,132,0,0,771,18.1505,18.1505,40
3.45511,17.5752,0,17.5752,22.86,136.033,799,0,0,772,18.228,18.228,40
3.48545,27.4629,0,27.4629,22.86,136.033,1812,2,0,774,18.4496,18.4496,40
3.49285,5.84947,0,5.84947,22.84,135.854,277,0,0,776,18.4356,18.4356,40
3.51031,3.19326,0,3.19326,22.84,135.854,131,0,0,777,18.426,18.426,40
3.52046,8.94097,0,8.94097,22.82,135.675,815,0,0,778,18.5077,18.5077,40
3.54073,8.5443,0,8.5443,22.82,135.675,324,0,0,780,18.5077,18.5077,40
3.54998,8.11952,0,8.11952,22.8,135.496,748,2,0,782,18.578,18.578,40
3.56341,1.02176,0,1.02176,22.8,135.496,25,0,0,782,18.578,18.578,40
3.56625,1.32822,0,1.32822,22.78,135.317,115,0,0,782,18.578,18.578,40
3.58888,3.54185,0,3.54185,22.78,135.317,190,0,0,783,18.5747,18.5747,40
3.59454,4.35239,0,4.35239,22.76,135.138,137,0,0,784,18.5702,18.5702,40
3.61476,3.83303,0,3.83303,22.76,135.138,245,0,0,785,18.5732,18.5732,40
3.6282,12.1552,0,12.1552,22.74,134.959,1082,0,0,787,18.6506,18.6506,40
3.63731,0.737746,0,0.737746,22.74,134.959,35,0,0,787,18.6506,18.6506,40
3.64106,2.16762,0,2.16762,22.72,134.78,107,0,0,787,18.6506,18.6506,40
3.66532,5.69911,0,5.69911,22.72,134.78,151,0,0,788,18.6434,18.6434,40
3.66877,2.12343,0,2.12343,22.7,134.601,59,0,0,788,18.6434,18.6434,40
3.70765,20.6769,0,20.6769,22.7,134.601,793,0,0,789,18.6882,18.6882,40
3.71988,10.9575,0,10.9575,22.68,134.422,620,0,0,791,18.713,18.713,40
3.72989,0.569964,0,0.569964,22.68,134.422,25,0,0,791,18.713,18.713,40
3.73907,7.68645,0,7.68645,22.66,134.243,687,2,0,792,18.803,18.803,40
3.76132,9.63103,0,9.63103,22.66,134.243,444,0,0,794,18.8161,18.8161,40
3.76515,2.2926,0,2.2926,22.64,134.064,55,0,0,795,18.7962,18.7962,40
3.79,7.02959,0,7.02959,22.64,134.064,390,0,0,797,18.8005,18.8005,40
3.79625,5.07181,0,5.07181,22.62,133.885,470,1,0,799,18.8398,18.8398,40
3.82118,9.77075,0,9.77075,22.62,133.885,396,1,0,800,18.8675,18.8675,40
3.83399,11.6102,0,11.6102,22.6,133.706,722,0,0,801,18.9463,18.9463,40
3.86405,21.384,0,21.384,22.6,133.706,1178,2,0,803,19.0511,19.0511,40
3.86873,3.42495,0,3.42495,22.58,133.527,195,0,0,804,19.0398,19.0398,40
3.90064,15.0804,0,15.0804,22.58,133.527,784,2,0,806,19.0893,19.0893,40
3.90236,0.442668,0,0.442668,22.56,133.348,39,0,0,806,19.0893,19.0893,40
3.93601,13.7134,0,13.7134,22.56,133.348,961,0,0,810,19.1235,19.1235,40
3.93785,0.781225,0,0.781225,22.54,133.169,44,0,0,811,19.1023,19.1023,40
3.96085,3.14611,0,3.14611,22.54,133.169,24,0,0,811,19.1023,19.1023,40
3.96321,1.17812,0,1.17812,22.52,132.99,24,0,0,811,19.1023,19.1023,40
3.98476,2.34701,0,2.34701,22.52,132.99,45,0,0,811,19.1023,19.1023,40
3.99033,3.73471,0,3.73471,22.5,132.811,74,1,0,812,19.0825,19.0825,40
4.00776,0.97112,0,0.97112,22.5,132.811,24,0,0,812,19.0825,19.0825,40
4.03133,21.6237,0,21.6237,22.48,132.632,826,1,0,814,19.1425,19.1425,40
4.04231,6.89719,0,6.89719,22.46,132.453,921,6,0,815,19.2123,19.2123,40
4.06131,4.88996,0,4.88996,22.46,132.453,594,0,0,816,19.2292,19.2292,40
4.0711,5.98354,0,5.98354,22.44,132.273,603,0,0,817,19.2546,19.2546,40
4.09202,5.54974,0,5.54974,22.44,132.273,723,0,0,818,19.2885,19.2885,40
4.10594,8.87723,0,8.87723,22.42,132.094,848,0,0,820,19.3146,19.3146,40
4.12351,6.18881,0,6.18881,22.42,132.094,710,3,0,823,19.3329,19.3329,40
4.142,13.7288,0,13.7288,22.4,131.915,1277,3,0,824,19.4333,19.4333,40
4.15453,5.46653,0,5.46653,22.4,131.915,510,0,0,825,19.4364,19.4364,40
4.16069,1.89594,0,1.89594,22.38,131.736,424,0,0,827,19.4111,19.4111,40
4.18046,0.528844,0,0.528844,22.38,131.736,315,0,0,827,19.4111,19.4111,40
4.19336,8.05559,0,8.05559,22.36,131.557,1028,0,0,829,19.4692,19.4692,40
4.20772,1.58048,0,1.58048,22.36,131.557,339,0,0,830,19.4506,19.4506,40
4.21271,0.524078,0,0.524078,22.34,131.378,312,0,0,830,19.4506,19.4506,40
4.25176,18.797,0,18.797,22.34,131.378,1415,15,0,832,19.5481,19.5481,40
4.26456,8.37113,0,8.37113,22.32,131.199,872,1,0,834,19.5971,19.5971,40
4.284,6.79458,0,6.79458,22.32,131.199,667,0,0,835,19.618,19.618,40
4.29166,3.07842,0,3.07842,22.3,131.02,433,0,0,835,19.618,19.618,40
4.31507,5.39708,0,5.39708,22.3,131.02,696,0,0,837,19.6225,19.6225,40
4.32883,8.72478,0,8.72478,22.28,130.841,1126,0,0,838,19.6993,19.6993,40
4.34557,4.40587,0,4.40587,22.28,130.841,562,0,0,840,19.681,19.681,40
4.35209,2.13091,0,2.13091,22.26,130.662,409,0,0,841,19.6587,19.6587,40
4.37997,8.3924,0,8.3924,22.26,130.662,1099,0,0,842,19.734,19.734,40
4.38937,4.39686,0,4.39686,22.24,130.483,506,1,0,844,19.7073,19.7073,40
4.40992,4.23306,0,4.23306,22.24,130.483,606,0,0,845,19.7148,19.7148,40
4.4152,1.01212,0,1.01212,22.22,130.304,381,0,0,846,19.6962,19.6962,40
4.44002,4.17395,0,4.17395,22.22,130.304,363,0,0,847,19.6741,19.6741,40
4.44525,0.852754,0,0.852754,22.2,130.125,370,0,0,848,19.6521,19.6521,40
4.47094,4.72554,0,4.72554,22.2,130.125,744,0,0,850,19.6553,19.6553,40
4.48655,9.8451,0,9.8451,22.18,129.946,878,1,0,852,19.6796,19.6796,40
4.49861,1.28138,0,1.28138,22.18,129.946,359,0,0,852,19.6796,19.6796,40
4.51261,9.02406,0,9.02406,22.16,129.767,1177,1,0,853,19.7667,19.7667,40
4.53635,11.4298,0,11.4298,22.16,129.767,598,0,0,856,19.729,19.729,40
4.57236,31.427,0,31.427,22.14,129.588,2910,67,0,859,19.9942,19.9942,40
4.58066,2.97681,0,2.97681,22.12,129.409,509,0,0,860,19.9907,19.9907,40
4.59948,0.663199,0,0.663199,22.12,129.409,375,0,0,861,19.9686,19.9686,40
4.60819,3.79867,0,3.79867,22.1,129.23,641,0,0,863,19.9606,19.9606,40
4.63347,8.01966,0,8.01966,22.1,129.23,906,0,0,864,19.9988,19.9988,40
4.63865,0.326939,0,0.326939,22.08,129.051,369,0,0,864,19.9988,19.9988,40
4.66304,3.30498,0,3.30498,22.08,129.051,604,0,0,865,20.0069,20.0069,40
4.67067,2.58225,0,2.58225,22.06,128.872,476,0,0,866,20.0035,20.0035,40
4.69869,9.35681,0,9.35681,22.06,128.872,1099,0,0,868,20.0495,20.0495,40
4.70474,0.81339,0,0.81339,22.04,128.693,442,0,0,869,20.0357,20.0357,40
4.7301,4.77964,0,4.77964,22.04,128.693,482,0,0,870,20.0391,20.0391,40
4.75,14.7271,0,14.7271,22.02,128.514,1514,9,0,871,20.1688,20.1688,40
4.7806,24.8664,0,24.8664,22.02,128.514,1902,10,0,872,20.3578,20.3578,40
4.8026,16.5899,0,16.5899,22,128.335,1189,0,0,873,20.4273,20.4273,40
4.81765,10.2928,0,10.2928,21.98,128.156,892,0,0,877,20.4196,20.4196,40
4.83655,7.62876,0,7.62876,21.98,128.156,980,0,0,878,20.4658,20.4658,40
4.85161,10.3532,0,10.3532,21.96,127.977,1056,9,0,879,20.5256,20.5256,40
4.86339,0.658261,0,0.658261,21.96,127.977,392,0,0,879,20.5256,20.5256,40
4.87885,10.2184,0,10.2184,21.94,127.798,1530,4,0,880,20.6545,20.6545,40
4.89683,7.45336,0,7.45336,21.94,127.798,694,0,0,881,20.6663,20.6663,40
4.90236,0.527988,0,0.527988,21.92,127.619,414,0,0,881,20.6663,20.6663,40
4.93203,8.92105,0,8.92105,21.92,127.619,1360,1,0,883,20.7508,20.7508,40
4.9378,0.569646,0,0.569646,21.9,127.439,415,0,0,883,20.7508,20.7508,40
4.96855,10.0333,0,10.0333,21.9,127.439,842,0,0,885,20.7582,20.7582,40
4.97977,10.0018,0,10.0018,21.88,127.26,851,2,0,886,20.833,20.833,40
4.99898,8.31371,0,8.31371,21.88,127.26,579,5,0,887,20.8737,20.8737,40
5.00134,1.10017,0,1.10017,21.86,127.081,64,0,0,887,20.8737,20.8737,40
5.02266,1.58128,0,1.58128,21.86,127.081,90,0,0,888,20.8547,20.8547,40
5.03799,13.8985,0,13.8985,21.84,126.902,1124,0,0,889,20.9708,20.9708,40
5.05174,7.14728,0,7.14728,21.84,126.902,226,0,0,890,20.9562,20.9562,40
5.05327,0.310214,0,0.310214,21.82,126.723,50,0,0,890,20.9562,20.9562,40
5.09315,19.7097,0,19.7097,21.82,126.723,1638,0,0,891,21.1257,21.1257,40
5.10296,8.18544,0,8.18544,21.8,126.544,771,0,0,892,21.1872,21.1872,40
5.11917,3.85566,0,3.85566,21.8,126.544,230,0,0,894,21.1689,21.1689,40
5.1255,4.88362,0,4.88362,21.78,126.365,393,0,0,896,21.1585,21.1585,40
5.15775,16.8834,0,16.8834,21.78,126.365,1657,0,0,898,21.3229,21.3229,40
5.17287,13.3564,0,13.3564,21.76,126.186,945,0,0,900,21.3778,21.3778,40
5.1811,1.00455,0,1.00455,21.76,126.186,104,0,0,901,21.3607,21.3607,40
5.18587,3.15796,0,3.15796,21.74,126.007,399,1,0,902,21.3825,21.3825,40
5.23552,32.5551,0,32.5551,21.74,126.007,2618,6,0,906,21.6325,21.6325,40
5.23759,0.281203,0,0.281203,21.72,125.828,52,0,0,906,21.6325,21.6325,40
5.25931,1.38261,0,1.38261,21.72,125.828,102,0,0,906,21.6325,21.6325,40
5.26446,3.56282,0,3.56282,21.7,125.649,61,0,0,906,21.6325,21.6325,40
5.28472,3.22619,0,3.22619,21.7,125.649,95,0,0,907,21.6141,21.6141,40
5.30874,22.5154,0,22.5154,21.68,125.47,1461,0,0,909,21.7294,21.7294,40
5.31359,3.2253,0,3.2253,21.66,125.291,368,0,0,910,21.7385,21.7385,40
5.33292,2.41772,0,2.41772,21.66,125.291,217,0,0,911,21.73,21.73,40
5.33826,3.47901,0,3.47901,21.64,125.112,131,0,0,913,21.6933,21.6933,40
5.36873,13.2227,0,13.2227,21.64,125.112,996,0,0,914,21.7856,21.7856,40
5.37251,2.17786,0,2.17786,21.62,124.933,164,0,0,914,21.7856,21.7856,40
5.39876,7.61501,0,7.61501,21.62,124.933,322,0,0,917,21.7612,21.7612,40
5.40273,2.52924,0,2.52924,21.6,124.754,126,0,0,918,21.7418,21.7418,40
5.42188,0.801555,0,0.801555,21.6,124.754,60,0,0,918,21.7418,21.7418,40
5.43217,8.32853,0,8.32853,21.58,124.575,449,0,0,921,21.7351,21.7351,40
5.4643,19.7219,0,19.7219,21.58,124.575,1267,1,0,922,21.8275,21.8275,40
5.47486,8.87672,0,8.87672,21.56,124.396,460,0,0,925,21.8022,21.8022,40
5.48968,2.86311,0,2.86311,21.56,124.396,157,0,0,925,21.8022,21.8022,40
5.49856,6.92537,0,6.92537,21.54,124.217,387,1,0,927,21.7907,21.7907,40
5.5131,0.72048,0,0.72048,21.54,124.217,61,0,0,927,21.7907,21.7907,40
5.51576,0.813676,0,0.813676,21.52,124.038,61,0,0,927,21.7907,21.7907,40
5.53686,1.4397,0,1.4397,21.52,124.038,65,0,0,927,21.7907,21.7907,40
5.54596,6.7431,0,6.7431,21.5,123.859,354,1,0,929,21.7976,21.7976,40
5.56909,9.8091,0,9.8091,21.5,123.859,441,0,0,931,21.7701,21.7701,40
5.57839,7.1938,0,7.1938,21.48,123.68,505,0,0,932,21.7961,21.7961,40
5.5942,2.91616,0,2.91616,21.48,123.68,191,1,0,934,21.7687,21.7687,40
5.61296,16.6137,0,16.6137,21.46,123.501,1227,12,0,935,21.8813,21.8813,40
5.65919,42.1188,0,42.1188,21.46,123.501,2518,0,0,938,22.0501,22.0501,40
5.66132,0.466185,0,0.466185,21.44,123.322,71,0,0,938,22.0501,22.0501,40
5.69768,16.079,0,16.079,21.44,123.322,1019,1,0,940,22.083,22.083,40
5.70449,5.2417,0,5.2417,21.42,123.143,464,0,0,942,22.0839,22.0839,40
5.75415,34.182,0,34.182,21.42,123.143,2691,1,0,944,22.321,22.321,40
5.75665,0.751366,0,0.751366,21.4,122.964,89,0,0,944,22.321,22.321,40
5.78318,6.56067,0,6.56067,21.4,122.964,101,0,0,944,22.321,22.321,40
5.80312,18.3615,0,18.3615,21.38,122.785,1483,3,0,946,22.4387,22.4387,40
5.82125,16.2169,0,16.2169,21.38,122.785,861,2,0,948,22.4842,22.4842,40
5.82435,1.55191,0,1.55191,21.36,122.605,164,0,0,949,22.4763,22.4763,40
5.85152,8.19195,0,8.19195,21.36,122.605,638,0,0,951,22.4953,22.4953,40
5.85379,0.515349,0,0.515349,21.34,122.426,116,0,0,951,22.4953,22.4953,40
5.87654,2.51987,0,2.51987,21.34,122.426,131,0,0,952,22.479,22.479,40
5.87911,0.478966,0,0.478966,21.32,122.247,75,0,0,952,22.479,22.479,40
5.92326,24.1881,0,24.1881,21.32,122.247,1919,10,0,954,22.6394,22.6394,40
5.92856,3.47943,0,3.47943,21.3,122.068,287,0,0,956,22.6224,22.6224,40
5.95586,10.0551,0,10.0551,21.3,122.068,743,2,0,960,22.6135,22.6135,40
5.96235,5.00111,0,5.00111,21.28,121.889,497,0,0,962,22.6175,22.6175,40
6.00111,22.858,0,22.858,21.28,121.889,1199,3,0,965,22.6674,22.6674,40
6.00676,3.8469,0,3.8469,21.26,121.71,376,0,0,966,22.6781,22.6781,40
6.03441,11.1463,0,11.1463,21.26,121.71,1041,9,0,968,22.7707,22.7707,40
6.04887,12.3292,0,12.3292,21.24,121.531,420,0,0,969,22.7503,22.7503,40
6.07672,19.8987,0,19.8987,21.24,121.531,1255,0,0,971,22.8352,22.8352,40
6.08697,8.46561,0,8.46561,21.22,121.352,750,0,0,974,22.8439,22.8439,40
6.11503,16.3887,0,16.3887,21.22,121.352,571,0,0,975,22.8574,22.8574,40
6.15492,38.0229,0,38.0229,21.2,121.173,2497,1,0,978,23.0532,23.0532,40
6.16622,9.49015,0,9.49015,21.18,120.994,876,1,0,980,23.0929,23.0929,40
6.18246,5.11506,0,5.11506,21.18,120.994,276,0,0,982,23.0723,23.0723,40
6.20407,19.7763,0,19.7763,21.16,120.815,1725,1,0,985,23.1827,23.1827,40
6.22134,15.3286,0,15.3286,21.14,120.636,1026,0,0,986,23.2556,23.2556,40
6.2413,15.1182,0,15.1182,21.14,120.636,1173,0,0,988,23.3239,23.3239,40
6.25865,15.3192,0,15.3192,21.12,120.457,1000,0,0,990,23.3768,23.3768,40
6.26554,1.87022,0,1.87022,21.12,120.457,96,0,0,991,23.3582,23.3582,40
6.2726,4.98639,0,4.98639,21.1,120.278,128,0,0,992,23.3387,23.3387,40
6.2917,3.69259,0,3.69259,21.1,120.278,372,0,0,993,23.3484,23.3484,40
6.31525,21.3149,0,21.3149,21.08,120.099,2108,5,0,995,23.396,23.396,40
6.32119,4.05647,0,4.05647,21.06,119.92,501,0,0,996,23.4217,23.4217,40
6.33868,0.742395,0,0.742395,21.06,119.92,88,0,0,996,23.4217,23.4217,40
6.34249,1.95303,0,1.95303,21.04,119.741,230,1,0,997,23.4223,23.4223,40
6.36651,5.28139,0,5.28139,21.04,119.741,92,0,0,998,23.3998,23.3998,40
6.37364,5.29868,0,5.29868,21.02,119.562,279,1,0,999,23.3824,23.3824,40
6.3907,2.2442,0,2.2442,21.02,119.562,138,0,0,1000,23.363,23.363,40
6.40419,11.3299,0,11.3299,21,119.383,871,0,0,1002,23.3942,23.3942,40
6.41448,0.664552,0,0.664552,21,119.383,107,0,0,1002,23.3942,23.3942,40
6.41931,2.68096,0,2.68096,20.98,119.204,196,0,0,1003,23.3799,23.3799,40
6.44683,9.18324,0,9.18324,20.98,119.204,348,1,0,1005,23.3582,23.3582,40
6.46108,12.2943,0,12.2943,20.96,119.025,953,0,0,1006,23.4235,23.4235,40
6.48911,19.6837,0,19.6837,20.96,119.025,1554,13,0,1008,23.5714,23.5714,40
6.49508,3.80406,0,3.80406,20.94,118.846,155,0,0,1009,23.55,23.55,40
6.51915,6.86593,0,6.86593,20.94,118.846,674,2,0,1012,23.5494,23.5494,40
6.52227,0.677219,0,0.677219,20.92,118.667,145,0,0,1012,23.5494,23.5494,40
6.56354,21.0195,0,21.0195,20.92,118.667,1467,14,0,1013,23.6821,23.6821,40
6.57086,4.88532,0,4.88532,20.9,118.488,483,0,0,1014,23.6972,23.6972,40
6.59599,9.61786,0,9.61786,20.9,118.488,181,0,0,1014,23.6972,23.6972,40
6.59934,0.974449,0,0.974449,20.88,118.309,152,0,0,1014,23.6972,23.6972,40
6.62313,4.41597,0,4.41597,20.88,118.309,267,0,0,1017,23.65,23.65,40
6.62696,1.63352,0,1.63352,20.86,118.13,181,0,0,1018,23.6316,23.6316,40
6.64772,1.30666,0,1.30666,20.86,118.13,162,0,0,1019,23.6094,23.6094,40
6.65089,0.672869,0,0.672869,20.84,117.951,152,0,0,1019,23.6094,23.6094,40
6.67835,6.9487,0,6.9487,20.84,117.951,418,0,0,1019,23.6094,23.6094,40
6.6871,6.2376,0,6.2376,20.82,117.771,509,0,0,1021,23.6024,23.6024,40
6.70274,0.823618,0,0.823618,20.82,117.771,152,0,0,1021,23.6024,23.6024,40
6.71892,12.9076,0,12.9076,20.8,117.592,684,0,0,1023,23.609,23.609,40
6.73044,4.21035,0,4.21035,20.8,117.592,455,3,0,1024,23.627,23.627,40
6.74622,13.1116,0,13.1116,20.78,117.413,552,4,0,1026,23.6287,23.6287,40
6.76026,6.72228,0,6.72228,20.78,117.413,382,0,0,1028,23.5973,23.5973,40
6.76414,1.45553,0,1.45553,20.76,117.234,160,0,0,1028,23.5973,23.5973,40
6.79319,10.0786,0,10.0786,20.76,117.234,837,2,0,1030,23.6495,23.6495,40
6.79772,1.72482,0,1.72482,20.74,117.055,159,0,0,1030,23.6495,23.6495,40
6.8205,4.08618,0,4.08618,20.74,117.055,399,0,0,1031,23.6586,23.6586,40
6.83422,11.0416,0,11.0416,20.72,116.876,437,0,0,1032,23.6667,23.6667,40
6.86053,16.5219,0,16.5219,20.72,116.876,776,0,0,1035,23.6609,23.6609,40
6.87026,7.33269,0,7.33269,20.7,116.697,239,0,0,1036,23.64,23.64,40
6.88873,5.26286,0,5.26286,20.7,116.697,464,1,0,1037,23.6471,23.6471,40
6.89298,1.58699,0,1.58699,20.68,116.518,228,0,0,1037,23.6471,23.6471,40
6.91678,4.94549,0,4.94549,20.68,116.518,371,1,0,1039,23.6237,23.6237,40
6.94784,28.8145,0,28.8145,20.66,116.339,2153,10,0,1041,23.8012,23.8012,40
6.95557,5.35698,0,5.35698,20.64,116.16,701,0,0,1043,23.8188,23.8188,40
6.9724,1.5263,0,1.5263,20.64,116.16,234,0,0,1043,23.8188,23.8188,40
6.97729,2.54206,0,2.54206,20.62,115.981,378,0,0,1044,23.8324,23.8324,40
7.00134,5.93657,0,5.93657,20.62,115.981,282,0,0,1044,23.8324,23.8324,40
7.01228,8.52446,0,8.52446,20.6,115.802,274,0,0,1045,23.8153,23.8153,40
7.05343,28.8694,0,28.8694,20.6,115.802,2415,0,0,1047,23.9952,23.9952,40
7.07812,22.5682,0,22.5682,20.58,115.623,2433,0,0,1049,24.183,24.183,40
7.0812,0.403535,0,0.403535,20.56,115.444,149,0,0,1049,24.183,24.183,40
7.10303,1.45192,0,1.45192,20.56,115.444,149,0,0,1049,24.183,24.183,40
7.10619,0.846835,0,0.846835,20.54,115.265,163,0,0,1050,24.161,24.161,40
7.12829,2.25871,0,2.25871,20.54,115.265,204,0,0,1050,24.161,24.161,40
7.14428,13.4685,0,13.4685,20.52,115.086,1195,0,0,1052,24.2224,24.2224,40
7.1578,6.32167,0,6.32167,20.52,115.086,428,0,0,1054,24.2192,24.2192,40
7.17628,15.634,0,15.634,20.5,114.907,1560,1,0,1058,24.2836,24.2836,40
7.19372,12.5397,0,12.5397,20.5,114.907,1001,1,0,1059,24.3399,24.3399,40
7.1972,0.559529,0,0.559529,20.48,114.728,163,0,0,1059,24.3399,24.3399,40
7.22596,8.2143,0,8.2143,20.48,114.728,814,0,0,1062,24.3522,24.3522,40
7.23558,6.7722,0,6.7722,20.46,114.549,495,1,0,1063,24.3603,24.3603,40
7.25046,1.11929,0,1.11929,20.46,114.549,163,0,0,1063,24.3603,24.3603,40
7.25968,6.44553,0,6.44553,20.44,114.37,605,2,0,1064,24.3882,24.3882,40
7.31292,38.8962,0,38.8962,20.44,114.37,2739,6,0,1067,24.5773,24.5773,40
7.31875,2.85966,0,2.85966,20.42,114.191,263,0,0,1067,24.5773,24.5773,40
7.35718,21.0137,0,21.0137,20.42,114.191,1295,16,0,1069,24.6436,24.6436,40
7.36129,1.62119,0,1.62119,20.4,114.012,211,0,0,1069,24.6436,24.6436,40
7.39952,19.701,0,19.701,20.4,114.012,1670,2,0,1071,24.7516,24.7516,40
7.40697,4.78794,0,4.78794,20.38,113.833,214,0,0,1072,24.7323,24.7323,40
7.43467,11.6156,0,11.6156,20.38,113.833,867,0,0,1073,24.7446,24.7446,40
7.43734,0.522746,0,0.522746,20.36,113.654,167,0,0,1074,24.7225,24.7225,40
7.4617,3.75539,0,3.75539,20.36,113.654,187,0,0,1075,24.7005,24.7005,40
7.48023,16.0194,0,16.0194,20.34,113.475,823,1,0,1077,24.7177,24.7177,40
7.49787,13.1372,0,13.1372,20.34,113.475,821,0,0,1080,24.7259,24.7259,40
7.50115,0.764128,0,0.764128,20.32,113.296,164,0,0,1080,24.7259,24.7259,40
7.52475,3.41019,0,3.41019,20.32,113.296,434,0,0,1081,24.7299,24.7299,40
7.53289,5.62173,0,5.62173,20.3,113.117,407,0,0,1081,24.7299,24.7299,40
7.55634,8.27992,0,8.27992,20.3,113.117,644,4,0,1083,24.7415,24.7415,40
7.56635,7.54034,0,7.54034,20.28,112.937,658,2,0,1086,24.7201,24.7201,40
7.59196,12.4551,0,12.4551,20.28,112.937,1044,0,0,1087,24.7792,24.7792,40
7.62485,30.2612,0,30.2612,20.26,112.758,2308,1,0,1089,24.9412,24.9412,40
7.62953,2.15476,0,2.15476,20.24,112.579,225,0,0,1090,24.9266,24.9266,40
7.65781,9.77967,0,9.77967,20.24,112.579,969,1,0,1092,24.9615,24.9615,40
7.67068,10.4193,0,10.4193,20.22,112.4,757,0,0,1092,24.9615,24.9615,40
7.68625,5.32317,0,5.32317,20.22,112.4,399,0,0,1093,24.9753,24.9753,40
7.70291,14.0754,0,14.0754,20.2,112.221,497,0,0,1094,24.9534,24.9534,40
7.71286,3.46014,0,3.46014,20.2,112.221,409,0,0,1095,24.9763,24.9763,40
7.71617,0.510374,0,0.510374,20.18,112.042,185,0,0,1095,24.9763,24.9763,40
7.73762,0.755238,0,0.755238,20.18,112.042,199,0,0,1095,24.9763,24.9763,40
7.74554,5.19167,0,5.19167,20.16,111.863,275,0,0,1096,24.9617,24.9617,40
7.7633,2.01676,0,2.01676,20.16,111.863,254,0,0,1097,24.9453,24.9453,40
7.76771,1.25541,0,1.25541,20.14,111.684,193,0,0,1097,24.9453,24.9453,40
7.79481,7.49113,0,7.49113,20.14,111.684,803,1,0,1099,24.9773,24.9773,40
7.80859,10.5603,0,10.5603,20.12,111.505,1022,4,0,1101,25.0154,25.0154,40
7.82363,4.90233,0,4.90233,20.12,111.505,371,0,0,1102,25.0036,25.0036,40
7.82709,0.376519,0,0.376519,20.1,111.326,185,0,0,1102,25.0036,25.0036,40
7.84886,1.42953,0,1.42953,20.1,111.326,199,0,0,1102,25.0036,25.0036,40
7.85557,3.61075,0,3.61075,20.08,111.147,292,0,0,1103,24.9882,24.9882,40
7.89263,20.2298,0,20.2298,20.08,111.147,569,0,0,1105,24.9792,24.9792,40
7.89736,1.50358,0,1.50358,20.06,110.968,231,0,0,1105,24.9792,24.9792,40
7.9233,6.89473,0,6.89473,20.06,110.968,735,0,0,1106,25.0127,25.0127,40
7.94016,13.6833,0,13.6833,20.04,110.789,1539,0,0,1107,25.1111,25.1111,40
7.95519,8.07091,0,8.07091,20.04,110.789,460,0,0,1108,25.1128,25.1128,40
7.9671,8.54613,0,8.54613,20.02,110.61,894,1,0,1109,25.174,25.174,40
7.98111,2.42051,0,2.42051,20.02,110.61,239,0,0,1109,25.174,25.174,40
8.003,18.9153,0,18.9153,20,110.431,842,0,0,1112,25.2059,25.2059,40
8.01182,6.30162,0,6.30162,19.98,110.252,430,0,0,1114,25.1876,25.1876,40
8.04707,20.7754,0,20.7754,19.98,110.252,1723,0,0,1116,25.328,25.328,40
8.05043,0.52039,0,0.52039,19.96,110.073,196,0,0,1116,25.328,25.328,40
8.07646,6.19107,0,6.19107,19.96,110.073,689,0,0,1118,25.3399,25.3399,40
8.08162,2.35368,0,2.35368,19.94,109.894,401,0,0,1119,25.336,25.336,40
8.1052,4.79755,0,4.79755,19.94,109.894,479,0,0,1121,25.3238,25.3238,40
8.10837,0.490553,0,0.490553,19.92,109.715,199,0,0,1121,25.3238,25.3238,40
8.13212,3.00989,0,3.00989,19.92,109.715,491,3,0,1122,25.3298,25.3298,40
8.15266,17.8536,0,17.8536,19.9,109.536,1976,14,0,1124,25.4831,25.4831,40
8.16686,10.8647,0,10.8647,19.88,109.357,757,0,0,1125,25.5138,25.5138,40
8.18899,12.6474,0,12.6474,19.88,109.357,579,0,0,1129,25.4694,25.4694,40
8.19246,0.805195,0,0.805195,19.86,109.178,230,0,0,1130,25.4531,25.4531,40
8.21815,5.70073,0,5.70073,19.86,109.178,508,1,0,1132,25.439,25.439,40
8.22222,1.20677,0,1.20677,19.84,108.999,273,0,0,1133,25.4334,25.4334,40
8.24264,0.991152,0,0.991152,19.84,108.999,196,0,0,1133,25.4334,25.4334,40
8.26585,19.5011,0,19.5011,19.82,108.82,1384,0,0,1135,25.5119,25.5119,40
8.27464,6.31286,0,6.31286,19.8,108.641,396,0,0,1137,25.4864,25.4864,40
8.29988,10.6053,0,10.6053,19.8,108.641,862,3,0,1139,25.5101,25.5101,40
8.3121,9.56323,0,9.56323,19.78,108.462,598,0,0,1141,25.5013,25.5013,40
8.33102,7.41929,0,7.41929,19.78,108.462,550,2,0,1142,25.5096,25.5096,40
8.34559,11.9729,0,11.9729,19.76,108.283,1060,0,0,1144,25.5411,25.5411,40
8.3886,33.8974,0,33.8974,19.76,108.283,2863,1,0,1147,25.7184,25.7184,40
8.40914,17.6881,0,17.6881,19.74,108.103,1573,1,0,1149,25.8103,25.8103,40
8.41471,2.02738,0,2.02738,19.72,107.924,366,0,0,1150,25.8017,25.8017,40
8.45465,22.2519,0,22.2519,19.72,107.924,1336,0,0,1152,25.855,25.855,40
8.46405,6.52142,0,6.52142,19.7,107.745,692,0,0,1153,25.902,25.902,40
8.49941,20.8873,0,20.8873,19.7,107.745,1837,6,0,1155,26.0121,26.0121,40
8.50876,5.82791,0,5.82791,19.68,107.566,616,0,0,1157,26.0061,26.0061,40
8.53069,7.01696,0,7.01696,19.68,107.566,510,0,0,1158,26.0423,26.0423,40
8.55123,16.8329,0,16.8329,19.66,107.387,1405,0,0,1159,26.1225,26.1225,40
8.57885,24.5552,0,24.5552,19.66,107.387,1564,0,0,1160,26.2164,26.2164,40
8.58438,2.52811,0,2.52811,19.64,107.208,256,0,0,1161,26.1964,26.1964,40
8.60813,5.90633,0,5.90633,19.64,107.208,521,0,0,1162,26.1997,26.1997,40
8.61584,4.36703,0,4.36703,19.62,107.029,480,0,0,1164,26.1916,26.1916,40
8.65806,25.8373,0,25.8373,19.62,107.029,1816,2,0,1168,26.244,26.244,40
8.6624,0.404215,0,0.404215,19.6,106.85,226,0,0,1168,26.244,26.244,40
8.68273,0.53929,0,0.53929,19.6,106.85,226,0,0,1168,26.244,26.244,40
8.6936,7.9342,0,7.9342,19.58,106.671,575,0,0,1170,26.2248,26.2248,40
8.71245,5.75031,0,5.75031,19.58,106.671,542,0,0,1173,26.1876,26.1876,40
8.72395,8.18276,0,8.18276,19.56,106.492,477,2,0,1175,26.1702,26.1702,40
8.74496,8.43967,0,8.43967,19.56,106.492,902,0,0,1177,26.1869,26.1869,40
8.75019,1.55612,0,1.55612,19.54,106.313,320,0,0,1178,26.1808,26.1808,40
8.76971,0.613032,0,0.613032,19.54,106.313,246,1,0,1179,26.1603,26.1603,40
8.78189,8.43368,0,8.43368,19.52,106.134,879,3,0,1181,26.1998,26.1998,40
8.79781,4.04011,0,4.04011,19.52,106.134,453,0,0,1182,26.2039,26.2039,40
8.82697,25.396,0,25.396,19.5,105.955,1334,0,0,1184,26.3066,26.3066,40
8.86061,29.4273,0,29.4273,19.48,105.776,1910,0,0,1186,26.4165,26.4165,40
8.87944,15.5371,0,15.5371,19.46,105.597,1127,1,0,1187,26.4591,26.4591,40
8.88754,3.38492,0,3.38492,19.46,105.597,290,0,0,1188,26.4419,26.4419,40
8.89187,0.967592,0,0.967592,19.44,105.418,230,0,0,1188,26.4419,26.4419,40
8.92055,8.34451,0,8.34451,19.44,105.418,778,0,0,1190,26.4471,26.4471,40
8.93576,12.0466,0,12.0466,19.42,105.239,1046,0,0,1192,26.4732,26.4732,40
8.94611,1.31457,0,1.31457,19.42,105.239,259,0,0,1193,26.4543,26.4543,40
8.96321,13.6698,0,13.6698,19.4,105.06,1300,1,0,1195,26.5038,26.5038,40
8.97261,2.50299,0,2.50299,19.4,105.06,378,0,0,1196,26.4983,26.4983,40
9.02718,51.372,0,51.372,19.38,104.881,3416,3,0,1199,26.7223,26.7223,40
9.03107,0.649323,0,0.649323,19.36,104.702,234,0,0,1199,26.7223,26.7223,40
9.05889,7.72328,0,7.72328,19.36,104.702,764,0,0,1200,26.7475,26.7475,40
9.07439,12.4337,0,12.4337,19.34,104.523,1278,0,0,1201,26.8118,26.8118,40
9.10603,23.0774,0,23.0774,19.34,104.523,1418,1,0,1203,26.8778,26.8778,40
9.13343,23.4528,0,23.4528,19.32,104.344,1812,0,0,1205,26.9627,26.9627,40
9.15768,21.0107,0,21.0107,19.3,104.165,2454,19,0,1208,27.1084,27.1084,40
9.1885,27.3358,0,27.3358,19.28,103.986,2996,1,0,1212,27.2673,27.2673,40
9.19522,3.00513,0,3.00513,19.26,103.807,281,0,0,1212,27.2673,27.2673,40
9.22073,7.56179,0,7.56179,19.26,103.807,938,0,0,1214,27.2916,27.2916,40
9.22503,0.68926,0,0.68926,19.24,103.628,288,0,0,1214,27.2916,27.2916,40
9.25012,4.61236,0,4.61236,19.24,103.628,717,0,0,1216,27.2895,27.2895,40
9.25405,0.573431,0,0.573431,19.22,103.449,288,0,0,1216,27.2895,27.2895,40
9.28674,12.0784,0,12.0784,19.22,103.449,1260,0,0,1217,27.355,27.355,40
9.30143,11.3659,0,11.3659,19.2,103.269,774,0,0,1218,27.399,27.399,40
9.31161,0.31649,0,0.31649,19.2,103.269,298,0,0,1218,27.399,27.399,40
9.31938,4.03161,0,4.03161,19.18,103.09,475,0,0,1219,27.3913,27.3913,40
9.34504,9.07007,0,9.07007,19.18,103.09,980,0,0,1220,27.4238,27.4238,40
9.3512,2.49198,0,2.49198,19.16,102.911,471,1,0,1222,27.4051,27.4051,40
9.38104,11.306,0,11.306,19.16,102.911,889,0,0,1224,27.4248,27.4248,40
9.38506,0.397271,0,0.397271,19.14,102.732,324,0,0,1224,27.4248,27.4248,40
9.41213,6.18028,0,6.18028,19.14,102.732,428,0,0,1224,27.4248,27.4248,40
9.43068,14.3652,0,14.3652,19.12,102.553,737,0,0,1226,27.4127,27.4127,40
9.44288,5.1707,0,5.1707,19.12,102.553,612,0,0,1228,27.3958,27.3958,40
9.47012,23.1991,0,23.1991,19.1,102.374,1564,0,0,1230,27.4496,27.4496,40
9.47508,0.918939,0,0.918939,19.08,102.195,345,0,0,1230,27.4496,27.4496,40
9.49677,2.26344,0,2.26344,19.08,102.195,523,1,0,1231,27.4452,27.4452,40
9.505,3.59971,0,3.59971,19.06,102.016,626,0,0,1232,27.4464,27.4464,40
9.52465,2.5312,0,2.5312,19.06,102.016,456,0,0,1233,27.4347,27.4347,40
9.53118,1.88131,0,1.88131,19.04,101.837,426,0,0,1234,27.4198,27.4198,40
9.57599,25.7631,0,25.7631,19.04,101.837,1992,5,0,1238,27.5105,27.5105,40
9.59375,13.2422,0,13.2422,19.02,101.658,1510,0,0,1239,27.5513,27.5513,40
9.62202,20.9481,0,20.9481,19.02,101.658,1957,0,0,1241,27.6414,27.6414,40
9.62945,2.67017,0,2.67017,19,101.479,414,0,0,1242,27.624,27.624,40
9.6571,9.42684,0,9.42684,19,101.479,886,4,0,1243,27.6549,27.6549,40
9.67917,17.2121,0,17.2121,18.98,101.3,1440,0,0,1246,27.6742,27.6742,40
9.69318,9.23598,0,9.23598,18.96,101.121,977,0,0,1250,27.6456,27.6456,40
9.72573,21.1864,0,21.1864,18.96,101.121,1352,0,0,1251,27.6739,27.6739,40
9.73967,9.77284,0,9.77284,18.94,100.942,460,0,0,1252,27.6581,27.6581,40
9.763,12.0596,0,12.0596,18.94,100.942,830,0,0,1253,27.6704,27.6704,40
9.78018,12.9476,0,12.9476,18.92,100.763,605,0,0,1253,27.6704,27.6704,40
9.80539,17.451,0,17.451,18.92,100.763,1382,2,0,1255,27.7235,27.7235,40
9.81385,3.93109,0,3.93109,18.9,100.584,606,0,0,1257,27.7216,27.7216,40
9.84427,13.9314,0,13.9314,18.9,100.584,996,0,0,1259,27.7252,27.7252,40
10.5049,655.543,640.65,14.8931,18.88,100.405,76713,540,0,1260,27.7944,27.7944,40
10.5222,14.9759,0,14.9759,18.86,111.932,507,390,0,1262,27.7916,27.7916,40
10.5364,7.96874,0,7.96874,18.86,101.361,179,0,0,1263,27.7743,27.7743,40
10.5599,21.5164,0,21.5164,18.84,101.145,1627,2,0,1265,27.8593,27.8593,40
10.5641,1.44987,0,1.44987,18.82,100.931,194,0,0,1265,27.8593,27.8593,40
10.5841,0.866539,0,0.866539,18.82,100.931,105,0,0,1265,27.8593,27.8593,40
10.5929,6.32974,0,6.32974,18.8,100.719,551,0,0,1266,27.8444,27.8444,40
10.6218,14.0871,0,14.0871,18.8,100.719,1061,0,0,1268,27.8825,27.8825,40
10.6365,11.6578,0,11.6578,18.78,100.509,807,1,0,1269,27.9243,27.9243,40
10.6534,8.71035,0,8.71035,18.78,100.509,793,7,0,1272,27.9245,27.9245,40
10.6649,8.68451,0,8.68451,18.76,100.302,700,2,0,1275,27.9333,27.9333,40
10.6816,5.38157,0,5.38157,18.76,100.302,225,0,0,1275,27.9333,27.9333,40
10.7043,20.2086,0,20.2086,18.74,100.096,1773,0,0,1277,28.0266,28.0266,40
10.7195,12.232,0,12.232,18.72,99.8925,1141,0,0,1278,28.0861,28.0861,40
10.7339,5.95847,0,5.95847,18.72,99.8925,658,0,0,1280,28.0898,28.0898,40
10.7431,6.45515,0,6.45515,18.7,99.6911,561,0,0,1283,28.0717,28.0717,40
10.7673,9.59422,0,9.59422,18.7,99.6911,539,1,0,1285,28.0693,28.0693,40
10.7981,28.192,0,28.192,18.68,99.4918,2378,0,0,1287,28.202,28.202,40
10.808,7.00373,0,7.00373,18.66,99.2948,371,0,0,1288,28.198,28.198,40
10.8326,10.7381,0,10.7381,18.66,99.2948,325,0,0,1289,28.1908,28.1908,40
10.8445,9.19689,0,9.19689,18.64,99.0999,709,3,0,1291,28.2301,28.2301,40
10.8668,10.3091,0,10.3091,18.64,99.0999,806,0,0,1293,28.2421,28.2421,40
10.873,3.09347,0,3.09347,18.62,98.907,215,0,0,1294,28.2318,28.2318,40
10.8924,1.69504,0,1.69504,18.62,98.907,150,0,0,1294,28.2318,28.2318,40
10.904,8.87576,0,8.87576,18.6,98.716,210,0,0,1295,28.2154,28.2154,40
10.9199,3.91125,0,3.91125,18.6,98.716,405,2,0,1296,28.2253,28.2253,40
10.9234,0.472911,0,0.472911,18.58,98.527,146,0,0,1296,28.2253,28.2253,40
10.9461,2.54359,0,2.54359,18.58,98.527,237,0,0,1299,28.1686,28.1686,40
10.9551,6.22844,0,6.22844,18.56,98.3399,706,1,0,1300,28.2031,28.2031,40
10.9768,7.03753,0,7.03753,18.56,98.3399,448,0,0,1301,28.186,28.186,40
10.9824,2.89511,0,2.89511,18.54,98.1547,396,0,0,1303,28.1788,28.1788,40
11.0184,17.9337,0,17.9337,18.54,98.1547,1309,0,0,1306,28.2121,28.2121,40
11.3967,375.37,372.024,3.34667,18.52,97.9715,50972,935,0,1307,28.1936,28.1936,40
11.4056,5.74627,0,5.74627,18.5,97.7901,586,0,0,1308,28.2156,28.2156,40
11.44,19.4931,0,19.4931,18.5,97.7901,1174,1,0,1310,28.3069,28.3069,40
11.4468,4.60569,0,4.60569,18.48,97.6105,71,0,0,1310,28.3069,28.3069,40
11.4706,7.41129,0,7.41129,18.48,97.6105,497,1,0,1312,28.2995,28.2995,40
11.4805,7.71829,0,7.71829,18.46,97.4331,807,16,0,1314,28.3402,28.3402,40
11.5046,10.7701,0,10.7701,18.46,97.4331,451,0,0,1316,28.3313,28.3313,40
11.5075,0.83757,0,0.83757,18.44,97.2568,65,0,0,1316,28.3313,28.3313,40
11.531,3.28128,0,3.28128,18.44,97.2568,188,0,0,1317,28.3204,28.3204,40
11.5439,10.7089,0,10.7089,18.42,97.0811,1216,11,0,1318,28.3953,28.3953,40
11.5641,9.83255,0,9.83255,18.42,97.0811,783,1,0,1319,28.4321,28.4321,40
11.5763,10.2574,0,10.2574,18.4,96.906,888,5,0,1321,28.461,28.461,40
11.6141,26.9965,0,26.9965,18.4,96.906,1520,4,0,1324,28.5211,28.5211,40
11.6173,0.752903,0,0.752903,18.38,96.7313,75,0,0,1324,28.5211,28.5211,40
11.6451,8.62598,0,8.62598,18.38,96.7313,281,0,0,1325,28.5147,28.5147,40
11.6744,27.042,0,27.042,18.36,96.5572,1739,6,0,1329,28.5779,28.5779,40
11.6863,9.36808,0,9.36808,18.34,96.3835,522,0,0,1331,28.5687,28.5687,40
11.7127,15.4242,0,15.4242,18.34,96.3835,1138,10,0,1332,28.6261,28.6261,40
11.7286,13.2088,0,13.2088,18.32,96.2102,415,0,0,1335,28.6157,28.6157,40
11.7522,16.4943,0,16.4943,18.32,96.2102,793,0,0,1337,28.6298,28.6298,40
11.7637,9.2572,0,9.2572,18.3,96.0374,508,0,0,1339,28.6229,28.6229,40
11.7772,2.35967,0,2.35967,18.3,96.0374,75,0,0,1339,28.6229,28.6229,40
11.7904,10.5769,0,10.5769,18.28,95.865,520,0,0,1340,28.7104,28.7104,40
11.8048,4.65902,0,4.65902,18.28,95.865,297,0,0,1341,28.7569,28.7569,40
11.8211,13.7869,0,13.7869,18.26,95.7163,509,0,0,1343,28.7468,28.7468,40
11.8371,9.12083,0,9.12083,18.26,95.7163,535,0,0,1345,28.745,28.745,40
11.8479,8.31078,0,8.31078,18.24,95.5814,612,0,0,1347,28.7483,28.7483,40
11.8612,1.06582,0,1.06582,18.24,95.5814,75,0,0,1347,28.7483,28.7483,40
11.8725,8.62452,0,8.62452,18.22,95.4474,135,0,0,1348,28.7315,28.7315,40
11.8866,1.70038,0,1.70038,18.22,95.4474,87,0,0,1348,28.7315,28.7315,40
11.9126,23.5628,0,23.5628,18.2,95.3138,1920,11,0,1350,28.8844,28.8844,40
11.9257,10.6269,0,10.6269,18.18,95.1807,845,0,0,1351,28.9378,28.9378,40
11.9441,8.67605,0,8.67605,18.18,95.1807,898,0,0,1353,28.9608,28.9608,40
11.9503,3.45791,0,3.45791,18.16,95.048,217,0,0,1354,28.9498,28.9498,40
12.0021,34.8343,0,34.8343,18.16,95.048,2269,2,0,1357,29.0965,29.0965,40
12.0144,9.97585,0,9.97585,18.14,94.9156,280,5,0,1359,29.0714,29.0714,40
12.0269,1.65939,0,1.65939,18.14,94.9156,85,0,0,1359,29.0714,29.0714,40
12.1897,160.307,155.49,4.81641,18.12,94.7836,22880,80,0,1361,29.0544,29.0544,40
12.2197,26.6527,0,26.6527,18.1,94.6519,1335,1,0,1366,29.1398,29.1398,40
12.2237,1.32336,0,1.32336,18.08,94.5205,85,0,0,1367,29.1192,29.1192,40
12.2558,12.7995,0,12.7995,18.08,94.5205,1118,3,0,1369,29.1556,29.1556,40
12.2642,6.04994,0,6.04994,18.06,94.3895,752,5,0,1371,29.1656,29.1656,40
12.2797,0.954235,0,0.954235,18.06,94.3895,75,0,0,1371,29.1656,29.1656,40
12.2838,1.70342,0,1.70342,18.04,94.2747,89,0,0,1371,29.1656,29.1656,40
12.3106,7.79628,0,7.79628,18.04,94.2747,393,0,0,1372,29.1961,29.1961,40
12.3274,14.0964,0,14.0964,18.02,94.1907,836,1,0,1374,29.2802,29.2802,40
12.3363,2.56435,0,2.56435,18.02,94.1907,183,0,0,1374,29.2802,29.2802,40
12.3497,10.6708,0,10.6708,18,94.1067,643,0,0,1375,29.3687,29.3687,40
12.3715,12.1245,0,12.1245,18,94.1067,781,0,0,1377,29.3776,29.3776,40
12.3852,10.7763,0,10.7763,17.98,94.0228,1022,1,0,1378,29.4325,29.4325,40
12.4094,14.8499,0,14.8499,17.98,94.0228,551,0,0,1379,29.4482,29.4482,40
12.4131,1.1936,0,1.1936,17.96,93.9388,95,0,0,1379,29.4482,29.4482,40
12.4363,3.91761,0,3.91761,17.96,93.9388,75,0,0,1379,29.4482,29.4482,40
12.4408,1.44863,0,1.44863,17.94,93.8549,75,0,0,1379,29.4482,29.4482,40
12.4622,2.72436,0,2.72436,17.94,93.8549,210,0,0,1379,29.4482,29.4482,40
12.4792,14.6014,0,14.6014,17.92,93.7709,1240,1,0,1382,29.5065,29.5065,40
12.4869,1.12778,0,1.12778,17.92,93.7709,85,0,0,1382,29.5065,29.5065,40
12.4969,7.33358,0,7.33358,17.9,93.6869,252,3,0,1384,29.4812,29.4812,40
12.5249,14.3201,0,14.3201,17.9,93.6869,1354,0,0,1387,29.553,29.553,40
12.541,13.5385,0,13.5385,17.88,93.603,597,0,0,1388,29.5562,29.5562,40
12.56,11.3737,0,11.3737,17.88,93.603,914,5,0,1391,29.5996,29.5996,40
12.5646,2.10767,0,2.10767,17.86,93.519,143,0,0,1392,29.5819,29.5819,40
12.5847,1.21084,0,1.21084,17.86,93.519,122,0,0,1392,29.5819,29.5819,40
12.5899,2.72832,0,2.72832,17.84,93.435,99,0,0,1392,29.5819,29.5819,40
12.6217,13.3875,0,13.3875,17.84,93.435,1595,0,0,1394,29.6657,29.6657,40
12.6288,4.6039,0,4.6039,17.82,93.3511,95,0,0,1394,29.6657,29.6657,40
12.6635,18.1783,0,18.1783,17.82,93.3511,1028,0,0,1395,29.7713,29.7713,40
12.674,7.56495,0,7.56495,17.8,93.2671,870,0,0,1397,29.7867,29.7867,40
12.6949,8.02226,0,8.02226,17.8,93.2671,453,0,0,1398,29.7876,29.7876,40
12.7068,9.01788,0,9.01788,17.78,93.1831,252,0,0,1400,29.7593,29.7593,40
12.7199,1.10318,0,1.10318,17.78,93.1831,126,0,0,1400,29.7593,29.7593,40
12.7376,14.8338,0,14.8338,17.76,93.0992,659,5,0,1404,29.7244,29.7244,40
12.7713,27.4747,0,27.4747,17.76,93.0992,1951,0,0,1405,29.8484,29.8484,40
12.7879,13.7631,0,13.7631,17.74,93.0152,535,0,0,1407,29.8422,29.8422,40
12.8281,33.3985,0,33.3985,17.74,93.0152,1868,39,0,1409,29.9333,29.9333,40
12.8338,3.06933,0,3.06933,17.72,92.9312,376,0,0,1410,29.922,29.922,40
12.8524,1.03824,0,1.03824,17.72,92.9312,115,0,0,1410,29.922,29.922,40
12.8587,3.37948,0,3.37948,17.7,92.8473,233,0,0,1412,29.8909,29.8909,40
12.8991,22.8112,0,22.8112,17.7,92.8473,1320,0,0,1415,29.9442,29.9442,40
12.9378,36.1438,0,36.1438,17.68,92.7633,2920,0,0,1418,30.0938,30.0938,40
13.4152,474.664,460.478,14.1859,17.66,92.6793,59110,765,0,1421,30.0915,30.0915,40
13.4206,2.6404,0,2.6404,17.64,92.5954,115,0,0,1422,30.0724,30.0724,40
13.4431,4.43775,0,4.43775,17.64,92.5954,197,0,0,1423,30.0583,30.0583,40
13.4585,12.5297,0,12.5297,17.62,92.5114,740,0,0,1425,30.0905,30.0905,40
13.472,4.99547,0,4.99547,17.62,92.5114,468,0,0,1426,30.1052,30.1052,40
13.4814,6.92796,0,6.92796,17.6,92.4274,342,0,0,1428,30.0924,30.0924,40
13.5058,10.1348,0,10.1348,17.6,92.4274,342,0,0,1430,30.0853,30.0853,40
13.5132,5.21162,0,5.21162,17.58,92.3435,584,0,0,1431,30.1062,30.1062,40
13.5582,29.067,0,29.067,17.58,92.3435,2106,7,0,1434,30.2573,30.2573,40
13.5631,1.83155,0,1.83155,17.56,92.2595,207,0,0,1434,30.2573,30.2573,40
13.5853,3.64023,0,3.64023,17.56,92.2595,331,0,0,1435,30.2557,30.2557,40
13.591,2.90571,0,2.90571,17.54,92.1755,396,0,0,1436,30.2444,30.2444,40
13.6321,22.9285,0,22.9285,17.54,92.1755,1820,0,0,1438,30.3255,30.3255,40
13.6539,18.7895,0,18.7895,17.52,92.0916,1112,1,0,1441,30.356,30.356,40
13.6768,19.9379,0,19.9379,17.5,92.0076,1559,0,0,1442,30.4515,30.4515,40
13.6852,6.08591,0,6.08591,17.48,91.9236,215,0,0,1443,30.4359,30.4359,40
13.7099,9.59151,0,9.59151,17.48,91.9236,153,0,0,1444,30.4349,30.4349,40
13.7351,23.0728,0,23.0728,17.46,91.8397,2210,3,0,1447,30.5632,30.5632,40
13.7622,24.2659,0,24.2659,17.44,91.7557,1718,1,0,1451,30.6947,30.6947,40
13.7792,14.1854,0,14.1854,17.42,91.6717,654,0,0,1455,30.6804,30.6804,40
13.7861,0.782717,0,0.782717,17.42,91.6717,125,0,0,1455,30.6804,30.6804,40
13.8028,13.492,0,13.492,17.4,91.5878,670,2,0,1457,30.676,30.676,40
13.825,15.2458,0,15.2458,17.4,91.5878,826,0,0,1458,30.6975,30.6975,40
13.8339,6.14988,0,6.14988,17.38,91.5038,389,1,0,1460,30.6795,30.6795,40
13.8667,17.669,0,17.669,17.38,91.5038,1209,10,0,1461,30.8056,30.8056,40
13.8728,3.37585,0,3.37585,17.36,91.4199,301,0,0,1463,30.7779,30.7779,40
13.9215,31.2738,0,31.2738,17.36,91.4199,1844,2,0,1466,30.8936,30.8936,40
13.9406,16.2827,0,16.2827,17.34,91.3359,931,9,0,1468,30.9257,30.9257,40
13.9503,5.66163,0,5.66163,17.34,91.3359,270,0,0,1469,30.9142,30.9142,40
13.9534,0.816085,0,0.816085,17.32,91.2519,135,0,0,1469,30.9142,30.9142,40
13.9944,20.8142,0,20.8142,17.32,91.2519,798,5,0,1473,30.8893,30.8893,40
14.0412,44.1178,0,44.1178,17.3,91.168,2137,12,0,1476,31.0014,31.0014,40
14.045,0.795116,0,0.795116,17.28,91.084,149,0,0,1476,31.0014,31.0014,40
14.0667,1.44312,0,1.44312,17.28,91.084,140,0,0,1476,31.0014,31.0014,40
14.0763,6.40221,0,6.40221,17.26,91,208,0,0,1478,30.9648,30.9648,40
14.093,2.30941,0,2.30941,17.26,91,350,3,0,1479,30.9601,30.9601,40
14.0966,0.795605,0,0.795605,17.24,90.9161,140,0,0,1479,30.9601,30.9601,40
14.1239,7.20146,0,7.20146,17.24,90.9161,846,9,0,1480,30.9926,30.9926,40
14.1339,6.66235,0,6.66235,17.22,90.8321,341,0,0,1482,30.9636,30.9636,40
14.1608,13.2297,0,13.2297,17.22,90.8321,298,0,0,1482,30.9636,30.9636,40
14.1705,6.23113,0,6.23113,17.2,90.7481,170,0,0,1483,30.9467,30.9467,40
14.1965,12.0232,0,12.0232,17.2,90.7481,669,0,0,1485,30.9576,30.9576,40
14.2261,25.9974,0,25.9974,17.18,90.6642,1720,0,0,1486,31.0599,31.0599,40
14.2417,11.9486,0,11.9486,17.16,90.5802,623,2,0,1488,31.0591,31.0591,40
14.2618,11.7891,0,11.7891,17.16,90.5802,798,6,0,1490,31.0678,31.0678,40
15.0834,818.057,813.537,4.51925,17.14,90.4962,114758,484,0,1491,31.0892,31.0892,40
15.0891,2.26341,0,2.26341,17.12,92.1808,151,1,0,1492,31.0724,31.0724,40
15.1218,14.686,0,14.686,17.12,92.1808,823,0,0,1494,31.1151,31.1151,40
15.1285,3.4177,0,3.4177,17.1,92.0048,366,0,0,1495,31.1137,31.1137,40
15.1519,6.59573,0,6.59573,17.1,92.0048,421,0,0,1496,31.109,31.109,40
15.1798,25.4206,0,25.4206,17.08,91.8288,2121,12,0,1498,31.235,31.235,40
15.1916,9.31085,0,9.31085,17.06,91.6527,882,0,0,1499,31.2535,31.2535,40
15.2057,3.11545,0,3.11545,17.06,91.6527,138,0,0,1499,31.2535,31.2535,40
15.2155,6.97698,0,6.97698,17.04,91.4766,551,0,0,1500,31.2693,31.2693,40
15.2472,18.3434,0,18.3434,17.04,91.4766,1167,0,0,1502,31.3076,31.3076,40
15.2543,4.44736,0,4.44736,17.02,91.3004,446,0,0,1502,31.3076,31.3076,40
15.3017,31.6829,0,31.6829,17.02,91.3004,1856,11,0,1503,31.4578,31.4578,40
15.315,10.7525,0,10.7525,17,91.1241,554,3,0,1505,31.4565,31.4565,40
15.3327,7.7097,0,7.7097,17,91.1241,943,27,0,1506,31.5206,31.5206,40
15.3527,17.4218,0,17.4218,16.98,90.9477,237,2,0,1507,31.507,31.507,40
15.3745,18.918,0,18.918,16.98,90.9477,893,12,0,1508,31.5603,31.5603,40
15.3796,2.41103,0,2.41103,16.96,90.7711,237,0,0,1509,31.5487,31.5487,40
15.4324,35.23,0,35.23,16.96,90.7711,2480,0,0,1511,31.6837,31.6837,40
15.4485,13.532,0,13.532,16.94,90.6011,1552,0,0,1513,31.7521,31.7521,40
15.4782,22.4579,0,22.4579,16.94,90.6011,2372,1,0,1517,31.8306,31.8306,40
15.486,4.56095,0,4.56095,16.92,90.4459,264,0,0,1518,31.8149,31.8149,40
15.5034,1.656,0,1.656,16.92,90.4459,195,0,0,1518,31.8149,31.8149,40
15.5085,2.00639,0,2.00639,16.9,90.2899,233,0,0,1519,31.8038,31.8038,40
15.5429,16.0531,0,16.0531,16.9,90.2899,746,12,0,1521,31.8028,31.8028,40
15.5559,9.8802,0,9.8802,16.88,90.1331,272,2,0,1523,31.7741,31.7741,40
15.5708,4.54192,0,4.54192,16.88,90.1331,167,1,0,1524,31.7566,31.7566,40
15.5775,3.34421,0,3.34421,16.86,89.9755,533,6,0,1525,31.7685,31.7685,40
15.5984,4.10885,0,4.10885,16.86,89.9755,522,0,0,1526,31.7772,31.7772,40
15.6114,10.2866,0,10.2866,16.84,89.8171,328,0,0,1529,31.7312,31.7312,40
15.6338,11.5622,0,11.5622,16.84,89.8171,553,1,0,1531,31.725,31.725,40
15.6576,20.5638,0,20.5638,16.82,89.6576,1660,0,0,1535,31.7863,31.7863,40
15.6642,4.34737,0,4.34737,16.8,89.4973,294,0,0,1536,31.776,31.776,40
15.694,12.9885,0,12.9885,16.8,89.4973,440,0,0,1537,31.7794,31.7794,40
15.7033,7.11328,0,7.11328,16.78,89.3359,316,0,0,1538,31.7789,31.7789,40
15.7233,5.78309,0,5.78309,16.78,89.3359,675,0,0,1540,31.7779,31.7779,40
15.7366,10.6519,0,10.6519,16.76,89.1736,925,0,0,1542,31.7886,31.7886,40
15.7529,5.66175,0,5.66175,16.76,89.1736,176,1,0,1543,31.7706,31.7706,40
15.7763,21.094,0,21.094,16.74,89.0103,1702,0,0,1545,31.8337,31.8337,40
15.7843,5.31043,0,5.31043,16.72,88.8459,710,0,0,1546,31.8629,31.8629,40
15.8014,2.07093,0,2.07093,16.72,88.8459,160,0,0,1546,31.8629,31.8629,40
15.8257,21.2149,0,21.2149,16.7,88.6805,1448,2,0,1548,31.927,31.927,40
15.8329,4.50966,0,4.50966,16.68,88.5141,202,0,0,1549,31.9135,31.9135,40
15.8536,4.05666,0,4.05666,16.68,88.5141,434,7,0,1551,31.8943,31.8943,40
15.8743,18.0494,0,18.0494,16.66,88.3467,1624,3,0,1554,31.971,31.971,40
15.8844,7.0215,0,7.0215,16.64,88.1782,305,0,0,1554,31.971,31.971,40
15.9073,9.49578,0,9.49578,16.64,88.1782,309,0,0,1555,31.9653,31.9653,40
15.9445,34.5158,0,34.5158,16.62,88.0086,2253,4,0,1557,32.1034,32.1034,40
15.9583,11.0718,0,11.0718,16.6,87.8378,1321,1,0,1559,32.1565,32.1565,40
15.9757,7.75967,0,7.75967,16.6,87.8378,158,0,0,1560,32.1385,32.1385,40
15.9854,7.53381,0,7.53381,16.58,87.6659,262,2,0,1561,32.1268,32.1268,40
16.0199,21.3159,0,21.3159,16.58,87.6659,820,0,0,1563,32.1376,32.1376,40
16.0445,21.3692,0,21.3692,16.56,87.4928,1251,9,0,1565,32.246,32.246,40
16.0696,22.5099,0,22.5099,16.54,87.3186,1427,9,0,1568,32.2755,32.2755,40
16.2494,176.416,164.642,11.7742,16.52,87.1431,24174,54,0,1569,32.2658,32.2658,40
16.2553,2.45492,0,2.45492,16.5,86.9665,190,0,0,1569,32.2658,32.2658,40
16.2802,6.60165,0,6.60165,16.5,86.9665,647,0,0,1570,32.3032,32.3032,40
16.2975,14.317,0,14.317,16.48,86.7886,1096,4,0,1573,32.3083,32.3083,40
16.3149,10.5559,0,10.5559,16.48,86.7886,160,0,0,1574,32.2884,32.2884,40
16.329,11.5546,0,11.5546,16.46,86.6098,1340,0,0,1576,32.3376,32.3376,40
16.3528,14.338,0,14.338,16.46,86.6098,1713,0,0,1577,32.4559,32.4559,40
16.3629,7.05663,0,7.05663,16.44,86.4306,380,0,0,1579,32.4262,32.4262,40
16.3818,4.8272,0,4.8272,16.44,86.4306,394,0,0,1582,32.3818,32.3818,40
16.4038,18.9852,0,18.9852,16.42,86.251,1083,2,0,1584,32.4104,32.4104,40
16.4164,8.9428,0,8.9428,16.4,86.071,1056,1,0,1586,32.4306,32.4306,40
16.4552,27.3921,0,27.3921,16.4,86.071,1621,1,0,1589,32.4695,32.4695,40
16.4597,1.60537,0,1.60537,16.38,85.8906,246,0,0,1589,32.4695,32.4695,40
16.4862,7.3357,0,7.3357,16.38,85.8906,797,0,0,1590,32.4736,32.4736,40
16.4961,6.74059,0,6.74059,16.36,85.7097,930,0,0,1591,32.5286,32.5286,40
16.5125,2.10313,0,2.10313,16.36,85.7097,272,0,0,1592,32.517,32.517,40
16.5217,6.24402,0,6.24402,16.34,85.5284,158,0,0,1593,32.4972,32.4972,40
16.5417,5.0174,0,5.0174,16.34,85.5284,446,0,0,1594,32.4962,32.4962,40
16.5601,15.7054,0,15.7054,16.32,85.3467,1248,9,0,1596,32.5388,32.5388,40
16.583,17.6459,0,17.6459,16.32,85.3467,734,7,0,1597,32.5755,32.5755,40
16.6038,18.2262,0,18.2262,16.3,85.1644,796,0,0,1599,32.5972,32.5972,40
16.6135,6.47534,0,6.47534,16.28,84.9907,528,0,0,1600,32.6044,32.6044,40
16.6327,5.09415,0,5.09415,16.28,84.9907,587,7,0,1601,32.6296,32.6296,40
16.6364,0.640305,0,0.640305,16.26,84.8371,160,0,0,1601,32.6296,32.6296,40
16.665,8.39224,0,8.39224,16.26,84.8371,243,0,0,1601,32.6296,32.6296,40
16.679,10.6233,0,10.6233,16.24,84.6836,929,1,0,1602,32.7453,32.7453,40
16.6998,10.983,0,10.983,16.24,84.6836,721,0,0,1603,32.7842,32.7842,40
16.7161,12.9205,0,12.9205,16.22,84.53,1180,13,0,1606,32.8151,32.8151,40
16.7458,22.7357,0,22.7357,16.22,84.53,1189,0,0,1609,32.821,32.821,40
16.7591,10.2114,0,10.2114,16.2,84.3764,841,0,0,1610,32.8478,32.8478,40
16.7734,3.62356,0,3.62356,16.2,84.3764,435,0,0,1611,32.8479,32.8479,40
16.7815,5.26447,0,5.26447,16.18,84.2229,508,0,0,1612,32.8803,32.8803,40
16.8293,31.7337,0,31.7337,16.18,84.2229,2073,2,0,1615,32.9777,32.9777,40
16.844,11.4619,0,11.4619,16.16,84.0693,966,1,0,1616,33.0483,33.0483,40
16.8731,20.7661,0,20.7661,16.16,84.0693,1878,9,0,1618,33.1292,33.1292,40
16.8908,13.8356,0,13.8356,16.14,83.9157,1088,0,0,1619,33.1736,33.1736,40
16.9072,9.67591,0,9.67591,16.14,83.9157,532,1,0,1621,33.1567,33.1567,40
16.9199,9.85094,0,9.85094,16.12,83.7622,687,0,0,1623,33.1818,33.1818,40
16.9365,5.18215,0,5.18215,16.12,83.7622,478,0,0,1625,33.1729,33.1729,40
16.9529,13.3906,0,13.3906,16.1,83.6086,663,0,0,1626,33.1697,33.1697,40
16.9762,15.5341,0,15.5341,16.1,83.6086,1284,0,0,1628,33.2138,33.2138,40
16.9802,1.12102,0,1.12102,16.08,83.455,174,0,0,1628,33.2138,33.2138,40
17.0198,19.6713,0,19.6713,16.08,83.455,1213,0,0,1630,33.2417,33.2417,40
17.0345,11.5124,0,11.5124,16.06,83.3015,671,0,0,1633,33.2137,33.2137,40
17.0469,3.70243,0,3.70243,16.06,83.3015,498,1,0,1634,33.213,33.213,40
17.0513,1.13673,0,1.13673,16.04,83.1479,214,0,0,1634,33.213,33.213,40
17.0727,1.28453,0,1.28453,16.04,83.1479,184,0,0,1634,33.213,33.213,40
17.0985,22.4533,0,22.4533,16.02,82.9943,1976,0,0,1636,33.3081,33.3081,40
17.1204,18.7092,0,18.7092,16,82.8408,2188,0,0,1639,33.3844,33.3844,40
17.1335,9.50482,0,9.50482,15.98,82.6872,1343,4,0,1641,33.4241,33.4241,40
17.1766,31.9634,0,31.9634,15.98,82.6872,1776,0,0,1644,33.4811,33.4811,40
17.195,14.8519,0,14.8519,15.96,82.5336,738,1,0,1647,33.4608,33.4608,40
17.2248,23.941,0,23.941,15.96,82.5336,2548,6,0,1649,33.5937,33.5937,40
17.2398,11.8464,0,11.8464,15.94,82.3801,928,0,0,1651,33.6045,33.6045,40
17.2556,7.30355,0,7.30355,15.94,82.3801,813,0,0,1652,33.6295,33.6295,40
17.2755,16.4142,0,16.4142,15.92,82.2265,2017,16,0,1653,33.7241,33.7241,40
17.3008,21.9233,0,21.9233,15.9,82.0729,1772,1,0,1655,33.7934,33.7934,40
17.3114,6.47795,0,6.47795,15.88,81.9194,792,0,0,1656,33.8104,33.8104,40
17.3282,2.46454,0,2.46454,15.88,81.9194,293,0,0,1657,33.8021,33.8021,40
17.3483,16.6334,0,16.6334,15.86,81.7658,674,0,0,1659,33.8041,33.8041,40
17.3716,19.6135,0,19.6135,15.86,81.7658,1060,0,0,1661,33.8248,33.8248,40
17.3831,8.30241,0,8.30241,15.84,81.6122,941,0,0,1663,33.8413,33.8413,40
17.4032,7.76411,0,7.76411,15.84,81.6122,913,0,0,1664,33.8654,33.8654,40
17.9473,540.51,538.269,2.24124,15.82,81.4587,92222,563,0,1664,33.8654,33.8654,40
17.9615,11.0647,0,11.0647,15.8,81.3051,762,0,0,1667,33.8536,33.8536,40
17.9814,10.8405,0,10.8405,15.8,81.3051,282,0,0,1668,33.8423,33.8423,40
17.9997,15.5198,0,15.5198,15.78,81.1515,1135,0,0,1670,33.8778,33.8778,40
18.0082,4.26875,0,4.26875,15.78,81.1515,489,0,0,1671,33.8875,33.8875,40
18.0234,12.5631,0,12.5631,15.76,80.998,757,18,0,1673,33.8942,33.8942,40
18.0354,3.59646,0,3.59646,15.76,80.998,200,0,0,1673,33.8942,33.8942,40
18.0395,1.19004,0,1.19004,15.74,80.8444,80,0,0,1673,33.8942,33.8942,40
18.0607,1.19776,0,1.19776,15.74,80.8444,80,0,0,1673,33.8942,33.8942,40
18.0764,13.3169,0,13.3169,15.72,80.6908,693,0,0,1674,33.9522,33.9522,40
18.0864,2.18226,0,2.18226,15.72,80.6908,110,0,0,1675,33.9337,33.9337,40
18.0928,3.63311,0,3.63311,15.7,80.5373,192,0,0,1676,33.9433,33.9433,40
18.1114,1.60986,0,1.60986,15.7,80.5373,80,0,0,1676,33.9433,33.9433,40
18.1214,6.98503,0,6.98503,15.68,80.3837,768,0,0,1677,33.9773,33.9773,40
18.1613,26.9706,0,26.9706,15.68,80.3837,1485,0,0,1678,34.0471,34.0471,40
18.178,13.6172,0,13.6172,15.66,80.2302,1492,0,0,1679,34.1286,34.1286,40
18.1958,10.9278,0,10.9278,15.66,80.2302,1445,0,0,1681,34.1731,34.1731,40
18.218,19.1908,0,19.1908,15.64,80.0766,837,0,0,1683,34.1783,34.1783,40
18.2472,26.5913,0,26.5913,15.62,79.923,2158,15,0,1687,34.2312,34.2312,40
18.2693,19.4301,0,19.4301,15.6,79.7695,2796,15,0,1689,34.3576,34.3576,40
18.2825,10.5315,0,10.5315,15.58,79.6159,1158,0,0,1691,34.3897,34.3897,40
18.3174,24.6881,0,24.6881,15.58,79.6159,1933,0,0,1694,34.4669,34.4669,40
18.3331,12.852,0,12.852,15.56,79.4623,111,0,0,1695,34.4472,34.4472,40
18.3456,5.2173,0,5.2173,15.56,79.4623,716,1,0,1696,34.4693,34.4693,40
18.3602,11.9405,0,11.9405,15.54,79.3088,1499,0,0,1697,34.5321,34.5321,40
18.3723,3.64757,0,3.64757,15.54,79.3088,191,0,0,1697,34.5321,34.5321,40
18.3893,14.0242,0,14.0242,15.52,79.1552,444,0,0,1699,34.5156,34.5156,40
18.4107,15.0497,0,15.0497,15.52,79.1552,935,0,0,1701,34.5291,34.5291,40
18.4422,28.9299,0,28.9299,15.5,79.0016,1551,12,0,1703,34.6195,34.6195,40
18.4483,3.16351,0,3.16351,15.48,78.8481,547,0,0,1703,34.6195,34.6195,40
18.4687,3.26816,0,3.26816,15.48,78.8481,291,2,0,1704,34.6103,34.6103,40
18.4734,1.81359,0,1.81359,15.46,78.6945,135,0,0,1704,34.6103,34.6103,40
18.5008,8.41018,0,8.41018,15.46,78.6945,603,0,0,1706,34.6079,34.6079,40
18.528,24.0572,0,24.0572,15.44,78.5409,1642,0,0,1708,34.6833,34.6833,40
18.5334,1.81724,0,1.81724,15.42,78.3874,131,0,0,1708,34.6833,34.6833,40
18.5586,6.54961,0,6.54961,15.42,78.3874,445,0,0,1710,34.6602,34.6602,40
18.6053,43.7847,0,43.7847,15.4,78.2338,2583,15,0,1713,34.826,34.826,40
18.6161,7.31039,0,7.31039,15.38,78.0802,644,0,0,1714,34.8641,34.8641,40
18.6297,1.1744,0,1.1744,15.38,78.0802,129,0,0,1714,34.8641,34.8641,40
18.6583,25.5926,0,25.5926,15.36,77.9267,2009,17,0,1716,35.0087,35.0087,40
18.6837,21.7928,0,21.7928,15.34,77.7731,1271,2,0,1719,35.0198,35.0198,40
18.7133,25.738,0,25.738,15.32,77.6195,1941,0,0,1722,35.0918,35.0918,40
18.7496,32.887,0,32.887,15.3,77.466,1764,0,0,1724,35.1595,35.1595,40
18.7879,33.3621,0,33.3621,15.28,77.3124,879,0,0,1725,35.2823,35.2823,40
18.8102,18.3092,0,18.3092,15.26,77.1588,714,0,0,1726,35.3001,35.3001,40
18.8189,4.16033,0,4.16033,15.24,77.0053,270,0,0,1727,35.286,35.286,40
18.8441,9.5895,0,9.5895,15.24,77.0053,988,0,0,1728,35.3131,35.3131,40
18.8584,10.5181,0,10.5181,15.22,76.8517,1014,0,0,1729,35.3505,35.3505,40
18.8969,29.2678,0,29.2678,15.22,76.8517,2424,0,0,1731,35.4575,35.4575,40
18.9319,30.8628,0,30.8628,15.2,76.6981,2754,10,0,1734,35.5617,35.5617,40
18.9701,34.0859,0,34.0859,15.18,76.5446,2714,0,0,1738,35.6381,35.6381,40
18.975,0.98254,0,0.98254,15.16,76.391,171,0,0,1738,35.6381,35.6381,40
19.011,17.1783,0,17.1783,15.16,76.391,1384,1,0,1741,35.6536,35.6536,40
19.0299,14.9006,0,14.9006,15.14,76.2374,979,7,0,1743,35.6632,35.6632,40
19.0706,35.9794,0,35.9794,15.14,76.2374,3294,1,0,1746,35.8001,35.8001,40
19.0772,2.3846,0,2.3846,15.12,76.0839,334,0,0,1747,35.7911,35.7911,40
19.0973,2.0932,0,2.0932,15.12,76.0839,310,0,0,1748,35.7797,35.7797,40
19.1206,19.671,0,19.671,15.1,75.9303,1656,20,0,1750,35.8349,35.8349,40
19.1297,5.18231,0,5.18231,15.08,70.941,817,0,0,1751,35.8589,35.8589,40
19.1521,7.22671,0,7.22671,15.08,70.941,687,0,0,1753,35.8523,35.8523,40
19.1595,3.61016,0,3.61016,15.06,70.7338,276,0,0,1753,35.8523,35.8523,40
19.1776,1.20994,0,1.20994,15.06,70.7338,187,0,0,1753,35.8523,35.8523,40
19.1885,7.52347,0,7.52347,15.04,70.5486,380,0,0,1755,35.8239,35.8239,40
19.2284,26.7214,0,26.7214,15.04,70.5486,951,3,0,1758,35.8106,35.8106,40
19.2327,1.17058,0,1.17058,15.02,70.375,187,0,0,1758,35.8106,35.8106,40
19.2702,17.8677,0,17.8677,15.02,70.375,272,0,0,1760,35.7773,35.7773,40
19.2847,10.9712,0,10.9712,15,70.202,1334,2,0,1762,35.8138,35.8138,40
19.3265,32.9228,0,32.9228,15,70.202,1354,2,0,1764,35.8827,35.8827,40
19.3586,27.7773,0,27.7773,14.98,70.0294,2698,2,0,1767,35.9859,35.9859,40
19.3922,29.2857,0,29.2857,14.96,69.8574,1572,0,0,1769,36.0367,36.0367,40
19.4081,10.4317,0,10.4317,14.94,69.6859,653,0,0,1771,36.0237,36.0237,40
19.4343,16.2581,0,16.2581,14.94,69.6859,1249,1,0,1775,36.0192,36.0192,40
19.4558,16.7682,0,16.7682,14.92,69.5148,1017,0,0,1776,36.0484,36.0484,40
19.4766,16.8534,0,16.8534,14.9,69.3443,1840,0,0,1778,36.126,36.126,40
19.5185,35.4147,0,35.4147,14.88,69.1956,1762,1,0,1781,36.1656,36.1656,40
19.5465,20.8378,0,20.8378,14.86,69.0584,1182,1,0,1784,36.1536,36.1536,40
19.5579,7.60798,0,7.60798,14.84,68.9212,1073,1,0,1786,36.1708,36.1708,40
19.5792,8.44654,0,8.44654,14.84,68.9212,886,0,0,1787,36.1919,36.1919,40
19.5848,1.57991,0,1.57991,14.82,68.7841,297,0,0,1788,36.1756,36.1756,40
19.6093,5.26105,0,5.26105,14.82,68.7841,810,0,0,1789,36.199,36.199,40
19.6172,3.85996,0,3.85996,14.8,68.6469,230,0,0,1789,36.199,36.199,40
19.6387,4.59477,0,4.59477,14.8,68.6469,733,0,0,1791,36.1893,36.1893,40
19.6441,1.24664,0,1.24664,14.78,68.5097,213,0,0,1791,36.1893,36.1893,40
19.6966,33.0551,0,33.0551,14.78,68.5097,747,2,0,1794,36.2012,36.2012,40
19.7117,9.81034,0,9.81034,14.76,68.3726,855,2,0,1796,36.2021,36.2021,40
19.722,1.20902,0,1.20902,14.76,68.3726,216,0,0,1796,36.2021,36.2021,40
19.7383,12.4758,0,12.4758,14.74,68.2354,1083,13,0,1798,36.2164,36.2164,40
19.7493,2.84987,0,2.84987,14.74,68.2354,484,0,0,1800,36.1928,36.1928,40
19.7551,1.98738,0,1.98738,14.72,68.0982,219,0,0,1800,36.1928,36.1928,40
19.7794,5.46186,0,5.46186,14.72,68.0982,382,0,0,1801,36.2232,36.2232,40
19.7874,2.48257,0,2.48257,14.7,67.9611,240,0,0,1801,36.2232,36.2232,40
19.8201,13.2132,0,13.2132,14.7,67.9611,388,0,0,1802,36.2114,36.2114,40
19.8335,7.93289,0,7.93289,14.68,67.8239,560,0,0,1803,36.2119,36.2119,40
19.8674,22.5291,0,22.5291,14.68,67.8239,984,0,0,1806,36.1971,36.1971,40
19.8871,15.1134,0,15.1134,14.66,67.6867,2183,22,0,1808,36.2749,36.2749,40
19.9026,11.0717,0,11.0717,14.66,67.6867,1246,0,0,1811,36.2783,36.2783,40
19.922,14.6274,0,14.6274,14.64,67.5495,1861,4,0,1813,36.3337,36.3337,40
19.9433,15.7581,0,15.7581,14.64,67.5495,1459,0,0,1814,36.3925,36.3925,40
19.9689,20.7024,0,20.7024,14.62,67.4124,2076,0,0,1815,36.5163,36.5163,40
19.9742,0.547595,0,0.547595,14.6,67.2752,225,0,0,1815,36.5163,36.5163,40
20.0001,6.01699,0,6.01699,14.6,67.2752,495,0,0,1817,36.4926,36.4926,40
20.0089,4.98666,0,4.98666,14.58,67.138,555,0,0,1818,36.4906,36.4906,40
20.0293,5.07333,0,5.07333,14.58,67.138,327,0,0,1819,36.4777,36.4777,40
20.0696,33.735,0,33.735,14.56,67.0009,2310,0,0,1823,36.5359,36.5359,40
20.0766,1.28907,0,1.28907,14.54,66.8637,249,0,0,1823,36.5359,36.5359,40
20.1239,28.9925,0,28.9925,14.54,66.8637,1894,0,0,1824,36.6118,36.6118,40
20.1349,6.30427,0,6.30427,14.52,66.7265,456,0,0,1825,36.6011,36.6011,40
20.1556,7.32161,0,7.32161,14.52,66.7265,863,9,0,1827,36.5982,36.5982,40
20.1874,27.0125,0,27.0125,14.5,66.5894,2727,0,0,1829,36.6769,36.6769,39.9985
20.2026,10.581,0,10.581,14.48,66.4522,415,0,0,1830,36.6661,36.6661,39.9947
20.2133,1.43671,0,1.43671,14.48,66.4522,231,0,0,1830,36.6661,36.6661,39.9947
20.233,15.3471,0,15.3471,14.46,66.315,1083,5,0,1834,36.6445,36.6445,39.9833
20.241,2.94223,0,2.94223,14.46,66.315,440,0,0,1834,36.6445,36.6445,39.9795
20.2542,9.26313,0,9.26313,14.44,66.1779,955,0,0,1835,36.6638,36.6638,39.9757
20.2927,27.1899,0,27.1899,14.44,66.1779,2778,2,0,1838,36.7786,36.7786,39.9644
20.3181,20.5654,0,20.5654,14.42,66.0407,1023,0,0,1840,36.787,36.787,39.9607
20.3458,23.6235,0,23.6235,14.4,65.9035,1566,0,0,1843,36.8329,36.8329,39.9456
20.3777,27.2639,0,27.2639,14.38,65.7664,1452,14,0,1845,36.8764,36.8764,39.9418
20.4051,19.8815,0,19.8815,14.36,65.6292,837,0,0,1847,36.869,36.869,39.9306
20.4359,22.3849,0,22.3849,14.34,65.492,1311,0,0,1849,36.9281,36.9281,39.9231
20.4455,1.22293,0,1.22293,14.32,65.3548,257,0,0,1849,36.9281,36.9281,39.9231
20.4736,11.5684,0,11.5684,14.32,65.3548,939,0,0,1851,36.94,36.94,39.9194
20.4821,4.01593,0,4.01593,14.3,65.2177,482,0,0,1853,36.9158,36.9158,39.9081
20.5526,53.5096,0,53.5096,14.3,65.2177,3585,0,0,1855,37.1585,37.1585,39.9007
20.5803,22.8473,0,22.8473,14.28,65.0805,944,0,0,1857,37.2262,37.2262,39.8932
20.6179,33.344,0,33.344,14.26,64.9433,1735,3,0,1859,37.3072,37.3072,39.8858
20.6235,1.11443,0,1.11443,14.24,64.8062,271,0,0,1859,37.3072,37.3072,39.8858
20.6669,24.5451,0,24.5451,14.24,64.8062,1421,0,0,1860,37.4048,37.4048,39.882
20.6957,24.0105,0,24.0105,14.22,64.669,2243,0,0,1863,37.46,37.46,39.8746
20.7261,25.4613,0,25.4613,14.2,64.5318,1790,5,0,1866,37.485,37.485,39.8598
20.7413,10.0602,0,10.0602,14.18,64.3947,451,0,0,1867,37.4746,37.4746,39.8561
20.7823,29.317,0,29.317,14.18,64.3947,1886,8,0,1869,37.527,37.527,39.8524
20.7964,8.31565,0,8.31565,14.16,64.2575,557,0,0,1870,37.5225,37.5225,39.845
20.8297,22.2016,0,22.2016,14.16,64.2575,2447,0,0,1872,37.6261,37.6261,39.8413
20.8412,6.53501,0,6.53501,14.14,64.1203,401,0,0,1873,37.6113,37.6113,39.8339
20.8635,8.34732,0,8.34732,14.14,64.1203,704,0,0,1875,37.6075,37.6075,39.8302
20.886,17.6316,0,17.6316,14.12,63.9832,557,0,0,1877,37.586,37.586,39.8192
20.8938,2.76433,0,2.76433,14.1,63.846,348,0,0,1878,37.5969,37.5969,39.8155
20.927,15.9764,0,15.9764,14.1,63.846,1737,0,0,1880,37.6473,37.6473,39.8081
20.9335,1.11088,0,1.11088,14.08,63.7088,291,0,0,1880,37.6473,37.6473,39.8081
20.9557,2.82196,0,2.82196,14.08,63.7088,536,1,0,1881,37.6427,37.6427,39.8045
20.978,17.8375,0,17.8375,14.06,63.5717,2300,2,0,1883,37.7339,37.7339,39.8008
21.0163,33.1165,0,33.1165,14.04,63.4345,1853,15,0,1886,37.7609,37.7609,39.7898
21.0264,5.44153,0,5.44153,14.02,63.2973,486,0,0,1887,37.7589,37.7589,39.7825
21.0451,4.36901,0,4.36901,14.02,63.2973,702,0,0,1887,37.7589,37.7589,39.7825
21.0606,9.99099,0,9.99099,14,63.1601,599,0,0,1888,37.7579,37.7579,39.7788
21.0899,20.0248,0,20.0248,14,63.1601,940,1,0,1891,37.7678,37.7678,39.7679
21.45,355.335,340.018,15.3167,13.98,63.023,60556,108,0,1893,37.7232,37.7205,39.7642
21.4583,3.00684,0,3.00684,13.96,62.8858,297,0,0,1894,37.7049,37.7022,39.7569
21.5034,28.3973,0,28.3973,13.96,62.8858,1609,0,0,1897,37.7264,37.7238,39.7496
21.5171,8.78791,0,8.78791,13.94,62.7486,631,0,0,1900,37.6874,37.6847,39.7387
21.5371,8.337,0,8.337,13.94,62.7486,284,0,0,1900,37.6874,37.6847,39.7351
21.5572,15.4306,0,15.4306,13.92,62.6115,1842,11,0,1903,37.7147,37.712,39.7279
21.5655,2.21472,0,2.21472,13.9,62.4743,366,0,0,1903,37.7147,37.712,39.7242
21.5924,8.54193,0,8.54193,13.9,62.4743,773,0,0,1904,37.7216,37.719,39.7206
21.5996,2.94101,0,2.94101,13.88,62.3371,712,0,0,1905,37.7444,37.7417,39.7206
21.6202,2.14109,0,2.14109,13.88,62.3371,364,0,0,1905,37.7444,37.7417,39.717
21.6257,0.693899,0,0.693899,13.86,62.2,298,0,0,1905,37.7444,37.7417,39.717
21.6487,2.43326,0,2.43326,13.86,62.2,518,0,0,1906,37.7382,37.7356,39.7134
21.6564,2.74294,0,2.74294,13.84,62.0628,341,0,0,1907,37.7205,37.7179,39.7098
21.6871,12.9401,0,12.9401,13.84,62.0628,1209,0,0,1908,37.8014,37.7987,39.7062
21.6998,7.1495,0,7.1495,13.82,61.9256,734,0,0,1909,37.8088,37.8062,39.7025
21.7173,3.95477,0,3.95477,13.82,61.9256,381,1,0,1910,37.7974,37.7948,39.7025
21.7377,14.8735,0,14.8735,13.8,61.7885,812,0,0,1912,37.7861,37.7835,39.6917
21.7454,1.89356,0,1.89356,13.8,61.7885,366,0,0,1912,37.7861,37.7835,39.6917
21.7521,1.364,0,1.364,13.78,61.6513,321,0,0,1912,37.7861,37.7835,39.6917
21.7973,26.3197,0,26.3197,13.78,61.6513,1981,1,0,1917,37.7981,37.7955,39.6773
21.806,3.74137,0,3.74137,13.76,61.5141,669,0,0,1918,37.7977,37.7951,39.6702
21.8403,17.2855,0,17.2855,13.76,61.5141,1150,0,0,1921,37.7991,37.7965,39.663
21.8526,6.9973,0,6.9973,13.74,61.377,590,0,0,1922,37.7976,37.795,39.6558
21.8705,5.09498,0,5.09498,13.74,61.377,824,0,0,1923,37.804,37.8014,39.6522
21.8783,2.39977,0,2.39977,13.72,61.2398,362,0,0,1923,37.804,37.8014,39.6522
21.8999,4.02173,0,4.02173,13.72,61.2398,783,0,0,1924,37.8098,37.8072,39.6487
21.9146,10.4702,0,10.4702,13.7,61.1026,356,0,0,1925,37.7938,37.7912,39.6451
21.9326,6.84182,0,6.84182,13.7,61.1026,748,0,0,1927,37.7852,37.7826,39.6379
21.9457,8.70676,0,8.70676,13.68,60.9654,514,0,0,1929,37.7569,37.7543,39.6308
21.9717,13.6408,0,13.6408,13.68,60.9654,1503,5,0,1931,37.8162,37.8136,39.6237
21.9983,20.9301,0,20.9301,13.66,60.8283,1513,0,0,1934,37.8345,37.832,39.613
22.005,1.40358,0,1.40358,13.64,60.6911,314,0,0,1934,37.8345,37.832,39.613
22.0526,28.2913,0,28.2913,13.64,60.6911,2176,0,0,1937,37.8756,37.873,39.6023
22.0687,10.5484,0,10.5484,13.62,60.5539,1248,0,0,1938,37.9128,37.9102,39.6023
22.0794,1.06145,0,1.06145,13.62,60.5539,328,0,0,1938,37.9128,37.9102,39.5988
22.0852,1.19446,0,1.19446,13.6,60.4168,324,0,0,1938,37.9128,37.9102,39.5988
22.1058,1.3856,0,1.3856,13.6,60.4168,355,0,0,1938,37.9128,37.9102,39.5988
22.1308,19.9367,0,19.9367,13.58,60.2796,1485,2,0,1942,37.9042,37.9016,39.5882
22.1435,7.8276,0,7.8276,13.56,60.1424,741,2,0,1944,37.8925,37.8899,39.5776
22.1615,5.42118,0,5.42118,13.56,60.1424,857,1,0,1945,37.9013,37.8987,39.574
22.1784,11.6074,0,11.6074,13.54,60.0053,695,0,0,1947,37.8808,37.8783,39.5705
22.1886,1.08563,0,1.08563,13.54,60.0053,347,0,0,1947,37.8808,37.8783,39.567
22.2238,27.2762,0,27.2762,13.52,59.8681,1435,0,0,1949,37.9097,37.9071,39.5634
22.2411,7.9251,0,7.9251,13.5,59.7309,429,0,0,1950,37.8959,37.8933,39.5564
22.284,31.1111,0,31.1111,13.5,59.7309,1070,0,0,1953,37.8781,37.8756,39.5493
22.3131,24.2633,0,24.2633,13.48,59.5938,2399,1,0,1956,37.9387,37.9361,39.5353
22.3234,4.90181,0,4.90181,13.46,59.4566,445,1,0,1957,37.9305,37.928,39.5318
22.3529,14.254,0,14.254,13.46,59.4566,1707,0,0,1958,38.0245,38.022,39.5283
22.3859,27.6042,0,27.6042,13.44,59.3194,1605,0,0,1960,38.0592,38.0566,39.5213
22.3925,1.28525,0,1.28525,13.42,59.1823,347,0,0,1960,38.0592,38.0566,39.5213
22.4185,6.35941,0,6.35941,13.42,59.1823,913,2,0,1961,38.0745,38.0719,39.5213
22.4776,53.561,0,53.561,13.4,59.0451,4025,5,0,1964,38.2627,38.2602,39.5108
22.5282,45.1838,0,45.1838,13.38,58.9079,2602,13,0,1967,38.3289,38.3264,39.5003
22.5587,24.8519,0,24.8519,13.36,58.7707,2202,0,0,1969,38.418,38.4154,39.4899
22.5737,9.60064,0,9.60064,13.34,58.6336,618,0,0,1970,38.4183,38.4157,39.4864
22.5998,15.2113,0,15.2113,13.34,58.6336,1685,1,0,1972,38.4528,38.4503,39.4829
22.6127,7.70437,0,7.70437,13.32,58.4964,735,7,0,1974,38.4347,38.4321,39.4759
22.6336,8.24123,0,8.24123,13.32,58.4964,1184,0,0,1976,38.4398,38.4372,39.469
22.6644,25.3412,0,25.3412,13.3,58.3592,2013,0,0,1979,38.4704,38.4679,39.4586
22.6721,2.38969,0,2.38969,13.28,58.2221,493,0,0,1980,38.4571,38.4545,39.4517
22.7053,15.1178,0,15.1178,13.28,58.2221,1249,0,0,1981,38.5003,38.4977,39.4482
22.7318,20.3707,0,20.3707,13.26,58.0849,2349,1,0,1983,38.5956,38.593,39.4448
22.7651,27.4741,0,27.4741,13.24,57.9477,2387,1,0,1985,38.6751,38.6725,39.4378
22.7934,21.8294,0,21.8294,13.22,57.8106,1788,9,0,1987,38.7157,38.7131,39.4275
22.8308,31.2045,0,31.2045,13.2,57.6734,1980,1,0,1989,38.7597,38.7572,39.4206
22.8447,7.61771,0,7.61771,13.18,57.5362,1386,3,0,1991,38.7845,38.782,39.4172
22.8629,6.22515,0,6.22515,13.18,57.5362,520,0,0,1993,38.7516,38.7491,39.4069
22.8906,21.3415,0,21.3415,13.16,57.3991,1088,0,0,1994,38.7813,38.7788,39.4034
22.9041,7.65212,0,7.65212,13.14,57.2619,1383,0,0,1997,38.7787,38.7762,39.3966
22.9185,1.37031,0,1.37031,13.14,57.2619,410,0,0,1997,38.7787,38.7762,39.3931
22.9363,12.3401,0,12.3401,13.12,57.1247,618,0,0,1999,38.7504,38.7479,39.3863
22.9656,20.8252,0,20.8252,13.12,57.1247,1766,0,0,2001,38.8041,38.8016,39.3794
22.9904,18.0822,0,18.0822,13.1,56.9876,2652,12,0,2004,38.8633,38.8608,39.3692
22.9979,1.68735,0,1.68735,13.08,56.8504,398,0,0,2004,38.8633,38.8608,39.3692
23.0359,15.8879,0,15.8879,13.08,56.8504,1219,0,0,2005,38.8853,38.8828,39.3658
23.0514,3.97739,0,3.97739,13.06,56.7132,424,0,0,2005,38.8853,38.8828,39.3658
23.0975,29.2535,0,29.2535,13.06,56.7132,1713,1,0,2009,38.8776,38.8751,39.3556
23.1322,27.9189,0,27.9189,13.04,56.576,1596,0,0,2011,38.9075,38.905,39.3454
23.1402,1.52062,0,1.52062,13.02,56.4389,434,0,0,2011,38.9075,38.905,39.3454
23.1871,27.0348,0,27.0348,13.02,56.4389,1886,37,0,2014,38.924,38.9215,39.3386
23.1994,2.93361,0,2.93361,13,56.3017,452,0,0,2014,38.924,38.9215,39.3352
23.2304,14.098,0,14.098,13,56.3017,843,0,0,2016,38.9102,38.9077,39.3284
23.2448,8.50044,0,8.50044,12.98,56.1645,946,0,0,2017,38.9187,38.9162,39.325
23.2824,26.2579,0,26.2579,12.98,56.1645,1560,0,0,2020,38.9223,38.9198,39.3149
23.2907,1.65959,0,1.65959,12.96,56.0274,468,0,0,2020,38.9223,38.9198,39.3149
23.3282,19.0938,0,19.0938,12.96,56.0274,1351,3,0,2022,38.9446,38.9421,39.3081
23.3417,7.15109,0,7.15109,12.94,55.8902,841,0,0,2023,38.9486,38.9461,39.3047
23.36,5.10795,0,5.10795,12.94,55.8902,1215,0,0,2024,38.9748,38.9723,39.3013
23.4001,34.0668,0,34.0668,12.92,55.753,2977,0,0,2026,39.0647,39.0622,39.2946
23.4285,22.8936,0,22.8936,12.9,55.6159,3342,9,0,2029,39.1626,39.1602,39.2879
23.439,4.41801,0,4.41801,12.88,55.4787,962,0,0,2030,39.1749,39.1724,39.2811
23.4831,28.1563,0,28.1563,12.88,55.4787,1980,0,0,2032,39.218,39.2156,39.2744
23.5097,19.9316,0,19.9316,12.86,55.3415,2584,12,0,2033,39.3197,39.3173,39.2711
23.5338,17.5454,0,17.5454,12.84,55.2044,1811,0,0,2035,39.3479,39.3455,39.2677
23.5693,28.5599,0,28.5599,12.82,55.0672,3092,9,0,2038,39.4352,39.4328,39.2577
23.5776,1.62048,0,1.62048,12.8,54.93,493,0,0,2038,39.4352,39.4328,39.2543
23.6316,35.1636,0,35.1636,12.8,54.93,2453,0,0,2041,39.5194,39.5169,39.2476
23.6426,4.58695,0,4.58695,12.78,54.7928,633,0,0,2043,39.4895,39.487,39.2409
23.6771,18.668,0,18.668,12.78,54.7928,2053,2,0,2045,39.5408,39.5384,39.2343
24.94,1257.24,1245.44,11.7996,12.76,54.6557,207916,1223,0,2047,38.6336,38.8256,39.2243
24.9514,6.30427,0,6.30427,12.74,54.5185,414,7,0,2049,38.6081,38.7999,39.2176
24.9938,28.6845,0,28.6845,12.74,54.5185,1669,15,0,2050,38.7117,38.9034,39.2143
25.0023,4.11376,0,4.11376,12.72,54.3813,725,8,0,2052,38.7027,38.8942,39.211
25.0202,1.10092,0,1.10092,12.72,54.3813,199,0,0,2052,38.7027,38.8942,39.2076
25.0247,1.02772,0,1.02772,12.7,54.2442,179,0,0,2052,38.7027,38.8942,39.2076
25.0526,7.90664,0,7.90664,12.7,54.2442,1039,23,0,2053,38.7258,38.9172,39.2043
25.0659,9.74042,0,9.74042,12.68,54.107,600,6,0,2056,38.6907,38.8818,39.1944
25.0868,9.54354,0,9.54354,12.68,54.107,215,0,0,2057,38.6733,38.8644,39.1911
25.0938,3.75558,0,3.75558,12.66,53.9698,503,0,0,2059,38.6537,38.8446,39.1844
25.1154,3.99763,0,3.99763,12.66,53.9698,189,0,0,2060,38.6354,38.8262,39.1811
25.1326,13.5377,0,13.5377,12.64,53.8327,859,0,0,2062,38.6576,38.8482,39.1745
25.1507,11.36,0,11.36,12.64,53.8327,404,0,0,2065,38.6126,38.8029,39.1679
25.185,29.8422,0,29.8422,12.62,53.6955,3530,1,0,2068,38.751,38.941,39.158
25.2094,20.1776,0,20.1776,12.6,53.5583,760,14,0,2070,38.7768,38.9667,39.1482
25.2146,1.31366,0,1.31366,12.58,53.4212,179,0,0,2070,38.7768,38.9667,39.1482
25.2422,8.50581,0,8.50581,12.58,53.4212,1254,3,0,2073,38.7752,38.9648,39.1383
25.2506,4.10712,0,4.10712,12.56,53.284,511,3,0,2074,38.7758,38.9653,39.135
25.2953,28.5086,0,28.5086,12.56,53.284,2306,0,0,2077,38.8406,39.0299,39.1252
25.3168,17.4322,0,17.4322,12.54,53.1468,1409,0,0,2081,38.8371,39.0259,39.1154
25.322,1.05292,0,1.05292,12.52,53.0097,187,0,0,2081,38.8371,39.0259,39.1121
25.373,31.1534,0,31.1534,12.52,53.0097,3232,26,0,2083,38.9563,39.145,39.1089
25.3776,0.500671,0,0.500671,12.5,52.8725,188,0,0,2083,38.9563,39.145,39.1056
25.4002,3.23174,0,3.23174,12.5,52.8725,290,0,0,2084,38.9482,39.1368,39.1023
25.4049,0.84234,0,0.84234,12.48,52.7353,188,0,0,2084,38.9482,39.1368,39.1023
25.4541,28.443,0,28.443,12.48,52.7353,2058,6,0,2088,38.9885,39.1767,39.0926
25.4716,13.3538,0,13.3538,12.46,52.5981,279,0,0,2090,38.9541,39.1421,39.0828
25.4916,12.6052,0,12.6052,12.46,52.5981,416,0,0,2092,38.9293,39.1171,39.0763
25.5056,9.8106,0,9.8106,12.44,52.461,623,0,0,2095,38.8969,39.0845,39.0666
25.5252,8.55391,0,8.55391,12.44,52.461,878,0,0,2097,38.8946,39.082,39.0633
25.531,1.41277,0,1.41277,12.42,52.3238,208,0,0,2097,38.8946,39.082,39.0601
25.5517,0.747247,0,0.747247,12.42,52.3238,208,0,0,2097,38.8946,39.082,39.0601
25.5742,17.4381,0,17.4381,12.4,52.1866,1208,0,0,2101,38.8682,39.0552,39.0504
25.5921,13.8631,0,13.8631,12.38,52.0495,827,7,0,2103,38.8659,39.0528,39.0439
25.6051,6.55617,0,6.55617,12.38,52.0495,293,0,0,2104,38.8493,39.0361,39.0375
25.6188,9.37738,0,9.37738,12.36,51.9123,233,0,0,2104,38.8493,39.0361,39.0375
25.6403,10.6189,0,10.6189,12.36,51.9123,1148,6,0,2106,38.8571,39.0437,39.031
25.671,26.2009,0,26.2009,12.34,51.7751,843,0,0,2109,38.8355,39.0218,39.0246
25.6804,5.2828,0,5.2828,12.32,51.638,775,9,0,2111,38.8261,39.0123,39.0149
25.6981,2.71095,0,2.71095,12.32,51.638,272,0,0,2112,38.8097,38.9957,39.0117
25.7142,11.4583,0,11.4583,12.3,51.5008,510,0,0,2114,38.7867,38.9726,39.0053
25.7338,10.9432,0,10.9432,12.3,51.5008,640,7,0,2116,38.7713,38.957,39.0021
25.7494,11.1209,0,11.1209,12.28,51.3636,314,0,0,2117,38.7572,38.9428,38.9957
25.767,8.28908,0,8.28908,12.28,51.3636,701,4,0,2118,38.7611,38.9466,38.9957
25.773,1.29843,0,1.29843,12.26,51.2265,315,0,0,2119,38.7471,38.9325,38.9893
25.8381,46.0495,0,46.0495,12.26,51.2265,4021,44,0,2123,38.8898,39.0749,38.9797
25.8471,4.45793,0,4.45793,12.24,51.0893,312,0,0,2124,38.8729,39.0579,38.9733
25.8678,5.00739,0,5.00739,12.24,51.0893,490,0,0,2125,38.8659,39.0508,38.9701
25.8758,3.50062,0,3.50062,12.22,50.9521,286,0,0,2126,38.8504,39.0353,38.9669
25.9118,19.1765,0,19.1765,12.22,50.9521,688,3,0,2127,38.8547,39.0395,38.9637
25.9346,18.0301,0,18.0301,12.2,50.815,1451,12,0,2129,38.8704,39.055,38.9574
25.9474,8.25696,0,8.25696,12.18,50.6778,657,0,0,2130,38.8728,39.0573,38.9574
25.9972,37.9628,0,37.9628,12.18,50.6778,2117,13,0,2132,38.9573,39.1417,38.9478
26.0151,13.4276,0,13.4276,12.16,50.5406,741,10,0,2135,38.9269,39.111,38.9415
26.0302,8.26815,0,8.26815,12.16,50.5406,853,2,0,2137,38.9219,39.1058,38.932
26.0572,22.0488,0,22.0488,12.14,50.4034,2984,11,0,2140,39.0294,39.2131,38.9256
26.0978,36.4836,0,36.4836,12.12,50.2663,1681,2,0,2143,39.0882,39.2716,38.913
26.1083,5.26019,0,5.26019,12.1,50.1291,940,0,0,2144,39.1068,39.2901,38.9098
26.1302,7.25934,0,7.25934,12.1,50.1291,572,0,0,2145,39.1343,39.3175,38.9067
26.1652,29.2555,0,29.2555,12.08,49.9919,1886,0,0,2147,39.2143,39.3973,38.9004
26.172,1.33437,0,1.33437,12.06,49.8548,330,0,0,2147,39.2143,39.3973,38.9004
26.2174,26.588,0,26.588,12.06,49.8548,2664,0,0,2151,39.2627,39.4454,38.8909
27.3235,1101.32,1093.77,7.54847,12.04,49.7176,201260,1347,0,2152,38.559,38.8759,38.8846
27.3307,2.5512,0,2.5512,12.02,64.2606,193,0,0,2153,38.5462,38.863,38.8815
27.3511,3.24532,0,3.24532,12.02,64.2606,206,3,0,2154,38.5344,38.851,38.8783
27.3672,12.2618,0,12.2618,12,64.0522,1627,2,0,2155,38.6005,38.9169,38.8752
27.4038,28.8793,0,28.8793,12,64.0522,2689,6,0,2157,38.7116,39.0278,38.8689
27.4109,3.7447,0,3.7447,11.98,63.8439,121,0,0,2157,38.7116,39.0278,38.8689
27.4473,19.1948,0,19.1948,11.98,63.8439,268,1,0,2159,38.685,39.0009,38.8627
27.492,40.8772,0,40.8772,11.96,63.6357,2458,10,0,2161,38.7617,39.0773,38.8564
27.5006,5.21895,0,5.21895,11.94,63.4275,230,0,0,2162,38.7493,39.0648,38.8533
27.5353,19.6492,0,19.6492,11.94,63.4275,2516,21,0,2166,38.8084,39.1233,38.8408
27.5402,1.04369,0,1.04369,11.92,63.2194,132,1,0,2167,38.7928,39.1075,38.8377
27.5858,25.8719,0,25.8719,11.92,63.2194,1023,0,0,2169,38.8031,39.1176,38.8314
27.5915,2.09182,0,2.09182,11.9,63.0112,204,1,0,2170,38.7908,39.1051,38.8283
27.6181,8.61545,0,8.61545,11.9,63.0112,851,9,0,2171,38.8019,39.1161,38.8252
27.6244,2.49139,0,2.49139,11.88,62.8029,183,0,0,2172,38.7864,39.1004,38.8221
27.6444,2.169,0,2.169,11.88,62.8029,123,1,0,2173,38.7699,39.0838,38.819
27.6708,23.2363,0,23.2363,11.86,62.5946,2292,0,0,2174,38.8689,39.1826,38.8159
27.6774,2.70501,0,2.70501,11.84,62.3864,93,0,0,2174,38.8689,39.1826,38.8159
27.697,1.65019,0,1.65019,11.84,62.3864,94,0,0,2174,38.8689,39.1826,38.8159
27.7021,1.71764,0,1.71764,11.82,62.1782,93,0,0,2174,38.8689,39.1826,38.8159
27.731,9.3532,0,9.3532,11.82,62.1782,977,10,0,2176,38.8782,39.1916,38.8128
27.7681,33.389,0,33.389,11.8,61.9697,2276,3,0,2178,38.9449,39.258,38.8035
27.7801,7.87407,0,7.87407,11.78,61.761,1178,10,0,2181,38.9477,39.2604,38.7973
27.794,1.1814,0,1.1814,11.78,61.761,95,0,0,2181,38.9477,39.2604,38.7942
27.8327,35.0582,0,35.0582,11.76,61.5519,2899,20,0,2183,39.0573,39.3697,38.7911
27.8386,1.88859,0,1.88859,11.74,61.3424,133,0,0,2183,39.0573,39.3697,38.788
27.8677,10.1584,0,10.1584,11.74,61.3424,607,2,0,2185,39.0462,39.3584,38.7818
27.8827,11.9136,0,11.9136,11.72,61.1326,603,0,0,2186,39.0517,39.3637,38.7787
27.8962,4.38269,0,4.38269,11.72,61.1326,283,0,0,2187,39.0425,39.3544,38.7756
27.9067,7.11357,0,7.11357,11.7,60.9223,557,0,0,2189,39.0338,39.3454,38.7726
27.9383,17.3709,0,17.3709,11.7,60.9223,858,2,0,2191,39.0365,39.3478,38.7664
27.945,3.71841,0,3.71841,11.68,51.2984,519,0,0,2192,39.0374,39.3485,38.7633
27.9648,1.80806,0,1.80806,11.68,51.2984,137,0,0,2192,39.0374,39.3485,38.7602
27.9697,1.66089,0,1.66089,11.66,51.1114,135,0,0,2193,39.0214,39.3324,38.7602
28.0055,16.3622,0,16.3622,11.66,51.1114,2045,10,0,2196,39.0633,39.3739,38.751
28.0098,0.797983,0,0.797983,11.64,50.9263,113,0,0,2196,39.0633,39.3739,38.7479
28.0767,46.4486,0,46.4486,11.64,50.9263,2316,13,0,2198,39.2056,39.5159,38.7449
28.0917,11.0705,0,11.0705,11.62,50.743,120,0,0,2198,39.2056,39.5159,38.7418
28.1095,8.63082,0,8.63082,11.62,50.743,954,3,0,2200,39.2095,39.5195,38.7357
28.1187,5.12444,0,5.12444,11.6,50.5619,190,0,0,2201,39.1949,39.5048,38.7326
28.137,3.22412,0,3.22412,11.6,50.5619,140,0,0,2202,39.178,39.4877,38.7296
28.1459,5.61565,0,5.61565,11.58,50.3815,910,0,0,2203,39.1984,39.5079,38.7265
28.1623,0.636598,0,0.636598,11.58,50.3815,120,0,0,2203,39.1984,39.5079,38.7265
28.167,1.04176,0,1.04176,11.56,50.2017,120,0,0,2203,39.1984,39.5079,38.7265
28.2044,17.1594,0,17.1594,11.56,50.2017,2234,7,0,2205,39.2757,39.585,38.7204
28.2143,6.30253,0,6.30253,11.54,50.0222,702,1,0,2207,39.27,39.5791,38.7143
28.243,13.6425,0,13.6425,11.54,50.0222,672,0,0,2209,39.2612,39.5699,38.7082
28.2587,11.1634,0,11.1634,11.52,49.8432,540,0,0,2210,39.2643,39.5729,38.7051
28.2684,0.815172,0,0.815172,11.52,49.8432,112,0,0,2210,39.2643,39.5729,38.7051
28.279,7.17097,0,7.17097,11.5,49.6646,1026,19,0,2211,39.2917,39.6002,38.7021
28.3118,18.4513,0,18.4513,11.5,49.6646,715,0,0,2212,39.3065,39.6148,38.699
28.3361,20.0739,0,20.0739,11.48,49.4864,1558,9,0,2215,39.3273,39.6352,38.6929
28.3413,1.28151,0,1.28151,11.46,49.3085,111,0,0,2215,39.3273,39.6352,38.6899
28.3664,5.12785,0,5.12785,11.46,49.3085,934,29,0,2216,39.3502,39.6579,38.6869
28.3739,3.94081,0,3.94081,11.44,49.131,546,2,0,2217,39.3396,39.6473,38.6838
28.3955,4.19228,0,4.19228,11.44,49.131,230,0,0,2218,39.3273,39.6348,38.6808
28.4091,10.1814,0,10.1814,11.42,48.9538,108,0,0,2218,39.3273,39.6348,38.6808
28.4305,10.2435,0,10.2435,11.42,48.9538,753,1,0,2220,39.3225,39.6297,38.6747
28.4363,2.08254,0,2.08254,11.4,48.8115,108,0,0,2220,39.3225,39.6297,38.6747
28.4683,12.7369,0,12.7369,11.4,48.8115,824,19,0,2221,39.3697,39.6767,38.6717
28.4901,17.9958,0,17.9958,11.38,48.6748,466,4,0,2225,39.316,39.6225,38.6596
28.5117,17.6429,0,17.6429,11.36,48.5393,1108,32,0,2226,39.3819,39.6882,38.6566
28.5216,5.65554,0,5.65554,11.34,48.4051,146,0,0,2227,39.3664,39.6727,38.6566
28.5385,2.58518,0,2.58518,11.34,48.4051,335,0,0,2228,39.3609,39.667,38.6505
28.5442,1.3818,0,1.3818,11.32,48.2719,96,0,0,2228,39.3609,39.667,38.6505
28.5735,10.8935,0,10.8935,11.32,48.2719,1747,3,0,2231,39.385,39.6907,38.6445
28.6086,30.9028,0,30.9028,11.3,48.14,4242,8,0,2234,39.5318,39.8371,38.6324
28.6314,18.7026,0,18.7026,11.28,48.0092,1309,0,0,2236,39.5572,39.8623,38.6264
28.642,6.74073,0,6.74073,11.26,47.8796,668,0,0,2237,39.5664,39.8713,38.6234
28.6704,14.2652,0,14.2652,11.26,47.8796,425,7,0,2239,39.548,39.8526,38.6174
28.9189,244.302,235.076,9.22584,11.24,47.7511,52458,260,0,2241,39.4052,39.7046,38.6114
28.9346,10.1423,0,10.1423,11.22,47.6239,1352,25,0,2244,39.4104,39.7094,38.6024
28.947,1.87471,0,1.87471,11.22,47.6239,96,0,0,2244,39.4104,39.7094,38.6024
28.9571,6.13641,0,6.13641,11.2,47.4973,906,0,0,2246,39.4127,39.7115,38.5964
28.9768,4.73599,0,4.73599,11.2,47.4973,424,0,0,2247,39.4019,39.7005,38.5964
28.9844,3.79071,0,3.79071,11.18,47.371,224,0,0,2248,39.3897,39.6882,38.5934
29.022,20.6962,0,20.6962,11.18,47.371,2730,28,0,2252,39.4614,39.7593,38.5815
29.042,15.8464,0,15.8464,11.16,47.245,1453,0,0,2254,39.4938,39.7915,38.5725
29.0726,25.8494,0,25.8494,11.14,47.1193,1178,0,0,2256,39.5195,39.8169,38.5696
29.0806,3.52247,0,3.52247,11.12,46.9937,436,0,0,2257,39.5179,39.8152,38.5636
29.1163,19.2474,0,19.2474,11.12,46.9937,2869,19,0,2259,39.6299,39.927,38.5606
29.1426,21.9608,0,21.9608,11.1,46.8684,1762,0,0,2261,39.6727,39.9695,38.5547
29.1537,6.61413,0,6.61413,11.08,46.7433,997,1,0,2262,39.6981,39.9947,38.5487
29.1881,20.2195,0,20.2195,11.08,46.7433,705,22,0,2263,39.7106,40.0071,38.5487
29.1978,5.94575,0,5.94575,11.06,46.6184,200,0,0,2264,39.6961,39.9925,38.5458
29.2187,5.4142,0,5.4142,11.06,46.6184,542,0,0,2266,39.6818,39.9779,38.5369
29.2421,19.8613,0,19.8613,11.04,46.4936,1989,6,0,2268,39.735,40.0309,38.531
29.2509,4.27611,0,4.27611,11.02,46.4059,154,0,0,2269,39.7184,40.0141,38.528
29.2753,7.83379,0,7.83379,11.02,46.4059,582,0,0,2270,39.7322,40.0278,38.5251
29.2842,5.17156,0,5.17156,11,46.3321,384,2,0,2271,39.7279,40.0233,38.5221
29.3034,3.28086,0,3.28086,11,46.3321,126,0,0,2272,39.7117,40.007,38.5192
29.3254,18.2471,0,18.2471,10.98,46.2583,1628,0,0,2274,39.7511,40.0462,38.5162
29.3545,25.7231,0,25.7231,10.96,46.1845,1578,1,0,2278,39.7568,40.0514,38.5044
29.369,10.6092,0,10.6092,10.94,46.1107,630,0,0,2281,39.7295,40.0237,38.4926
29.3832,3.97488,0,3.97488,10.94,46.1107,424,0,0,2282,39.7266,40.0206,38.4897
29.3997,12.4205,0,12.4205,10.92,46.0369,952,0,0,2284,39.7316,40.0254,38.4868
29.4227,14.091,0,14.091,10.92,46.0369,301,0,0,2285,39.7239,40.0175,38.4809
29.4287,2.84892,0,2.84892,10.9,45.9631,422,0,0,2286,39.7213,40.0149,38.478
29.4487,1.43816,0,1.43816,10.9,45.9631,96,0,0,2286,39.7213,40.0149,38.478
29.4538,1.79733,0,1.79733,10.88,45.8893,179,0,0,2286,39.7213,40.0149,38.478
29.4761,2.56178,0,2.56178,10.88,45.8893,279,0,0,2287,39.7132,40.0066,38.475
29.5073,27.5365,0,27.5365,10.86,45.8155,1790,8,0,2289,39.7532,40.0463,38.4721
29.5297,18.3839,0,18.3839,10.84,45.7417,914,5,0,2291,39.7739,40.0668,38.4633
29.5354,1.09019,0,1.09019,10.82,45.6679,96,0,0,2291,39.7739,40.0668,38.4633
29.5593,5.37343,0,5.37343,10.82,45.6679,784,9,0,2292,39.7906,40.0833,38.4604
29.5934,29.2787,0,29.2787,10.8,45.5941,562,7,0,2294,39.8182,40.1107,38.4546
29.6043,6.37929,0,6.37929,10.78,45.5203,841,14,0,2295,39.8353,40.1277,38.4517
29.6228,5.02093,0,5.02093,10.78,45.5203,162,0,0,2296,39.8184,40.1106,38.4487
29.6371,10.5821,0,10.5821,10.76,45.4465,1139,4,0,2300,39.8065,40.0983,38.44
29.6575,9.70891,0,9.70891,10.76,45.4465,882,0,0,2301,39.8262,40.1178,38.4342
29.6763,14.0937,0,14.0937,10.74,45.3727,1708,7,0,2303,39.8715,40.1628,38.4284
29.689,6.82807,0,6.82807,10.74,45.3727,348,0,0,2305,39.8477,40.1388,38.4225
29.694,1.48841,0,1.48841,10.72,45.2989,122,0,0,2306,39.8317,40.1227,38.4196
29.7185,4.44854,0,4.44854,10.72,45.2989,331,0,0,2307,39.8244,40.1153,38.4167
29.7448,22.3672,0,22.3672,10.7,45.2251,1631,7,0,2311,39.8248,40.1151,38.408
29.7546,4.9192,0,4.9192,10.68,45.1513,664,10,0,2312,39.8391,40.1293,38.4023
29.7837,13.6811,0,13.6811,10.68,45.1513,1659,0,0,2314,39.885,40.175,38.3965
29.8038,16.3104,0,16.3104,10.66,45.0775,245,0,0,2315,39.8743,40.1641,38.3936
29.8136,4.89215,0,4.89215,10.66,45.0775,388,0,0,2316,39.8713,40.1611,38.3907
29.8185,0.926676,0,0.926676,10.64,45.0038,98,0,0,2316,39.8713,40.1611,38.3907
29.8414,2.21871,0,2.21871,10.64,45.0038,196,0,0,2317,39.8589,40.1485,38.3878
29.8673,21.7302,0,21.7302,10.62,44.93,1860,0,0,2319,39.909,40.1984,38.382
29.8862,14.8281,0,14.8281,10.6,44.8562,937,0,0,2322,39.8945,40.1835,38.3763
29.8943,2.85916,0,2.85916,10.6,44.8562,145,0,0,2323,39.8782,40.167,38.3705
29.9044,5.6954,0,5.6954,10.58,44.7824,485,0,0,2325,39.8611,40.1497,38.3648
29.9243,5.35327,0,5.35327,10.58,44.7824,203,0,0,2326,39.8487,40.1371,38.3619
29.9517,23.2849,0,23.2849,10.56,44.7086,2142,0,0,2327,39.9269,40.2153,38.359
29.9577,2.39646,0,2.39646,10.54,44.6348,401,0,0,2328,39.9244,40.2126,38.3562
30.0234,46.5563,0,46.5563,10.54,44.6348,2515,9,0,2330,40.0322,40.3202,38.3504
30.0484,20.7406,0,20.7406,10.52,44.561,412,0,0,2333,40.0086,40.2962,38.3447
30.0651,13.1413,0,13.1413,10.5,44.4872,1366,4,0,2335,40.0287,40.3161,38.3361
30.1077,34.3022,0,34.3022,10.5,44.4872,2585,0,0,2338,40.0924,40.3794,38.3304
30.1147,2.63214,0,2.63214,10.48,44.4134,92,0,0,2338,40.0924,40.3794,38.3275
30.1418,9.3484,0,9.3484,10.48,44.4134,800,2,0,2340,40.0949,40.3816,38.3218
30.1573,11.8753,0,11.8753,10.46,44.3396,169,0,0,2342,40.0645,40.351,38.319
30.1711,4.46848,0,4.46848,10.46,44.3396,404,0,0,2344,40.0456,40.3319,38.3133
30.1952,20.5236,0,20.5236,10.44,44.2658,431,0,0,2346,40.0269,40.3129,38.3047
30.2212,21.1249,0,21.1249,10.42,44.192,2068,42,0,2347,40.101,40.3869,38.3019
30.2346,9.28695,0,9.28695,10.4,39.7203,972,1,0,2348,40.1256,40.4114,38.299
30.2468,1.32249,0,1.32249,10.4,39.7203,92,0,0,2348,40.1256,40.4114,38.299
30.2586,8.0131,0,8.0131,10.38,39.5608,914,0,0,2350,40.1272,40.4128,38.2962
30.2757,3.79706,0,3.79706,10.38,39.5608,122,0,0,2351,40.1106,40.396,38.2905
30.2976,18.1176,0,18.1176,10.36,39.4063,204,0,0,2352,40.1054,40.3907,38.2877
30.3065,4.65953,0,4.65953,10.34,39.2995,562,0,0,2354,40.0913,40.3764,38.2848
30.3407,17.9268,0,17.9268,10.34,39.2995,2626,17,0,2356,40.1808,40.4656,38.2792
31.1631,818.121,816.438,1.68251,10.32,39.2271,162496,998,0,2356,39.4211,39.761,38.2763
31.2001,28.7627,0,28.7627,10.3,inf,716,3023,0,2357,38.8731,39.2936,38.2735
31.2163,10.2446,0,10.2446,10.28,46.7105,1471,0,0,2359,38.8983,39.3184,38.2679
31.2286,1.53678,0,1.53678,10.28,46.7105,228,0,0,2359,38.8983,39.3184,38.2679
31.2409,7.30931,0,7.30931,10.26,45.2113,697,0,0,2360,38.9021,39.322,38.265
31.2644,9.30593,0,9.30593,10.26,45.2113,1436,0,0,2362,38.928,39.3476,38.2594
31.2879,18.9026,0,18.9026,10.24,45.0536,2520,3,0,2366,38.9704,39.3893,38.2481
31.3028,9.41902,0,9.41902,10.22,44.917,1220,5,0,2367,38.9966,39.4153,38.2481
31.3363,22.3659,0,22.3659,10.22,44.917,1862,0,0,2370,39.0198,39.438,38.2397
31.3434,2.4288,0,2.4288,10.2,44.7961,351,0,0,2371,39.0076,39.4256,38.2368
31.3674,4.81302,0,4.81302,10.2,44.7961,662,0,0,2372,39.0097,39.4275,38.2312
31.3833,11.7153,0,11.7153,10.18,44.7023,320,0,0,2373,38.9962,39.4138,38.2312
31.4033,9.71133,0,9.71133,10.18,44.7023,510,1,0,2375,38.9773,39.3945,38.2256
31.4229,14.3483,0,14.3483,10.16,44.6351,505,0,0,2376,38.9655,39.3826,38.22
31.4409,10.9483,0,10.9483,10.16,44.6351,629,0,0,2379,38.929,39.3455,38.2144
31.4512,3.3255,0,3.3255,10.14,44.5678,410,0,0,2380,38.9151,39.3315,38.2088
31.4686,0.905965,0,0.905965,10.14,44.5678,360,0,0,2380,38.9151,39.3315,38.2088
31.4949,21.4458,0,21.4458,10.12,44.5006,2151,5,0,2383,38.9438,39.3596,38.2032
31.5022,1.62338,0,1.62338,10.1,44.4333,360,0,0,2384,38.9279,39.3435,38.1976
31.5234,1.49234,0,1.49234,10.1,44.4333,370,0,0,2384,38.9279,39.3435,38.1976
31.5507,22.116,0,22.116,10.08,44.3661,798,1,0,2386,38.9199,39.3353,38.192
31.5675,11.2919,0,11.2919,10.06,44.2988,1276,0,0,2387,38.946,39.3611,38.1892
31.5791,3.33728,0,3.33728,10.06,44.2988,377,0,0,2387,38.946,39.3611,38.1892
31.5955,10.6479,0,10.6479,10.04,44.2316,1270,0,0,2391,38.9272,39.3417,38.1809
31.608,3.18974,0,3.18974,10.04,44.2316,488,0,0,2392,38.9164,39.3307,38.1753
31.6278,13.8145,0,13.8145,10.02,44.1643,2098,0,0,2396,38.9261,39.3397,38.167
31.6397,6.05985,0,6.05985,10.02,44.1643,1255,0,0,2397,38.9479,39.3613,38.1614
31.6617,15.7152,0,15.7152,10,44.0971,1334,0,0,2399,38.9575,39.3706,38.1587
31.6934,26.6617,0,26.6617,9.98,45.994,1219,0,0,2401,38.97,39.3828,38.1531
31.7005,1.65216,0,1.65216,9.96,45.8364,330,0,0,2401,38.97,39.3828,38.1503
31.7378,18.2497,0,18.2497,9.96,45.8364,1789,0,0,2403,39.0092,39.4216,38.1448
31.7476,4.0857,0,4.0857,9.94,45.6799,990,0,0,2404,39.0241,39.4364,38.142
31.7848,21.1466,0,21.1466,9.94,45.6799,2695,0,0,2407,39.086,39.4977,38.1337
31.8086,18.2693,0,18.2693,9.92,45.5244,623,0,0,2409,39.0664,39.4778,38.131
31.8393,24.8774,0,24.8774,9.9,45.37,1916,0,0,2411,39.1062,39.5172,38.1227
31.8618,16.7233,0,16.7233,9.88,45.2165,1558,0,0,2413,39.1326,39.5433,38.1172
31.8692,1.9544,0,1.9544,9.86,45.064,289,0,0,2413,39.1326,39.5433,38.1172
31.8968,7.86378,0,7.86378,9.86,45.064,953,0,0,2415,39.1313,39.5416,38.1117
31.9252,23.43,0,23.43,9.84,44.9126,622,0,0,2417,39.1134,39.5234,38.1089
31.9547,23.5563,0,23.5563,9.82,44.7625,1535,0,0,2418,39.2221,39.6319,38.1035
31.9811,20.0102,0,20.0102,9.8,44.6133,1035,0,0,2420,39.257,39.6665,38.1007
31.9877,0.991859,0,0.991859,9.78,44.4649,280,0,0,2420,39.257,39.6665,38.098
32.012,4.75974,0,4.75974,9.78,44.4649,819,0,0,2423,39.2328,39.6418,38.0897
32.0215,4.81573,0,4.81573,9.76,44.3173,709,0,0,2425,39.2169,39.6256,38.0843
32.0395,1.45135,0,1.45135,9.76,44.3173,270,0,0,2425,39.2169,39.6256,38.0843
32.0509,5.89924,0,5.89924,9.74,44.1704,867,0,0,2428,39.1948,39.603,38.076
32.0924,27.0645,0,27.0645,9.74,44.1704,2494,0,0,2431,39.2419,39.6495,38.0706
32.1117,13.8069,0,13.8069,9.72,44.0241,1776,0,0,2432,39.2965,39.7039,38.0651
32.1213,2.87968,0,2.87968,9.72,44.0241,260,0,0,2432,39.2965,39.7039,38.0651
32.128,1.99395,0,1.99395,9.7,43.8785,405,0,0,2433,39.2861,39.6934,38.0651
32.1665,18.7812,0,18.7812,9.7,43.8785,1392,2,0,2435,39.3006,39.7076,38.0569
32.1745,3.06543,0,3.06543,9.68,43.7336,480,0,0,2436,39.2947,39.7016,38.0542
32.1941,2.21532,0,2.21532,9.68,43.7336,320,0,0,2437,39.2819,39.6886,38.0515
32.2092,10.5118,0,10.5118,9.66,43.5891,569,0,0,2439,39.2645,39.6708,38.046
32.2216,1.18616,0,1.18616,9.66,43.5891,230,0,0,2439,39.2645,39.6708,38.046
32.245,18.8572,0,18.8572,9.64,43.4678,1559,0,0,2441,39.2864,39.6923,38.0433
32.262,10.7991,0,10.7991,9.62,43.3904,883,0,0,2443,39.2833,39.6889,38.0379
32.2913,19.1565,0,19.1565,9.62,43.3904,462,0,0,2445,39.2675,39.6728,38.0298
32.3345,39.0757,0,39.0757,9.6,43.3645,1553,5,0,2447,39.3653,39.7703,38.027
32.3499,9.82356,0,9.82356,9.58,43.3386,292,0,0,2448,39.3513,39.7561,38.0216
32.3807,20.6678,0,20.6678,9.58,43.3386,763,0,0,2450,39.3433,39.7478,38.0162
32.3989,12.9396,0,12.9396,9.56,43.3127,1572,2,0,2453,39.36,39.764,38.0108
32.4114,4.86795,0,4.86795,9.56,43.3127,240,0,0,2453,39.36,39.764,38.0081
32.4239,7.71188,0,7.71188,9.54,43.2869,1075,0,0,2454,39.381,39.7848,38.0054
32.4409,3.6322,0,3.6322,9.54,43.2869,761,0,0,2455,39.3862,39.7898,38.0027
32.4614,15.9414,0,15.9414,9.52,43.261,1638,7,0,2457,39.4192,39.8225,37.9973
32.4671,0.995722,0,0.995722,9.5,43.2351,230,0,0,2457,39.4192,39.8225,37.9973
32.5229,35.0228,0,35.0228,9.5,43.2351,2380,0,0,2460,39.465,39.8679,37.9892
32.5349,7.05101,0,7.05101,9.48,43.2092,682,0,0,2463,39.4356,39.838,37.9838
32.5583,9.46694,0,9.46694,9.48,43.2092,899,0,0,2466,39.4189,39.8208,37.9758
32.5644,1.2111,0,1.2111,9.46,43.1833,230,0,0,2466,39.4189,39.8208,37.9731
32.6189,34.3222,0,34.3222,9.46,43.1833,1445,1,0,2469,39.4881,39.8894,37.965
32.6418,17.4954,0,17.4954,9.44,43.1575,1437,0,0,2472,39.4943,39.8952,37.957
32.6602,13.0625,0,13.0625,9.42,43.1316,1257,3,0,2474,39.5085,39.9091,37.9516
32.671,3.00829,0,3.00829,9.42,43.1316,270,0,0,2475,39.4945,39.8949,37.949
32.7102,34.8807,0,34.8807,9.4,43.1057,2188,2,0,2479,39.5192,39.9189,37.9383
32.7161,0.909903,0,0.909903,9.38,43.0798,220,0,0,2479,39.5192,39.9189,37.9383
32.7749,38.6985,0,38.6985,9.38,43.0798,2122,0,0,2482,39.5552,39.9545,37.9329
32.7852,5.23177,0,5.23177,9.36,43.0539,880,0,0,2484,39.5499,39.9489,37.9249
32.8112,10.2448,0,10.2448,9.36,43.0539,289,0,0,2486,39.5209,39.9195,37.9196
32.8206,4.23679,0,4.23679,9.34,43.028,280,0,0,2487,39.5074,39.9059,37.917
32.8391,1.40752,0,1.40752,9.34,43.028,220,0,0,2487,39.5074,39.9059,37.917
32.8487,5.09219,0,5.09219,9.32,43.0022,932,0,0,2489,39.5062,39.9044,37.9116
32.8727,7.49602,0,7.49602,9.32,43.0022,1306,18,0,2491,39.5219,39.9197,37.909
32.8977,20.4093,0,20.4093,9.3,42.9763,1408,0,0,2493,39.5407,39.9382,37.901
34.0061,1103.18,1086.68,16.4915,9.28,42.9504,254043,317,0,2496,39.0974,39.5184,37.8931
34.0298,16.2213,0,16.2213,9.26,42.9245,2214,0,0,2498,39.1541,39.5749,37.8904
34.0389,1.47991,0,1.47991,9.24,42.8986,210,0,0,2498,39.1541,39.5749,37.8878
34.0662,8.41657,0,8.41657,9.24,42.8986,1120,0,0,2499,39.1957,39.6162,37.8851
34.0857,14.2777,0,14.2777,9.22,42.8727,1680,0,0,2501,39.2239,39.6441,37.8799
34.1221,29.5607,0,29.5607,9.22,42.8727,1508,0,0,2503,39.3056,39.7255,37.8746
34.1364,9.35283,0,9.35283,9.2,42.8469,443,0,0,2505,39.2842,39.7038,37.8719
34.1674,20.1714,0,20.1714,9.2,42.8469,2434,0,0,2508,39.3278,39.7468,37.864
34.1916,18.5525,0,18.5525,9.18,42.821,1250,4,0,2509,39.3555,39.7744,37.8588
34.2004,3.1298,0,3.1298,9.16,42.7951,690,1,0,2510,39.3594,39.7781,37.8561
34.2215,3.62865,0,3.62865,9.16,42.7951,322,0,0,2511,39.3489,39.7674,37.8535
34.2287,2.40774,0,2.40774,9.14,42.7692,200,0,0,2511,39.3489,39.7674,37.8535
34.2732,26.3698,0,26.3698,9.14,42.7692,2998,2,0,2515,39.4223,39.8402,37.843
34.2812,2.74052,0,2.74052,9.12,42.7433,248,0,0,2516,39.4082,39.8259,37.8404
34.3043,4.89877,0,4.89877,9.12,42.7433,1145,1,0,2518,39.4158,39.8332,37.8377
34.3128,4.09298,0,4.09298,9.1,42.7174,220,0,0,2519,39.401,39.8182,37.8325
34.3341,3.70954,0,3.70954,9.1,42.7174,840,1,0,2520,39.4123,39.8294,37.8299
34.3419,3.18686,0,3.18686,9.08,42.6916,654,0,0,2521,39.4145,39.8314,37.8273
34.3682,8.17549,0,8.17549,9.08,42.6916,1099,0,0,2522,39.437,39.8537,37.8246
34.3779,5.13246,0,5.13246,9.06,42.6657,859,0,0,2524,39.4326,39.849,37.822
34.4058,11.3043,0,11.3043,9.06,42.6657,1245,0,0,2527,39.4365,39.8524,37.8142
34.4134,3.20125,0,3.20125,9.04,42.6398,355,0,0,2528,39.4276,39.8434,37.809
34.4637,31.7253,0,31.7253,9.04,42.6398,974,0,0,2530,39.4625,39.8779,37.8064
34.4783,9.72343,0,9.72343,9.02,42.6139,407,0,0,2532,39.44,39.8551,37.7985
34.4963,6.82919,0,6.82919,9.02,42.6139,590,0,0,2533,39.4402,39.8551,37.7959
34.5084,7.49285,0,7.49285,9,42.588,631,0,0,2534,39.4451,39.8599,37.7933
34.5283,5.82321,0,5.82321,9,42.588,305,0,0,2535,39.432,39.8465,37.7907
34.5501,17.6684,0,17.6684,8.98,42.5621,739,0,0,2537,39.4225,39.8368,37.7855
34.5578,2.24857,0,2.24857,8.96,42.5363,235,0,0,2538,39.4082,39.8223,37.7829
34.5827,7.45271,0,7.45271,8.96,42.5363,310,0,0,2539,39.3974,39.8113,37.7803
34.5959,7.51413,0,7.51413,8.94,42.5104,1060,0,0,2541,39.3994,39.8131,37.7751
34.6154,7.29175,0,7.29175,8.94,42.5104,1371,0,0,2543,39.418,39.8313,37.7725
34.6363,15.4269,0,15.4269,8.92,42.4845,860,0,0,2545,39.4138,39.8267,37.7674
34.6446,3.89926,0,3.89926,8.9,42.4586,512,1,0,2546,39.412,39.8248,37.7622
34.6636,1.19449,0,1.19449,8.9,42.4586,190,0,0,2546,39.412,39.8248,37.7622
34.6683,0.505653,0,0.505653,8.88,42.4327,190,0,0,2546,39.412,39.8248,37.7622
34.7124,22.8293,0,22.8293,8.88,42.4327,2877,0,0,2549,39.4912,39.9035,37.757
34.7311,13.2438,0,13.2438,8.86,39.2106,783,0,0,2551,39.4853,39.8973,37.7493
34.761,22.8719,0,22.8719,8.86,39.2106,1563,0,0,2553,39.5127,39.9244,37.7441
34.8018,35.8382,0,35.8382,8.84,39.053,1223,1,0,2554,39.5677,39.9792,37.7415
34.8109,3.30354,0,3.30354,8.82,38.895,440,0,0,2555,39.562,39.9734,37.7389
34.8438,15.1976,0,15.1976,8.82,38.895,1234,0,0,2558,39.5586,39.9695,37.7338
34.8501,1.13312,0,1.13312,8.8,42.719,190,0,0,2558,39.5586,39.9695,37.7312
34.8761,7.26599,0,7.26599,8.8,42.719,650,0,0,2561,39.5295,39.9399,37.7235
34.8949,13.5121,0,13.5121,8.78,38.8472,2635,2,0,2564,39.58,39.9899,37.7158
34.9355,34.4084,0,34.4084,8.78,38.8472,3774,6,0,2567,39.6786,40.088,37.7081
34.9565,15.4094,0,15.4094,8.76,38.6886,2099,0,0,2570,39.7144,40.1233,37.703
34.9669,4.96342,0,4.96342,8.74,38.5295,699,0,0,2571,39.7172,40.126,37.6978
35.0208,38.3426,0,38.3426,8.74,38.5295,1795,0,0,2574,39.7339,40.1422,37.6902
35.0368,10.9257,0,10.9257,8.72,38.3698,1050,2,0,2576,39.7364,40.1444,37.6851
35.0518,5.39956,0,5.39956,8.72,38.3698,820,0,0,2578,39.73,40.1377,37.68
35.0612,5.02651,0,5.02651,8.7,38.2094,222,0,0,2579,39.7162,40.1237,37.6774
35.083,5.06645,0,5.06645,8.7,38.2094,924,1,0,2580,39.7302,40.1376,37.6774
35.0904,3.0201,0,3.0201,8.68,38.0484,340,0,0,2582,39.7057,40.1127,37.6698
35.1104,1.27802,0,1.27802,8.68,38.0484,230,0,0,2583,39.6922,40.0991,37.6672
35.1289,14.1777,0,14.1777,8.66,37.8867,190,0,0,2584,39.6772,40.084,37.6647
35.1456,9.48781,0,9.48781,8.66,37.8867,270,0,0,2585,39.6654,40.072,37.6621
35.1581,7.63251,0,7.63251,8.64,37.7242,1361,2,0,2586,39.6976,40.104,37.6621
35.1811,10.3865,0,10.3865,8.64,37.7242,309,0,0,2587,39.6873,40.0935,37.657
35.1882,1.54627,0,1.54627,8.62,37.5611,170,0,0,2587,39.6873,40.0935,37.657
35.215,7.60259,0,7.60259,8.62,37.5611,855,0,0,2588,39.711,40.1171,37.6545
35.2355,15.6796,0,15.6796,8.6,37.3979,1259,0,0,2591,39.7078,40.1135,37.6469
35.2714,30.1247,0,30.1247,8.58,44.2375,1496,0,0,2592,39.767,40.1725,37.6444
35.2982,21.9368,0,21.9368,8.56,37.3061,2871,0,0,2595,39.8455,40.2505,37.6368
35.317,14.2249,0,14.2249,8.54,37.1434,1054,0,0,2597,39.851,40.2557,37.6317
35.3326,8.69333,0,8.69333,8.54,37.1434,220,0,0,2599,39.8226,40.227,37.6266
35.3388,1.99707,0,1.99707,8.52,36.9813,225,0,0,2599,39.8226,40.227,37.6266
35.3896,31.032,0,31.032,8.52,36.9813,1012,2,0,2602,39.8113,40.2152,37.6191
35.4036,8.83394,0,8.83394,8.5,36.8197,259,0,0,2603,39.7998,40.2036,37.6165
35.4201,4.57466,0,4.57466,8.5,36.8197,780,1,0,2606,39.7778,40.1811,37.609
35.4323,7.74329,0,7.74329,8.48,36.6587,1707,0,0,2607,39.8216,40.2248,37.6065
35.4519,5.8827,0,5.8827,8.48,36.6587,719,0,0,2608,39.8271,40.2301,37.6065
35.4963,39.7393,0,39.7393,8.46,36.4981,3125,7,0,2610,39.9575,40.3602,37.6014
35.5122,10.4078,0,10.4078,8.44,36.3379,300,0,0,2612,39.9326,40.335,37.5964
35.5501,27.6295,0,27.6295,8.44,36.3379,1547,2,0,2615,39.9434,40.3453,37.5889
35.5736,17.9148,0,17.9148,8.42,36.1782,1638,0,0,2617,39.9736,40.3752,37.5838
35.584,4.58601,0,4.58601,8.4,36.0188,633,0,0,2618,39.9771,40.3785,37.5788
35.6013,1.80268,0,1.80268,8.4,36.0188,210,0,0,2619,39.9641,40.3654,37.5763
35.616,8.69942,0,8.69942,8.38,35.8681,160,0,0,2620,39.9492,40.3504,37.5763
35.6584,31.821,0,31.821,8.38,35.8681,3684,7,0,2622,40.0618,40.4626,37.5688
35.669,5.22789,0,5.22789,8.36,35.7401,310,0,0,2623,40.053,40.4537,37.5663
35.6867,1.9601,0,1.9601,8.36,35.7401,155,0,0,2623,40.053,40.4537,37.5663
35.6963,5.25806,0,5.25806,8.34,35.6122,583,0,0,2624,40.0549,40.4554,37.5663
35.7192,6.33032,0,6.33032,8.34,35.6122,537,0,0,2626,40.0404,40.4406,37.5588
35.7255,2.02608,0,2.02608,8.32,35.4843,140,0,0,2626,40.0404,40.4406,37.5588
35.7468,1.67285,0,1.67285,8.32,35.4843,380,0,0,2627,40.0343,40.4343,37.5563
35.7551,3.9543,0,3.9543,8.3,35.3563,670,0,0,2629,40.024,40.4237,37.5513
35.7935,20.6127,0,20.6127,8.3,35.3563,2300,0,0,2631,40.0775,40.477,37.5463
35.8063,7.54321,0,7.54321,8.28,35.2566,943,0,0,2632,40.0938,40.4932,37.5438
35.8239,4.08028,0,4.08028,8.28,35.2566,420,0,0,2634,40.0744,40.4734,37.5414
35.8419,13.0915,0,13.0915,8.26,35.1761,330,0,0,2636,40.0516,40.4503,37.5364
35.8653,14.9696,0,14.9696,8.26,35.1761,1936,0,0,2638,40.0929,40.4913,37.5289
35.8753,4.50218,0,4.50218,8.24,35.0955,160,0,0,2639,40.0796,40.4778,37.5264
35.8952,4.45388,0,4.45388,8.24,35.0955,810,0,0,2640,40.0909,40.489,37.524
35.9143,13.5165,0,13.5165,8.22,35.015,233,0,0,2641,40.081,40.479,37.5215
35.9549,33.9919,0,33.9919,8.22,35.015,2668,0,0,2643,40.1517,40.5494,37.519
35.9643,3.57187,0,3.57187,8.2,34.9344,260,0,0,2644,40.1426,40.5401,37.514
35.9996,18.0598,0,18.0598,8.2,34.9344,2663,25,0,2647,40.1998,40.5969,37.5091
36.0226,17.5916,0,17.5916,8.18,34.8539,2211,0,0,2648,40.2776,40.6745,37.5041
36.0488,21.2902,0,21.2902,8.16,34.7733,1919,0,0,2650,40.3343,40.7309,37.5017
36.0581,3.38332,0,3.38332,8.14,34.6928,610,0,0,2651,40.3384,40.7348,37.4967
36.0804,5.18972,0,5.18972,8.14,34.6928,346,0,0,2652,40.333,40.7293,37.4967
36.0907,5.35093,0,5.35093,8.12,34.6122,94,0,0,2652,40.333,40.7293,37.4943
36.1081,1.3548,0,1.3548,8.12,34.6122,90,0,0,2652,40.333,40.7293,37.4943
36.123,10.7054,0,10.7054,8.1,34.5317,1202,0,0,2654,40.3455,40.7415,37.4918
36.1505,16.4155,0,16.4155,8.1,34.5317,1305,1,0,2656,40.3614,40.7572,37.4868
36.1677,12.2907,0,12.2907,8.08,34.4511,424,0,0,2658,40.3446,40.74,37.4795
36.1847,7.57993,0,7.57993,8.08,34.4511,468,0,0,2659,40.3441,40.7394,37.477
36.3582,169.172,163.895,5.27709,8.06,34.3705,43539,2,0,2660,40.3391,40.7342,37.4745
36.3661,3.18658,0,3.18658,8.04,34.29,610,0,0,2661,40.3435,40.7384,37.4721
36.412,28.5821,0,28.5821,8.04,34.29,1742,0,0,2663,40.3815,40.7762,37.4672
36.4284,11.4999,0,11.4999,8.02,34.2094,296,0,0,2664,40.3742,40.7688,37.4672
36.4581,20.5898,0,20.5898,8.02,34.2094,393,0,0,2667,40.3405,40.7345,37.4598
36.4716,8.48345,0,8.48345,8,34.1289,602,1,0,2669,40.3312,40.725,37.4524
36.5021,18.7032,0,18.7032,8,34.1289,1697,0,0,2673,40.3341,40.7273,37.4451
36.5314,23.7133,0,23.7133,7.98,34.0483,1233,0,0,2676,40.3337,40.7265,37.4377
36.5434,6.23792,0,6.23792,7.96,33.9678,938,0,0,2677,40.3523,40.7449,37.4329
36.5803,23.0547,0,23.0547,7.96,33.9678,1055,0,0,2679,40.3595,40.7518,37.4304
36.5906,5.34139,0,5.34139,7.94,33.8872,1015,0,0,2680,40.3806,40.7728,37.4255
36.6362,30.2924,0,30.2924,7.94,33.8872,2885,0,0,2682,40.4571,40.849,37.4207
36.6437,2.40428,0,2.40428,7.92,33.8067,110,0,0,2683,40.4432,40.8349,37.4182
36.6706,8.72817,0,8.72817,7.92,33.8067,525,0,0,2684,40.4449,40.8364,37.4158
36.6767,1.88876,0,1.88876,7.9,33.7261,100,0,0,2684,40.4449,40.8364,37.4158
36.7109,14.7699,0,14.7699,7.9,33.7261,1358,0,0,2686,40.4732,40.8645,37.4109
36.7225,7.39185,0,7.39185,7.88,33.6456,481,0,0,2687,40.4741,40.8653,37.4085
36.8005,63.654,0,63.654,7.88,33.6456,3464,4,0,2690,40.5643,40.955,37.4036
36.8089,2.97052,0,2.97052,7.86,33.565,130,0,0,2691,40.5511,40.9417,37.3988
36.8423,15.3315,0,15.3315,7.86,33.565,1227,0,0,2693,40.5667,40.9569,37.3963
36.8638,17.4861,0,17.4861,7.84,33.4845,2112,10,0,2696,40.5987,40.9885,37.3891
36.8753,6.09738,0,6.09738,7.82,33.4039,186,0,0,2697,40.5884,40.9781,37.3842
36.9038,14.0531,0,14.0531,7.82,33.4039,1290,0,0,2698,40.6205,41.01,37.3818
36.9457,37.6726,0,37.6726,7.8,33.3234,1269,0,0,2700,40.6348,41.0241,37.377
36.9568,5.23696,0,5.23696,7.78,33.2428,184,0,0,2701,40.6238,41.013,37.3745
36.9918,19.724,0,19.724,7.78,33.2428,178,1,0,2702,40.614,41.003,37.3721
37.0499,53.1241,0,53.1241,7.76,33.1623,3490,0,0,2704,40.7877,41.1764,37.3673
37.0668,11.1914,0,11.1914,7.74,33.0817,1492,0,0,2705,40.827,41.2155,37.3649
37.0936,18.2258,0,18.2258,7.74,33.0817,670,0,0,2707,40.8186,41.2069,37.3625
37.1042,5.68328,0,5.68328,7.72,33.0012,1193,0,0,2709,40.8298,41.2178,37.3552
37.1219,3.16826,0,3.16826,7.72,33.0012,210,0,0,2710,40.8196,41.2074,37.3528
37.1337,6.95611,0,6.95611,7.7,32.9206,906,0,0,2713,40.8054,41.1928,37.348
37.1768,29.8535,0,29.8535,7.7,32.9206,2060,1,0,2716,40.8373,41.2242,37.3384
37.1868,4.73798,0,4.73798,7.68,32.84,392,0,0,2718,40.8197,41.2064,37.336
37.205,2.13875,0,2.13875,7.68,32.84,89,0,0,2718,40.8197,41.2064,37.3336
37.217,7.3124,0,7.3124,7.66,32.7595,1104,0,0,2719,40.8419,41.2284,37.3336
37.2325,1.14718,0,1.14718,7.66,32.7595,80,0,0,2719,40.8419,41.2284,37.3312
37.2457,8.32414,0,8.32414,7.64,32.6789,150,0,0,2720,40.8294,41.2158,37.3288
37.2788,19.9411,0,19.9411,7.64,32.6789,1587,4,0,2721,40.8703,41.2565,37.3264
37.2846,1.26042,0,1.26042,7.62,32.5984,80,0,0,2721,40.8703,41.2565,37.3264
37.3139,9.31256,0,9.31256,7.62,32.5984,871,2,0,2722,40.8883,41.2744,37.324
37.3237,4.49636,0,4.49636,7.6,32.5178,184,0,0,2723,40.8766,41.2626,37.324
37.349,9.75356,0,9.75356,7.6,32.5178,180,0,0,2724,40.8653,41.2511,37.3192
37.3924,38.2874,0,38.2874,7.58,32.4373,1478,0,0,2727,40.8772,41.2626,37.312
37.4132,15.0166,0,15.0166,7.56,32.3567,1474,0,0,2730,40.8941,41.2791,37.3073
37.437,18.6666,0,18.6666,7.54,32.2762,220,0,0,2732,40.8697,41.2544,37.3025
37.449,7.65986,0,7.65986,7.52,32.1956,874,0,0,2734,40.8698,41.2542,37.2977
37.4755,12.7791,0,12.7791,7.52,32.1956,676,2,0,2736,40.8684,41.2526,37.293
37.4924,12.8686,0,12.8686,7.5,32.1151,2041,16,0,2738,40.9131,41.2969,37.2858
37.5059,4.40085,0,4.40085,7.5,32.1151,104,0,0,2739,40.9,41.2837,37.2834
37.5172,7.01539,0,7.01539,7.48,32.0345,834,0,0,2741,40.9,41.2835,37.2811
37.5324,0.54997,0,0.54997,7.48,32.0345,70,0,0,2741,40.9,41.2835,37.2787
37.5433,6.56905,0,6.56905,7.46,31.954,70,0,0,2741,40.9,41.2835,37.2787
37.565,7.02847,0,7.02847,7.46,31.954,913,0,0,2743,40.9012,41.2844,37.2739
37.5957,26.0366,0,26.0366,7.44,31.8734,739,0,0,2745,40.8984,41.2812,37.2692
37.6102,9.12552,0,9.12552,7.42,31.7929,453,0,0,2746,40.8977,41.2804,37.2692
37.6331,11.7595,0,11.7595,7.42,31.7929,1712,3,0,2747,40.9469,41.3295,37.2644
37.6499,11.697,0,11.697,7.4,31.7123,429,0,0,2748,40.9461,41.3286,37.2621
37.6622,2.28681,0,2.28681,7.4,31.7123,140,0,0,2749,40.9342,41.3165,37.2597
37.6816,15.0516,0,15.0516,7.38,31.6318,1944,0,0,2751,40.9756,41.3577,37.2573
37.7165,29.0692,0,29.0692,7.38,31.6318,904,0,0,2753,41.0628,41.4446,37.2502
37.7415,19.336,0,19.336,7.36,31.5512,1374,0,0,2757,41.0519,41.4331,37.2431
37.7567,10.705,0,10.705,7.34,31.4707,1321,0,0,2759,41.0689,41.4498,37.2361
37.7702,2.73087,0,2.73087,7.34,31.4707,120,0,0,2760,41.0562,41.437,37.2361
37.8045,30.1418,0,30.1418,7.32,31.3901,350,3,0,2762,41.0369,41.4175,37.2313
37.813,3.40353,0,3.40353,7.3,31.3095,150,0,0,2763,41.0253,41.4057,37.2266
37.8362,5.72713,0,5.72713,7.3,31.3095,530,0,0,2765,41.013,41.3931,37.2243
37.8513,10.9648,0,10.9648,7.28,31.229,60,0,0,2765,41.013,41.3931,37.2219
37.8798,17.7156,0,17.7156,7.28,31.229,2628,0,0,2767,41.0773,41.4572,37.2172
37.8876,2.02881,0,2.02881,7.26,31.1484,70,0,0,2768,41.0629,41.4426,37.2172
37.9101,4.57302,0,4.57302,7.26,31.1484,320,0,0,2769,41.0574,41.437,37.2125
37.9205,4.83351,0,4.83351,7.24,31.0679,216,0,0,2770,41.048,41.4274,37.2102
37.9541,18.6465,0,18.6465,7.24,31.0679,1047,0,0,2772,41.0599,41.439,37.2078
37.9606,1.01332,0,1.01332,7.22,30.9873,64,0,0,2772,41.0599,41.439,37.2055
37.9823,2.10761,0,2.10761,7.22,30.9873,64,0,0,2772,41.0599,41.439,37.2055
37.9985,11.8619,0,11.8619,7.2,30.9068,104,0,0,2772,41.0599,41.439,37.2055
38.0082,1.15104,0,1.15104,7.2,30.9068,60,0,0,2772,41.0599,41.439,37.2055
38.0158,2.13092,0,2.13092,7.18,30.8262,60,0,0,2772,41.0599,41.439,37.2055
38.0359,2.18015,0,2.18015,7.18,30.8262,130,0,0,2773,41.0476,41.4266,37.2031
38.048,7.45209,0,7.45209,7.16,30.7457,580,0,0,2774,41.0534,41.4322,37.2008
38.0646,2.44453,0,2.44453,7.16,30.7457,140,0,0,2775,41.0414,41.4202,37.2008
38.0814,11.9683,0,11.9683,7.14,30.6651,720,0,0,2777,41.0367,41.4152,37.1961
38.0929,1.89489,0,1.89489,7.14,30.6651,100,0,0,2778,41.0234,41.4017,37.1914
38.1215,24.3956,0,24.3956,7.12,30.5846,1288,0,0,2780,41.0396,41.4176,37.1891
38.1286,2.1964,0,2.1964,7.1,30.504,60,0,0,2780,41.0396,41.4176,37.1868
38.1579,10.4595,0,10.4595,7.1,30.504,871,0,0,2782,41.0406,41.4184,37.1844
38.1868,24.3724,0,24.3724,7.08,30.4235,2448,5,0,2784,41.0991,41.4767,37.1797
38.2002,8.13988,0,8.13988,7.06,30.3429,1297,7,0,2787,41.1005,41.4776,37.1727
38.2472,34.2045,0,34.2045,7.06,30.3429,2189,0,0,2790,41.1341,41.5108,37.1657
38.2589,6.48938,0,6.48938,7.04,30.2624,260,0,0,2792,41.1117,41.4882,37.1588
38.2744,1.93878,0,1.93878,7.04,30.2624,110,1,0,2793,41.0988,41.4751,37.1564
38.3101,30.6801,0,30.6801,7.02,30.1818,3000,2,0,2795,41.1782,41.5542,37.1518
38.3344,19.2695,0,19.2695,7,30.1013,1147,0,0,2797,41.1888,41.5645,37.1495
38.3525,13.582,0,13.582,6.98,30.0207,1639,1,0,2800,41.205,41.5804,37.1425
38.3746,14.6873,0,14.6873,6.98,30.0207,310,0,0,2802,41.1845,41.5596,37.1356
38.381,1.56054,0,1.56054,6.96,29.9402,60,0,0,2802,41.1845,41.5596,37.1356
38.4114,11.9202,0,11.9202,6.96,29.9402,652,0,0,2805,41.1579,41.5326,37.1286
38.4267,10.0685,0,10.0685,6.94,29.8596,1682,3,0,2807,41.1895,41.5639,37.124
38.4526,16.0048,0,16.0048,6.94,29.8596,871,0,0,2810,41.1758,41.5498,37.117
38.4783,20.0854,0,20.0854,6.92,29.779,1011,0,0,2813,41.1756,41.5492,37.1124
38.4871,4.13962,0,4.13962,6.9,29.6985,60,0,0,2813,41.1756,41.5492,37.1101
38.5231,20.1309,0,20.1309,6.9,29.6985,222,0,0,2815,41.152,41.5254,37.1078
38.5338,5.57731,0,5.57731,6.88,29.6179,642,0,0,2816,41.1602,41.5334,37.1032
38.5697,20.961,0,20.961,6.88,29.6179,2841,0,0,2820,41.2082,41.5809,37.0963
38.5831,8.27147,0,8.27147,6.86,29.5374,282,0,0,2821,41.2021,41.5746,37.0917
38.5986,3.76035,0,3.76035,6.86,29.5374,580,0,0,2823,41.1916,41.5639,37.0871
38.6535,50.4489,0,50.4489,6.84,29.4568,3422,2,0,2827,41.3031,41.6749,37.0802
38.6631,4.20731,0,4.20731,6.82,29.3763,630,1,0,2829,41.2941,41.6656,37.0733
38.6841,4.84467,0,4.84467,6.82,29.3763,486,0,0,2830,41.2951,41.6664,37.0711
38.6897,1.29555,0,1.29555,6.8,29.2957,60,0,0,2830,41.2951,41.6664,37.0711
38.7217,11.8226,0,11.8226,6.8,29.2957,1215,0,0,2831,41.3232,41.6945,37.0688
38.7296,3.52206,0,3.52206,6.78,29.2152,170,0,0,2832,41.3129,41.684,37.0688
38.754,6.05938,0,6.05938,6.78,29.2152,533,0,0,2834,41.301,41.6718,37.0642
38.7656,7.53833,0,7.53833,6.76,29.1346,1131,1,0,2836,41.311,41.6816,37.0596
38.7995,19.5937,0,19.5937,6.76,29.1346,1123,0,0,2840,41.2908,41.6609,37.0505
38.8187,13.3579,0,13.3579,6.74,29.0541,769,0,0,2842,41.291,41.6608,37.0436
38.8417,16.4887,0,16.4887,6.74,29.0541,2744,2,0,2844,41.3586,41.7282,37.0414
38.8627,15.0793,0,15.0793,6.72,28.9735,490,0,0,2846,41.345,41.7143,37.0345
38.8711,3.07262,0,3.07262,6.7,28.893,359,0,0,2847,41.3421,41.7113,37.0323
38.9098,20.2277,0,20.2277,6.7,28.893,2588,0,0,2850,41.3923,41.7611,37.0254
38.9346,19.3553,0,19.3553,6.68,28.8124,1433,0,0,2852,41.418,41.7865,37.0209
40.4585,1517.98,1493.23,24.7481,6.66,28.7319,436247,901,0,2853,40.0287,40.4546,37.0186
40.4687,2.77711,0,2.77711,6.64,28.6513,40,0,0,2853,40.0287,40.4546,37.0186
40.4942,8.80535,0,8.80535,6.64,28.6513,62,0,0,2853,40.0287,40.4546,37.0186
40.5109,10.942,0,10.942,6.62,28.5708,1260,0,0,2855,40.0434,40.469,37.0141
40.551,30.5431,0,30.5431,6.62,28.5708,762,0,0,2858,40.0269,40.4521,37.0096
40.5581,2.42231,0,2.42231,6.6,28.4902,100,0,0,2859,40.015,40.44,37.005
40.5901,14.5093,0,14.5093,6.6,28.4902,802,0,0,2861,40.0164,40.4411,37.0005
40.6032,7.73232,0,7.73232,6.58,28.4097,1451,4,0,2862,40.0524,40.4769,36.9982
40.6257,10.7419,0,10.7419,6.58,28.4097,1462,0,0,2863,40.0919,40.5162,36.9982
40.6386,6.94699,0,6.94699,6.56,28.3291,324,0,0,2866,40.0618,40.4857,36.9892
40.6784,26.0196,0,26.0196,6.56,28.3291,1408,0,0,2868,40.0833,40.507,36.987
40.6923,8.02165,0,8.02165,6.54,28.2485,384,0,0,2870,40.0676,40.4909,36.9802
40.7062,2.17176,0,2.17176,6.54,28.2485,40,0,0,2870,40.0676,40.4909,36.9802
40.7238,13.2067,0,13.2067,6.52,28.168,1571,1,0,2873,40.079,40.5019,36.9757
40.7556,23.891,0,23.891,6.52,28.168,2036,5,0,2875,40.1311,40.5537,36.9712
40.775,13.6769,0,13.6769,6.5,28.0874,490,0,0,2876,40.1328,40.5553,36.9689
40.7833,2.43951,0,2.43951,6.5,28.0874,230,0,0,2877,40.1255,40.5478,36.9644
40.8066,17.61,0,17.61,6.48,28.0069,2642,0,0,2880,40.1743,40.5962,36.9599
40.8145,3.1762,0,3.1762,6.46,27.9263,350,0,0,2881,40.1711,40.5928,36.9555
40.8515,18.5466,0,18.5466,6.46,27.9263,2282,0,0,2884,40.2074,40.6286,36.9487
40.8679,10.5215,0,10.5215,6.44,27.8458,500,0,0,2885,40.2083,40.6295,36.9465
40.8906,13.7703,0,13.7703,6.44,27.8458,1932,3,0,2888,40.2327,40.6534,36.9398
40.8984,1.65748,0,1.65748,6.42,27.7652,40,0,0,2888,40.2327,40.6534,36.9398
40.9386,21.6803,0,21.6803,6.42,27.7652,2020,0,0,2890,40.274,40.6945,36.9353
40.9507,7.91492,0,7.91492,6.4,27.6847,630,2,0,2891,40.2805,40.7008,36.9331
40.9685,3.91064,0,3.91064,6.4,27.6847,340,0,0,2892,40.277,40.6971,36.9308
40.9858,13.0722,0,13.0722,6.38,27.6041,1986,0,0,2894,40.3172,40.737,36.9264
41.0102,15.7542,0,15.7542,6.38,27.6041,1495,0,0,2897,40.3331,40.7525,36.9197
41.024,7.77517,0,7.77517,6.36,27.5236,1210,0,0,2899,40.3456,40.7647,36.9152
41.0549,19.1662,0,19.1662,6.36,27.5236,540,0,0,2901,40.3351,40.7539,36.913
41.0683,7.72077,0,7.72077,6.34,27.443,1130,0,0,2902,40.3587,40.7774,36.9085
41.0945,13.7399,0,13.7399,6.34,27.443,1536,0,0,2904,40.3829,40.8013,36.9041
41.1014,2.21927,0,2.21927,6.32,27.3625,130,0,0,2905,40.3721,40.7904,36.9019
41.1221,1.25767,0,1.25767,6.32,27.3625,40,0,0,2905,40.3721,40.7904,36.9019
41.1431,16.7488,0,16.7488,6.3,27.2819,1442,0,0,2906,40.415,40.8331,36.8996
41.1575,8.86658,0,8.86658,6.28,27.2014,1336,1,0,2907,40.4482,40.8662,36.8974
41.1932,24.8986,0,24.8986,6.28,27.2014,1218,0,0,2910,40.4509,40.8684,36.893
41.212,13.3563,0,13.3563,6.26,27.1208,326,0,0,2911,40.4459,40.8633,36.8886
41.247,27.7343,0,27.7343,6.26,27.1208,2420,0,0,2914,40.4945,40.9115,36.8819
41.2561,3.61401,0,3.61401,6.24,27.0403,260,0,0,2915,40.4885,40.9053,36.8797
41.2842,12.1059,0,12.1059,6.24,27.0403,794,0,0,2916,40.501,40.9177,36.8775
41.299,8.52197,0,8.52197,6.22,26.9597,1730,23,0,2919,40.5176,40.9339,36.8708
41.3484,38.6387,0,38.6387,6.22,26.9597,2472,9,0,2923,40.5464,40.962,36.8642
41.3989,44.93,0,44.93,6.2,26.8792,5362,5,0,2926,40.6941,41.1094,36.8576
41.4305,26.1,0,26.1,6.18,26.7986,2502,19,0,2929,40.7409,41.1557,36.851
41.4436,7.4951,0,7.4951,6.16,26.718,100,0,0,2930,40.729,41.1437,36.8466
41.4722,15.1396,0,15.1396,6.16,26.718,2466,0,0,2932,40.7851,41.1995,36.8422
41.484,6.20128,0,6.20128,6.14,26.6375,623,0,0,2933,40.7917,41.2059,36.84
41.5255,28.2907,0,28.2907,6.14,26.6375,2250,0,0,2936,40.8283,41.2422,36.8356
41.5485,17.2966,0,17.2966,6.12,26.5569,1278,1,0,2937,40.858,41.2717,36.8312
41.5561,1.93764,0,1.93764,6.1,26.4764,80,0,0,2938,40.8458,41.2594,36.829
41.5852,11.3718,0,11.3718,6.1,26.4764,512,0,0,2939,40.8486,41.262,36.8268
41.5947,3.47376,0,3.47376,6.08,26.3958,250,0,0,2941,40.8283,41.2414,36.8224
41.6301,18.3226,0,18.3226,6.08,26.3958,1946,0,0,2943,40.8692,41.282,36.8203
41.6412,6.1924,0,6.1924,6.06,26.3153,454,0,0,2944,40.8702,41.2829,36.8159
41.6616,5.17381,0,5.17381,6.06,26.3153,530,0,0,2946,40.8595,41.2719,36.8137
41.6679,1.39716,0,1.39716,6.04,26.2347,30,0,0,2946,40.8595,41.2719,36.8115
41.7044,16.4238,0,16.4238,6.04,26.2347,1034,0,0,2949,40.8525,41.2645,36.8071
41.7242,14.2325,0,14.2325,6.02,26.1542,1490,3,0,2953,40.8466,41.258,36.7984
41.7456,16.3734,0,16.3734,6,26.0736,1130,0,0,2955,40.8562,41.2673,36.7919
41.7555,3.7823,0,3.7823,5.98,25.9931,280,0,0,2956,40.8508,41.2618,36.7897
41.7941,22.8178,0,22.8178,5.98,25.9931,1060,0,0,2957,40.8759,41.2868,36.7897
41.8141,14.4217,0,14.4217,5.96,25.9125,760,0,0,2958,40.8867,41.2975,36.7853
41.8318,12.2493,0,12.2493,5.96,25.9125,940,0,0,2960,40.8899,41.3003,36.781
41.8561,19.8085,0,19.8085,5.94,25.832,760,0,0,2964,40.8593,41.2692,36.7745
41.8764,15.5714,0,15.5714,5.92,25.7514,756,0,0,2966,40.857,41.2667,36.768
41.8872,5.10444,0,5.10444,5.9,25.6709,930,0,0,2967,40.8736,41.2831,36.7658
41.9033,1.29724,0,1.29724,5.9,25.6709,34,0,0,2967,40.8736,41.2831,36.7658
41.9118,2.54984,0,2.54984,5.88,25.5903,110,0,0,2968,40.8622,41.2716,36.7636
41.9564,27.4911,0,27.4911,5.88,25.5903,1624,0,0,2971,40.8748,41.2837,36.7593
41.9757,13.645,0,13.645,5.86,25.5098,1256,3,0,2974,40.8746,41.2831,36.7528
41.9865,3.70476,0,3.70476,5.86,25.5098,170,0,0,2975,40.8655,41.2739,36.7485
42.0239,33.1877,0,33.1877,5.84,25.4292,1930,8,0,2977,40.9019,41.31,36.7463
42.0556,26.1151,0,26.1151,5.82,25.3487,610,0,0,2980,40.8802,41.2879,36.7377
42.0624,2.19219,0,2.19219,5.8,25.2681,30,0,0,2980,40.8802,41.2879,36.7377
42.0934,12.1908,0,12.1908,5.8,25.2681,64,0,0,2981,40.8672,41.2747,36.7355
42.101,2.37868,0,2.37868,5.78,25.1875,30,0,0,2981,40.8672,41.2747,36.7355
42.1274,7.49813,0,7.49813,5.78,25.1875,924,0,0,2982,40.8836,41.2911,36.7334
42.1411,8.19705,0,8.19705,5.76,25.107,420,0,0,2983,40.883,41.2903,36.7334
42.1557,1.47659,0,1.47659,5.76,25.107,30,0,0,2983,40.883,41.2903,36.7312
42.1636,3.52688,0,3.52688,5.74,25.0264,390,0,0,2986,40.854,41.2609,36.7269
42.1987,17.1382,0,17.1382,5.74,25.0264,2158,1,0,2988,40.9083,41.3149,36.7226
42.2152,11.0281,0,11.0281,5.72,24.9459,1062,0,0,2990,40.9167,41.3231,36.7183
42.2515,27.3075,0,27.3075,5.72,24.9459,1264,0,0,2993,40.9188,41.3248,36.7118
42.2645,7.79014,0,7.79014,5.7,24.8653,890,0,0,2994,40.9352,41.341,36.7075
42.2896,12.2731,0,12.2731,5.7,24.8653,1640,12,0,2996,40.9613,41.3668,36.7033
42.3032,8.4319,0,8.4319,5.68,24.7848,320,0,0,2998,40.9436,41.3489,36.699
42.3195,3.43791,0,3.43791,5.68,24.7848,180,0,0,2999,40.935,41.3401,36.6968
42.326,1.6701,0,1.6701,5.66,24.7042,30,0,0,2999,40.935,41.3401,36.6968
42.3608,13.8407,0,13.8407,5.66,24.7042,100,0,0,3001,40.91,41.3149,36.6925
42.3702,4.61034,0,4.61034,5.64,24.6237,123,0,0,3002,40.8994,41.3041,36.6925
42.3897,2.71044,0,2.71044,5.64,24.6237,230,0,0,3003,40.8924,41.297,36.6883
42.424,29.6791,0,29.6791,5.62,24.5431,2392,0,0,3006,40.9338,41.338,36.684
42.4415,11.6425,0,11.6425,5.6,24.4626,633,0,0,3008,40.9265,41.3305,36.6776
42.4809,30.4546,0,30.4546,5.6,24.4626,2051,21,0,3009,41.0306,41.4344,36.6755
43.2206,733.288,718.742,14.5452,5.58,24.382,240928,427,0,3010,40.4841,40.9193,36.6733
43.2285,2.23576,0,2.23576,5.56,24.3015,60,0,0,3011,40.4716,40.9067,36.6712
43.2479,1.58788,0,1.58788,5.56,24.3015,30,0,0,3011,40.4716,40.9067,36.6712
43.2587,5.64049,0,5.64049,5.54,24.2209,530,0,0,3012,40.4748,40.9097,36.6691
43.3144,40.2648,0,40.2648,5.54,24.2209,2470,2,0,3015,40.5154,40.9499,36.6627
43.3314,10.9066,0,10.9066,5.52,24.1404,1547,2,0,3018,40.5258,40.9599,36.6584
43.3681,27.0932,0,27.0932,5.52,24.1404,1600,0,0,3023,40.5108,40.9441,36.6478
43.376,2.47398,0,2.47398,5.5,24.0598,38,0,0,3023,40.5108,40.9441,36.6457
43.4092,14.7068,0,14.7068,5.5,24.0598,570,1,0,3026,40.4884,40.9213,36.6393
43.4367,22.0615,0,22.0615,5.48,23.9793,2058,0,0,3029,40.5157,40.9482,36.6329
43.466,23.3216,0,23.3216,5.46,23.8987,2709,26,0,3033,40.5516,40.9835,36.6245
43.5029,31.1529,0,31.1529,5.44,23.8182,3231,0,0,3035,40.631,41.0626,36.6203
43.5329,22.9105,0,22.9105,5.42,23.7376,1727,0,0,3038,40.6471,41.0783,36.6139
43.5553,16.7489,0,16.7489,5.4,23.657,797,0,0,3041,40.6327,41.0635,36.6076
43.5709,9.72996,0,9.72996,5.38,23.5765,1278,4,0,3043,40.6471,41.0776,36.6034
43.6269,46.2787,0,46.2787,5.38,23.5765,4146,3,0,3045,40.756,41.1862,36.5992
43.6631,30.7343,0,30.7343,5.36,23.4959,2810,10,0,3049,40.7944,41.224,36.5929
43.6717,2.1912,0,2.1912,5.34,23.4154,70,0,0,3050,40.7813,41.2108,36.5887
43.6957,5.65876,0,5.65876,5.34,23.4154,320,0,0,3052,40.7638,41.193,36.5866
43.7033,2.26215,0,2.26215,5.32,23.3348,30,0,0,3052,40.7638,41.193,36.5845
43.7524,28.565,0,28.565,5.32,23.3348,4318,26,0,3055,40.8642,41.293,36.5782
43.7601,1.66463,0,1.66463,5.3,23.2543,30,0,0,3055,40.8642,41.293,36.5782
43.7916,13.51,0,13.51,5.3,23.2543,927,0,0,3057,40.8672,41.2957,36.574
43.8001,1.98391,0,1.98391,5.28,23.1737,44,0,0,3057,40.8672,41.2957,36.574
43.8622,44.6364,0,44.6364,5.28,23.1737,1564,0,0,3060,40.8775,41.3056,36.5698
43.8778,9.70041,0,9.70041,5.26,23.0932,1100,0,0,3061,40.8991,41.327,36.5656
43.9117,22.7752,0,22.7752,5.26,23.0932,3338,1,0,3064,40.9677,41.3952,36.5593
43.9354,18.8091,0,18.8091,5.24,23.0126,3771,12,0,3067,41.0509,41.478,36.5531
43.9575,16.4678,0,16.4678,5.22,22.9321,2120,2,0,3070,41.0788,41.5055,36.5489
43.9684,4.7492,0,4.7492,5.2,22.8515,280,0,0,3072,41.0592,41.4857,36.5447
44.0137,29.37,0,29.37,5.2,22.8515,1430,0,0,3075,41.0647,41.4907,36.5364
44.0356,16.2694,0,16.2694,5.18,22.771,1584,2,0,3078,41.0754,41.501,36.5302
44.0588,18.4655,0,18.4655,5.16,22.6904,2662,1,0,3080,41.1354,41.5607,36.5281
44.0831,18.0978,0,18.0978,5.14,22.6099,1817,0,0,3082,41.1671,41.5921,36.5239
44.1127,23.4621,0,23.4621,5.12,22.5293,2838,0,0,3085,41.2185,41.6431,36.5156
44.1355,16.4427,0,16.4427,5.1,22.4488,480,0,0,3087,41.2063,41.6307,36.5115
44.1413,1.22891,0,1.22891,5.08,22.3682,130,0,0,3088,41.1962,41.6205,36.5115
44.1832,21.5584,0,21.5584,5.08,22.3682,210,1,0,3089,41.1887,41.6128,36.5074
44.2233,34.5963,0,34.5963,5.06,22.2876,3233,0,0,3091,41.2659,41.6897,36.5032
44.2839,54.5658,0,54.5658,5.04,22.2071,6453,8,0,3094,41.4344,41.8578,36.497
44.2982,8.26434,0,8.26434,5.02,22.1265,1020,0,0,3096,41.4396,41.8627,36.495
44.3112,1.84143,0,1.84143,5.02,22.1265,30,0,0,3096,41.4396,41.8627,36.4929
44.3263,9.41294,0,9.41294,5,22.046,874,0,0,3099,41.4269,41.8496,36.4888
44.3849,48.0635,0,48.0635,5,22.046,4168,1,0,3103,41.5069,41.9291,36.4805
44.3996,8.83883,0,8.83883,4.98,21.9654,110,0,0,3104,41.4961,41.9182,36.4764
44.4192,9.13205,0,9.13205,4.98,21.9654,1552,0,0,3105,41.5324,41.9543,36.4764
44.4443,19.1428,0,19.1428,4.96,21.8849,790,0,0,3106,41.5435,41.9652,36.4723
44.4551,4.55347,0,4.55347,4.94,21.8043,53,0,0,3107,41.5307,41.9524,36.4702
44.4736,3.71842,0,3.71842,4.94,21.8043,50,0,0,3108,41.518,41.9395,36.4682
44.4925,12.8814,0,12.8814,4.92,21.7238,830,0,0,3111,41.5037,41.9248,36.4641
44.5253,26.6384,0,26.6384,4.92,21.7238,2680,5,0,3114,41.5488,41.9695,36.4559
44.566,35.0342,0,35.0342,4.9,21.6432,4224,0,0,3118,41.6302,42.0504,36.4477
44.5991,27.09,0,27.09,4.88,21.5627,3150,7,0,3121,41.6902,42.1099,36.4436
44.6297,24.4455,0,24.4455,4.86,21.4821,2320,0,0,3122,41.7492,42.1688,36.4395
44.6485,12.8705,0,12.8705,4.84,21.4016,1310,0,0,3124,41.7634,42.1828,36.4374
44.6614,5.06,0,5.06,4.84,21.4016,180,0,0,3125,41.7549,42.1741,36.4334
44.6783,11.9941,0,11.9941,4.82,21.321,2150,9,0,3127,41.796,42.2149,36.4293
44.7151,27.3232,0,27.3232,4.82,21.321,1938,5,0,3129,41.8306,42.2493,36.4272
44.7279,6.26261,0,6.26261,4.8,21.2405,757,0,0,3130,41.8409,42.2594,36.4232
44.76,18.9434,0,18.9434,4.8,21.2405,918,0,0,3132,41.8426,42.2609,36.4211
44.7685,2.35262,0,2.35262,4.78,21.1599,30,0,0,3132,41.8426,42.2609,36.4191
44.7943,7.76191,0,7.76191,4.78,21.1599,744,0,0,3134,41.8389,42.2569,36.415
44.8093,9.54914,0,9.54914,4.76,21.0794,104,0,0,3135,41.8278,42.2456,36.413
44.8286,7.57714,0,7.57714,4.76,21.0794,1459,1,0,3137,41.8473,42.2649,36.4109
44.8422,8.20797,0,8.20797,4.74,20.9988,160,0,0,3139,41.8248,42.2421,36.4069
44.8631,6.52684,0,6.52684,4.74,20.9988,770,2,0,3142,41.8084,42.2253,36.3987
44.8753,7.12198,0,7.12198,4.72,20.9183,1111,0,0,3143,41.8301,42.2469,36.3967
44.9085,19.0566,0,19.0566,4.72,20.9183,716,0,0,3144,41.8391,42.2557,36.3947
44.9151,0.770517,0,0.770517,4.7,20.8377,30,0,0,3144,41.8391,42.2557,36.3947
44.9417,7.75404,0,7.75404,4.7,20.8377,1190,0,0,3147,41.836,42.2523,36.3906
44.974,26.2386,0,26.2386,4.68,20.7571,1800,0,0,3148,41.879,42.2951,36.3866
45.0032,22.8756,0,22.8756,4.66,20.6766,2860,0,0,3152,41.9156,42.3312,36.3805
45.0262,17.0521,0,17.0521,4.64,20.596,2913,30,0,3154,41.9813,42.3966,36.3765
45.0374,6.38769,0,6.38769,4.62,20.5155,544,0,0,3155,41.9845,42.3997,36.3724
45.0546,2.23556,0,2.23556,4.62,20.5155,30,0,0,3155,41.9845,42.3997,36.3724
45.0631,3.42042,0,3.42042,4.6,20.4349,30,0,0,3155,41.9845,42.3997,36.3724
45.0882,7.20932,0,7.20932,4.6,20.4349,1280,4,0,3156,42.0108,42.4259,36.3704
45.1228,29.6296,0,29.6296,4.58,20.3544,2100,1,0,3160,42.0231,42.4377,36.3644
45.1431,14.8312,0,14.8312,4.56,20.2738,1354,0,0,3162,42.0386,42.4529,36.3583
45.1636,14.6953,0,14.6953,4.54,20.1933,1316,0,0,3163,42.0664,42.4806,36.3563
45.2219,53.7249,0,53.7249,4.52,20.1127,3090,0,0,3166,42.1232,42.537,36.3503
45.2387,11.8214,0,11.8214,4.5,20.0322,1770,4,0,3169,42.1382,42.5516,36.3442
45.2585,10.8897,0,10.8897,4.5,20.0322,1440,0,0,3171,42.1561,42.5692,36.3422
45.2663,2.90764,0,2.90764,4.48,19.9516,30,0,0,3171,42.1561,42.5692,36.3402
45.2997,14.7202,0,14.7202,4.48,19.9516,790,0,0,3173,42.1535,42.5663,36.3382
45.3138,7.82992,0,7.82992,4.46,19.8711,1260,5,0,3175,42.1657,42.5783,36.3322
45.3283,2.79003,0,2.79003,4.46,19.8711,30,0,0,3175,42.1657,42.5783,36.3322
45.3617,27.9001,0,27.9001,4.44,19.7905,3457,0,0,3178,42.2344,42.6466,36.3262
45.3764,8.15406,0,8.15406,4.42,19.71,540,0,0,3179,42.2372,42.6493,36.3242
45.3978,9.09722,0,9.09722,4.42,19.71,690,0,0,3181,42.2314,42.6432,36.3202
45.4059,1.98978,0,1.98978,4.4,19.6294,30,0,0,3181,42.2314,42.6432,36.3202
45.4281,4.72894,0,4.72894,4.4,19.6294,1020,4,0,3183,42.2359,42.6475,36.3182
45.4478,14.4511,0,14.4511,4.38,19.5489,500,0,0,3184,42.2374,42.6489,36.3142
45.4601,5.07532,0,5.07532,4.38,19.5489,40,0,0,3185,42.2245,42.6358,36.3122
45.6073,142.036,136.838,5.19879,4.36,19.4683,57837,19,0,3186,42.205,42.6202,36.3102
45.6241,9.36735,0,9.36735,4.34,19.3878,1328,0,0,3189,42.2063,42.6212,36.3062
45.6736,38.2559,0,38.2559,4.34,19.3878,1228,7,0,3191,42.2175,42.6321,36.3002
45.6924,12.9338,0,12.9338,4.32,19.3072,2526,0,0,3192,42.2826,42.6971,36.2982
45.7026,3.62568,0,3.62568,4.32,19.3072,310,0,0,3193,42.2781,42.6925,36.2962
45.7206,12.2427,0,12.2427,4.3,19.2266,190,0,0,3197,42.2302,42.644,36.2902
45.7395,12.0523,0,12.0523,4.3,19.2266,1130,0,0,3198,42.2514,42.6651,36.2863
45.75,4.36712,0,4.36712,4.28,19.1461,640,0,0,3199,42.2573,42.6708,36.2863
45.7932,26.9737,0,26.9737,4.28,19.1461,1000,0,0,3202,42.248,42.6611,36.2783
45.8113,12.105,0,12.105,4.26,19.0655,690,0,0,3204,42.2422,42.6551,36.2763
45.8397,21.3688,0,21.3688,4.26,19.0655,3912,1,0,3209,42.2979,42.7102,36.2664
45.8599,13.4402,0,13.4402,4.24,18.985,900,2,0,3211,42.2987,42.7107,36.2605
45.8776,11.0762,0,11.0762,4.24,18.985,2008,0,0,3214,42.3208,42.7324,36.2546
45.8922,9.45335,0,9.45335,4.22,18.9044,1730,0,0,3215,42.3605,42.772,36.2526
45.9084,4.09527,0,4.09527,4.22,18.9044,30,0,0,3215,42.3605,42.772,36.2526
45.944,30.566,0,30.566,4.2,18.8239,1254,0,0,3217,42.3724,42.7836,36.2486
45.9738,23.9381,0,23.9381,4.18,18.7433,2007,2,0,3220,42.3947,42.8056,36.2427
46.0181,38.4188,0,38.4188,4.16,18.6628,233,0,0,3223,42.3615,42.772,36.2368
46.0246,1.63086,0,1.63086,4.14,18.5822,160,0,0,3224,42.3524,42.7627,36.2348
46.0539,10.3658,0,10.3658,4.14,18.5822,1090,0,0,3226,42.359,42.7691,36.2309
46.0783,19.8631,0,19.8631,4.12,18.5017,2078,0,0,3228,42.3965,42.8064,36.2289
46.0949,10.0888,0,10.0888,4.1,18.4211,240,0,0,3230,42.3768,42.7864,36.223
46.1512,46.28,0,46.28,4.1,18.4211,4010,5,0,3235,42.4343,42.8433,36.2152
46.1672,9.88161,0,9.88161,4.08,18.3406,1560,0,0,3238,42.4422,42.8508,36.2093
46.1858,8.00732,0,8.00732,4.08,18.3406,290,0,0,3241,42.411,42.8192,36.2014
46.1924,1.71698,0,1.71698,4.06,18.26,30,0,0,3241,42.411,42.8192,36.2014
46.2184,5.87378,0,5.87378,4.06,18.26,210,0,0,3243,42.3904,42.7983,36.1995
46.2417,18.5931,0,18.5931,4.04,18.1795,1368,0,0,3244,42.4186,42.8264,36.1956
46.2508,3.12056,0,3.12056,4.02,18.0989,230,0,0,3245,42.4117,42.8194,36.1936
46.2913,23.185,0,23.185,4.02,18.0989,3516,3,0,3247,42.4934,42.9008,36.1897
46.3319,34.1973,0,34.1973,4,18.0184,1523,0,0,3250,42.5,42.9071,36.1839
46.3401,1.97296,0,1.97296,3.98,17.9378,300,2,0,3251,42.4952,42.9022,36.1839
46.3796,22.0085,0,22.0085,3.98,17.9378,2530,0,0,3254,42.5329,42.9395,36.178
46.4043,18.5434,0,18.5434,3.96,17.8573,3656,2,0,3256,42.6192,43.0255,36.1722
46.4247,14.5365,0,14.5365,3.94,17.7767,1150,0,0,3258,42.6274,43.0335,36.1683
46.432,1.41097,0,1.41097,3.92,17.6961,30,0,0,3258,42.6274,43.0335,36.1683
46.4785,28.5951,0,28.5951,3.92,17.6961,2174,0,0,3262,42.641,43.0466,36.1624
46.4887,3.56271,0,3.56271,3.9,17.6156,370,0,0,3264,42.6253,43.0306,36.1585
46.5138,7.97752,0,7.97752,3.9,17.6156,500,0,0,3267,42.6006,43.0055,36.1527
46.5208,1.34787,0,1.34787,3.88,17.535,30,0,0,3267,42.6006,43.0055,36.1508
46.5507,9.65299,0,9.65299,3.88,17.535,1572,0,0,3268,42.6353,43.0401,36.1488
46.5912,35.2353,0,35.2353,3.86,17.4545,1000,0,0,3272,42.6128,43.0171,36.143
46.6179,20.3109,0,20.3109,3.84,17.3739,3730,4,0,3274,42.7004,43.1045,36.1372
46.627,2.62285,0,2.62285,3.82,17.2934,180,0,0,3275,42.6919,43.0959,36.1372
46.6674,23.6998,0,23.6998,3.82,17.2934,720,0,0,3277,42.6869,43.0906,36.1314
46.6826,9.35229,0,9.35229,3.8,17.2128,1476,0,0,3278,42.7178,43.1214,36.1295
46.6997,5.91865,0,5.91865,3.8,17.2128,150,0,0,3279,42.7084,43.1119,36.1276
46.7624,58.0389,0,58.0389,3.78,17.1323,3780,10,0,3281,42.7967,43.1999,36.1256
46.7847,15.89,0,15.89,3.76,17.0517,937,0,0,3283,42.7987,43.2016,36.1198
46.7938,3.25179,0,3.25179,3.74,16.9712,260,0,0,3285,42.7796,43.1823,36.116
46.8207,9.42791,0,9.42791,3.74,16.9712,1220,0,0,3286,42.8028,43.2054,36.1141
46.8346,7.84947,0,7.84947,3.72,16.8906,730,0,0,3287,42.8111,43.2136,36.1121
46.8475,1.28196,0,1.28196,3.72,16.8906,160,0,0,3288,42.802,43.2044,36.1102
46.8634,11.3187,0,11.3187,3.7,16.8101,604,0,0,3290,42.7936,43.1957,36.1063
46.8945,21.119,0,21.119,3.7,16.8101,1800,0,0,3293,42.8084,43.2101,36.1025
46.9139,12.68,0,12.68,3.68,16.7295,1750,0,0,3295,42.831,43.2325,36.0987
46.9346,12.5667,0,12.5667,3.68,16.7295,190,0,0,3296,42.8228,43.2242,36.0948
46.951,10.9115,0,10.9115,3.66,16.649,1138,1,0,3298,42.8305,43.2317,36.091
46.9664,4.54345,0,4.54345,3.66,16.649,30,0,0,3298,42.8305,43.2317,36.091
46.9812,9.58037,0,9.58037,3.64,16.5684,400,0,0,3299,42.8287,43.2298,36.0891
47.0238,31.0738,0,31.0738,3.64,16.5684,4126,0,0,3301,42.927,43.3278,36.0871
47.0482,17.5382,0,17.5382,3.62,16.4879,2647,0,0,3305,42.9546,43.3549,36.0795
47.0624,8.26144,0,8.26144,3.6,16.4073,440,0,0,3306,42.954,43.3542,36.0757
47.076,2.22016,0,2.22016,3.6,16.4073,30,0,0,3306,42.954,43.3542,36.0757
47.0841,3.35506,0,3.35506,3.58,16.3268,350,0,0,3308,42.9377,43.3377,36.0737
47.1127,10.7523,0,10.7523,3.58,16.3268,1060,0,0,3310,42.9429,43.3426,36.0699
47.1267,7.98258,0,7.98258,3.56,16.2462,500,0,0,3312,42.9315,43.3309,36.0642
47.1417,3.73944,0,3.73944,3.56,16.2462,20,0,0,3312,42.9315,43.3309,36.0642
47.1484,2.30037,0,2.30037,3.54,16.1656,20,0,0,3312,42.9315,43.3309,36.0642
47.1858,17.761,0,17.761,3.54,16.1656,3314,1,0,3316,42.9792,43.3782,36.0585
47.219,26.3797,0,26.3797,3.52,16.0851,3466,23,0,3318,43.0576,43.4563,36.0546
47.2319,6.37025,0,6.37025,3.5,16.0045,1564,2,0,3319,43.091,43.4896,36.0508
47.2596,14.7149,0,14.7149,3.5,16.0045,1414,0,0,3320,43.1202,43.5187,36.0489
47.2743,8.6865,0,8.6865,3.48,15.924,80,0,0,3321,43.109,43.5074,36.047
47.3202,33.9334,0,33.9334,3.48,15.924,4595,3,0,3325,43.1955,43.5934,36.0413
47.3304,3.92231,0,3.92231,3.46,15.8434,180,0,0,3326,43.1873,43.5851,36.0375
47.356,10.1215,0,10.1215,3.46,15.8434,358,0,0,3327,43.1849,43.5825,36.0356
47.3674,4.73542,0,4.73542,3.44,15.7629,560,0,0,3328,43.1881,43.5856,36.0337
47.4329,49.9196,0,49.9196,3.44,15.7629,4900,0,0,3331,43.2963,43.6935,36.0299
47.4505,11.5794,0,11.5794,3.42,15.6823,720,0,0,3334,43.2783,43.6752,36.0223
47.4625,3.26593,0,3.26593,3.42,15.6823,390,0,0,3335,43.2765,43.6732,36.0205
47.4762,9.24229,0,9.24229,3.4,15.6018,190,0,0,3336,43.2686,43.6652,36.0205
47.5217,32.9979,0,32.9979,3.4,15.6018,1140,0,0,3338,43.2762,43.6726,36.0167
47.548,21.0711,0,21.0711,3.38,15.5212,2480,0,0,3340,43.324,43.7201,36.011
47.5567,2.41224,0,2.41224,3.36,15.4407,200,0,0,3341,43.3164,43.7124,36.0091
47.5964,22.658,0,22.658,3.36,15.4407,2146,0,0,3343,43.3545,43.7502,36.0053
47.6135,10.8959,0,10.8959,3.34,15.3601,310,0,0,3345,43.3372,43.7327,36.0034
47.6248,1.83398,0,1.83398,3.34,15.3601,20,0,0,3345,43.3372,43.7327,36.0015
47.658,28.5695,0,28.5695,3.32,15.2796,2440,0,0,3348,43.3707,43.7658,35.9959
47.6825,18.3607,0,18.3607,3.3,15.199,1560,0,0,3350,43.3907,43.7857,35.994
47.6903,2.02001,0,2.02001,3.28,15.1185,20,0,0,3350,43.3907,43.7857,35.9921
47.7243,16.7638,0,16.7638,3.28,15.1185,1060,0,0,3352,43.3959,43.7906,35.9884
47.7361,5.7689,0,5.7689,3.26,15.0379,144,0,0,3353,43.3865,43.7811,35.9865
47.7524,2.14439,0,2.14439,3.26,15.0379,20,0,0,3353,43.3865,43.7811,35.9865
47.7731,14.5799,0,14.5799,3.24,14.9574,1776,6,0,3355,43.4131,43.8075,35.9827
47.7835,3.64855,0,3.64855,3.22,14.8768,160,0,0,3356,43.4044,43.7986,35.9808
47.8222,23.1169,0,23.1169,3.22,14.8768,370,0,0,3358,43.3889,43.7829,35.9789
47.8415,12.9529,0,12.9529,3.2,14.7963,200,0,0,3359,43.3814,43.7752,35.9771
47.8667,18.1831,0,18.1831,3.2,14.7963,2468,28,0,3361,43.4287,43.8224,35.9733
47.8943,22.1461,0,22.1461,3.18,14.7157,3012,2,0,3363,43.4924,43.8858,35.9677
47.91,9.3888,0,9.3888,3.16,14.6351,940,0,0,3365,43.4939,43.8871,35.9639
47.9276,6.41079,0,6.41079,3.16,14.6351,90,0,0,3366,43.4828,43.8758,35.9621
47.9338,1.14729,0,1.14729,3.14,14.5546,20,0,0,3366,43.4828,43.8758,35.9621
47.9987,44.2435,0,44.2435,3.14,14.5546,4568,11,0,3368,43.592,43.9849,35.9583
48.0362,31.0134,0,31.0134,3.12,14.474,843,0,0,3371,43.5779,43.9703,35.9546
48.0706,29.555,0,29.555,3.1,14.3935,1664,0,0,3372,43.6115,44.0039,35.9527
48.1004,24.5036,0,24.5036,3.08,14.3129,2580,0,0,3374,43.6621,44.0542,35.9471
48.1408,35.78,0,35.78,3.06,14.2324,3724,4,0,3377,43.7332,44.125,35.9434
48.1494,2.18071,0,2.18071,3.04,14.1518,20,0,0,3377,43.7332,44.125,35.9415
48.1703,3.95674,0,3.95674,3.04,14.1518,160,0,0,3378,43.7244,44.116,35.9396
48.1972,21.1573,0,21.1573,3.02,14.0713,2496,0,0,3381,43.7592,44.1505,35.9359
48.2135,11.0645,0,11.0645,3,13.9907,1080,0,0,3383,43.7647,44.1558,35.9322
48.2403,16.187,0,16.187,3,13.9907,2930,0,0,3387,43.7989,44.1895,35.9247
48.7497,502.465,450.71,51.7548,2.98,13.9102,209179,339,0,3390,43.2619,43.6525,35.9191
48.7778,19.8333,0,19.8333,2.96,13.8296,1830,2,0,3392,43.2898,43.6801,35.9154
48.8043,20.3752,0,20.3752,2.94,13.7491,500,0,0,3395,43.2657,43.6557,35.9098
48.8123,2.41829,0,2.41829,2.92,13.6685,50,0,0,3395,43.2657,43.6557,35.908
48.8412,11.5403,0,11.5403,2.92,13.6685,840,0,0,3397,43.2644,43.6541,35.9043
48.8587,11.7147,0,11.7147,2.9,13.588,20,0,0,3397,43.2644,43.6541,35.9043
48.8702,3.73231,0,3.73231,2.9,13.588,940,8,0,3398,43.2787,43.6683,35.9024
48.8874,11.4633,0,11.4633,2.88,13.5074,1678,9,0,3400,43.3021,43.6915,35.9006
48.8998,4.61045,0,4.61045,2.88,13.5074,700,0,0,3402,43.2966,43.6858,35.895
48.9109,5.03566,0,5.03566,2.86,13.4269,830,0,0,3404,43.2949,43.6839,35.8913
48.9335,8.15703,0,8.15703,2.86,13.4269,110,0,0,3406,43.2722,43.6609,35.8895
48.942,2.49608,0,2.49608,2.84,13.3463,140,0,0,3407,43.263,43.6516,35.8858
48.9713,10.708,0,10.708,2.84,13.3463,1040,1,0,3409,43.2675,43.6559,35.8821
48.9831,5.85929,0,5.85929,2.82,13.2658,198,0,0,3410,43.2601,43.6484,35.8802
49.0222,25.3727,0,25.3727,2.82,13.2658,1830,8,0,3413,43.2751,43.6631,35.8747
49.0337,5.17382,0,5.17382,2.8,13.1852,140,0,0,3414,43.266,43.6538,35.8729
49.0507,1.82219,0,1.82219,2.8,13.1852,20,0,0,3414,43.266,43.6538,35.8729
49.0693,13.435,0,13.435,2.78,13.1046,2488,13,0,3416,43.3132,43.7008,35.871
49.0951,17.9573,0,17.9573,2.78,13.1046,70,0,0,3417,43.302,43.6895,35.8673
49.114,14.0319,0,14.0319,2.76,13.0241,1490,1,0,3420,43.307,43.6942,35.8618
49.1294,9.99552,0,9.99552,2.74,12.9435,610,0,0,3422,43.2989,43.6859,35.86
49.1483,7.48242,0,7.48242,2.74,12.9435,1120,0,0,3424,43.3058,43.6925,35.8545
49.1673,12.5626,0,12.5626,2.72,12.863,1480,1,0,3426,43.3231,43.7096,35.8508
49.1922,16.457,0,16.457,2.72,12.863,1430,0,0,3428,43.339,43.7252,35.8471
49.2328,34.4822,0,34.4822,2.7,12.7824,3240,1,0,3430,43.4076,43.7936,35.8434
49.2415,1.79646,0,1.79646,2.68,12.7019,20,0,0,3430,43.4076,43.7936,35.8434
49.2617,2.67457,0,2.67457,2.68,12.7019,20,0,0,3430,43.4076,43.7936,35.8434
49.2737,5.55364,0,5.55364,2.66,12.6213,110,0,0,3431,43.3976,43.7834,35.8416
49.2969,9.66912,0,9.66912,2.66,12.6213,610,0,0,3432,43.4018,43.7876,35.8398
49.3093,5.54053,0,5.54053,2.64,12.5408,90,0,0,3435,43.3659,43.7514,35.8361
49.3479,24.9115,0,24.9115,2.64,12.5408,3670,3,0,3438,43.4343,43.8194,35.8306
49.3566,2.18851,0,2.18851,2.62,12.4602,20,0,0,3438,43.4343,43.8194,35.8288
49.3847,9.75591,0,9.75591,2.62,12.4602,2280,2,0,3440,43.4747,43.8596,35.8251
49.4333,43.2809,0,43.2809,2.6,12.3797,1400,0,0,3442,43.4895,43.8742,35.8215
49.4403,1.03343,0,1.03343,2.58,12.2991,20,0,0,3442,43.4895,43.8742,35.8215
49.5209,62.1527,0,62.1527,2.58,12.2991,4066,1,0,3444,43.5822,43.9666,35.8197
49.5309,3.41926,0,3.41926,2.56,12.2186,220,0,0,3445,43.5753,43.9597,35.816
49.5907,42.7024,0,42.7024,2.56,12.2186,3887,18,0,3449,43.6373,44.0212,35.8087
49.6128,15.7912,0,15.7912,2.54,12.138,1020,0,0,3452,43.6283,44.0119,35.8051
49.6329,15.0306,0,15.0306,2.52,12.0575,2274,5,0,3454,43.6685,44.0518,35.7996
49.6418,2.3652,0,2.3652,2.5,11.9769,20,0,0,3454,43.6685,44.0518,35.7996
49.6827,24.0359,0,24.0359,2.5,11.9769,1360,0,0,3457,43.6694,44.0524,35.796
49.6922,3.06801,0,3.06801,2.48,11.8964,70,0,0,3458,43.6582,44.0411,35.7942
49.7241,13.8262,0,13.8262,2.48,11.8964,1964,7,0,3460,43.6899,44.0725,35.7887
49.7384,7.30882,0,7.30882,2.46,11.8158,480,0,0,3461,43.6906,44.0731,35.7869
49.7712,21.0074,0,21.0074,2.46,11.8158,2300,0,0,3463,43.7312,44.1135,35.7833
49.7869,7.41612,0,7.41612,2.44,11.7353,890,0,0,3464,43.7436,44.1259,35.7833
49.8113,11.4843,0,11.4843,2.44,11.7353,40,0,0,3465,43.7313,44.1134,35.7797
49.8186,1.79105,0,1.79105,2.42,11.6547,20,0,0,3465,43.7313,44.1134,35.7797
49.8442,5.58838,0,5.58838,2.42,11.6547,404,0,0,3466,43.7299,44.1119,35.7778
49.8659,16.154,0,16.154,2.4,11.5741,2736,0,0,3469,43.7705,44.1522,35.7742
49.8798,7.75016,0,7.75016,2.38,11.4936,460,0,0,3471,43.758,44.1394,35.7688
49.9029,10.185,0,10.185,2.38,11.4936,1890,0,0,3472,43.7993,44.1806,35.767
49.9236,14.7477,0,14.7477,2.36,11.413,2214,0,0,3476,43.8121,44.193,35.7598
49.9361,5.98437,0,5.98437,2.34,11.3325,130,0,0,3478,43.7901,44.1708,35.7562
49.9602,10.5748,0,10.5748,2.34,11.3325,850,0,0,3479,43.8014,44.1819,35.7562
49.9679,1.47024,0,1.47024,2.32,11.2519,20,0,0,3479,43.8014,44.1819,35.7544
49.9891,3.39789,0,3.39789,2.32,11.2519,220,0,0,3480,43.7945,44.175,35.7525
50.0095,14.4398,0,14.4398,2.3,11.1714,630,0,0,3483,43.7743,44.1545,35.7471
50.0248,10.1165,0,10.1165,2.28,11.0908,2200,0,0,3484,43.8249,44.2049,35.7453
50.045,8.88817,0,8.88817,2.28,11.0908,784,0,0,3488,43.7967,44.1763,35.7399
50.0709,20.1001,0,20.1001,2.26,11.0103,3806,1,0,3490,43.8811,44.2605,35.7363
50.1085,31.2079,0,31.2079,2.24,10.9297,2100,0,0,3491,43.9281,44.3074,35.7328
50.1288,14.0192,0,14.0192,2.22,10.8492,2430,8,0,3493,43.9719,44.351,35.7292
50.1583,22.0715,0,22.0715,2.2,10.7686,1380,0,0,3496,43.9731,44.3518,35.7256
50.1836,18.2923,0,18.2923,2.18,10.6881,2456,0,0,3498,44.0183,44.3968,35.7202
50.2074,17.5984,0,17.5984,2.16,10.6075,2670,0,0,3500,44.0689,44.4471,35.7184
50.2297,17.2522,0,17.2522,2.14,10.527,3232,0,0,3503,44.1233,44.5013,35.713
50.2378,1.35696,0,1.35696,2.12,10.4464,20,0,0,3503,44.1233,44.5013,35.7112
50.2756,18.3933,0,18.3933,2.12,10.4464,2202,0,0,3505,44.1609,44.5387,35.7077
50.2831,2.11341,0,2.11341,2.1,10.3659,34,0,0,3505,44.1609,44.5387,35.7077
50.3248,21.9659,0,21.9659,2.1,10.3659,1504,1,0,3507,44.1782,44.5557,35.7041
50.3412,9.93159,0,9.93159,2.08,10.2853,1912,0,0,3509,44.2075,44.5848,35.7023
50.3566,5.80627,0,5.80627,2.08,10.2853,180,0,0,3510,44.1994,44.5766,35.6987
50.3874,24.1141,0,24.1141,2.06,10.2048,1733,13,0,3511,44.2358,44.6129,35.6987
50.3972,2.89363,0,2.89363,2.04,10.1242,250,0,0,3512,44.2298,44.6068,35.6969
50.4216,8.17613,0,8.17613,2.04,10.1242,40,0,0,3513,44.2178,44.5946,35.6934
50.4447,16.9371,0,16.9371,2.02,10.0436,2752,0,0,3516,44.2582,44.6348,35.688
50.4633,13.2327,0,13.2327,2,9.9631,2078,0,0,3518,44.2916,44.668,35.6863
50.4738,2.37648,0,2.37648,2,9.9631,20,0,0,3518,44.2916,44.668,35.6845
50.4881,9.22484,0,9.22484,1.98,9.88254,670,0,0,3520,44.2849,44.6611,35.6809
50.5066,6.06613,0,6.06613,1.98,9.88254,1178,10,0,3521,44.3053,44.6813,35.6809
50.5224,10.6179,0,10.6179,1.96,9.80199,1130,1,0,3523,44.3117,44.6875,35.6774
50.5485,15.1908,0,15.1908,1.96,9.80199,2190,7,0,3525,44.3481,44.7237,35.6738
50.558,3.11845,0,3.11845,1.94,9.72144,50,0,0,3526,44.3364,44.7119,35.6702
50.5893,13.1924,0,13.1924,1.94,9.72144,2208,6,0,3529,44.3607,44.7359,35.6667
50.6154,19.4335,0,19.4335,1.92,9.64089,63,0,0,3530,44.3493,44.7244,35.6632
50.6279,6.41976,0,6.41976,1.9,9.56033,310,0,0,3533,44.3198,44.6946,35.6578
50.6802,38.5939,0,38.5939,1.9,9.56033,3720,0,0,3535,44.3994,44.774,35.6543
50.6963,9.81467,0,9.81467,1.88,9.47978,310,0,0,3537,44.3825,44.7569,35.6508
50.7451,39.1333,0,39.1333,1.88,9.47978,4688,0,0,3540,44.4771,44.8511,35.6454
50.7609,8.66568,0,8.66568,1.86,9.39923,1620,1,0,3541,44.5097,44.8836,35.6437
50.8216,50.1979,0,50.1979,1.86,9.39923,3683,0,0,3543,44.5882,44.9619,35.6401
50.8489,20.9541,0,20.9541,1.84,9.31868,920,2,0,3546,44.5759,44.9492,35.6349
50.8793,24.832,0,24.832,1.82,9.23812,574,0,0,3548,44.5665,44.9397,35.6313
50.9011,15.0841,0,15.0841,1.8,9.15757,2170,2,0,3550,44.6025,44.9755,35.6296
50.911,4.44406,0,4.44406,1.78,9.07702,710,0,0,3551,44.6094,44.9823,35.626
50.9498,21.6162,0,21.6162,1.78,9.07702,2928,0,0,3553,44.6662,45.0388,35.6225
50.9577,2.06193,0,2.06193,1.76,8.99646,20,0,0,3553,44.6662,45.0388,35.6225
50.99,14.7259,0,14.7259,1.76,8.99646,330,0,0,3556,44.6372,45.0096,35.619
51.0082,11.2834,0,11.2834,1.74,8.91591,1560,0,0,3558,44.6554,45.0275,35.6137
51.0328,14.9406,0,14.9406,1.74,8.91591,650,0,0,3560,44.648,45.0199,35.6102
51.0608,22.3732,0,22.3732,1.72,8.83536,3000,0,0,3562,44.7066,45.0783,35.6067
51.1157,48.152,0,48.152,1.7,8.75481,2770,0,0,3564,44.7587,45.1302,35.6049
51.1275,4.46617,0,4.46617,1.68,8.67425,790,0,0,3565,44.7677,45.1391,35.6014
51.1639,21.6854,0,21.6854,1.68,8.67425,1244,2,0,3567,44.7771,45.1483,35.5979
51.1868,14.9689,0,14.9689,1.66,8.5937,600,0,0,3568,44.7808,45.1519,35.5979
51.2196,26.0818,0,26.0818,1.64,8.51315,810,2,0,3570,44.7779,45.1487,35.5927
51.2571,29.9073,0,29.9073,1.62,8.4326,3870,20,0,3571,44.8731,45.2439,35.5909
51.2723,7.46038,0,7.46038,1.6,8.35204,270,0,0,3573,44.855,45.2256,35.5874
51.2971,11.9105,0,11.9105,1.6,8.35204,740,0,0,3574,44.8626,45.2331,35.5857
51.3324,29.2663,0,29.2663,1.58,8.27149,1384,0,0,3577,44.8633,45.2334,35.5822
51.3562,18.2079,0,18.2079,1.56,8.19094,70,0,0,3579,44.8396,45.2096,35.5787
51.3665,3.34334,0,3.34334,1.54,8.11039,160,0,0,3580,44.831,45.2008,35.5752
51.3867,2.83902,0,2.83902,1.54,8.11039,40,0,0,3580,44.831,45.2008,35.5752
51.4343,41.7699,0,41.7699,1.52,8.02983,4110,0,0,3584,44.8951,45.2645,35.57
51.456,14.5666,0,14.5666,1.5,7.94928,2658,5,0,3586,44.9437,45.3129,35.5665
51.4676,4.57549,0,4.57549,1.48,7.86873,730,0,0,3587,44.9509,45.32,35.563
51.4861,2.5775,0,2.5775,1.48,7.86873,20,0,0,3587,44.9509,45.32,35.563
51.5005,8.25477,0,8.25477,1.46,7.78818,880,6,0,3589,44.9498,45.3188,35.5595
51.5188,5.24326,0,5.24326,1.46,7.78818,40,0,0,3590,44.9379,45.3067,35.5578
51.536,10.8613,0,10.8613,1.44,7.70762,2614,1,0,3592,44.9852,45.3538,35.5561
51.5913,44.9746,0,44.9746,1.44,7.70762,5142,2,0,3596,45.0781,45.4463,35.5474
51.7573,159.406,150.063,9.34376,1.42,7.62707,73732,442,0,3597,44.4176,44.8657,35.5456
51.8048,40.6276,0,40.6276,1.4,7.54652,3730,0,0,3600,44.4836,44.9314,35.5404
51.8188,6.80375,0,6.80375,1.38,7.46596,1040,0,0,3601,44.4996,44.9472,35.5404
51.8516,20.5127,0,20.5127,1.38,7.46596,2380,0,0,3604,44.528,44.9753,35.5335
51.865,6.4019,0,6.4019,1.36,7.38541,1370,8,0,3606,44.5408,44.9878,35.53
51.8979,18.6996,0,18.6996,1.36,7.38541,520,0,0,3608,44.5299,44.9767,35.5266
51.9106,5.54164,0,5.54164,1.34,7.30486,330,0,0,3609,44.5262,44.9728,35.5249
51.9623,38.1302,0,38.1302,1.34,7.30486,2450,16,0,3613,44.5441,44.9903,35.5197
52.0186,48.9974,0,48.9974,1.32,7.22431,3533,2,0,3615,44.6169,45.0628,35.5162
52.0434,17.25,0,17.25,1.3,7.14375,1950,0,0,3618,44.6332,45.0788,35.5093
52.0685,17.4832,0,17.4832,1.28,7.0632,2800,0,0,3620,44.6854,45.1307,35.5076
52.0794,3.47154,0,3.47154,1.26,6.98265,310,2,0,3621,44.681,45.1262,35.5042
52.1083,12.9251,0,12.9251,1.26,6.98265,340,0,0,3623,44.6652,45.1101,35.5007
52.1207,5.05367,0,5.05367,1.24,6.9021,580,3,0,3625,44.656,45.1007,35.499
52.1736,38.402,0,38.402,1.24,6.9021,1390,4,0,3628,44.6568,45.1012,35.4921
52.1906,9.22084,0,9.22084,1.22,6.82154,790,3,0,3630,44.6534,45.0975,35.4887
52.2124,10.4041,0,10.4041,1.22,6.82154,1123,0,0,3633,44.6471,45.0908,35.4835
52.2507,31.9895,0,31.9895,1.2,6.74099,2580,4,0,3635,44.693,45.1365,35.4818
52.2931,34.8932,0,34.8932,1.18,6.66044,3013,3,0,3637,44.7509,45.1941,35.4767
52.3072,7.10372,0,7.10372,1.16,6.57989,660,0,0,3639,44.7439,45.1869,35.4733
52.3227,3.4534,0,3.4534,1.16,6.57989,40,0,0,3640,44.7321,45.175,35.4715
52.3398,11.8733,0,11.8733,1.14,6.49933,1100,0,0,3642,44.7372,45.1798,35.4698
52.3521,1.93563,0,1.93563,1.14,6.49933,20,0,0,3642,44.7372,45.1798,35.4681
52.3686,10.3292,0,10.3292,1.12,6.41878,750,0,0,3644,44.7327,45.1751,35.4664
52.3833,3.85603,0,3.85603,1.12,6.41878,110,0,0,3645,44.7229,45.1652,35.4647
52.4014,12.1929,0,12.1929,1.1,6.33823,1770,0,0,3646,44.7586,45.2008,35.4613
52.4311,20.5311,0,20.5311,1.1,6.33823,2183,0,0,3649,44.7813,45.2231,35.4562
52.456,16.978,0,16.978,1.08,6.25768,2410,3,0,3652,44.81,45.2514,35.4527
52.4663,4.85726,0,4.85726,1.06,6.17712,240,0,0,3654,44.7915,45.2326,35.4493
52.4875,4.19636,0,4.19636,1.06,6.17712,100,0,0,3656,44.7691,45.2101,35.4442
52.4953,2.22576,0,2.22576,1.04,6.09657,20,0,0,3656,44.7691,45.2101,35.4442
52.535,19.2287,0,19.2287,1.04,6.09657,2390,0,0,3660,44.785,45.2254,35.4391
52.5647,22.1199,0,22.1199,1.02,6.01602,300,0,0,3662,44.7682,45.2084,35.434
52.5811,8.84924,0,8.84924,1,5.93546,1420,1,0,3663,44.7942,45.2342,35.4323
52.5953,4.01898,0,4.01898,1,5.93546,260,1,0,3665,44.7763,45.2161,35.4306
52.6229,20.1074,0,20.1074,0.98,5.85491,320,0,0,3667,44.7597,45.1993,35.4255
52.6385,8.09867,0,8.09867,0.96,5.77436,900,0,0,3670,44.7471,45.1864,35.4221
52.6527,2.67311,0,2.67311,0.96,5.77436,50,0,0,3671,44.7358,45.1749,35.4187
52.6619,3.44825,0,3.44825,0.94,5.69381,50,0,0,3672,44.7244,45.1634,35.4171
52.7425,60.4868,0,60.4868,0.94,5.69381,3970,61,0,3675,44.7954,45.234,35.412
52.7508,2.12076,0,2.12076,0.92,5.61325,20,0,0,3675,44.7954,45.234,35.412
52.7797,8.67722,0,8.67722,0.92,5.61325,603,0,0,3678,44.7749,45.2132,35.4086
52.7944,8.40578,0,8.40578,0.9,5.5327,590,0,0,3680,44.766,45.2041,35.4035
52.8195,12.5596,0,12.5596,0.9,5.5327,1240,0,0,3683,44.7627,45.2004,35.4001
52.8324,6.20037,0,6.20037,0.88,5.45215,180,0,0,3685,44.7427,45.1802,35.3968
52.8815,33.6816,0,33.6816,0.88,5.45215,1746,0,0,3688,44.7535,45.1906,35.39
52.9057,16.0804,0,16.0804,0.86,5.3716,1200,0,0,3689,44.7734,45.2104,35.3883
52.915,2.60434,0,2.60434,0.84,5.29104,20,0,0,3689,44.7734,45.2104,35.3883
52.958,25.0092,0,25.0092,0.84,5.29104,1680,2,0,3692,44.7811,45.2178,35.3833
52.9848,19.8374,0,19.8374,0.82,5.21049,680,0,0,3693,44.7869,45.2234,35.3816
52.9993,8.1179,0,8.1179,0.8,5.12994,930,0,0,3694,44.7994,45.2358,35.3799
53.0192,6.25762,0,6.25762,0.8,5.12994,800,0,0,3695,44.8084,45.2447,35.3782
53.0429,16.2479,0,16.2479,0.78,5.04939,190,0,0,3696,44.8009,45.237,35.3766
53.0556,6.1363,0,6.1363,0.76,4.96883,820,0,0,3700,44.7741,45.2097,35.3698
53.0743,3.21103,0,3.21103,0.76,4.96883,20,0,0,3700,44.7741,45.2097,35.3698
53.1056,24.6517,0,24.6517,0.74,4.88828,2400,1,0,3702,44.8142,45.2496,35.3665
53.1596,45.6561,0,45.6561,0.72,4.80773,2690,0,0,3703,44.8742,45.3095,35.3648
53.1807,14.5709,0,14.5709,0.7,4.72717,160,0,0,3704,44.8656,45.3008,35.3631
53.2191,32.264,0,32.264,0.68,4.64662,1350,0,0,3707,44.8651,45.3,35.3581
53.2397,14.0532,0,14.0532,0.66,4.56607,1380,3,0,3710,44.8652,45.2997,35.3531
53.2641,18.0693,0,18.0693,0.64,4.48552,90,0,0,3711,44.855,45.2894,35.3514
53.2971,25.3139,0,25.3139,0.62,4.40496,1790,0,0,3713,44.8785,45.3127,35.348
53.3153,10.0199,0,10.0199,0.6,4.32441,810,0,0,3714,44.8877,45.3218,35.348
53.3435,17.2521,0,17.2521,0.6,4.32441,2610,0,0,3716,44.9333,45.3671,35.3447
53.3596,9.58586,0,9.58586,0.58,4.24386,480,0,0,3718,44.9215,45.355,35.3414
53.39,18.4685,0,18.4685,0.58,4.24386,2250,0,0,3719,44.9693,45.4028,35.338
53.4331,28.4718,0,28.4718,0.56,4.24386,2560,3,0,3722,45.0016,45.4347,35.3347
53.6582,211.637,170.059,41.578,0.54,4.24386,158072,3,0,3723,45.1107,45.5436,35.3313
53.6716,0.966689,0,0.966689,0.52,4.24386,10,0,0,3723,45.1107,45.5436,35.3313
53.7198,28.8889,0,28.8889,0.52,4.24386,2710,17,0,3725,45.1589,45.5917,35.328
53.7341,1.52663,0,1.52663,0.5,4.24386,10,0,0,3725,45.1589,45.5917,35.328
53.7771,22.8601,0,22.8601,0.5,4.24386,680,0,0,3727,45.1527,45.5852,35.3247
53.8095,18.8148,0,18.8148,0.48,4.24386,2863,2,0,3729,45.2049,45.6372,35.3214
53.8499,27.844,0,27.844,0.46,4.24386,3466,0,0,3732,45.2615,45.6935,35.318
53.8695,6.85531,0,6.85531,0.44,4.24386,700,0,0,3733,45.2679,45.6997,35.3164
53.8869,4.05038,0,4.05038,0.44,4.24386,430,0,0,3734,45.267,45.6987,35.3147
53.9135,14.6655,0,14.6655,0.42,4.24386,1830,0,0,3736,45.2915,45.723,35.3097
53.9502,23.8925,0,23.8925,0.4,4.24386,3016,0,0,3738,45.348,45.7793,35.3064
53.9654,2.92811,0,2.92811,0.38,4.24386,770,12,0,3739,45.3562,45.7874,35.3047
54.0074,23.7091,0,23.7091,0.38,4.24386,4173,0,0,3741,45.4435,45.8744,35.3014
