elapsed_s,total_latency_ms,update_ms,plan_ms,time_to_goal,path_cost,obstacle_checks,queue_operations,collision_count,tree_size,avg_deg_out,avg_deg_in,radius
1.18808,1187.78,1187.72,0.058242,20,137.828,974525,5102,0,2458,75.7795,77.6322,14.79
1.19185,0.943512,0,0.943512,19.98,141.316,1038,2,0,2459,75.7898,77.6417,14.79
1.21102,0.057549,0,0.057549,19.98,141.316,60,0,0,2459,75.7898,77.6417,14.7883
1.21399,0.554672,0,0.554672,19.96,141.166,572,0,0,2460,75.8163,77.6675,14.7883
1.23592,2.23541,0,2.23541,19.96,141.166,1917,0,0,2461,75.8663,77.7168,14.7865
1.23841,0.08189,0,0.08189,19.94,141.016,60,0,0,2461,75.8663,77.7168,14.7848
1.25882,0.111297,0,0.111297,19.94,141.016,60,0,0,2461,75.8663,77.7168,14.7848
1.26214,1.05843,0,1.05843,19.92,140.866,1006,0,0,2462,75.8745,77.7242,14.7848
1.28256,1.06182,0,1.06182,19.92,140.866,684,0,0,2463,75.8717,77.7207,14.7831
1.28627,1.76487,0,1.76487,19.9,140.716,1843,0,0,2464,75.9156,77.7638,14.7813
1.30646,1.69363,0,1.69363,19.9,140.716,911,0,0,2465,75.9245,77.772,14.7796
1.31047,1.58193,0,1.58193,19.88,140.566,1428,0,0,2466,75.953,77.7997,14.7778
1.32958,0.131767,0,0.131767,19.88,140.566,70,0,0,2466,75.953,77.7997,14.7761
1.33303,0.618391,0,0.618391,19.86,140.416,627,2,0,2467,75.9453,77.7912,14.7761
1.3528,0.034219,0,0.034219,19.86,140.416,80,0,0,2467,75.9453,77.7912,14.7743
1.3555,0.293675,0,0.293675,19.84,140.265,333,0,0,2468,75.9287,77.7739,14.7743
1.37551,0.085568,0,0.085568,19.84,140.265,80,0,0,2468,75.9287,77.7739,14.7726
1.37937,1.27001,0,1.27001,19.82,140.115,1495,0,0,2469,75.9567,77.8011,14.7726
1.39856,0.061289,0,0.061289,19.82,140.115,80,0,0,2469,75.9567,77.8011,14.7709
1.40341,1.72926,0,1.72926,19.8,139.965,1400,0,0,2470,75.9794,77.8231,14.7709
1.42233,0.079235,0,0.079235,19.8,139.965,80,0,0,2470,75.9794,77.8231,14.7691
1.42876,1.4996,0,1.4996,19.78,139.815,707,0,0,2471,75.9814,77.8244,14.7691
1.44858,1.14173,0,1.14173,19.78,139.815,675,0,0,2472,75.9826,77.8248,14.7674
1.45353,0.086232,0,0.086232,19.76,139.665,81,0,0,2472,75.9826,77.8248,14.7656
1.47431,0.794266,0,0.794266,19.76,139.665,665,0,0,2473,75.9879,77.8294,14.7656
1.47801,1.37152,0,1.37152,19.74,139.515,1401,0,0,2474,76.0162,77.8569,14.7639
1.49775,0.739709,0,0.739709,19.74,139.515,534,2,0,2475,76.0178,77.8582,14.7622
1.50022,0.125297,0,0.125297,19.72,139.365,81,0,0,2475,76.0178,77.8582,14.7604
1.52302,2.38655,0,2.38655,19.72,139.365,915,0,0,2476,76.0222,77.8619,14.7604
1.53177,3.45879,0,3.45879,19.7,139.214,1541,36,0,2477,76.0468,77.8878,14.7587
1.54879,0.384466,0,0.384466,19.7,139.214,333,0,0,2478,76.0307,77.8709,14.757
1.5576,4.4444,0,4.4444,19.68,139.064,1884,0,0,2479,76.0738,77.9133,14.7552
1.57491,1.74,0,1.74,19.68,139.064,1428,0,0,2480,76.1032,77.9419,14.7535
1.57724,0.00671,0,0.00671,19.66,138.914,101,0,0,2480,76.1032,77.9419,14.7518
1.59941,1.77371,0,1.77371,19.66,138.914,1396,0,0,2481,76.1254,77.9633,14.7518
1.60271,1.08668,0,1.08668,19.64,138.764,1282,0,0,2482,76.1483,77.9855,14.7501
1.62437,2.105,0,2.105,19.64,138.764,1191,0,0,2483,76.1611,77.9976,14.7483
1.62798,0.07887,0,0.07887,19.62,138.614,112,0,0,2483,76.1611,77.9976,14.7466
1.65177,3.21528,0,3.21528,19.62,138.614,1092,4,0,2484,76.1699,78.0052,14.7466
1.65638,0.096268,0,0.096268,19.6,138.464,112,0,0,2484,76.1699,78.0052,14.7449
1.67877,2.02985,0,2.02985,19.6,138.464,1229,0,0,2485,76.1863,78.0209,14.7449
1.68671,2.6242,0,2.6242,19.58,138.314,1001,0,0,2486,76.1919,78.0257,14.7432
1.70391,0.132254,0,0.132254,19.58,138.314,112,0,0,2486,76.1919,78.0257,14.7414
1.7079,1.56419,0,1.56419,19.56,138.163,1698,0,0,2487,76.232,78.0651,14.7414
1.72753,0.698486,0,0.698486,19.56,138.163,630,0,0,2488,76.2279,78.0603,14.7397
1.73229,1.98747,0,1.98747,19.54,138.013,823,0,0,2489,76.2346,78.0663,14.738
1.75078,0.123883,0,0.123883,19.54,138.013,112,0,0,2489,76.2346,78.0663,14.7363
1.75501,0.423547,0,0.423547,19.52,137.863,403,0,0,2490,76.2225,78.0534,14.7363
1.77489,0.063817,0,0.063817,19.52,137.863,112,0,0,2490,76.2225,78.0534,14.7345
1.78042,0.139942,0,0.139942,19.5,137.713,118,0,0,2490,76.2225,78.0534,14.7345
1.80008,0.057561,0,0.057561,19.5,137.713,118,0,0,2490,76.2225,78.0534,14.7345
1.80338,0.574716,0,0.574716,19.48,137.563,604,0,0,2491,76.218,78.0482,14.7345
1.82329,0.012603,0,0.012603,19.48,137.563,118,0,0,2491,76.218,78.0482,14.7328
1.82762,0.042372,0,0.042372,19.46,137.413,118,0,0,2491,76.218,78.0482,14.7328
1.84856,0.073586,0,0.073586,19.46,137.413,118,0,0,2491,76.218,78.0482,14.7328
1.85355,0.009139,0,0.009139,19.44,137.263,118,0,0,2491,76.218,78.0482,14.7328
1.87494,1.32255,0,1.32255,19.44,137.263,584,0,0,2492,76.2175,78.047,14.7328
1.88078,1.28188,0,1.28188,19.42,137.113,1103,2,0,2493,76.2323,78.061,14.7311
1.89991,0.194684,0,0.194684,19.42,137.113,175,0,0,2493,76.2323,78.061,14.7294
1.90355,0.584352,0,0.584352,19.4,136.962,573,0,0,2494,76.2229,78.0509,14.7294
1.92488,1.6076,0,1.6076,19.4,136.962,1278,0,0,2495,76.2477,78.0749,14.7277
1.92728,0.007095,0,0.007095,19.38,136.812,118,0,0,2495,76.2477,78.0749,14.7259
1.95025,2.49482,0,2.49482,19.38,136.812,2008,0,0,2496,76.2929,78.1194,14.7259
1.95256,0.039122,0,0.039122,19.36,136.662,128,0,0,2496,76.2929,78.1194,14.7242
1.97326,0.246194,0,0.246194,19.36,136.662,128,0,0,2496,76.2929,78.1194,14.7242
1.98118,2.83979,0,2.83979,19.34,136.512,1668,0,0,2497,76.3236,78.1494,14.7242
1.99852,0.225845,0,0.225845,19.34,136.512,138,0,0,2497,76.3236,78.1494,14.7225
2.00608,4.39947,0,4.39947,19.32,136.362,1676,2,0,2498,76.3543,78.1793,14.7225
2.02228,0.102799,0,0.102799,19.32,136.362,148,0,0,2498,76.3543,78.1793,14.7208
2.02566,1.1173,0,1.1173,19.3,136.212,1429,0,0,2499,76.377,78.2013,14.7208
2.04781,2.71802,0,2.71802,19.3,136.212,1138,35,0,2500,76.3888,78.2128,14.7191
2.05739,5.02361,0,5.02361,19.28,135,2101,0,0,2501,76.4374,78.2607,14.7174
2.07413,1.60658,0,1.60658,19.28,135,1085,0,0,2502,76.4452,78.2678,14.7157
2.07648,0.075723,0,0.075723,19.26,134.85,158,0,0,2502,76.4452,78.2678,14.714
2.0999,3.46231,0,3.46231,19.26,134.85,1510,0,0,2503,76.4726,78.2944,14.714
2.10451,1.3299,0,1.3299,19.24,134.7,1090,4,0,2504,76.4892,78.3107,14.7122
2.12344,0.043628,0,0.043628,19.24,134.7,149,0,0,2504,76.4892,78.3107,14.7105
2.12604,0.704511,0,0.704511,19.22,134.55,659,0,0,2505,76.479,78.2998,14.7105
2.1468,0.91592,0,0.91592,19.22,134.55,846,0,0,2506,76.4864,78.3065,14.7088
2.14885,0.28323,0,0.28323,19.2,134.4,459,0,0,2507,76.4922,78.3115,14.7071
2.17093,2.00128,0,2.00128,19.2,134.4,1755,0,0,2508,76.5263,78.3449,14.7054
2.17499,1.62892,0,1.62892,19.18,134.249,780,2,0,2509,76.5233,78.3408,14.7037
2.19604,2.60366,0,2.60366,19.18,134.249,888,0,0,2510,76.5502,78.3669,14.702
2.20226,1.22127,0,1.22127,19.16,134.099,659,0,0,2511,76.5392,78.3552,14.7003
2.22499,3.35319,0,3.35319,19.16,134.099,1559,0,0,2512,76.5641,78.3794,14.6986
2.23261,2.79384,0,2.79384,19.14,133.949,981,2,0,2513,76.571,78.3856,14.6969
2.24984,0.010589,0,0.010589,19.14,133.949,169,0,0,2513,76.571,78.3856,14.6952
2.25425,0.195576,0,0.195576,19.12,133.799,170,0,0,2513,76.571,78.3856,14.6952
2.27411,0.057804,0,0.057804,19.12,133.799,170,0,0,2513,76.571,78.3856,14.6952
2.27671,0.499466,0,0.499466,19.1,133.649,758,0,0,2514,76.5744,78.3882,14.6952
2.29967,2.7295,0,2.7295,19.1,133.649,1479,0,0,2515,76.5992,78.4123,14.6935
2.30347,1.57507,0,1.57507,19.08,133.499,1701,0,0,2516,76.63,78.4424,14.6918
2.32468,1.891,0,1.891,19.08,133.499,917,0,0,2517,76.64,78.4517,14.6901
2.32748,0.066565,0,0.066565,19.06,133.349,171,0,0,2517,76.64,78.4517,14.6884
2.34859,0.738091,0,0.738091,19.06,133.349,634,0,0,2518,76.6358,78.4468,14.6884
2.35741,5.07502,0,5.07502,19.04,133.199,1713,2,0,2519,76.6673,78.4776,14.6867
2.37532,2.35374,0,2.35374,19.04,133.199,908,0,0,2520,76.6683,78.4778,14.685
2.37901,1.32547,0,1.32547,19.02,133.048,1651,0,0,2521,76.7057,78.5145,14.6833
2.39984,1.84769,0,1.84769,19.02,133.048,1557,0,0,2522,76.7363,78.5444,14.6816
2.40184,0.005485,0,0.005485,19,132.898,187,0,0,2522,76.7363,78.5444,14.6799
2.42251,0.011673,0,0.011673,19,132.898,187,0,0,2522,76.7363,78.5444,14.6799
2.42759,1.43552,0,1.43552,18.98,132.748,1125,0,0,2523,76.744,78.5513,14.6799
2.44662,0.119223,0,0.119223,18.98,132.748,197,0,0,2523,76.744,78.5513,14.6782
2.45119,0.016959,0,0.016959,18.96,132.598,198,0,0,2523,76.744,78.5513,14.6782
2.47601,4.00008,0,4.00008,18.96,132.598,1569,7,0,2524,76.7686,78.5753,14.6782
2.47995,1.32178,0,1.32178,18.94,132.448,575,0,0,2524,76.7686,78.5753,14.6766
2.49846,0.12804,0,0.12804,18.94,132.448,198,0,0,2524,76.7686,78.5753,14.6766
2.50115,0.506979,0,0.506979,18.92,132.298,838,0,0,2525,76.7778,78.5838,14.6766
2.52119,0.01122,0,0.01122,18.92,132.298,198,0,0,2525,76.7778,78.5838,14.6749
2.52425,0.863746,0,0.863746,18.9,132.148,1151,0,0,2526,76.7862,78.5914,14.6749
2.54473,0.197079,0,0.197079,18.9,132.148,199,0,0,2526,76.7862,78.5914,14.6732
2.55016,0.075815,0,0.075815,18.88,131.997,191,0,0,2526,76.7862,78.5914,14.6732
2.57192,1.0045,0,1.0045,18.88,131.997,439,0,0,2526,76.7862,78.5914,14.6732
2.57627,0.077619,0,0.077619,18.86,131.847,191,0,0,2526,76.7862,78.5914,14.6732
2.59709,0.027864,0,0.027864,18.86,131.847,191,0,0,2526,76.7862,78.5914,14.6732
2.60462,1.51718,0,1.51718,18.84,131.697,701,0,0,2527,76.7772,78.5817,14.6732
2.6226,0.142473,0,0.142473,18.84,131.697,191,0,0,2527,76.7772,78.5817,14.6715
2.62478,0.062143,0,0.062143,18.82,131.547,191,0,0,2527,76.7772,78.5817,14.6715
2.64616,0.137863,0,0.137863,18.82,131.547,191,0,0,2527,76.7772,78.5817,14.6715
2.65191,0.135167,0,0.135167,18.8,131.397,191,0,0,2527,76.7772,78.5817,14.6715
2.67265,0.167011,0,0.167011,18.8,131.397,191,0,0,2527,76.7772,78.5817,14.6715
2.67642,0.051363,0,0.051363,18.78,131.247,191,0,0,2527,76.7772,78.5817,14.6715
2.69849,1.88551,0,1.88551,18.78,131.247,1356,17,0,2528,76.7919,78.5969,14.6715
2.70045,0.019973,0,0.019973,18.76,131.097,181,0,0,2528,76.7919,78.5969,14.6698
2.72541,4.73595,0,4.73595,18.76,131.097,1863,0,0,2529,76.8284,78.6327,14.6698
2.73714,6.3552,0,6.3552,18.74,130.947,1541,0,0,2530,76.8518,78.6553,14.6681
2.7527,2.03975,0,2.03975,18.74,130.947,1611,4,0,2531,76.8775,78.6804,14.6664
2.75468,0.061124,0,0.061124,18.72,130.796,171,0,0,2531,76.8775,78.6804,14.6647
2.77584,0.161798,0,0.161798,18.72,130.796,171,0,0,2531,76.8775,78.6804,14.6647
2.77998,0.031621,0,0.031621,18.7,130.646,171,0,0,2531,76.8775,78.6804,14.6647
2.80714,6.09964,0,6.09964,18.7,130.646,1747,0,0,2532,76.9103,78.7125,14.6647
2.81218,0.08649,0,0.08649,18.68,130.496,178,0,0,2532,76.9103,78.7125,14.6631
2.83462,1.76112,0,1.76112,18.68,130.496,672,0,0,2533,76.9285,78.73,14.6631
2.8426,1.74097,0,1.74097,18.66,130.346,794,0,0,2534,76.9365,78.7372,14.6614
2.86106,0.152532,0,0.152532,18.66,130.346,188,0,0,2534,76.9365,78.7372,14.6597
2.87295,5.3798,0,5.3798,18.64,130.196,1481,0,0,2535,76.957,78.757,14.6597
2.89022,3.3841,0,3.3841,18.64,130.196,1930,0,0,2536,76.9957,78.795,14.658
2.89404,0.699044,0,0.699044,18.62,130.046,959,4,0,2537,76.9996,78.799,14.6563
2.91419,0.111458,0,0.111458,18.62,130.046,198,0,0,2537,76.9996,78.799,14.6546
2.92258,3.14531,0,3.14531,18.6,129.896,1233,0,0,2538,77.0118,78.8105,14.6546
2.94066,1.2629,0,1.2629,18.6,129.896,1051,0,0,2539,77.0154,78.8133,14.653
2.94359,0.958932,0,0.958932,18.58,129.745,1362,0,0,2540,77.0362,78.8335,14.6513
2.96332,0.51925,0,0.51925,18.58,129.745,639,0,0,2541,77.0252,78.8217,14.6496
2.96582,0.09461,0,0.09461,18.56,129.595,199,0,0,2541,77.0252,78.8217,14.6479
2.98602,0.102347,0,0.102347,18.56,129.595,199,0,0,2541,77.0252,78.8217,14.6479
2.98813,0.025358,0,0.025358,18.54,129.445,200,0,0,2541,77.0252,78.8217,14.6479
3.00869,0.065484,0,0.065484,18.54,129.445,200,0,0,2541,77.0252,78.8217,14.6479
3.0113,0.633384,0,0.633384,18.52,129.295,861,0,0,2542,77.033,78.8289,14.6479
3.03256,0.89496,0,0.89496,18.52,129.295,779,0,0,2543,77.0476,78.8427,14.6463
3.03464,0.045077,0,0.045077,18.5,129.145,210,0,0,2543,77.0476,78.8427,14.6446
3.06108,5.66666,0,5.66666,18.5,129.145,1648,0,0,2544,77.0759,78.8703,14.6446
3.06995,2.39251,0,2.39251,18.48,128.995,1881,0,0,2545,77.1124,78.9061,14.6429
3.09274,5.42082,0,5.42082,18.48,128.995,1790,10,0,2546,77.1418,78.9356,14.6412
3.09855,0.75976,0,0.75976,18.46,128.845,722,0,0,2547,77.1402,78.9333,14.6396
3.12103,3.08302,0,3.08302,18.46,128.845,1300,2,0,2548,77.1531,78.9451,14.6379
3.1263,0.174928,0,0.174928,18.44,128.694,221,0,0,2548,77.1531,78.9451,14.6362
3.14622,0.05392,0,0.05392,18.44,128.694,221,0,0,2548,77.1531,78.9451,14.6362
3.14886,0.586659,0,0.586659,18.42,128.544,949,0,0,2549,77.1624,78.9537,14.6362
3.1709,2.05343,0,2.05343,18.42,128.544,1857,0,0,2550,77.1969,78.9875,14.6345
3.17318,0.268672,0,0.268672,18.4,128.394,583,0,0,2550,77.1969,78.9875,14.6329
3.19657,3.33945,0,3.33945,18.4,128.394,1581,0,0,2551,77.2195,79.0094,14.6329
3.19967,0.106691,0,0.106691,18.38,128.244,232,0,0,2551,77.2195,79.0094,14.6312
3.21988,0.238905,0,0.238905,18.38,128.244,232,0,0,2551,77.2195,79.0094,14.6312
3.22386,0.009099,0,0.009099,18.36,128.094,223,0,0,2551,77.2195,79.0094,14.6312
3.24601,1.71106,0,1.71106,18.36,128.094,809,0,0,2552,77.2402,79.0294,14.6312
3.25589,4.45468,0,4.45468,18.34,127.944,1537,0,0,2553,77.2628,79.0513,14.6295
3.27504,2.88173,0,2.88173,18.34,127.944,1343,0,0,2554,77.278,79.0658,14.6279
3.27727,0.063786,0,0.063786,18.32,127.794,214,0,0,2554,77.278,79.0658,14.6262
3.30012,2.31897,0,2.31897,18.32,127.794,2222,0,0,2555,77.3276,79.1147,14.6262
3.30262,0.102789,0,0.102789,18.3,127.644,215,0,0,2555,77.3276,79.1147,14.6245
3.32632,3.51555,0,3.51555,18.3,127.644,1815,65,0,2556,77.3572,79.1416,14.6245
3.32876,0.336386,0,0.336386,18.28,127.493,631,0,0,2557,77.3485,79.1322,14.6229
3.35031,1.32597,0,1.32597,18.28,127.493,709,0,0,2558,77.3389,79.122,14.6212
3.35404,0.009666,0,0.009666,18.26,127.343,227,0,0,2558,77.3389,79.122,14.6196
3.3758,1.29573,0,1.29573,18.26,127.343,1033,2,0,2559,77.3462,79.1282,14.6196
3.37789,0.033658,0,0.033658,18.24,127.253,207,0,0,2559,77.3462,79.1282,14.6179
3.40165,3.22651,0,3.22651,18.24,127.253,1057,0,0,2560,77.3488,79.1301,14.6179
3.41077,3.88839,0,3.88839,18.22,127.214,1596,0,0,2561,77.3768,79.1574,14.6162
3.42731,0.480161,0,0.480161,18.22,127.214,504,0,0,2562,77.3755,79.1553,14.6146
3.43122,1.85055,0,1.85055,18.2,127.176,2123,0,0,2563,77.4218,79.2009,14.6129
3.45381,3.9606,0,3.9606,18.2,127.176,1561,0,0,2564,77.4516,79.2301,14.6113
3.45964,1.62422,0,1.62422,18.18,127.138,1934,0,0,2565,77.4908,79.2686,14.6096
3.47931,0.244489,0,0.244489,18.18,127.138,217,0,0,2565,77.4908,79.2686,14.6079
3.48605,2.22097,0,2.22097,18.16,127.099,1963,2,0,2566,77.5304,79.309,14.6079
3.50991,5.06872,0,5.06872,18.16,127.099,1707,6,0,2567,77.5547,79.3354,14.6063
3.51474,0.060985,0,0.060985,18.14,127.061,197,0,0,2567,77.5547,79.3354,14.6046
3.53569,0.081067,0,0.081067,18.14,127.061,197,0,0,2567,77.5547,79.3354,14.6046
3.54115,0.186752,0,0.186752,18.12,127.022,197,0,0,2567,77.5547,79.3354,14.6046
3.56301,2.04371,0,2.04371,18.12,127.022,1790,0,0,2568,77.5903,79.3703,14.6046
3.5678,2.31865,0,2.31865,18.1,126.984,944,0,0,2569,77.6119,79.3912,14.603
3.58642,1.10297,0,1.10297,18.1,126.984,899,4,0,2570,77.6093,79.3879,14.6013
3.58845,0.005173,0,0.005173,18.08,126.946,197,0,0,2570,77.6093,79.3879,14.5997
3.61234,2.60204,0,2.60204,18.08,126.946,1559,0,0,2571,77.6336,79.4115,14.5997
3.61759,1.80456,0,1.80456,18.06,126.907,1832,0,0,2572,77.6672,79.4444,14.598
3.64213,5.48435,0,5.48435,18.06,126.907,2337,10,0,2573,77.7198,79.4963,14.5964
3.64438,0.039011,0,0.039011,18.04,126.869,197,0,0,2573,77.7198,79.4963,14.5947
3.66934,4.02635,0,4.02635,18.04,126.869,1591,0,0,2574,77.7521,79.528,14.5947
3.67751,3.76612,0,3.76612,18.02,126.831,1707,4,0,2575,77.7802,79.5557,14.5931
3.69691,2.33339,0,2.33339,18.02,126.831,995,0,0,2576,77.7869,79.5617,14.5914
3.70542,3.93372,0,3.93372,18,126.792,1428,0,0,2577,77.8133,79.5875,14.5898
3.725,3.32062,0,3.32062,18,126.792,1786,0,0,2578,77.8468,79.6202,14.5881
3.73207,2.45608,0,2.45608,17.98,126.754,939,0,0,2579,77.8457,79.6185,14.5865
3.7527,3.07127,0,3.07127,17.98,126.754,1315,0,0,2580,77.8612,79.6333,14.5848
3.75783,0.514942,0,0.514942,17.96,126.715,600,0,0,2581,77.8516,79.623,14.5832
3.77875,1.42304,0,1.42304,17.96,126.715,1097,0,0,2582,77.8563,79.627,14.5815
3.78239,1.6425,0,1.6425,17.94,126.677,1873,0,0,2583,77.9001,79.6702,14.5799
3.8017,0.105233,0,0.105233,17.94,126.677,197,0,0,2583,77.9001,79.6702,14.5783
3.80702,2.50954,0,2.50954,17.92,126.639,1940,0,0,2584,77.9377,79.707,14.5783
3.82464,0.042891,0,0.042891,17.92,126.639,197,0,0,2584,77.9377,79.707,14.5766
3.82787,1.00432,0,1.00432,17.9,126.6,947,30,0,2585,77.9369,79.7048,14.5766
3.84727,0.05604,0,0.05604,17.9,126.6,187,0,0,2585,77.9369,79.7048,14.575
3.84964,0.027316,0,0.027316,17.88,126.562,187,0,0,2585,77.9369,79.7048,14.575
3.87143,1.24902,0,1.24902,17.88,126.562,1045,2,0,2586,77.9478,79.715,14.575
3.87432,0.893065,0,0.893065,17.86,126.523,951,2,0,2587,77.9517,79.7182,14.5733
3.89799,3.49413,0,3.49413,17.86,126.523,1472,0,0,2588,77.978,79.7438,14.5717
3.90059,0.025321,0,0.025321,17.84,126.485,188,0,0,2588,77.978,79.7438,14.5701
3.92126,0.023137,0,0.023137,17.84,126.485,188,0,0,2588,77.978,79.7438,14.5701
3.92693,0.018816,0,0.018816,17.82,126.447,188,0,0,2588,77.978,79.7438,14.5701
3.94708,0.940459,0,0.940459,17.82,126.447,1164,0,0,2589,77.9923,79.7574,14.5701
3.94914,0.048191,0,0.048191,17.8,126.408,188,0,0,2589,77.9923,79.7574,14.5684
3.97177,2.14179,0,2.14179,17.8,126.408,1658,0,0,2590,78.0189,79.7834,14.5684
3.97551,1.766,0,1.766,17.78,126.37,1939,0,0,2591,78.0583,79.8221,14.5668
3.99444,0.096477,0,0.096477,17.78,126.37,189,0,0,2591,78.0583,79.8221,14.5651
3.99854,1.85801,0,1.85801,17.76,126.332,2061,0,0,2592,78.1026,79.8657,14.5651
4.01746,0.130645,0,0.130645,17.76,126.332,189,0,0,2592,78.1026,79.8657,14.5635
4.02579,3.15705,0,3.15705,17.74,126.293,1827,0,0,2593,78.1361,79.8986,14.5635
4.04539,3.13855,0,3.13855,17.74,126.293,1807,0,0,2594,78.1754,79.9372,14.5619
4.05251,2.04416,0,2.04416,17.72,126.255,975,0,0,2595,78.1784,79.9395,14.5602
4.07309,2.53207,0,2.53207,17.72,126.255,1220,0,0,2596,78.1911,79.9515,14.5586
4.07638,0.040662,0,0.040662,17.7,126.216,195,0,0,2596,78.1911,79.9515,14.557
4.09976,3.072,0,3.072,17.7,126.216,1428,7,0,2597,78.2179,79.9765,14.557
4.10736,2.99224,0,2.99224,17.68,126.178,1540,2,0,2598,78.2398,79.9962,14.5553
4.12523,0.749122,0,0.749122,17.68,126.178,647,0,0,2599,78.2289,79.9846,14.5537
4.12834,0.94525,0,0.94525,17.66,126.14,1071,2,0,2600,78.2469,80.0038,14.5521
4.15072,2.76587,0,2.76587,17.66,126.14,1400,0,0,2601,78.2672,80.0235,14.5505
4.15448,0.068246,0,0.068246,17.64,126.101,195,0,0,2601,78.2672,80.0235,14.5488
4.17572,1.29904,0,1.29904,17.64,126.101,1158,0,0,2602,78.2825,80.038,14.5488
4.17901,1.08003,0,1.08003,17.62,126.063,1057,0,0,2603,78.287,80.0419,14.5472
4.19851,0.035582,0,0.035582,17.62,126.063,185,0,0,2603,78.287,80.0419,14.5456
4.20095,0.355302,0,0.355302,17.6,126.024,602,0,0,2604,78.2784,80.0326,14.5456
4.22267,1.5215,0,1.5215,17.6,126.024,1500,0,0,2605,78.3021,80.0557,14.5439
4.22464,0.005158,0,0.005158,17.58,125.986,175,0,0,2605,78.3021,80.0557,14.5423
4.24484,0.008373,0,0.008373,17.58,125.986,175,0,0,2605,78.3021,80.0557,14.5423
4.247,0.029691,0,0.029691,17.56,125.948,175,0,0,2605,78.3021,80.0557,14.5423
4.26761,0.052439,0,0.052439,17.56,125.948,175,0,0,2605,78.3021,80.0557,14.5423
4.27201,1.5212,0,1.5212,17.54,125.909,817,0,0,2606,78.3101,80.0629,14.5423
4.29038,0.011411,0,0.011411,17.54,125.909,175,0,0,2606,78.3101,80.0629,14.5407
4.29707,3.54367,0,3.54367,17.52,125.871,2325,0,0,2607,78.3656,80.1178,14.5407
4.31462,1.12355,0,1.12355,17.52,125.871,813,0,0,2608,78.3654,80.1169,14.5391
4.31947,1.47926,0,1.47926,17.5,125.832,1028,0,0,2609,78.3714,80.1223,14.5375
4.33967,1.87543,0,1.87543,17.5,125.832,1674,0,0,2610,78.4019,80.1521,14.5358
4.34349,1.10309,0,1.10309,17.48,125.794,1041,2,0,2611,78.4125,80.1624,14.5342
4.3627,0.073594,0,0.073594,17.48,125.794,184,0,0,2611,78.4125,80.1624,14.5326
4.36666,1.77348,0,1.77348,17.46,125.756,1465,0,0,2612,78.4322,80.1815,14.5326
4.38584,0.631933,0,0.631933,17.46,125.756,699,0,0,2613,78.4546,80.2032,14.531
4.38843,0.424625,0,0.424625,17.44,125.717,708,0,0,2614,78.4514,80.1993,14.5294
4.40902,0.693575,0,0.693575,17.44,125.717,857,0,0,2615,78.4604,80.2076,14.5277
4.41107,0.037549,0,0.037549,17.42,125.679,202,0,0,2615,78.4604,80.2076,14.5261
4.4319,0.072191,0,0.072191,17.42,125.679,202,0,0,2615,78.4604,80.2076,14.5261
4.43851,3.04434,0,3.04434,17.4,125.641,1942,0,0,2616,78.5031,80.2496,14.5261
4.45683,0.819728,0,0.819728,17.4,125.641,735,0,0,2617,78.4945,80.2404,14.5245
4.46016,1.38759,0,1.38759,17.38,125.602,1786,2,0,2618,78.5267,80.2735,14.5229
4.48634,6.33727,0,6.33727,17.38,125.602,1532,0,0,2619,78.5475,80.2936,14.5213
4.49304,2.83368,0,2.83368,17.36,125.564,1439,0,0,2620,78.5698,80.3153,14.5197
4.51101,0.722596,0,0.722596,17.36,125.564,728,0,0,2621,78.5662,80.311,14.518
4.51741,2.24084,0,2.24084,17.34,125.525,1166,6,0,2622,78.5809,80.3238,14.5164
4.53954,3.75949,0,3.75949,17.34,125.525,1893,0,0,2623,78.6165,80.3587,14.5148
4.54183,0.008095,0,0.008095,17.32,125.487,202,0,0,2623,78.6165,80.3587,14.5132
4.56719,4.25441,0,4.25441,17.32,125.487,1774,0,0,2624,78.6502,80.3918,14.5132
4.57144,0.070231,0,0.070231,17.3,125.449,211,0,0,2624,78.6502,80.3918,14.5116
4.59141,0.076177,0,0.076177,17.3,125.449,211,0,0,2624,78.6502,80.3918,14.5116
4.59567,2.17586,0,2.17586,17.28,125.41,2107,10,0,2625,78.6876,80.4301,14.5116
4.61484,0.943691,0,0.943691,17.28,125.41,849,0,0,2626,78.682,80.4238,14.51
4.61717,0.045708,0,0.045708,17.26,125.372,211,0,0,2626,78.682,80.4238,14.5084
4.63741,0.111023,0,0.111023,17.26,125.372,211,0,0,2626,78.682,80.4238,14.5084
4.64053,0.748425,0,0.748425,17.24,125.333,1037,0,0,2627,78.6939,80.4351,14.5084
4.66272,1.75635,0,1.75635,17.24,125.333,742,0,0,2628,78.6842,80.4247,14.5068
4.66732,0.010325,0,0.010325,17.22,125.295,224,0,0,2628,78.6842,80.4247,14.5052
4.6909,2.48762,0,2.48762,17.22,125.295,1950,8,0,2629,78.7181,80.458,14.5052
4.69381,0.916476,0,0.916476,17.2,125.257,1206,0,0,2630,78.7335,80.4726,14.5036
4.71535,2.0964,0,2.0964,17.2,125.257,1474,0,0,2631,78.751,80.4895,14.502
4.72317,4.90755,0,4.90755,17.18,125.218,1823,0,0,2632,78.7827,80.5205,14.5004
4.74043,2.21945,0,2.21945,17.18,125.218,1775,0,0,2633,78.8131,80.5503,14.4988
4.74447,1.9626,0,1.9626,17.16,125.18,1633,55,0,2634,78.8356,80.5714,14.4972
4.76459,1.26793,0,1.26793,17.16,125.18,712,0,0,2635,78.8288,80.5639,14.4956
4.77246,3.74745,0,3.74745,17.14,125.142,1755,10,0,2636,78.857,80.5922,14.494
4.79374,4.45221,0,4.45221,17.14,125.142,2280,2,0,2637,78.9056,80.642,14.4924
4.79645,0.05527,0,0.05527,17.12,125.103,223,0,0,2637,78.9056,80.642,14.4908
4.81746,0.182445,0,0.182445,17.12,125.103,223,0,0,2637,78.9056,80.642,14.4908
4.82166,0.088713,0,0.088713,17.1,125.065,232,0,0,2637,78.9056,80.642,14.4908
4.84172,0.129235,0,0.129235,17.1,125.065,232,0,0,2637,78.9056,80.642,14.4908
4.84472,0.1283,0,0.1283,17.08,125.026,250,0,0,2637,78.9056,80.642,14.4908
4.86609,1.43466,0,1.43466,17.08,125.026,1405,4,0,2638,78.9234,80.6611,14.4908
4.86876,0.1143,0,0.1143,17.06,124.988,259,0,0,2638,78.9234,80.6611,14.4892
4.89304,3.49939,0,3.49939,17.06,124.988,1589,0,0,2639,78.9439,80.6809,14.4892
4.89652,0.053493,0,0.053493,17.04,124.95,259,0,0,2639,78.9439,80.6809,14.4876
4.91781,0.099205,0,0.099205,17.04,124.95,259,0,0,2639,78.9439,80.6809,14.4876
4.92268,0.058293,0,0.058293,17.02,124.911,268,0,0,2639,78.9439,80.6809,14.4876
4.9436,0.02349,0,0.02349,17.02,124.911,268,0,0,2639,78.9439,80.6809,14.4876
4.95607,5.55095,0,5.55095,17,124.873,1977,0,0,2640,78.9814,80.7178,14.4876
4.96969,0.140378,0,0.140378,17,124.873,268,0,0,2640,78.9814,80.7178,14.486
4.97294,0.093857,0,0.093857,16.98,124.834,277,0,0,2640,78.9814,80.7178,14.486
4.99874,6.0786,0,6.0786,16.98,124.834,1929,0,0,2641,79.0186,80.7543,14.486
5.00382,1.09631,0,1.09631,16.96,124.796,1034,0,0,2642,79.0178,80.7528,14.4844
5.02563,2.60651,0,2.60651,16.96,124.796,2045,0,0,2643,79.0575,80.7919,14.4828
5.03108,2.7153,0,2.7153,16.94,124.758,2024,2,0,2644,79.0919,80.8241,14.4812
5.04882,0.084122,0,0.084122,16.94,124.758,304,0,0,2644,79.0919,80.8241,14.4796
5.0518,0.036927,0,0.036927,16.92,124.719,313,0,0,2644,79.0919,80.8241,14.4796
5.07239,0.571399,0,0.571399,16.92,124.719,883,0,0,2645,79.0836,80.8151,14.4796
5.07482,0.058484,0,0.058484,16.9,124.681,322,0,0,2645,79.0836,80.8151,14.478
5.09601,0.912283,0,0.912283,16.9,124.681,1046,0,0,2646,79.0831,80.8141,14.478
5.10001,1.80007,0,1.80007,16.88,124.643,1771,0,0,2647,79.1077,80.8379,14.4764
5.12061,1.88315,0,1.88315,16.88,124.643,1482,0,0,2648,79.1235,80.8531,14.4748
5.12433,1.5331,0,1.5331,16.86,124.604,2045,0,0,2649,79.1638,80.8928,14.4732
5.14355,0.04067,0,0.04067,16.86,124.604,339,0,0,2649,79.1638,80.8928,14.4716
5.14627,0.043869,0,0.043869,16.84,124.566,348,0,0,2649,79.1638,80.8928,14.4716
5.16693,0.061129,0,0.061129,16.84,124.566,348,0,0,2649,79.1638,80.8928,14.4716
5.17651,4.88186,0,4.88186,16.82,124.527,2040,0,0,2650,79.1981,80.9264,14.4716
5.19405,2.3344,0,2.3344,16.82,124.527,2416,0,0,2651,79.2475,80.9751,14.47
5.19949,2.8889,0,2.8889,16.8,124.489,1328,0,0,2652,79.2549,80.9819,14.4684
5.21926,2.51052,0,2.51052,16.8,124.489,2468,0,0,2653,79.3083,81.0347,14.4668
5.22255,1.11274,0,1.11274,16.78,124.451,1404,25,0,2654,79.3173,81.0422,14.4653
5.24253,0.214876,0,0.214876,16.78,124.451,338,0,0,2654,79.3173,81.0422,14.4637
5.24681,1.15477,0,1.15477,16.76,124.412,1328,0,0,2655,79.3258,81.0501,14.4637
5.26632,0.186005,0,0.186005,16.76,124.412,328,0,0,2655,79.3258,81.0501,14.4621
5.27376,3.41668,0,3.41668,16.74,124.374,1943,0,0,2656,79.3569,81.0806,14.4621
5.29074,0.125422,0,0.125422,16.74,124.374,328,0,0,2656,79.3569,81.0806,14.4605
5.29527,0.122319,0,0.122319,16.72,124.335,328,0,0,2656,79.3569,81.0806,14.4605
5.31715,1.87741,0,1.87741,16.72,124.335,1558,61,0,2657,79.3703,81.0945,14.4605
5.32049,1.32943,0,1.32943,16.7,124.297,1248,2,0,2658,79.38,81.1031,14.4589
5.34133,1.59756,0,1.59756,16.7,124.297,1289,0,0,2659,79.3874,81.1098,14.4573
5.34505,1.33636,0,1.33636,16.68,124.259,1951,0,0,2660,79.4211,81.1429,14.4558
5.36448,0.795922,0,0.795922,16.68,124.259,1077,4,0,2661,79.4292,81.1507,14.4542
5.36746,0.023921,0,0.023921,16.66,124.22,308,0,0,2661,79.4292,81.1507,14.4526
5.39118,2.69406,0,2.69406,16.66,124.22,1620,0,0,2662,79.4523,81.1732,14.4526
5.39686,1.07116,0,1.07116,16.64,124.182,799,0,0,2663,79.4412,81.1615,14.451
5.41662,0.699438,0,0.699438,16.64,124.182,793,0,0,2664,79.4332,81.1528,14.4494
5.41885,0.028775,0,0.028775,16.62,124.143,308,0,0,2664,79.4332,81.1528,14.4479
5.44087,1.66701,0,1.66701,16.62,124.143,1517,0,0,2665,79.4514,81.1704,14.4479
5.44317,0.047385,0,0.047385,16.6,124.105,308,0,0,2665,79.4514,81.1704,14.4463
5.4651,1.2871,0,1.2871,16.6,124.105,771,0,0,2666,79.4407,81.159,14.4463
5.47121,2.23497,0,2.23497,16.58,124.067,1336,0,0,2667,79.4507,81.1684,14.4447
5.48988,0.731021,0,0.731021,16.58,124.067,1047,2,0,2668,79.4576,81.1739,14.4431
5.49377,1.78053,0,1.78053,16.56,124.028,1514,0,0,2669,79.4803,81.196,14.4415
5.51395,1.27782,0,1.27782,16.56,124.028,1334,0,0,2670,79.5086,81.2236,14.44
5.52363,5.18999,0,5.18999,16.54,123.99,1969,2,0,2671,79.5391,81.2542,14.4384
5.53943,1.11089,0,1.11089,16.54,123.99,1168,0,0,2672,79.5415,81.256,14.4368
5.54192,0.02383,0,0.02383,16.52,123.952,318,0,0,2672,79.5415,81.256,14.4352
5.56582,3.52698,0,3.52698,16.52,123.952,2098,0,0,2673,79.5799,81.2937,14.4352
5.56911,0.133167,0,0.133167,16.5,123.913,318,0,0,2673,79.5799,81.2937,14.4337
5.58968,0.02153,0,0.02153,16.5,123.913,318,0,0,2673,79.5799,81.2937,14.4337
5.59452,0.163331,0,0.163331,16.48,123.875,318,0,0,2673,79.5799,81.2937,14.4337
5.61518,0.082879,0,0.082879,16.48,123.875,318,0,0,2673,79.5799,81.2937,14.4337
5.62288,2.62278,0,2.62278,16.46,123.836,1322,0,0,2674,79.589,81.3022,14.4337
5.64042,0.104774,0,0.104774,16.46,123.836,318,0,0,2674,79.589,81.3022,14.4321
5.64266,0.004746,0,0.004746,16.44,123.798,318,0,0,2674,79.589,81.3022,14.4321
5.66459,1.56895,0,1.56895,16.44,123.798,1623,2,0,2675,79.6164,81.3275,14.4321
5.66733,0.592803,0,0.592803,16.42,123.76,998,0,0,2676,79.6151,81.3255,14.4305
5.68794,0.03302,0,0.03302,16.42,123.76,308,0,0,2676,79.6151,81.3255,14.429
5.69174,1.24707,0,1.24707,16.4,123.721,1692,6,0,2677,79.6395,81.3489,14.429
5.71506,3.26939,0,3.26939,16.4,123.721,1178,0,0,2678,79.6423,81.351,14.4274
5.72047,0.107833,0,0.107833,16.38,123.683,308,0,0,2678,79.6423,81.351,14.4258
5.74321,2.78822,0,2.78822,16.38,123.683,1182,0,0,2679,79.6487,81.3568,14.4258
5.75218,3.56614,0,3.56614,16.36,123.644,1632,0,0,2680,79.675,81.3825,14.4243
5.76966,1.37352,0,1.37352,16.36,123.644,1148,0,0,2681,79.6762,81.3831,14.4227
5.77717,4.67984,0,4.67984,16.34,123.606,1918,0,0,2682,79.7103,81.4165,14.4211
5.7933,1.11009,0,1.11009,16.34,123.606,1104,2,0,2683,79.7152,81.4212,14.4196
6.22918,433.564,432.852,0.711517,16.32,123.568,322155,3534,0,2684,78.2317,80.2664,14.418
6.23378,1.26151,0,1.26151,16.3,129.915,1042,0,0,2685,78.2384,80.2723,14.4164
6.25377,1.31991,0,1.31991,16.3,129.915,1117,0,0,2686,78.2468,80.28,14.4149
6.25649,0.059743,0,0.059743,16.28,129.811,107,0,0,2686,78.2468,80.28,14.4133
6.27881,1.69948,0,1.69948,16.28,129.811,1698,2,0,2687,78.2787,80.3111,14.4133
6.2828,1.74259,0,1.74259,16.26,129.707,2011,0,0,2688,78.3225,80.3542,14.4117
6.30178,0.134365,0,0.134365,16.26,129.707,107,0,0,2688,78.3225,80.3542,14.4102
6.30513,0.945269,0,0.945269,16.24,129.603,908,0,0,2689,78.3235,80.3544,14.4102
6.32549,1.12693,0,1.12693,16.24,129.603,1162,4,0,2690,78.3372,80.3654,14.4086
6.32953,1.14043,0,1.14043,16.22,129.499,968,4,0,2691,78.3415,80.369,14.4071
6.35095,2.08092,0,2.08092,16.22,129.499,1147,0,0,2692,78.3533,80.38,14.4055
6.35442,0.627888,0,0.627888,16.2,129.395,684,0,0,2693,78.3724,80.3984,14.4039
6.37445,0.035093,0,0.035093,16.2,129.395,108,0,0,2693,78.3724,80.3984,14.4024
6.37735,0.691195,0,0.691195,16.18,129.291,904,0,0,2694,78.3731,80.3983,14.4024
6.39876,1.38969,0,1.38969,16.18,129.291,1018,0,0,2695,78.3792,80.4037,14.4008
6.4018,0.00802,0,0.00802,16.16,129.188,108,0,0,2695,78.3792,80.4037,14.3993
6.42208,0.110973,0,0.110973,16.16,129.188,108,0,0,2695,78.3792,80.4037,14.3993
6.42604,1.24453,0,1.24453,16.14,129.084,1439,0,0,2696,78.4047,80.4284,14.3993
6.44641,1.02629,0,1.02629,16.14,129.084,565,0,0,2697,78.3941,80.4171,14.3977
6.45158,0.052172,0,0.052172,16.12,128.98,122,0,0,2697,78.3941,80.4171,14.3962
6.47181,0.012276,0,0.012276,16.12,128.98,122,0,0,2697,78.3941,80.4171,14.3962
6.47411,0.047329,0,0.047329,16.1,128.876,122,0,0,2697,78.3941,80.4171,14.3962
6.49542,0.983313,0,0.983313,16.1,128.876,1004,0,0,2698,78.4159,80.4381,14.3962
6.49884,1.23304,0,1.23304,16.08,128.772,1073,0,0,2699,78.422,80.4435,14.3946
6.51827,0.109694,0,0.109694,16.08,128.772,123,0,0,2699,78.422,80.4435,14.3931
6.97876,456.209,455.71,0.498936,16.06,128.668,371481,3978,0,2699,77.7884,79.934,14.3931
6.98236,0.947982,0,0.947982,16.04,128.564,903,0,0,2700,77.7959,79.9407,14.3931
7.00215,0.367524,0,0.367524,16.04,128.564,365,3,0,2701,77.7786,79.9226,14.3915
7.00489,0.48121,0,0.48121,16.02,128.46,591,0,0,2702,77.7768,79.9201,14.39
7.02492,0.062763,0,0.062763,16.02,128.46,78,0,0,2702,77.7768,79.9201,14.3884
7.02831,1.11196,0,1.11196,16,128.356,1117,0,0,2703,77.7969,79.9393,14.3884
7.0476,0.086438,0,0.086438,16,128.356,78,0,0,2703,77.7969,79.9393,14.3869
7.05091,1.06381,0,1.06381,15.98,128.252,1110,0,0,2704,77.8103,79.9519,14.3869
7.07126,0.765664,0,0.765664,15.98,128.252,734,0,0,2705,77.8059,79.9468,14.3853
7.07348,0.047847,0,0.047847,15.96,128.148,79,0,0,2705,77.8059,79.9468,14.3838
7.09658,2.49893,0,2.49893,15.96,128.148,1629,0,0,2706,77.8344,79.9745,14.3838
7.09944,0.706238,0,0.706238,15.94,128.044,787,0,0,2707,77.836,79.9752,14.3822
7.12053,1.43411,0,1.43411,15.94,128.044,743,0,0,2708,77.8401,79.9786,14.3807
7.40034,275.544,274.112,1.43161,15.92,127.94,244170,3463,0,2709,77.4123,79.5925,14.3791
7.40295,0.047035,0,0.047035,15.9,127.836,80,0,0,2709,77.4123,79.5925,14.3776
7.42564,2.33945,0,2.33945,15.9,127.836,2160,0,0,2710,77.462,79.6413,14.3776
7.42813,0.482731,0,0.482731,15.88,127.732,608,0,0,2711,77.4541,79.6326,14.376
7.45033,2.28644,0,2.28644,15.88,127.732,1860,0,0,2712,77.4952,79.6729,14.3745
7.45254,0.052858,0,0.052858,15.86,127.628,79,0,0,2712,77.4952,79.6729,14.3729
7.47391,1.39255,0,1.39255,15.86,127.628,1443,2,0,2713,77.523,79.6992,14.3729
7.47601,0.035785,0,0.035785,15.84,127.524,79,0,0,2713,77.523,79.6992,14.3714
7.49721,0.65276,0,0.65276,15.84,127.524,667,0,0,2714,77.5273,79.7027,14.3714
7.50082,1.37356,0,1.37356,15.82,127.42,1341,0,0,2715,77.5459,79.7204,14.3699
7.52011,0.072948,0,0.072948,15.82,127.42,88,0,0,2715,77.5459,79.7204,14.3683
7.52258,0.066699,0,0.066699,15.8,127.316,87,0,0,2715,77.5459,79.7204,14.3683
7.54299,0.136475,0,0.136475,15.8,127.316,87,0,0,2715,77.5459,79.7204,14.3683
7.54779,1.44742,0,1.44742,15.78,127.212,1142,0,0,2716,77.5619,79.7356,14.3683
7.56826,1.47417,0,1.47417,15.78,127.212,714,2,0,2717,77.5686,79.7416,14.3668
7.5738,1.21992,0,1.21992,15.76,127.108,865,0,0,2718,77.5817,79.7539,14.3652
7.5941,1.16991,0,1.16991,15.76,127.108,1171,12,0,2719,77.6028,79.7742,14.3637
7.59616,0.060797,0,0.060797,15.74,127.004,89,0,0,2719,77.6028,79.7742,14.3622
7.61712,0.665217,0,0.665217,15.74,127.004,591,0,0,2720,77.6004,79.771,14.3622
7.62054,1.02456,0,1.02456,15.72,126.9,1425,0,0,2721,77.631,79.8008,14.3606
7.64136,1.82936,0,1.82936,15.72,126.9,1676,0,0,2722,77.662,79.831,14.3591
7.64394,0.350914,0,0.350914,15.7,126.796,623,1,0,2723,77.6588,79.827,14.3575
7.66963,5.28051,0,5.28051,15.7,126.796,2181,0,0,2724,77.7151,79.8825,14.356
7.67502,1.81949,0,1.81949,15.68,123.258,1367,0,0,2725,77.7332,79.8998,14.3545
7.69402,0.020099,0,0.020099,15.68,123.258,142,0,0,2725,77.7332,79.8998,14.3529
7.7024,3.61365,0,3.61365,15.66,123.164,1274,0,0,2726,77.7469,79.9127,14.3529
7.72067,1.32586,0,1.32586,15.66,123.164,723,0,0,2727,77.74,79.905,14.3514
7.72607,0.922947,0,0.922947,15.64,123.07,582,0,0,2728,77.7474,79.9117,14.3499
7.74679,1.63661,0,1.63661,15.64,123.07,1461,0,0,2729,77.7673,79.9307,14.3483
7.74964,0.063863,0,0.063863,15.62,122.976,161,0,0,2729,77.7673,79.9307,14.3468
7.77148,1.86559,0,1.86559,15.62,122.976,1605,4,0,2730,77.7938,79.9564,14.3468
7.77463,0.060295,0,0.060295,15.6,119.72,21,0,0,2730,77.7938,79.9564,14.3453
7.79563,0.279342,0,0.279342,15.6,119.72,21,0,0,2730,77.7938,79.9564,14.3453
7.80311,2.51376,0,2.51376,15.58,119.595,1205,0,0,2731,77.8195,79.9813,14.3453
7.82314,1.79887,0,1.79887,15.58,119.595,874,0,0,2732,77.8324,79.9934,14.3437
7.82777,0.054546,0,0.054546,15.56,119.47,41,0,0,2732,77.8324,79.9934,14.3422
7.85068,2.58187,0,2.58187,15.56,119.47,865,0,0,2733,77.8405,80.0007,14.3422
7.85501,1.20635,0,1.20635,15.54,119.346,541,0,0,2734,77.8369,79.9963,14.3407
7.87344,0.07863,0,0.07863,15.54,119.346,41,0,0,2734,77.8369,79.9963,14.3392
7.8772,1.3691,0,1.3691,15.52,119.221,591,0,0,2735,77.857,80.0157,14.3392
7.89627,0.067609,0,0.067609,15.52,119.221,50,0,0,2735,77.857,80.0157,14.3376
7.89827,0.004825,0,0.004825,15.5,119.096,50,0,0,2735,77.857,80.0157,14.3376
7.92089,1.56337,0,1.56337,15.5,119.096,569,7,0,2736,77.8607,80.0183,14.3376
7.92623,0.158879,0,0.158879,15.48,118.971,50,0,0,2736,77.8607,80.0183,14.3361
7.94669,0.603834,0,0.603834,15.48,118.971,596,0,0,2737,77.8663,80.023,14.3361
7.95071,1.13637,0,1.13637,15.46,118.847,895,0,0,2738,77.8773,80.0332,14.3346
7.96935,0.091956,0,0.091956,15.46,118.847,50,0,0,2738,77.8773,80.0332,14.3331
7.97459,0.159296,0,0.159296,15.44,118.722,50,0,0,2738,77.8773,80.0332,14.3331
7.9963,1.71241,0,1.71241,15.44,118.722,1458,0,0,2739,77.9197,80.0748,14.3331
7.99829,0.041407,0,0.041407,15.42,118.597,50,0,0,2739,77.9197,80.0748,14.3315
8.01921,0.615898,0,0.615898,15.42,118.597,620,0,0,2740,77.923,80.0774,14.3315
8.44282,421.444,421.07,0.374388,15.4,118.472,395298,4258,0,2740,77.5569,79.8339,14.33
8.44498,0.042902,0,0.042902,15.38,118.348,50,0,0,2740,77.5569,79.8339,14.33
8.46495,0.067472,0,0.067472,15.38,118.348,50,0,0,2740,77.5569,79.8339,14.33
8.46773,0.566038,0,0.566038,15.36,118.223,604,0,0,2741,77.5669,79.8431,14.33
8.48792,0.146773,0,0.146773,15.36,118.223,50,0,0,2741,77.5669,79.8431,14.3285
8.49061,0.419418,0,0.419418,15.34,118.098,497,0,0,2742,77.5879,79.8632,14.3285
8.51157,0.833026,0,0.833026,15.34,118.098,701,1,0,2743,77.5862,79.8607,14.327
8.51434,0.694014,0,0.694014,15.32,117.973,957,0,0,2744,77.5918,79.8655,14.3254
8.53508,1.14761,0,1.14761,15.32,117.973,810,4,0,2745,77.6128,79.8856,14.3239
8.53716,0.006055,0,0.006055,15.3,117.849,50,0,0,2745,77.6128,79.8856,14.3224
8.55785,0.166131,0,0.166131,15.3,117.849,50,0,0,2745,77.6128,79.8856,14.3224
8.56258,1.53731,0,1.53731,15.28,117.724,1279,0,0,2746,77.642,79.9141,14.3224
8.58162,0.073623,0,0.073623,15.28,117.724,50,0,0,2746,77.642,79.9141,14.3209
8.58417,0.040188,0,0.040188,15.26,117.599,50,0,0,2746,77.642,79.9141,14.3209
8.60454,0.117159,0,0.117159,15.26,117.599,50,0,0,2746,77.642,79.9141,14.3209
8.60781,1.00903,0,1.00903,15.24,117.475,1007,0,0,2747,77.6494,79.9206,14.3209
8.62856,0.753417,0,0.753417,15.24,117.475,380,0,0,2748,77.635,79.9054,14.3194
8.63333,1.74224,0,1.74224,15.22,117.35,924,0,0,2749,77.6493,79.9189,14.3178
8.65287,0.725944,0,0.725944,15.22,117.35,596,0,0,2750,77.6673,79.936,14.3163
8.75216,96.9109,96.8918,0.019069,15.2,117.225,91017,566,0,2750,77.5982,79.9022,14.3148
8.75599,0.909812,0,0.909812,15.18,116.24,1527,0,0,2751,77.6274,79.9306,14.3148
8.77565,0.062182,0,0.062182,15.18,116.24,326,0,0,2751,77.6274,79.9306,14.3133
8.77843,0.402585,0,0.402585,15.16,115.929,976,1,0,2752,77.6388,79.9411,14.3133
8.79919,0.689766,0,0.689766,15.16,115.929,815,4,0,2753,77.6357,79.9372,14.3118
8.80189,0.330954,0,0.330954,15.14,115.618,934,0,0,2754,77.6318,79.9325,14.3103
8.82384,1.37967,0,1.37967,15.14,115.618,1623,0,0,2755,77.6548,79.9546,14.3088
8.82628,0.039071,0,0.039071,15.12,115.307,404,0,0,2755,77.6548,79.9546,14.3072
8.84783,1.08184,0,1.08184,15.12,115.307,1632,0,0,2756,77.6854,79.9844,14.3072
8.85142,1.20107,0,1.20107,15.1,114.996,1542,2,0,2757,77.7084,80.0065,14.3057
8.87315,2.47991,0,2.47991,15.1,114.996,1562,0,0,2758,77.7495,80.0468,14.3042
8.87834,0.588272,0,0.588272,15.08,114.685,954,2,0,2759,77.7506,80.0471,14.3027
8.89776,0.01648,0,0.01648,15.08,114.685,428,0,0,2759,77.7506,80.0471,14.3012
8.90133,0.423288,0,0.423288,15.06,114.374,902,0,0,2760,77.7489,80.0446,14.3012
8.92243,0.769373,0,0.769373,15.06,114.374,1105,0,0,2761,77.7566,80.0514,14.2997
8.92527,0.13929,0,0.13929,15.04,114.062,444,0,0,2761,77.7566,80.0514,14.2982
8.9459,0.510414,0,0.510414,15.04,114.062,975,0,0,2762,77.7737,80.0677,14.2982
8.94861,0.242964,0,0.242964,15.02,113.751,739,0,0,2763,77.7582,80.0514,14.2967
8.96989,1.21598,0,1.21598,15.02,113.751,1699,0,0,2764,77.7833,80.0756,14.2952
8.9733,0.843903,0,0.843903,15,113.44,1400,0,0,2765,77.7895,80.081,14.2937
8.99292,0.096722,0,0.096722,15,113.44,462,0,0,2765,77.7895,80.081,14.2922
9.26041,262.688,261.696,0.991617,14.98,113.129,262487,3755,0,2766,77.5893,79.9096,14.2922
9.26272,0.057766,0,0.057766,14.96,112.818,68,0,0,2766,77.5893,79.9096,14.2906
9.28452,1.43782,0,1.43782,14.96,112.818,1315,0,0,2767,77.627,79.9465,14.2906
9.28664,0.027024,0,0.027024,14.94,112.507,68,0,0,2767,77.627,79.9465,14.2891
9.30724,0.012535,0,0.012535,14.94,112.507,68,0,0,2767,77.627,79.9465,14.2891
9.30988,0.326124,0,0.326124,14.92,112.196,666,2,0,2768,77.6246,79.9433,14.2891
9.33028,0.438601,0,0.438601,14.92,112.196,637,0,0,2769,77.6269,79.9447,14.2876
9.33365,0.98469,0,0.98469,14.9,111.885,798,0,0,2770,77.6343,79.9513,14.2861
9.35337,0.056481,0,0.056481,14.9,111.885,94,0,0,2770,77.6343,79.9513,14.2846
9.35788,1.65671,0,1.65671,14.88,111.574,1242,0,0,2771,77.6481,79.9643,14.2846
9.38,2.82955,0,2.82955,14.88,111.574,1548,0,0,2772,77.684,79.9993,14.2831
9.38314,0.253336,0,0.253336,14.86,111.263,449,9,0,2773,77.669,79.9834,14.2816
9.40355,0.011144,0,0.011144,14.86,111.263,98,0,0,2773,77.669,79.9834,14.2801
9.40616,0.435108,0,0.435108,14.84,110.952,856,23,0,2774,77.6774,79.991,14.2801
9.42629,0.102685,0,0.102685,14.84,110.952,98,0,0,2774,77.6774,79.991,14.2786
9.43087,1.12158,0,1.12158,14.82,110.641,1350,0,0,2775,77.7114,80.0241,14.2786
9.45231,2.02093,0,2.02093,14.82,110.641,1889,2,0,2776,77.7482,80.0602,14.2771
9.45602,0.042569,0,0.042569,14.8,110.33,122,0,0,2776,77.7482,80.0602,14.2756
9.47965,2.78015,0,2.78015,14.8,110.33,1456,0,0,2777,77.7857,80.0969,14.2756
9.48356,0.922638,0,0.922638,14.78,110.019,1540,0,0,2778,77.8222,80.1325,14.2741
9.5044,1.04962,0,1.04962,14.78,110.019,1310,0,0,2779,77.8521,80.1616,14.2726
9.50791,1.38404,0,1.38404,14.76,109.708,1223,0,0,2780,77.8737,80.1824,14.2711
9.53004,2.73818,0,2.73818,14.76,109.708,1277,0,0,2781,77.9108,80.2186,14.2696
9.53327,0.061936,0,0.061936,14.74,109.397,148,0,0,2781,77.9108,80.2186,14.2682
9.55428,0.756034,0,0.756034,14.74,109.397,648,1,0,2782,77.9026,80.2096,14.2682
9.56028,1.91088,0,1.91088,14.72,109.086,926,0,0,2783,77.9102,80.2163,14.2667
9.581,1.24769,0,1.24769,14.72,109.086,603,9,0,2784,77.9041,80.2094,14.2652
9.58669,0.152949,0,0.152949,14.7,108.775,164,0,0,2784,77.9041,80.2094,14.2637
9.61101,3.61253,0,3.61253,14.7,108.775,1556,0,0,2785,77.9501,80.2546,14.2637
9.6178,1.91822,0,1.91822,14.68,108.463,997,2,0,2786,77.9795,80.2832,14.2622
9.63698,0.203699,0,0.203699,14.68,108.463,168,0,0,2786,77.9795,80.2832,14.2607
9.64668,3.7773,0,3.7773,14.66,108.152,1557,0,0,2787,78.0014,80.3043,14.2607
9.66329,0.641971,0,0.641971,14.66,108.152,752,0,0,2788,77.9978,80.2999,14.2592
9.67091,1.41005,0,1.41005,14.64,107.841,1065,0,0,2789,78.0093,80.3105,14.2577
9.6909,1.6126,0,1.6126,14.64,107.841,770,7,0,2790,78.0154,80.3158,14.2562
9.6948,0.083278,0,0.083278,14.62,107.53,20,0,0,2790,78.0154,80.3158,14.2547
9.71576,0.125722,0,0.125722,14.62,107.53,20,0,0,2790,78.0154,80.3158,14.2547
9.72028,0.051554,0,0.051554,14.6,107.219,20,0,0,2790,78.0154,80.3158,14.2547
9.74166,0.180493,0,0.180493,14.6,107.219,20,0,0,2790,78.0154,80.3158,14.2547
9.74959,2.01124,0,2.01124,14.58,106.908,1002,0,0,2791,78.0376,80.3372,14.2547
9.76914,1.24674,0,1.24674,14.58,106.908,1045,0,0,2792,78.0605,80.3592,14.2532
9.77193,0.561383,0,0.561383,14.56,106.597,885,0,0,2793,78.0759,80.3738,14.2518
9.79194,0.111862,0,0.111862,14.56,106.597,20,0,0,2793,78.0759,80.3738,14.2503
9.79465,0.024929,0,0.024929,14.54,106.286,20,0,0,2793,78.0759,80.3738,14.2503
9.81692,1.02509,0,1.02509,14.54,106.286,493,12,0,2794,78.0787,80.3758,14.2503
9.82136,0.239573,0,0.239573,14.52,105.975,260,0,0,2794,78.0787,80.3758,14.2488
9.84254,0.283395,0,0.283395,14.52,105.975,20,0,0,2794,78.0787,80.3758,14.2488
9.84886,0.090269,0,0.090269,14.5,105.664,20,0,0,2794,78.0787,80.3758,14.2488
9.87057,1.50733,0,1.50733,14.5,105.664,944,0,0,2795,78.0852,80.3814,14.2488
10.022,145.076,143.708,1.36793,14.48,105.353,146134,734,0,2796,78.0311,80.3537,14.2473
10.0263,1.63306,0,1.63306,14.46,105.042,1667,0,0,2797,78.0576,80.3793,14.2458
10.0457,0.606932,0,0.606932,14.46,105.042,1116,0,0,2798,78.0668,80.3878,14.2443
10.0488,0.764129,0,0.764129,14.44,104.731,1027,0,0,2799,78.0922,80.4123,14.2428
10.0687,0.187203,0,0.187203,14.44,104.731,469,0,0,2799,78.0922,80.4123,14.2414
10.0712,0.006664,0,0.006664,14.42,104.42,271,0,0,2799,78.0922,80.4123,14.2414
10.0917,0.077459,0,0.077459,14.42,104.42,271,0,0,2799,78.0922,80.4123,14.2414
10.0979,2.4408,0,2.4408,14.4,104.109,1499,0,0,2800,78.1232,80.4425,14.2414
10.1161,0.962994,0,0.962994,14.4,104.109,1166,1,0,2801,78.1375,80.4559,14.2399
10.1185,0.028539,0,0.028539,14.38,103.798,278,0,0,2801,78.1375,80.4559,14.2384
10.1396,0.420833,0,0.420833,14.38,103.798,670,6,0,2802,78.1328,80.4504,14.2384
10.1435,0.927691,0,0.927691,14.36,103.487,794,0,0,2803,78.1395,80.4563,14.2369
10.1647,1.45503,0,1.45503,14.36,103.487,1192,0,0,2804,78.1641,80.48,14.2354
10.1675,0.308649,0,0.308649,14.34,103.176,299,2,0,2805,78.1515,80.4667,14.234
10.1877,0.141903,0,0.141903,14.34,103.176,20,0,0,2805,78.1515,80.4667,14.2325
10.1928,0.018394,0,0.018394,14.32,102.865,20,0,0,2805,78.1515,80.4667,14.2325
10.2135,1.26905,0,1.26905,14.32,102.865,834,0,0,2806,78.1728,80.4872,14.2325
10.2163,0.069311,0,0.069311,14.3,102.553,20,0,0,2806,78.1728,80.4872,14.231
10.2372,0.363528,0,0.363528,14.3,102.553,304,0,0,2807,78.1557,80.4692,14.231
10.2395,0.040353,0,0.040353,14.28,102.242,20,0,0,2807,78.1557,80.4692,14.2295
10.2608,0.158446,0,0.158446,14.28,102.242,20,0,0,2807,78.1557,80.4692,14.2295
10.2671,0.075717,0,0.075717,14.26,101.931,27,0,0,2807,78.1557,80.4692,14.2295
10.291,3.43151,0,3.43151,14.26,101.931,1198,0,0,2808,78.1798,80.4925,14.2295
10.3015,2.75394,0,2.75394,14.24,101.62,937,0,0,2809,78.2008,80.5126,14.228
10.3202,2.10005,0,2.10005,14.24,101.62,530,2,0,2810,78.2071,80.5181,14.2266
10.3282,0.088837,0,0.088837,14.22,101.309,37,0,0,2810,78.2071,80.5181,14.2251
10.3473,0.037759,0,0.037759,14.22,101.309,37,0,0,2810,78.2071,80.5181,14.2251
10.359,6.0349,0,6.0349,14.2,100.998,1633,0,0,2811,78.2383,80.5486,14.2251
10.3752,1.92735,0,1.92735,14.2,100.998,1645,0,0,2812,78.276,80.5853,14.2236
10.3779,0.061612,0,0.061612,14.18,100.687,44,0,0,2812,78.276,80.5853,14.2221
10.3995,1.17402,0,1.17402,14.18,100.687,1228,0,0,2813,78.2943,80.6029,14.2221
10.402,0.275965,0,0.275965,14.16,100.376,317,0,0,2813,78.2943,80.6029,14.2207
10.4244,2.17563,0,2.17563,14.16,100.376,837,12,0,2814,78.3049,80.6127,14.2207
10.4293,1.86701,0,1.86701,14.14,100.065,1094,2,0,2815,78.3297,80.6366,14.2192
10.4475,0.136187,0,0.136187,14.14,100.065,44,0,0,2815,78.3297,80.6366,14.2177
10.4514,0.937284,0,0.937284,14.12,99.754,930,0,0,2816,78.3491,80.6552,14.2177
10.4721,1.04413,0,1.04413,14.12,99.754,1264,0,0,2817,78.3862,80.6915,14.2163
10.476,1.8693,0,1.8693,14.1,99.4429,1164,0,0,2818,78.4063,80.7108,14.2148
10.496,1.33415,0,1.33415,14.1,99.4429,900,0,0,2819,78.4211,80.7247,14.2133
10.499,0.73494,0,0.73494,14.08,99.1319,932,0,0,2820,78.4252,80.728,14.2118
10.5215,2.92609,0,2.92609,14.08,99.1319,1470,0,0,2821,78.4502,80.7522,14.2104
10.5241,0.006367,0,0.006367,14.06,98.8208,51,0,0,2821,78.4502,80.7522,14.2089
10.5484,4.03706,0,4.03706,14.06,98.8208,1132,0,0,2822,78.4791,80.7803,14.2089
10.5582,3.72301,0,3.72301,14.04,98.5098,1533,0,0,2823,78.5253,80.8257,14.2074
10.5754,0.202815,0,0.202815,14.04,98.5098,51,0,0,2823,78.5253,80.8257,14.206
10.5803,0.083916,0,0.083916,14.02,98.1987,51,0,0,2823,78.5253,80.8257,14.206
10.6013,0.493711,0,0.493711,14.02,98.1987,372,0,0,2824,78.5092,80.8088,14.206
10.6039,0.433279,0,0.433279,14,97.8876,893,0,0,2825,78.5274,80.8262,14.2045
10.6262,1.69541,0,1.69541,14,97.8876,690,0,0,2826,78.5212,80.8192,14.203
10.6305,0.443601,0,0.443601,13.98,97.5766,711,20,0,2827,78.5218,80.8189,14.2016
10.6503,0.060243,0,0.060243,13.98,97.5766,95,0,0,2827,78.5218,80.8189,14.2001
10.6545,0.040656,0,0.040656,13.96,97.2655,95,0,0,2827,78.5218,80.8189,14.2001
10.6833,8.4609,0,8.4609,13.96,97.2655,1571,0,0,2828,78.5661,80.8624,14.2001
10.6916,2.79088,0,2.79088,13.94,96.9545,1334,0,0,2829,78.5935,80.889,14.1987
10.7154,6.29417,0,6.29417,13.94,96.9545,1373,0,0,2830,78.6223,80.917,14.1972
10.7192,0.094599,0,0.094599,13.92,96.6434,102,0,0,2830,78.6223,80.917,14.1957
10.7408,0.224242,0,0.224242,13.92,96.6434,102,0,0,2830,78.6223,80.917,14.1957
10.7477,0.15163,0,0.15163,13.9,96.3324,102,0,0,2830,78.6223,80.917,14.1957
10.7698,2.49249,0,2.49249,13.9,96.3324,1177,0,0,2831,78.6454,80.9392,14.1957
10.7756,0.157713,0,0.157713,13.88,96.0213,102,0,0,2831,78.6454,80.9392,14.1943
10.7958,0.06063,0,0.06063,13.88,96.0213,102,0,0,2831,78.6454,80.9392,14.1943
10.7989,0.078361,0,0.078361,13.86,95.7103,102,0,0,2831,78.6454,80.9392,14.1943
10.8192,0.046818,0,0.046818,13.86,95.7103,102,0,0,2831,78.6454,80.9392,14.1943
10.8223,0.978683,0,0.978683,13.84,95.3992,1231,0,0,2832,78.6748,80.9679,14.1943
10.8436,1.91656,0,1.91656,13.84,95.3992,1239,2,0,2833,78.6922,80.9845,14.1928
10.85,2.6103,0,2.6103,13.82,95.0882,1347,0,0,2834,78.7244,81.0159,14.1913
10.8684,0.176969,0,0.176969,13.82,95.0882,106,0,0,2834,78.7244,81.0159,14.1899
10.8738,0.087546,0,0.087546,13.8,94.7771,106,0,0,2834,78.7244,81.0159,14.1899
10.894,0.058411,0,0.058411,13.8,94.7771,106,0,0,2834,78.7244,81.0159,14.1899
10.8972,0.704332,0,0.704332,13.78,94.4661,1126,0,0,2835,78.7436,81.0342,14.1899
10.9183,1.14675,0,1.14675,13.78,94.4661,726,0,0,2836,78.7472,81.037,14.1884
10.9241,0.14024,0,0.14024,13.76,94.155,123,0,0,2836,78.7472,81.037,14.187
10.9438,0.169552,0,0.169552,13.76,94.155,123,0,0,2836,78.7472,81.037,14.187
10.9483,1.26178,0,1.26178,13.74,93.8439,1547,0,0,2837,78.7889,81.0779,14.187
10.9695,1.97804,0,1.97804,13.74,93.8439,1724,0,0,2838,78.8178,81.1061,14.1855
10.9723,0.48481,0,0.48481,13.72,93.5329,1066,0,0,2839,78.8313,81.1187,14.1841
10.9924,0.105633,0,0.105633,13.72,93.5329,130,0,0,2839,78.8313,81.1187,14.1826
10.9951,0.516936,0,0.516936,13.7,93.2218,958,15,0,2840,78.8408,81.1275,14.1826
11.0163,1.27334,0,1.27334,13.7,93.2218,724,3,0,2841,78.8451,81.1309,14.1811
11.0195,0.061131,0,0.061131,13.68,92.9108,120,0,0,2841,78.8451,81.1309,14.1797
11.0428,3.19139,0,3.19139,13.68,92.9108,1292,0,0,2842,78.8691,81.1541,14.1797
11.0464,0.087478,0,0.087478,13.66,92.5997,120,0,0,2842,78.8691,81.1541,14.1782
11.0679,0.943363,0,0.943363,13.66,92.5997,1133,0,0,2843,78.886,81.1702,14.1782
11.0706,0.649994,0,0.649994,13.64,92.2887,1389,0,0,2844,78.9114,81.1948,14.1768
11.0922,1.77831,0,1.77831,13.64,92.2887,1603,0,0,2845,78.942,81.2246,14.1753
11.0949,0.275566,0,0.275566,13.62,91.9776,482,5,0,2846,78.9297,81.2115,14.1739
11.1159,1.00921,0,1.00921,13.62,91.9776,1166,0,0,2847,78.9508,81.2318,14.1724
11.1216,2.40425,0,2.40425,13.6,91.6666,1361,0,0,2848,78.9775,81.2577,14.171
11.1423,3.30034,0,3.30034,13.6,91.6666,1417,2,0,2849,79.0091,81.2889,14.1695
11.1462,0.045904,0,0.045904,13.58,91.3555,140,0,0,2849,79.0091,81.2889,14.1681
11.1707,3.91521,0,3.91521,13.58,91.3555,1243,24,0,2850,79.0235,81.3021,14.1681
11.1758,0.015215,0,0.015215,13.56,91.0445,143,0,0,2850,79.0235,81.3021,14.1666
11.2006,4.37543,0,4.37543,13.56,91.0445,1621,0,0,2851,79.0659,81.3437,14.1666
11.2085,2.37565,0,2.37565,13.54,90.7334,1372,0,0,2852,79.094,81.371,14.1652
11.2269,0.068454,0,0.068454,13.54,90.7334,150,0,0,2852,79.094,81.371,14.1637
11.2307,0.093893,0,0.093893,13.52,90.4224,160,0,0,2852,79.094,81.371,14.1637
11.2538,2.01431,0,2.01431,13.52,90.4224,819,0,0,2853,79.1066,81.3828,14.1637
11.2591,0.010853,0,0.010853,13.5,90.1113,160,0,0,2853,79.1066,81.3828,14.1623
11.2797,0.124103,0,0.124103,13.5,90.1113,160,0,0,2853,79.1066,81.3828,14.1623
11.2863,0.019954,0,0.019954,13.48,89.8002,170,0,0,2853,79.1066,81.3828,14.1623
11.306,0.083946,0,0.083946,13.48,89.8002,170,0,0,2853,79.1066,81.3828,14.1623
11.3119,0.361132,0,0.361132,13.46,89.6184,560,3,0,2854,79.0929,81.3683,14.1623
11.3329,0.715004,0,0.715004,13.46,89.6184,1039,0,0,2855,79.1061,81.3807,14.1608
11.3358,0.80929,0,0.80929,13.44,89.5152,1115,0,0,2856,79.1359,81.4097,14.1594
11.3561,0.105925,0,0.105925,13.44,89.5152,177,0,0,2856,79.1359,81.4097,14.1579
11.3594,0.035992,0,0.035992,13.42,89.4121,177,0,0,2856,79.1359,81.4097,14.1579
11.3817,1.68822,0,1.68822,13.42,89.4121,1345,0,0,2857,79.1512,81.4242,14.1579
11.3838,0.026405,0,0.026405,13.4,89.3089,177,0,0,2857,79.1512,81.4242,14.1565
11.4046,0.505604,0,0.505604,13.4,89.3089,718,1,0,2858,79.1505,81.4227,14.1565
11.4088,0.017802,0,0.017802,13.38,89.2058,177,0,0,2858,79.1505,81.4227,14.1551
11.4291,0.042635,0,0.042635,13.38,89.2058,177,0,0,2858,79.1505,81.4227,14.1551
11.4322,0.646029,0,0.646029,13.36,89.1027,1077,0,0,2859,79.1542,81.4257,14.1551
11.4527,0.093265,0,0.093265,13.36,89.1027,177,0,0,2859,79.1542,81.4257,14.1536
11.4552,0.031489,0,0.031489,13.34,88.9995,180,0,0,2859,79.1542,81.4257,14.1536
11.4765,1.12107,0,1.12107,13.34,88.9995,1076,0,0,2860,79.1622,81.4329,14.1536
11.4796,0.053303,0,0.053303,13.32,88.8964,180,0,0,2860,79.1622,81.4329,14.1522
11.5001,0.092738,0,0.092738,13.32,88.8964,180,0,0,2860,79.1622,81.4329,14.1522
11.5057,0.097561,0,0.097561,13.3,88.7932,190,0,0,2860,79.1622,81.4329,14.1522
11.5283,2.30249,0,2.30249,13.3,88.7932,1060,0,0,2861,79.165,81.4348,14.1522
11.5308,0.436413,0,0.436413,13.28,88.6901,894,0,0,2862,79.1639,81.4329,14.1507
11.5532,1.33124,0,1.33124,13.28,88.6901,1228,0,0,2863,79.1883,81.4565,14.1493
11.5575,0.096306,0,0.096306,13.26,88.587,197,0,0,2863,79.1883,81.4565,14.1479
11.5777,0.029476,0,0.029476,13.26,88.587,197,0,0,2863,79.1883,81.4565,14.1479
11.582,0.631163,0,0.631163,13.24,88.4838,1211,0,0,2864,79.2018,81.4693,14.1479
11.6014,0.050918,0,0.050918,13.24,88.4838,197,0,0,2864,79.2018,81.4693,14.1464
11.6061,0.061432,0,0.061432,13.22,88.3807,197,0,0,2864,79.2018,81.4693,14.1464
11.6293,1.74654,0,1.74654,13.22,88.3807,1224,20,0,2865,79.2108,81.4771,14.1464
11.6359,1.19345,0,1.19345,13.2,88.2775,1313,0,0,2866,79.2355,81.501,14.145
11.6558,0.858702,0,0.858702,13.2,88.2775,1329,0,0,2867,79.255,81.5197,14.1435
11.659,1.22599,0,1.22599,13.18,88.1744,1466,0,0,2868,79.2891,81.553,14.1421
11.6786,0.113643,0,0.113643,13.18,88.1744,207,0,0,2868,79.2891,81.553,14.1407
11.6831,1.79783,0,1.79783,13.16,88.0712,977,0,0,2869,79.2924,81.5556,14.1407
11.7028,1.68472,0,1.68472,13.16,88.0712,1502,0,0,2870,79.3251,81.5875,14.1392
11.7058,0.486391,0,0.486391,13.14,87.9681,1057,0,0,2871,79.3278,81.5893,14.1378
11.7294,3.17584,0,3.17584,13.14,87.9681,1359,0,0,2872,79.3437,81.6045,14.1363
11.7379,2.89134,0,2.89134,13.12,87.865,1433,0,0,2873,79.3596,81.6196,14.1349
11.7571,1.81405,0,1.81405,13.12,87.865,1825,0,0,2874,79.4033,81.6625,14.1335
11.7648,3.59733,0,3.59733,13.1,87.7618,1664,0,0,2875,79.4463,81.7047,14.132
11.7821,0.627116,0,0.627116,13.1,87.7618,1015,0,0,2876,79.4534,81.7111,14.1306
11.7854,1.08537,0,1.08537,13.08,87.6587,1289,0,0,2877,79.4745,81.7313,14.1292
11.8053,0.587736,0,0.587736,13.08,87.6587,884,1,0,2878,79.4781,81.7342,14.1277
11.808,0.386424,0,0.386424,13.06,87.5555,808,7,0,2879,79.4731,81.7284,14.1263
11.8289,0.077888,0,0.077888,13.06,87.5555,210,0,0,2879,79.4731,81.7284,14.1249
11.8332,0.481947,0,0.481947,13.04,87.4524,808,2,0,2880,79.4715,81.726,14.1249
11.8534,0.119677,0,0.119677,13.04,87.4524,213,0,0,2880,79.4715,81.726,14.1235
11.8586,0.01534,0,0.01534,13.02,87.3493,213,0,0,2880,79.4715,81.726,14.1235
11.8804,1.49101,0,1.49101,13.02,87.3493,1523,0,0,2881,79.5016,81.7553,14.1235
11.8826,0.040624,0,0.040624,13,87.2461,213,0,0,2881,79.5016,81.7553,14.122
11.9032,0.321261,0,0.321261,13,87.2461,538,7,0,2882,79.492,81.745,14.122
11.9058,0.057304,0,0.057304,12.98,87.143,219,0,0,2882,79.492,81.745,14.1206
11.9271,0.590554,0,0.590554,12.98,87.143,839,1,0,2883,79.486,81.7381,14.1206
11.9298,0.522031,0,0.522031,12.96,87.0398,817,0,0,2884,79.4931,81.7445,14.1192
11.9526,2.19937,0,2.19937,12.96,87.0398,931,0,0,2885,79.5005,81.7511,14.1177
11.9581,0.059406,0,0.059406,12.94,86.9367,232,0,0,2885,79.5005,81.7511,14.1163
11.9799,1.23968,0,1.23968,12.94,86.9367,1251,4,0,2886,79.5177,81.7675,14.1163
11.9822,0.007522,0,0.007522,12.92,86.8336,232,0,0,2886,79.5177,81.7675,14.1149
12.0032,0.72858,0,0.72858,12.92,86.8336,759,0,0,2887,79.5189,81.7679,14.1149
12.0056,0.029815,0,0.029815,12.9,86.7304,212,0,0,2887,79.5189,81.7679,14.1135
12.0264,0.134313,0,0.134313,12.9,86.7304,212,0,0,2887,79.5189,81.7679,14.1135
12.0307,1.88962,0,1.88962,12.88,86.6273,2051,0,0,2888,79.5564,81.8047,14.1135
12.0504,1.1355,0,1.1355,12.88,86.6273,1524,0,0,2889,79.5919,81.8394,14.112
12.0538,0.903978,0,0.903978,12.86,86.5241,1423,0,0,2890,79.6277,81.8744,14.1106
12.0738,0.113176,0,0.113176,12.86,86.5241,222,0,0,2890,79.6277,81.8744,14.1092
12.0767,0.866224,0,0.866224,12.84,86.421,1159,0,0,2891,79.6496,81.8955,14.1092
12.0975,1.22752,0,1.22752,12.84,86.421,1504,0,0,2892,79.6798,81.925,14.1078
12.1007,0.831418,0,0.831418,12.82,86.3178,1468,0,0,2893,79.6969,81.9412,14.1064
12.1212,0.705818,0,0.705818,12.82,86.3178,1005,3,0,2894,79.707,81.9506,14.1049
12.1238,0.448157,0,0.448157,12.8,86.2147,872,0,0,2895,79.7022,81.9451,14.1035
12.1454,1.53047,0,1.53047,12.8,86.2147,1595,0,0,2896,79.7469,81.989,14.1021
12.1484,0.721864,0,0.721864,12.78,86.1116,1421,0,0,2897,79.7715,82.0128,14.1007
12.1717,3.46262,0,3.46262,12.78,86.1116,1564,0,0,2898,79.7933,82.0338,14.0992
12.1775,0.868399,0,0.868399,12.76,86.0084,618,4,0,2899,79.7965,82.0362,14.0978
12.1973,1.11161,0,1.11161,12.76,86.0084,1131,0,0,2900,79.8128,82.0517,14.0964
12.2019,0.126496,0,0.126496,12.74,85.9053,228,0,0,2900,79.8128,82.0517,14.095
12.2249,2.4172,0,2.4172,12.74,85.9053,1206,0,0,2901,79.8349,82.0731,14.095
12.2287,0.641048,0,0.641048,12.72,85.8021,1237,0,0,2902,79.8573,82.0948,14.0936
12.2502,0.667991,0,0.667991,12.72,85.8021,563,0,0,2903,79.8498,82.0865,14.0922
12.2543,1.37119,0,1.37119,12.7,85.699,1526,0,0,2904,79.8664,82.1023,14.0907
12.276,1.51094,0,1.51094,12.7,85.699,1091,0,0,2905,79.8761,82.1112,14.0893
12.2816,0.09004,0,0.09004,12.68,85.5959,264,0,0,2905,79.8761,82.1112,14.0879
12.3021,0.690876,0,0.690876,12.68,85.5959,667,0,0,2906,79.8727,82.107,14.0879
12.7709,462.669,462.552,0.117557,12.66,85.4927,472672,4181,0,2906,78.9615,81.267,14.0865
12.7753,0.694294,0,0.694294,12.64,85.3896,1342,0,0,2907,78.9845,81.2893,14.0865
12.7957,1.0646,0,1.0646,12.64,85.3896,1183,0,0,2908,78.9931,81.2971,14.0851
12.7991,1.02068,0,1.02068,12.62,85.2864,1342,0,0,2909,79.0196,81.3228,14.0837
12.8192,0.619592,0,0.619592,12.62,85.2864,1081,4,0,2910,79.0258,81.3282,14.0823
12.822,0.405359,0,0.405359,12.6,85.1833,976,3,0,2911,79.0285,81.3301,14.0809
12.843,0.654145,0,0.654145,12.6,85.1833,1095,0,0,2912,79.0388,81.3396,14.0794
12.8465,1.14099,0,1.14099,12.58,85.0802,1180,0,0,2913,79.0546,81.3546,14.078
12.8662,0.05951,0,0.05951,12.58,85.0802,197,0,0,2913,79.0546,81.3546,14.0766
12.8687,0.09448,0,0.09448,12.56,84.977,207,0,0,2913,79.0546,81.3546,14.0766
12.8903,1.34452,0,1.34452,12.56,84.977,1317,0,0,2914,79.0655,81.3648,14.0766
12.8941,1.22273,0,1.22273,12.54,84.8739,1117,0,0,2915,79.0789,81.3774,14.0752
12.9149,1.14101,0,1.14101,12.54,84.8739,1285,0,0,2916,79.0995,81.3971,14.0738
12.9191,0.545902,0,0.545902,12.52,84.7707,934,0,0,2917,79.1073,81.4042,14.0724
12.9399,0.166437,0,0.166437,12.52,84.7707,207,0,0,2917,79.1073,81.4042,14.071
12.9458,1.03348,0,1.03348,12.5,84.6676,1129,0,0,2918,79.1165,81.4126,14.071
12.9683,2.70382,0,2.70382,12.5,84.6676,1596,2,0,2919,79.1607,81.4563,14.0696
12.9733,0.1805,0,0.1805,12.48,84.5644,227,0,0,2919,79.1607,81.4563,14.0682
12.9931,0.071615,0,0.071615,12.48,84.5644,227,0,0,2919,79.1607,81.4563,14.0682
12.9981,2.13098,0,2.13098,12.46,84.4613,1341,2,0,2920,79.186,81.4808,14.0682
13.017,0.396686,0,0.396686,12.46,84.4613,280,0,0,2920,79.186,81.4808,14.0668
13.0198,0.006883,0,0.006883,12.44,84.3582,227,0,0,2920,79.186,81.4808,14.0668
13.0428,1.62475,0,1.62475,12.44,84.3582,999,8,0,2921,79.1859,81.48,14.0668
13.049,0.121092,0,0.121092,12.42,84.255,250,0,0,2921,79.1859,81.48,14.0654
13.0696,0.023362,0,0.023362,12.42,84.255,227,0,0,2921,79.1859,81.48,14.0654
13.0776,1.81279,0,1.81279,12.4,84.1519,1256,0,0,2922,79.2029,81.4962,14.0654
13.0966,0.168738,0,0.168738,12.4,84.1519,230,0,0,2922,79.2029,81.4962,14.064
13.1056,2.59819,0,2.59819,12.38,84.0487,1539,0,0,2923,79.2326,81.5251,14.064
13.1235,0.195452,0,0.195452,12.38,84.0487,231,0,0,2923,79.2326,81.5251,14.0626
13.1321,4.44203,0,4.44203,12.36,83.9456,1968,0,0,2924,79.2681,81.5598,14.0626
13.1492,1.12541,0,1.12541,12.36,83.9456,1583,0,0,2925,79.2974,81.5884,14.0612
13.1519,0.235428,0,0.235428,12.34,83.8425,492,0,0,2925,79.2974,81.5884,14.0598
13.1738,1.28183,0,1.28183,12.34,83.8425,1514,0,0,2926,79.3254,81.6155,14.0598
13.1764,0.040394,0,0.040394,12.32,83.7393,240,0,0,2926,79.3254,81.6155,14.0584
13.1978,0.236059,0,0.236059,12.32,83.7393,240,0,0,2926,79.3254,81.6155,14.0584
13.2034,0.519017,0,0.519017,12.3,83.5876,500,0,0,2926,79.3254,81.6155,14.0584
13.2237,0.903214,0,0.903214,12.3,83.5876,1075,7,0,2927,79.3321,81.6215,14.0584
13.2292,2.64906,0,2.64906,12.28,83.432,1505,0,0,2928,79.349,81.6376,14.057
13.2479,0.891526,0,0.891526,12.28,83.432,918,0,0,2929,79.3711,81.6589,14.0556
13.2532,2.60977,0,2.60977,12.26,83.2764,1678,0,0,2930,79.4096,81.6966,14.0542
13.2725,1.02319,0,1.02319,12.26,83.2764,940,0,0,2931,79.4074,81.6936,14.0528
13.2772,0.891544,0,0.891544,12.24,83.1208,870,1,0,2932,79.4021,81.6876,14.0514
13.3008,3.88905,0,3.88905,12.24,83.1208,1699,0,0,2933,79.4419,81.7266,14.05
13.3047,0.120036,0,0.120036,12.22,82.9651,230,0,0,2933,79.4419,81.7266,14.0486
13.3263,1.54169,0,1.54169,12.22,82.9651,1127,0,0,2934,79.4608,81.7447,14.0486
13.3339,1.57975,0,1.57975,12.2,82.8095,1307,0,0,2935,79.4804,81.7635,14.0472
13.3563,4.12728,0,4.12728,12.2,82.8095,1612,0,0,2936,79.5201,81.8025,14.0458
13.3642,1.89638,0,1.89638,12.18,82.6539,1196,4,0,2937,79.5369,81.8185,14.0444
13.3845,2.6668,0,2.6668,12.18,82.6539,1643,0,0,2938,79.5677,81.8485,14.043
13.3909,0.202467,0,0.202467,12.16,82.4983,240,0,0,2938,79.5677,81.8485,14.0416
13.4127,1.37385,0,1.37385,12.16,82.4983,1041,1,0,2939,79.5726,81.8527,14.0416
13.9308,511.809,511.203,0.606075,12.14,82.3426,577066,3639,0,2940,79.3126,81.6129,14.0402
13.9333,0.026971,0,0.026971,12.12,82.187,60,0,0,2940,79.3126,81.6129,14.0388
13.9532,0.06069,0,0.06069,12.12,82.187,60,0,0,2940,79.3126,81.6129,14.0388
13.9568,0.765844,0,0.765844,12.1,82.0314,1479,0,0,2941,79.3417,81.6413,14.0388
13.9769,0.842463,0,0.842463,12.1,82.0314,670,1,0,2942,79.3474,81.6462,14.0374
13.9798,0.574612,0,0.574612,12.08,81.8758,860,0,0,2943,79.3534,81.6514,14.036
13.9998,0.047943,0,0.047943,12.08,81.8758,60,0,0,2943,79.3534,81.6514,14.0346
14.0031,0.965055,0,0.965055,12.06,81.7201,947,0,0,2944,79.3713,81.6685,14.0346
14.0237,0.861469,0,0.861469,12.06,81.7201,1141,1,0,2945,79.3922,81.6886,14.0332
14.0267,0.861224,0,0.861224,12.04,81.5645,846,0,0,2946,79.4067,81.7023,14.0319
14.0475,1.38341,0,1.38341,12.04,81.5645,1600,0,0,2947,79.4438,81.7387,14.0305
14.0505,0.688692,0,0.688692,12.02,81.4089,762,0,0,2948,79.4552,81.7493,14.0291
14.0711,0.661561,0,0.661561,12.02,81.4089,630,0,0,2949,79.4578,81.7511,14.0277
14.0738,0.399217,0,0.399217,12,81.2532,757,2,0,2950,79.458,81.7505,14.0263
14.0945,0.406834,0,0.406834,12,81.2532,477,0,0,2950,79.458,81.7505,14.0249
14.0973,0.506721,0,0.506721,11.98,81.0976,907,3,0,2951,79.4605,81.7523,14.0249
14.1174,0.125039,0,0.125039,11.98,81.0976,85,0,0,2951,79.4605,81.7523,14.0235
14.1236,1.37389,0,1.37389,11.96,80.942,1265,0,0,2952,79.482,81.773,14.0235
14.1423,0.52686,0,0.52686,11.96,80.942,445,1,0,2953,79.4721,81.7623,14.0221
14.1462,1.24012,0,1.24012,11.94,80.7864,1203,2,0,2954,79.4942,81.7837,14.0208
14.1659,0.125342,0,0.125342,11.94,80.7864,95,0,0,2954,79.4942,81.7837,14.0194
14.1705,0.702495,0,0.702495,11.92,80.6307,1097,5,0,2955,79.5083,81.797,14.0194
14.1924,1.97381,0,1.97381,11.92,80.6307,1709,0,0,2956,79.5365,81.8244,14.018
14.1988,1.47473,0,1.47473,11.9,80.4751,1163,26,0,2957,79.5495,81.8367,14.0166
14.2204,2.78648,0,2.78648,11.9,80.4751,1004,0,0,2958,79.5619,81.8482,14.0152
14.229,2.73197,0,2.73197,11.88,80.3195,1019,0,0,2959,79.5725,81.8581,14.0138
14.246,0.090257,0,0.090257,11.88,80.3195,95,0,0,2959,79.5725,81.8581,14.0125
14.2542,2.27823,0,2.27823,11.86,80.1639,1098,0,0,2960,79.5976,81.8824,14.0125
14.2729,1.73023,0,1.73023,11.86,80.1639,1386,0,0,2961,79.6363,81.9203,14.0111
14.6369,361.234,361.171,0.063375,11.84,80.0082,392905,4006,0,2961,79.3323,81.6849,14.0097
14.6408,1.06965,0,1.06965,11.82,79.8526,1104,1,0,2962,79.3569,81.7086,14.0097
14.6601,0.042687,0,0.042687,11.82,79.8526,115,0,0,2962,79.3569,81.7086,14.0083
14.6625,0.026267,0,0.026267,11.8,79.697,125,0,0,2962,79.3569,81.7086,14.0083
14.6841,0.865804,0,0.865804,11.8,79.697,1240,0,0,2963,79.3783,81.7293,14.0083
14.6871,0.860157,0,0.860157,11.78,79.5414,1097,0,0,2964,79.3914,81.7416,14.0069
14.7072,0.759194,0,0.759194,11.78,79.5414,1453,0,0,2965,79.4212,81.7707,14.0056
14.7104,0.890353,0,0.890353,11.76,79.3857,1114,0,0,2966,79.4417,81.7903,14.0042
14.7303,0.048108,0,0.048108,11.76,79.3857,125,0,0,2966,79.4417,81.7903,14.0028
14.7328,0.019543,0,0.019543,11.74,79.2301,135,0,0,2966,79.4417,81.7903,14.0028
14.7537,0.201763,0,0.201763,11.74,79.2301,285,0,0,2966,79.4417,81.7903,14.0028
14.7568,0.703228,0,0.703228,11.72,79.0745,1135,0,0,2967,79.4496,81.7974,14.0028
14.7778,1.52245,0,1.52245,11.72,79.0745,1721,0,0,2968,79.4929,81.84,14.0014
14.7807,0.373873,0,0.373873,11.7,78.9189,481,5,0,2969,79.4833,81.8296,14.0001
14.8009,0.783724,0,0.783724,11.7,78.9189,1291,0,0,2970,79.5027,81.8481,13.9987
14.8038,0.05599,0,0.05599,11.68,78.7632,155,0,0,2970,79.5027,81.8481,13.9973
14.8245,0.043807,0,0.043807,11.68,78.7632,155,0,0,2970,79.5027,81.8481,13.9973
14.8272,0.111257,0,0.111257,11.66,78.6076,165,0,0,2970,79.5027,81.8481,13.9973
14.8475,0.011386,0,0.011386,11.66,78.6076,165,0,0,2970,79.5027,81.8481,13.9973
14.8514,1.37499,0,1.37499,11.64,78.452,1269,4,0,2971,79.5143,81.859,13.9973
14.8718,1.53281,0,1.53281,11.64,78.452,1312,11,0,2972,79.5377,81.8816,13.9959
14.8755,0.045578,0,0.045578,11.62,78.2964,165,0,0,2972,79.5377,81.8816,13.9946
14.8989,2.11996,0,2.11996,11.62,78.2964,1255,49,0,2973,79.5513,81.8944,13.9946
14.906,0.625289,0,0.625289,11.6,78.1407,398,0,0,2973,79.5513,81.8944,13.9932
14.9285,2.11395,0,2.11395,11.6,78.1407,1453,0,0,2974,79.5703,81.9126,13.9932
14.9387,4.06922,0,4.06922,11.58,77.9851,1735,0,0,2975,79.6027,81.9442,13.9918
14.9549,0.01383,0,0.01383,11.58,77.9851,155,0,0,2975,79.6027,81.9442,13.9904
14.9605,3.13336,0,3.13336,11.56,77.8295,1379,0,0,2976,79.6267,81.9674,13.9904
14.9792,1.16239,0,1.16239,11.56,77.8295,1401,3,0,2977,79.6463,81.9862,13.9891
14.9855,0.921215,0,0.921215,11.54,77.6738,1300,2,0,2978,79.6649,82.004,13.9877
15.0062,1.34408,0,1.34408,11.54,77.6738,795,0,0,2979,79.6687,82.007,13.9863
15.0094,0.059049,0,0.059049,11.52,77.5182,175,0,0,2979,79.6687,82.007,13.985
15.0315,1.17065,0,1.17065,11.52,77.5182,809,4,0,2980,79.6748,82.0124,13.985
15.035,0.068047,0,0.068047,11.5,77.3626,195,0,0,2980,79.6748,82.0124,13.9836
15.0566,0.222161,0,0.222161,11.5,77.3626,195,0,0,2980,79.6748,82.0124,13.9836
15.0633,1.14049,0,1.14049,11.48,77.207,1073,10,0,2981,79.6833,82.0201,13.9836
15.0834,0.972073,0,0.972073,11.48,77.207,1049,0,0,2982,79.7002,82.0362,13.9822
15.0859,0.123301,0,0.123301,11.46,77.0513,205,0,0,2982,79.7002,82.0362,13.9809
15.1068,0.901413,0,0.901413,11.46,77.0513,1319,0,0,2983,79.7127,82.0479,13.9809
15.1094,0.0058,0,0.0058,11.44,76.8957,205,0,0,2983,79.7127,82.0479,13.9795
15.1299,0.174972,0,0.174972,11.44,76.8957,205,0,0,2983,79.7127,82.0479,13.9795
15.1342,0.081452,0,0.081452,11.42,76.7401,210,0,0,2983,79.7127,82.0479,13.9795
15.1569,1.86428,0,1.86428,11.42,76.7401,1320,0,0,2984,79.7255,82.06,13.9795
15.1599,0.027963,0,0.027963,11.4,76.5845,210,0,0,2984,79.7255,82.06,13.9781
15.1816,0.939928,0,0.939928,11.4,76.5845,918,2,0,2985,79.733,82.0667,13.9781
15.1881,1.14172,0,1.14172,11.38,76.4288,1071,4,0,2986,79.7395,82.0723,13.9768
15.2078,0.935383,0,0.935383,11.38,76.4288,1013,5,0,2987,79.7436,82.0757,13.9754
15.2104,0.03388,0,0.03388,11.36,76.2732,210,0,0,2987,79.7436,82.0757,13.974
15.2306,0.074324,0,0.074324,11.36,76.2732,210,0,0,2987,79.7436,82.0757,13.974
15.234,1.02923,0,1.02923,11.34,76.1176,1360,0,0,2988,79.7704,82.1017,13.974
15.2545,0.091912,0,0.091912,11.34,76.1176,220,0,0,2988,79.7704,82.1017,13.9727
15.2593,0.010603,0,0.010603,11.32,75.962,220,0,0,2988,79.7704,82.1017,13.9727
15.2805,0.0222,0,0.0222,11.32,75.962,220,0,0,2988,79.7704,82.1017,13.9727
15.2877,1.47293,0,1.47293,11.3,75.8063,1327,3,0,2989,79.7825,82.1131,13.9727
15.3064,0.396893,0,0.396893,11.3,75.8063,692,8,0,2990,79.7739,82.1037,13.9713
15.3092,0.069561,0,0.069561,11.28,75.6507,240,0,0,2990,79.7739,82.1037,13.9699
15.3311,1.88022,0,1.88022,11.28,75.6507,1482,0,0,2991,79.794,82.123,13.9699
15.3342,0.428703,0,0.428703,11.26,75.4951,1154,4,0,2992,79.8092,82.1374,13.9686
15.3562,1.34731,0,1.34731,11.26,75.4951,1500,0,0,2993,79.8406,82.1681,13.9672
15.3603,0.137257,0,0.137257,11.24,75.3395,250,0,0,2993,79.8406,82.1681,13.9659
15.3812,0.068671,0,0.068671,11.24,75.3395,250,0,0,2993,79.8406,82.1681,13.9659
15.3884,1.3411,0,1.3411,11.22,75.1838,1532,0,0,2994,79.8621,82.1887,13.9659
15.4082,1.0425,0,1.0425,11.22,75.1838,1761,0,0,2995,79.9058,82.2317,13.9645
15.4114,0.742652,0,0.742652,11.2,75.0282,1652,0,0,2996,79.9366,82.2617,13.9631
15.431,0.012515,0,0.012515,11.2,75.0282,260,0,0,2996,79.9366,82.2617,13.9618
15.4347,1.16213,0,1.16213,11.18,74.8726,1434,0,0,2997,79.9586,82.2829,13.9618
15.4543,0.012441,0,0.012441,11.18,74.8726,260,0,0,2997,79.9586,82.2829,13.9604
15.4576,0.917712,0,0.917712,11.16,74.717,1352,0,0,2998,79.9803,82.3039,13.9604
15.4791,1.16964,0,1.16964,11.16,74.717,1378,0,0,2999,79.9973,82.3201,13.9591
15.4828,0.066423,0,0.066423,11.14,74.5613,270,0,0,2999,79.9973,82.3201,13.9577
15.5037,0.399593,0,0.399593,11.14,74.5613,590,1,0,3000,79.9813,82.3033,13.9577
15.5095,0.156164,0,0.156164,11.12,74.4057,270,0,0,3000,79.9813,82.3033,13.9563
15.5287,0.074799,0,0.074799,11.12,74.4057,270,0,0,3000,79.9813,82.3033,13.9563
15.5339,1.931,0,1.931,11.1,74.2501,1331,6,0,3001,80.0063,82.3272,13.9563
15.5538,1.21423,0,1.21423,11.1,74.2501,1396,0,0,3002,80.0316,82.3518,13.955
15.5579,1.25855,0,1.25855,11.08,74.0944,1648,0,0,3003,80.0539,82.3733,13.9536
15.5777,0.426887,0,0.426887,11.08,74.0944,541,0,0,3003,80.0539,82.3733,13.9523
15.5819,1.18752,0,1.18752,11.06,73.9388,1375,1,0,3004,80.0662,82.3848,13.9523
15.6022,1.15048,0,1.15048,11.06,73.9388,1062,0,0,3005,80.0659,82.3837,13.9509
15.609,1.18853,0,1.18853,11.04,73.7832,1136,0,0,3006,80.0685,82.3856,13.9496
15.6281,0.943894,0,0.943894,11.04,73.7832,1425,1,0,3007,80.0815,82.3977,13.9482
15.6326,0.410679,0,0.410679,11.02,73.6276,666,7,0,3008,80.0678,82.3833,13.9469
15.6533,0.075802,0,0.075802,11.02,73.6276,300,0,0,3008,80.0678,82.3833,13.9455
15.6598,2.98715,0,2.98715,11,73.4719,1720,0,0,3009,80.1097,82.4244,13.9455
15.6775,0.074723,0,0.074723,11,73.4719,300,0,0,3009,80.1097,82.4244,13.9441
15.6836,1.50764,0,1.50764,10.98,73.3163,1616,1,0,3010,80.1326,82.4465,13.9441
15.7048,2.28334,0,2.28334,10.98,73.3163,1500,0,0,3011,80.1458,82.459,13.9428
15.7098,0.833126,0,0.833126,10.96,73.1607,909,0,0,3012,80.1527,82.4651,13.9414
15.7289,0.154891,0,0.154891,10.96,73.1607,300,0,0,3012,80.1527,82.4651,13.9401
15.734,0.110204,0,0.110204,10.94,73.0051,300,0,0,3012,80.1527,82.4651,13.9401
15.7546,0.326284,0,0.326284,10.94,73.0051,772,10,0,3013,80.1424,82.454,13.9401
15.7582,1.23022,0,1.23022,10.92,72.8494,1237,13,0,3014,80.151,82.4618,13.9387
15.7785,0.136943,0,0.136943,10.92,72.8494,300,0,0,3014,80.151,82.4618,13.9374
15.7835,0.074509,0,0.074509,10.9,72.6938,300,0,0,3014,80.151,82.4618,13.9374
15.8044,0.0199,0,0.0199,10.9,72.6938,300,0,0,3014,80.151,82.4618,13.9374
15.8103,0.975695,0,0.975695,10.88,72.5382,1287,8,0,3015,80.1672,82.4773,13.9374
15.8309,1.37238,0,1.37238,10.88,72.5382,1468,0,0,3016,80.1804,82.4897,13.936
15.8363,0.835353,0,0.835353,10.86,72.3826,1063,16,0,3017,80.1796,82.4882,13.9347
15.8554,0.091046,0,0.091046,10.86,72.3826,310,0,0,3017,80.1796,82.4882,13.9334
15.8605,0.133082,0,0.133082,10.84,72.2269,310,0,0,3017,80.1796,82.4882,13.9334
15.8814,0.59443,0,0.59443,10.84,72.2269,1423,3,0,3018,80.2021,82.5099,13.9334
16.3455,461.737,460.937,0.80084,10.82,72.0713,592558,3126,0,3019,79.8572,82.2252,13.932
16.3497,1.2948,0,1.2948,10.8,71.9157,1421,6,0,3020,79.8881,82.255,13.9307
16.3698,1.32774,0,1.32774,10.8,71.9157,1201,0,0,3021,79.907,82.2731,13.9293
16.3727,0.373127,0,0.373127,10.78,71.7601,989,16,0,3022,79.9123,82.2776,13.928
16.3926,0.099356,0,0.099356,10.78,71.7601,182,0,0,3022,79.9123,82.2776,13.9266
16.3954,0.3637,0,0.3637,10.76,71.6044,549,4,0,3023,79.9186,82.2832,13.9266
16.4161,0.404887,0,0.404887,10.76,71.6044,688,0,0,3024,79.9173,82.2811,13.9253
16.419,0.640983,0,0.640983,10.74,71.4488,1559,0,0,3025,79.9435,82.3064,13.9239
16.4392,0.068017,0,0.068017,10.74,71.4488,122,0,0,3025,79.9435,82.3064,13.9226
16.4415,0.035081,0,0.035081,10.72,71.2932,122,0,0,3025,79.9435,82.3064,13.9226
16.4623,0.06688,0,0.06688,10.72,71.2932,122,0,0,3025,79.9435,82.3064,13.9226
16.4646,0.007817,0,0.007817,10.7,71.1376,122,0,0,3025,79.9435,82.3064,13.9226
16.4862,1.20286,0,1.20286,10.7,71.1376,1435,26,0,3026,79.9689,82.3315,13.9226
16.4884,0.029826,0,0.029826,10.68,70.9819,122,0,0,3026,79.9689,82.3315,13.9212
16.5092,0.067185,0,0.067185,10.68,70.9819,122,0,0,3026,79.9689,82.3315,13.9212
16.5114,0.004931,0,0.004931,10.66,70.6651,112,0,0,3026,79.9689,82.3315,13.9212
16.5325,0.127342,0,0.127342,10.66,70.6651,122,0,0,3026,79.9689,82.3315,13.9212
16.5365,0.572262,0,0.572262,10.64,70.341,1111,21,0,3027,79.9752,82.337,13.9212
16.5578,1.1678,0,1.1678,10.64,70.341,1316,10,0,3028,79.9904,82.3514,13.9199
16.565,1.42644,0,1.42644,10.62,70.0169,1166,3,0,3029,80.0017,82.3618,13.9186
16.5841,1.41925,0,1.41925,10.62,70.0169,1047,0,0,3030,80.0063,82.3657,13.9172
16.5871,0.638362,0,0.638362,10.6,69.6928,1490,0,0,3031,80.028,82.3867,13.9159
16.6081,0.865988,0,0.865988,10.6,69.6928,1441,0,0,3032,80.0482,82.406,13.9145
16.6119,1.59775,0,1.59775,10.58,69.3687,1178,0,0,3033,80.0722,82.4293,13.9132
16.6336,1.92039,0,1.92039,10.58,69.3687,1368,14,0,3034,80.091,82.4473,13.9119
16.6375,0.102232,0,0.102232,10.56,69.0445,130,0,0,3034,80.091,82.4473,13.9105
16.6582,0.37732,0,0.37732,10.56,69.0445,340,0,0,3034,80.091,82.4473,13.9105
16.6664,1.9399,0,1.9399,10.54,68.7204,1561,1,0,3035,80.1239,82.4794,13.9105
16.6842,0.213309,0,0.213309,10.54,68.7204,134,0,0,3035,80.1239,82.4794,13.9092
16.6886,0.813067,0,0.813067,10.52,68.3963,820,0,0,3036,80.1238,82.4786,13.9092
16.7114,2.27491,0,2.27491,10.52,68.3963,1032,0,0,3037,80.1386,82.4926,13.9079
16.7169,0.020098,0,0.020098,10.5,68.0722,150,0,0,3037,80.1386,82.4926,13.9065
16.738,0.308392,0,0.308392,10.5,68.0722,162,0,0,3037,80.1386,82.4926,13.9065
16.7448,0.185384,0,0.185384,10.48,67.7481,164,0,0,3037,80.1386,82.4926,13.9065
16.7677,2.69738,0,2.69738,10.48,67.7481,1170,0,0,3038,80.1544,82.5076,13.9065
16.7708,0.151415,0,0.151415,10.46,67.424,140,0,0,3038,80.1544,82.5076,13.9052
16.7911,0.135969,0,0.135969,10.46,67.424,140,0,0,3038,80.1544,82.5076,13.9052
16.7974,0.563801,0,0.563801,10.44,67.0999,1023,26,0,3039,80.1576,82.51,13.9052
16.8171,0.104473,0,0.104473,10.44,67.0999,150,0,0,3039,80.1576,82.51,13.9038
16.9145,90.3026,90.2856,0.016965,10.42,66.7757,129804,455,0,3039,80.0494,82.4413,13.9038
16.9174,0.03134,0,0.03134,10.4,66.4516,158,0,0,3039,80.0494,82.4413,13.9038
16.9389,1.12244,0,1.12244,10.4,66.4516,962,2,0,3040,80.0628,82.4539,13.9038
16.9418,0.459932,0,0.459932,10.38,66.1275,1172,0,0,3041,80.0789,82.4693,13.9025
16.9628,0.629614,0,0.629614,10.38,66.1275,1308,0,0,3042,80.0924,82.4819,13.9012
16.9657,0.594209,0,0.594209,10.36,65.8034,836,11,0,3043,80.091,82.4798,13.8998
16.9862,0.733479,0,0.733479,10.36,65.8034,554,0,0,3044,80.1018,82.4898,13.8985
16.989,0.5222,0,0.5222,10.34,65.4793,696,0,0,3045,80.1002,82.4874,13.8972
17.0091,0.071588,0,0.071588,10.34,65.4793,160,0,0,3045,80.1002,82.4874,13.8958
17.0129,1.51445,0,1.51445,10.32,65.1552,1329,0,0,3046,80.1297,82.5161,13.8958
17.0326,0.143973,0,0.143973,10.32,65.1552,172,0,0,3046,80.1297,82.5161,13.8945
17.0364,0.072914,0,0.072914,10.3,64.8311,172,0,0,3046,80.1297,82.5161,13.8945
17.0581,1.103,0,1.103,10.3,64.8311,1876,0,0,3047,80.1693,82.555,13.8945
17.0609,0.473233,0,0.473233,10.28,64.5069,1316,12,0,3048,80.189,82.5738,13.8932
17.081,0.0829,0,0.0829,10.28,64.5069,180,0,0,3048,80.189,82.5738,13.8919
17.0838,0.036511,0,0.036511,10.26,64.1828,190,0,0,3048,80.189,82.5738,13.8919
17.1053,0.174109,0,0.174109,10.26,64.1828,190,0,0,3048,80.189,82.5738,13.8919
17.1106,0.09225,0,0.09225,10.24,63.8587,200,0,0,3048,80.189,82.5738,13.8919
17.1313,0.481449,0,0.481449,10.24,63.8587,1201,0,0,3049,80.1991,82.5831,13.8919
17.1337,0.078301,0,0.078301,10.22,63.5346,212,0,0,3049,80.1991,82.5831,13.8905
17.1551,1.07247,0,1.07247,10.22,63.5346,1808,2,0,3050,80.2328,82.6161,13.8905
17.1582,0.541796,0,0.541796,10.2,63.2105,1331,0,0,3051,80.2442,82.6267,13.8892
17.1789,0.861422,0,0.861422,10.2,63.2105,1505,0,0,3052,80.2641,82.6458,13.8879
17.1856,2.1312,0,2.1312,10.18,62.8864,1332,0,0,3053,80.2856,82.6666,13.8865
17.2046,0.158001,0,0.158001,10.18,62.8864,210,0,0,3053,80.2856,82.6666,13.8852
17.2096,0.07385,0,0.07385,10.16,62.5623,216,0,0,3053,80.2856,82.6666,13.8852
17.2321,1.31922,0,1.31922,10.16,62.5623,839,18,0,3054,80.2875,82.6676,13.8852
17.2375,0.066139,0,0.066139,10.14,62.2381,216,0,0,3054,80.2875,82.6676,13.8839
17.2581,0.269079,0,0.269079,10.14,62.2381,650,0,0,3055,80.2756,82.655,13.8839
17.2605,0.042727,0,0.042727,10.12,61.914,292,0,0,3055,80.2756,82.655,13.8826
17.2809,0.080609,0,0.080609,10.12,61.914,232,0,0,3055,80.2756,82.655,13.8826
17.2842,0.769081,0,0.769081,10.1,61.5899,1488,0,0,3056,80.2916,82.6702,13.8826
17.305,0.013359,0,0.013359,10.1,61.5899,246,0,0,3056,80.2916,82.6702,13.8812
17.3084,0.067991,0,0.067991,10.08,61.2658,256,0,0,3056,80.2916,82.6702,13.8812
17.3296,0.102297,0,0.102297,10.08,61.2658,256,0,0,3056,80.2916,82.6702,13.8812
17.3373,1.80184,0,1.80184,10.06,60.9417,1568,6,0,3057,80.3117,82.6896,13.8812
17.3569,0.190276,0,0.190276,10.06,60.9417,272,0,0,3057,80.3117,82.6896,13.8799
17.36,0.033397,0,0.033397,10.04,60.6176,282,0,0,3057,80.3117,82.6896,13.8799
17.3804,0.013131,0,0.013131,10.04,60.6176,282,0,0,3057,80.3117,82.6896,13.8799
17.386,0.486409,0,0.486409,10.02,60.2935,1117,2,0,3058,80.3143,82.6913,13.8799
17.4064,0.04866,0,0.04866,10.02,60.2935,294,0,0,3058,80.3143,82.6913,13.8786
17.4097,0.785212,0,0.785212,10,59.9693,1164,1,0,3059,80.3263,82.7025,13.8786
17.4312,0.826327,0,0.826327,10,59.9693,1089,0,0,3060,80.3317,82.7072,13.8773
17.7302,294.483,294.395,0.088674,9.98,59.6452,413858,2821,0,3060,80.1395,82.5585,13.8759
17.7329,0.060194,0,0.060194,9.96,60.1787,111,0,0,3060,80.1395,82.5585,13.8759
17.7533,0.046209,0,0.046209,9.96,60.1787,111,0,0,3060,80.1395,82.5585,13.8759
17.756,0.410273,0,0.410273,9.94,60.1298,939,0,0,3061,80.1454,82.5635,13.8759
17.776,0.111699,0,0.111699,9.94,60.1298,126,0,0,3061,80.1454,82.5635,13.8746
17.7782,0.030435,0,0.030435,9.92,60.0808,101,0,0,3061,80.1454,82.5635,13.8746
17.7993,0.27102,0,0.27102,9.92,60.0808,372,0,0,3061,80.1454,82.5635,13.8746
17.8024,0.820628,0,0.820628,9.9,60.0319,1797,0,0,3062,80.1829,82.6003,13.8746
17.8229,0.473775,0,0.473775,9.9,60.0319,814,4,0,3063,80.1851,82.6017,13.8733
17.8258,0.632847,0,0.632847,9.88,59.983,1230,63,0,3064,80.1971,82.6129,13.872
17.8455,0.042959,0,0.042959,9.88,59.983,101,0,0,3064,80.1971,82.6129,13.8706
17.8486,0.316698,0,0.316698,9.86,59.934,753,8,0,3065,80.1977,82.6127,13.8706
17.8685,0.0213,0,0.0213,9.86,59.934,104,0,0,3065,80.1977,82.6127,13.8693
17.8726,0.085237,0,0.085237,9.84,59.8851,104,0,0,3065,80.1977,82.6127,13.8693
17.8934,0.164097,0,0.164097,9.84,59.8851,104,0,0,3065,80.1977,82.6127,13.8693
17.8974,0.108407,0,0.108407,9.82,59.8362,104,0,0,3065,80.1977,82.6127,13.8693
17.918,0.039695,0,0.039695,9.82,59.8362,104,0,0,3065,80.1977,82.6127,13.8693
17.9226,2.21001,0,2.21001,9.8,59.7872,1585,0,0,3066,80.2358,82.65,13.8693
17.9408,0.110994,0,0.110994,9.8,59.7872,110,0,0,3066,80.2358,82.65,13.868
17.9448,0.34805,0,0.34805,9.78,59.7383,822,0,0,3066,80.2358,82.65,13.868
17.9674,1.83736,0,1.83736,9.78,59.7383,1483,0,0,3067,80.2592,82.6726,13.868
17.9764,3.28465,0,3.28465,9.76,59.6893,1362,9,0,3068,80.279,82.6917,13.8667
17.994,0.590397,0,0.590397,9.76,59.6893,1089,0,0,3069,80.2854,82.6973,13.8654
17.9965,0.37987,0,0.37987,9.74,59.6404,977,0,0,3070,80.2941,82.7052,13.8641
18.0181,1.18126,0,1.18126,9.74,59.6404,1286,1,0,3071,80.3204,82.7307,13.8627
18.0203,0.124798,0,0.124798,9.72,59.5915,334,0,0,3071,80.3204,82.7307,13.8614
18.0423,1.46655,0,1.46655,9.72,59.5915,614,7,0,3072,80.3363,82.7458,13.8614
18.0451,0.316599,0,0.316599,9.7,59.5425,927,35,0,3073,80.3384,82.7472,13.8601
18.0683,2.07534,0,2.07534,9.7,59.5425,1719,3,0,3074,80.3696,82.7775,13.8588
18.0729,0.656478,0,0.656478,9.68,59.4936,734,19,0,3075,80.3847,82.7919,13.8575
18.0946,0.176304,0,0.176304,9.68,59.4936,114,0,0,3075,80.3847,82.7919,13.8562
18.1026,1.23865,0,1.23865,9.66,59.4446,788,8,0,3076,80.3807,82.7871,13.8562
18.1214,0.058236,0,0.058236,9.66,59.4446,114,0,0,3076,80.3807,82.7871,13.8548
18.1244,0.733882,0,0.733882,9.64,59.3957,1076,22,0,3077,80.4072,82.8128,13.8548
18.1444,0.319999,0,0.319999,9.64,59.3957,420,0,0,3077,80.4072,82.8128,13.8535
18.1469,0.035282,0,0.035282,9.62,59.3468,114,0,0,3077,80.4072,82.8128,13.8535
18.1678,0.909111,0,0.909111,9.62,59.3468,1546,15,0,3078,80.4344,82.8392,13.8535
18.1714,1.4668,0,1.4668,9.6,59.2978,1944,0,0,3079,80.4761,82.8802,13.8522
18.1909,0.292365,0,0.292365,9.6,59.2978,745,2,0,3080,80.4718,82.875,13.8509
18.1932,0.060835,0,0.060835,9.58,59.2489,114,0,0,3080,80.4718,82.875,13.8496
18.2149,1.05275,0,1.05275,9.58,59.2489,1775,0,0,3081,80.5063,82.9088,13.8496
18.2176,0.549716,0,0.549716,9.56,59.1999,1521,1,0,3082,80.5311,82.9328,13.8483
18.238,0.588128,0,0.588128,9.56,59.1999,824,17,0,3083,80.5281,82.929,13.847
18.2429,0.132817,0,0.132817,9.54,59.151,114,0,0,3083,80.5281,82.929,13.8456
18.2648,0.81985,0,0.81985,9.54,59.151,894,12,0,3084,80.5272,82.9274,13.8456
18.2689,0.334064,0,0.334064,9.52,59.1021,210,0,0,3084,80.5272,82.9274,13.8443
18.2893,0.510176,0,0.510176,9.52,59.1021,1111,22,0,3085,80.5442,82.9436,13.8443
18.2915,0.053446,0,0.053446,9.5,59.0531,114,0,0,3085,80.5442,82.9436,13.843
18.313,0.676309,0,0.676309,9.5,59.0531,1205,24,0,3086,80.5632,82.9618,13.843
18.3151,0.038554,0,0.038554,9.48,59.0042,120,0,0,3086,80.5632,82.9618,13.8417
18.337,1.5321,0,1.5321,9.48,59.0042,1590,4,0,3087,80.5844,82.9809,13.8417
18.3393,0.046507,0,0.046507,9.46,58.9552,123,0,0,3087,80.5844,82.9809,13.8404
18.3606,0.694893,0,0.694893,9.46,58.9552,1572,10,0,3088,80.6108,83.0065,13.8404
18.3636,0.061023,0,0.061023,9.44,58.9063,123,0,0,3088,80.6108,83.0065,13.8391
18.3848,0.865715,0,0.865715,9.44,58.9063,1502,1,0,3089,80.6316,83.0265,13.8391
18.3883,1.15197,0,1.15197,9.42,58.8574,1776,2,0,3090,80.6706,83.065,13.8378
18.4078,0.334493,0,0.334493,9.42,58.8574,863,0,0,3090,80.6706,83.065,13.8365
18.4113,0.748116,0,0.748116,9.4,58.8084,1058,2,0,3091,80.6881,83.0819,13.8365
18.4314,0.834482,0,0.834482,9.4,58.8084,1298,49,0,3092,80.7138,83.1067,13.8352
18.4338,0.116599,0,0.116599,9.38,58.7595,309,0,0,3092,80.7138,83.1067,13.8339
18.4551,0.132575,0,0.132575,9.38,58.7595,269,0,0,3092,80.7138,83.1067,13.8339
18.4578,0.111459,0,0.111459,9.36,58.7105,129,0,0,3092,80.7138,83.1067,13.8339
18.4796,0.345354,0,0.345354,9.36,58.7105,164,0,0,3092,80.7138,83.1067,13.8339
18.4852,0.160451,0,0.160451,9.34,58.6616,135,0,0,3092,80.7138,83.1067,13.8339
18.5059,0.876245,0,0.876245,9.34,58.6616,1577,0,0,3093,80.7404,83.1326,13.8339
18.5085,0.041807,0,0.041807,9.32,58.6127,141,0,0,3093,80.7404,83.1326,13.8326
18.5304,1.33264,0,1.33264,9.32,58.6127,1151,0,0,3094,80.7469,83.1383,13.8326
18.5346,0.028334,0,0.028334,9.3,58.5637,141,0,0,3094,80.7469,83.1383,13.8313
18.5566,1.27916,0,1.27916,9.3,58.5637,1782,0,0,3095,80.779,83.1696,13.8313
18.5603,1.26811,0,1.26811,9.28,58.5148,1861,0,0,3096,80.8085,83.1983,13.83
18.5811,0.844315,0,0.844315,9.28,58.5148,857,3,0,3097,80.8311,83.2202,13.8287
18.5834,0.146238,0,0.146238,9.26,58.4658,141,0,0,3097,80.8311,83.2202,13.8274
18.6043,0.677175,0,0.677175,9.26,58.4658,1146,16,0,3098,80.8425,83.2308,13.8274
18.6076,0.100962,0,0.100962,9.24,58.4169,175,0,0,3098,80.8425,83.2308,13.826
18.628,0.642838,0,0.642838,9.24,58.4169,1069,42,0,3099,80.8506,83.2381,13.826
18.6312,0.031747,0,0.031747,9.22,58.368,137,0,0,3099,80.8506,83.2381,13.8247
18.6527,0.074965,0,0.074965,9.22,58.368,137,0,0,3099,80.8506,83.2381,13.8247
18.6575,0.037075,0,0.037075,9.2,58.319,143,0,0,3099,80.8506,83.2381,13.8247
18.684,4.55713,0,4.55713,9.2,58.319,2038,0,0,3100,80.8868,83.2735,13.8247
18.6871,0.615082,0,0.615082,9.18,58.2701,1644,11,0,3101,80.9139,83.2999,13.8234
18.709,0.928222,0,0.928222,9.18,58.2701,1377,0,0,3102,80.9387,83.324,13.8221
18.7117,0.111323,0,0.111323,9.16,58.2211,239,0,0,3102,80.9387,83.324,13.8208
18.7324,0.117488,0,0.117488,9.16,58.2211,149,0,0,3102,80.9387,83.324,13.8208
18.7421,1.25998,0,1.25998,9.14,58.1722,927,0,0,3103,80.9449,83.3294,13.8208
18.7601,0.938138,0,0.938138,9.14,58.1722,1255,16,0,3104,80.9565,83.3402,13.8195
18.7625,0.044101,0,0.044101,9.12,58.1233,149,0,0,3104,80.9565,83.3402,13.8182
18.7877,3.43544,0,3.43544,9.12,58.1233,1733,0,0,3105,80.9833,83.3662,13.8182
18.795,1.82411,0,1.82411,9.1,58.0743,894,0,0,3106,80.9974,83.3796,13.8169
18.8157,1.23432,0,1.23432,9.1,58.0743,1598,0,0,3107,81.029,83.4104,13.8156
18.8218,0.082716,0,0.082716,9.08,58.0254,158,0,0,3107,81.029,83.4104,13.8143
18.8425,0.047129,0,0.047129,9.08,58.0254,158,0,0,3107,81.029,83.4104,13.8143
18.8475,1.38196,0,1.38196,9.06,57.9764,1278,22,0,3108,81.0409,83.4215,13.8143
18.8688,2.2526,0,2.2526,9.06,57.9764,868,0,0,3109,81.0672,83.4471,13.8131
18.8761,0.321363,0,0.321363,9.04,57.9275,342,0,0,3109,81.0672,83.4471,13.8118
18.8973,2.1275,0,2.1275,9.04,57.9275,843,1,0,3110,81.0897,83.4688,13.8118
18.9048,1.1544,0,1.1544,9.02,57.8786,1162,1,0,3111,81.0964,83.4748,13.8105
18.9273,2.36184,0,2.36184,9.02,57.8786,922,0,0,3112,81.1093,83.4868,13.8092
18.9336,0.109601,0,0.109601,9,57.8296,183,0,0,3112,81.1093,83.4868,13.8079
18.9553,1.5063,0,1.5063,9,57.8296,1771,0,0,3113,81.1356,83.5124,13.8079
19.3931,435.457,435.358,0.099082,8.98,57.7807,658738,3518,0,3113,80.5882,83.0241,13.8066
19.396,0.107986,0,0.107986,8.96,57.7317,522,0,0,3113,80.5882,83.0241,13.8066
19.4168,0.498614,0,0.498614,8.96,57.7317,872,12,0,3114,80.5893,83.0244,13.8066
19.419,0.030842,0,0.030842,8.94,57.6828,35,0,0,3114,80.5893,83.0244,13.8053
19.4408,1.04413,0,1.04413,8.94,57.6828,996,0,0,3115,80.6051,83.0395,13.8053
19.4432,0.062263,0,0.062263,8.92,57.6339,35,0,0,3115,80.6051,83.0395,13.804
19.4642,0.794478,0,0.794478,8.92,57.6339,1211,18,0,3116,80.6178,83.0513,13.804
19.4677,0.85104,0,0.85104,8.9,57.5849,985,0,0,3117,80.6224,83.0552,13.8027
19.487,0.147318,0,0.147318,8.9,57.5849,35,0,0,3117,80.6224,83.0552,13.8014
19.4902,0.702303,0,0.702303,8.88,57.536,1166,45,0,3118,80.6334,83.0654,13.8014
19.5109,0.66116,0,0.66116,8.88,57.536,1103,40,0,3119,80.6419,83.0731,13.8001
19.5133,0.007307,0,0.007307,8.86,57.487,35,0,0,3119,80.6419,83.0731,13.7988
19.5341,0.066283,0,0.066283,8.86,57.487,35,0,0,3119,80.6419,83.0731,13.7988
19.5369,0.056397,0,0.056397,8.84,57.4381,35,0,0,3119,80.6419,83.0731,13.7988
19.5572,0.064718,0,0.064718,8.84,57.4381,35,0,0,3119,80.6419,83.0731,13.7988
19.5601,0.578554,0,0.578554,8.82,57.3892,815,0,0,3120,80.6474,83.0779,13.7988
19.5805,0.134455,0,0.134455,8.82,57.3892,45,0,0,3120,80.6474,83.0779,13.7975
19.5832,0.106067,0,0.106067,8.8,57.3402,45,0,0,3120,80.6474,83.0779,13.7975
19.6051,0.872528,0,0.872528,8.8,57.3402,805,0,0,3121,80.6459,83.0756,13.7975
19.6112,1.05697,0,1.05697,8.78,57.2913,1655,19,0,3122,80.6781,83.107,13.7962
19.6315,0.051552,0,0.051552,8.78,57.2913,45,0,0,3122,80.6781,83.107,13.7949
19.6342,0.188643,0,0.188643,8.76,57.2423,45,0,0,3122,80.6781,83.107,13.7949
19.6567,2.25807,0,2.25807,8.76,57.2423,907,0,0,3123,80.7006,83.1287,13.7949
19.6636,0.076497,0,0.076497,8.74,57.1934,55,0,0,3123,80.7006,83.1287,13.7937
19.6831,0.555077,0,0.555077,8.74,57.1934,1083,0,0,3124,80.7077,83.1351,13.7937
19.6892,2.75826,0,2.75826,8.72,57.1445,1761,2,0,3125,80.7382,83.1648,13.7924
19.7079,0.779166,0,0.779166,8.72,57.1445,505,2,0,3126,80.7505,83.1763,13.7911
19.7102,0.034839,0,0.034839,8.7,57.0955,55,0,0,3126,80.7505,83.1763,13.7898
19.7319,0.074199,0,0.074199,8.7,57.0955,55,0,0,3126,80.7505,83.1763,13.7898
19.7354,0.066169,0,0.066169,8.68,57.0466,55,0,0,3126,80.7505,83.1763,13.7898
19.7563,0.619729,0,0.619729,8.68,57.0466,1144,9,0,3127,80.7602,83.1852,13.7898
19.7604,0.016895,0,0.016895,8.66,56.9976,55,0,0,3127,80.7602,83.1852,13.7885
19.782,0.620414,0,0.620414,8.66,56.9976,1100,76,0,3128,80.7679,83.1921,13.7885
19.7842,0.032436,0,0.032436,8.64,56.9487,58,0,0,3128,80.7679,83.1921,13.7872
19.8059,0.794761,0,0.794761,8.64,56.9487,1110,3,0,3129,80.7769,83.2004,13.7872
19.8096,1.24769,0,1.24769,8.62,56.8998,880,5,0,3130,80.7786,83.2013,13.7859
19.83,0.021013,0,0.021013,8.62,56.8998,68,0,0,3130,80.7786,83.2013,13.7846
19.836,0.100789,0,0.100789,8.6,56.8508,68,0,0,3130,80.7786,83.2013,13.7846
19.8577,1.48405,0,1.48405,8.6,56.8508,920,0,0,3131,80.7812,83.2031,13.7846
19.8664,1.9862,0,1.9862,8.58,56.8019,1395,0,0,3132,80.7985,83.2197,13.7834
19.8837,0.285309,0,0.285309,8.58,56.8019,329,0,0,3132,80.7985,83.2197,13.7821
19.8913,1.60215,0,1.60215,8.56,56.7529,1492,0,0,3133,80.8219,83.2423,13.7821
19.9107,0.023378,0,0.023378,8.56,56.7529,68,0,0,3133,80.8219,83.2423,13.7808
19.9159,0.272911,0,0.272911,8.54,56.704,97,0,0,3133,80.8219,83.2423,13.7808
19.9365,0.363315,0,0.363315,8.54,56.704,738,4,0,3134,80.8175,83.2371,13.7808
19.9429,0.183895,0,0.183895,8.52,56.6551,68,0,0,3134,80.8175,83.2371,13.7795
19.9642,1.03602,0,1.03602,8.52,56.6551,1286,4,0,3135,80.8338,83.2526,13.7795
19.9663,0.022398,0,0.022398,8.5,56.6061,68,0,0,3135,80.8338,83.2526,13.7782
19.9867,0.235719,0,0.235719,8.5,56.6061,220,0,0,3135,80.8338,83.2526,13.7782
19.9899,0.77776,0,0.77776,8.48,56.5572,1073,3,0,3136,80.8415,83.2596,13.7782
20.0113,1.2038,0,1.2038,8.48,56.5572,1258,0,0,3137,80.8553,83.2726,13.7769
20.0183,2.06,0,2.06,8.46,56.5082,1623,21,0,3138,80.8885,83.305,13.7757
20.0391,1.84857,0,1.84857,8.46,56.5082,1536,0,0,3139,80.9318,83.3476,13.7744
20.0465,2.52462,0,2.52462,8.44,56.4593,1578,19,0,3140,80.9551,83.3701,13.7731
20.0656,0.217806,0,0.217806,8.44,56.4593,78,0,0,3140,80.9551,83.3701,13.7718
20.0708,0.196349,0,0.196349,8.42,56.4104,78,0,0,3140,80.9551,83.3701,13.7718
20.0914,0.664622,0,0.664622,8.42,56.4104,1016,10,0,3141,80.9592,83.3734,13.7718
20.0951,0.801803,0,0.801803,8.4,56.3614,960,0,0,3142,80.9806,83.394,13.7705
20.1155,1.35314,0,1.35314,8.4,56.3614,1768,19,0,3143,81.013,83.4257,13.7692
20.1183,0.056268,0,0.056268,8.38,56.3125,88,0,0,3143,81.013,83.4257,13.768
20.1398,1.05072,0,1.05072,8.38,56.3125,1421,39,0,3144,81.0309,83.4427,13.768
20.1433,0.856258,0,0.856258,8.36,56.2635,1453,5,0,3145,81.0534,83.4645,13.7667
20.1633,0.046618,0,0.046618,8.36,56.2635,88,0,0,3145,81.0534,83.4645,13.7654
20.1661,0.307439,0,0.307439,8.34,56.2146,1054,3,0,3146,81.0585,83.4688,13.7654
20.1867,0.514574,0,0.514574,8.34,56.2146,786,17,0,3147,81.055,83.4646,13.7641
20.1896,0.338866,0,0.338866,8.32,56.1657,1106,5,0,3148,81.0619,83.4708,13.7629
20.2114,0.176302,0,0.176302,8.32,56.1657,88,0,0,3148,81.0619,83.4708,13.7616
20.2179,1.07951,0,1.07951,8.3,56.1167,1598,1,0,3149,81.0981,83.5062,13.7616
20.2401,1.57987,0,1.57987,8.3,56.1167,1192,0,0,3150,81.1079,83.5152,13.7603
20.2484,1.35779,0,1.35779,8.28,56.0678,1548,13,0,3151,81.1314,83.5379,13.759
20.2695,1.41619,0,1.41619,8.28,56.0678,1422,31,0,3152,81.1504,83.5562,13.7578
20.2791,2.9174,0,2.9174,8.26,56.0189,920,0,0,3153,81.1567,83.5617,13.7565
20.2966,0.03637,0,0.03637,8.26,56.0189,109,0,0,3153,81.1567,83.5617,13.7552
20.2995,0.446114,0,0.446114,8.24,55.9699,1360,0,0,3154,81.1791,83.5834,13.7552
20.3227,3.14764,0,3.14764,8.24,55.9699,1736,2,0,3155,81.2054,83.6089,13.7539
20.3283,0.015082,0,0.015082,8.22,55.921,112,0,0,3155,81.2054,83.6089,13.7527
20.3481,0.187109,0,0.187109,8.22,55.921,112,0,0,3155,81.2054,83.6089,13.7527
20.6902,336.755,335.158,1.59738,8.2,55.872,525354,1884,0,3156,80.9857,83.4078,13.7527
20.6931,0.082887,0,0.082887,8.18,55.3861,100,0,0,3156,80.9857,83.4078,13.7514
20.7142,1.27613,0,1.27613,8.18,55.3861,2039,0,0,3157,81.0295,83.4507,13.7514
20.7166,0.050271,0,0.050271,8.16,55.2747,101,0,0,3157,81.0295,83.4507,13.7501
20.7384,1.00335,0,1.00335,8.16,55.2747,1724,1,0,3158,81.0662,83.4867,13.7501
20.7418,0.90549,0,0.90549,8.14,55.1632,1688,0,0,3159,81.0905,83.5103,13.7488
20.7626,0.98032,0,0.98032,8.14,55.1632,1848,4,0,3160,81.1199,83.5389,13.7476
20.7655,0.486577,0,0.486577,8.12,55.0518,1641,1,0,3161,81.143,83.5612,13.7463
20.7861,0.056762,0,0.056762,8.12,55.0518,108,0,0,3161,81.143,83.5612,13.745
20.7911,0.940553,0,0.940553,8.1,54.9404,1161,0,0,3162,81.1692,83.5867,13.745
20.8108,0.582687,0,0.582687,8.1,54.9404,885,0,0,3163,81.1723,83.589,13.7438
20.815,1.35495,0,1.35495,8.08,54.8289,1934,0,0,3164,81.2048,83.6207,13.7425
20.8344,0.150592,0,0.150592,8.08,54.8289,118,0,0,3164,81.2048,83.6207,13.7412
20.8371,0.49359,0,0.49359,8.06,54.7175,1052,46,0,3165,81.2092,83.6243,13.7412
20.8585,0.936235,0,0.936235,8.06,54.7175,1867,0,0,3166,81.2508,83.6652,13.74
20.8612,0.512097,0,0.512097,8.04,54.606,1066,3,0,3167,81.2554,83.6691,13.7387
20.8812,0.135597,0,0.135597,8.04,54.606,118,0,0,3167,81.2554,83.6691,13.7374
20.8867,0.690927,0,0.690927,8.02,54.4946,695,0,0,3168,81.2481,83.661,13.7374
20.9052,0.010306,0,0.010306,8.02,54.4946,115,0,0,3168,81.2481,83.661,13.7362
20.9089,0.835914,0,0.835914,8,54.3831,1439,0,0,3169,81.2651,83.6772,13.7362
20.9296,0.732928,0,0.732928,8,54.3831,1335,24,0,3170,81.2789,83.6902,13.7349
20.9323,0.420678,0,0.420678,7.98,54.2717,1537,0,0,3171,81.3031,83.7137,13.7336
20.9527,0.069293,0,0.069293,7.98,54.2717,115,0,0,3171,81.3031,83.7137,13.7324
20.9551,0.070508,0,0.070508,7.96,54.1603,115,0,0,3171,81.3031,83.7137,13.7324
20.9759,0.24209,0,0.24209,7.96,54.1603,115,0,0,3171,81.3031,83.7137,13.7324
20.9805,0.21202,0,0.21202,7.94,54.0488,115,0,0,3171,81.3031,83.7137,13.7324
21.0024,1.43546,0,1.43546,7.94,54.0488,1673,0,0,3172,81.3389,83.7487,13.7324
21.0065,0.159487,0,0.159487,7.92,53.9374,115,0,0,3172,81.3389,83.7487,13.7311
21.0272,0.089106,0,0.089106,7.92,53.9374,115,0,0,3172,81.3389,83.7487,13.7311
21.0326,0.710238,0,0.710238,7.9,53.8259,1059,2,0,3173,81.3435,83.7526,13.7311
21.0525,0.083516,0,0.083516,7.9,53.8259,115,0,0,3173,81.3435,83.7526,13.7298
21.0554,0.392991,0,0.392991,7.88,53.7145,1315,9,0,3174,81.3557,83.764,13.7298
21.0773,1.63756,0,1.63756,7.88,53.7145,1305,5,0,3175,81.3676,83.7751,13.7286
21.0851,0.064411,0,0.064411,7.86,53.603,115,0,0,3175,81.3676,83.7751,13.7273
21.1069,2.48335,0,2.48335,7.86,53.603,1631,0,0,3176,81.3904,83.7972,13.7273
21.116,2.00138,0,2.00138,7.84,53.4916,1463,19,0,3177,81.4086,83.8146,13.726
21.1355,0.873847,0,0.873847,7.84,53.4916,1005,10,0,3178,81.411,83.8162,13.7248
21.1426,1.43894,0,1.43894,7.82,53.3802,1585,0,0,3179,81.4354,83.8399,13.7235
21.1622,0.434959,0,0.434959,7.82,53.3802,959,7,0,3180,81.4365,83.8403,13.7223
21.165,0.494307,0,0.494307,7.8,53.2687,1648,0,0,3181,81.459,83.862,13.721
21.1863,0.982653,0,0.982653,7.8,53.2687,811,0,0,3182,81.4613,83.8636,13.7197
21.1889,0.075671,0,0.075671,7.78,53.1573,214,0,0,3182,81.4613,83.8636,13.7185
21.2095,0.093777,0,0.093777,7.78,53.1573,134,0,0,3182,81.4613,83.8636,13.7185
21.4714,256.86,256.168,0.692144,7.76,53.0458,401704,2225,0,3183,81.2535,83.6799,13.7185
21.4741,0.034077,0,0.034077,7.74,52.9344,125,0,0,3183,81.2535,83.6799,13.7172
21.4954,0.802805,0,0.802805,7.74,52.9344,1591,0,0,3184,81.2758,83.7013,13.7172
21.498,0.486804,0,0.486804,7.72,52.823,1576,4,0,3185,81.2973,83.7221,13.716
21.5186,0.288279,0,0.288279,7.72,52.823,745,0,0,3186,81.2913,83.7153,13.7147
21.5214,0.327093,0,0.327093,7.7,52.7115,975,8,0,3187,81.2924,83.7157,13.7135
21.542,0.747403,0,0.747403,7.7,52.7115,1685,0,0,3188,81.3159,83.7384,13.7122
21.5446,0.031092,0,0.031092,7.68,52.6001,125,0,0,3188,81.3159,83.7384,13.7109
21.5654,0.781943,0,0.781943,7.68,52.6001,1563,6,0,3189,81.3358,83.7576,13.7109
21.5681,0.263844,0,0.263844,7.66,52.4886,1035,8,0,3190,81.3389,83.7599,13.7097
21.5889,0.525144,0,0.525144,7.66,52.4886,547,4,0,3191,81.351,83.7712,13.7084
21.5921,0.276945,0,0.276945,7.64,52.3772,745,10,0,3192,81.3449,83.7644,13.7072
21.6134,0.797826,0,0.797826,7.64,52.3772,1498,0,0,3193,81.3627,83.7814,13.7059
21.6193,0.982158,0,0.982158,7.62,52.2657,1161,2,0,3194,81.3698,83.7877,13.7047
21.6386,0.356484,0,0.356484,7.62,52.2657,765,22,0,3195,81.3643,83.7815,13.7034
21.6412,0.0406,0,0.0406,7.6,52.1543,125,0,0,3195,81.3643,83.7815,13.7022
21.6634,1.10915,0,1.10915,7.6,52.1543,1265,11,0,3196,81.3745,83.791,13.7022
21.6708,0.34617,0,0.34617,7.58,52.0429,125,0,0,3196,81.3745,83.791,13.7009
21.691,0.49245,0,0.49245,7.58,52.0429,1275,12,0,3197,81.385,83.8008,13.7009
21.6933,0.006772,0,0.006772,7.56,51.9314,125,0,0,3197,81.385,83.8008,13.6997
21.7145,0.553097,0,0.553097,7.56,51.9314,523,2,0,3198,81.3893,83.8043,13.6997
21.7173,0.031964,0,0.031964,7.54,51.82,125,0,0,3198,81.3893,83.8043,13.6984
21.7383,0.774605,0,0.774605,7.54,51.82,1645,0,0,3199,81.4158,83.8299,13.6984
21.7428,0.936763,0,0.936763,7.52,51.7085,1964,0,0,3200,81.4528,83.8662,13.6972
21.7618,0.309659,0,0.309659,7.52,51.7085,665,24,0,3201,81.4445,83.8572,13.6959
21.7645,0.048879,0,0.048879,7.5,51.5971,115,0,0,3201,81.4445,83.8572,13.6947
21.7853,0.062967,0,0.062967,7.5,51.5971,115,0,0,3201,81.4445,83.8572,13.6947
21.7876,0.048785,0,0.048785,7.48,51.4857,115,0,0,3201,81.4445,83.8572,13.6947
21.8101,1.41395,0,1.41395,7.48,51.4857,1833,0,0,3202,81.4816,83.8935,13.6947
21.8131,0.54083,0,0.54083,7.46,51.3742,1349,5,0,3203,81.4952,83.9063,13.6934
21.8336,0.776164,0,0.776164,7.46,51.3742,1655,38,0,3204,81.5178,83.9282,13.6922
21.8367,0.437399,0,0.437399,7.44,51.2628,1325,36,0,3205,81.5301,83.9398,13.6909
21.8574,0.455758,0,0.455758,7.44,51.2628,1079,2,0,3206,81.5359,83.9448,13.6897
21.8601,0.274734,0,0.274734,7.42,51.1513,955,1,0,3207,81.5366,83.9448,13.6884
21.8807,0.084068,0,0.084068,7.42,51.1513,115,0,0,3207,81.5366,83.9448,13.6872
21.8833,0.02261,0,0.02261,7.4,51.0399,125,0,0,3207,81.5366,83.9448,13.6872
21.904,0.573625,0,0.573625,7.4,51.0399,1535,12,0,3208,81.5552,83.9626,13.6872
21.9069,0.063612,0,0.063612,7.38,50.9284,135,0,0,3208,81.5552,83.9626,13.6859
21.9269,0.1011,0,0.1011,7.38,50.9284,135,0,0,3208,81.5552,83.9626,13.6859
21.9296,0.053512,0,0.053512,7.36,50.817,135,0,0,3208,81.5552,83.9626,13.6859
21.9515,1.09895,0,1.09895,7.36,50.817,1554,3,0,3209,81.584,83.9907,13.6859
21.954,0.240411,0,0.240411,7.34,50.7056,885,2,0,3210,81.5816,83.9875,13.6847
21.9753,0.729043,0,0.729043,7.34,50.7056,1863,25,0,3211,81.6101,84.0153,13.6834
21.9781,0.536154,0,0.536154,7.32,50.5941,1811,0,0,3212,81.6445,84.0489,13.6822
21.999,1.02241,0,1.02241,7.32,50.5941,1331,5,0,3213,81.6564,84.0601,13.6809
22.0056,1.25192,0,1.25192,7.3,50.4827,1860,0,0,3214,81.6929,84.0958,13.6797
22.0264,0.766631,0,0.766631,7.3,50.4827,867,0,0,3215,81.6924,84.0946,13.6785
22.0295,0.035752,0,0.035752,7.28,50.3712,145,0,0,3215,81.6924,84.0946,13.6772
22.0503,0.011573,0,0.011573,7.28,50.3712,145,0,0,3215,81.6924,84.0946,13.6772
22.0529,0.058265,0,0.058265,7.26,50.2598,145,0,0,3215,81.6924,84.0946,13.6772
22.074,0.452609,0,0.452609,7.26,50.2598,1297,2,0,3216,81.7037,84.1051,13.6772
22.0764,0.009449,0,0.009449,7.24,50.1484,155,0,0,3216,81.7037,84.1051,13.676
22.0973,0.797921,0,0.797921,7.24,50.1484,1525,13,0,3217,81.7218,84.1225,13.676
22.1001,0.36036,0,0.36036,7.22,50.0369,1269,19,0,3218,81.7318,84.1318,13.6747
22.1215,1.13907,0,1.13907,7.22,50.0369,2199,0,0,3219,81.7757,84.1749,13.6735
22.1242,0.415679,0,0.415679,7.2,49.9255,1269,0,0,3220,81.7863,84.1848,13.6722
22.145,0.614793,0,0.614793,7.2,49.9255,1735,23,0,3221,81.81,84.2077,13.671
22.1478,0.491768,0,0.491768,7.18,49.814,1385,33,0,3222,81.8228,84.2197,13.6698
22.1676,0.055158,0,0.055158,7.18,49.814,155,0,0,3222,81.8228,84.2197,13.6685
22.1705,0.377492,0,0.377492,7.16,49.7026,1285,5,0,3223,81.8325,84.2287,13.6685
22.1917,0.998652,0,0.998652,7.16,49.7026,1795,0,0,3224,81.8579,84.2534,13.6673
22.1941,0.046705,0,0.046705,7.14,49.5911,155,0,0,3224,81.8579,84.2534,13.6661
22.2152,0.61329,0,0.61329,7.14,49.5911,1855,0,0,3225,81.8853,84.28,13.6661
22.2181,0.467688,0,0.467688,7.12,49.4797,1343,3,0,3226,81.8971,84.2911,13.6648
22.2383,0.056844,0,0.056844,7.12,49.4797,155,0,0,3226,81.8971,84.2911,13.6636
22.2411,0.47583,0,0.47583,7.1,49.3683,1360,2,0,3227,81.9089,84.3021,13.6636
22.2609,0.093857,0,0.093857,7.1,49.3683,164,0,0,3227,81.9089,84.3021,13.6623
22.2651,0.784715,0,0.784715,7.08,49.2568,1434,17,0,3228,81.9229,84.3154,13.6623
22.2857,0.927142,0,0.927142,7.08,49.2568,1091,0,0,3229,81.9526,84.3444,13.6611
22.289,0.065098,0,0.065098,7.06,49.1454,164,0,0,3229,81.9526,84.3444,13.6599
22.3098,0.055626,0,0.055626,7.06,49.1454,164,0,0,3229,81.9526,84.3444,13.6599
22.3129,0.368166,0,0.368166,7.04,49.0339,1214,0,0,3230,81.9594,84.3505,13.6599
22.3328,0.111782,0,0.111782,7.04,49.0339,174,0,0,3230,81.9594,84.3505,13.6586
22.3355,0.376726,0,0.376726,7.02,48.9225,1440,1,0,3231,81.9737,84.364,13.6586
22.357,0.908914,0,0.908914,7.02,48.9225,1545,13,0,3232,81.9923,84.3818,13.6574
22.3616,1.18669,0,1.18669,7,48.811,1760,3,0,3233,82.0257,84.4145,13.6562
22.381,0.101747,0,0.101747,7,48.811,174,0,0,3233,82.0257,84.4145,13.6549
22.3837,0.181546,0,0.181546,6.98,48.6996,328,0,0,3233,82.0257,84.4145,13.6549
22.4042,0.009563,0,0.009563,6.98,48.6996,185,0,0,3233,82.0257,84.4145,13.6549
22.4086,1.67426,0,1.67426,6.96,48.5882,2100,0,0,3234,82.0628,84.4508,13.6549
22.4272,0.100792,0,0.100792,6.96,48.5882,215,0,0,3234,82.0628,84.4508,13.6537
22.4306,0.769159,0,0.769159,6.94,48.4767,1457,24,0,3235,82.0856,84.473,13.6537
22.4505,0.104693,0,0.104693,6.94,48.4767,193,0,0,3235,82.0856,84.473,13.6525
22.4548,0.68724,0,0.68724,6.92,48.3653,1485,1,0,3236,82.1004,84.487,13.6525
22.4746,0.47527,0,0.47527,6.92,48.3653,1315,10,0,3237,82.11,84.4958,13.6512
22.4775,0.545506,0,0.545506,6.9,48.2538,1689,0,0,3238,82.1353,84.5204,13.65
22.4972,0.087679,0,0.087679,6.9,48.2538,185,0,0,3238,82.1353,84.5204,13.6488
22.4998,0.074496,0,0.074496,6.88,48.1424,365,0,0,3238,82.1353,84.5204,13.6488
22.5203,0.009092,0,0.009092,6.88,48.1424,185,0,0,3238,82.1353,84.5204,13.6488
22.5226,0.029428,0,0.029428,6.86,48.031,185,0,0,3238,82.1353,84.5204,13.6488
22.5437,0.502151,0,0.502151,6.86,48.031,1511,0,0,3239,82.1544,84.5387,13.6488
22.5463,0.025115,0,0.025115,6.84,47.9195,185,0,0,3239,82.1544,84.5387,13.6475
22.5675,0.618125,0,0.618125,6.84,47.9195,1758,2,0,3240,82.1846,84.5673,13.6475
22.5699,0.024901,0,0.024901,6.82,47.8081,185,0,0,3240,82.1846,84.5673,13.6463
22.5908,0.014196,0,0.014196,6.82,47.8081,185,0,0,3240,82.1846,84.5673,13.6463
22.596,1.48626,0,1.48626,6.8,47.6966,1175,14,0,3241,82.1999,84.5819,13.6463
22.6153,0.238458,0,0.238458,6.8,47.6966,755,1,0,3242,82.1922,84.5734,13.6451
22.6182,0.188094,0,0.188094,6.78,47.5852,655,8,0,3243,82.1813,84.5618,13.6438
22.6402,1.26811,0,1.26811,6.78,47.5852,995,5,0,3244,82.2035,84.5832,13.6426
22.6465,2.50041,0,2.50041,6.76,47.4737,1256,0,0,3245,82.2136,84.5926,13.6414
22.6641,0.12715,0,0.12715,6.76,47.4737,175,0,0,3245,82.2136,84.5926,13.6402
22.6689,0.650577,0,0.650577,6.74,47.3623,1227,2,0,3246,82.2209,84.5992,13.6402
22.6878,0.172665,0,0.172665,6.74,47.3623,175,0,0,3246,82.2209,84.5992,13.6389
22.6906,0.021256,0,0.021256,6.72,47.2509,175,0,0,3246,82.2209,84.5992,13.6389
22.7121,0.841398,0,0.841398,6.72,47.2509,1974,0,0,3247,82.2525,84.6301,13.6389
22.7153,0.358631,0,0.358631,6.7,47.1434,1225,4,0,3248,82.2602,84.637,13.6377
22.7363,0.737714,0,0.737714,6.7,47.1434,1696,0,0,3249,82.2878,84.6639,13.6365
22.7398,0.569539,0,0.569539,6.68,47.0591,1481,1,0,3250,82.3049,84.6803,13.6353
22.7595,0.121468,0,0.121468,6.68,47.0591,165,0,0,3250,82.3049,84.6803,13.634
22.7632,0.897876,0,0.897876,6.66,46.9749,2023,0,0,3251,82.3424,84.717,13.634
22.7844,1.12398,0,1.12398,6.66,46.9749,1693,3,0,3252,82.3712,84.7451,13.6328
22.7881,0.198255,0,0.198255,6.64,46.8906,205,0,0,3252,82.3712,84.7451,13.6316
22.8088,0.521726,0,0.521726,6.64,46.8906,1613,1,0,3253,82.391,84.7642,13.6316
22.811,0.40555,0,0.40555,6.62,46.8063,1419,5,0,3254,82.405,84.7775,13.6304
22.8314,0.061114,0,0.061114,6.62,46.8063,165,0,0,3254,82.405,84.7775,13.6291
22.8337,0.043289,0,0.043289,6.6,46.722,165,0,0,3254,82.405,84.7775,13.6291
22.8552,1.35277,0,1.35277,6.6,46.722,1630,0,0,3255,82.4338,84.8055,13.6291
22.8575,0.057446,0,0.057446,6.58,46.6377,165,0,0,3255,82.4338,84.8055,13.6279
22.8782,0.096254,0,0.096254,6.58,46.6377,165,0,0,3255,82.4338,84.8055,13.6279
22.8811,0.716676,0,0.716676,6.56,46.5534,1844,3,0,3256,82.4604,84.8314,13.6279
22.9011,0.065815,0,0.065815,6.56,46.5534,165,0,0,3256,82.4604,84.8314,13.6267
22.9046,0.696704,0,0.696704,6.54,46.4691,2122,0,0,3257,82.498,84.8683,13.6267
22.924,0.092425,0,0.092425,6.54,46.4691,175,0,0,3257,82.498,84.8683,13.6255
22.9261,0.066483,0,0.066483,6.52,46.3849,165,0,0,3257,82.498,84.8683,13.6255
22.9471,0.457423,0,0.457423,6.52,46.3849,1165,6,0,3258,82.5034,84.8729,13.6255
22.9499,0.403509,0,0.403509,6.5,46.3006,1255,15,0,3259,82.5115,84.8803,13.6242
22.9705,0.419088,0,0.419088,6.5,46.3006,1166,1,0,3260,82.5178,84.8859,13.623
22.9731,0.066082,0,0.066082,6.48,46.2163,174,0,0,3260,82.5178,84.8859,13.6218
22.9933,0.11458,0,0.11458,6.48,46.2163,174,0,0,3260,82.5178,84.8859,13.6218
22.9965,0.501789,0,0.501789,6.46,46.132,1472,17,0,3261,82.5324,84.8997,13.6218
23.0168,1.02701,0,1.02701,6.46,46.132,1434,2,0,3262,82.5592,84.9258,13.6206
23.0199,0.643185,0,0.643185,6.44,46.0477,1883,11,0,3263,82.586,84.9519,13.6194
23.0401,0.130564,0,0.130564,6.44,46.0477,299,0,0,3263,82.586,84.9519,13.6181
23.0427,0.337352,0,0.337352,6.42,45.9634,1143,1,0,3264,82.5901,84.9553,13.6181
23.0634,0.035451,0,0.035451,6.42,45.9634,183,0,0,3264,82.5901,84.9553,13.6169
23.0665,0.088522,0,0.088522,6.4,45.8791,183,0,0,3264,82.5901,84.9553,13.6169
23.0869,0.011333,0,0.011333,6.4,45.8791,183,0,0,3264,82.5901,84.9553,13.6169
23.0915,1.45335,0,1.45335,6.38,45.7949,1613,0,0,3265,82.6086,84.973,13.6169
23.1106,0.097335,0,0.097335,6.38,45.7949,183,0,0,3265,82.6086,84.973,13.6157
23.1133,0.415703,0,0.415703,6.36,45.7106,1230,0,0,3266,82.6255,84.9893,13.6157
23.1341,0.448876,0,0.448876,6.36,45.7106,1233,12,0,3267,82.6321,84.9951,13.6145
23.1371,0.515643,0,0.515643,6.34,45.6263,1593,0,0,3268,82.6496,85.0119,13.6133
23.157,0.395119,0,0.395119,6.34,45.6263,1103,8,0,3269,82.6522,85.0138,13.612
23.1599,0.491987,0,0.491987,6.32,45.542,1544,2,0,3270,82.6697,85.0306,13.6108
23.1807,0.731225,0,0.731225,6.32,45.542,2020,3,0,3271,82.705,85.0651,13.6096
23.1838,0.579518,0,0.579518,6.3,45.4577,1538,0,0,3272,82.7314,85.0908,13.6084
23.2039,0.10583,0,0.10583,6.3,45.4577,193,0,0,3272,82.7314,85.0908,13.6072
23.2063,0.076646,0,0.076646,6.28,45.3734,193,0,0,3272,82.7314,85.0908,13.6072
23.2271,0.688522,0,0.688522,6.28,45.3734,1697,18,0,3273,82.7544,85.113,13.6072
23.2302,0.324262,0,0.324262,6.26,45.2891,1068,0,0,3274,82.7615,85.1194,13.606
23.2497,0.044379,0,0.044379,6.26,45.2891,193,0,0,3274,82.7615,85.1194,13.6048
23.5401,287.84,286.322,1.51836,6.24,45.2049,524865,1154,0,3275,82.3658,84.7887,13.6048
23.5439,0.384971,0,0.384971,6.22,45.1206,1273,0,0,3276,82.3736,84.7958,13.6035
23.5652,1.1197,0,1.1197,6.22,45.1206,1771,0,0,3277,82.4022,84.8236,13.6023
23.5697,0.705374,0,0.705374,6.2,45.0363,1311,4,0,3278,82.4112,84.8319,13.6011
23.5914,1.0049,0,1.0049,6.2,45.0363,1853,0,0,3279,82.4364,84.8564,13.5999
23.5948,0.086281,0,0.086281,6.18,44.952,203,0,0,3279,82.4364,84.8564,13.5987
23.6153,0.4137,0,0.4137,6.18,44.952,1277,2,0,3280,82.4451,84.8643,13.5987
23.6183,0.670626,0,0.670626,6.16,44.8677,1982,0,0,3281,82.4834,84.9019,13.5975
23.6391,0.746039,0,0.746039,6.16,44.8677,1881,1,0,3282,82.5125,84.9302,13.5963
23.6414,0.085468,0,0.085468,6.14,44.7834,203,0,0,3282,82.5125,84.9302,13.5951
23.6624,0.340087,0,0.340087,6.14,44.7834,983,0,0,3283,82.5111,84.9281,13.5951
23.6655,0.641868,0,0.641868,6.12,44.6991,1925,0,0,3284,82.5387,84.9549,13.5938
23.685,0.052245,0,0.052245,6.12,44.6991,203,0,0,3284,82.5387,84.9549,13.5926
23.6883,0.302935,0,0.302935,6.1,44.6148,943,2,0,3285,82.5361,84.9516,13.5926
23.7087,0.107231,0,0.107231,6.1,44.6148,203,0,0,3285,82.5361,84.9516,13.5914
23.7114,0.072675,0,0.072675,6.08,44.5306,203,0,0,3285,82.5361,84.9516,13.5914
23.7332,1.16806,0,1.16806,6.08,44.5306,1243,9,0,3286,82.5423,84.9574,13.5914
23.7356,0.052111,0,0.052111,6.06,44.4463,203,0,0,3286,82.5423,84.9574,13.5902
23.7567,0.544916,0,0.544916,6.06,44.4463,1775,1,0,3287,82.5668,84.9811,13.5902
23.7591,0.05436,0,0.05436,6.04,44.362,203,0,0,3287,82.5668,84.9811,13.589
23.7793,0.101572,0,0.101572,6.04,44.362,203,0,0,3287,82.5668,84.9811,13.589
23.7821,0.43212,0,0.43212,6.02,44.2777,1453,16,0,3288,82.5797,84.9933,13.589
23.8029,0.564775,0,0.564775,6.02,44.2777,1738,2,0,3289,82.6023,85.0152,13.5878
23.8056,0.470995,0,0.470995,6,44.1934,1613,0,0,3290,82.6201,85.0322,13.5866
23.8259,0.084415,0,0.084415,6,44.1934,203,0,0,3290,82.6201,85.0322,13.5854
23.8283,0.066038,0,0.066038,5.98,44.1091,203,0,0,3290,82.6201,85.0322,13.5854
23.8484,0.062814,0,0.062814,5.98,44.1091,203,0,0,3290,82.6201,85.0322,13.5854
23.8509,0.033878,0,0.033878,5.96,44.0248,243,0,0,3290,82.6201,85.0322,13.5854
23.8722,0.801399,0,0.801399,5.96,44.0248,1867,2,0,3291,82.6512,85.0626,13.5854
23.8748,0.262207,0,0.262207,5.94,43.9406,953,0,0,3292,82.6488,85.0595,13.5842
23.8958,0.593366,0,0.593366,5.94,43.9406,1699,0,0,3293,82.6732,85.0832,13.583
23.8983,0.006615,0,0.006615,5.92,43.8563,203,0,0,3293,82.6732,85.0832,13.5818
23.9198,0.964822,0,0.964822,5.92,43.8563,903,5,0,3294,82.6761,85.0853,13.5818
23.9244,0.842661,0,0.842661,5.9,43.772,1634,5,0,3295,82.6944,85.1029,13.5806
23.9431,0.012115,0,0.012115,5.9,43.772,204,0,0,3295,82.6944,85.1029,13.5794
23.9462,0.805963,0,0.805963,5.88,43.6877,1467,4,0,3296,82.7084,85.1162,13.5794
23.9661,0.009117,0,0.009117,5.88,43.6877,205,0,0,3296,82.7084,85.1162,13.5782
23.9685,0.084211,0,0.084211,5.86,43.6034,215,0,0,3296,82.7084,85.1162,13.5782
23.9895,0.471861,0,0.471861,5.86,43.6034,1485,14,0,3297,82.7222,85.1292,13.5782
23.9922,0.044901,0,0.044901,5.84,43.5191,207,0,0,3297,82.7222,85.1292,13.577
24.0123,0.048188,0,0.048188,5.84,43.5191,207,0,0,3297,82.7222,85.1292,13.577
24.0155,0.584589,0,0.584589,5.82,43.4348,1817,0,0,3298,82.7462,85.1525,13.577
24.0363,0.815853,0,0.815853,5.82,43.4348,2160,1,0,3299,82.7854,85.191,13.5758
24.0388,0.028131,0,0.028131,5.8,43.3506,207,0,0,3299,82.7854,85.191,13.5746
24.0604,0.755363,0,0.755363,5.8,43.3506,1869,1,0,3300,82.8124,85.2173,13.5746
24.0637,0.088949,0,0.088949,5.78,43.2663,207,0,0,3300,82.8124,85.2173,13.5733
24.0843,0.601406,0,0.601406,5.78,43.2663,1506,0,0,3301,82.8267,85.2308,13.5733
24.0873,0.088275,0,0.088275,5.76,43.182,207,0,0,3301,82.8267,85.2308,13.5721
24.1072,0.263355,0,0.263355,5.76,43.182,867,12,0,3302,82.8216,85.225,13.5721
24.1098,0.054342,0,0.054342,5.74,43.0977,207,0,0,3302,82.8216,85.225,13.5709
24.1303,0.046063,0,0.046063,5.74,43.0977,207,0,0,3302,82.8216,85.225,13.5709
24.1326,0.006281,0,0.006281,5.72,43.0134,207,0,0,3302,82.8216,85.225,13.5709
24.1538,0.468148,0,0.468148,5.72,43.0134,1356,2,0,3303,82.8323,85.2349,13.5709
24.1569,0.559297,0,0.559297,5.7,42.9291,1837,3,0,3304,82.8562,85.2582,13.5697
24.1766,0.05742,0,0.05742,5.7,42.9291,217,0,0,3304,82.8562,85.2582,13.5685
24.1812,0.624078,0,0.624078,5.68,42.8448,1657,1,0,3305,82.8747,85.2759,13.5685
24.2018,0.851297,0,0.851297,5.68,42.8448,1509,0,0,3306,82.8893,85.2898,13.5673
24.2043,0.091623,0,0.091623,5.66,42.7605,399,0,0,3306,82.8893,85.2898,13.5661
24.2253,0.398355,0,0.398355,5.66,42.7605,1107,2,0,3307,82.8923,85.2921,13.5661
24.2889,60.9722,60.2168,0.755399,5.64,42.6763,103885,440,0,3308,82.7899,85.211,13.5649
24.294,0.92608,0,0.92608,5.62,42.592,1789,1,0,3309,82.8277,85.2481,13.5638
24.3123,0.008883,0,0.008883,5.62,42.592,230,0,0,3309,82.8277,85.2481,13.5626
24.3153,0.533647,0,0.533647,5.6,42.5077,1868,0,0,3310,82.8532,85.2728,13.5626
24.337,1.36932,0,1.36932,5.6,42.5077,1070,0,0,3311,82.8668,85.2857,13.5614
24.3403,0.143333,0,0.143333,5.58,42.4234,560,0,0,3312,82.8518,85.2699,13.5602
24.3614,0.652028,0,0.652028,5.58,42.4234,1312,7,0,3313,82.8672,85.2846,13.559
24.364,0.369624,0,0.369624,5.56,42.3391,1415,0,0,3314,82.879,85.2957,13.5578
24.3849,0.632186,0,0.632186,5.56,42.3391,1947,0,0,3315,82.9095,85.3255,13.5566
24.3873,0.039995,0,0.039995,5.54,42.2548,240,0,0,3315,82.9095,85.3255,13.5554
24.408,0.618223,0,0.618223,5.54,42.2548,1818,3,0,3316,82.9321,85.3474,13.5554
24.4113,0.55174,0,0.55174,5.52,42.1705,1574,0,0,3317,82.9475,85.3621,13.5542
24.4317,0.136569,0,0.136569,5.52,42.1705,240,0,0,3317,82.9475,85.3621,13.553
24.4348,0.453791,0,0.453791,5.5,42.0863,1420,11,0,3318,82.9587,85.3725,13.553
24.4554,0.449848,0,0.449848,5.5,42.0863,1500,2,0,3319,82.9723,85.3854,13.5518
24.4583,0.402486,0,0.402486,5.48,42.002,1570,10,0,3320,82.988,85.4003,13.5506
24.4787,0.56895,0,0.56895,5.48,42.002,1243,0,0,3321,82.994,85.4056,13.5494
24.4825,0.069279,0,0.069279,5.46,41.9177,220,0,0,3321,82.994,85.4056,13.5482
24.5032,1.04312,0,1.04312,5.46,41.9177,2300,2,0,3322,83.0316,85.4425,13.5482
24.5063,0.706457,0,0.706457,5.44,41.8334,829,1,0,3323,83.0485,85.4586,13.547
24.5268,0.528844,0,0.528844,5.44,41.8334,1260,26,0,3324,83.0548,85.4642,13.5458
24.5297,0.020446,0,0.020446,5.42,41.7491,220,0,0,3324,83.0548,85.4642,13.5446
24.5514,0.79323,0,0.79323,5.42,41.7491,1962,2,0,3325,83.0824,85.4911,13.5446
24.5539,0.053409,0,0.053409,5.4,41.6648,230,0,0,3325,83.0824,85.4911,13.5434
24.575,0.732394,0,0.732394,5.4,41.6648,1539,0,0,3326,83.0974,85.5054,13.5434
24.5789,0.00814,0,0.00814,5.38,41.5805,230,0,0,3326,83.0974,85.5054,13.5423
24.6,0.146368,0,0.146368,5.38,41.5805,230,0,0,3326,83.0974,85.5054,13.5423
24.6048,0.08075,0,0.08075,5.36,41.4963,230,0,0,3326,83.0974,85.5054,13.5423
24.6276,1.72033,0,1.72033,5.36,41.4963,1549,4,0,3327,83.1121,85.5194,13.5423
24.6336,0.957611,0,0.957611,5.34,41.412,1647,1,0,3328,83.1349,85.5415,13.5411
24.6552,1.84955,0,1.84955,5.34,41.412,1322,0,0,3329,83.1562,85.562,13.5399
24.8834,224.469,224.425,0.044747,5.32,41.3277,358015,2225,0,3329,82.7876,85.2451,13.5387
24.8869,0.391165,0,0.391165,5.3,41.2434,980,5,0,3330,82.7892,85.2459,13.5387
24.9069,0.568886,0,0.568886,5.3,41.2434,1120,56,0,3331,82.795,85.251,13.5375
24.9104,0.57689,0,0.57689,5.28,41.1591,1849,15,0,3332,82.8232,85.2785,13.5363
24.9305,0.857816,0,0.857816,5.28,41.1591,1671,30,0,3333,82.8485,85.303,13.5351
24.9331,0.264974,0,0.264974,5.26,41.0748,1050,42,0,3334,82.8521,85.3059,13.5339
24.9552,1.45198,0,1.45198,5.26,41.0748,1874,0,0,3335,82.8834,85.3364,13.5328
24.9579,0.490538,0,0.490538,5.24,40.9905,1663,68,0,3336,82.9071,85.3594,13.5316
24.9784,0.271101,0,0.271101,5.24,40.9905,880,1,0,3337,82.9056,85.3572,13.5304
24.9808,0.034279,0,0.034279,5.22,40.9062,100,0,0,3337,82.9056,85.3572,13.5292
25.0018,0.786785,0,0.786785,5.22,40.9062,1474,0,0,3338,82.9224,85.3733,13.5292
25.0043,0.171418,0,0.171418,5.2,40.822,720,12,0,3339,82.9161,85.3663,13.528
25.0256,0.585934,0,0.585934,5.2,40.822,1540,22,0,3340,82.9344,85.3838,13.5268
25.0279,0.022659,0,0.022659,5.18,40.7377,100,0,0,3340,82.9344,85.3838,13.5256
25.0497,0.836618,0,0.836618,5.18,40.7377,1819,0,0,3341,82.9611,85.4098,13.5256
25.0518,0.046125,0,0.046125,5.16,40.6534,100,0,0,3341,82.9611,85.4098,13.5245
25.0728,0.871495,0,0.871495,5.16,40.6534,1792,6,0,3342,82.9919,85.4399,13.5245
25.0755,0.046868,0,0.046868,5.14,40.5691,100,0,0,3342,82.9919,85.4399,13.5233
25.0959,0.477941,0,0.477941,5.14,40.5691,1100,1,0,3343,82.997,85.4442,13.5233
25.0983,0.033804,0,0.033804,5.12,40.4848,100,0,0,3343,82.997,85.4442,13.5221
25.12,0.809759,0,0.809759,5.12,40.4848,967,2,0,3344,83.0102,85.4566,13.5221
25.1232,0.99296,0,0.99296,5.1,40.4005,1709,5,0,3345,83.0335,85.4792,13.5209
25.1442,0.602483,0,0.602483,5.1,40.4005,780,0,0,3346,83.029,85.474,13.5197
25.1489,0.621127,0,0.621127,5.08,40.3162,1130,16,0,3347,83.035,85.4792,13.5186
25.1687,0.377264,0,0.377264,5.08,40.3162,1000,21,0,3348,83.037,85.4806,13.5174
25.174,0.673433,0,0.673433,5.06,40.232,1440,10,0,3349,83.0523,85.4951,13.5162
25.1942,0.032934,0,0.032934,5.06,40.232,100,0,0,3349,83.0523,85.4951,13.515
25.1969,0.487714,0,0.487714,5.04,40.1477,1557,12,0,3350,83.0743,85.5164,13.515
25.2175,0.117692,0,0.117692,5.04,40.1477,100,0,0,3350,83.0743,85.5164,13.5138
25.2199,0.113943,0,0.113943,5.02,40.0634,168,0,0,3350,83.0743,85.5164,13.5138
25.2434,1.99558,0,1.99558,5.02,40.0634,1266,14,0,3351,83.0871,85.5285,13.5138
25.2488,0.015813,0,0.015813,5,39.9791,120,0,0,3351,83.0871,85.5285,13.5127
25.2698,0.793879,0,0.793879,5,39.9791,890,25,0,3352,83.0853,85.526,13.5127
25.4378,161.86,161.099,0.761739,4.98,39.8948,354822,719,0,3353,82.9281,85.382,13.5115
25.4414,0.483079,0,0.483079,4.96,39.8105,714,0,0,3354,82.9404,85.3936,13.5103
25.4606,0.0826,0,0.0826,4.96,39.8105,230,0,0,3354,82.9404,85.3936,13.5091
25.4638,0.574282,0,0.574282,4.94,39.7262,1470,32,0,3355,82.9556,85.408,13.5091
25.4839,0.05669,0,0.05669,4.94,39.7262,130,0,0,3355,82.9556,85.408,13.5079
25.4862,0.037298,0,0.037298,4.92,39.642,130,0,0,3355,82.9556,85.408,13.5079
25.5069,0.009376,0,0.009376,4.92,39.642,130,0,0,3355,82.9556,85.408,13.5079
25.5098,0.367508,0,0.367508,4.9,39.5577,1220,29,0,3356,82.9633,85.4151,13.5079
25.5306,1.06636,0,1.06636,4.9,39.5577,1310,0,0,3357,82.9786,85.4296,13.5068
25.5336,0.588969,0,0.588969,4.88,39.4734,1990,4,0,3358,83.0092,85.4595,13.5056
25.5541,0.469321,0,0.469321,4.88,39.4734,1450,30,0,3359,83.0238,85.4734,13.5044
25.5573,0.387926,0,0.387926,4.86,39.3891,1110,2,0,3360,83.0283,85.4771,13.5032
25.5777,0.291232,0,0.291232,4.86,39.3891,950,4,0,3361,83.028,85.476,13.5021
25.5805,0.343855,0,0.343855,4.84,39.3048,1220,8,0,3362,83.0357,85.483,13.5009
25.6004,0.0805,0,0.0805,4.84,39.3048,130,0,0,3362,83.0357,85.483,13.4997
25.6039,0.583485,0,0.583485,4.82,39.2205,1388,0,0,3363,83.0529,85.4996,13.4997
25.6238,0.655627,0,0.655627,4.82,39.2205,1756,25,0,3364,83.0773,85.5232,13.4985
25.6264,0.063368,0,0.063368,4.8,39.1362,130,0,0,3364,83.0773,85.5232,13.4974
25.6471,0.186045,0,0.186045,4.8,39.1362,272,0,0,3364,83.0773,85.5232,13.4974
25.6505,0.739123,0,0.739123,4.78,39.0519,2225,0,0,3365,83.1156,85.5608,13.4974
25.6705,0.100058,0,0.100058,4.78,39.0519,130,0,0,3365,83.1156,85.5608,13.4962
25.6736,0.570237,0,0.570237,4.76,38.9677,1880,8,0,3366,83.1429,85.5873,13.4962
25.6933,0.085896,0,0.085896,4.76,38.9677,150,0,0,3366,83.1429,85.5873,13.495
25.6966,0.813613,0,0.813613,4.74,38.8834,1946,0,0,3367,83.1743,85.6181,13.495
25.7173,0.788297,0,0.788297,4.74,38.8834,880,0,0,3368,83.1722,85.6152,13.4939
25.72,0.058345,0,0.058345,4.72,38.7991,120,0,0,3368,83.1722,85.6152,13.4927
25.7407,0.186353,0,0.186353,4.72,38.7991,550,7,0,3369,83.1603,85.6026,13.4927
25.7432,0.093441,0,0.093441,4.7,38.7148,130,0,0,3369,83.1603,85.6026,13.4915
25.7638,0.457286,0,0.457286,4.7,38.7148,1390,1,0,3370,83.1733,85.6148,13.4915
25.7663,0.031208,0,0.031208,4.68,38.6305,120,0,0,3370,83.1733,85.6148,13.4903
25.788,0.728516,0,0.728516,4.68,38.6305,1410,40,0,3371,83.1869,85.6277,13.4903
25.7919,0.122129,0,0.122129,4.66,38.5462,120,0,0,3371,83.1869,85.6277,13.4892
25.8139,0.014914,0,0.014914,4.66,38.5462,120,0,0,3371,83.1869,85.6277,13.4892
25.8209,1.69276,0,1.69276,4.64,38.4619,1720,0,0,3372,83.2156,85.6557,13.4892
25.8396,1.17033,0,1.17033,4.64,38.4619,2070,0,0,3373,83.2487,85.6881,13.488
25.8439,0.789085,0,0.789085,4.62,38.3777,1440,18,0,3374,83.2632,85.7018,13.4868
25.864,0.777216,0,0.777216,4.62,38.3777,1280,26,0,3375,83.2729,85.7108,13.4857
25.8693,0.852346,0,0.852346,4.6,38.2934,1810,0,0,3376,83.2983,85.7355,13.4845
25.8881,0.154162,0,0.154162,4.6,38.2934,120,0,0,3376,83.2983,85.7355,13.4833
25.8921,0.113934,0,0.113934,4.58,38.2091,120,0,0,3376,83.2983,85.7355,13.4833
25.9129,0.080589,0,0.080589,4.58,38.2091,120,0,0,3376,83.2983,85.7355,13.4833
25.9176,0.828989,0,0.828989,4.56,38.1248,1570,35,0,3377,83.3166,85.753,13.4833
25.9386,0.879088,0,0.879088,4.56,38.1248,2060,5,0,3378,83.3493,85.7851,13.4822
25.9427,0.670714,0,0.670714,4.54,38.0405,1797,0,0,3379,83.3741,85.8091,13.481
25.9621,0.039196,0,0.039196,4.54,38.0405,130,0,0,3379,83.3741,85.8091,13.4798
25.9658,0.83002,0,0.83002,4.52,37.9562,1902,8,0,3380,83.4033,85.8376,13.4798
25.9864,0.879756,0,0.879756,4.52,37.9562,2210,0,0,3381,83.4448,85.8784,13.4787
25.9894,0.371982,0,0.371982,4.5,37.8719,1270,13,0,3382,83.4539,85.8868,13.4775
26.0106,0.736333,0,0.736333,4.5,37.8719,1709,33,0,3383,83.4759,85.9081,13.4763
26.0139,0.107341,0,0.107341,4.48,37.7877,140,0,0,3383,83.4759,85.9081,13.4752
26.0348,0.489553,0,0.489553,4.48,37.7877,1410,3,0,3384,83.4888,85.9202,13.4752
26.0379,0.594691,0,0.594691,4.46,37.7034,1797,24,0,3385,83.5131,85.9439,13.474
26.0581,0.521962,0,0.521962,4.46,37.7034,1170,15,0,3386,83.5189,85.9489,13.4728
26.0611,0.038128,0,0.038128,4.44,37.6191,140,0,0,3386,83.5189,85.9489,13.4717
26.0818,0.058589,0,0.058589,4.44,37.6191,140,0,0,3386,83.5189,85.9489,13.4717
26.085,0.139567,0,0.139567,4.42,37.5348,190,0,0,3386,83.5189,85.9489,13.4717
26.1062,0.613718,0,0.613718,4.42,37.5348,1480,19,0,3387,83.5338,85.9631,13.4717
26.1092,0.039533,0,0.039533,4.4,37.4505,140,0,0,3387,83.5338,85.9631,13.4705
26.1305,1.05103,0,1.05103,4.4,37.4505,1930,2,0,3388,83.562,85.9906,13.4705
26.1352,0.785932,0,0.785932,4.38,37.3662,2350,0,0,3389,83.6084,86.0363,13.4694
26.1545,0.442275,0,0.442275,4.38,37.3662,1120,4,0,3390,83.6127,86.0398,13.4682
26.1581,0.82318,0,0.82318,4.36,37.2819,2162,0,0,3391,83.6479,86.0743,13.467
26.1783,0.34527,0,0.34527,4.36,37.2819,970,9,0,3392,83.6477,86.0734,13.4659
26.1809,0.037532,0,0.037532,4.34,37.1976,140,0,0,3392,83.6477,86.0734,13.4647
26.202,0.485241,0,0.485241,4.34,37.1976,1300,30,0,3393,83.6572,86.0822,13.4647
26.2046,0.025209,0,0.025209,4.32,37.1134,140,0,0,3393,83.6572,86.0822,13.4635
26.2258,0.911217,0,0.911217,4.32,37.1134,1782,8,0,3394,83.6815,86.1058,13.4635
26.2301,0.020209,0,0.020209,4.3,37.0291,140,0,0,3394,83.6815,86.1058,13.4624
26.2499,0.144679,0,0.144679,4.3,37.0291,209,0,0,3394,83.6815,86.1058,13.4624
26.4749,222.405,221.93,0.474749,4.28,36.9448,385270,923,0,3395,83.5311,86.005,13.4624
26.4785,0.616424,0,0.616424,4.26,36.8605,1350,2,0,3396,83.5412,86.0144,13.4612
26.4985,0.430447,0,0.430447,4.26,36.8605,1300,27,0,3397,83.5499,86.0224,13.4601
26.501,0.058399,0,0.058399,4.24,36.7762,170,0,0,3397,83.5499,86.0224,13.4589
26.5218,0.708064,0,0.708064,4.24,36.7762,2128,0,0,3398,83.5851,86.0568,13.4589
26.5244,0.027611,0,0.027611,4.22,36.6919,170,0,0,3398,83.5851,86.0568,13.4578
26.5452,0.03861,0,0.03861,4.22,36.6919,170,0,0,3398,83.5851,86.0568,13.4578
26.5489,0.579921,0,0.579921,4.2,36.6076,1430,8,0,3399,83.5975,86.0685,13.4578
26.5701,0.9706,0,0.9706,4.2,36.6076,2140,6,0,3400,83.6309,86.1012,13.4566
26.574,0.81327,0,0.81327,4.18,36.5234,1550,0,0,3401,83.6469,86.1164,13.4554
26.5947,0.672693,0,0.672693,4.18,36.5234,1406,0,0,3402,83.6587,86.1276,13.4543
26.5983,0.439395,0,0.439395,4.16,36.4391,1440,41,0,3403,83.6715,86.1396,13.4531
26.6181,0.0485,0,0.0485,4.16,36.4391,170,0,0,3403,83.6715,86.1396,13.452
26.6212,0.007847,0,0.007847,4.14,36.3548,160,0,0,3403,83.6715,86.1396,13.452
26.6435,1.20532,0,1.20532,4.14,36.3548,2080,6,0,3404,83.7033,86.1707,13.452
26.6481,0.526336,0,0.526336,4.12,36.2705,1340,71,0,3405,83.7134,86.18,13.4508
26.6704,1.49264,0,1.49264,4.12,36.2705,1399,54,0,3406,83.7255,86.1914,13.4497
26.6786,1.67933,0,1.67933,4.1,36.1862,1769,45,0,3407,83.7508,86.216,13.4485
26.6994,1.5378,0,1.5378,4.1,36.1862,2192,2,0,3408,83.7881,86.2529,13.4473
26.7051,0.067201,0,0.067201,4.08,36.1019,160,0,0,3408,83.7881,86.2529,13.4462
26.726,0.085328,0,0.085328,4.08,36.1019,160,0,0,3408,83.7881,86.2529,13.4462
26.7311,0.106359,0,0.106359,4.06,36.0176,170,0,0,3408,83.7881,86.2529,13.4462
26.7519,0.849728,0,0.849728,4.06,36.0176,2230,0,0,3409,83.824,86.2881,13.4462
26.7558,1.01192,0,1.01192,4.04,35.9334,1600,0,0,3410,83.8413,86.3047,13.445
26.778,1.12215,0,1.12215,4.04,35.9334,1080,2,0,3411,83.8434,86.3061,13.4439
26.781,0.096948,0,0.096948,4.02,35.8491,160,0,0,3411,83.8434,86.3061,13.4427
26.8026,0.188961,0,0.188961,4.02,35.8491,160,0,0,3411,83.8434,86.3061,13.4427
26.8109,1.54541,0,1.54541,4,35.7648,1890,4,0,3412,83.8696,86.3315,13.4427
26.8305,0.943308,0,0.943308,4,35.7648,1760,2,0,3413,83.8919,86.3531,13.4416
26.8346,0.619653,0,0.619653,3.98,35.6805,1810,0,0,3414,83.9156,86.3761,13.4404
26.8547,0.494573,0,0.494573,3.98,35.6805,1280,8,0,3415,83.9239,86.3836,13.4393
26.8584,0.112271,0,0.112271,3.96,35.4782,150,0,0,3415,83.9239,86.3836,13.4381
26.8776,0.012084,0,0.012084,3.96,35.4782,160,0,0,3415,83.9239,86.3836,13.4381
26.8826,0.346581,0,0.346581,3.94,35.2041,890,4,0,3416,83.9207,86.3797,13.4381
26.9036,0.436666,0,0.436666,3.94,35.2041,1300,0,0,3417,83.9295,86.3878,13.437
26.9063,0.203399,0,0.203399,3.92,34.9299,870,0,0,3418,83.9257,86.3833,13.4358
26.9272,0.052117,0,0.052117,3.92,34.9299,160,0,0,3418,83.9257,86.3833,13.4347
26.9312,0.658446,0,0.658446,3.9,34.6557,1149,2,0,3419,83.9427,86.3995,13.4347
26.9512,0.412283,0,0.412283,3.9,34.6557,990,5,0,3420,83.9424,86.3985,13.4335
26.9538,0.035784,0,0.035784,3.88,34.3816,160,0,0,3420,83.9424,86.3985,13.4324
26.9755,0.724388,0,0.724388,3.88,34.3816,2170,1,0,3421,83.9766,86.432,13.4324
26.9813,1.50979,0,1.50979,3.86,34.1074,2300,3,0,3422,84.0146,86.4693,13.4312
27.0014,0.662236,0,0.662236,3.86,34.1074,1700,5,0,3423,84.0351,86.489,13.4301
27.0042,0.289897,0,0.289897,3.84,33.8332,1290,0,0,3424,84.0435,86.4968,13.4289
27.0255,0.677075,0,0.677075,3.84,33.8332,1412,11,0,3425,84.0561,86.5086,13.4278
27.0297,0.326404,0,0.326404,3.82,33.559,1060,2,0,3426,84.0578,86.5096,13.4266
27.0498,0.36068,0,0.36068,3.82,33.559,1130,0,0,3427,84.0616,86.5127,13.4255
27.0555,0.068348,0,0.068348,3.8,33.2849,160,0,0,3427,84.0616,86.5127,13.4244
27.0753,0.665802,0,0.665802,3.8,33.2849,1661,6,0,3428,84.0811,86.5315,13.4244
27.0783,0.516967,0,0.516967,3.78,33.0107,1869,0,0,3429,84.1076,86.5573,13.4232
27.0996,0.72292,0,0.72292,3.78,33.0107,1200,25,0,3430,84.1134,86.5624,13.4221
27.1041,0.51835,0,0.51835,3.76,32.7365,1590,0,0,3431,84.1306,86.5788,13.4209
27.1251,0.081849,0,0.081849,3.76,32.7365,160,0,0,3431,84.1306,86.5788,13.4198
27.1281,0.076907,0,0.076907,3.74,32.4623,160,0,0,3431,84.1306,86.5788,13.4198
27.1492,0.812992,0,0.812992,3.74,32.4623,1220,0,0,3432,84.1369,86.5845,13.4198
27.1574,0.059241,0,0.059241,3.72,32.1882,160,0,0,3432,84.1369,86.5845,13.4186
27.1764,0.466237,0,0.466237,3.72,32.1882,1200,0,0,3433,84.1427,86.5896,13.4186
27.3973,217.89,217.214,0.675975,3.7,31.914,305394,9400,0,3434,83.3783,85.9528,13.4175
27.4013,0.335981,0,0.335981,3.68,37.1931,1076,0,0,3435,83.3837,85.9575,13.4164
27.4217,0.46639,0,0.46639,3.68,37.1931,1316,1,0,3436,83.3958,85.9689,13.4152
27.4247,0.231588,0,0.231588,3.66,37.0723,796,0,0,3437,83.3928,85.9651,13.4141
27.4454,0.593197,0,0.593197,3.66,37.0723,1296,0,0,3438,83.4043,85.9759,13.4129
27.4497,0.595273,0,0.595273,3.64,36.9515,1816,0,0,3439,83.4312,86.002,13.4118
27.4703,0.653824,0,0.653824,3.64,36.9515,1976,0,0,3440,83.4628,86.0328,13.4106
27.4734,0.41591,0,0.41591,3.62,36.8307,1376,0,0,3441,83.4766,86.0459,13.4095
27.4941,0.498361,0,0.498361,3.62,36.8307,1626,0,0,3442,83.4977,86.0662,13.4084
27.4967,0.18101,0,0.18101,3.6,36.7098,586,0,0,3443,83.4885,86.0563,13.4072
27.5173,0.050703,0,0.050703,3.6,36.7098,66,0,0,3443,83.4885,86.0563,13.4061
27.5198,0.060983,0,0.060983,3.58,36.589,66,0,0,3443,83.4885,86.0563,13.4061
27.5401,0.117831,0,0.117831,3.58,36.589,66,0,0,3443,83.4885,86.0563,13.4061
27.5427,0.045756,0,0.045756,3.56,36.4682,66,0,0,3443,83.4885,86.0563,13.4061
27.5643,0.653351,0,0.653351,3.56,36.4682,1856,0,0,3444,83.5163,86.0833,13.4061
27.5671,0.417574,0,0.417574,3.54,36.3474,1436,0,0,3445,83.5318,86.0981,13.4049
27.5877,0.131113,0,0.131113,3.54,36.3474,76,0,0,3445,83.5318,86.0981,13.4038
27.5906,0.429453,0,0.429453,3.52,36.2266,1800,0,0,3446,83.5583,86.1239,13.4038
27.6116,1.06695,0,1.06695,3.52,36.2266,1492,0,0,3447,83.5822,86.1471,13.4027
27.6148,0.71398,0,0.71398,3.5,36.1057,1136,0,0,3448,83.5893,86.1534,13.4015
27.6349,0.033036,0,0.033036,3.5,36.1057,56,0,0,3448,83.5893,86.1534,13.4004
27.686,48.4716,47.9021,0.569558,3.48,35.9849,110989,22,0,3449,83.5828,86.1537,13.4004
27.6895,0.323988,0,0.323988,3.46,35.8641,1346,0,0,3450,83.5959,86.1661,13.3993
27.7097,0.561692,0,0.561692,3.46,35.8641,1376,0,0,3451,83.61,86.1794,13.3981
27.7124,0.006752,0,0.006752,3.44,35.7433,46,0,0,3451,83.61,86.1794,13.397
27.7334,0.248151,0,0.248151,3.44,35.7433,576,1,0,3452,83.6011,86.1698,13.397
27.7364,0.394054,0,0.394054,3.42,35.6225,1386,0,0,3453,83.6157,86.1836,13.3959
27.7574,0.417045,0,0.417045,3.42,35.6225,1146,0,0,3454,83.6233,86.1905,13.3947
27.7603,0.275247,0,0.275247,3.4,35.5016,936,0,0,3455,83.6252,86.1916,13.3936
27.7804,0.037759,0,0.037759,3.4,35.5016,36,0,0,3455,83.6252,86.1916,13.3925
27.7837,0.016686,0,0.016686,3.38,35.3808,36,0,0,3455,83.6252,86.1916,13.3925
27.804,0.366211,0,0.366211,3.38,35.3808,756,0,0,3456,83.6218,86.1875,13.3925
27.8084,1.20953,0,1.20953,3.36,35.26,2086,0,0,3457,83.6592,86.2242,13.3913
27.8293,0.915737,0,0.915737,3.36,35.26,1216,3,0,3458,83.6692,86.2334,13.3902
27.8343,0.354145,0,0.354145,3.34,35.1392,916,0,0,3459,83.6704,86.2339,13.3891
27.8554,0.558586,0,0.558586,3.34,35.1392,1606,0,0,3460,83.6916,86.2543,13.3879
27.8583,0.042215,0,0.042215,3.32,35.0184,36,0,0,3460,83.6916,86.2543,13.3868
27.8794,0.756588,0,0.756588,3.32,35.0184,1176,0,0,3461,83.7004,86.2624,13.3868
27.8856,0.446551,0,0.446551,3.3,34.8975,1206,0,0,3462,83.71,86.2712,13.3857
27.9053,0.552808,0,0.552808,3.3,34.8975,1316,1,0,3463,83.7228,86.2833,13.3845
27.9083,0.051625,0,0.051625,3.28,34.7767,36,0,0,3463,83.7228,86.2833,13.3834
27.9299,0.1125,0,0.1125,3.28,34.7767,36,0,0,3463,83.7228,86.2833,13.3834
27.9342,0.155403,0,0.155403,3.26,34.6559,36,0,0,3463,83.7228,86.2833,13.3834
27.9558,0.422522,0,0.422522,3.26,34.6559,506,0,0,3464,83.7122,86.2719,13.3834
27.9607,0.906743,0,0.906743,3.24,34.5351,1456,1,0,3465,83.729,86.288,13.3823
27.9815,0.12085,0,0.12085,3.24,34.5351,36,0,0,3465,83.729,86.288,13.3811
27.9866,0.187879,0,0.187879,3.22,34.4143,36,0,0,3465,83.729,86.288,13.3811
28.0072,0.826307,0,0.826307,3.22,34.4143,2076,0,0,3466,83.7637,86.322,13.3811
28.0104,0.300546,0,0.300546,3.2,34.2934,1226,0,0,3467,83.7739,86.3314,13.38
28.0321,0.678933,0,0.678933,3.2,34.2934,1186,3,0,3468,83.7829,86.3397,13.3789
28.0352,0.017525,0,0.017525,3.18,34.1726,36,0,0,3468,83.7829,86.3397,13.3778
28.0567,0.172519,0,0.172519,3.18,34.1726,36,0,0,3468,83.7829,86.3397,13.3778
28.0603,0.053334,0,0.053334,3.16,34.0518,36,0,0,3468,83.7829,86.3397,13.3778
28.0829,0.994717,0,0.994717,3.16,34.0518,1476,0,0,3469,83.8002,86.3563,13.3778
28.0896,0.534869,0,0.534869,3.14,33.931,796,0,0,3470,83.798,86.3533,13.3766
28.1093,0.144761,0,0.144761,3.14,33.931,36,0,0,3470,83.798,86.3533,13.3755
28.1164,0.018174,0,0.018174,3.12,33.8102,36,0,0,3470,83.798,86.3533,13.3755
28.1358,0.586521,0,0.586521,3.12,33.8102,1386,0,0,3471,83.8127,86.3673,13.3755
28.1419,1.05188,0,1.05188,3.1,33.6893,1448,0,0,3472,83.8295,86.3834,13.3744
28.1616,0.049539,0,0.049539,3.1,33.6893,36,0,0,3472,83.8295,86.3834,13.3732
28.1645,0.397168,0,0.397168,3.08,33.5685,1436,2,0,3473,83.8457,86.3988,13.3732
28.1857,0.556798,0,0.556798,3.08,33.5685,1336,0,0,3474,83.859,86.4113,13.3721
28.1886,0.402488,0,0.402488,3.06,33.4477,1626,0,0,3475,83.8806,86.4322,13.371
28.2089,0.217867,0,0.217867,3.06,33.4477,36,0,0,3475,83.8806,86.4322,13.3699
28.2173,1.21638,0,1.21638,3.04,33.3269,1806,0,0,3476,83.9074,86.4583,13.3699
28.235,0.068418,0,0.068418,3.04,33.3269,36,0,0,3476,83.9074,86.4583,13.3687
28.2381,0.392534,0,0.392534,3.02,33.2061,1214,1,0,3477,83.9172,86.4674,13.3687
28.2597,1.02477,0,1.02477,3.02,33.2061,1140,2,0,3478,83.9313,86.4807,13.3676
28.2621,0.025266,0,0.025266,3,33.0852,34,0,0,3478,83.9313,86.4807,13.3665
28.2832,0.116329,0,0.116329,3,33.0852,34,0,0,3478,83.9313,86.4807,13.3665
28.286,0.116627,0,0.116627,2.98,32.9644,404,0,0,3479,83.9178,86.4665,13.3665
28.3075,1.0925,0,1.0925,2.98,32.9644,1274,1,0,3480,83.9293,86.4773,13.3654
28.315,0.763073,0,0.763073,2.96,32.8436,1220,0,0,3481,83.9391,86.4864,13.3642
28.3337,0.206343,0,0.206343,2.96,32.8436,40,0,0,3481,83.9391,86.4864,13.3631
28.3368,0.021759,0,0.021759,2.94,31.4593,48,0,0,3481,83.9391,86.4864,13.3631
28.358,0.118373,0,0.118373,2.94,31.4593,48,0,0,3481,83.9391,86.4864,13.3631
28.3609,0.03357,0,0.03357,2.92,31.3387,48,0,0,3481,83.9391,86.4864,13.3631
28.3828,0.850111,0,0.850111,2.92,31.3387,1228,0,0,3482,83.9489,86.4954,13.3631
28.3861,0.569474,0,0.569474,2.9,31.2181,2058,1,0,3483,83.9825,86.5283,13.362
28.4071,1.39493,0,1.39493,2.9,31.2181,2118,0,0,3484,84.0178,86.5629,13.3609
28.4132,0.715418,0,0.715418,2.88,31.0975,1998,0,0,3485,84.0496,86.594,13.3598
28.4335,1.17997,0,1.17997,2.88,31.0975,1658,0,0,3486,84.0717,86.6153,13.3586
28.4395,0.153424,0,0.153424,2.86,30.9769,48,0,0,3486,84.0717,86.6153,13.3575
28.4607,0.57319,0,0.57319,2.86,30.9769,1488,0,0,3487,84.0889,86.6318,13.3575
28.4666,0.74997,0,0.74997,2.84,30.8563,1038,0,0,3488,84.0932,86.6353,13.3564
28.4868,0.254561,0,0.254561,2.84,30.8563,518,0,0,3489,84.0825,86.624,13.3553
28.4894,0.035223,0,0.035223,2.82,30.7357,48,0,0,3489,84.0825,86.624,13.3542
28.5112,0.763218,0,0.763218,2.82,30.7357,2088,1,0,3490,84.1169,86.6576,13.3542
28.5136,0.026125,0,0.026125,2.8,30.6151,48,0,0,3490,84.1169,86.6576,13.353
28.5356,1.42775,0,1.42775,2.8,30.6151,1148,2,0,3491,84.1243,86.6643,13.353
28.5417,0.668331,0,0.668331,2.78,30.4945,1570,1,0,3492,84.144,86.6833,13.3519
28.5618,0.894483,0,0.894483,2.78,30.4945,1040,0,0,3493,84.1486,86.6871,13.3508
28.5694,1.105,0,1.105,2.76,30.3739,1442,2,0,3494,84.1637,86.7015,13.3497
28.5898,0.026526,0,0.026526,2.76,30.3739,72,0,0,3494,84.1637,86.7015,13.3486
28.596,0.108086,0,0.108086,2.74,30.2533,80,0,0,3494,84.1637,86.7015,13.3486
28.6172,0.483542,0,0.483542,2.74,30.2533,1390,1,0,3495,84.1771,86.7142,13.3486
28.6202,0.387291,0,0.387291,2.72,30.1327,1710,0,0,3496,84.1999,86.7363,13.3474
28.6415,0.638463,0,0.638463,2.72,30.1327,1700,0,0,3497,84.2225,86.7581,13.3463
28.646,1.90922,0,1.90922,2.7,30.0122,1662,0,0,3498,84.2441,86.779,13.3452
28.6648,0.670738,0,0.670738,2.7,30.0122,1960,0,0,3499,84.2741,86.8082,13.3441
28.6685,0.075556,0,0.075556,2.68,29.8916,80,0,0,3499,84.2741,86.8082,13.343
28.6897,0.215217,0,0.215217,2.68,29.8916,80,0,0,3499,84.2741,86.8082,13.343
28.6942,0.028512,0,0.028512,2.66,29.771,90,0,0,3499,84.2741,86.8082,13.343
28.7153,0.157628,0,0.157628,2.66,29.771,90,0,0,3499,84.2741,86.8082,13.343
28.718,0.015359,0,0.015359,2.64,29.6504,90,0,0,3499,84.2741,86.8082,13.343
28.7399,0.756873,0,0.756873,2.64,29.6504,990,0,0,3500,84.2757,86.8091,13.343
28.7459,0.592937,0,0.592937,2.62,29.5298,1730,0,0,3501,84.2985,86.8312,13.3419
28.7659,0.094919,0,0.094919,2.62,29.5298,90,0,0,3501,84.2985,86.8312,13.3408
28.7692,0.035984,0,0.035984,2.6,29.4092,90,0,0,3501,84.2985,86.8312,13.3408
28.7906,0.01317,0,0.01317,2.6,29.4092,90,0,0,3501,84.2985,86.8312,13.3408
28.7935,0.042817,0,0.042817,2.58,29.2886,90,0,0,3501,84.2985,86.8312,13.3408
28.8167,1.53228,0,1.53228,2.58,29.2886,2058,0,0,3502,84.3338,86.8658,13.3408
28.8236,1.29737,0,1.29737,2.56,29.168,1000,1,0,3503,84.3357,86.867,13.3396
28.8438,0.747525,0,0.747525,2.56,29.168,1880,0,0,3504,84.3627,86.8933,13.3385
28.8484,0.922636,0,0.922636,2.54,29.0474,1240,0,0,3505,84.3715,86.9013,13.3374
28.8681,0.576247,0,0.576247,2.54,29.0474,1180,0,0,3506,84.3785,86.9076,13.3363
28.8716,0.385961,0,0.385961,2.52,28.9268,880,0,0,3507,84.3775,86.9059,13.3352
28.8913,0.109832,0,0.109832,2.52,28.9268,70,0,0,3507,84.3775,86.9059,13.3341
28.8945,0.429474,0,0.429474,2.5,28.8062,1570,0,0,3508,84.3962,86.9239,13.3341
28.9173,1.47026,0,1.47026,2.5,28.8062,1850,0,0,3509,84.4229,86.9498,13.333
28.9238,0.541319,0,0.541319,2.48,28.6856,960,0,0,3510,84.4239,86.9501,13.3318
28.9441,0.187236,0,0.187236,2.48,28.6856,80,0,0,3510,84.4239,86.9501,13.3307
28.9499,0.053482,0,0.053482,2.46,28.565,80,0,0,3510,84.4239,86.9501,13.3307
28.9726,1.07263,0,1.07263,2.46,28.565,1430,0,0,3511,84.4383,86.9638,13.3307
28.9786,0.079516,0,0.079516,2.44,28.4445,80,0,0,3511,84.4383,86.9638,13.3296
28.9987,0.118552,0,0.118552,2.44,28.4445,80,0,0,3511,84.4383,86.9638,13.3296
29.0021,0.072291,0,0.072291,2.42,28.3239,80,0,0,3511,84.4383,86.9638,13.3296
29.0225,0.545292,0,0.545292,2.42,28.3239,1410,0,0,3512,84.4522,86.9769,13.3296
29.0256,0.478133,0,0.478133,2.4,28.2033,2000,0,0,3513,84.4828,87.0068,13.3285
29.0469,0.716375,0,0.716375,2.4,28.2033,1740,0,0,3514,84.506,87.0293,13.3274
29.051,0.203993,0,0.203993,2.38,28.0827,740,0,0,3515,84.501,87.0236,13.3263
29.0731,0.521597,0,0.521597,2.38,28.0827,670,0,0,3516,84.494,87.0159,13.3252
29.0791,0.019946,0,0.019946,2.36,27.9621,70,0,0,3516,84.494,87.0159,13.3241
29.0999,0.451485,0,0.451485,2.36,27.9621,1040,0,0,3517,84.4976,87.0188,13.3241
29.1062,0.442767,0,0.442767,2.34,27.8415,640,0,0,3518,84.4901,87.0105,13.323
29.1252,0.62464,0,0.62464,2.34,27.8415,1430,0,0,3519,84.505,87.0247,13.3219
29.1307,0.830808,0,0.830808,2.32,27.7209,1210,4,0,3520,84.5136,87.0327,13.3208
29.1517,0.022191,0,0.022191,2.32,27.7209,60,0,0,3520,84.5136,87.0327,13.3196
29.1553,0.161533,0,0.161533,2.3,27.6003,60,0,0,3520,84.5136,87.0327,13.3196
29.1776,0.747772,0,0.747772,2.3,27.6003,960,0,0,3521,84.5152,87.0335,13.3196
29.1828,0.032283,0,0.032283,2.28,27.4797,60,0,0,3521,84.5152,87.0335,13.3185
29.2057,1.37427,0,1.37427,2.28,27.4797,1680,0,0,3522,84.5372,87.0548,13.3185
29.2122,1.29708,0,1.29708,2.26,27.3591,1484,0,0,3523,84.5538,87.0707,13.3174
29.2323,1.3502,0,1.3502,2.26,27.3591,1790,0,0,3524,84.5789,87.0951,13.3163
29.2412,0.971276,0,0.971276,2.24,27.2385,1240,0,0,3525,84.5887,87.1041,13.3152
29.2595,0.152721,0,0.152721,2.24,27.2385,50,0,0,3525,84.5887,87.1041,13.3141
29.2656,1.46297,0,1.46297,2.22,27.1179,2150,0,0,3526,84.6242,87.139,13.3141
29.2856,0.499952,0,0.499952,2.22,27.1179,630,0,0,3527,84.6167,87.1307,13.313
29.2924,0.01868,0,0.01868,2.2,26.9974,50,0,0,3527,84.6167,87.1307,13.3119
29.3131,0.012263,0,0.012263,2.2,26.9974,50,0,0,3527,84.6167,87.1307,13.3119
29.3174,1.06625,0,1.06625,2.18,26.8768,1580,0,0,3528,84.6361,87.1494,13.3119
29.3371,0.125211,0,0.125211,2.18,26.8768,50,0,0,3528,84.6361,87.1494,13.3108
29.3403,0.241767,0,0.241767,2.16,26.7562,830,0,0,3529,84.6342,87.1468,13.3108
29.3614,0.971809,0,0.971809,2.16,26.7562,1350,0,0,3530,84.647,87.1589,13.3097
29.3683,0.357516,0,0.357516,2.14,26.6356,770,0,0,3531,84.6434,87.1546,13.3086
29.3871,0.050174,0,0.050174,2.14,26.6356,50,0,0,3531,84.6434,87.1546,13.3075
29.3909,0.11129,0,0.11129,2.12,26.515,50,0,0,3531,84.6434,87.1546,13.3075
29.4118,0.157406,0,0.157406,2.12,26.515,50,0,0,3531,84.6434,87.1546,13.3075
29.4155,0.042359,0,0.042359,2.1,26.3944,50,0,0,3531,84.6434,87.1546,13.3075
29.4373,0.924182,0,0.924182,2.1,26.3944,1400,0,0,3532,84.6577,87.1682,13.3075
29.4423,0.639234,0,0.639234,2.08,26.2738,1090,0,0,3533,84.6632,87.1729,13.3064
29.463,1.33563,0,1.33563,2.08,26.2738,1810,0,0,3534,84.689,87.1981,13.3053
29.4688,0.106345,0,0.106345,2.06,26.1532,50,0,0,3534,84.689,87.1981,13.3042
29.4892,0.944888,0,0.944888,2.06,26.1532,1260,0,0,3535,84.6993,87.2076,13.3042
29.4951,0.108654,0,0.108654,2.04,26.0326,40,0,0,3535,84.6993,87.2076,13.3031
29.5165,0.446535,0,0.446535,2.04,26.0326,1120,0,0,3536,84.7059,87.2135,13.3031
29.5225,0.892334,0,0.892334,2.02,25.912,1100,0,0,3537,84.7119,87.2188,13.302
29.543,0.523634,0,0.523634,2.02,25.912,1220,0,0,3538,84.7213,87.2275,13.3009
29.5465,0.687609,0,0.687609,2,25.7914,960,0,0,3539,84.7234,87.2289,13.2998
29.5668,0.161753,0,0.161753,2,25.7914,40,0,0,3539,84.7234,87.2289,13.2987
29.5748,1.37762,0,1.37762,1.98,25.6708,1910,0,0,3540,84.7523,87.2571,13.2987
29.5945,0.890832,0,0.890832,1.98,25.6708,1720,0,0,3541,84.7758,87.2799,13.2976
29.5985,0.407846,0,0.407846,1.96,25.5502,1470,0,0,3542,84.7919,87.2953,13.2965
29.6189,1.06701,0,1.06701,1.96,25.5502,1600,0,0,3543,84.8117,87.3144,13.2954
29.6253,0.12365,0,0.12365,1.94,25.4297,50,0,0,3543,84.8117,87.3144,13.2943
29.6475,0.851247,0,0.851247,1.94,25.4297,1210,0,0,3544,84.8205,87.3225,13.2943
29.6544,1.23191,0,1.23191,1.92,25.3091,2080,0,0,3545,84.8539,87.3551,13.2932
29.6753,1.09765,0,1.09765,1.92,25.3091,1340,0,0,3546,84.8663,87.3669,13.2921
29.6835,1.3415,0,1.3415,1.9,25.1885,1720,0,0,3547,84.8895,87.3893,13.291
29.7036,0.711372,0,0.711372,1.9,25.1885,1870,1,0,3548,84.9169,87.416,13.2899
29.7075,1.17545,0,1.17545,1.88,25.0679,1700,0,0,3549,84.9394,87.4379,13.2888
29.7277,1.07313,0,1.07313,1.88,25.0679,1610,0,0,3550,84.9594,87.4572,13.2877
29.7358,1.61786,0,1.61786,1.86,24.9473,2154,0,0,3551,84.9986,87.4956,13.2866
29.7542,0.925564,0,0.925564,1.86,24.9473,1240,0,0,3552,85.0082,87.5045,13.2855
29.7584,0.067826,0,0.067826,1.84,24.8267,50,0,0,3552,85.0082,87.5045,13.2844
29.7812,1.21267,0,1.21267,1.84,24.8267,1710,0,0,3553,85.031,87.5266,13.2844
29.7879,0.221709,0,0.221709,1.82,24.7061,50,0,0,3553,85.031,87.5266,13.2833
29.8094,0.190901,0,0.190901,1.82,24.7061,50,0,0,3553,85.031,87.5266,13.2833
29.8169,1.22458,0,1.22458,1.8,24.5855,1650,0,0,3554,85.0521,87.547,13.2833
29.8372,0.715024,0,0.715024,1.8,24.5855,1690,0,0,3555,85.0743,87.5685,13.2822
29.844,0.307904,0,0.307904,1.78,24.4649,60,0,0,3555,85.0743,87.5685,13.2812
29.8657,0.723725,0,0.723725,1.78,24.4649,1540,0,0,3556,85.0922,87.5858,13.2812
29.8688,0.429333,0,0.429333,1.76,24.3443,1670,2,0,3557,85.1139,87.6067,13.2801
29.8888,0.090846,0,0.090846,1.76,24.3443,50,0,0,3557,85.1139,87.6067,13.279
29.8915,0.02492,0,0.02492,1.74,24.2237,50,0,0,3557,85.1139,87.6067,13.279
29.9129,0.381262,0,0.381262,1.74,24.2237,960,0,0,3558,85.1155,87.6076,13.279
29.9155,0.074864,0,0.074864,1.72,24.1031,50,0,0,3558,85.1155,87.6076,13.2779
29.9382,0.844367,0,0.844367,1.72,24.1031,1010,1,0,3559,85.1186,87.61,13.2779
29.9454,0.850437,0,0.850437,1.7,23.9825,1190,0,0,3560,85.1267,87.6174,13.2768
29.9662,0.695412,0,0.695412,1.7,23.9825,940,0,0,3561,85.1278,87.6178,13.2757
29.9746,1.10345,0,1.10345,1.68,23.862,1420,0,0,3562,85.1423,87.6317,13.2746
29.9947,0.461258,0,0.461258,1.68,23.862,1180,2,0,3563,85.1502,87.6388,13.2735
30.1778,179.864,179.786,0.078893,1.66,23.7414,387400,74,0,3563,84.9416,87.4867,13.2724
30.1814,0.074857,0,0.074857,1.64,23.6208,50,0,0,3563,84.9416,87.4867,13.2724
30.2021,0.317472,0,0.317472,1.64,23.6208,930,0,0,3564,84.9425,87.4868,13.2724
30.2049,0.280522,0,0.280522,1.62,23.5002,1140,0,0,3565,84.9492,87.4928,13.2713
30.2259,0.478293,0,0.478293,1.62,23.5002,558,0,0,3566,84.9663,87.5093,13.2702
30.2286,0.04761,0,0.04761,1.6,23.3796,50,0,0,3566,84.9663,87.5093,13.2692
30.249,0.200263,0,0.200263,1.6,23.3796,430,0,0,3567,84.9532,87.4954,13.2692
30.2527,0.302777,0,0.302777,1.58,23.259,930,0,0,3568,84.9543,87.4958,13.2681
30.2734,0.094554,0,0.094554,1.58,23.259,40,0,0,3568,84.9543,87.4958,13.267
30.2764,0.056093,0,0.056093,1.56,23.1384,40,0,0,3568,84.9543,87.4958,13.267
30.2974,0.035081,0,0.035081,1.56,23.1384,40,0,0,3568,84.9543,87.4958,13.267
30.3012,0.765058,0,0.765058,1.54,23.0178,1820,0,0,3569,84.9804,87.5212,13.267
30.3215,0.740692,0,0.740692,1.54,23.0178,1340,0,0,3570,84.993,87.5331,13.2659
30.3277,0.076517,0,0.076517,1.52,22.8972,40,0,0,3570,84.993,87.5331,13.2648
30.3471,0.081531,0,0.081531,1.52,22.8972,40,0,0,3570,84.993,87.5331,13.2648
30.3517,0.103439,0,0.103439,1.5,22.7766,40,0,0,3570,84.993,87.5331,13.2648
30.3735,0.869941,0,0.869941,1.5,22.7766,1380,0,0,3571,85.0067,87.5461,13.2648
30.3808,1.15141,0,1.15141,1.48,22.656,1910,0,0,3572,85.0353,87.5739,13.2637
30.4015,0.705781,0,0.705781,1.48,22.656,1150,0,0,3573,85.0425,87.5805,13.2626
30.4072,0.110425,0,0.110425,1.46,22.5354,40,0,0,3573,85.0425,87.5805,13.2615
30.4284,0.106634,0,0.106634,1.46,22.5354,40,0,0,3573,85.0425,87.5805,13.2615
30.434,1.26976,0,1.26976,1.44,22.4149,1750,0,0,3574,85.0666,87.6038,13.2615
30.4539,0.916977,0,0.916977,1.44,22.4149,1290,0,0,3575,85.0778,87.6143,13.2605
30.4604,0.111292,0,0.111292,1.42,22.2943,30,0,0,3575,85.0778,87.6143,13.2594
30.48,0.102917,0,0.102917,1.42,22.2943,30,0,0,3575,85.0778,87.6143,13.2594
30.4837,0.194526,0,0.194526,1.4,22.1737,30,0,0,3575,85.0778,87.6143,13.2594
30.5056,0.929079,0,0.929079,1.4,22.1737,1420,0,0,3576,85.0928,87.6286,13.2594
30.512,0.657431,0,0.657431,1.38,22.0531,900,0,0,3577,85.0934,87.6285,13.2583
30.5342,1.25921,0,1.25921,1.38,22.0531,2036,0,0,3578,85.1274,87.6618,13.2572
30.5408,0.020635,0,0.020635,1.36,21.9325,30,0,0,3578,85.1274,87.6618,13.2561
30.5627,0.857919,0,0.857919,1.36,21.9325,1260,0,0,3579,85.138,87.6717,13.2561
30.5668,0.165025,0,0.165025,1.34,21.8119,30,0,0,3579,85.138,87.6717,13.255
30.5882,0.111417,0,0.111417,1.34,21.8119,30,0,0,3579,85.138,87.6717,13.255
30.5935,0.673078,0,0.673078,1.32,21.6913,1600,0,0,3580,85.1581,87.6911,13.255
30.6144,1.20334,0,1.20334,1.32,21.6913,1480,0,0,3581,85.1748,87.7071,13.2539
30.6215,0.054623,0,0.054623,1.3,21.5707,30,0,0,3581,85.1748,87.7071,13.2529
30.6415,0.919036,0,0.919036,1.3,21.5707,1580,0,0,3582,85.1954,87.727,13.2529
30.6479,0.075178,0,0.075178,1.28,21.4501,30,0,0,3582,85.1954,87.727,13.2518
30.6693,0.266696,0,0.266696,1.28,21.4501,30,0,0,3582,85.1954,87.727,13.2518
30.6771,1.09915,0,1.09915,1.26,21.3295,1570,0,0,3583,85.2146,87.7455,13.2518
30.6974,0.083529,0,0.083529,1.26,21.3295,30,0,0,3583,85.2146,87.7455,13.2507
30.7004,0.060123,0,0.060123,1.24,21.2089,30,0,0,3583,85.2146,87.7455,13.2507
30.7216,0.067829,0,0.067829,1.24,21.2089,30,0,0,3583,85.2146,87.7455,13.2507
30.7286,0.609115,0,0.609115,1.22,21.0883,650,0,0,3584,85.2081,87.7383,13.2507
30.7485,0.164764,0,0.164764,1.22,21.0883,30,0,0,3584,85.2081,87.7383,13.2496
30.7552,0.111866,0,0.111866,1.2,20.9677,30,0,0,3584,85.2081,87.7383,13.2496
30.7737,0.095998,0,0.095998,1.2,20.9677,30,0,0,3584,85.2081,87.7383,13.2496
30.7812,0.401253,0,0.401253,1.18,20.8472,1070,0,0,3585,85.2134,87.7428,13.2496
30.8036,0.964829,0,0.964829,1.18,20.8472,1120,0,0,3586,85.22,87.7487,13.2485
30.8096,0.184188,0,0.184188,1.16,20.5921,360,0,0,3587,85.206,87.734,13.2475
30.8308,0.042293,0,0.042293,1.16,20.5921,20,0,0,3587,85.206,87.734,13.2464
30.8369,0.246345,0,0.246345,1.14,20.2863,20,0,0,3587,85.206,87.734,13.2464
30.8594,1.6262,0,1.6262,1.14,20.2863,2118,0,0,3588,85.2408,87.7681,13.2464
30.8663,1.41319,0,1.41319,1.12,19.9804,1879,1,0,3589,85.2689,87.7955,13.2453
30.8868,0.164545,0,0.164545,1.12,19.9804,20,0,0,3589,85.2689,87.7955,13.2442
30.8939,0.726687,0,0.726687,1.1,19.6746,940,0,0,3590,85.2708,87.7967,13.2442
30.9136,0.375991,0,0.375991,1.1,19.6746,810,0,0,3591,85.269,87.7942,13.2431
30.918,0.112925,0,0.112925,1.08,19.3687,20,0,0,3591,85.269,87.7942,13.2421
30.9377,0.766271,0,0.766271,1.08,19.3687,880,0,0,3592,85.2692,87.7937,13.2421
30.9432,0.604822,0,0.604822,1.06,19.0628,700,0,0,3593,85.2644,87.7882,13.241
30.9648,0.927744,0,0.927744,1.06,19.0628,1140,0,0,3594,85.2718,87.7949,13.2399
30.968,0.058608,0,0.058608,1.04,18.757,20,0,0,3594,85.2718,87.7949,13.2388
30.9904,1.33955,0,1.33955,1.04,18.757,1880,0,0,3595,85.2999,87.8223,13.2388
30.9984,1.09756,0,1.09756,1.02,18.4511,1370,0,0,3596,85.3137,87.8354,13.2377
31.0194,1.14961,0,1.14961,1.02,18.4511,1660,0,0,3597,85.3356,87.8565,13.2367
31.0271,1.05123,0,1.05123,1,18.1452,1600,0,0,3598,85.3558,87.876,13.2356
31.047,0.706705,0,0.706705,1,18.1452,1560,0,0,3599,85.3748,87.8944,13.2345
31.0514,0.085594,0,0.085594,0.98,17.8394,20,0,0,3599,85.3748,87.8944,13.2334
31.0704,0.146454,0,0.146454,0.98,17.8394,20,0,0,3599,85.3748,87.8944,13.2334
31.0747,1.27937,0,1.27937,0.96,17.5335,768,0,0,3600,85.3883,87.9072,13.2334
31.0961,0.955857,0,0.955857,0.96,17.5335,1320,0,0,3601,85.4007,87.9189,13.2324
31.1024,0.414747,0,0.414747,0.94,17.2277,1060,0,0,3602,85.4059,87.9234,13.2313
31.1231,0.085662,0,0.085662,0.94,17.2277,20,0,0,3602,85.4059,87.9234,13.2302
31.1288,0.874988,0,0.874988,0.92,16.9218,2040,0,0,3603,85.4382,87.955,13.2302
31.15,1.05526,0,1.05526,0.92,16.9218,1530,0,0,3604,85.4564,87.9725,13.2291
31.1575,1.12077,0,1.12077,0.9,16.6159,1770,0,0,3605,85.4813,87.9967,13.2281
31.1771,0.598921,0,0.598921,0.9,16.6159,1280,0,0,3606,85.4925,88.0072,13.227
31.1809,0.363938,0,0.363938,0.88,16.3101,1340,3,0,3607,85.5054,88.0194,13.2259
31.2007,0.430825,0,0.430825,0.88,16.3101,328,0,0,3608,85.51,88.0233,13.2248
31.224,20.0444,19.234,0.810384,0.86,16.0042,35545,6,0,3609,85.5265,88.0391,13.2238
31.2284,0.522903,0,0.522903,0.84,15.6983,2210,0,0,3610,85.5634,88.0753,13.2227
31.2486,0.462695,0,0.462695,0.84,15.6983,1020,0,0,3611,85.5674,88.0786,13.2216
31.2526,0.351781,0,0.351781,0.82,15.3925,920,4,0,3612,85.5687,88.0792,13.2206
31.2733,0.812716,0,0.812716,0.82,15.3925,1980,1,0,3613,85.5992,88.1091,13.2195
31.2774,0.77355,0,0.77355,0.8,15.0805,1680,0,0,3614,85.6217,88.1309,13.2184
31.2985,0.605272,0,0.605272,0.8,15.0805,1070,1,0,3615,85.6271,88.1355,13.2173
31.3042,0.73023,0,0.73023,0.78,14.7035,1390,3,0,3616,85.6413,88.1491,13.2163
31.3249,0.183855,0,0.183855,0.78,14.7035,20,0,0,3616,85.6413,88.1491,13.2152
31.3284,0.057708,0,0.057708,0.76,14.3265,20,0,0,3616,85.6413,88.1491,13.2152
31.3491,0.087773,0,0.087773,0.76,14.3265,20,0,0,3616,85.6413,88.1491,13.2152
31.3525,0.62101,0,0.62101,0.74,13.9495,2236,1,0,3617,85.6796,88.1866,13.2152
31.3733,0.539287,0,0.539287,0.74,13.9495,930,0,0,3618,85.681,88.1874,13.2141
31.3799,0.015633,0,0.015633,0.72,13.5725,20,0,0,3618,85.681,88.1874,13.2131
31.3996,0.636146,0,0.636146,0.72,13.5725,1720,0,0,3619,85.7043,88.21,13.2131
31.403,0.61151,0,0.61151,0.7,13.1955,1140,0,0,3620,85.7116,88.2166,13.212
31.4239,0.624821,0,0.624821,0.7,13.1955,1720,0,0,3621,85.7349,88.2392,13.2109
31.4267,0.035152,0,0.035152,0.68,12.8184,20,0,0,3621,85.7349,88.2392,13.2099
31.4484,0.164981,0,0.164981,0.68,12.8184,20,0,0,3621,85.7349,88.2392,13.2099
31.4541,1.27464,0,1.27464,0.66,12.4414,2384,0,0,3622,85.7769,88.2805,13.2099
31.4742,1.17413,0,1.17413,0.66,12.4414,1800,0,0,3623,85.8026,88.3055,13.2088
31.4831,1.06283,0,1.06283,0.64,12.0644,1550,2,0,3624,85.8212,88.3234,13.2077
31.5014,0.565507,0,0.565507,0.64,12.0644,1320,2,0,3625,85.8334,88.3349,13.2067
31.5072,0.205792,0,0.205792,0.62,11.6874,20,0,0,3625,85.8334,88.3349,13.2056
31.5295,0.990797,0,0.990797,0.62,11.6874,2124,0,0,3626,85.8682,88.369,13.2056
31.5355,0.09955,0,0.09955,0.6,11.3104,20,0,0,3626,85.8682,88.369,13.2045
31.5576,1.17909,0,1.17909,0.6,11.3104,1770,0,0,3627,85.8927,88.3929,13.2045
31.5609,0.049017,0,0.049017,0.58,10.9334,20,0,0,3627,85.8927,88.3929,13.2035
31.5821,0.404088,0,0.404088,0.58,10.9334,940,1,0,3628,85.8944,88.3939,13.2035
31.5853,0.464888,0,0.464888,0.56,10.5564,2050,0,0,3629,85.9267,88.4255,13.2024
31.6052,0.174041,0,0.174041,0.56,10.5564,76,0,0,3629,85.9267,88.4255,13.2013
31.6084,0.311764,0,0.311764,0.54,10.1794,1040,0,0,3630,85.9311,88.4292,13.2013
31.6294,0.483177,0,0.483177,0.54,10.1794,1252,1,0,3631,85.9449,88.4423,13.2003
31.6346,0.880635,0,0.880635,0.52,9.80234,1400,1,0,3632,85.9593,88.4559,13.1992
31.655,0.345629,0,0.345629,0.52,9.80234,920,0,0,3633,85.9604,88.4564,13.1981
31.6582,0.740129,0,0.740129,0.5,9.42533,1270,0,0,3634,85.9711,88.4664,13.1971
31.6799,0.907895,0,0.907895,0.5,9.42533,1660,0,0,3635,85.9926,88.4872,13.196
31.6831,0.017189,0,0.017189,0.48,9.04832,20,0,0,3635,85.9926,88.4872,13.1949
31.7036,0.430715,0,0.430715,0.48,9.04832,1050,0,0,3636,85.9972,88.4912,13.1949
31.7077,0.619392,0,0.619392,0.46,8.6713,1320,0,0,3637,86.0093,88.5026,13.1939
31.7285,0.754958,0,0.754958,0.46,8.6713,990,0,0,3638,86.0124,88.5049,13.1928
31.7347,0.597403,0,0.597403,0.44,8.29429,1400,0,0,3639,86.0311,88.5229,13.1918
31.7551,0.059484,0,0.059484,0.44,8.29429,20,0,0,3639,86.0311,88.5229,13.1907
31.7587,0.595733,0,0.595733,0.42,7.91728,1040,0,0,3640,86.0354,88.5266,13.1907
31.7798,0.698578,0,0.698578,0.42,7.91728,980,0,0,3641,86.0382,88.5287,13.1896
31.7868,1.04503,0,1.04503,0.4,7.54026,1840,1,0,3642,86.0645,88.5544,13.1886
31.8059,0.013918,0,0.013918,0.4,7.54026,20,0,0,3642,86.0645,88.5544,13.1875
31.8121,0.097991,0,0.097991,0.38,7.16325,20,0,0,3642,86.0645,88.5544,13.1875
31.832,0.920775,0,0.920775,0.38,7.16325,1340,0,0,3643,86.0771,88.5663,13.1875
31.8375,0.327963,0,0.327963,0.36,6.78624,1020,0,0,3644,86.081,88.5694,13.1865
31.8588,0.084552,0,0.084552,0.36,6.78624,20,0,0,3644,86.081,88.5694,13.1854
31.9244,60.4564,60.4092,0.047195,0.34,6.40922,40931,99,0,3644,85.9684,88.4822,13.1854
31.9278,0.006532,0,0.006532,0.32,6.03221,20,0,0,3644,85.9684,88.4822,13.1854
31.9489,0.555223,0,0.555223,0.32,6.03221,2018,0,0,3645,86.0005,88.5136,13.1854
31.952,0.047822,0,0.047822,0.3,5.6552,20,0,0,3645,86.0005,88.5136,13.1843
31.9735,0.535922,0,0.535922,0.3,5.6552,1300,0,0,3646,86.0121,88.5244,13.1843
31.9771,0.034245,0,0.034245,0.28,5.27818,20,0,0,3646,86.0121,88.5244,13.1833
31.9973,0.012404,0,0.012404,0.28,5.27818,20,0,0,3646,86.0121,88.5244,13.1833
32.0007,0.164951,0,0.164951,0.26,4.90117,630,0,0,3647,86.0052,88.5169,13.1833
32.0222,0.44477,0,0.44477,0.26,4.90117,910,2,0,3648,86.006,88.517,13.1822
32.0263,0.055061,0,0.055061,0.24,4.52416,20,0,0,3648,86.006,88.517,13.1812
32.0482,0.882469,0,0.882469,0.24,4.52416,1770,0,0,3649,86.0304,88.5407,13.1812
32.0534,0.661857,0,0.661857,0.22,4.14714,1600,0,0,3650,86.0501,88.5597,13.1801
32.0741,0.455222,0,0.455222,0.22,4.14714,960,0,0,3651,86.0523,88.5612,13.1791
32.0775,0.46116,0,0.46116,0.2,3.77013,2070,0,0,3652,86.0849,88.5931,13.178
32.0973,0.094975,0,0.094975,0.2,3.77013,20,0,0,3652,86.0849,88.5931,13.1769
32.1005,0.226845,0,0.226845,0.18,3.39312,1010,0,0,3653,86.0884,88.5959,13.1769
32.1215,0.064255,0,0.064255,0.18,3.39312,20,0,0,3653,86.0884,88.5959,13.1759
32.1267,0.753963,0,0.753963,0.16,3.01611,1260,0,0,3654,86.0988,88.6056,13.1759
32.1474,0.064603,0,0.064603,0.16,3.01611,20,0,0,3654,86.0988,88.6056,13.1748
32.1538,0.827746,0,0.827746,0.14,2.63909,1390,1,0,3655,86.1127,88.6189,13.1748
32.1749,0.174656,0,0.174656,0.14,2.63909,20,0,0,3655,86.1127,88.6189,13.1738
32.1803,0.094859,0,0.094859,0.12,2.26208,20,0,0,3655,86.1127,88.6189,13.1738
32.2009,0.536051,0,0.536051,0.12,2.26208,1380,0,0,3656,86.1264,88.6318,13.1738
32.2042,0.039111,0,0.039111,0.1,1.88507,20,0,0,3656,86.1264,88.6318,13.1727
32.2253,1.08664,0,1.08664,0.1,1.88507,1380,0,0,3657,86.14,88.6448,13.1727
32.23,0.506223,0,0.506223,0.08,1.50805,1230,0,0,3658,86.1495,88.6536,13.1717
32.2524,1.05177,0,1.05177,0.08,1.50805,1530,0,0,3659,86.1673,88.6707,13.1706
32.257,0.193463,0,0.193463,0.06,1.13104,440,0,0,3660,86.1552,88.6579,13.1696
32.2777,0.31226,0,0.31226,0.06,1.13104,1020,0,0,3661,86.159,88.661,13.1685
32.2805,0.098647,0,0.098647,0.04,0.754026,20,0,0,3661,86.159,88.661,13.1674
32.3011,0.621157,0,0.621157,0.04,0.754026,1910,0,0,3662,86.1871,88.6884,13.1674
