elapsed_s,total_latency_ms,update_ms,plan_ms,time_to_goal,path_cost,obstacle_checks,queue_operations,collision_count,tree_size,avg_deg_out,avg_deg_in,radius
0.146585,146.13,43.2502,102.88,25,159.025,18434,754,0,601,12.9285,12.9285,40
0.151652,3.62432,0,3.62432,24.98,170.704,151,2,0,603,12.9784,12.9784,40
0.174746,6.43962,0,6.43962,24.98,170.704,352,4,0,605,13.1372,13.1372,40
0.183153,7.61826,0,7.61826,24.96,170.548,295,4,0,609,13.2266,13.2266,40
0.206249,10.1724,0,10.1724,24.96,170.548,449,4,0,612,13.3399,13.3399,40
0.210103,3.10961,0,3.10961,24.94,170.392,90,6,0,615,13.3252,13.3252,40
0.230562,3.09924,0,3.09924,24.94,170.392,60,2,0,617,13.2901,13.2901,40
0.231472,0.245165,0,0.245165,24.92,170.236,36,0,0,617,13.2901,13.2901,40
0.257229,5.62243,0,5.62243,24.92,170.236,196,0,0,619,13.3215,13.3215,40
0.25888,0.739471,0,0.739471,24.9,170.08,46,2,0,620,13.3145,13.3145,40
0.287732,9.28237,0,9.28237,24.9,170.08,178,4,0,622,13.4212,13.4212,40
0.293727,4.82074,0,4.82074,24.88,169.923,105,4,0,624,13.4375,13.4375,40
0.314891,5.75307,0,5.75307,24.88,169.923,271,8,0,627,13.4817,13.4817,40
0.329338,13.4586,0,13.4586,24.86,169.765,691,25,0,631,13.5753,13.5753,40
0.341236,4.90801,0,4.90801,24.86,169.765,85,6,0,634,13.5899,13.5899,40
0.347677,5.20586,0,5.20586,24.84,169.608,81,5,0,637,13.5965,13.5965,40
0.367591,4.7146,0,4.7146,24.84,169.608,287,2,0,639,13.6291,13.6291,40
0.372403,3.8013,0,3.8013,24.82,169.45,98,4,0,641,13.6693,13.6693,40
0.395089,6.03706,0,6.03706,24.82,169.45,174,4,0,643,13.7574,13.7574,40
0.398051,1.93905,0,1.93905,24.8,169.291,40,0,0,644,13.7391,13.7391,40
0.422205,5.81108,0,5.81108,24.8,169.291,97,6,0,646,13.7647,13.7647,40
0.424354,1.03227,0,1.03227,24.78,169.132,36,0,0,646,13.7647,13.7647,40
0.451463,7.48464,0,7.48464,24.78,169.132,115,0,0,648,13.7593,13.7593,40
0.455109,2.48167,0,2.48167,24.76,168.972,46,2,0,649,13.7396,13.7396,40
0.481054,7.86159,0,7.86159,24.76,168.972,146,3,0,652,13.7929,13.7929,40
0.486517,3.87117,0,3.87117,24.74,168.812,133,6,0,654,13.8517,13.8517,40
0.519216,16.1775,0,16.1775,24.74,168.812,341,2,0,656,13.9863,13.9863,40
0.529366,8.36317,0,8.36317,24.72,168.651,165,0,0,659,13.9772,13.9772,40
0.545221,4.16257,0,4.16257,24.72,168.651,51,2,0,660,13.9636,13.9636,40
0.555941,9.33275,0,9.33275,24.7,168.489,145,4,0,661,14.053,14.053,40
0.568973,1.9997,0,1.9997,24.7,168.489,42,0,0,661,14.053,14.053,40
0.576289,5.91483,0,5.91483,24.68,168.327,52,2,0,662,14.1073,14.1073,40
0.599023,8.15541,0,8.15541,24.68,168.327,164,3,0,666,14.0781,14.0781,40
0.605129,4.56738,0,4.56738,24.66,168.163,52,2,0,667,14.0705,14.0705,40
0.625893,4.82875,0,4.82875,24.66,168.163,162,5,0,670,14.0493,14.0493,40
0.631188,3.53477,0,3.53477,24.64,167.999,82,2,0,671,14.0551,14.0551,40
0.649359,1.70552,0,1.70552,24.64,167.999,82,6,0,673,14.0475,14.0475,40
0.657121,6.61438,0,6.61438,24.62,167.833,319,10,0,678,14.115,14.115,40
0.677195,5.88503,0,5.88503,24.62,167.833,187,4,0,680,14.1897,14.1897,40
0.690573,12.1589,0,12.1589,24.6,167.667,305,2,0,683,14.2064,14.2064,40
0.703033,3.95948,0,3.95948,24.6,167.667,71,2,0,684,14.2061,14.2061,40
0.715122,10.5067,0,10.5067,24.58,167.5,409,8,0,686,14.395,14.395,40
0.732255,7.25186,0,7.25186,24.58,167.5,350,4,0,689,14.4659,14.4659,40
0.734362,0.766084,0,0.766084,24.56,167.331,52,0,0,689,14.4659,14.4659,40
0.760053,6.00569,0,6.00569,24.56,167.331,323,4,0,692,14.5405,14.5405,40
0.768707,7.37671,0,7.37671,24.54,167.162,171,9,0,695,14.5741,14.5741,40
0.783278,1.65908,0,1.65908,24.54,167.162,82,3,0,696,14.5733,14.5733,40
0.789843,5.25308,0,5.25308,24.52,166.991,277,5,0,699,14.6681,14.6681,40
0.806592,1.65371,0,1.65371,24.52,166.991,123,1,0,701,14.6491,14.6491,40
0.818226,10.4843,0,10.4843,24.5,166.819,754,29,0,704,14.7244,14.7244,40
0.830108,1.72241,0,1.72241,24.5,166.819,96,2,0,706,14.7139,14.7139,40
0.838811,7.02988,0,7.02988,24.48,166.646,230,3,0,710,14.7254,14.7254,40
0.854996,2.77782,0,2.77782,24.48,166.646,184,0,0,711,14.7525,14.7525,40
0.865963,9.53669,0,9.53669,24.46,166.471,279,6,0,715,14.8084,14.8084,40
0.87792,1.17414,0,1.17414,24.46,166.471,54,0,0,716,14.7891,14.7891,40
0.880955,1.91013,0,1.91013,24.44,166.295,67,1,0,718,14.766,14.766,40
0.900298,0.635106,0,0.635106,24.44,166.295,44,0,0,718,14.766,14.766,40
0.903274,1.66516,0,1.66516,24.42,166.118,68,1,0,720,14.7375,14.7375,40
0.923614,1.25422,0,1.25422,24.42,166.118,54,2,0,721,14.7212,14.7212,40
0.925933,0.422419,0,0.422419,24.4,165.939,44,0,0,721,14.7212,14.7212,40
0.95294,7.31214,0,7.31214,24.4,165.939,130,6,0,724,14.7928,14.7928,40
0.967035,12.3666,0,12.3666,24.38,165.759,366,23,0,728,14.8173,14.8173,40
0.987061,12.5385,0,12.5385,24.38,165.759,357,4,0,731,14.8235,14.8235,40
0.992895,4.44238,0,4.44238,24.36,165.578,95,4,0,733,14.8281,14.8281,40
1.01271,4.09844,0,4.09844,24.36,165.578,154,5,0,735,14.8299,14.8299,40
1.01986,5.35354,0,5.35354,24.34,165.395,107,5,0,738,14.8008,14.8008,40
1.03523,0.584862,0,0.584862,24.34,165.395,44,0,0,738,14.8008,14.8008,40
1.04454,7.69174,0,7.69174,24.32,165.21,88,4,0,740,14.8365,14.8365,40
1.06418,6.92032,0,6.92032,24.32,165.21,195,4,0,743,14.8291,14.8291,40
1.07103,5.13719,0,5.13719,24.3,165.024,137,3,0,746,14.7949,14.7949,40
1.08864,2.20726,0,2.20726,24.3,165.024,67,3,0,748,14.7634,14.7634,40
1.10247,11.8636,0,11.8636,24.28,164.836,485,4,0,752,14.8551,14.8551,40
1.12825,17.5764,0,17.5764,24.28,164.836,551,2,0,754,15.0199,15.0199,40
1.13144,1.73918,0,1.73918,24.26,164.646,59,2,0,755,15.0159,15.0159,40
1.15485,4.78137,0,4.78137,24.26,164.646,111,2,0,757,15.037,15.037,40
1.15917,3.05309,0,3.05309,24.24,164.455,137,2,0,758,15.0818,15.0818,40
1.1864,9.8503,0,9.8503,24.24,164.455,253,6,0,762,15.1115,15.1115,40
1.19537,7.24161,0,7.24161,24.22,164.262,180,6,0,765,15.1974,15.1974,40
1.21564,7.49016,0,7.49016,24.22,164.262,354,2,0,767,15.2947,15.2947,40
1.22402,6.39562,0,6.39562,24.2,164.068,312,8,0,768,15.3333,15.3333,40
1.23912,1.46821,0,1.46821,24.2,164.068,44,0,0,768,15.3333,15.3333,40
1.2421,1.71525,0,1.71525,24.18,163.872,103,2,0,770,15.3195,15.3195,40
1.27212,11.1944,0,11.1944,24.18,163.872,300,6,0,773,15.4062,15.4062,40
1.27809,4.21598,0,4.21598,24.16,163.676,144,2,0,774,15.4612,15.4612,40
1.30136,7.04946,0,7.04946,24.16,163.676,211,2,0,775,15.5252,15.5252,40
1.30563,2.69125,0,2.69125,24.14,163.479,135,5,0,776,15.5464,15.5464,40
1.33477,11.3781,0,11.3781,24.14,163.479,258,10,0,778,15.5501,15.5501,40
1.34037,3.90408,0,3.90408,24.12,163.282,58,1,0,780,15.5167,15.5167,40
1.36934,12.3242,0,12.3242,24.12,163.282,204,6,0,784,15.5255,15.5255,40
1.38037,9.66279,0,9.66279,24.1,163.085,146,2,0,785,15.6115,15.6115,40
1.39194,0.824696,0,0.824696,24.1,163.085,46,0,0,785,15.6115,15.6115,40
1.39813,4.32244,0,4.32244,24.08,162.888,125,2,0,786,15.6361,15.6361,40
1.41709,2.97934,0,2.97934,24.08,162.888,132,3,0,788,15.6472,15.6472,40
1.42144,3.17849,0,3.17849,24.06,162.69,223,1,0,789,15.6895,15.6895,40
1.44461,5.79263,0,5.79263,24.06,162.69,56,2,0,790,15.6709,15.6709,40
1.45329,6.78371,0,6.78371,24.04,162.491,312,3,0,792,15.7222,15.7222,40
1.47031,4.08969,0,4.08969,24.04,162.491,90,2,0,794,15.7368,15.7368,40
1.47649,4.94472,0,4.94472,24.02,162.293,334,27,0,795,15.8025,15.8025,40
1.49435,2.18908,0,2.18908,24.02,162.293,56,2,0,796,15.8003,15.8003,40
1.50117,5.71546,0,5.71546,24,162.104,69,2,0,798,15.8108,15.8108,40
1.51919,3.03882,0,3.03882,24,162.104,46,0,0,798,15.8108,15.8108,40
1.52169,1.48133,0,1.48133,23.98,161.928,84,1,0,800,15.7788,15.7788,40
1.54385,3.06856,0,3.06856,23.98,161.928,226,7,0,802,15.7781,15.7781,40
1.54999,4.12153,0,4.12153,23.96,161.752,132,7,0,806,15.7655,15.7655,40
1.56718,0.911529,0,0.911529,23.96,161.752,64,0,0,806,15.7655,15.7655,40
1.57036,1.65805,0,1.65805,23.94,161.6,100,2,0,809,15.7379,15.7379,40
1.59187,2.45833,0,2.45833,23.94,161.6,74,1,0,810,15.7296,15.7296,40
1.59685,2.44179,0,2.44179,23.92,161.455,83,2,0,811,15.7139,15.7139,40
1.61904,3.7653,0,3.7653,23.92,161.455,165,3,0,813,15.69,15.69,40
1.62228,2.09431,0,2.09431,23.9,161.309,164,1,0,814,15.7322,15.7322,40
1.64645,5.63208,0,5.63208,23.9,161.309,111,2,0,816,15.7451,15.7451,40
1.65846,9.27786,0,9.27786,23.88,161.164,524,18,0,817,15.7797,15.7797,40
1.67126,2.04941,0,2.04941,23.88,161.164,74,1,0,818,15.7738,15.7738,40
1.68333,9.66036,0,9.66036,23.86,161.019,227,4,0,821,15.7381,15.7381,40
1.69643,2.53309,0,2.53309,23.86,161.019,96,2,0,822,15.7275,15.7275,40
1.70585,7.08232,0,7.08232,23.84,160.873,152,7,0,826,15.7397,15.7397,40
1.73051,11.3321,0,11.3321,23.84,160.873,294,4,0,830,15.7361,15.7361,40
1.73935,6.75671,0,6.75671,23.82,160.728,142,4,0,832,15.7945,15.7945,40
1.75853,5.61913,0,5.61913,23.82,160.728,317,3,0,835,15.8898,15.8898,40
1.76507,4.66656,0,4.66656,23.8,160.582,104,0,0,836,15.8804,15.8804,40
1.78309,2.0046,0,2.0046,23.8,160.582,96,1,0,838,15.8616,15.8616,40
1.8031,18.624,0,18.624,23.78,160.437,1789,81,0,839,15.9583,15.9583,40
1.80754,2.83933,0,2.83933,23.76,160.292,129,4,0,841,15.9691,15.9691,40
1.83112,5.95728,0,5.95728,23.76,160.292,135,3,0,844,15.9633,15.9633,40
1.8395,6.94734,0,6.94734,23.74,160.146,161,4,0,846,15.9551,15.9551,40
1.85558,2.21375,0,2.21375,23.74,160.146,101,2,0,847,15.9481,15.9481,40
1.86241,4.82031,0,4.82031,23.72,160.001,129,5,0,850,15.9376,15.9376,40
1.88644,8.48135,0,8.48135,23.72,160.001,134,6,0,852,15.939,15.939,40
1.89078,2.61176,0,2.61176,23.7,159.856,202,4,0,853,15.9695,15.9695,40
1.92608,17.1922,0,17.1922,23.7,159.856,417,4,0,856,16.1285,16.1285,40
1.92915,1.03078,0,1.03078,23.68,159.71,81,0,0,856,16.1285,16.1285,40
1.95239,3.73254,0,3.73254,23.68,159.71,81,0,0,856,16.1285,16.1285,40
1.96087,6.49821,0,6.49821,23.66,159.565,140,6,0,859,16.1222,16.1222,40
1.9814,6.56299,0,6.56299,23.66,159.565,142,4,0,861,16.1034,16.1034,40
1.99317,10.0535,0,10.0535,23.64,159.419,212,2,0,862,16.2274,16.2274,40
2.0042,0.709805,0,0.709805,23.64,159.419,81,0,0,862,16.2274,16.2274,40
2.01102,5.06031,0,5.06031,23.62,159.274,134,4,0,865,16.2971,16.2971,40
2.0306,4.03337,0,4.03337,23.62,159.274,150,6,0,867,16.3091,16.3091,40
2.03857,6.49567,0,6.49567,23.6,159.129,252,7,0,870,16.3517,16.3517,40
2.05489,1.86583,0,1.86583,23.6,159.129,99,2,0,872,16.3326,16.3326,40
2.05711,0.636645,0,0.636645,23.58,158.983,81,0,0,872,16.3326,16.3326,40
2.08334,5.94859,0,5.94859,23.58,158.983,322,3,0,873,16.378,16.378,40
2.08931,4.00204,0,4.00204,23.56,158.838,174,2,0,875,16.3794,16.3794,40
2.10732,1.10749,0,1.10749,23.56,158.838,82,0,0,875,16.3794,16.3794,40
2.12003,10.3609,0,10.3609,23.54,158.693,444,4,0,876,16.4817,16.4817,40
2.13361,3.69814,0,3.69814,23.54,158.693,210,1,0,878,16.508,16.508,40
2.14885,13.3587,0,13.3587,23.52,158.547,170,4,0,880,16.5341,16.5341,40
2.15971,3.83666,0,3.83666,23.52,158.547,121,2,0,882,16.5249,16.5249,40
2.17254,10.9541,0,10.9541,23.5,158.402,406,8,0,884,16.629,16.629,40
2.18686,4.78695,0,4.78695,23.5,158.402,156,6,0,887,16.6302,16.6302,40
2.18892,0.663555,0,0.663555,23.48,158.256,82,0,0,887,16.6302,16.6302,40
2.21597,7.12402,0,7.12402,23.48,158.256,304,5,0,891,16.6723,16.6723,40
2.23342,15.8314,0,15.8314,23.46,158.111,534,15,0,894,16.8289,16.8289,40
2.24226,3.85333,0,3.85333,23.46,158.111,208,4,0,897,16.845,16.845,40
2.24916,4.94149,0,4.94149,23.44,157.966,271,4,0,899,16.8732,16.8732,40
2.26978,5.14157,0,5.14157,23.44,157.966,108,2,0,900,16.8822,16.8822,40
2.27783,6.19179,0,6.19179,23.42,157.82,182,2,0,902,16.898,16.898,40
2.30642,14.3781,0,14.3781,23.42,157.82,466,4,0,904,17.0243,17.0243,40
2.31103,2.61467,0,2.61467,23.4,157.675,124,4,0,906,17.0298,17.0298,40
2.33476,5.95383,0,5.95383,23.4,157.675,197,10,0,909,17.0033,17.0033,40
2.33976,3.07379,0,3.07379,23.38,157.53,164,0,0,911,16.9835,16.9835,40
2.36925,12.2078,0,12.2078,23.38,157.53,247,5,0,914,17.0098,17.0098,40
2.37434,3.05093,0,3.05093,23.36,157.384,159,7,0,918,16.9837,16.9837,40
2.39786,6.24278,0,6.24278,23.36,157.384,205,5,0,921,17.0228,17.0228,40
2.4036,4.10241,0,4.10241,23.34,157.239,165,2,0,923,17.0303,17.0303,40
2.42547,5.13475,0,5.13475,23.34,157.239,127,2,0,924,17.0639,17.0639,40
2.43319,5.8151,0,5.8151,23.32,157.093,181,3,0,926,17.094,17.094,40
2.45172,3.71002,0,3.71002,23.32,157.093,353,0,0,927,17.109,17.109,40
2.45895,5.2531,0,5.2531,23.3,156.948,215,1,0,929,17.1216,17.1216,40
2.47983,5.56558,0,5.56558,23.3,156.948,255,2,0,930,17.1591,17.1591,40
2.48608,4.47567,0,4.47567,23.28,156.803,149,5,0,934,17.1424,17.1424,40
2.50503,2.59537,0,2.59537,23.28,156.803,115,2,0,935,17.1369,17.1369,40
2.50966,2.19435,0,2.19435,23.26,156.657,96,0,0,936,17.1218,17.1218,40
2.53074,3.00426,0,3.00426,23.26,156.657,110,2,0,937,17.1089,17.1089,40
2.53892,5.4257,0,5.4257,23.24,156.512,177,5,0,940,17.1532,17.1532,40
2.56263,9.02724,0,9.02724,23.24,156.512,428,8,0,942,17.2006,17.2006,40
2.567,1.61129,0,1.61129,23.22,156.367,104,0,0,943,17.1866,17.1866,40
2.58717,1.61633,0,1.61633,23.22,156.367,114,2,0,944,17.1769,17.1769,40
2.5895,0.666367,0,0.666367,23.2,156.221,93,0,0,944,17.1769,17.1769,40
2.61667,6.48636,0,6.48636,23.2,156.221,115,3,0,946,17.1638,17.1638,40
2.62128,3.11479,0,3.11479,23.18,156.076,153,3,0,949,17.1538,17.1538,40
2.64402,4.9334,0,4.9334,23.18,156.076,122,1,0,950,17.1505,17.1505,40
2.6533,6.51936,0,6.51936,23.16,155.93,343,6,0,952,17.2311,17.2311,40
2.67915,11.6893,0,11.6893,23.16,155.93,140,3,0,955,17.2241,17.2241,40
2.68323,1.56336,0,1.56336,23.14,155.785,134,2,0,956,17.2176,17.2176,40
2.70729,5.3234,0,5.3234,23.14,155.785,208,4,0,959,17.268,17.268,40
2.7094,0.543375,0,0.543375,23.12,155.64,104,0,0,959,17.268,17.268,40
2.73606,6.45891,0,6.45891,23.12,155.64,289,4,0,962,17.2744,17.2744,40
2.73912,1.34185,0,1.34185,23.1,155.494,114,2,0,963,17.2856,17.2856,40
2.78133,22.984,0,22.984,23.1,155.494,1428,51,0,968,17.5,17.5,40
2.79401,10.931,0,10.931,23.08,155.349,889,1,0,971,17.5489,17.5489,40
2.80916,5.33565,0,5.33565,23.08,155.349,318,6,0,973,17.6516,17.6516,40
2.81456,3.79403,0,3.79403,23.06,155.204,205,4,0,975,17.7077,17.7077,40
2.83623,4.70017,0,4.70017,23.06,155.204,193,4,0,977,17.738,17.738,40
2.84049,2.67132,0,2.67132,23.04,155.058,153,6,0,979,17.7191,17.7191,40
2.86467,6.12667,0,6.12667,23.04,155.058,161,2,0,980,17.7551,17.7551,40
2.8731,6.6566,0,6.6566,23.02,154.913,328,4,0,984,17.752,17.752,40
2.8921,5.18982,0,5.18982,23.02,154.913,133,4,0,986,17.7323,17.7323,40
2.89874,4.61898,0,4.61898,23,154.767,151,1,0,987,17.7264,17.7264,40
2.91717,2.43569,0,2.43569,23,154.767,159,3,0,989,17.7371,17.7371,40
2.92009,0.921332,0,0.921332,22.98,154.622,129,1,0,990,17.7283,17.7283,40
2.94181,1.74411,0,1.74411,22.98,154.622,134,2,0,991,17.7286,17.7286,40
2.95048,6.27168,0,6.27168,22.96,154.477,130,0,0,993,17.6999,17.6999,40
2.96908,4.19606,0,4.19606,22.96,154.477,198,2,0,995,17.7568,17.7568,40
2.97475,4.06402,0,4.06402,22.94,154.331,149,4,0,998,17.7315,17.7315,40
2.99326,1.74712,0,1.74712,22.94,154.331,126,0,0,999,17.7167,17.7167,40
2.99998,4.0174,0,4.0174,22.92,154.186,419,25,0,1000,17.734,17.734,40
3.01646,0.540076,0,0.540076,22.92,154.186,125,0,0,1000,17.734,17.734,40
3.02029,1.83842,0,1.83842,22.9,154.041,125,0,0,1000,17.734,17.734,40
3.04615,6.34368,0,6.34368,22.9,154.041,125,0,0,1000,17.734,17.734,40
3.06822,20.1063,0,20.1063,22.88,153.895,811,9,0,1004,18.0468,18.0468,40
3.07462,4.07264,0,4.07264,22.86,153.75,170,4,0,1006,18.0676,18.0676,40
3.10142,10.5789,0,10.5789,22.86,153.75,415,2,0,1007,18.1897,18.1897,40
3.11243,8.76163,0,8.76163,22.84,153.604,221,8,0,1010,18.2663,18.2663,40
3.13397,9.97315,0,9.97315,22.84,153.604,209,4,0,1012,18.2757,18.2757,40
3.14127,5.15925,0,5.15925,22.82,153.459,314,5,0,1014,18.287,18.287,40
3.16642,9.85463,0,9.85463,22.82,153.459,571,2,0,1016,18.4262,18.4262,40
3.17354,4.95345,0,4.95345,22.8,153.314,124,2,0,1017,18.4612,18.4612,40
3.19236,3.43981,0,3.43981,22.8,153.314,207,3,0,1019,18.473,18.473,40
3.19688,2.52586,0,2.52586,22.78,153.168,124,2,0,1020,18.4627,18.4627,40
3.21592,0.8515,0,0.8515,22.78,153.168,114,0,0,1020,18.4627,18.4627,40
3.22449,6.64778,0,6.64778,22.76,153.023,183,4,0,1023,18.4409,18.4409,40
3.25312,14.2224,0,14.2224,22.76,153.023,235,10,0,1028,18.4455,18.4455,40
3.25913,4.31058,0,4.31058,22.74,152.877,180,3,0,1031,18.418,18.418,40
3.27996,4.24676,0,4.24676,22.74,152.877,216,4,0,1033,18.4172,18.4172,40
3.28303,0.809995,0,0.809995,22.72,152.732,94,0,0,1033,18.4172,18.4172,40
3.30438,1.42857,0,1.42857,22.72,152.732,104,2,0,1034,18.4207,18.4207,40
3.31156,5.32726,0,5.32726,22.7,152.587,159,2,0,1035,18.4386,18.4386,40
3.33675,9.37605,0,9.37605,22.7,152.587,224,6,0,1036,18.499,18.499,40
3.38118,42.7596,0,42.7596,22.68,152.441,5216,232,0,1039,18.6131,18.6131,40
3.38746,3.93768,0,3.93768,22.66,152.296,133,5,0,1042,18.5854,18.5854,40
3.40701,2.83401,0,2.83401,22.66,152.296,112,2,0,1043,18.5944,18.5944,40
3.40955,0.605758,0,0.605758,22.64,152.151,101,0,0,1043,18.5944,18.5944,40
3.43943,9.75344,0,9.75344,22.64,152.151,176,2,0,1045,18.5732,18.5732,40
3.45457,13.4917,0,13.4917,22.62,152.005,410,8,0,1049,18.6606,18.6606,40
3.47085,8.86277,0,8.86277,22.62,152.005,287,7,0,1053,18.7132,18.7132,40
3.47895,5.97482,0,5.97482,22.6,151.86,248,6,0,1056,18.7197,18.7197,40
3.49479,1.11517,0,1.11517,22.6,151.86,108,0,0,1056,18.7197,18.7197,40
3.50213,5.2966,0,5.2966,22.58,151.714,147,2,0,1058,18.7042,18.7042,40
3.52971,12.2331,0,12.2331,22.58,151.714,410,8,0,1062,18.7994,18.7994,40
3.53879,7.07419,0,7.07419,22.56,152.969,189,7,0,1066,18.8039,18.8039,40
3.55655,4.29027,0,4.29027,22.56,152.969,145,0,0,1067,18.806,18.806,40
3.5636,4.9223,0,4.9223,22.54,164.406,132,4,0,1070,18.7729,18.7729,40
3.58313,3.97458,0,3.97458,22.54,164.406,216,6,0,1071,18.8021,18.8021,40
3.5918,6.1646,0,6.1646,22.52,152.818,209,4,0,1074,18.8156,18.8156,40
3.61233,5.96497,0,5.96497,22.52,152.818,137,1,0,1076,18.803,18.803,40
3.6165,1.96399,0,1.96399,22.5,152.604,142,4,0,1077,18.8171,18.8171,40
3.63734,2.0615,0,2.0615,22.5,152.604,104,0,0,1077,18.8171,18.8171,40
3.64116,2.12519,0,2.12519,22.48,152.389,192,0,0,1079,18.8109,18.8109,40
3.66411,4.02623,0,4.02623,22.48,152.389,145,2,0,1080,18.813,18.813,40
3.67164,4.7092,0,4.7092,22.46,152.175,116,1,0,1082,18.8216,18.8216,40
3.69333,6.01684,0,6.01684,22.46,152.175,118,3,0,1084,18.8524,18.8524,40
3.71234,16.1264,0,16.1264,22.44,151.961,449,8,0,1087,18.965,18.965,40
3.73868,22.3725,0,22.3725,22.44,151.961,799,2,0,1090,19.0844,19.0844,40
3.75732,16.815,0,16.815,22.42,151.746,1064,20,0,1093,19.1583,19.1583,40
3.76665,5.45044,0,5.45044,22.42,151.746,148,3,0,1095,19.1991,19.1991,40
3.77183,3.52234,0,3.52234,22.4,151.533,145,4,0,1097,19.1951,19.1951,40
3.81803,28.8114,0,28.8114,22.4,151.533,2483,58,0,1098,19.2359,19.2359,40
3.83761,17.4045,0,17.4045,22.38,151.32,1061,18,0,1102,19.2822,19.2822,40
3.84182,1.66504,0,1.66504,22.38,151.32,155,0,0,1103,19.2937,19.2937,40
3.84717,3.22845,0,3.22845,22.36,151.109,90,1,0,1104,19.3053,19.3053,40
3.8657,1.07328,0,1.07328,22.36,151.109,80,0,0,1105,19.2887,19.2887,40
3.87045,2.88835,0,2.88835,22.34,150.898,147,2,0,1106,19.3047,19.3047,40
3.88948,0.999391,0,0.999391,22.34,150.898,90,1,0,1107,19.2954,19.2954,40
3.89548,4.07119,0,4.07119,22.32,150.689,110,3,0,1109,19.3282,19.3282,40
3.91651,4.3774,0,4.3774,22.32,150.689,323,1,0,1110,19.3459,19.3459,40
3.92724,8.5374,0,8.5374,22.3,150.48,204,7,0,1112,19.3624,19.3624,40
3.94201,3.17281,0,3.17281,22.3,150.48,133,0,0,1113,19.354,19.354,40
3.95638,12.5098,0,12.5098,22.28,150.273,330,8,0,1116,19.4848,19.4848,40
3.96571,0.939182,0,0.939182,22.28,150.273,73,0,0,1116,19.4848,19.4848,40
3.96913,1.22195,0,1.22195,22.26,150.066,74,0,0,1116,19.4848,19.4848,40
3.99165,2.95283,0,2.95283,22.26,150.066,127,3,0,1117,19.4781,19.4781,40
3.99623,2.70234,0,2.70234,22.24,149.86,141,2,0,1118,19.4955,19.4955,40
4.01975,5.577,0,5.577,22.24,149.86,82,2,0,1119,19.4808,19.4808,40
4.03107,9.01441,0,9.01441,22.22,149.671,169,1,0,1122,19.5107,19.5107,40
4.04912,6.84896,0,6.84896,22.22,149.671,94,2,0,1123,19.553,19.553,40
4.05368,2.15545,0,2.15545,22.2,149.49,107,1,0,1124,19.5472,19.5472,40
4.07335,1.62245,0,1.62245,22.2,149.49,100,1,0,1125,19.5351,19.5351,40
4.08572,10.5707,0,10.5707,22.18,149.309,308,2,0,1127,19.5945,19.5945,40
4.11311,17.1425,0,17.1425,22.18,149.309,403,27,0,1130,19.6487,19.6487,40
4.12714,12.3743,0,12.3743,22.16,149.13,137,3,0,1133,19.722,19.722,40
4.14688,11.3319,0,11.3319,22.16,149.13,228,3,0,1134,19.7831,19.7831,40
4.15318,4.73323,0,4.73323,22.14,148.951,73,0,0,1135,19.7665,19.7665,40
4.16947,0.522556,0,0.522556,22.14,148.951,72,0,0,1135,19.7665,19.7665,40
4.17503,3.5402,0,3.5402,22.12,148.773,83,1,0,1136,19.7544,19.7544,40
4.20192,10.1059,0,10.1059,22.12,148.773,224,10,0,1138,19.7346,19.7346,40
4.20679,3.23944,0,3.23944,22.1,148.595,150,2,0,1139,19.7656,19.7656,40
4.22526,0.981767,0,0.981767,22.1,148.595,73,0,0,1139,19.7656,19.7656,40
4.22974,2.21141,0,2.21141,22.08,148.418,83,1,0,1140,19.8079,19.8079,40
4.2565,8.87141,0,8.87141,22.08,148.418,347,5,0,1142,19.9063,19.9063,40
4.27629,17.2812,0,17.2812,22.06,199.02,1558,74,0,1144,19.9948,19.9948,40
4.28843,9.10854,0,9.10854,22.06,199.02,229,5,0,1147,19.9965,19.9965,40
4.29279,1.66679,0,1.66679,22.04,148.207,75,0,0,1147,19.9965,19.9965,40
4.31488,3.34156,0,3.34156,22.04,148.207,95,3,0,1149,19.9652,19.9652,40
4.3334,16.7246,0,16.7246,22.02,148.006,297,4,0,1152,20.099,20.099,40
4.34382,6.80777,0,6.80777,22.02,148.006,194,1,0,1154,20.1438,20.1438,40
4.3535,7.58135,0,7.58135,22,147.83,194,6,0,1157,20.14,20.14,40
4.37184,5.17088,0,5.17088,22,147.83,192,3,0,1159,20.1657,20.1657,40
4.37774,3.85184,0,3.85184,21.98,147.655,202,2,0,1161,20.1654,20.1654,40
4.39581,1.04068,0,1.04068,21.98,147.655,87,0,0,1161,20.1654,20.1654,40
4.40259,4.95306,0,4.95306,21.96,147.481,107,4,0,1163,20.2003,20.2003,40
4.43249,14.3359,0,14.3359,21.96,147.481,655,19,0,1165,20.2876,20.2876,40
4.43979,5.56179,0,5.56179,21.94,147.308,138,6,0,1169,20.2395,20.2395,40
4.45897,4.05527,0,4.05527,21.94,147.308,92,2,0,1171,20.222,20.222,40
4.49466,33.6533,0,33.6533,21.92,147.135,1353,49,0,1174,20.4225,20.4225,40
4.49748,0.456641,0,0.456641,21.9,146.963,77,0,0,1174,20.4225,20.4225,40
4.53245,14.867,0,14.867,21.9,146.963,363,11,0,1179,20.464,20.464,40
4.53874,4.61367,0,4.61367,21.88,146.791,98,4,0,1182,20.4289,20.4289,40
4.56606,10.9884,0,10.9884,21.88,146.791,170,2,0,1184,20.5228,20.5228,40
4.57104,3.33499,0,3.33499,21.86,146.62,96,3,0,1186,20.5008,20.5008,40
4.59449,5.85424,0,5.85424,21.86,146.62,282,2,0,1188,20.5741,20.5741,40
4.59969,3.27195,0,3.27195,21.84,146.449,104,1,0,1190,20.5496,20.5496,40
4.61853,1.21422,0,1.21422,21.84,146.449,76,0,0,1190,20.5496,20.5496,40
4.63098,10.2008,0,10.2008,21.82,146.279,392,14,0,1193,20.5868,20.5868,40
4.64255,1.48326,0,1.48326,21.82,146.279,91,1,0,1194,20.5704,20.5704,40
4.65294,7.82541,0,7.82541,21.8,146.109,171,4,0,1197,20.6349,20.6349,40
4.67231,6.89692,0,6.89692,21.8,146.109,216,5,0,1199,20.6706,20.6706,40
4.68631,11.8354,0,11.8354,21.78,176.836,1543,26,0,1200,20.6708,20.6708,40
4.6981,2.8904,0,2.8904,21.78,176.836,169,6,0,1202,20.6822,20.6822,40
4.70723,7.05928,0,7.05928,21.76,145.811,168,2,0,1205,20.6871,20.6871,40
4.72327,2.18605,0,2.18605,21.76,145.811,122,0,0,1206,20.6766,20.6766,40
4.74016,14.5667,0,14.5667,21.74,145.617,463,10,0,1209,20.8114,20.8114,40
4.7486,2.20007,0,2.20007,21.74,145.617,105,1,0,1210,20.8099,20.8099,40
4.76615,15.4827,0,15.4827,21.72,145.448,1149,33,0,1213,20.873,20.873,40
4.77254,1.31671,0,1.31671,21.72,145.448,105,1,0,1214,20.8715,20.8715,40
4.78286,8.37849,0,8.37849,21.7,176.233,226,7,0,1217,20.9195,20.9195,40
4.80054,5.09305,0,5.09305,21.7,176.233,307,3,0,1219,20.9647,20.9647,40
4.80677,3.77805,0,3.77805,21.68,145.152,194,2,0,1220,21.0148,21.0148,40
4.82984,5.92925,0,5.92925,21.68,145.152,120,3,0,1222,21.0008,21.0008,40
4.83389,2.15458,0,2.15458,21.66,144.96,120,2,0,1224,21.0114,21.0114,40
4.8709,18.2676,0,18.2676,21.66,144.96,649,4,0,1227,21.1337,21.1337,40
4.87855,5.43665,0,5.43665,21.64,144.792,331,2,0,1230,21.165,21.165,40
4.90732,13.1914,0,13.1914,21.64,144.792,343,6,0,1234,21.2601,21.2601,40
4.91922,9.57077,0,9.57077,21.62,144.626,154,4,0,1238,21.2124,21.2124,40
4.93646,6.82963,0,6.82963,21.62,144.626,133,3,0,1241,21.2071,21.2071,40
4.94345,5.10433,0,5.10433,21.6,175.482,399,14,0,1242,21.1908,21.1908,40
4.96711,7.79268,0,7.79268,21.6,175.482,202,0,0,1245,21.1647,21.1647,40
4.96957,0.5527,0,0.5527,21.58,144.333,112,0,0,1245,21.1647,21.1647,40
4.9978,7.84974,0,7.84974,21.58,144.333,164,5,0,1248,21.1787,21.1787,40
5.00264,2.34315,0,2.34315,21.56,144.141,193,2,0,1251,21.1359,21.1359,40
5.03308,11.9507,0,11.9507,21.56,144.141,257,5,0,1253,21.2059,21.2059,40
5.03952,4.35181,0,4.35181,21.54,143.975,131,2,0,1254,21.2344,21.2344,40
5.0594,3.38479,0,3.38479,21.54,143.975,207,0,0,1255,21.2263,21.2263,40
5.06557,3.65167,0,3.65167,21.52,143.81,314,5,0,1256,21.25,21.25,40
5.0996,16.8067,0,16.8067,21.52,143.81,571,3,0,1260,21.3151,21.3151,40
5.10545,2.78308,0,2.78308,21.5,143.646,158,2,0,1262,21.3043,21.3043,40
5.12898,6.14183,0,6.14183,21.5,143.646,142,1,0,1263,21.2985,21.2985,40
5.13306,1.99316,0,1.99316,21.48,143.482,190,1,0,1264,21.2959,21.2959,40
5.16337,11.2321,0,11.2321,21.48,143.482,355,3,0,1266,21.376,21.376,40
5.16907,3.64622,0,3.64622,21.46,166.202,244,18,0,1267,21.3694,21.3694,40
5.21282,26.4808,0,26.4808,21.46,166.202,1934,49,0,1269,21.5461,21.5461,40
5.22908,13.5898,0,13.5898,21.44,143.189,399,2,0,1271,21.5822,21.5822,40
5.24172,6.08915,0,6.08915,21.44,143.189,177,5,0,1275,21.5537,21.5537,40
5.24787,3.92983,0,3.92983,21.42,142.998,192,2,0,1278,21.5469,21.5469,40
5.26913,4.69695,0,4.69695,21.42,142.998,255,1,0,1279,21.5895,21.5895,40
5.29848,27.163,0,27.163,21.4,142.864,1281,21,0,1281,21.7291,21.7291,40
5.30601,4.59955,0,4.59955,21.38,142.734,205,3,0,1283,21.7514,21.7514,40
5.32735,5.31648,0,5.31648,21.38,142.734,246,3,0,1285,21.7969,21.7969,40
5.3388,9.22511,0,9.22511,21.36,142.605,298,7,0,1288,21.8905,21.8905,40
5.35906,8.60709,0,8.60709,21.36,142.605,289,3,0,1290,21.9426,21.9426,40
5.36217,0.600047,0,0.600047,21.34,142.475,144,0,0,1290,21.9426,21.9426,40
5.38902,6.42881,0,6.42881,21.34,142.475,197,5,0,1293,21.9196,21.9196,40
5.39857,7.48379,0,7.48379,21.32,142.346,218,3,0,1295,21.929,21.929,40
5.41283,0.869173,0,0.869173,21.32,142.346,154,0,0,1295,21.929,21.929,40
5.4212,5.82572,0,5.82572,21.3,142.216,194,4,0,1299,21.9122,21.9122,40
5.43827,2.0154,0,2.0154,21.3,142.216,160,0,0,1300,21.8992,21.8992,40
5.45042,9.15497,0,9.15497,21.28,142.087,189,4,0,1302,21.8902,21.8902,40
5.46851,6.71412,0,6.71412,21.28,142.087,287,4,0,1304,21.9317,21.9317,40
5.47462,3.60827,0,3.60827,21.26,141.958,248,2,0,1306,21.9196,21.9196,40
5.4991,7.84615,0,7.84615,21.26,141.958,180,3,0,1308,21.8922,21.8922,40
5.50234,0.728326,0,0.728326,21.24,141.828,160,0,0,1308,21.8922,21.8922,40
5.53372,11.0794,0,11.0794,21.24,141.828,604,4,0,1311,22,22,40
5.54498,8.49397,0,8.49397,21.22,141.699,243,2,0,1314,21.9802,21.9802,40
5.561,4.2414,0,4.2414,21.22,141.699,280,2,0,1315,22.0106,22.0106,40
5.57269,8.7383,0,8.7383,21.2,141.569,215,4,0,1317,22.0433,22.0433,40
5.59384,9.17508,0,9.17508,21.2,141.569,246,2,0,1318,22.066,22.066,40
5.59925,3.17975,0,3.17975,21.18,141.44,177,0,0,1320,22.0409,22.0409,40
5.62262,5.55304,0,5.55304,21.18,141.44,339,3,0,1322,22.0545,22.0545,40
5.63069,5.44485,0,5.44485,21.16,141.311,324,4,0,1326,22.1018,22.1018,40
5.65471,8.547,0,8.547,21.16,141.311,213,3,0,1329,22.07,22.07,40
5.65933,2.35973,0,2.35973,21.14,141.181,206,2,0,1330,22.0639,22.0639,40
5.68824,10.3054,0,10.3054,21.14,141.181,805,2,0,1332,22.1201,22.1201,40
5.71302,22.3862,0,22.3862,21.12,141.052,981,26,0,1334,22.2196,22.2196,40
5.73616,20.3135,0,20.3135,21.1,140.922,618,6,0,1338,22.2115,22.2115,40
5.74543,5.21195,0,5.21195,21.08,140.793,228,2,0,1339,22.2756,22.2756,40
5.76173,1.62744,0,1.62744,21.08,140.793,186,2,0,1340,22.2604,22.2604,40
5.76704,2.32888,0,2.32888,21.06,140.663,185,2,0,1341,22.264,22.264,40
5.79469,9.2477,0,9.2477,21.06,140.663,400,2,0,1343,22.306,22.306,40
5.80317,5.50346,0,5.50346,21.04,140.534,249,3,0,1345,22.313,22.313,40
5.82565,7.06024,0,7.06024,21.04,140.534,330,7,0,1347,22.3816,22.3816,40
5.83306,4.27726,0,4.27726,21.02,140.405,189,2,0,1348,22.3665,22.3665,40
5.85132,1.61524,0,1.61524,21.02,140.405,179,0,0,1348,22.3665,22.3665,40
5.85828,4.07773,0,4.07773,21,140.275,276,2,0,1349,22.3951,22.3951,40
5.88053,5.43186,0,5.43186,21,140.275,254,2,0,1352,22.3661,22.3661,40
5.88697,3.66608,0,3.66608,20.98,140.146,271,2,0,1353,22.3806,22.3806,40
5.92918,25.1355,0,25.1355,20.98,140.146,502,8,0,1355,22.5402,22.5402,40
5.93896,6.82125,0,6.82125,20.96,140.016,250,3,0,1357,22.5866,22.5866,40
5.95998,7.66326,0,7.66326,20.96,140.016,393,3,0,1360,22.6265,22.6265,40
5.97444,11.7053,0,11.7053,20.94,139.887,558,6,0,1364,22.695,22.695,40
5.98828,4.72238,0,4.72238,20.94,139.887,335,2,0,1366,22.7042,22.7042,40
5.99379,2.49362,0,2.49362,20.92,139.757,218,4,0,1369,22.664,22.664,40
6.02958,17.2414,0,17.2414,20.92,139.757,1174,0,0,1371,22.7367,22.7367,40
6.03701,4.24346,0,4.24346,20.9,139.628,251,3,0,1374,22.7052,22.7052,40
6.06068,7.43625,0,7.43625,20.9,139.628,369,6,0,1376,22.7275,22.7275,40
6.06558,2.04337,0,2.04337,20.88,139.499,239,1,0,1377,22.7219,22.7219,40
6.08704,2.64977,0,2.64977,20.88,139.499,239,2,0,1379,22.6933,22.6933,40
6.09513,4.94667,0,4.94667,20.86,139.369,263,4,0,1381,22.693,22.693,40
6.11991,8.73965,0,8.73965,20.86,139.369,526,2,0,1383,22.731,22.731,40
6.13539,12.3464,0,12.3464,20.84,139.24,344,10,0,1387,22.7282,22.7282,40
6.15189,7.92845,0,7.92845,20.84,139.24,380,7,0,1391,22.7807,22.7807,40
6.15892,3.89612,0,3.89612,20.82,139.11,248,0,0,1392,22.7665,22.7665,40
6.18064,4.72386,0,4.72386,20.82,139.11,296,3,0,1394,22.7776,22.7776,40
6.18593,2.18905,0,2.18905,20.8,138.981,217,0,0,1394,22.7776,22.7776,40
6.2114,6.69745,0,6.69745,20.8,138.981,299,2,0,1395,22.7907,22.7907,40
6.21546,0.975523,0,0.975523,20.78,138.851,212,0,0,1395,22.7907,22.7907,40
6.23795,2.16256,0,2.16256,20.78,138.851,220,0,0,1396,22.7808,22.7808,40
6.25428,12.641,0,12.641,20.76,138.722,455,5,0,1400,22.8564,22.8564,40
6.2786,16.6535,0,16.6535,20.76,138.722,674,23,0,1402,22.9864,22.9864,40
6.28466,2.51235,0,2.51235,20.74,138.593,262,3,0,1405,22.9537,22.9537,40
6.31538,12.496,0,12.496,20.74,138.593,455,2,0,1406,23.0612,23.0612,40
6.32324,4.92122,0,4.92122,20.72,138.463,262,2,0,1408,23.0682,23.0682,40
6.34196,3.08719,0,3.08719,20.72,138.463,217,0,0,1408,23.0682,23.0682,40
6.36057,15.7995,0,15.7995,20.7,138.334,362,5,0,1411,23.1417,23.1417,40
6.3763,10.6506,0,10.6506,20.7,138.334,409,3,0,1414,23.1252,23.1252,40
6.39475,15.5699,0,15.5699,20.68,138.204,447,7,0,1418,23.2532,23.2532,40
6.40218,1.86683,0,1.86683,20.68,138.204,236,1,0,1419,23.2551,23.2551,40
6.41326,7.42502,0,7.42502,20.66,138.075,347,8,0,1422,23.2679,23.2679,40
6.44264,16.2889,0,16.2889,20.66,138.075,465,2,0,1424,23.3216,23.3216,40
6.45019,4.29601,0,4.29601,20.64,137.945,354,3,0,1426,23.3478,23.3478,40
6.47292,6.59764,0,6.59764,20.64,137.945,356,2,0,1428,23.3676,23.3676,40
6.48415,8.00428,0,8.00428,20.62,137.816,471,4,0,1430,23.4287,23.4287,40
6.50059,3.32791,0,3.32791,20.62,137.816,319,1,0,1432,23.4504,23.4504,40
6.52201,18.003,0,18.003,20.6,137.687,545,4,0,1435,23.5784,23.5784,40
6.54606,21.1947,0,21.1947,20.58,137.557,714,11,0,1439,23.5921,23.5921,40
6.55858,9.35962,0,9.35962,20.56,137.428,496,0,0,1440,23.6354,23.6354,40
6.57333,3.37391,0,3.37391,20.56,137.428,267,2,0,1442,23.629,23.629,40
6.58091,4.45639,0,4.45639,20.54,137.298,378,3,0,1444,23.644,23.644,40
6.61017,12.628,0,12.628,20.54,137.298,400,7,0,1447,23.7222,23.7222,40
6.64836,35.3825,0,35.3825,20.52,137.169,3391,90,0,1450,23.8317,23.8317,40
6.65549,3.80502,0,3.80502,20.5,137.04,228,2,0,1451,23.8243,23.8243,40
6.68596,13.3066,0,13.3066,20.5,137.04,1126,47,0,1453,23.8507,23.8507,40
6.71612,27.1691,0,27.1691,20.48,136.91,1418,4,0,1457,23.9753,23.9753,40
6.72594,6.08749,0,6.08749,20.46,136.781,228,2,0,1458,23.9671,23.9671,40
6.75606,15.4889,0,15.4889,20.46,136.781,403,4,0,1461,23.9685,23.9685,40
6.77222,12.9553,0,12.9553,20.44,136.651,517,17,0,1463,24.0116,24.0116,40
6.7866,6.87532,0,6.87532,20.44,136.651,222,2,0,1464,24.069,24.069,40
6.79053,0.743153,0,0.743153,20.42,136.522,212,0,0,1464,24.069,24.069,40
6.81677,5.93653,0,5.93653,20.42,136.522,293,2,0,1467,24.0716,24.0716,40
6.83352,13.2685,0,13.2685,20.4,136.392,382,6,0,1469,24.1341,24.1341,40
6.84476,3.93634,0,3.93634,20.4,136.392,222,2,0,1470,24.1245,24.1245,40
6.85168,4.22031,0,4.22031,20.38,136.263,242,2,0,1472,24.1196,24.1196,40
6.88074,12.3842,0,12.3842,20.38,136.263,313,7,0,1476,24.1524,24.1524,40
6.89574,11.7949,0,11.7949,20.36,136.134,320,4,0,1479,24.1406,24.1406,40
6.91911,14.3099,0,14.3099,20.36,136.134,779,27,0,1482,24.2557,24.2557,40
6.92748,4.76492,0,4.76492,20.34,136.004,334,1,0,1484,24.2372,24.2372,40
6.95559,12.5561,0,12.5561,20.34,136.004,386,4,0,1487,24.2656,24.2656,40
6.96699,8.31936,0,8.31936,20.32,135.875,277,2,0,1490,24.3027,24.3027,40
6.98934,10.4896,0,10.4896,20.32,135.875,262,2,0,1491,24.381,24.381,40
6.99936,7.0058,0,7.0058,20.3,135.745,332,4,0,1493,24.4005,24.4005,40
7.03491,22.4029,0,22.4029,20.3,135.745,1638,1,0,1495,24.4756,24.4756,40
7.04435,6.53652,0,6.53652,20.28,135.616,295,4,0,1497,24.499,24.499,40
7.06442,5.70765,0,5.70765,20.28,135.616,363,2,0,1499,24.505,24.505,40
7.07614,8.82423,0,8.82423,20.26,135.486,349,10,0,1502,24.5313,24.5313,40
7.09326,4.75833,0,4.75833,20.26,135.486,226,4,0,1504,24.5153,24.5153,40
7.10127,5.41966,0,5.41966,20.24,135.357,231,3,0,1506,24.5053,24.5053,40
7.13055,13.7723,0,13.7723,20.24,135.357,412,4,0,1509,24.6143,24.6143,40
7.1451,11.5935,0,11.5935,20.22,135.228,282,6,0,1513,24.6107,24.6107,40
7.19285,38.5185,0,38.5185,20.22,135.228,4301,123,0,1514,24.6962,24.6962,40
7.2064,10.1063,0,10.1063,20.2,134.711,232,3,0,1516,24.7441,24.7441,40
7.23171,14.611,0,14.611,20.2,134.711,480,3,0,1519,24.8275,24.8275,40
7.23747,2.02426,0,2.02426,20.18,134.582,237,1,0,1520,24.8237,24.8237,40
7.25706,0.961014,0,0.961014,20.18,134.582,227,0,0,1520,24.8237,24.8237,40
7.26497,4.80907,0,4.80907,20.16,134.452,379,10,0,1521,24.879,24.879,40
7.28226,1.28113,0,1.28113,20.16,134.452,247,1,0,1522,24.8653,24.8653,40
7.2899,4.15746,0,4.15746,20.14,134.323,237,2,0,1523,24.8496,24.8496,40
7.31658,10.099,0,10.099,20.14,134.323,275,4,0,1525,24.8603,24.8603,40
7.34768,27.6215,0,27.6215,20.12,134.193,1460,34,0,1529,24.9784,24.9784,40
7.35559,4.85321,0,4.85321,20.1,134.064,237,2,0,1530,24.966,24.966,40
7.37365,1.92424,0,1.92424,20.1,134.064,259,0,0,1531,24.983,24.983,40
7.38092,4.15529,0,4.15529,20.08,133.935,246,3,0,1533,24.9791,24.9791,40
7.40498,7.05,0,7.05,20.08,133.935,315,5,0,1535,25.0137,25.0137,40
7.41768,9.46162,0,9.46162,20.06,133.805,463,9,0,1538,25.0878,25.0878,40
7.442,12.6768,0,12.6768,20.06,133.805,424,4,0,1541,25.0941,25.0941,40
7.45237,7.51696,0,7.51696,20.04,133.676,323,2,0,1543,25.1141,25.1141,40
7.47044,4.48115,0,4.48115,20.04,133.676,380,1,0,1545,25.1612,25.1612,40
7.47653,2.75516,0,2.75516,20.02,133.546,281,3,0,1546,25.1675,25.1675,40
7.50409,9.291,0,9.291,20.02,133.546,505,10,0,1547,25.1629,25.1629,40
7.5133,6.17638,0,6.17638,20,133.417,517,3,0,1549,25.2208,25.2208,40
7.53735,8.07776,0,8.07776,20,133.417,431,10,0,1551,25.2579,25.2579,40
7.5437,2.78462,0,2.78462,19.98,133.288,239,1,0,1553,25.2679,25.2679,40
7.59111,29.2099,0,29.2099,19.98,133.288,981,5,0,1558,25.4127,25.4127,40
7.60164,6.8857,0,6.8857,19.96,133.158,259,2,0,1561,25.3773,25.3773,40
7.6208,5.37275,0,5.37275,19.96,133.158,258,4,0,1564,25.3638,25.3638,40
7.62644,1.95889,0,1.95889,19.94,133.029,230,0,0,1565,25.3534,25.3534,40
7.66463,19.6484,0,19.6484,19.94,133.029,1149,4,0,1568,25.4184,25.4184,40
7.68529,17.4053,0,17.4053,19.92,132.899,296,3,0,1571,25.4621,25.4621,40
7.69123,2.5085,0,2.5085,19.9,132.77,305,2,0,1573,25.4787,25.4787,40
7.72708,17.8761,0,17.8761,19.9,132.77,585,5,0,1575,25.5924,25.5924,40
7.73702,6.03981,0,6.03981,19.88,132.64,317,5,0,1579,25.5896,25.5896,40
7.75312,1.24617,0,1.24617,19.88,132.64,248,0,0,1579,25.5896,25.5896,40
7.76296,6.21922,0,6.21922,19.86,132.511,278,3,0,1581,25.5667,25.5667,40
7.78004,2.83944,0,2.83944,19.86,132.511,353,0,0,1582,25.5575,25.5575,40
7.79257,8.5233,0,8.5233,19.84,132.382,436,2,0,1584,25.5612,25.5612,40
7.8131,8.66742,0,8.66742,19.84,132.382,398,6,0,1587,25.5646,25.5646,40
7.82578,8.78403,0,8.78403,19.82,132.252,595,19,0,1590,25.6572,25.6572,40
7.85741,20.0504,0,20.0504,19.82,132.252,384,8,0,1595,25.6821,25.6821,40
7.87493,14.1706,0,14.1706,19.8,132.123,405,6,0,1598,25.7322,25.7322,40
7.88583,4.22511,0,4.22511,19.8,132.123,410,3,0,1599,25.7617,25.7617,40
7.89562,6.2379,0,6.2379,19.78,131.993,289,3,0,1603,25.7411,25.7411,40
7.9206,10.3789,0,10.3789,19.78,131.993,431,5,0,1607,25.7287,25.7287,40
7.94087,16.4722,0,16.4722,19.76,131.864,468,13,0,1609,25.8005,25.8005,40
7.9531,8.39528,0,8.39528,19.74,131.734,286,2,0,1610,25.8621,25.8621,40
7.97685,11.1259,0,11.1259,19.74,131.734,286,2,0,1612,25.871,25.871,40
7.99011,9.45293,0,9.45293,19.72,124.1,840,4,0,1613,25.9709,25.9709,40
8.00399,3.08705,0,3.08705,19.72,124.1,316,2,0,1614,25.9566,25.9566,40
8.00902,1.00836,0,1.00836,19.7,123.912,326,1,0,1615,25.9412,25.9412,40
8.03346,4.47771,0,4.47771,19.7,123.912,426,2,0,1618,25.932,25.932,40
8.05058,12.6941,0,12.6941,19.68,128.274,1210,32,0,1620,25.9623,25.9623,40
8.0623,3.67083,0,3.67083,19.68,128.274,382,4,0,1623,25.9458,25.9458,40
8.09569,29.1689,0,29.1689,19.66,128.195,1975,1,0,1625,26.0283,26.0283,40
8.12531,25.1132,0,25.1132,19.64,127.995,1543,2,0,1628,26.0915,26.0915,40
8.13632,6.4763,0,6.4763,19.62,127.795,320,3,0,1630,26.1117,26.1117,40
8.16737,17.0975,0,17.0975,19.62,127.795,613,4,0,1633,26.2107,26.2107,40
8.17479,3.45198,0,3.45198,19.6,127.596,324,3,0,1635,26.1939,26.1939,40
8.20209,9.55855,0,9.55855,19.6,127.596,306,1,0,1636,26.2042,26.2042,40
8.22058,14.9272,0,14.9272,19.58,131.108,863,8,0,1639,26.23,26.23,40
8.23537,9.19278,0,9.19278,19.58,131.108,541,2,0,1641,26.2986,26.2986,40
8.24231,2.38982,0,2.38982,19.56,122.892,380,1,0,1642,26.2929,26.2929,40
8.27429,13.4113,0,13.4113,19.56,122.892,443,6,0,1645,26.321,26.321,40
8.28353,4.73446,0,4.73446,19.54,122.697,594,1,0,1647,26.3352,26.3352,40
8.30343,4.07191,0,4.07191,19.54,122.697,390,1,0,1648,26.3295,26.3295,40
8.31671,8.88247,0,8.88247,19.52,122.503,422,3,0,1650,26.3273,26.3273,40
8.33257,3.27919,0,3.27919,19.52,122.503,380,0,0,1650,26.3273,26.3273,40
8.33813,0.743528,0,0.743528,19.5,122.332,380,0,0,1650,26.3273,26.3273,40
8.366,7.80579,0,7.80579,19.5,122.332,651,7,0,1652,26.3916,26.3916,40
8.3777,7.66063,0,7.66063,19.48,122.161,368,3,0,1654,26.4166,26.4166,40
8.39866,7.70223,0,7.70223,19.48,122.161,670,4,0,1657,26.4683,26.4683,40
8.41036,7.88505,0,7.88505,19.46,126.673,344,3,0,1659,26.4943,26.4943,40
8.43815,14.6648,0,14.6648,19.46,126.673,339,2,0,1662,26.5451,26.5451,40
8.46078,18.8823,0,18.8823,19.44,126.472,822,5,0,1666,26.6116,26.6116,40
8.46615,1.66163,0,1.66163,19.42,121.701,316,0,0,1666,26.6116,26.6116,40
8.48855,3.19467,0,3.19467,19.42,121.701,331,1,0,1668,26.5821,26.5821,40
8.49835,5.70387,0,5.70387,19.4,121.505,379,3,0,1669,26.5974,26.5974,40
8.51879,5.25457,0,5.25457,19.4,121.505,352,2,0,1671,26.5931,26.5931,40
8.52867,5.08338,0,5.08338,19.38,121.31,458,3,0,1674,26.5914,26.5914,40
8.54607,1.16979,0,1.16979,19.38,121.31,400,0,0,1674,26.5914,26.5914,40
8.56362,12.3064,0,12.3064,19.36,121.136,503,5,0,1677,26.6589,26.6589,40
8.60239,29.9618,0,29.9618,19.36,121.136,965,16,0,1681,26.796,26.796,40
8.63375,26.4295,0,26.4295,19.34,120.963,2210,1,0,1683,26.8883,26.8883,40
8.65419,15.6229,0,15.6229,19.32,120.79,487,3,0,1686,26.933,26.933,40
8.66128,2.27824,0,2.27824,19.3,120.617,410,2,0,1688,26.9135,26.9135,40
8.69869,19.0622,0,19.0622,19.3,120.617,1229,27,0,1692,27.0343,27.0343,40
8.71651,13.1423,0,13.1423,19.28,120.443,443,3,0,1694,27.0342,27.0342,40
8.73483,10.4648,0,10.4648,19.28,120.443,444,3,0,1697,27.0678,27.0678,40
8.74169,1.33157,0,1.33157,19.26,120.268,360,0,0,1697,27.0678,27.0678,40
8.77508,14.597,0,14.597,19.26,120.268,518,3,0,1699,27.1006,27.1006,40
8.79856,18.5461,0,18.5461,19.24,120.094,638,5,0,1702,27.1745,27.1745,40
8.80895,5.19339,0,5.19339,19.22,119.918,390,2,0,1704,27.1585,27.1585,40
8.84123,17.1439,0,17.1439,19.22,119.918,658,4,0,1707,27.2894,27.2894,40
8.86055,14.286,0,14.286,19.2,119.742,593,5,0,1710,27.3333,27.3333,40
8.89011,23.7249,0,23.7249,19.2,119.742,1758,0,0,1712,27.4206,27.4206,40
8.90148,6.35779,0,6.35779,19.18,119.566,404,2,0,1715,27.4175,27.4175,40
8.935,19.0403,0,19.0403,19.18,119.566,619,4,0,1719,27.4491,27.4491,40
8.94782,7.18528,0,7.18528,19.16,119.389,465,2,0,1721,27.4399,27.4399,40
8.9759,14.4228,0,14.4228,19.16,119.389,470,5,0,1725,27.4191,27.4191,40
8.98152,0.907721,0,0.907721,19.14,119.211,400,0,0,1725,27.4191,27.4191,40
9.01218,10.8162,0,10.8162,19.14,119.211,433,2,0,1726,27.4108,27.4108,40
9.02627,9.44355,0,9.44355,19.12,119.033,542,5,0,1729,27.4135,27.4135,40
9.04448,6.80286,0,6.80286,19.12,119.033,400,2,0,1731,27.4038,27.4038,40
9.05618,7.54827,0,7.54827,19.1,118.854,546,3,0,1734,27.4642,27.4642,40
9.07964,9.60116,0,9.60116,19.1,118.854,441,2,0,1737,27.46,27.46,40
9.09283,8.89003,0,8.89003,19.08,118.675,410,3,0,1740,27.5155,27.5155,40
9.11177,6.48405,0,6.48405,19.08,118.675,417,3,0,1742,27.5178,27.5178,40
9.11707,0.690504,0,0.690504,19.06,118.495,400,0,0,1742,27.5178,27.5178,40
9.15193,14.2505,0,14.2505,19.06,118.495,420,2,0,1744,27.6089,27.6089,40
9.16611,8.67578,0,8.67578,19.04,118.314,410,2,0,1746,27.5865,27.5865,40
9.18848,10.2801,0,10.2801,19.04,118.314,709,2,0,1749,27.6152,27.6152,40
9.21351,20.0715,0,20.0715,19.02,118.132,702,6,0,1753,27.664,27.664,40
9.23708,18.0983,0,18.0983,19,117.95,493,2,0,1755,27.7197,27.7197,40
9.26064,18.7381,0,18.7381,18.98,117.767,988,2,0,1758,27.8208,27.8208,40
9.27262,6.54561,0,6.54561,18.96,117.583,762,0,0,1759,27.8391,27.8391,40
9.32711,39.809,0,39.809,18.96,117.583,877,14,0,1764,28.0136,28.0136,40
9.33823,6.15894,0,6.15894,18.94,117.399,483,6,0,1768,28.0175,28.0175,40
9.35505,2.0827,0,2.0827,18.94,117.399,403,0,0,1769,28.0085,28.0085,40
9.38226,22.0481,0,22.0481,18.92,117.213,571,5,0,1772,28.1157,28.1157,40
9.39789,10.2179,0,10.2179,18.9,117.028,430,3,0,1775,28.0879,28.0879,40
9.41845,9.85186,0,9.85186,18.9,117.028,456,4,0,1777,28.1142,28.1142,40
9.81705,393.847,36.4743,357.373,18.88,116.842,60369,1694,0,1779,28.1001,28.1001,40
9.83803,16.4617,0,16.4617,18.86,116.656,337,5,0,1781,28.1376,28.1376,40
9.84481,3.02656,0,3.02656,18.84,116.47,333,0,0,1782,28.1397,28.1397,40
9.8653,2.4297,0,2.4297,18.84,116.47,302,1,0,1783,28.1279,28.1279,40
9.87746,8.16586,0,8.16586,18.82,116.284,547,5,0,1786,28.1797,28.1797,40
9.90792,18.2855,0,18.2855,18.82,116.284,473,6,0,1791,28.1608,28.1608,40
9.91647,4.78421,0,4.78421,18.8,116.097,316,2,0,1792,28.1752,28.1752,40
9.94968,17.047,0,17.047,18.8,116.097,315,2,0,1794,28.3172,28.3172,40
9.96633,12.001,0,12.001,18.78,115.909,476,4,0,1796,28.3953,28.3953,40
9.98222,6.89684,0,6.89684,18.78,115.909,362,5,0,1798,28.3954,28.3954,40
9.99985,13.2665,0,13.2665,18.76,115.722,777,6,0,1800,28.4967,28.4967,40
10.013,5.09497,0,5.09497,18.76,115.722,300,0,0,1800,28.4967,28.4967,40
10.0272,9.9972,0,9.9972,18.74,115.544,402,3,0,1803,28.5474,28.5474,40
10.043,5.01551,0,5.01551,18.74,115.544,427,2,0,1804,28.5726,28.5726,40
10.0552,8.37918,0,8.37918,18.72,115.385,377,2,0,1805,28.6017,28.6017,40
10.0764,8.26411,0,8.26411,18.72,115.385,349,1,0,1806,28.6168,28.6168,40
10.0927,12.4934,0,12.4934,18.7,115.225,309,1,0,1808,28.6421,28.6421,40
10.1129,11.8034,0,11.8034,18.7,115.225,351,4,0,1811,28.6262,28.6262,40
10.1216,4.15592,0,4.15592,18.68,115.066,325,2,0,1813,28.6635,28.6635,40
10.1413,3.30252,0,3.30252,18.68,115.066,315,2,0,1814,28.6505,28.6505,40
10.1501,4.5365,0,4.5365,18.66,114.906,341,2,0,1816,28.636,28.636,40
10.1767,10.4728,0,10.4728,18.66,114.906,434,5,0,1819,28.6526,28.6526,40
10.1887,7.37432,0,7.37432,18.64,114.746,340,1,0,1820,28.6456,28.6456,40
10.2157,13.5224,0,13.5224,18.64,114.746,593,5,0,1824,28.6848,28.6848,40
10.2441,23.6057,0,23.6057,18.62,114.587,491,10,0,1826,28.7119,28.7119,40
10.2675,18.5133,0,18.5133,18.6,114.427,543,7,0,1828,28.75,28.75,40
10.2895,16.7971,0,16.7971,18.58,114.267,1653,1,0,1830,28.8098,28.8098,39.9947
10.3085,13.1273,0,13.1273,18.56,114.108,495,3,0,1832,28.8401,28.8406,39.9871
10.3248,8.6949,0,8.6949,18.56,114.108,430,2,0,1833,28.8642,28.8647,39.9833
10.3324,2.89647,0,2.89647,18.54,113.948,430,1,0,1834,28.8899,28.8904,39.9795
10.359,8.59512,0,8.59512,18.54,113.948,440,2,0,1836,28.908,28.9085,39.972
10.7668,402.387,17.0164,385.37,18.52,113.788,60417,1487,0,1839,28.919,28.9195,39.9607
10.7804,7.73987,0,7.73987,18.5,113.629,440,3,0,1841,28.9174,28.918,39.9531
10.808,14.6811,0,14.6811,18.5,113.629,727,3,0,1844,28.9225,28.9225,39.9418
10.8231,10.7482,0,10.7482,18.48,113.469,677,3,0,1846,28.9946,28.9957,39.9343
10.8438,10.2648,0,10.2648,18.48,113.469,512,2,0,1848,29.053,29.0541,39.9268
10.8547,6.31649,0,6.31649,18.46,113.309,455,2,0,1850,29.0649,29.0659,39.9194
10.8748,5.4494,0,5.4494,18.46,113.309,440,2,0,1852,29.061,29.0621,39.9119
10.8855,5.63771,0,5.63771,18.44,113.15,511,4,0,1853,29.0513,29.0529,39.9081
10.9053,4.28258,0,4.28258,18.44,113.15,430,1,0,1854,29.0485,29.0502,39.9044
10.9186,8.58368,0,8.58368,18.42,112.99,456,2,0,1856,29.09,29.0916,39.8969
10.9326,1.42466,0,1.42466,18.42,112.99,420,0,0,1856,29.09,29.0916,39.8969
10.9658,28.2803,0,28.2803,18.4,112.83,1069,30,0,1859,29.1033,29.1135,39.8858
10.9787,7.10851,0,7.10851,18.38,112.671,430,2,0,1860,29.0892,29.0995,39.882
11.0107,18.398,0,18.398,18.38,112.671,518,3,0,1862,29.189,29.1987,39.8746
11.022,5.5135,0,5.5135,18.36,112.511,430,2,0,1863,29.1804,29.19,39.8709
11.0546,17.5933,0,17.5933,18.36,112.511,630,5,0,1866,29.2594,29.269,39.8598
11.0688,9.0258,0,9.0258,18.34,112.351,476,3,0,1869,29.252,29.2616,39.8487
11.0981,17.9977,0,17.9977,18.34,112.351,497,5,0,1873,29.3027,29.3123,39.8339
11.1276,24.3094,0,24.3094,18.32,112.192,1035,5,0,1877,29.3676,29.3761,39.8192
11.1351,2.67668,0,2.67668,18.3,112.032,450,2,0,1879,29.3832,29.3917,39.8118
11.1596,6.23308,0,6.23308,18.3,112.032,440,1,0,1880,29.4319,29.4404,39.8081
11.1725,7.18128,0,7.18128,18.28,111.872,536,3,0,1882,29.4623,29.4713,39.8008
11.1899,3.47708,0,3.47708,18.28,111.872,460,2,0,1883,29.4498,29.4588,39.7971
11.2082,13.4454,0,13.4454,18.26,111.713,532,6,0,1887,29.4176,29.4261,39.7825
11.2218,5.57321,0,5.57321,18.26,111.713,460,1,0,1888,29.4036,29.4121,39.7788
11.2313,4.49253,0,4.49253,18.24,111.553,470,1,0,1889,29.3902,29.3986,39.7752
11.2536,5.48344,0,5.48344,18.24,111.553,508,2,0,1890,29.4074,29.4122,39.7715
11.2618,2.96546,0,2.96546,18.22,111.393,509,0,0,1892,29.3959,29.4006,39.7642
11.291,10.9697,0,10.9697,18.22,111.393,753,2,0,1894,29.4197,29.4245,39.7569
11.3002,3.72877,0,3.72877,18.2,111.234,480,1,0,1895,29.4164,29.4211,39.7533
11.322,4.81103,0,4.81103,18.2,111.234,488,0,0,1896,29.4056,29.4103,39.7496
11.3353,7.92121,0,7.92121,18.18,111.074,480,2,0,1897,29.3954,29.4001,39.746
11.3543,5.70646,0,5.70646,18.18,111.074,512,4,0,1899,29.3892,29.3944,39.7387
11.368,8.21238,0,8.21238,18.16,110.914,549,5,0,1902,29.3754,29.3817,39.7279
11.3912,10.463,0,10.463,18.16,110.914,532,2,0,1905,29.3444,29.3507,39.717
11.4135,16.6542,0,16.6542,18.14,110.755,804,3,0,1908,29.3417,29.3475,39.7062
11.7638,344.781,11.2822,333.499,18.12,110.595,48913,841,0,1910,29.1251,29.1503,39.6989
11.7848,14.3522,0,14.3522,18.1,110.435,564,5,0,1913,29.1296,29.1537,39.6881
11.8096,19.2989,0,19.2989,18.08,110.276,619,3,0,1917,29.1247,29.1487,39.6737
11.8299,13.4129,0,13.4129,18.06,110.116,597,3,0,1919,29.1245,29.1501,39.6666
11.8444,8.74509,0,8.74509,18.06,110.116,612,2,0,1920,29.1854,29.2099,39.663
11.8776,26.6879,0,26.6879,18.04,109.956,528,4,0,1925,29.2312,29.2556,39.6451
11.8912,7.50042,0,7.50042,18.02,109.797,784,13,0,1927,29.2605,29.2849,39.6379
11.9104,6.30217,0,6.30217,18.02,109.797,489,1,0,1928,29.2765,29.3008,39.6344
11.9307,14.3204,0,14.3204,18,109.637,490,3,0,1930,29.3637,29.3881,39.6272
11.9372,1.16725,0,1.16725,18,109.637,470,0,0,1930,29.3637,29.3881,39.6272
11.9618,18.7605,0,18.7605,17.98,109.478,803,12,0,1933,29.4283,29.4578,39.6166
12.0092,42.1281,0,42.1281,17.96,109.318,2262,33,0,1937,29.6247,29.6629,39.6023
12.0169,1.42199,0,1.42199,17.94,109.158,460,0,0,1937,29.6247,29.6629,39.6023
12.0537,18.2957,0,18.2957,17.94,109.158,495,3,0,1940,29.6139,29.6521,39.5917
12.0604,1.3799,0,1.3799,17.92,108.999,480,0,0,1940,29.6139,29.6521,39.5917
12.0806,1.12298,0,1.12298,17.92,108.999,480,0,0,1940,29.6139,29.6521,39.5917
12.092,5.72909,0,5.72909,17.9,108.839,512,1,0,1942,29.656,29.6941,39.5846
12.1205,13.6262,0,13.6262,17.9,108.839,502,2,0,1944,29.6327,29.6708,39.5776
12.1299,4.22892,0,4.22892,17.88,108.679,506,1,0,1945,29.6365,29.6746,39.574
12.16,13.4252,0,13.4252,17.88,108.679,524,3,0,1947,29.6836,29.7216,39.567
12.1723,6.21586,0,6.21586,17.86,108.52,470,1,0,1948,29.6776,29.7156,39.5634
12.188,1.47571,0,1.47571,17.86,108.52,460,0,0,1948,29.6776,29.7156,39.5634
12.2067,13.1411,0,13.1411,17.84,108.36,490,2,0,1950,29.7,29.7379,39.5564
12.2308,16.1501,0,16.1501,17.84,108.36,499,3,0,1952,29.7111,29.749,39.5493
12.2427,6.49423,0,6.49423,17.82,108.2,662,2,0,1955,29.7023,29.7402,39.5388
12.2601,2.4092,0,2.4092,17.82,108.2,480,0,0,1955,29.7023,29.7402,39.5388
12.2686,2.84686,0,2.84686,17.8,108.041,490,1,0,1956,29.6984,29.7362,39.5353
12.3099,22.9535,0,22.9535,17.8,108.041,555,8,0,1959,29.6983,29.7351,39.5248
12.3396,24.4052,0,24.4052,17.78,107.881,567,7,0,1963,29.785,29.8227,39.5108
12.3547,8.51151,0,8.51151,17.76,107.721,572,2,0,1966,29.7604,29.7981,39.5003
12.3689,2.97917,0,2.97917,17.76,107.721,500,1,0,1967,29.7672,29.8048,39.4968
12.3839,9.00494,0,9.00494,17.74,107.562,520,2,0,1970,29.7919,29.8294,39.4864
12.4074,12.0872,0,12.0872,17.74,107.562,579,5,0,1973,29.8322,29.8697,39.4759
12.4337,20.821,0,20.821,17.72,107.402,928,4,0,1977,29.8255,29.8629,39.4621
12.4804,41.3219,0,41.3219,17.7,107.242,2405,37,0,1980,29.9101,29.9646,39.4517
12.4875,0.874809,0,0.874809,17.68,107.083,490,0,0,1980,29.9101,29.9646,39.4517
12.5149,7.45981,0,7.45981,17.68,107.083,528,2,0,1983,29.8996,29.9541,39.4413
12.888,367.045,19.3236,347.721,17.66,106.923,57348,1307,0,1985,29.7154,29.7632,39.4344
12.9014,7.2007,0,7.2007,17.64,106.763,570,1,0,1987,29.7151,29.763,39.4275
12.9353,20.2141,0,20.2141,17.64,106.763,1128,21,0,1990,29.8543,29.9025,39.4172
12.9514,10.3826,0,10.3826,17.62,106.604,757,1,0,1992,29.9317,29.9799,39.4103
12.9655,3.75324,0,3.75324,17.62,106.604,533,3,0,1994,29.9313,29.9794,39.4034
12.9802,8.79225,0,8.79225,17.6,106.444,541,2,0,1995,30.002,30.0491,39.4
12.9996,7.51261,0,7.51261,17.6,106.444,650,1,0,1997,30.005,30.0521,39.3931
13.006,0.492113,0,0.492113,17.58,106.284,520,0,0,1997,30.005,30.0521,39.3931
13.0431,16.6108,0,16.6108,17.58,106.284,551,2,0,1998,30.0095,30.0566,39.3897
13.0655,16.7421,0,16.7421,17.56,106.125,745,3,0,2002,30.014,30.0619,39.376
13.0796,8.28404,0,8.28404,17.54,105.965,597,4,0,2003,30.0474,30.0959,39.3726
13.1085,16.8261,0,16.8261,17.54,105.965,569,4,0,2007,30.0727,30.1211,39.359
13.1277,13.8955,0,13.8955,17.52,105.805,591,4,0,2010,30.0891,30.1378,39.3488
13.1391,4.74627,0,4.74627,17.52,105.805,527,1,0,2013,30.0626,30.1113,39.3386
13.1524,7.89811,0,7.89811,17.5,105.646,705,3,0,2016,30.0595,30.1086,39.3284
13.1863,20.8136,0,20.8136,17.5,105.646,595,4,0,2020,30.0267,30.0757,39.3149
13.1983,5.49785,0,5.49785,17.48,105.486,541,2,0,2022,30.0148,30.0638,39.3081
13.2371,23.0272,0,23.0272,17.48,105.486,1451,13,0,2025,30.1111,30.1585,39.298
13.2522,9.09045,0,9.09045,17.46,105.326,535,3,0,2027,30.0844,30.1317,39.2912
13.2784,14.611,0,14.611,17.46,105.326,530,2,0,2029,30.101,30.1483,39.2845
13.2902,6.13713,0,6.13713,17.44,105.167,607,2,0,2032,30.126,30.1732,39.2744
13.3147,9.7111,0,9.7111,17.44,105.167,615,11,0,2036,30.1822,30.2294,39.261
13.3299,9.41154,0,9.41154,17.42,105.007,510,1,0,2037,30.1777,30.2248,39.2577
13.3575,15.7717,0,15.7717,17.42,105.007,528,3,0,2039,30.2202,30.2673,39.251
13.3754,12.4413,0,12.4413,17.4,104.847,788,28,0,2042,30.3031,30.3501,39.2409
13.392,8.59932,0,8.59932,17.4,104.847,520,2,0,2044,30.2852,30.3322,39.2343
13.4046,7.14257,0,7.14257,17.38,104.688,520,2,0,2046,30.3421,30.3891,39.2276
13.4336,15.6372,0,15.6372,17.38,104.688,694,4,0,2048,30.3618,30.4116,39.2209
13.4571,17.7567,0,17.7567,17.36,104.528,786,3,0,2051,30.4193,30.469,39.211
13.4682,5.51758,0,5.51758,17.34,104.369,536,2,0,2052,30.4347,30.4844,39.2076
13.4973,14.0209,0,14.0209,17.34,104.369,540,3,0,2055,30.456,30.5056,39.1977
13.5112,8.39609,0,8.39609,17.32,104.329,535,1,0,2057,30.437,30.4866,39.1911
13.5462,22.8132,0,22.8132,17.32,104.329,570,4,0,2060,30.4675,30.5165,39.1811
13.5638,11.9938,0,11.9938,17.3,104.114,818,2,0,2063,30.5201,30.5691,39.1712
13.5767,4.06561,0,4.06561,17.3,104.114,520,1,0,2064,30.5417,30.5906,39.1679
13.6133,29.4587,0,29.4587,17.28,103.899,799,7,0,2067,30.5849,30.6333,39.158
13.6279,8.0663,0,8.0663,17.26,103.685,539,2,0,2070,30.5918,30.6401,39.1482
13.6448,4.46561,0,4.46561,17.26,103.685,544,2,0,2071,30.6219,30.6707,39.1449
13.6579,7.3756,0,7.3756,17.24,103.472,592,2,0,2074,30.6061,30.6548,39.135
13.6785,6.97565,0,6.97565,17.24,103.472,530,2,0,2076,30.6354,30.684,39.1285
13.6861,2.02755,0,2.02755,17.22,103.264,530,1,0,2077,30.6259,30.6745,39.1252
13.7096,4.33192,0,4.33192,17.22,103.264,520,0,0,2077,30.6259,30.6745,39.1252
13.7281,12.8875,0,12.8875,17.2,103.08,550,3,0,2080,30.6197,30.6683,39.1154
13.7479,11.3602,0,11.3602,17.2,103.08,610,4,0,2083,30.6107,30.6591,39.1056
13.7709,17.4656,0,17.4656,17.18,102.897,1493,7,0,2085,30.6882,30.7367,39.0991
13.7983,21.2383,0,21.2383,17.16,102.716,635,6,0,2089,30.7492,30.7961,39.086
13.9825,177.839,38.1658,139.674,17.14,102.536,25809,1053,0,2090,30.5225,30.5885,39.0828
13.9988,10.9915,0,10.9915,17.12,102.295,602,2,0,2091,30.5552,30.6212,39.0795
14.0214,13.5137,0,13.5137,17.12,102.295,521,2,0,2093,30.6297,30.6957,39.0731
14.0375,11.7006,0,11.7006,17.1,102.087,334,1,0,2095,30.6945,30.7604,39.0666
14.0564,10.0376,0,10.0376,17.1,102.087,294,1,0,2096,30.7486,30.8144,39.0633
14.0713,10.4696,0,10.4696,17.08,101.878,294,1,0,2097,30.7649,30.8307,39.0601
14.0958,14.5119,0,14.5119,17.08,101.878,316,2,0,2099,30.7737,30.8394,39.0536
14.1022,2.34112,0,2.34112,17.06,101.67,314,1,0,2100,30.7829,30.8486,39.0504
14.1405,19.5059,0,19.5059,17.06,101.67,362,5,0,2102,30.8454,30.911,39.0439
14.1532,8.73968,0,8.73968,17.04,101.463,479,1,0,2104,30.8736,30.9392,39.0375
14.1737,8.27959,0,8.27959,17.04,101.463,372,1,0,2106,30.9079,30.9734,39.031
14.188,10.1161,0,10.1161,17.02,101.255,318,2,0,2108,30.8971,30.9625,39.0246
14.2001,1.3912,0,1.3912,17.02,101.255,298,0,0,2108,30.8971,30.9625,39.0246
14.2097,5.61062,0,5.61062,17,101.048,343,2,0,2110,30.9043,30.9697,39.0181
14.244,18.674,0,18.674,17,101.048,890,3,0,2113,31.0246,31.0937,39.0085
14.2561,7.58727,0,7.58727,16.98,100.842,359,2,0,2115,31.0359,31.105,39.0021
14.2887,19.1372,0,19.1372,16.98,100.842,508,2,0,2117,31.119,31.188,38.9957
14.3121,19.4022,0,19.4022,16.96,100.651,399,6,0,2118,31.1256,31.1941,38.9925
14.3266,10.2693,0,10.2693,16.94,100.46,306,2,0,2120,31.1915,31.2599,38.9861
14.3558,18.9352,0,18.9352,16.94,100.46,364,5,0,2122,31.352,31.4175,38.9797
14.3657,5.74147,0,5.74147,16.92,100.267,362,2,0,2124,31.3611,31.4266,38.9733
14.3828,2.30332,0,2.30332,16.92,100.267,286,1,0,2125,31.3478,31.4132,38.9701
14.3947,7.2674,0,7.2674,16.9,100.073,322,1,0,2128,31.3111,31.3764,38.9605
14.4123,4.79482,0,4.79482,16.9,100.073,286,1,0,2129,31.2987,31.364,38.9574
14.4172,0.610565,0,0.610565,16.88,99.8773,276,0,0,2129,31.2987,31.364,38.9574
14.4434,6.64978,0,6.64978,16.88,99.8773,369,2,0,2131,31.3149,31.3801,38.951
14.4653,17.2675,0,17.2675,16.86,99.6804,296,2,0,2133,31.3399,31.4051,38.9446
14.479,9.46993,0,9.46993,16.84,99.4823,309,3,0,2135,31.3363,31.4037,38.9383
14.4974,6.79801,0,6.79801,16.84,99.4823,296,2,0,2137,31.3248,31.3921,38.932
14.5041,2.20569,0,2.20569,16.82,99.2829,282,0,0,2138,31.3326,31.3999,38.9288
14.5341,11.2937,0,11.2937,16.82,99.2829,320,3,0,2140,31.3173,31.3855,38.9225
14.5655,27.4574,0,27.4574,16.8,99.0831,1552,4,0,2144,31.493,31.5625,38.9098
14.5779,7.72632,0,7.72632,16.78,98.8829,352,1,0,2146,31.4953,31.5648,38.9035
14.5948,3.7598,0,3.7598,16.78,98.8829,290,1,0,2147,31.5091,31.5785,38.9004
14.6033,4.03457,0,4.03457,16.76,98.6823,320,0,0,2148,31.5033,31.5726,38.8972
14.6403,19.8478,0,19.8478,16.76,98.6823,394,4,0,2152,31.5242,31.5934,38.8846
14.6474,3.45962,0,3.45962,16.74,98.4812,296,1,0,2153,31.523,31.5922,38.8815
14.6804,15.4013,0,15.4013,16.74,98.4812,329,2,0,2156,31.5153,31.5844,38.8721
14.6987,14.2953,0,14.2953,16.72,98.2797,308,2,0,2158,31.5088,31.5778,38.8658
14.7068,1.72074,0,1.72074,16.72,98.2797,288,0,0,2158,31.5088,31.5778,38.8658
14.7198,8.5879,0,8.5879,16.7,98.0777,320,2,0,2161,31.5345,31.6034,38.8564
14.7387,6.94936,0,6.94936,16.7,98.0777,306,2,0,2163,31.5275,31.5964,38.8502
14.7624,20.2402,0,20.2402,16.68,97.8752,290,2,0,2165,31.5432,31.612,38.8439
14.7693,2.70099,0,2.70099,16.66,97.6723,286,1,0,2166,31.5342,31.603,38.8408
14.7924,5.42141,0,5.42141,16.66,97.6723,293,1,0,2167,31.5205,31.5893,38.8377
14.8011,4.3227,0,4.3227,16.64,97.4735,333,1,0,2169,31.5039,31.5726,38.8314
14.8267,9.03549,0,9.03549,16.64,97.4735,299,2,0,2171,31.5486,31.6172,38.8252
14.8456,14.8043,0,14.8043,16.62,97.2957,655,38,0,2173,31.5513,31.6217,38.819
14.8575,5.87095,0,5.87095,16.62,97.2957,307,1,0,2175,31.5517,31.6221,38.8128
14.8641,2.55573,0,2.55573,16.6,97.1178,262,1,0,2176,31.557,31.6273,38.8097
14.8908,8.36334,0,8.36334,16.6,97.1178,290,3,0,2178,31.5537,31.6253,38.8035
14.8976,2.80421,0,2.80421,16.58,96.9399,290,1,0,2179,31.5695,31.6411,38.8004
14.9431,27.4545,0,27.4545,16.58,96.9399,455,3,0,2183,31.6216,31.6945,38.788
14.9568,8.61421,0,8.61421,16.56,96.762,559,0,0,2185,31.6343,31.7071,38.7818
15.0061,37.9154,0,37.9154,16.56,96.762,467,5,0,2189,31.7337,31.8054,38.7695
15.0234,12.3729,0,12.3729,16.54,96.5841,303,2,0,2191,31.7841,31.8558,38.7633
15.0321,0.874781,0,0.874781,16.54,96.5841,288,0,0,2192,31.7705,31.8422,38.7602
15.1605,124.154,12.2329,111.921,16.52,96.4063,17737,265,0,2196,31.6138,31.7131,38.7479
15.1674,1.77431,0,1.77431,16.5,96.2284,276,0,0,2196,31.6138,31.7131,38.7479
15.1891,2.68522,0,2.68522,16.5,96.2284,277,0,0,2197,31.6026,31.7019,38.7449
15.213,19.4,0,19.4,16.48,96.0505,306,2,0,2200,31.6155,31.7145,38.7357
15.2236,5.85703,0,5.85703,16.46,95.8726,376,2,0,2202,31.6499,31.7489,38.7296
15.2469,9.18756,0,9.18756,16.46,95.8726,300,2,0,2204,31.6343,31.7332,38.7234
15.2521,0.970104,0,0.970104,16.44,95.6947,290,1,0,2205,31.6213,31.7202,38.7204
15.2797,8.28562,0,8.28562,16.44,95.6947,330,2,0,2208,31.6042,31.7029,38.7112
15.2917,7.49252,0,7.49252,16.42,95.5169,330,1,0,2210,31.5824,31.681,38.7051
15.3086,3.7237,0,3.7237,16.42,95.5169,285,0,0,2211,31.5744,31.673,38.7021
15.3175,4.07942,0,4.07942,16.4,95.339,321,1,0,2213,31.559,31.6575,38.696
15.341,7.1601,0,7.1601,16.4,95.339,321,2,0,2215,31.5892,31.6876,38.6899
15.3574,11.8356,0,11.8356,16.38,95.1611,298,2,0,2217,31.571,31.6694,38.6838
15.3786,12.5362,0,12.5362,16.38,95.1611,340,7,0,2221,31.6308,31.7285,38.6717
15.3893,6.27343,0,6.27343,16.36,94.9832,301,1,0,2222,31.6823,31.7799,38.6687
15.4243,20.7259,0,20.7259,16.36,94.9832,436,2,0,2227,31.6969,31.7943,38.6535
15.4368,7.41099,0,7.41099,16.34,94.8053,306,2,0,2229,31.7842,31.8816,38.6475
15.4694,19.3599,0,19.3599,16.34,94.8053,316,2,0,2231,31.8014,31.8987,38.6415
15.4873,13.6002,0,13.6002,16.32,94.6274,441,4,0,2232,31.8495,31.9547,38.6385
15.5068,12.4732,0,12.4732,16.32,94.6274,390,1,0,2234,31.8872,31.9924,38.6324
15.5153,4.07759,0,4.07759,16.3,94.4496,314,1,0,2235,31.9333,32.0385,38.6294
15.5423,10.8379,0,10.8379,16.3,94.4496,318,3,0,2238,31.9267,32.0317,38.6204
15.5734,26.5609,0,26.5609,16.28,94.2717,364,4,0,2241,32.0638,32.1687,38.6114
15.602,24.0607,0,24.0607,16.26,94.0938,324,2,0,2243,32.0651,32.1699,38.6054
15.6181,11.4751,0,11.4751,16.24,93.9159,703,27,0,2246,32.1184,32.2235,38.5964
15.6365,10.0936,0,10.0936,16.24,93.9159,320,2,0,2248,32.1481,32.2531,38.5904
15.6659,24.4641,0,24.4641,16.22,93.738,663,2,0,2251,32.1813,32.2861,38.5815
15.6826,12.1815,0,12.1815,16.2,93.5602,350,4,0,2253,32.2028,32.308,38.5755
15.707,16.1393,0,16.1393,16.2,93.5602,313,1,0,2254,32.1961,32.3012,38.5725
15.7138,1.60071,0,1.60071,16.18,93.3823,316,0,0,2254,32.1961,32.3012,38.5725
15.7513,18.635,0,18.635,16.18,93.3823,496,2,0,2257,32.2096,32.3146,38.5636
15.7705,14.0887,0,14.0887,16.16,93.2044,527,2,0,2260,32.2243,32.3292,38.5547
15.7824,5.20333,0,5.20333,16.16,93.2044,366,0,0,2261,32.2326,32.3375,38.5517
15.7986,11.6336,0,11.6336,16.14,93.0265,370,3,0,2265,32.2106,32.3152,38.5399
15.8128,4.2306,0,4.2306,16.14,93.0265,362,0,0,2266,32.2109,32.3155,38.5369
15.8449,27.3668,0,27.3668,16.12,92.8486,561,3,0,2270,32.2991,32.4075,38.5251
15.8564,6.37267,0,6.37267,16.1,92.6708,332,1,0,2271,32.2919,32.4003,38.5221
15.8812,10.3814,0,10.3814,16.1,92.6708,410,4,0,2274,32.2995,32.4072,38.5133
15.9023,16.4106,0,16.4106,16.08,92.4929,374,3,0,2278,32.3323,32.4399,38.5015
15.9217,13.6679,0,13.6679,16.06,92.315,488,5,0,2281,32.352,32.4603,38.4926
15.9288,0.943553,0,0.943553,16.06,92.315,340,0,0,2281,32.352,32.4603,38.4926
15.9484,14.8704,0,14.8704,16.04,92.1371,402,3,0,2283,32.4174,32.5256,38.4868
15.9654,12.0744,0,12.0744,16.04,92.1371,373,3,0,2285,32.4451,32.5532,38.4809
15.9854,14.5445,0,14.5445,16.02,91.9592,366,2,0,2288,32.4698,32.5778,38.4721
16.0118,21.5104,0,21.5104,16.02,91.9592,378,2,0,2291,32.4544,32.5622,38.4633
16.0393,22.538,0,22.538,16,91.7814,443,4,0,2295,32.5224,32.6301,38.4517
16.0549,10.2998,0,10.2998,15.98,91.6035,401,2,0,2298,32.5318,32.6393,38.4429
16.0738,7.99045,0,7.99045,15.98,91.6035,394,2,0,2300,32.5413,32.6487,38.4371
16.0897,10.8753,0,10.8753,15.96,91.4256,448,5,0,2305,32.5948,32.702,38.4225
16.1104,10.5439,0,10.5439,15.96,91.4256,425,2,0,2307,32.5986,32.7057,38.4167
16.1238,8.8424,0,8.8424,15.94,91.2477,380,1,0,2308,32.6482,32.7552,38.4138
16.1391,3.05613,0,3.05613,15.94,91.2477,380,1,0,2309,32.6379,32.7449,38.4109
16.155,10.8661,0,10.8661,15.92,91.0698,472,3,0,2312,32.6574,32.7634,38.4023
16.1819,16.8006,0,16.8006,15.92,91.0698,422,4,0,2315,32.7629,32.8683,38.3936
16.1938,7.31079,0,7.31079,15.9,90.8919,368,0,0,2316,32.7522,32.8575,38.3907
16.2301,22.1231,0,22.1231,15.9,90.8919,403,2,0,2318,32.736,32.8412,38.3849
16.2511,15.4646,0,15.4646,15.88,90.7141,749,27,0,2320,32.7543,32.869,38.3792
16.2773,20.9631,0,20.9631,15.86,90.5362,442,1,0,2322,32.7696,32.8842,38.3734
16.2898,7.60656,0,7.60656,15.84,90.3583,410,2,0,2324,32.7659,32.8804,38.3676
16.3138,10.5686,0,10.5686,15.84,90.3583,490,0,0,2326,32.7674,32.8818,38.3619
16.4361,117.385,18.7607,98.6238,15.82,90.1804,17399,826,0,2328,32.5013,32.6074,38.3562
16.4484,7.054,0,7.054,15.8,90.0025,249,1,0,2329,32.5148,32.6209,38.3533
16.4688,6.73994,0,6.73994,15.8,90.0025,274,2,0,2332,32.5386,32.6445,38.3447
16.4839,11.1245,0,11.1245,15.78,89.8247,257,2,0,2334,32.5433,32.6491,38.339
16.51,15.8334,0,15.8334,15.78,89.8247,314,5,0,2336,32.5347,32.6408,38.3332
16.5338,17.9805,0,17.9805,15.76,89.6468,280,3,0,2339,32.5896,32.6956,38.3247
16.5435,5.25352,0,5.25352,15.74,89.4689,269,0,0,2340,32.5821,32.688,38.3218
16.5809,22.1042,0,22.1042,15.74,89.4689,314,5,0,2345,32.6128,32.7186,38.3076
16.5951,9.52092,0,9.52092,15.72,89.291,281,1,0,2346,32.607,32.7127,38.3047
16.617,10.5043,0,10.5043,15.72,89.291,300,1,0,2347,32.6225,32.7282,38.3019
16.6283,7.11181,0,7.11181,15.7,89.1131,272,1,0,2348,32.6193,32.7249,38.299
16.6491,6.64513,0,6.64513,15.7,89.1131,273,1,0,2349,32.6071,32.7126,38.2962
16.686,32.808,0,32.808,15.68,88.9353,373,10,0,2352,32.6322,32.7381,38.2877
16.7084,17.9312,0,17.9312,15.66,88.7574,350,3,0,2355,32.611,32.7168,38.2792
16.722,8.76886,0,8.76886,15.64,88.5795,307,2,0,2357,32.5889,32.6945,38.2735
16.766,31.9863,0,31.9863,15.64,88.5795,431,4,0,2360,32.7013,32.8093,38.265
16.7891,18.2929,0,18.2929,15.62,88.4016,418,4,0,2365,32.6626,32.7708,38.2509
16.8004,6.6892,0,6.6892,15.6,88.2237,311,1,0,2366,32.6796,32.7878,38.2481
16.8182,3.98839,0,3.98839,15.6,88.2237,321,2,0,2368,32.6584,32.7665,38.2425
16.8245,1.8104,0,1.8104,15.58,88.0459,319,1,0,2369,32.6556,32.7636,38.2397
16.8492,5.19725,0,5.19725,15.58,88.0459,320,0,0,2371,32.6377,32.7457,38.234
16.8702,16.6263,0,16.6263,15.56,87.868,403,1,0,2374,32.6862,32.794,38.2256
16.9038,28.594,0,28.594,15.54,87.6901,448,5,0,2377,32.7476,32.8565,38.2172
16.9311,22.2037,0,22.2037,15.52,87.5122,363,4,0,2381,32.7325,32.8412,38.206
16.9557,19.1306,0,19.1306,15.5,87.3343,381,4,0,2385,32.7543,32.8629,38.1948
16.9645,3.80499,0,3.80499,15.48,87.1565,419,0,0,2386,32.751,32.8596,38.192
16.9986,17.7988,0,17.7988,15.48,87.1565,351,1,0,2387,32.7926,32.9011,38.1892
17.0219,18.109,0,18.109,15.46,86.9786,438,4,0,2390,32.8452,32.9531,38.1809
17.0329,5.26855,0,5.26855,15.44,86.8007,376,2,0,2393,32.8379,32.9457,38.1725
17.0609,13.3868,0,13.3868,15.44,86.8007,358,1,0,2394,32.8396,32.9474,38.1698
17.0833,17.1104,0,17.1104,15.42,86.6228,421,2,0,2398,32.8812,32.9892,38.1587
17.0998,11.1167,0,11.1167,15.4,86.4449,384,1,0,2402,32.8888,32.9967,38.1476
17.1369,28.0741,0,28.0741,15.4,86.4449,704,3,0,2406,32.9011,33.0083,38.1365
17.1441,2.16352,0,2.16352,15.38,86.267,376,0,0,2407,32.9053,33.0125,38.1337
17.1869,24.1592,0,24.1592,15.38,86.267,968,35,0,2410,32.9066,33.0282,38.1255
17.1985,5.49613,0,5.49613,15.36,86.0892,356,0,0,2410,32.9066,33.0282,38.1255
17.2164,3.1422,0,3.1422,15.36,86.0892,391,0,0,2411,32.9063,33.0278,38.1227
17.2431,20.5541,0,20.5541,15.34,85.9113,519,16,0,2415,32.9222,33.0435,38.1117
17.2694,21.2206,0,21.2206,15.32,85.7334,387,2,0,2419,32.9611,33.0823,38.1007
17.2818,7.31987,0,7.31987,15.3,85.5555,375,3,0,2421,33.0161,33.1371,38.0952
17.2994,4.10154,0,4.10154,15.3,85.5555,374,1,0,2422,33.019,33.14,38.0925
17.3133,9.05807,0,9.05807,15.28,85.3776,375,2,0,2424,32.9971,33.118,38.087
17.3433,17.7515,0,17.7515,15.28,85.3776,385,2,0,2426,33.0095,33.1303,38.0815
17.3697,20.9685,0,20.9685,15.26,85.1998,408,8,0,2430,33.007,33.1276,38.0706
17.3804,5.61901,0,5.61901,15.24,85.0219,386,0,0,2432,33.0296,33.1501,38.0651
17.4015,5.98059,0,5.98059,15.24,85.0219,389,2,0,2434,33.0115,33.1319,38.0597
17.4137,7.45041,0,7.45041,15.22,84.844,369,1,0,2435,33.0066,33.1269,38.0569
17.4301,2.5211,0,2.5211,15.22,84.844,383,2,0,2437,32.9951,33.1153,38.0515
17.445,10.0907,0,10.0907,15.2,84.6661,370,1,0,2438,33.0234,33.1436,38.0488
17.4926,36.3426,0,36.3426,15.2,84.6661,456,7,0,2443,33.149,33.2681,38.0352
17.5122,14.3343,0,14.3343,15.18,84.4882,505,6,0,2446,33.1852,33.3058,38.027
17.5398,21.8439,0,21.8439,15.18,84.4882,372,2,0,2448,33.1618,33.2823,38.0216
17.5613,16.223,0,16.223,15.16,84.3104,378,1,0,2449,33.2332,33.3536,38.0189
17.5933,26.8952,0,26.8952,15.14,84.1325,538,5,0,2453,33.3192,33.4386,38.0081
17.6103,11.9121,0,11.9121,15.12,83.9546,433,2,0,2457,33.3431,33.4624,37.9973
17.6232,3.8591,0,3.8591,15.12,83.9546,368,2,0,2458,33.3478,33.467,37.9946
17.6616,32.3684,0,32.3684,15.1,83.7767,396,2,0,2461,33.4076,33.5266,37.9865
17.671,3.39006,0,3.39006,15.08,83.5988,392,1,0,2463,33.389,33.5079,37.9811
17.6935,5.62309,0,5.62309,15.08,83.5988,476,1,0,2465,33.3984,33.5172,37.9758
17.7111,12.157,0,12.157,15.06,83.421,355,1,0,2466,33.3852,33.5041,37.9731
17.7297,9.98555,0,9.98555,15.06,83.421,409,1,0,2468,33.393,33.5118,37.9677
17.7516,16.5534,0,16.5534,15.04,83.2431,365,2,0,2470,33.3899,33.5085,37.9623
17.7756,18.9889,0,18.9889,15.02,83.0652,590,6,0,2473,33.4404,33.5576,37.9543
17.7977,16.8874,0,16.8874,15,82.8873,440,1,0,2475,33.4545,33.5717,37.949
17.8176,14.9708,0,14.9708,14.98,82.7094,374,2,0,2477,33.457,33.5741,37.9436
17.8461,22.7566,0,22.7566,14.98,82.7094,382,3,0,2480,33.5492,33.6661,37.9356
17.8594,8.34355,0,8.34355,14.96,82.5315,470,2,0,2483,33.5578,33.6746,37.9276
17.8906,18.928,0,18.928,14.96,82.5315,402,3,0,2486,33.5969,33.7136,37.9196
17.9033,6.61658,0,6.61658,14.94,82.3537,398,3,0,2489,33.5717,33.6882,37.9116
17.9195,1.94813,0,1.94813,14.94,82.3537,370,1,0,2490,33.5651,33.6815,37.909
17.9306,5.50739,0,5.50739,14.92,82.1758,364,1,0,2491,33.5829,33.6993,37.9063
17.9566,10.8836,0,10.8836,14.92,82.1758,417,1,0,2493,33.6121,33.7284,37.901
17.9629,0.768866,0,0.768866,14.9,81.9979,346,0,0,2493,33.6121,33.7284,37.901
17.9904,7.73939,0,7.73939,14.9,81.9979,419,2,0,2495,33.624,33.7403,37.8957
17.9982,2.84864,0,2.84864,14.88,81.82,359,1,0,2496,33.6306,33.7468,37.8931
18.0323,15.108,0,15.108,14.88,81.82,379,5,0,2498,33.6273,33.7446,37.8878
18.0565,20.0283,0,20.0283,14.86,81.6421,505,2,0,2501,33.6489,33.7661,37.8799
18.0668,4.79732,0,4.79732,14.84,81.4643,369,1,0,2502,33.6419,33.759,37.8772
18.0864,3.66456,0,3.66456,14.84,81.4643,359,0,0,2502,33.6419,33.759,37.8772
18.1124,21.0689,0,21.0689,14.82,81.2864,682,27,0,2505,33.7413,33.8631,37.8693
18.1197,1.1561,0,1.1561,14.8,81.1085,369,0,0,2505,33.7413,33.8631,37.8693
18.163,24.4359,0,24.4359,14.8,81.1085,415,3,0,2508,33.7791,33.9007,37.8614
18.1927,24.4576,0,24.4576,14.78,80.9306,440,2,0,2510,33.8769,33.9984,37.8561
18.2202,22.3055,0,22.3055,14.76,80.7527,389,3,0,2513,33.8818,34.0032,37.8482
18.2381,11.7372,0,11.7372,14.74,80.5749,411,3,0,2516,33.9348,34.056,37.8404
18.2614,14.2349,0,14.2349,14.74,80.5749,488,1,0,2519,33.9809,34.102,37.8325
18.2784,12.3257,0,12.3257,14.72,80.397,414,2,0,2521,34.0147,34.1357,37.8273
18.3044,16.7824,0,16.7824,14.72,80.397,392,3,0,2523,34.0927,34.2136,37.822
18.3132,2.77051,0,2.77051,14.7,80.2191,364,0,0,2524,34.0848,34.2056,37.8194
18.3435,12.7476,0,12.7476,14.7,80.2191,585,1,0,2526,34.1374,34.2581,37.8142
18.3613,12.2206,0,12.2206,14.68,80.0412,381,3,0,2529,34.1344,34.255,37.8064
18.3784,8.63669,0,8.63669,14.68,80.0412,371,3,0,2531,34.194,34.3145,37.8011
18.3907,6.68362,0,6.68362,14.66,78.2657,380,1,0,2532,34.1943,34.3148,37.7985
18.4287,24.4595,0,24.4595,14.66,78.2657,426,2,0,2535,34.1767,34.297,37.7907
18.4438,8.97123,0,8.97123,14.64,78.0502,389,0,0,2537,34.1687,34.2889,37.7855
18.4662,10.9687,0,10.9687,14.64,78.0502,410,2,0,2539,34.1646,34.2848,37.7803
18.4812,9.39436,0,9.39436,14.62,77.8366,378,1,0,2540,34.1768,34.2969,37.7777
18.4971,4.15118,0,4.15118,14.62,77.8366,387,1,0,2541,34.17,34.29,37.7751
18.5163,13.5436,0,13.5436,14.6,77.624,553,1,0,2543,34.1541,34.2741,37.77
18.5306,7.11552,0,7.11552,14.6,77.624,388,2,0,2545,34.147,34.2668,37.7648
18.558,21.8255,0,21.8255,14.58,77.4122,402,3,0,2549,34.1907,34.3103,37.7544
18.5781,13.9838,0,13.9838,14.56,77.2013,438,1,0,2552,34.1661,34.2857,37.7467
18.5867,2.84353,0,2.84353,14.56,77.2013,378,1,0,2553,34.1778,34.2973,37.7441
18.5974,5.52563,0,5.52563,14.54,76.9912,378,1,0,2554,34.1684,34.2878,37.7415
18.6218,8.7588,0,8.7588,14.54,76.9912,464,10,0,2557,34.2311,34.3461,37.7338
18.6326,4.16134,0,4.16134,14.52,76.782,398,0,0,2558,34.2439,34.3589,37.7312
18.6554,6.58524,0,6.58524,14.52,76.782,395,1,0,2560,34.2313,34.3461,37.7261
18.6731,11.8156,0,11.8156,14.5,76.5736,448,1,0,2562,34.2354,34.3501,37.7209
18.6864,4.39458,0,4.39458,14.5,76.5736,394,1,0,2563,34.2427,34.3574,37.7184
18.7117,19.517,0,19.517,14.48,76.3661,378,1,0,2564,34.2637,34.3783,37.7158
18.72,3.19978,0,3.19978,14.46,76.1593,462,0,0,2565,34.2729,34.3875,37.7132
18.7461,8.21884,0,8.21884,14.46,76.1593,397,1,0,2566,34.2825,34.3971,37.7107
18.779,27.3072,0,27.3072,14.44,75.9628,473,3,0,2570,34.3307,34.4451,37.7004
18.795,10.2106,0,10.2106,14.42,75.7863,405,1,0,2571,34.3189,34.4333,37.6978
18.8073,1.77074,0,1.77074,14.42,75.7863,395,0,0,2571,34.3189,34.4333,37.6978
18.8302,17.941,0,17.941,14.4,75.6103,405,1,0,2572,34.3215,34.4358,37.6953
18.8438,8.28799,0,8.28799,14.38,75.4347,405,1,0,2573,34.3871,34.5014,37.6927
18.8746,17.6531,0,17.6531,14.38,75.4347,501,3,0,2577,34.4505,34.5646,37.6825
18.8898,9.47787,0,9.47787,14.36,75.2596,427,2,0,2579,34.4765,34.5905,37.6774
18.9097,9.16733,0,9.16733,14.36,75.2596,413,1,0,2581,34.4552,34.5692,37.6723
18.9226,6.63013,0,6.63013,14.34,75.0849,423,2,0,2583,34.4483,34.5621,37.6672
18.9381,2.19385,0,2.19385,14.34,75.0849,403,1,0,2584,34.4489,34.5627,37.6647
18.9552,10.897,0,10.897,14.32,74.9107,419,1,0,2585,34.4739,34.5876,37.6621
18.9711,6.65142,0,6.65142,14.32,74.9107,521,0,0,2586,34.4915,34.6052,37.6596
19.0019,24.626,0,24.626,14.3,74.7369,419,2,0,2588,34.5135,34.6271,37.6545
19.0168,9.34455,0,9.34455,14.28,74.5651,418,1,0,2590,34.5162,34.6297,37.6494
19.0451,17.3071,0,17.3071,14.28,74.5651,434,1,0,2591,34.5291,34.6426,37.6469
19.0545,3.66488,0,3.66488,14.26,74.4239,407,0,0,2592,34.5201,34.6335,37.6444
19.0738,1.85241,0,1.85241,14.26,74.4239,397,0,0,2592,34.5201,34.6335,37.6444
19.093,13.3811,0,13.3811,14.24,74.2826,427,3,0,2595,34.536,34.6493,37.6368
19.1014,0.88846,0,0.88846,14.24,74.2826,397,0,0,2595,34.536,34.6493,37.6368
19.1411,33.2087,0,33.2087,14.22,74.1413,568,8,0,2600,34.5712,34.6835,37.6241
19.1778,30.7945,0,30.7945,14.2,74.0001,414,2,0,2602,34.6022,34.7145,37.6191
19.1854,1.91264,0,1.91264,14.18,73.8588,428,1,0,2603,34.5993,34.7115,37.6165
19.2099,5.55466,0,5.55466,14.18,73.8588,414,1,0,2604,34.5872,34.6993,37.614
19.2403,25.0375,0,25.0375,14.16,73.7176,450,3,0,2607,34.6935,34.8055,37.6065
19.2556,9.22384,0,9.22384,14.14,73.5763,435,2,0,2609,34.7022,34.8141,37.6014
19.2724,5.55652,0,5.55652,14.14,73.5763,428,1,0,2610,34.6935,34.8054,37.5989
19.285,7.28228,0,7.28228,14.12,73.4351,446,3,0,2613,34.7524,34.8641,37.5914
19.3066,8.14302,0,8.14302,14.12,73.4351,435,1,0,2614,34.7506,34.8623,37.5889
19.3168,4.4613,0,4.4613,14.1,73.2938,429,1,0,2615,34.7637,34.8753,37.5863
19.346,12.7644,0,12.7644,14.1,73.2938,446,3,0,2618,34.7697,34.8812,37.5788
19.361,9.78549,0,9.78549,14.08,73.1526,609,1,0,2620,34.8309,34.9424,37.5738
19.3811,8.32195,0,8.32195,14.08,73.1526,474,2,0,2623,34.8033,34.9146,37.5663
19.3923,5.88309,0,5.88309,14.06,73.0113,460,2,0,2625,34.8168,34.928,37.5613
19.4272,19.4719,0,19.4719,14.06,73.0113,476,3,0,2629,34.8041,34.9152,37.5513
19.4476,12.8491,0,12.8491,14.04,72.8701,437,2,0,2632,34.7861,34.897,37.5438
19.4674,14.2699,0,14.2699,14.04,72.8701,574,2,0,2634,34.8071,34.918,37.5389
19.4753,2.02178,0,2.02178,14.02,72.7288,410,1,0,2635,34.7966,34.9074,37.5364
19.5003,6.89778,0,6.89778,14.02,72.7288,422,1,0,2638,34.7998,34.9105,37.5289
19.5191,12.8978,0,12.8978,14,72.5876,420,1,0,2640,34.7746,34.8852,37.524
19.532,5.45715,0,5.45715,14,72.5876,463,1,0,2642,34.7665,34.877,37.519
19.5946,56.5965,17.8887,38.7079,13.98,72.4463,7533,193,0,2642,34.592,34.7248,37.519
19.6212,20.423,0,20.423,13.96,72.3051,433,2,0,2644,34.6725,34.8052,37.514
19.6314,4.85922,0,4.85922,13.94,72.1638,389,1,0,2645,34.7002,34.8329,37.5116
19.6752,26.9432,0,26.9432,13.94,72.1638,415,3,0,2649,34.7191,34.8516,37.5017
19.6943,13.2982,0,13.2982,13.92,72.0225,416,3,0,2653,34.7407,34.873,37.4918
19.7076,6.43367,0,6.43367,13.92,72.0225,392,1,0,2654,34.7291,34.8613,37.4893
19.7155,2.60469,0,2.60469,13.9,71.8813,392,0,0,2654,34.7291,34.8613,37.4893
19.7623,28.1848,0,28.1848,13.9,71.8813,565,8,0,2657,34.7324,34.8638,37.4819
19.77,2.09548,0,2.09548,13.88,71.74,433,0,0,2658,34.7336,34.8649,37.4795
19.7969,8.65264,0,8.65264,13.88,71.74,448,1,0,2660,34.7327,34.8639,37.4745
19.8191,16.6421,0,16.6421,13.86,71.5988,435,2,0,2663,34.8167,34.9478,37.4672
19.8291,4.67007,0,4.67007,13.84,71.4575,416,1,0,2665,34.8068,34.9377,37.4622
19.8507,5.02298,0,5.02298,13.84,71.4575,414,2,0,2667,34.8376,34.9685,37.4573
19.8855,29.279,0,29.279,13.82,71.3163,710,10,0,2671,34.8622,34.9966,37.4475
19.9068,15.5125,0,15.5125,13.8,71.175,405,2,0,2673,34.8477,34.982,37.4426
19.9541,41.2275,0,41.2275,13.78,71.0338,504,7,0,2678,34.9832,35.118,37.4304
19.9929,33.0661,0,33.0661,13.76,70.8925,417,2,0,2680,35.119,35.2537,37.4255
20.0002,1.67237,0,1.67237,13.74,70.7513,382,0,0,2680,35.119,35.2537,37.4255
20.0578,38.6792,0,38.6792,13.74,70.7513,515,4,0,2684,35.1766,35.3111,37.4158
20.073,9.18989,0,9.18989,13.72,70.61,415,2,0,2686,35.1888,35.3232,37.4109
20.0906,6.58296,0,6.58296,13.72,70.61,410,1,0,2687,35.2054,35.3398,37.4085
20.118,21.3517,0,21.3517,13.7,70.4688,449,0,0,2688,35.2206,35.3549,37.4061
20.1446,20.8981,0,20.8981,13.68,70.3275,415,3,0,2691,35.2412,35.3753,37.3988
20.1507,1.23453,0,1.23453,13.66,70.1863,375,0,0,2691,35.2412,35.3753,37.3988
20.1979,26.9549,0,26.9549,13.66,70.1863,404,2,0,2693,35.267,35.401,37.3939
20.2148,11.0843,0,11.0843,13.64,70.045,463,3,0,2697,35.2896,35.4234,37.3842
20.2455,20.756,0,20.756,13.64,70.045,597,23,0,2699,35.2534,35.4109,37.3794
20.2763,25.4934,0,25.4934,13.62,69.9037,553,2,0,2702,35.3501,35.5074,37.3721
20.2889,6.97027,0,6.97027,13.6,69.7625,375,1,0,2704,35.3306,35.4878,37.3673
20.3059,3.05296,0,3.05296,13.6,69.7625,367,1,0,2705,35.3224,35.4795,37.3649
20.3397,28.8651,0,28.8651,13.58,69.6212,529,4,0,2707,35.3772,35.536,37.3601
20.349,3.73452,0,3.73452,13.56,69.48,372,0,0,2708,35.3645,35.5233,37.3577
20.3712,5.0962,0,5.0962,13.56,69.48,381,1,0,2710,35.3557,35.5144,37.3528
20.3798,3.36695,0,3.36695,13.54,69.3387,377,1,0,2711,35.3644,35.5231,37.3504
20.4166,18.8288,0,18.8288,13.54,69.3387,387,2,0,2713,35.3808,35.5393,37.3456
20.4293,6.43883,0,6.43883,13.52,69.1975,465,2,0,2715,35.4155,35.5738,37.3408
20.4746,30.8636,0,30.8636,13.52,69.1975,673,7,0,2718,35.4441,35.6096,37.3336
20.5032,22.5795,0,22.5795,13.5,69.0562,390,3,0,2721,35.4142,35.5796,37.3264
20.528,19.4936,0,19.4936,13.48,68.915,691,1,0,2723,35.4638,35.6291,37.3216
20.5429,9.28312,0,9.28312,13.46,68.7737,372,2,0,2725,35.4741,35.6393,37.3168
20.5721,17.5102,0,17.5102,13.46,68.7737,386,2,0,2727,35.4705,35.6355,37.312
20.6009,23.2739,0,23.2739,13.44,68.6325,375,2,0,2729,35.4723,35.6372,37.3073
20.6204,14.1437,0,14.1437,13.42,68.4912,385,3,0,2732,35.5157,35.6805,37.3001
20.642,15.3682,0,15.3682,13.4,68.35,460,2,0,2734,35.5834,35.748,37.2953
20.6685,19.5355,0,19.5355,13.38,68.2087,457,3,0,2736,35.6082,35.773,37.2906
20.6845,10.1407,0,10.1407,13.36,68.0674,363,1,0,2737,35.6145,35.7793,37.2882
20.7049,9.86779,0,9.86779,13.36,68.0674,405,1,0,2739,35.6148,35.7795,37.2834
20.731,20.3517,0,20.3517,13.34,67.9262,481,2,0,2742,35.6641,35.8286,37.2763
20.7592,22.2792,0,22.2792,13.32,67.7849,513,2,0,2744,35.6888,35.8531,37.2716
20.7676,2.81715,0,2.81715,13.3,67.6437,374,2,0,2746,35.6737,35.8379,37.2668
20.7971,11.0578,0,11.0578,13.3,67.6437,497,2,0,2749,35.6766,35.8407,37.2597
20.8213,18.4621,0,18.4621,13.28,67.5024,367,3,0,2751,35.6652,35.8292,37.255
20.8367,9.78754,0,9.78754,13.26,67.3612,388,3,0,2754,35.699,35.8627,37.2479
20.8695,21.0876,0,21.0876,13.26,67.3612,370,2,0,2756,35.7522,35.9158,37.2431
20.8793,4.14115,0,4.14115,13.24,67.2199,347,1,0,2757,35.7595,35.9231,37.2408
20.9076,11.325,0,11.325,13.24,67.2199,347,1,0,2759,35.7655,35.929,37.2361
20.9299,17.0145,0,17.0145,13.22,67.0787,357,2,0,2761,35.7968,35.9602,37.2313
20.9388,2.30687,0,2.30687,13.2,66.9374,342,1,0,2762,35.7867,35.95,37.229
20.9768,19.7078,0,19.7078,13.2,66.9374,424,3,0,2766,35.8102,35.9732,37.2196
20.987,4.56816,0,4.56816,13.18,66.7962,362,2,0,2768,35.8237,35.9866,37.2149
21.0081,5.22889,0,5.22889,13.18,66.7962,395,2,0,2771,35.825,35.9877,37.2078
21.015,1.58381,0,1.58381,13.16,66.6549,335,0,0,2771,35.825,35.9877,37.2078
21.049,13.9692,0,13.9692,13.16,66.6549,348,1,0,2773,35.859,36.0216,37.2031
21.0794,23.7548,0,23.7548,13.14,66.5137,355,2,0,2775,35.8515,36.0141,37.1985
21.1188,33.8726,0,33.8726,13.12,66.3724,541,4,0,2778,35.8844,36.0493,37.1914
21.1325,6.81792,0,6.81792,13.1,66.2312,481,0,0,2779,35.9417,36.1065,37.1891
21.1533,7.77718,0,7.77718,13.1,66.2312,368,1,0,2781,35.9421,36.1068,37.1844
21.1869,26.9218,0,26.9218,13.08,66.0899,505,3,0,2785,35.982,36.1465,37.1751
21.2148,21.436,0,21.436,13.06,65.9486,471,1,0,2788,36.0538,36.2181,37.1681
21.2322,10.4487,0,10.4487,13.04,65.8074,344,0,0,2788,36.0538,36.2181,37.1681
21.2465,4.94407,0,4.94407,13.04,65.8074,373,1,0,2789,36.0437,36.208,37.1657
21.258,4.02351,0,4.02351,13.02,65.6661,354,1,0,2790,36.0462,36.2104,37.1634
21.285,11.6764,0,11.6764,13.02,65.6661,419,2,0,2792,36.0308,36.1948,37.1588
21.3072,16.1295,0,16.1295,13,65.5249,395,3,0,2795,36.0093,36.1732,37.1518
21.3397,26.6208,0,26.6208,12.98,65.3836,393,4,0,2799,35.9996,36.1633,37.1425
21.3529,7.2371,0,7.2371,12.96,65.2424,361,3,0,2802,35.9707,36.1342,37.1356
21.374,8.39848,0,8.39848,12.96,65.2424,349,2,0,2804,35.9929,36.1562,37.1309
21.3933,12.6568,0,12.6568,12.94,65.1011,338,2,0,2806,36.0121,36.1753,37.1263
21.4043,3.60616,0,3.60616,12.94,65.1011,321,1,0,2807,36.031,36.1942,37.124
21.4176,7.72176,0,7.72176,12.92,64.9599,325,1,0,2808,36.0488,36.2119,37.1217
21.4504,19.3816,0,19.3816,12.92,64.9599,473,2,0,2811,36.0829,36.2458,37.1147
21.4651,7.86229,0,7.86229,12.9,64.8186,363,2,0,2814,36.0711,36.2338,37.1078
21.4829,5.23094,0,5.23094,12.9,64.8186,371,3,0,2817,36.0621,36.2247,37.1009
21.4926,4.27916,0,4.27916,12.88,64.6774,346,1,0,2820,36.034,36.1965,37.094
21.5127,3.613,0,3.613,12.88,64.6774,325,1,0,2821,36.0227,36.185,37.0917
21.5341,15.4974,0,15.4974,12.86,64.5361,325,1,0,2822,36.0361,36.1984,37.0894
21.5506,10.9062,0,10.9062,12.84,64.3949,317,1,0,2823,36.0613,36.2235,37.0871
21.5703,9.46165,0,9.46165,12.84,64.3949,326,2,0,2825,36.0474,36.2096,37.0825
21.5854,8.5985,0,8.5985,12.82,64.2536,324,1,0,2827,36.0276,36.1896,37.0779
21.6305,33.4974,0,33.4974,12.82,64.2536,354,4,0,2831,36.0812,36.243,37.0688
21.6584,21.2666,0,21.2666,12.8,64.1124,737,0,0,2834,36.1733,36.3349,37.0619
21.6844,19.6963,0,19.6963,12.78,63.9711,333,2,0,2837,36.178,36.3394,37.055
21.7821,91.4556,47.3107,44.1449,12.76,63.8298,10727,578,0,2837,36.0226,36.2133,37.055
21.7951,7.07967,0,7.07967,12.74,76.9618,316,1,0,2838,36.0236,36.2142,37.0528
21.8309,21.9553,0,21.9553,12.74,76.9618,318,2,0,2840,36.0056,36.1961,37.0482
21.8365,0.742851,0,0.742851,12.72,76.7567,294,0,0,2840,36.0056,36.1961,37.0482
21.8721,13.5944,0,13.5944,12.72,76.7567,345,2,0,2842,36.0359,36.2262,37.0436
21.894,16.6652,0,16.6652,12.7,76.5518,329,4,0,2845,36.1086,36.2988,37.0368
21.9026,3.76877,0,3.76877,12.68,76.3473,327,1,0,2846,36.1082,36.2983,37.0345
21.9366,16.1236,0,16.1236,12.68,76.3473,312,1,0,2847,36.1496,36.3397,37.0323
21.9537,11.8772,0,11.8772,12.66,76.143,330,2,0,2849,36.133,36.3229,37.0277
21.965,2.88414,0,2.88414,12.66,76.143,302,0,0,2850,36.1232,36.313,37.0254
21.9787,8.95999,0,8.95999,12.64,75.939,310,0,0,2852,36.1013,36.291,37.0209
22.008,16.7235,0,16.7235,12.64,75.939,344,2,0,2855,36.1019,36.2914,37.0141
22.0189,5.96245,0,5.96245,12.62,75.7411,341,1,0,2857,36.0942,36.2835,37.0096
22.0513,18.005,0,18.005,12.62,75.7411,305,2,0,2859,36.0874,36.2767,37.005
22.0879,31.0874,0,31.0874,12.6,75.5507,398,2,0,2861,36.1597,36.3488,37.0005
22.0976,4.47408,0,4.47408,12.58,75.3587,337,3,0,2864,36.1638,36.3527,36.9937
22.1229,8.94809,0,8.94809,12.58,75.3587,305,3,0,2865,36.2056,36.3941,36.9915
22.1401,12.5375,0,12.5375,12.56,75.1652,578,2,0,2868,36.2308,36.4191,36.9847
22.1661,17.3018,0,17.3018,12.56,75.1652,304,1,0,2869,36.2262,36.4144,36.9824
22.1792,8.11266,0,8.11266,12.54,74.9701,301,1,0,2870,36.2195,36.4077,36.9802
22.1936,1.99308,0,1.99308,12.54,74.9701,291,0,0,2870,36.2195,36.4077,36.9802
22.2259,27.7774,0,27.7774,12.52,74.7734,322,3,0,2874,36.223,36.4109,36.9712
22.236,5.07388,0,5.07388,12.5,74.5751,308,2,0,2876,36.218,36.4058,36.9667
22.257,5.33568,0,5.33568,12.5,74.5751,298,1,0,2877,36.2284,36.4161,36.9644
22.2696,7.3947,0,7.3947,12.48,74.3752,338,2,0,2881,36.1961,36.3835,36.9555
22.2905,6.83297,0,6.83297,12.48,74.3752,321,1,0,2883,36.1984,36.3857,36.951
22.304,8.99537,0,8.99537,12.46,74.1737,312,2,0,2886,36.2058,36.3929,36.9442
22.3189,2.32207,0,2.32207,12.46,74.1737,309,0,0,2887,36.1943,36.3814,36.942
22.3384,15.0223,0,15.0223,12.44,73.9705,310,2,0,2889,36.1997,36.3866,36.9375
22.3519,7.7476,0,7.7476,12.42,73.7657,283,1,0,2890,36.1879,36.3747,36.9353
22.3718,7.19575,0,7.19575,12.42,73.7657,336,2,0,2892,36.2064,36.3932,36.9308
22.4125,35.1386,0,35.1386,12.4,73.5593,387,4,0,2896,36.1875,36.3729,36.9219
22.4388,21.0596,0,21.0596,12.38,73.3512,281,2,0,2898,36.2619,36.4472,36.9174
22.4469,1.76421,0,1.76421,12.36,73.1421,267,0,0,2898,36.2619,36.4472,36.9174
22.4671,1.70204,0,1.70204,12.36,73.1421,267,0,0,2898,36.2619,36.4472,36.9174
22.4846,11.9795,0,11.9795,12.34,72.9326,308,2,0,2900,36.3097,36.4948,36.913
22.5085,15.5385,0,15.5385,12.34,72.9326,287,2,0,2902,36.3057,36.4907,36.9085
22.5162,2.77433,0,2.77433,12.32,72.7226,277,0,0,2903,36.298,36.4829,36.9063
22.5559,21.7937,0,21.7937,12.32,72.7226,331,1,0,2906,36.3207,36.5055,36.8996
22.5768,16.3288,0,16.3288,12.3,72.5122,448,1,0,2908,36.4182,36.6028,36.8952
22.5844,2.36286,0,2.36286,12.28,72.3013,388,0,0,2909,36.4135,36.5981,36.893
22.6135,10.7235,0,10.7235,12.28,72.3013,278,2,0,2911,36.4205,36.6049,36.8886
22.6372,19.2841,0,19.2841,12.26,72.0899,295,4,0,2915,36.401,36.5852,36.8797
22.6575,15.4611,0,15.4611,12.24,71.8781,262,1,0,2916,36.3889,36.573,36.8775
22.6724,8.48551,0,8.48551,12.22,71.6658,279,1,0,2917,36.3915,36.5756,36.8753
22.6961,11.3243,0,11.3243,12.22,71.6658,271,1,0,2918,36.3828,36.5668,36.8731
22.7347,32.3225,0,32.3225,12.2,71.4529,313,2,0,2921,36.3762,36.5601,36.8664
22.7491,8.92839,0,8.92839,12.18,71.2554,322,2,0,2925,36.3679,36.5515,36.8576
22.7649,4.56927,0,4.56927,12.18,71.2554,263,1,0,2926,36.364,36.5475,36.8554
22.7815,11.5893,0,11.5893,12.16,71.0664,306,3,0,2929,36.4005,36.5838,36.8488
22.8085,18.2519,0,18.2519,12.16,71.0664,283,3,0,2932,36.4025,36.5856,36.8422
22.8362,22.851,0,22.851,12.14,70.8774,358,1,0,2934,36.424,36.607,36.8378
22.8453,4.09411,0,4.09411,12.12,63.8665,282,1,0,2936,36.4128,36.5957,36.8334
22.8839,22.5009,0,22.5009,12.12,63.8665,552,3,0,2940,36.4827,36.6653,36.8246
22.8948,5.46778,0,5.46778,12.1,63.6347,311,0,0,2941,36.4794,36.662,36.8224
22.9328,22.5146,0,22.5146,12.1,63.6347,305,3,0,2944,36.5414,36.7238,36.8159
22.9622,24.4629,0,24.4629,12.08,69.4,619,14,0,2947,36.6661,36.8521,36.8093
22.9729,5.35714,0,5.35714,12.06,63.2037,299,2,0,2950,36.6353,36.821,36.8028
22.9918,3.97249,0,3.97249,12.06,63.2037,324,1,0,2952,36.6396,36.8252,36.7984
23.0643,67.2412,25.0033,42.2379,12.04,62.9709,8680,593,0,2953,36.533,36.7653,36.7962
23.0778,7.74804,0,7.74804,12.02,62.7388,240,1,0,2955,36.5191,36.7513,36.7919
23.1008,10.9945,0,10.9945,12.02,62.7388,245,2,0,2957,36.5343,36.7663,36.7875
23.1305,25.0366,0,25.0366,12,62.5072,287,2,0,2961,36.5447,36.7764,36.7788
23.1722,36.894,0,36.894,11.98,62.2763,250,2,0,2964,36.5574,36.7888,36.7723
23.1968,18.9699,0,18.9699,11.96,62.0458,260,2,0,2967,36.5895,36.8207,36.7658
23.2075,5.40617,0,5.40617,11.94,61.816,234,1,0,2968,36.596,36.8272,36.7636
23.2374,15.2412,0,15.2412,11.94,61.816,234,1,0,2970,36.6007,36.8316,36.7593
23.2531,10.9635,0,10.9635,11.92,61.5866,232,1,0,2972,36.5814,36.8122,36.755
23.2977,34.7371,0,34.7371,11.92,61.5866,245,2,0,2974,36.6954,36.926,36.7506
23.3168,14.0779,0,14.0779,11.9,61.3876,270,2,0,2976,36.744,36.9745,36.7463
23.338,14.9122,0,14.9122,11.9,61.3876,276,4,0,2980,36.7473,36.9775,36.7377
23.3439,1.38025,0,1.38025,11.88,61.1902,222,0,0,2980,36.7473,36.9775,36.7377
23.3718,8.64892,0,8.64892,11.88,61.1902,232,1,0,2981,36.8001,37.0302,36.7355
23.3788,3.07287,0,3.07287,11.86,60.9935,222,0,0,2982,36.7891,37.0191,36.7334
23.4055,8.48489,0,8.48489,11.86,60.9935,267,0,0,2983,36.8012,37.0312,36.7312
23.4202,10.8123,0,10.8123,11.84,60.7975,245,2,0,2985,36.7993,37.0291,36.7269
23.4599,29.0455,0,29.0455,11.84,60.7975,267,1,0,2987,36.836,37.0656,36.7226
23.4712,6.28653,0,6.28653,11.82,60.6021,240,2,0,2989,36.8274,37.0569,36.7183
23.5082,23.1289,0,23.1289,11.82,60.6021,250,3,0,2992,36.87,37.0993,36.7118
23.5279,15.3597,0,15.3597,11.8,60.4074,254,2,0,2994,36.8684,37.0975,36.7075
23.5349,2.29345,0,2.29345,11.8,60.4074,241,1,0,2995,36.8628,37.0918,36.7054
23.5619,23.2369,0,23.2369,11.78,68.5901,2283,58,0,2999,36.8116,37.0493,36.6968
23.5686,1.57359,0,1.57359,11.76,60.0942,232,0,0,2999,36.8116,37.0493,36.6968
23.6015,14.6425,0,14.6425,11.76,60.0942,242,1,0,3000,36.804,37.0417,36.6947
23.6232,17.3569,0,17.3569,11.74,59.8748,346,3,0,3004,36.8046,37.0419,36.6861
23.6455,17.6458,0,17.6458,11.72,59.6806,473,2,0,3005,36.8506,37.0872,36.684
23.6574,7.01888,0,7.01888,11.7,59.4953,254,1,0,3007,36.846,37.0825,36.6797
23.6769,5.51076,0,5.51076,11.7,59.4953,260,1,0,3009,36.8282,37.0645,36.6755
23.7102,28.5272,0,28.5272,11.68,59.3313,280,3,0,3012,36.8343,37.0704,36.6691
23.7241,8.54599,0,8.54599,11.66,59.1672,280,1,0,3013,36.8341,37.07,36.6669
23.7384,2.0311,0,2.0311,11.66,59.1672,240,0,0,3013,36.8341,37.07,36.6669
23.768,25.4059,0,25.4059,11.64,59.0031,367,5,0,3018,36.8718,37.1074,36.6563
23.7903,17.724,0,17.724,11.62,58.839,316,1,0,3020,36.8977,37.1331,36.652
23.8115,16.4082,0,16.4082,11.6,58.6749,260,2,0,3022,36.9007,37.136,36.6478
23.846,30.0431,0,30.0431,11.58,58.5108,272,3,0,3026,36.9296,37.1646,36.6393
23.8569,6.02587,0,6.02587,11.56,58.3467,256,1,0,3027,36.9511,37.186,36.6372
23.8895,17.7251,0,17.7251,11.56,58.3467,266,2,0,3029,36.9759,37.2106,36.6329
23.9117,18.1989,0,18.1989,11.54,58.1827,271,1,0,3031,36.967,37.2016,36.6287
23.956,39.878,0,39.878,11.52,58.0186,276,3,0,3034,37.0778,37.3121,36.6224
23.982,21.339,0,21.339,11.5,57.8545,386,1,0,3036,37.1258,37.36,36.6181
24.0057,18.8314,0,18.8314,11.48,57.6904,288,3,0,3039,37.1691,37.4031,36.6118
24.0284,18.4796,0,18.4796,11.46,57.5263,502,4,0,3043,37.185,37.4187,36.6034
24.0491,15.7812,0,15.7812,11.44,57.3622,263,1,0,3044,37.1873,37.4208,36.6013
24.0596,5.82025,0,5.82025,11.42,57.1981,279,2,0,3046,37.1819,37.4153,36.5971
24.0975,23.3573,0,23.3573,11.42,57.1981,279,2,0,3049,37.1705,37.4037,36.5908
24.1229,20.0563,0,20.0563,11.4,57.034,329,2,0,3052,37.195,37.4279,36.5845
24.1549,27.2116,0,27.2116,11.38,56.87,286,2,0,3054,37.2256,37.4584,36.5803
24.1669,6.94105,0,6.94105,11.36,56.7059,290,2,0,3056,37.2124,37.445,36.5761
24.1891,9.63756,0,9.63756,11.36,56.7059,317,2,0,3058,37.2521,37.4846,36.5719
24.1997,5.13532,0,5.13532,11.34,56.5418,284,1,0,3060,37.2366,37.469,36.5677
24.2212,6.57274,0,6.57274,11.34,56.5418,379,0,0,3061,37.2339,37.4662,36.5656
24.2525,25.7267,0,25.7267,11.32,56.3777,374,1,0,3063,37.2416,37.4737,36.5614
24.2644,6.75324,0,6.75324,11.3,56.2136,320,1,0,3064,37.2399,37.4719,36.5593
24.2897,11.9899,0,11.9899,11.3,56.2136,291,2,0,3066,37.2701,37.502,36.5552
24.3057,10.545,0,10.545,11.28,56.0495,262,0,0,3066,37.2701,37.502,36.5552
24.3705,55.1044,0,55.1044,11.28,56.0495,302,4,0,3070,37.3456,37.5772,36.5468
24.3816,6.14962,0,6.14962,11.26,55.8854,284,1,0,3072,37.3395,37.571,36.5427
24.4026,6.28696,0,6.28696,11.26,55.8854,295,1,0,3074,37.3201,37.5514,36.5385
24.477,70.2712,15.4479,54.8233,11.24,55.7214,5481,48,0,3077,37.404,37.6367,36.5322
24.4941,10.6864,0,10.6864,11.22,55.5573,289,0,0,3077,37.404,37.6367,36.5322
24.5273,24.1506,0,24.1506,11.22,55.5573,559,2,0,3081,37.5232,37.7556,36.5239
24.5396,7.33427,0,7.33427,11.2,55.3932,307,2,0,3083,37.5394,37.7717,36.5198
24.5609,7.67312,0,7.67312,11.2,55.3932,342,2,0,3086,37.5535,37.7855,36.5136
24.5983,32.9803,0,32.9803,11.18,55.2291,315,2,0,3089,37.6601,37.8919,36.5074
24.6204,17.3589,0,17.3589,11.16,55.065,340,3,0,3092,37.7697,38.0013,36.5012
24.6296,4.21087,0,4.21087,11.14,54.9009,287,1,0,3093,37.7704,38.0019,36.4991
24.6496,3.40868,0,3.40868,11.14,54.9009,277,0,0,3095,37.7515,37.9829,36.495
24.6704,16.6769,0,16.6769,11.12,54.7368,300,1,0,3096,37.7849,38.0161,36.4929
24.6977,22.5704,0,22.5704,11.1,54.5728,303,1,0,3097,37.8014,38.0326,36.4908
24.7117,9.10001,0,9.10001,11.08,54.4087,318,1,0,3100,37.7887,38.0197,36.4846
24.7272,3.74826,0,3.74826,11.08,54.4087,303,1,0,3101,37.7981,38.029,36.4826
24.7342,2.67011,0,2.67011,11.06,54.2446,303,1,0,3102,37.7975,38.0284,36.4805
24.7668,13.4631,0,13.4631,11.06,54.2446,303,1,0,3103,37.8108,38.0416,36.4785
24.7811,9.28392,0,9.28392,11.04,54.0805,344,2,0,3106,37.7965,38.027,36.4723
24.8081,15.1461,0,15.1461,11.04,54.0805,313,2,0,3108,37.8166,38.047,36.4682
24.8372,23.9666,0,23.9666,11.02,53.9164,321,1,0,3110,37.8916,38.1219,36.4641
24.8487,6.50605,0,6.50605,11,53.7523,317,1,0,3111,37.8933,38.1234,36.462
24.8697,7.2293,0,7.2293,11,53.7523,337,3,0,3114,37.8963,38.1262,36.4559
24.8751,0.931076,0,0.931076,10.98,48.4052,317,0,0,3114,37.8963,38.1262,36.4559
24.8995,3.62132,0,3.62132,10.98,48.4052,327,1,0,3115,37.8896,38.1194,36.4538
24.9129,8.61549,0,8.61549,10.96,48.1936,336,2,0,3117,37.8762,38.1059,36.4497
24.941,15.0228,0,15.0228,10.96,48.1936,335,1,0,3119,37.8631,38.0927,36.4456
24.9476,1.55459,0,1.55459,10.94,47.9828,323,0,0,3119,37.8631,38.0927,36.4456
24.972,5.68468,0,5.68468,10.94,47.9828,369,1,0,3120,37.8567,38.0862,36.4436
25.0065,29.3807,0,29.3807,10.92,53.2878,350,3,0,3123,37.9401,38.1694,36.4374
25.0167,4.97405,0,4.97405,10.9,47.7068,372,0,0,3125,37.9181,38.1472,36.4334
25.0505,18.4127,0,18.4127,10.9,47.7068,388,1,0,3127,37.9383,38.1673,36.4293
25.0651,8.9377,0,8.9377,10.88,47.4968,377,1,0,3130,37.9118,38.1406,36.4232
25.0964,19.4842,0,19.4842,10.88,47.4968,374,2,0,3133,37.9269,38.1554,36.417
25.1087,7.43234,0,7.43234,10.86,47.2876,414,2,0,3135,37.9295,38.1579,36.413
25.1325,9.56142,0,9.56142,10.86,47.2876,366,2,0,3138,37.9305,38.1587,36.4069
25.145,7.89141,0,7.89141,10.84,47.0939,392,3,0,3141,37.9427,38.1706,36.4008
25.1765,18.0156,0,18.0156,10.84,47.0939,366,2,0,3143,38.0258,38.2536,36.3967
25.1975,15.5553,0,15.5553,10.82,46.9185,436,3,0,3146,38.0197,38.2473,36.3906
25.2295,27.4327,0,27.4327,10.8,46.7446,367,1,0,3149,38.0537,38.281,36.3846
25.2368,1.89525,0,1.89525,10.78,46.5722,353,1,0,3150,38.0457,38.273,36.3825
25.2769,20.9866,0,20.9866,10.78,46.5722,353,1,0,3152,38.0311,38.2582,36.3785
25.2858,3.30017,0,3.30017,10.76,46.4013,343,0,0,3152,38.0311,38.2582,36.3785
25.3189,16.3287,0,16.3287,10.76,46.4013,363,2,0,3154,38.077,38.3041,36.3745
25.367,42.5888,0,42.5888,10.74,46.2319,486,2,0,3158,38.1925,38.4193,36.3664
25.3942,21.8068,0,21.8068,10.72,46.0639,363,2,0,3160,38.2491,38.4756,36.3623
25.4223,23.3961,0,23.3961,10.7,45.8974,360,2,0,3163,38.2842,38.5106,36.3563
25.4358,8.08794,0,8.08794,10.68,45.7327,372,1,0,3165,38.3368,38.563,36.3523
25.4721,23.5718,0,23.5718,10.68,45.7327,342,0,0,3166,38.3279,38.554,36.3503
25.4851,7.15972,0,7.15972,10.66,45.5694,361,1,0,3167,38.3416,38.5677,36.3483
25.5001,2.1286,0,2.1286,10.66,45.5694,333,0,0,3167,38.3416,38.5677,36.3483
25.5223,16.4586,0,16.4586,10.64,45.4076,324,0,0,3169,38.3932,38.6191,36.3442
25.5437,17.1449,0,17.1449,10.62,45.2472,347,1,0,3170,38.3849,38.6107,36.3422
25.5716,22.5752,0,22.5752,10.6,45.0881,376,2,0,3173,38.3908,38.6165,36.3362
25.5848,7.15229,0,7.15229,10.58,44.9304,362,1,0,3175,38.3739,38.5994,36.3322
25.6276,29.6346,0,29.6346,10.58,44.9304,381,3,0,3179,38.4243,38.6496,36.3242
25.6549,21.6345,0,21.6345,10.56,44.7741,361,2,0,3181,38.403,38.6281,36.3202
25.6655,5.53143,0,5.53143,10.54,44.6191,361,1,0,3183,38.3855,38.6104,36.3162
25.6893,8.27892,0,8.27892,10.54,44.6191,431,0,0,3184,38.4196,38.6445,36.3142
25.7179,23.0324,0,23.0324,10.52,44.4655,397,1,0,3186,38.4642,38.689,36.3102
25.7272,3.90316,0,3.90316,10.5,44.3132,402,2,0,3188,38.4476,38.6722,36.3062
25.7555,11.6167,0,11.6167,10.5,44.3132,361,1,0,3190,38.479,38.7034,36.3022
25.7879,27.242,0,27.242,10.48,44.1624,371,2,0,3192,38.4621,38.6864,36.2982
25.8197,25.9431,0,25.9431,10.46,44.013,390,3,0,3195,38.4923,38.7164,36.2922
25.8317,6.26619,0,6.26619,10.44,43.8649,410,1,0,3197,38.5167,38.7407,36.2883
25.8779,32.0874,0,32.0874,10.44,43.8649,381,3,0,3200,38.5562,38.78,36.2823
25.8964,13.1418,0,13.1418,10.42,43.718,361,2,0,3202,38.5412,38.7648,36.2783
25.9067,2.70995,0,2.70995,10.42,43.718,341,0,0,3202,38.5412,38.7648,36.2783
25.9243,12.9084,0,12.9084,10.4,43.5724,394,1,0,3204,38.5643,38.7878,36.2744
25.971,38.365,0,38.365,10.4,43.5724,424,3,0,3208,38.5873,38.8105,36.2664
25.9872,10.7261,0,10.7261,10.38,43.428,374,1,0,3210,38.5729,38.796,36.2625
26.0022,5.27213,0,5.27213,10.38,43.428,367,1,0,3212,38.5598,38.7827,36.2585
26.011,3.55121,0,3.55121,10.36,43.2848,351,0,0,3213,38.5503,38.7731,36.2565
26.0344,6.55033,0,6.55033,10.36,43.2848,357,0,0,3214,38.5395,38.7623,36.2546
26.041,1.33093,0,1.33093,10.34,43.1428,351,0,0,3214,38.5395,38.7623,36.2546
26.0648,4.64621,0,4.64621,10.34,43.1428,405,0,0,3215,38.5465,38.7692,36.2526
26.1198,49.4595,26.6272,22.8323,10.32,43.002,2269,245,0,3217,38.5586,38.7846,36.2486
26.1814,56.0743,0,56.0743,10.3,50.1813,7205,81,0,3221,38.4893,38.7085,36.2407
26.2002,13.2238,0,13.2238,10.28,49.9934,378,1,0,3223,38.507,38.726,36.2368
26.2353,27.93,0,27.93,10.28,49.9934,525,2,0,3227,38.5981,38.8169,36.2289
26.2564,15.5017,0,15.5017,10.26,49.8057,398,2,0,3231,38.5921,38.8106,36.2211
26.3104,48.79,0,48.79,10.24,49.6185,409,3,0,3235,38.6108,38.8291,36.2132
26.3281,12.343,0,12.343,10.22,49.4317,439,1,0,3237,38.6444,38.8625,36.2093
26.3392,2.32612,0,2.32612,10.22,49.4317,366,0,0,3237,38.6444,38.8625,36.2093
26.3486,4.47539,0,4.47539,10.2,49.245,383,1,0,3238,38.638,38.8561,36.2073
26.3694,4.14595,0,4.14595,10.2,49.245,373,0,0,3239,38.628,38.8459,36.2054
26.3787,4.1245,0,4.1245,10.18,49.0583,387,0,0,3240,38.6173,38.8352,36.2034
26.4019,6.11871,0,6.11871,10.18,49.0583,383,1,0,3241,38.6152,38.8331,36.2014
26.4104,3.47398,0,3.47398,10.16,48.8715,412,1,0,3242,38.6311,38.8489,36.1995
26.4375,8.95403,0,8.95403,10.16,48.8715,370,0,0,3244,38.6236,38.8412,36.1956
26.4558,13.433,0,13.433,10.14,48.6847,369,2,0,3246,38.6439,38.8614,36.1917
26.4929,28.951,0,28.951,10.14,48.6847,396,3,0,3250,38.6083,38.8255,36.1839
26.5055,6.88354,0,6.88354,10.12,48.4978,353,1,0,3252,38.6165,38.8336,36.18
26.5457,27.2509,0,27.2509,10.12,48.4978,380,1,0,3254,38.6478,38.8648,36.1761
26.5774,26.6173,0,26.6173,10.1,48.3108,350,2,0,3256,38.6686,38.8854,36.1722
26.5948,12.2846,0,12.2846,10.08,48.1236,350,2,0,3259,38.6453,38.8619,36.1663
26.6198,16.4854,0,16.4854,10.08,48.1236,388,0,0,3260,38.6963,38.9129,36.1644
26.6273,2.01441,0,2.01441,10.06,47.9363,320,0,0,3260,38.6963,38.9129,36.1644
26.6691,23.9577,0,23.9577,10.06,47.9363,338,0,0,3262,38.7465,38.9629,36.1605
26.689,14.9625,0,14.9625,10.04,47.7491,418,3,0,3265,38.8132,39.0294,36.1547
26.7145,19.8135,0,19.8135,10.02,47.5627,342,1,0,3267,38.8096,39.0257,36.1508
26.7323,13.6279,0,13.6279,10,47.3774,357,3,0,3270,38.8709,39.0869,36.145
26.7803,40.4049,0,40.4049,10,47.3774,340,4,0,3274,38.8519,39.0675,36.1372
26.7957,10.1532,0,10.1532,9.98,47.193,327,0,0,3277,38.8267,39.0421,36.1314
26.8438,37.4683,0,37.4683,9.98,47.193,330,3,0,3280,38.8576,39.0729,36.1256
26.8532,4.21524,0,4.21524,9.96,47.0094,300,1,0,3281,38.8613,39.0765,36.1237
26.8801,10.6382,0,10.6382,9.96,47.0094,344,3,0,3284,38.9038,39.1188,36.1179
26.8965,11.4489,0,11.4489,9.94,46.8268,333,1,0,3286,38.885,39.0998,36.1141
26.9336,27.2749,0,27.2749,9.94,46.8268,334,2,0,3288,38.9541,39.1688,36.1102
26.9567,18.4263,0,18.4263,9.92,46.645,260,1,0,3289,38.9891,39.2037,36.1083
26.9716,9.76267,0,9.76267,9.9,46.464,271,2,0,3291,39.007,39.2215,36.1044
26.9948,12.847,0,12.847,9.9,46.464,260,1,0,3292,39.0313,39.2457,36.1025
27.0081,8.49921,0,8.49921,9.88,46.2837,269,1,0,3293,39.0528,39.2672,36.1006
27.0289,8.96561,0,8.96561,9.88,46.2837,275,2,0,3296,39.0334,39.2476,36.0948
27.0483,14.5109,0,14.5109,9.86,46.1042,270,3,0,3299,39.0382,39.2522,36.0891
27.0848,30.7893,0,30.7893,9.86,46.1042,261,2,0,3301,39.0748,39.2887,36.0852
27.0967,7.12647,0,7.12647,9.84,45.9505,250,1,0,3302,39.0754,39.2892,36.0833
27.1146,4.91072,0,4.91072,9.84,45.9505,240,0,0,3302,39.0754,39.2892,36.0833
27.1247,5.21423,0,5.21423,9.82,45.7993,257,2,0,3304,39.0817,39.2954,36.0795
27.1463,7.00641,0,7.00641,9.82,45.7993,267,1,0,3305,39.0914,39.305,36.0776
27.1697,19.3255,0,19.3255,9.8,45.6487,293,2,0,3307,39.1343,39.3477,36.0737
27.1764,0.972454,0,0.972454,9.78,45.4989,240,0,0,3307,39.1343,39.3477,36.0737
27.2092,13.4158,0,13.4158,9.78,45.4989,327,1,0,3310,39.1353,39.3486,36.068
27.2144,0.972259,0,0.972259,9.76,45.3498,240,0,0,3310,39.1353,39.3486,36.068
27.2459,11.188,0,11.188,9.76,45.3498,275,2,0,3312,39.1241,39.3373,36.0642
27.2636,13.718,0,13.718,9.74,45.2013,260,2,0,3314,39.1135,39.3265,36.0604
27.2757,4.07012,0,4.07012,9.74,45.2013,240,0,0,3315,39.1077,39.3207,36.0585
27.3039,24.1275,0,24.1275,9.72,45.0535,262,1,0,3317,39.1067,39.3196,36.0546
27.3253,15.7069,0,15.7069,9.7,44.9063,396,3,0,3321,39.137,39.3496,36.047
27.3345,3.83956,0,3.83956,9.68,44.7596,240,0,0,3321,39.137,39.3496,36.047
27.3755,24.2129,0,24.2129,9.68,44.7596,270,3,0,3324,39.1585,39.3709,36.0413
27.3978,18.343,0,18.343,9.66,44.6136,284,3,0,3327,39.193,39.4052,36.0356
27.408,5.20728,0,5.20728,9.64,44.468,260,2,0,3329,39.1721,39.3842,36.0318
27.455,31.3287,0,31.3287,9.64,44.468,341,2,0,3332,39.1921,39.404,36.0261
27.4626,1.83716,0,1.83716,9.62,44.323,240,0,0,3332,39.1921,39.404,36.0261
27.5073,26.8609,0,26.8609,9.62,44.323,260,2,0,3334,39.198,39.4097,36.0223
27.5488,36.1224,0,36.1224,9.6,44.2096,301,2,0,3337,39.2502,39.4618,36.0167
27.5748,20.5585,0,20.5585,9.58,44.1049,260,2,0,3340,39.282,39.4934,36.011
27.5958,16.7675,0,16.7675,9.56,44.0003,269,2,0,3342,39.3342,39.5455,36.0072
27.6039,3.24065,0,3.24065,9.54,43.8956,240,0,0,3343,39.3234,39.5345,36.0053
27.6303,8.88594,0,8.88594,9.54,43.8956,259,1,0,3344,39.3179,39.529,36.0034
27.6411,6.84804,0,6.84804,9.52,43.7909,264,2,0,3346,39.3338,39.5448,35.9997
27.6751,19.0719,0,19.0719,9.52,43.7909,332,3,0,3349,39.3888,39.5996,35.994
27.7053,25.2634,0,25.2634,9.5,43.6862,262,0,0,3352,39.4362,39.6468,35.9884
27.7292,19.5143,0,19.5143,9.48,43.5816,250,2,0,3354,39.4702,39.6807,35.9846
27.7515,17.4418,0,17.4418,9.46,43.4769,244,0,0,3356,39.4514,39.6618,35.9808
27.7711,14.379,0,14.379,9.44,43.3722,240,1,0,3358,39.4303,39.6406,35.9771
27.7894,13.2536,0,13.2536,9.44,43.3722,294,3,0,3361,39.4856,39.6956,35.9714
27.8079,13.4686,0,13.4686,9.42,43.2675,240,1,0,3362,39.5089,39.7189,35.9696
27.8237,8.53364,0,8.53364,9.42,43.2675,230,0,0,3362,39.5089,39.7189,35.9696
27.835,7.31855,0,7.31855,9.4,43.1628,270,2,0,3364,39.5104,39.7203,35.9658
27.8536,4.52936,0,4.52936,9.4,43.1628,255,1,0,3365,39.5043,39.7141,35.9639
27.867,9.24162,0,9.24162,9.38,43.0582,230,0,0,3366,39.5116,39.7213,35.9621
27.8912,11.9397,0,11.9397,9.38,43.0582,250,2,0,3368,39.5389,39.7485,35.9583
27.9072,12.0414,0,12.0414,9.36,42.9535,251,1,0,3370,39.5424,39.7519,35.9546
27.9363,19.4146,0,19.4146,9.36,42.9535,250,3,0,3373,39.5749,39.7842,35.949
27.9507,9.73466,0,9.73466,9.34,42.8488,220,1,0,3374,39.5815,39.7908,35.9471
27.969,6.4899,0,6.4899,9.34,42.8488,220,1,0,3375,39.5813,39.7905,35.9452
27.9806,6.90555,0,6.90555,9.32,42.7441,210,0,0,3376,39.5838,39.793,35.9434
28.0018,6.71345,0,6.71345,9.32,42.7441,220,1,0,3377,39.5798,39.7889,35.9415
28.0367,30.053,0,30.053,9.3,42.6394,255,4,0,3381,39.7075,39.9163,35.934
28.1326,90.7773,54.86,35.9173,9.28,42.5348,9336,256,0,3383,39.6748,39.8948,35.9303
28.144,6.47849,0,6.47849,9.26,42.4301,210,0,0,3384,39.6634,39.8833,35.9284
28.1715,13.0922,0,13.0922,9.26,42.4301,230,2,0,3386,39.6689,39.8887,35.9247
28.1963,20.0858,0,20.0858,9.24,42.3254,220,2,0,3389,39.6701,39.8896,35.9191
28.2042,3.89905,0,3.89905,9.22,42.2207,210,1,0,3390,39.6655,39.885,35.9173
28.2252,3.20399,0,3.20399,9.22,42.2207,214,1,0,3391,39.6783,39.8977,35.9154
28.2481,18.3453,0,18.3453,9.2,42.1161,230,3,0,3394,39.6915,39.9107,35.9098
28.2544,1.85673,0,1.85673,9.18,42.0114,200,0,0,3394,39.6915,39.9107,35.9098
28.2831,10.2433,0,10.2433,9.18,42.0114,210,1,0,3395,39.7052,39.9243,35.908
28.2929,5.05663,0,5.05663,9.16,41.9067,210,1,0,3396,39.7158,39.9349,35.9061
28.328,19.6481,0,19.6481,9.16,41.9067,278,2,0,3398,39.7596,39.9785,35.9024
28.3343,2.37693,0,2.37693,9.14,41.802,200,0,0,3398,39.7596,39.9785,35.9024
28.3868,33.4122,0,33.4122,9.14,41.802,216,1,0,3400,39.7938,40.0126,35.8987
28.3995,7.73756,0,7.73756,9.12,41.6973,210,1,0,3402,39.8163,40.035,35.895
28.4306,17.7879,0,17.7879,9.12,41.6973,229,2,0,3405,39.8129,40.0314,35.8895
28.4404,5.9989,0,5.9989,9.1,41.5927,240,1,0,3406,39.8382,40.0567,35.8876
28.4581,2.16166,0,2.16166,9.1,41.5927,200,0,0,3407,39.8277,40.0461,35.8858
28.4705,8.70356,0,8.70356,9.08,41.488,214,2,0,3411,39.8156,40.0337,35.8784
28.4902,6.99122,0,6.99122,9.08,41.488,190,0,0,3411,39.8156,40.0337,35.8784
28.5112,17.3004,0,17.3004,9.06,41.3833,288,2,0,3414,39.8755,40.0934,35.8729
28.5448,27.8637,0,27.8637,9.04,41.2786,200,0,0,3416,39.8686,40.0864,35.8692
28.5589,8.95751,0,8.95751,9.02,41.1739,207,1,0,3418,39.8859,40.1036,35.8655
28.5785,8.43038,0,8.43038,9.02,41.1739,190,0,0,3420,39.8749,40.0924,35.8618
28.5878,4.1511,0,4.1511,9,41.0693,190,0,0,3421,39.8635,40.081,35.86
28.6181,13.5064,0,13.5064,9,41.0693,210,2,0,3423,39.851,40.0684,35.8563
28.6255,3.60778,0,3.60778,8.98,40.9646,190,1,0,3424,39.844,40.0613,35.8545
28.6674,24.245,0,24.245,8.98,40.9646,190,1,0,3425,39.8689,40.0861,35.8526
28.6834,11.233,0,11.233,8.96,40.8599,200,2,0,3427,39.8523,40.0694,35.8489
28.7283,36.2741,0,36.2741,8.96,40.8599,229,4,0,3431,39.8738,40.0906,35.8416
28.7497,16.9335,0,16.9335,8.94,40.7552,190,1,0,3432,39.8817,40.0985,35.8398
28.7614,7.25143,0,7.25143,8.92,40.6506,201,2,0,3434,39.9106,40.1273,35.8361
28.7816,6.66068,0,6.66068,8.92,40.6506,190,1,0,3435,39.9188,40.1354,35.8343
28.802,16.6918,0,16.6918,8.9,36.7186,221,2,0,3439,39.9546,40.171,35.827
28.8252,18.0769,0,18.0769,8.88,40.5311,459,27,0,3441,39.9855,40.2191,35.8233
28.8406,11.7192,0,11.7192,8.86,36.5684,177,1,0,3444,39.9878,40.2213,35.8178
28.8651,14.5502,0,14.5502,8.86,36.5684,174,1,0,3446,39.9907,40.224,35.8142
28.8786,8.12723,0,8.12723,8.84,36.3909,170,1,0,3447,40.0046,40.2379,35.8124
28.9217,31.187,0,31.187,8.84,36.3909,234,1,0,3451,40.0304,40.2634,35.8051
28.9415,15.1092,0,15.1092,8.82,36.2143,170,1,0,3452,40.0999,40.3329,35.8033
28.9554,8.75015,0,8.75015,8.82,36.2143,170,1,0,3453,40.1118,40.3446,35.8014
28.9611,1.79681,0,1.79681,8.8,36.0384,160,0,0,3453,40.1118,40.3446,35.8014
29.0001,19.3442,0,19.3442,8.8,36.0384,179,1,0,3454,40.1146,40.3474,35.7996
29.0194,14.7592,0,14.7592,8.78,35.8633,211,3,0,3457,40.1672,40.3998,35.7942
29.0459,21.8015,0,21.8015,8.78,35.8633,180,2,0,3459,40.2162,40.4487,35.7905
29.0528,2.41851,0,2.41851,8.76,35.689,170,1,0,3460,40.2055,40.4379,35.7887
29.09,18.5993,0,18.5993,8.76,35.689,170,1,0,3462,40.2155,40.4477,35.7851
29.0989,4.47405,0,4.47405,8.74,40.3952,170,1,0,3463,40.2062,40.4383,35.7833
29.1287,12.5927,0,12.5927,8.74,40.3952,192,2,0,3467,40.2068,40.4387,35.776
29.1478,14.5365,0,14.5365,8.72,35.5353,180,3,0,3471,40.1778,40.4094,35.7688
29.1711,18.082,0,18.082,8.72,35.5353,191,2,0,3473,40.2246,40.4561,35.7652
29.1982,22.407,0,22.407,8.7,35.3616,160,1,0,3474,40.2188,40.4502,35.7634
29.2103,7.73104,0,7.73104,8.68,35.1886,150,0,0,3476,40.2132,40.4445,35.7598
29.228,5.27606,0,5.27606,8.68,35.1886,160,1,0,3477,40.2045,40.4357,35.758
29.2384,5.86071,0,5.86071,8.66,35.0163,160,1,0,3478,40.1981,40.4293,35.7562
29.2635,11.1142,0,11.1142,8.66,35.0163,224,2,0,3481,40.2178,40.4487,35.7507
29.2858,17.8645,0,17.8645,8.64,39.7908,209,0,0,3484,40.2776,40.5083,35.7453
29.3138,23.9372,0,23.9372,8.62,39.6198,170,2,0,3486,40.3118,40.5425,35.7417
29.331,12.0113,0,12.0113,8.6,34.5063,170,2,0,3488,40.32,40.5505,35.7381
29.358,18.4998,0,18.4998,8.6,34.5063,225,3,0,3491,40.3884,40.6187,35.7328
29.3641,1.51177,0,1.51177,8.58,34.337,150,0,0,3491,40.3884,40.6187,35.7328
29.4124,29.6514,0,29.6514,8.58,34.337,160,1,0,3495,40.3559,40.586,35.7256
29.4252,8.09594,0,8.09594,8.56,34.1684,160,2,0,3497,40.3672,40.5971,35.722
29.4643,26.4964,0,26.4964,8.56,34.1684,160,2,0,3500,40.3711,40.6009,35.7166
29.4723,3.42809,0,3.42809,8.54,34.0004,150,1,0,3501,40.3633,40.593,35.7148
29.4991,9.97491,0,9.97491,8.54,34.0004,150,1,0,3503,40.3645,40.5941,35.7112
29.5268,22.8986,0,22.8986,8.52,33.833,179,2,0,3506,40.3682,40.5975,35.7059
29.5412,9.95847,0,9.95847,8.5,33.666,150,3,0,3509,40.3605,40.5896,35.7005
29.5626,11.2289,0,11.2289,8.5,33.666,130,1,0,3511,40.3441,40.5731,35.6969
29.579,11.7856,0,11.7856,8.48,33.4996,149,2,0,3513,40.3695,40.5983,35.6934
29.6133,25.9837,0,25.9837,8.48,33.4996,158,2,0,3515,40.4179,40.6467,35.6898
29.6358,18.0913,0,18.0913,8.46,33.3336,130,1,0,3516,40.4067,40.6354,35.688
29.6644,23.971,0,23.971,8.44,33.168,140,2,0,3519,40.4174,40.6459,35.6827
29.6975,27.9079,0,27.9079,8.42,33.0333,141,2,0,3522,40.4242,40.6525,35.6774
29.7073,4.53227,0,4.53227,8.4,32.9075,120,0,0,3523,40.4334,40.6617,35.6756
29.7389,16.4886,0,16.4886,8.4,32.9075,130,1,0,3525,40.4352,40.6633,35.672
29.7586,15.1912,0,15.1912,8.38,32.782,130,1,0,3526,40.4305,40.6585,35.6702
29.7724,8.59927,0,8.59927,8.38,32.782,130,1,0,3528,40.4504,40.6783,35.6667
29.7823,5.74654,0,5.74654,8.36,32.6567,120,0,0,3529,40.4415,40.6693,35.6649
29.8034,5.15882,0,5.15882,8.36,32.6567,130,1,0,3530,40.4354,40.6632,35.6632
29.8106,3.48129,0,3.48129,8.34,32.5317,130,1,0,3531,40.4308,40.6585,35.6614
29.8309,2.16539,0,2.16539,8.34,32.5317,120,0,0,3531,40.4308,40.6585,35.6614
29.8388,4.21965,0,4.21965,8.32,32.4069,130,1,0,3533,40.439,40.6666,35.6578
29.863,7.35275,0,7.35275,8.32,32.4069,144,2,0,3535,40.4532,40.6806,35.6543
29.8731,5.52715,0,5.52715,8.3,32.2824,134,1,0,3536,40.4607,40.6881,35.6525
29.9101,22.3603,0,22.3603,8.3,32.2824,130,1,0,3537,40.4753,40.7026,35.6508
29.918,3.56983,0,3.56983,8.28,32.158,130,1,0,3538,40.4647,40.6919,35.649
29.9388,3.24547,0,3.24547,8.28,32.158,130,1,0,3540,40.4458,40.6729,35.6454
29.9541,11.7171,0,11.7171,8.26,32.0337,130,1,0,3541,40.4903,40.7173,35.6437
29.9921,27.965,0,27.965,8.26,32.0337,193,4,0,3545,40.5749,40.8017,35.6366
30.0141,17.508,0,17.508,8.24,31.9188,148,1,0,3547,40.5788,40.8055,35.6331
30.0354,17.176,0,17.176,8.22,31.8459,125,0,0,3550,40.5572,40.7837,35.6278
30.0506,10.6785,0,10.6785,8.2,31.773,140,2,0,3552,40.585,40.8114,35.6243
30.0658,4.93974,0,4.93974,8.2,31.773,130,1,0,3553,40.5916,40.8179,35.6225
30.0728,3.4203,0,3.4203,8.18,31.7001,130,1,0,3554,40.59,40.8163,35.6208
30.1011,10.0217,0,10.0217,8.18,31.7001,140,2,0,3557,40.6213,40.8473,35.6155
30.1235,18.6698,0,18.6698,8.16,31.6272,143,0,0,3558,40.638,40.864,35.6137
30.1369,8.09586,0,8.09586,8.14,31.5543,140,2,0,3561,40.6158,40.8416,35.6085
30.1524,4.20856,0,4.20856,8.14,31.5543,130,1,0,3562,40.607,40.8327,35.6067
30.1597,2.80813,0,2.80813,8.12,31.4814,130,1,0,3563,40.604,40.8296,35.6049
30.1965,19.816,0,19.816,8.12,31.4814,175,1,0,3566,40.6068,40.8323,35.5997
30.2095,8.59551,0,8.59551,8.1,31.4086,120,1,0,3568,40.5886,40.8139,35.5962
30.2409,18.9364,0,18.9364,8.1,31.4086,173,0,0,3569,40.6083,40.8336,35.5944
30.2557,10.6286,0,10.6286,8.08,31.3357,130,2,0,3571,40.6438,40.8689,35.5909
30.2765,10.115,0,10.115,8.08,31.3357,122,1,0,3572,40.6557,40.8807,35.5892
30.3043,23.881,18.7193,5.16167,8.06,31.2628,581,19,0,3573,40.6619,40.8869,35.5874
30.3182,8.83672,0,8.83672,8.04,31.1899,141,2,0,3575,40.6954,40.9203,35.5839
30.347,17.3261,0,17.3261,8.04,31.1899,174,1,0,3576,40.7394,40.9642,35.5822
30.3651,14.3149,0,14.3149,8.02,31.117,140,3,0,3579,40.7617,40.9863,35.577
30.3776,5.74951,0,5.74951,8.02,31.117,120,1,0,3581,40.7693,40.9939,35.5735
30.4,18.5251,0,18.5251,8,31.0441,138,2,0,3583,40.7932,41.0176,35.57
30.4274,22.4421,0,22.4421,7.98,30.9712,107,0,0,3586,40.7817,41.0059,35.5648
30.4466,14.6976,0,14.6976,7.96,30.8983,139,3,0,3589,40.8331,41.0571,35.5595
30.4706,18.1985,0,18.1985,7.96,30.8983,128,2,0,3591,40.8371,41.061,35.5561
30.4881,13.66,0,13.66,7.94,30.8254,124,0,0,3592,40.8291,41.0529,35.5543
30.5166,20.4999,0,20.4999,7.94,30.8254,122,2,0,3596,40.8273,41.0509,35.5474
30.543,21.8973,0,21.8973,7.92,30.7525,232,1,0,3598,40.8544,41.0778,35.5439
30.569,22.4368,0,22.4368,7.9,30.6796,110,1,0,3600,40.8411,41.0644,35.5404
30.5863,12.7681,0,12.7681,7.88,30.6068,159,2,0,3603,40.8437,41.0669,35.5352
30.6237,29.4896,0,29.4896,7.88,30.6068,145,1,0,3606,40.8306,41.0535,35.53
30.6435,14.8091,0,14.8091,7.86,30.5339,128,2,0,3608,40.8728,41.0956,35.5266
30.6543,6.3084,0,6.3084,7.86,30.5339,120,2,0,3610,40.859,41.0817,35.5231
30.6624,3.24883,0,3.24883,7.84,30.461,100,0,0,3611,40.8491,41.0717,35.5214
30.7096,30.572,0,30.572,7.84,30.461,120,2,0,3614,40.8866,41.109,35.5162
30.7165,2.52522,0,2.52522,7.82,30.3881,110,0,0,3614,40.8866,41.109,35.5162
30.7367,2.05105,0,2.05105,7.82,30.3881,110,0,0,3614,40.8866,41.109,35.5162
30.7497,9.52172,0,9.52172,7.8,30.3152,140,3,0,3617,40.89,41.1122,35.511
30.7883,26.3686,0,26.3686,7.8,30.3152,120,1,0,3620,40.9163,41.1384,35.5059
30.817,23.8028,0,23.8028,7.78,30.2423,113,0,0,3621,40.9644,41.1864,35.5042
30.8396,17.5339,0,17.5339,7.76,30.1694,130,2,0,3623,40.9591,41.1811,35.5007
30.8923,49.2902,0,49.2902,7.74,30.0965,176,3,0,3626,41.0797,41.3014,35.4956
30.9103,14.087,0,14.087,7.72,30.0236,130,2,0,3628,41.0863,41.3079,35.4921
30.9291,12.2656,0,12.2656,7.72,30.0236,110,0,0,3629,41.0752,41.2968,35.4904
30.9419,9.35996,0,9.35996,7.7,29.9507,110,0,0,3633,41.0328,41.2541,35.4835
30.9816,27.3527,0,27.3527,7.7,29.9507,140,2,0,3635,41.0922,41.3133,35.4801
31.0134,26.8267,0,26.8267,7.68,29.8779,192,4,0,3639,41.1116,41.3325,35.4733
31.0323,14.1391,0,14.1391,7.66,29.805,148,2,0,3641,41.1252,41.3461,35.4698
31.0455,7.33128,0,7.33128,7.66,29.805,146,3,0,3644,41.1367,41.3573,35.4647
31.0555,5.27809,0,5.27809,7.64,29.7321,120,1,0,3645,41.1501,41.3706,35.463
31.0806,10.2997,0,10.2997,7.64,29.7321,136,2,0,3648,41.1456,41.366,35.4579
31.1013,16.1412,0,16.1412,7.62,29.6592,138,2,0,3651,41.1534,41.3736,35.4527
31.144,38.5352,0,38.5352,7.6,29.5863,140,3,0,3654,41.1563,41.3763,35.4476
31.1676,19.0356,0,19.0356,7.58,29.5134,129,2,0,3658,41.1698,41.3896,35.4408
31.1876,15.7919,0,15.7919,7.56,29.4405,120,2,0,3662,41.1543,41.3738,35.434
31.2175,25.0496,0,25.0496,7.56,29.4405,110,1,0,3663,41.2012,41.4207,35.4323
31.2258,3.66613,0,3.66613,7.54,29.3676,100,0,0,3663,41.2012,41.4207,35.4323
31.2503,8.24179,0,8.24179,7.54,29.3676,117,1,0,3664,41.2058,41.4252,35.4306
31.2596,4.79529,0,4.79529,7.52,29.2947,110,1,0,3665,41.1965,41.4158,35.4289
31.2764,1.57538,0,1.57538,7.52,29.2947,100,0,0,3665,41.1965,41.4158,35.4289
31.2889,8.00578,0,8.00578,7.5,29.2218,100,0,0,3666,41.2297,41.449,35.4272
31.3126,11.7572,0,11.7572,7.5,29.2218,110,1,0,3667,41.2386,41.4579,35.4255
31.3464,29.3026,0,29.3026,7.48,29.1489,130,4,0,3671,41.2487,41.4677,35.4187
31.364,13.0657,0,13.0657,7.46,29.0761,128,3,0,3674,41.2412,41.46,35.4137
31.3805,9.54688,0,9.54688,7.46,29.0761,110,2,0,3676,41.2486,41.4674,35.4103
31.408,23.1312,0,23.1312,7.44,29.0032,128,3,0,3679,41.3071,41.5257,35.4052
31.4198,7.38428,0,7.38428,7.42,28.9303,100,1,0,3680,41.297,41.5155,35.4035
31.4442,11.7026,0,11.7026,7.42,28.9303,110,2,0,3682,41.2955,41.5139,35.4001
31.4923,43.7606,0,43.7606,7.4,28.8574,117,2,0,3686,41.2827,41.5008,35.3934
31.5218,23.3481,0,23.3481,7.38,28.7845,100,1,0,3689,41.2846,41.5026,35.3883
31.5479,19.5109,0,19.5109,7.36,28.7116,100,1,0,3690,41.3008,41.5187,35.3866
31.6068,52.1923,0,52.1923,7.34,28.6387,120,3,0,3694,41.3365,41.5541,35.3799
31.6287,16.5656,0,16.5656,7.32,28.5658,121,3,0,3698,41.3364,41.5538,35.3732
31.6451,11.2447,0,11.2447,7.3,28.4929,110,2,0,3701,41.3607,41.578,35.3682
31.6896,34.1331,0,34.1331,7.3,28.4929,130,2,0,3704,41.3944,41.6115,35.3631
31.7298,34.0561,0,34.0561,7.28,28.42,120,3,0,3707,41.4408,41.6577,35.3581
31.7624,26.7382,0,26.7382,7.26,28.3472,128,2,0,3710,41.4199,41.6367,35.3531
31.772,5.36916,0,5.36916,7.24,28.2743,100,1,0,3711,41.4115,41.6281,35.3514
31.7895,2.10763,0,2.10763,7.24,28.2743,90,0,0,3711,41.4115,41.6281,35.3514
31.8211,27.544,0,27.544,7.22,28.2014,98,0,0,3712,41.4378,41.6544,35.3497
31.8386,12.9486,0,12.9486,7.2,28.1285,108,1,0,3714,41.4211,41.6376,35.3464
31.8889,42.2601,0,42.2601,7.2,28.1285,126,2,0,3717,41.4732,41.6895,35.3414
31.8973,2.87438,0,2.87438,7.18,28.0556,80,1,0,3718,41.4664,41.6826,35.3397
31.9167,1.61804,0,1.61804,7.18,28.0556,70,0,0,3718,41.4664,41.6826,35.3397
31.9555,35.2681,0,35.2681,7.16,27.9827,133,2,0,3721,41.4894,41.7055,35.3347
31.967,7.13205,0,7.13205,7.14,27.9098,108,1,0,3722,41.5145,41.7305,35.333
31.9869,6.09721,0,6.09721,7.14,27.9098,87,1,0,3723,41.5283,41.7443,35.3313
31.9928,2.26609,0,2.26609,7.12,27.8369,70,1,0,3724,41.5234,41.7393,35.3297
32.0338,21.5255,0,21.5255,7.12,27.8369,78,1,0,3727,41.5452,41.7609,35.3247
32.0694,30.4497,0,30.4497,7.1,27.764,104,2,0,3730,41.5531,41.7686,35.3197
32.1052,29.5356,0,29.5356,7.08,27.6911,80,3,0,3733,41.5826,41.798,35.3147
32.1143,3.16169,0,3.16169,7.06,27.6182,50,0,0,3734,41.5753,41.7906,35.313
32.1669,36.3551,0,36.3551,7.06,27.6182,87,3,0,3738,41.6458,41.8609,35.3064
32.2071,35.5988,0,35.5988,7.04,27.5454,384,2,0,3742,41.6897,41.9046,35.2998
32.2164,4.80679,0,4.80679,7.02,27.4725,50,0,0,3743,41.6802,41.895,35.2981
32.2638,32.2249,0,32.2249,7.02,27.4725,80,3,0,3747,41.6472,41.8618,35.2915
32.2708,2.28648,0,2.28648,7,27.3996,50,0,0,3747,41.6472,41.8618,35.2915
32.2978,9.54879,0,9.54879,7,27.3996,70,2,0,3749,41.6666,41.881,35.2882
32.3039,1.2964,0,1.2964,6.98,27.3267,50,0,0,3749,41.6666,41.881,35.2882
32.334,11.7773,0,11.7773,6.98,27.3267,66,1,0,3750,41.6632,41.8776,35.2865
32.3458,7.33804,0,7.33804,6.96,27.2538,70,2,0,3752,41.6612,41.8755,35.2832
32.371,12.5004,0,12.5004,6.96,27.2538,50,0,0,3753,41.6528,41.867,35.2816
32.4078,32.4572,0,32.4572,6.94,27.1809,90,4,0,3757,41.7006,41.9146,35.275
32.4194,5.92793,0,5.92793,6.92,27.108,60,1,0,3758,41.6927,41.9066,35.2733
32.4525,18.4311,0,18.4311,6.92,27.108,204,2,0,3760,41.7362,41.95,35.27
32.4872,30.9699,0,30.9699,6.9,27.0351,85,2,0,3763,41.7273,41.941,35.2651
32.498,6.18384,0,6.18384,6.88,26.9622,60,1,0,3764,41.7434,41.957,35.2634
32.5479,35.2088,0,35.2088,6.88,26.9622,136,5,0,3769,41.806,42.0194,35.2552
32.5589,5.90364,0,5.90364,6.86,26.8893,70,2,0,3771,41.8035,42.0167,35.2519
32.5947,20.815,0,20.815,6.86,26.8893,54,0,0,3773,41.8134,42.0265,35.2486
32.605,5.85083,0,5.85083,6.84,26.8165,60,1,0,3774,41.8272,42.0403,35.247
32.624,4.94325,0,4.94325,6.84,26.8165,60,1,0,3775,41.8434,42.0564,35.2454
32.6315,4.04745,0,4.04745,6.82,26.7436,60,1,0,3776,41.848,42.0609,35.2437
32.6623,12.894,0,12.894,6.82,26.7436,70,2,0,3778,41.8939,42.1067,35.2404
32.6681,1.33848,0,1.33848,6.8,26.6707,50,0,0,3778,41.8939,42.1067,35.2404
32.7147,27.9987,0,27.9987,6.8,26.6707,80,3,0,3782,41.9172,42.1298,35.2339
32.7523,32.8504,0,32.8504,6.78,26.5978,79,2,0,3785,41.9083,42.1207,35.229
32.7685,10.7803,0,10.7803,6.76,26.5249,80,3,0,3788,41.9211,42.1333,35.2241
32.7802,1.83226,0,1.83226,6.76,26.5249,50,0,0,3788,41.9211,42.1333,35.2241
32.8074,23.3596,0,23.3596,6.74,26.452,89,3,0,3791,41.9406,42.1527,35.2192
32.8257,13.0395,0,13.0395,6.72,26.3791,70,2,0,3793,41.9315,42.1434,35.2159
32.8398,6.61866,0,6.61866,6.72,26.3791,60,1,0,3795,41.9146,42.1265,35.2126
32.8566,11.8854,0,11.8854,6.7,26.3062,83,3,0,3799,41.926,42.1377,35.2061
32.8686,2.51859,0,2.51859,6.7,26.3062,50,0,0,3799,41.926,42.1377,35.2061
32.8779,5.44144,0,5.44144,6.68,26.2333,60,1,0,3801,41.9271,42.1386,35.2029
32.9157,21.4719,0,21.4719,6.68,26.2333,70,2,0,3803,41.9264,42.1378,35.1996
33.042,122.669,84.1109,38.5577,6.66,26.1604,3482,38,0,3804,41.9243,42.1372,35.198
33.0828,34.6585,0,34.6585,6.64,26.0875,65,1,0,3806,41.949,42.1618,35.1947
33.0962,7.40841,0,7.40841,6.62,26.0147,70,2,0,3808,41.943,42.1557,35.1915
33.1263,17.0402,0,17.0402,6.62,26.0147,70,2,0,3811,41.9515,42.164,35.1866
33.1737,42.9068,0,42.9068,6.6,25.9418,80,3,0,3815,41.9615,42.1738,35.1801
33.1984,18.716,0,18.716,6.58,25.8689,63,1,0,3817,41.9411,42.1533,35.1769
33.2184,13.9905,0,13.9905,6.56,25.796,60,1,0,3819,41.9728,42.1849,35.1736
33.2328,7.20673,0,7.20673,6.54,25.7231,60,1,0,3820,41.9649,42.177,35.172
33.2681,22.9435,0,22.9435,6.54,25.7231,60,1,0,3822,41.9712,42.1832,35.1688
33.2897,17.1599,0,17.1599,6.52,25.6502,60,1,0,3823,41.9717,42.1836,35.1672
33.2993,5.12335,0,5.12335,6.5,25.5773,60,1,0,3824,41.9715,42.1833,35.1656
33.3246,10.772,0,10.772,6.5,25.5773,50,0,0,3824,41.9715,42.1833,35.1656
33.3359,6.84191,0,6.84191,6.48,25.5044,50,0,0,3826,41.955,42.1668,35.1623
33.3641,15.3266,0,15.3266,6.48,25.5044,70,2,0,3828,41.9472,42.1588,35.1591
33.3809,12.1459,0,12.1459,6.46,25.4315,60,1,0,3830,41.9924,42.2039,35.1559
33.4089,19.1592,0,19.1592,6.46,25.4315,70,2,0,3832,41.9903,42.2017,35.1526
33.4381,24.7168,0,24.7168,6.44,25.3586,80,3,0,3836,41.9883,42.1994,35.1462
33.4677,24.5108,0,24.5108,6.42,25.2858,62,1,0,3838,41.9854,42.1965,35.143
33.4787,5.31424,0,5.31424,6.4,25.2129,60,1,0,3839,42.0031,42.2141,35.1414
33.4985,4.81405,0,4.81405,6.4,25.2129,50,0,0,3840,42.0026,42.2135,35.1398
33.5262,22.621,0,22.621,6.38,25.14,70,2,0,3843,42.0148,42.2256,35.1349
33.543,10.7472,0,10.7472,6.36,25.0671,60,1,0,3844,42.0153,42.2261,35.1333
33.5598,7.86322,0,7.86322,6.36,25.0671,60,1,0,3846,42.0039,42.2145,35.1301
33.5735,9.182,0,9.182,6.34,24.9942,70,2,0,3848,42.0169,42.2274,35.1269
33.6063,22.1537,0,22.1537,6.34,24.9942,80,3,0,3851,41.9948,42.2051,35.1221
33.6158,4.8277,0,4.8277,6.32,24.9213,70,2,0,3853,41.9883,42.1985,35.1189
33.65,18.1412,0,18.1412,6.32,24.9213,60,1,0,3854,42.0106,42.2208,35.1173
33.6752,20.8894,0,20.8894,6.3,24.8484,80,3,0,3857,42.0228,42.2328,35.1125
33.7047,24.9367,0,24.9367,6.28,24.7755,73,3,0,3860,42.051,42.2609,35.1077
33.7168,5.72892,0,5.72892,6.26,24.7026,50,1,0,3861,42.0443,42.2541,35.1061
33.7336,2.24319,0,2.24319,6.26,24.7026,40,0,0,3861,42.0443,42.2541,35.1061
33.7652,27.9205,0,27.9205,6.24,24.6297,60,2,0,3863,42.0295,42.2392,35.1029
33.7887,18.7062,0,18.7062,6.22,24.5568,53,1,0,3865,42.0507,42.2603,35.0997
33.8089,15.1429,0,15.1429,6.2,24.484,50,1,0,3867,42.0478,42.2573,35.0965
33.8156,1.02592,0,1.02592,6.18,24.4111,40,0,0,3867,42.0478,42.2573,35.0965
33.8569,20.4748,0,20.4748,6.18,24.4111,70,3,0,3870,42.0767,42.286,35.0917
33.8808,16.5381,0,16.5381,6.16,24.3382,70,3,0,3873,42.0865,42.2956,35.0869
33.9152,28.4312,0,28.4312,6.14,24.2653,60,2,0,3875,42.1102,42.3192,35.0838
33.9393,18.1058,0,18.1058,6.12,24.1924,60,2,0,3878,42.1882,42.3971,35.079
33.9742,29.6707,0,29.6707,6.1,24.1195,106,3,0,3881,42.2432,42.4519,35.0742
34.0079,27.3831,0,27.3831,6.08,24.0466,50,1,0,3882,42.2396,42.4482,35.0726
34.0176,4.04305,0,4.04305,6.06,23.9737,40,0,0,3883,42.2289,42.4375,35.071
34.0436,9.50509,0,9.50509,6.06,23.9737,50,1,0,3884,42.2183,42.4269,35.0695
34.0636,15.3587,0,15.3587,6.04,23.9008,70,3,0,3887,42.2583,42.4667,35.0647
34.0804,12.9171,0,12.9171,6.02,23.8279,80,4,0,3891,42.274,42.4821,35.0584
34.0942,5.01286,0,5.01286,6.02,23.8279,50,1,0,3892,42.2749,42.483,35.0568
34.1033,5.49704,0,5.49704,6,23.7551,50,1,0,3893,42.2854,42.4934,35.0552
34.1576,37.9289,0,37.9289,6,23.7551,79,2,0,3897,42.4339,42.6418,35.0489
34.1658,3.03765,0,3.03765,5.98,23.6822,50,1,0,3898,42.4289,42.6367,35.0473
34.1861,2.55755,0,2.55755,5.98,23.6822,40,0,0,3898,42.4289,42.6367,35.0473
34.2038,14.1863,0,14.1863,5.96,23.6093,105,2,0,3900,42.4128,42.6205,35.0441
34.2427,32.7138,0,32.7138,5.96,23.6093,60,2,0,3902,42.4636,42.6712,35.041
34.2633,14.061,0,14.061,5.94,23.5364,168,2,0,3905,42.4932,42.7006,35.0362
34.2914,23.085,0,23.085,5.92,23.4635,70,3,0,3908,42.4716,42.6789,35.0315
34.3018,4.20453,0,4.20453,5.9,23.3906,40,0,0,3909,42.4615,42.6687,35.0299
34.3257,7.5398,0,7.5398,5.9,23.3906,50,1,0,3910,42.4598,42.667,35.0283
34.3308,1.50609,0,1.50609,5.88,23.3177,40,0,0,3910,42.4598,42.667,35.0283
34.3668,15.6694,0,15.6694,5.88,23.3177,60,2,0,3912,42.5189,42.726,35.0252
34.3801,9.18541,0,9.18541,5.86,23.2448,50,1,0,3913,42.5415,42.7485,35.0236
34.4061,13.4883,0,13.4883,5.86,23.2448,60,2,0,3915,42.5226,42.7295,35.0205
34.4428,32.7363,0,32.7363,5.84,23.1719,70,3,0,3918,42.5508,42.7575,35.0158
34.4669,17.3489,0,17.3489,5.82,23.099,172,3,0,3921,42.6172,42.8238,35.011
34.4834,10.6281,0,10.6281,5.8,23.0261,68,1,0,3923,42.6102,42.8167,35.0079
34.5257,31.2627,0,31.2627,5.8,23.0261,60,2,0,3925,42.5916,42.798,35.0048
34.5391,7.50592,0,7.50592,5.78,22.9533,50,1,0,3927,42.5712,42.7774,35.0016
34.5552,3.21942,0,3.21942,5.78,22.9533,50,1,0,3928,42.5654,42.7716,35.0001
34.562,2.38462,0,2.38462,5.76,22.8804,40,0,0,3928,42.5654,42.7716,35.0001
34.6061,25.0903,0,25.0903,5.76,22.8804,70,3,0,3932,42.6417,42.8477,34.9938
34.6209,10.1867,0,10.1867,5.74,22.8075,60,2,0,3934,42.6238,42.8297,34.9907
34.6487,18.2376,0,18.2376,5.74,22.8075,69,2,0,3937,42.6995,42.9053,34.986
34.6775,24.0877,0,24.0877,5.72,22.7346,50,1,0,3938,42.709,42.9147,34.9844
34.6967,14.4021,0,14.4021,5.7,22.6617,68,1,0,3939,42.723,42.9287,34.9829
34.7264,24.3747,0,24.3747,5.68,22.5888,50,0,0,3941,42.7206,42.9262,34.9797
34.7422,9.54304,0,9.54304,5.66,22.5159,50,1,0,3943,42.7489,42.9543,34.9766
34.775,21.9725,0,21.9725,5.66,22.5159,69,2,0,3945,42.7678,42.9731,34.9735
34.7957,16.0236,0,16.0236,5.64,22.443,50,2,0,3947,42.7781,42.9833,34.9704
34.8211,21.5043,0,21.5043,5.62,22.3701,50,2,0,3949,42.7645,42.9696,34.9673
34.8544,26.7621,0,26.7621,5.6,22.2972,50,2,0,3951,42.8269,43.0319,34.9642
34.9304,68.9245,24.477,44.4476,5.58,22.2244,1430,11,0,3953,42.8854,43.0916,34.961
34.9486,11.8965,0,11.8965,5.56,22.1515,50,2,0,3955,42.9158,43.1219,34.9579
34.9738,16.6571,0,16.6571,5.56,22.1515,40,1,0,3956,42.9055,43.1115,34.9564
34.9933,14.414,0,14.414,5.54,22.0786,50,2,0,3958,42.902,43.1079,34.9533
35.0184,19.7839,0,19.7839,5.52,22.0057,70,4,0,3962,42.9026,43.1083,34.9471
35.0729,47.9643,0,47.9643,5.5,21.9328,60,3,0,3965,42.941,43.1465,34.9424
35.0847,4.92964,0,4.92964,5.48,21.8599,30,0,0,3965,42.941,43.1465,34.9424
35.1551,55.4678,0,55.4678,5.48,21.8599,60,3,0,3968,42.9904,43.1958,34.9378
35.1668,5.69761,0,5.69761,5.46,21.787,30,0,0,3969,42.9841,43.1895,34.9362
35.1845,2.83192,0,2.83192,5.46,21.787,30,0,0,3969,42.9841,43.1895,34.9362
35.1936,5.5722,0,5.5722,5.44,21.7141,40,1,0,3970,43.0053,43.2106,34.9347
35.2203,10.4924,0,10.4924,5.44,21.7141,40,1,0,3972,42.9985,43.2037,34.9316
35.2335,9.64115,0,9.64115,5.42,21.6412,40,1,0,3974,42.998,43.2031,34.9285
35.2773,31.6227,0,31.6227,5.42,21.6412,50,2,0,3976,43.0186,43.2236,34.9254
35.2942,12.0656,0,12.0656,5.4,21.5683,50,2,0,3978,43.0244,43.2293,34.9223
35.3183,15.3968,0,15.3968,5.4,21.5683,60,3,0,3981,43.0512,43.256,34.9177
35.3627,39.3367,0,39.3367,5.38,21.4954,50,2,0,3983,43.0678,43.2724,34.9146
35.3779,7.3736,0,7.3736,5.36,21.4226,40,1,0,3984,43.0728,43.2774,34.913
35.3957,5.79398,0,5.79398,5.36,21.4226,40,1,0,3985,43.0861,43.2906,34.9115
35.4178,17.8946,0,17.8946,5.34,21.3497,50,2,0,3987,43.1876,43.392,34.9084
35.4264,3.97727,0,3.97727,5.32,21.2768,40,1,0,3988,43.1788,43.3831,34.9069
35.483,39.6543,0,39.6543,5.32,21.2768,60,3,0,3993,43.2575,43.4616,34.8992
35.5031,15.2889,0,15.2889,5.3,21.2039,43,1,0,3995,43.2486,43.4526,34.8961
35.514,5.17435,0,5.17435,5.28,21.131,60,3,0,3998,43.2399,43.4437,34.8915
35.556,27.4341,0,27.4341,5.28,21.131,50,2,0,4000,43.2505,43.4543,34.8884
35.583,21.6413,0,21.6413,5.26,21.0581,35,0,0,4002,43.2686,43.4723,34.8854
35.6041,15.7873,0,15.7873,5.24,20.9852,40,1,0,4004,43.2957,43.4993,34.8823
35.6387,30.0031,0,30.0031,5.22,20.9123,60,3,0,4007,43.3027,43.5061,34.8777
35.6554,10.9432,0,10.9432,5.2,20.8394,60,3,0,4010,43.31,43.5132,34.8731
35.6945,30.3874,0,30.3874,5.2,20.8394,66,3,0,4013,43.3122,43.5153,34.8685
35.7037,4.27567,0,4.27567,5.18,20.7665,40,1,0,4014,43.3144,43.5174,34.867
35.721,1.87117,0,1.87117,5.18,20.7665,30,0,0,4014,43.3144,43.5174,34.867
35.7277,2.81639,0,2.81639,5.16,20.6937,50,2,0,4016,43.2953,43.4983,34.864
35.7631,16.7159,0,16.7159,5.16,20.6937,60,3,0,4019,43.3287,43.5315,34.8594
35.7768,9.04898,0,9.04898,5.14,20.6208,40,1,0,4020,43.3634,43.5662,34.8579
35.7937,6.12378,0,6.12378,5.14,20.6208,40,1,0,4021,43.3696,43.5722,34.8563
35.8167,18.0479,0,18.0479,5.12,20.5479,50,2,0,4023,43.3878,43.5904,34.8533
35.8315,10.7769,0,10.7769,5.1,20.475,50,2,0,4026,43.4218,43.6242,34.8487
35.8615,19.3335,0,19.3335,5.1,20.475,40,1,0,4028,43.4667,43.6691,34.8457
35.8949,28.4982,0,28.4982,5.08,20.4021,40,1,0,4030,43.4809,43.6831,34.8426
35.9051,5.52915,0,5.52915,5.06,20.3292,30,0,0,4032,43.463,43.6652,34.8396
35.925,5.62161,0,5.62161,5.06,20.3292,60,3,0,4035,43.4372,43.6392,34.835
35.9528,23.0998,0,23.0998,5.04,20.2563,40,1,0,4036,43.4975,43.6995,34.8335
35.9625,6.26254,0,6.26254,5.02,20.1834,40,1,0,4037,43.5259,43.7278,34.832
36.0008,22.8134,0,22.8134,5.02,20.1834,60,3,0,4040,43.5277,43.7295,34.8274
36.0192,13.1619,0,13.1619,5,20.1105,50,2,0,4042,43.523,43.7246,34.8244
36.0318,6.1702,0,6.1702,5,20.1105,40,1,0,4045,43.4999,43.7014,34.8199
36.0518,14.5874,0,14.5874,4.98,20.0376,50,2,0,4048,43.5232,43.7246,34.8153
36.0653,9.12253,0,9.12253,4.98,20.0376,40,1,0,4050,43.5128,43.7141,34.8123
36.086,15.5525,0,15.5525,4.96,19.9647,70,4,0,4054,43.537,43.738,34.8062
36.0912,1.4241,0,1.4241,4.94,19.8919,30,0,0,4054,43.537,43.738,34.8062
36.1194,7.77726,0,7.77726,4.94,19.8919,40,1,0,4055,43.5332,43.7342,34.8047
36.138,14.8471,0,14.8471,4.92,19.819,50,2,0,4059,43.5152,43.7159,34.7987
36.1658,20.7861,0,20.7861,4.92,19.819,40,1,0,4060,43.5461,43.7468,34.7972
36.1772,6.45272,0,6.45272,4.9,19.7461,30,0,0,4061,43.5358,43.7365,34.7957
36.2075,17.3812,0,17.3812,4.9,19.7461,40,1,0,4062,43.5426,43.7432,34.7942
36.2334,21.0764,0,21.0764,4.88,19.6732,50,2,0,4065,43.5496,43.7501,34.7897
36.2448,6.47889,0,6.47889,4.86,19.6003,40,1,0,4067,43.5702,43.7706,34.7866
36.2599,2.20235,0,2.20235,4.86,19.6003,30,0,0,4067,43.5702,43.7706,34.7866
36.2738,8.63189,0,8.63189,4.84,19.5274,40,1,0,4068,43.5683,43.7687,34.7851
36.3077,22.8991,0,22.8991,4.84,19.5274,50,2,0,4071,43.5424,43.7426,34.7806
36.3339,21.4302,0,21.4302,4.82,19.4545,53,2,0,4073,43.5802,43.7803,34.7776
36.3728,34.0678,0,34.0678,4.8,19.3816,50,2,0,4075,43.6267,43.8267,34.7746
36.3878,9.2559,0,9.2559,4.78,19.3087,40,1,0,4076,43.6376,43.8376,34.7731
36.414,15.2574,0,15.2574,4.78,19.3087,50,2,0,4079,43.6509,43.8507,34.7686
36.4335,15.2823,0,15.2823,4.76,19.2358,40,1,0,4081,43.6413,43.841,34.7656
36.4434,3.76941,0,3.76941,4.76,19.2358,40,1,0,4082,43.6345,43.8341,34.7641
36.4707,23.5616,0,23.5616,4.74,19.163,60,3,0,4086,43.6698,43.8693,34.7581
36.4926,17.0541,0,17.0541,4.72,19.0901,60,3,0,4090,43.6751,43.8743,34.7522
36.5489,51.2951,0,51.2951,4.7,19.0172,60,3,0,4094,43.7694,43.9685,34.7462
36.5682,14.2195,0,14.2195,4.68,18.9443,40,1,0,4096,43.7578,43.9568,34.7432
36.587,12.246,0,12.246,4.68,18.9443,40,1,0,4099,43.7431,43.9419,34.7387
36.6033,11.1989,0,11.1989,4.66,18.8714,70,4,0,4103,43.7131,43.9118,34.7328
36.6303,18.9309,0,18.9309,4.66,18.8714,60,3,0,4106,43.7377,43.9362,34.7283
36.6476,12.6405,0,12.6405,4.64,18.7985,40,1,0,4107,43.7297,43.9282,34.7268
36.6665,10.6458,0,10.6458,4.64,18.7985,40,1,0,4108,43.7266,43.925,34.7253
36.6728,2.39749,0,2.39749,4.62,18.7256,40,1,0,4109,43.7223,43.9207,34.7238
36.7206,28.4219,0,28.4219,4.62,18.7256,60,3,0,4112,43.7408,43.939,34.7194
36.7289,3.28471,0,3.28471,4.6,18.6527,30,1,0,4113,43.7321,43.9302,34.7179
36.7503,5.07158,0,5.07158,4.6,18.6527,30,1,0,4114,43.7314,43.9295,34.7164
36.7694,14.3637,0,14.3637,4.58,18.5798,68,3,0,4117,43.7306,43.9286,34.7119
36.8187,44.0694,0,44.0694,4.58,18.5798,50,3,0,4120,43.7869,43.9847,34.7075
36.8365,13.0881,0,13.0881,4.56,18.5069,50,3,0,4123,43.8135,44.0112,34.703
36.8449,1.74578,0,1.74578,4.56,18.5069,20,0,0,4123,43.8135,44.0112,34.703
36.8865,37.7388,0,37.7388,4.54,18.4341,76,4,0,4127,43.8599,44.0574,34.6971
36.9202,28.7858,0,28.7858,4.52,18.3612,53,3,0,4131,43.9208,44.1181,34.6912
36.934,8.73636,0,8.73636,4.5,18.2883,20,0,0,4133,43.9078,44.105,34.6883
36.9507,4.74483,0,4.74483,4.5,18.2883,30,1,0,4134,43.9008,44.098,34.6868
36.9766,21.267,0,21.267,4.48,18.2154,50,3,0,4137,43.9193,44.1163,34.6823
36.9911,9.92398,0,9.92398,4.46,18.1425,40,2,0,4140,43.9304,44.1273,34.6779
37.0089,5.90099,0,5.90099,4.46,18.1425,20,0,0,4141,43.923,44.1198,34.6765
37.0546,41.8627,0,41.8627,4.44,18.0696,50,3,0,4144,44.0116,44.2083,34.672
37.0855,25.6908,0,25.6908,4.42,17.9967,40,2,0,4147,44.0145,44.211,34.6676
37.1095,18.4935,0,18.4935,4.4,17.9238,40,2,0,4150,44.033,44.2294,34.6632
37.1151,1.77625,0,1.77625,4.38,17.8509,20,0,0,4150,44.033,44.2294,34.6632
37.1472,12.0526,0,12.0526,4.38,17.8509,50,3,0,4154,44.0084,44.2046,34.6573
37.1861,33.881,19.1376,14.7434,4.36,17.778,570,2,0,4156,43.9928,44.1889,34.6544
37.2143,23.2348,0,23.2348,4.34,17.7051,40,2,0,4159,44.007,44.2029,34.65
37.2307,10.9723,0,10.9723,4.32,17.6323,20,0,0,4159,44.007,44.2029,34.65
37.2637,24.3936,0,24.3936,4.32,17.6323,30,1,0,4160,44.0002,44.1962,34.6485
37.2796,11.0843,0,11.0843,4.3,17.5594,50,3,0,4163,43.9964,44.1922,34.6441
37.3112,21.7457,0,21.7457,4.3,17.5594,40,2,0,4166,44.019,44.2146,34.6397
37.3333,16.6776,0,16.6776,4.28,17.4865,40,2,0,4169,44.0041,44.1996,34.6353
37.3649,27.9279,0,27.9279,4.26,17.4136,50,1,0,4171,44.0475,44.2429,34.6324
37.3807,11.0765,0,11.0765,4.24,17.3407,40,2,0,4173,44.0412,44.2365,34.6295
37.4013,10.7439,0,10.7439,4.24,17.3407,30,1,0,4174,44.0314,44.2266,34.628
37.4197,14.5523,0,14.5523,4.22,17.2678,60,3,0,4177,44.0498,44.2449,34.6237
37.4564,29.7988,0,29.7988,4.22,17.2678,40,2,0,4179,44.0534,44.2484,34.6207
37.4789,17.5052,0,17.5052,4.2,17.1949,50,3,0,4182,44.0516,44.2465,34.6164
37.4866,2.08106,0,2.08106,4.18,17.122,20,0,0,4182,44.0516,44.2465,34.6164
37.5069,3.0665,0,3.0665,4.18,17.122,20,0,0,4182,44.0516,44.2465,34.6164
37.5233,12.3132,0,12.3132,4.16,17.0491,30,1,0,4183,44.0418,44.2367,34.6149
37.5411,8.24913,0,8.24913,4.16,17.0491,50,3,0,4186,44.0454,44.2401,34.6105
37.5645,17.9924,0,17.9924,4.14,16.9762,30,1,0,4188,44.0353,44.2299,34.6076
37.5714,3.04761,0,3.04761,4.12,16.9034,30,1,0,4189,44.037,44.2316,34.6062
37.6103,20.1955,0,20.1955,4.12,16.9034,50,3,0,4192,44.0544,44.2488,34.6018
37.6282,12.7176,0,12.7176,4.1,16.8305,40,2,0,4195,44.0274,44.2217,34.5975
37.6514,16.7244,0,16.7244,4.1,16.8305,40,2,0,4197,44.0591,44.2533,34.5946
37.7005,44.3702,0,44.3702,4.08,16.7576,50,3,0,4200,44.0836,44.2776,34.5902
37.7341,28.2937,0,28.2937,4.06,16.6847,40,2,0,4203,44.1235,44.3174,34.5859
37.7699,30.2381,0,30.2381,4.04,16.6118,40,2,0,4205,44.1427,44.3365,34.583
37.7973,22.4802,0,22.4802,4.02,16.5389,50,1,0,4206,44.2116,44.4054,34.5815
37.8423,39.6052,0,39.6052,4,16.466,40,2,0,4209,44.2153,44.4089,34.5772
37.8568,9.4033,0,9.4033,3.98,16.3931,40,2,0,4211,44.2166,44.4101,34.5743
37.8795,12.9793,0,12.9793,3.98,16.3931,40,2,0,4213,44.2056,44.399,34.5714
37.9195,34.7076,0,34.7076,3.96,16.3202,50,3,0,4217,44.2457,44.4389,34.5656
37.9363,11.6118,0,11.6118,3.94,16.2473,40,2,0,4219,44.2446,44.4378,34.5627
37.9514,6.03529,0,6.03529,3.94,16.2473,30,1,0,4220,44.236,44.4291,34.5613
37.9569,1.06149,0,1.06149,3.92,16.1744,20,0,0,4220,44.236,44.4291,34.5613
38.0033,25.7243,0,25.7243,3.92,16.1744,45,2,0,4223,44.2766,44.4696,34.557
38.0276,19.5059,0,19.5059,3.9,16.1016,20,0,0,4224,44.2718,44.4647,34.5555
38.054,22.386,0,22.386,3.88,16.0287,30,1,0,4225,44.3321,44.525,34.5541
38.0721,13.2277,0,13.2277,3.86,15.9558,40,2,0,4227,44.343,44.5358,34.5512
38.0867,7.20886,0,7.20886,3.86,15.9558,33,1,0,4228,44.3453,44.5381,34.5498
38.0978,6.97693,0,6.97693,3.84,15.8829,40,2,0,4230,44.3643,44.557,34.5469
38.1319,19.3933,0,19.3933,3.84,15.8829,30,1,0,4231,44.3583,44.5509,34.5455
38.1407,4.95586,0,4.95586,3.82,15.81,30,1,0,4232,44.3882,44.5808,34.544
38.1639,6.25755,0,6.25755,3.82,15.81,40,2,0,4234,44.3824,44.5749,34.5412
38.1724,4.62266,0,4.62266,3.8,15.7371,30,1,0,4235,44.3894,44.5818,34.5397
38.2034,13.7698,0,13.7698,3.8,15.7371,30,1,0,4237,44.4196,44.612,34.5368
38.2184,10.1548,0,10.1548,3.78,15.6642,40,2,0,4239,44.4029,44.5952,34.534
38.2505,22.5214,0,22.5214,3.78,15.6642,30,1,0,4240,44.4009,44.5932,34.5325
38.2869,31.1862,0,31.1862,3.76,15.5913,40,2,0,4242,44.4425,44.6346,34.5297
38.3,8.14724,0,8.14724,3.74,15.5184,30,1,0,4243,44.4334,44.6255,34.5282
38.3573,45.1106,0,45.1106,3.74,15.5184,45,1,0,4245,44.5197,44.7117,34.5254
38.3776,13.3634,0,13.3634,3.72,15.4455,30,1,0,4246,44.5257,44.7176,34.5239
38.4169,32.0259,0,32.0259,3.7,15.3727,40,2,0,4250,44.5496,44.7414,34.5182
38.4334,9.47087,0,9.47087,3.68,15.2998,30,1,0,4252,44.5423,44.734,34.5154
38.4848,40.4898,0,40.4898,3.68,15.2998,60,4,0,4256,44.5644,44.7559,34.5097
38.5044,14.3382,0,14.3382,3.66,15.2269,30,1,0,4257,44.5544,44.7458,34.5082
38.5234,13.4351,0,13.4351,3.66,15.2269,40,2,0,4259,44.5673,44.7586,34.5054
38.5459,18.2479,0,18.2479,3.64,15.154,30,1,0,4260,44.6007,44.792,34.5039
38.5704,19.7422,0,19.7422,3.62,15.0811,40,2,0,4262,44.6068,44.798,34.5011
38.609,33.378,0,33.378,3.6,15.0082,50,3,0,4265,44.6342,44.8253,34.4968
38.6314,15.633,0,15.633,3.58,14.9353,30,1,0,4267,44.6548,44.8458,34.494
38.6459,7.15252,0,7.15252,3.56,14.8624,30,1,0,4268,44.6469,44.8379,34.4925
38.6697,10.753,0,10.753,3.56,14.8624,40,2,0,4270,44.6656,44.8564,34.4897
38.7121,37.4827,0,37.4827,3.54,14.7895,43,2,0,4273,44.7049,44.8956,34.4854
38.7291,12.0677,0,12.0677,3.52,14.7166,30,1,0,4274,44.6956,44.8863,34.484
38.7445,6.78197,0,6.78197,3.52,14.7166,30,1,0,4276,44.7058,44.8964,34.4812
38.7671,18.6875,0,18.6875,3.5,14.6437,30,1,0,4277,44.7003,44.8908,34.4798
38.7942,22.1069,0,22.1069,3.48,14.5709,30,1,0,4278,44.7468,44.9374,34.4783
38.8084,9.62094,0,9.62094,3.46,14.498,40,2,0,4280,44.7886,44.979,34.4755
38.8257,5.4669,0,5.4669,3.46,14.498,40,2,0,4282,44.7826,44.9729,34.4727
38.8357,5.89784,0,5.89784,3.44,14.4251,30,1,0,4284,44.7708,44.961,34.4698
38.8908,39.5374,0,39.5374,3.44,14.4251,60,4,0,4288,44.8104,45.0005,34.4642
38.9159,19.9296,0,19.9296,3.42,14.3522,50,3,0,4293,44.8171,45.007,34.4571
38.9346,13.3911,0,13.3911,3.4,14.2793,40,2,0,4295,44.837,45.0268,34.4543
38.9659,23.8559,0,23.8559,3.4,14.2793,30,1,0,4297,44.8443,45.034,34.4514
38.9834,12.5328,0,12.5328,3.38,14.2064,36,1,0,4299,44.8421,45.0316,34.4486
39.0038,13.6455,0,13.6455,3.38,14.2064,40,2,0,4301,44.8312,45.0207,34.4458
39.0265,17.4031,0,17.4031,3.36,14.1335,40,2,0,4303,44.8696,45.059,34.443
39.0703,38.7543,0,38.7543,3.34,14.0606,50,3,0,4307,44.9104,45.0996,34.4373
39.0885,12.3771,0,12.3771,3.32,13.9877,50,3,0,4310,44.9225,45.1116,34.4331
39.1019,6.35877,0,6.35877,3.32,13.9877,30,1,0,4311,44.9177,45.1067,34.4317
39.1143,6.7276,0,6.7276,3.3,13.9148,30,1,0,4312,44.9128,45.1018,34.4303
39.1547,27.6793,0,27.6793,3.3,13.9148,50,3,0,4315,44.9129,45.1017,34.4261
39.1798,19.9054,0,19.9054,3.28,13.842,60,4,0,4319,44.922,45.1107,34.4205
39.1931,8.07432,0,8.07432,3.26,13.7691,30,1,0,4320,44.916,45.1046,34.4191
39.2363,31.0274,0,31.0274,3.26,13.7691,50,3,0,4323,44.9547,45.1432,34.4149
39.2616,19.8977,0,19.8977,3.24,13.6962,40,2,0,4325,44.9551,45.1436,34.4121
39.3087,41.5082,0,41.5082,3.22,13.6233,50,3,0,4328,45.0317,45.22,34.4079
39.3247,8.90071,0,8.90071,3.2,13.5504,40,2,0,4330,45.0517,45.24,34.4051
39.3415,5.22391,0,5.22391,3.2,13.5504,40,2,0,4332,45.0427,45.2308,34.4023
39.3567,11.0388,0,11.0388,3.18,13.4775,40,2,0,4335,45.0307,45.2187,34.3981
39.3736,6.60647,0,6.60647,3.18,13.4775,30,1,0,4336,45.0219,45.2099,34.3967
39.3795,1.97418,0,1.97418,3.16,13.4046,20,0,0,4336,45.0219,45.2099,34.3967
39.4195,20.5277,0,20.5277,3.16,13.4046,40,2,0,4338,45.0431,45.231,34.3939
39.4352,11.2879,0,11.2879,3.14,13.3317,40,2,0,4340,45.0406,45.2283,34.3911
39.4575,12.1096,0,12.1096,3.14,13.3317,50,3,0,4343,45.0686,45.2563,34.3869
39.4767,13.8233,0,13.8233,3.12,13.2588,40,2,0,4345,45.072,45.2596,34.3841
39.5005,18.0549,0,18.0549,3.12,13.2588,30,1,0,4346,45.0884,45.2759,34.3827
39.5113,5.66935,0,5.66935,3.1,13.1859,40,2,0,4348,45.0789,45.2663,34.3799
39.5289,4.01437,0,4.01437,3.1,13.1859,30,1,0,4349,45.0819,45.2693,34.3785
39.5497,15.3843,0,15.3843,3.08,13.113,50,3,0,4352,45.1158,45.3031,34.3744
39.5744,20.135,0,20.135,3.06,13.0402,50,3,0,4356,45.1146,45.3017,34.3688
39.5902,10.6918,0,10.6918,3.04,12.9673,30,1,0,4358,45.0982,45.2852,34.366
39.6031,2.66346,0,2.66346,3.04,12.9673,30,1,0,4359,45.0899,45.2769,34.3646
39.6098,2.27538,0,2.27538,3.02,12.8944,20,0,0,4359,45.0899,45.2769,34.3646
39.6442,13.8096,0,13.8096,3.02,12.8944,40,2,0,4361,45.075,45.2619,34.3619
39.6752,26.561,0,26.561,3,12.8215,30,1,0,4362,45.1151,45.3019,34.3605
39.7397,58.8923,45.2329,13.6594,2.98,12.7486,1568,9,0,4364,45.1455,45.3323,34.3577
39.7565,9.11597,0,9.11597,2.96,12.6757,40,2,0,4366,45.1413,45.328,34.3549
39.7785,10.8534,0,10.8534,2.96,12.6757,30,1,0,4367,45.1431,45.3297,34.3535
39.7901,5.96425,0,5.96425,2.94,12.6028,30,1,0,4368,45.1584,45.345,34.3522
39.8348,28.7771,0,28.7771,2.94,12.6028,30,1,0,4370,45.1423,45.3288,34.3494
39.8727,30.4261,0,30.4261,2.92,12.5299,40,2,0,4372,45.1619,45.3484,34.3466
39.9098,30.3451,0,30.3451,2.9,12.457,50,3,0,4375,45.1698,45.3561,34.3425
39.94,22.1498,0,22.1498,2.88,12.3841,48,2,0,4377,45.1819,45.3681,34.3397
39.9735,25.8956,0,25.8956,2.86,12.3113,50,3,0,4380,45.2495,45.4356,34.3356
39.9926,11.0982,0,11.0982,2.84,12.2384,20,0,0,4381,45.2792,45.4652,34.3342
40.0352,33.4831,0,33.4831,2.84,12.2384,40,2,0,4384,45.2598,45.4457,34.33
40.0489,6.61084,0,6.61084,2.82,12.1655,30,1,0,4385,45.255,45.4408,34.3287
40.0886,25.9624,0,25.9624,2.82,12.1655,30,1,0,4386,45.2535,45.4394,34.3273
40.1431,47.2964,0,47.2964,2.8,12.0926,40,2,0,4388,45.2944,45.4802,34.3245
40.157,6.7636,0,6.7636,2.78,12.0197,30,1,0,4389,45.2878,45.4735,34.3231
40.1776,6.92376,0,6.92376,2.78,12.0197,30,1,0,4390,45.3171,45.5027,34.3218
40.2285,45.5694,0,45.5694,2.76,11.9468,40,2,0,4392,45.3723,45.5578,34.319
40.2478,13.2848,0,13.2848,2.74,11.8739,40,2,0,4394,45.3548,45.5403,34.3163
40.2674,12.3662,0,12.3662,2.74,11.8739,30,1,0,4395,45.3504,45.5358,34.3149
40.2927,19.1614,0,19.1614,2.72,11.801,30,1,0,4397,45.3819,45.5672,34.3121
40.3148,15.8866,0,15.8866,2.7,11.7281,40,2,0,4399,45.4335,45.6188,34.3094
40.3758,52.9556,0,52.9556,2.68,11.6552,60,3,0,4402,45.4466,45.6318,34.3053
40.4313,48.7105,0,48.7105,2.66,11.5823,60,4,0,4406,45.4955,45.6804,34.2998
40.4705,31.9023,0,31.9023,2.64,11.5095,30,1,0,4407,45.5233,45.7082,34.2984
40.5099,32.0112,0,32.0112,2.62,11.4366,40,2,0,4409,45.5076,45.6924,34.2957
40.5573,40.2682,0,40.2682,2.6,11.3637,60,4,0,4413,45.584,45.7686,34.2902
40.5782,13.4204,0,13.4204,2.58,11.2908,50,3,0,4416,45.5888,45.7733,34.2861
40.5962,10.6026,0,10.6026,2.56,11.2179,30,1,0,4418,45.591,45.7755,34.2833
40.6322,27.5949,0,27.5949,2.56,11.2179,40,2,0,4420,45.5749,45.7593,34.2806
40.683,43.4289,0,43.4289,2.54,11.145,40,2,0,4422,45.6316,45.8159,34.2779
40.7366,46.1461,0,46.1461,2.52,11.0721,60,4,0,4426,45.643,45.8272,34.2724
40.7491,4.97537,0,4.97537,2.5,10.9992,30,1,0,4427,45.6415,45.8256,34.2711
40.7716,7.14662,0,7.14662,2.5,10.9992,30,1,0,4428,45.6384,45.8225,34.2697
40.7945,18.5769,0,18.5769,2.48,10.9263,30,1,0,4429,45.674,45.858,34.2683
40.8029,3.01879,0,3.01879,2.46,10.8534,20,0,0,4429,45.674,45.858,34.2683
40.8369,16.4519,0,16.4519,2.46,10.8534,40,2,0,4431,45.7242,45.9081,34.2656
40.8619,20.5349,0,20.5349,2.44,10.7806,40,2,0,4433,45.7173,45.9012,34.2629
40.8816,13.7615,0,13.7615,2.42,10.7077,40,2,0,4436,45.7473,45.931,34.2588
40.926,37.5461,0,37.5461,2.42,10.7077,60,4,0,4440,45.7642,45.9477,34.2534
40.9469,15.0092,0,15.0092,2.4,10.6348,30,1,0,4441,45.7852,45.9687,34.252
40.9639,11.9002,0,11.9002,2.38,10.5619,30,1,0,4442,45.787,45.9705,34.2506
41.0225,51.2544,0,51.2544,2.38,10.5619,40,2,0,4444,45.8351,46.0185,34.2479
41.0391,10.1395,0,10.1395,2.36,10.489,30,1,0,4446,45.8387,46.022,34.2452
41.0734,23.8727,0,23.8727,2.36,10.489,30,1,0,4449,45.8227,46.0058,34.2411
41.0867,5.85076,0,5.85076,2.34,10.4161,20,0,0,4450,45.8126,45.9957,34.2398
41.1273,27.474,0,27.474,2.34,10.4161,50,3,0,4453,45.8545,46.0375,34.2357
41.1418,6.50591,0,6.50591,2.32,10.3432,30,1,0,4454,45.866,46.0489,34.2344
41.1807,25.4535,0,25.4535,2.32,10.3432,50,3,0,4457,45.8815,46.0644,34.2303
41.1899,3.35183,0,3.35183,2.3,10.2703,30,1,0,4458,45.8863,46.0691,34.2289
41.2128,6.91216,0,6.91216,2.3,10.2703,30,1,0,4460,45.8709,46.0536,34.2262
41.2432,24.0709,0,24.0709,2.28,10.1974,40,2,0,4463,45.8683,46.0509,34.2222
41.2769,28.0639,0,28.0639,2.26,10.1245,50,3,0,4466,45.8921,46.0746,34.2181
41.2966,13.9248,0,13.9248,2.24,10.0516,40,2,0,4468,45.9183,46.1007,34.2154
41.3156,14.1421,0,14.1421,2.24,10.0516,40,2,0,4470,45.9277,46.1101,34.2127
41.3694,48.2942,0,48.2942,2.22,9.97876,47,2,0,4473,45.9817,46.1639,34.2087
41.3913,14.3642,0,14.3642,2.2,9.90587,40,2,0,4475,46.0185,46.2007,34.206
41.4058,8.80995,0,8.80995,2.18,9.83298,30,1,0,4476,46.0199,46.202,34.2047
41.4783,59.0842,0,59.0842,2.18,9.83298,37,1,0,4479,46.1411,46.3231,34.2006
41.4903,4.14133,0,4.14133,2.16,9.76009,20,0,0,4480,46.144,46.3259,34.1993
41.512,6.97302,0,6.97302,2.16,9.76009,20,0,0,4482,46.1403,46.3222,34.1966
41.5595,39.5892,0,39.5892,2.14,9.6872,40,2,0,4485,46.1683,46.3501,34.1925
41.5732,6.24175,0,6.24175,2.12,9.61431,30,1,0,4486,46.1857,46.3674,34.1912
41.5988,11.5368,0,11.5368,2.12,9.61431,40,2,0,4488,46.2068,46.3884,34.1885
41.6221,19.1556,0,19.1556,2.1,9.54142,30,1,0,4490,46.1996,46.3811,34.1858
41.6685,40.7071,0,40.7071,2.08,9.46852,50,3,0,4493,46.2504,46.4318,34.1818
41.6895,12.9383,0,12.9383,2.06,9.39563,30,1,0,4494,46.255,46.4364,34.1805
41.6982,2.36814,0,2.36814,2.04,9.32274,20,0,0,4494,46.255,46.4364,34.1805
41.7533,35.5583,0,35.5583,2.04,9.32274,45,1,0,4497,46.2484,46.4296,34.1765
41.7769,16.0336,0,16.0336,2.02,9.24985,40,2,0,4499,46.2394,46.4205,34.1738
41.8135,29.1231,0,29.1231,2,9.17696,40,2,0,4501,46.277,46.4581,34.1711
41.8576,36.3822,0,36.3822,1.98,9.10407,60,4,0,4505,46.2715,46.4524,34.1657
41.8843,20.0185,0,20.0185,1.96,9.03118,50,3,0,4508,46.327,46.5078,34.1617
41.8981,5.58289,0,5.58289,1.94,8.95829,20,0,0,4509,46.3265,46.5072,34.1604
41.9368,23.6712,0,23.6712,1.94,8.95829,30,1,0,4510,46.3191,46.4998,34.1591
42.0107,66.2995,0,66.2995,1.92,8.8854,64,2,0,4513,46.3745,46.5551,34.1551
42.0563,37.4629,0,37.4629,1.9,8.81251,50,3,0,4516,46.3663,46.5467,34.1511
42.0903,25.5604,0,25.5604,1.88,8.73962,40,2,0,4518,46.3524,46.5328,34.1484
42.1343,36.1419,0,36.1419,1.86,8.66673,40,2,0,4520,46.3759,46.5562,34.1457
42.1712,29.2164,0,29.2164,1.84,8.59384,30,1,0,4523,46.3621,46.5423,34.1417
42.1938,14.7907,0,14.7907,1.82,8.52095,30,1,0,4525,46.3859,46.566,34.1391
42.2096,8.29885,0,8.29885,1.8,8.44806,20,0,0,4526,46.3785,46.5586,34.1378
42.2691,48.7231,0,48.7231,1.8,8.44806,60,4,0,4530,46.4512,46.6311,34.1324
42.3266,49.6078,0,49.6078,1.78,8.37517,50,3,0,4534,46.4967,46.6764,34.1271
42.3418,7.57138,0,7.57138,1.76,8.30228,30,1,0,4535,46.4891,46.6688,34.1258
42.3557,2.57964,0,2.57964,1.76,8.30228,20,0,0,4535,46.4891,46.6688,34.1258
42.4207,59.1762,0,59.1762,1.74,8.22939,50,3,0,4538,46.5804,46.76,34.1218
42.4399,10.6461,0,10.6461,1.72,8.1565,20,0,0,4538,46.5804,46.76,34.1218
42.4554,6.18765,0,6.18765,1.72,8.1565,30,1,0,4540,46.5619,46.7414,34.1192
42.4901,28.9836,0,28.9836,1.7,8.08361,20,0,0,4541,46.5666,46.7461,34.1179
42.5067,9.19434,0,9.19434,1.68,8.01072,40,2,0,4543,46.5705,46.7499,34.1152
42.5238,7.58954,0,7.58954,1.68,8.01072,40,2,0,4546,46.5596,46.7389,34.1112
42.549,17.1191,0,17.1191,1.66,7.93783,40,2,0,4549,46.576,46.7551,34.1073
42.5665,11.4851,0,11.4851,1.64,7.86493,40,2,0,4551,46.5948,46.7739,34.1046
42.5866,9.82573,0,9.82573,1.64,7.86493,30,1,0,4552,46.5885,46.7676,34.1033
42.6127,19.4903,0,19.4903,1.62,7.79204,40,2,0,4555,46.5769,46.7559,34.0994
42.6355,15.5448,0,15.5448,1.6,7.71915,30,1,0,4556,46.5885,46.7673,34.098
42.6508,9.09849,0,9.09849,1.58,7.64626,30,1,0,4557,46.5938,46.7727,34.0967
42.6676,5.33449,0,5.33449,1.58,7.64626,30,1,0,4560,46.5675,46.7463,34.0928
42.6887,14.8829,0,14.8829,1.56,7.57337,30,1,0,4562,46.5677,46.7464,34.0901
42.7245,28.1665,0,28.1665,1.54,7.50048,40,2,0,4564,46.6074,46.7859,34.0875
42.7444,13.5167,0,13.5167,1.52,7.42759,40,2,0,4566,46.6226,46.8011,34.0849
42.7545,4.08884,0,4.08884,1.5,7.3547,30,1,0,4567,46.6186,46.797,34.0835
42.7778,5.5712,0,5.5712,1.5,7.3547,20,0,0,4569,46.6001,46.7785,34.0809
42.7873,3.51186,0,3.51186,1.48,7.28181,20,0,0,4569,46.6001,46.7785,34.0809
42.8261,19.9622,0,19.9622,1.48,7.28181,40,2,0,4572,46.5768,46.755,34.077
42.853,20.1936,0,20.1936,1.46,7.20892,40,2,0,4574,46.6126,46.7908,34.0743
42.8944,36.7943,0,36.7943,1.44,7.13603,40,2,0,4576,46.6661,46.8442,34.0717
42.9869,87.0161,47.4351,39.581,1.42,7.06314,805,4,0,4578,46.652,46.8301,34.0691
42.9955,2.62927,0,2.62927,1.4,6.99025,20,0,0,4578,46.652,46.8301,34.0691
43.0372,25.2189,0,25.2189,1.4,6.99025,30,1,0,4580,46.6701,46.848,34.0665
43.0528,9.39211,0,9.39211,1.38,6.91736,30,1,0,4581,46.6619,46.8398,34.0652
43.0931,29.4309,0,29.4309,1.38,6.91736,50,3,0,4584,46.6937,46.8715,34.0612
43.1016,3.03199,0,3.03199,1.36,6.84447,20,0,0,4584,46.6937,46.8715,34.0612
43.1256,7.7683,0,7.7683,1.36,6.84447,30,1,0,4586,46.676,46.8537,34.0586
43.1488,18.065,0,18.065,1.34,6.77158,30,1,0,4587,46.6974,46.8751,34.0573
43.1679,14.647,0,14.647,1.32,6.69869,30,1,0,4589,46.6954,46.873,34.0547
43.1938,19.3898,0,19.3898,1.32,6.69869,40,2,0,4591,46.7279,46.9055,34.0521
43.2141,14.9455,0,14.9455,1.3,6.6258,30,1,0,4592,46.7282,46.9057,34.0508
43.303,84.8228,0,84.8228,1.28,6.55291,50,3,0,4595,46.7891,46.9665,34.0468
43.325,15.9195,0,15.9195,1.26,6.48002,30,1,0,4597,46.7707,46.948,34.0442
43.3379,7.07153,0,7.07153,1.24,6.40713,40,2,0,4599,46.7643,46.9415,34.0416
43.379,28.9718,0,28.9718,1.24,6.40713,30,1,0,4600,46.7657,46.9428,34.0403
43.3967,12.3889,0,12.3889,1.22,6.33424,30,1,0,4602,46.8038,46.9809,34.0377
43.4372,32.0171,0,32.0171,1.22,6.33424,60,4,0,4606,46.8815,47.0584,34.0325
43.4713,28.3508,0,28.3508,1.2,6.26134,50,3,0,4609,46.862,47.0388,34.0286
43.4797,3.37476,0,3.37476,1.18,6.18845,30,1,0,4610,46.8566,47.0334,34.0273
43.5102,13.0264,0,13.0264,1.18,6.18845,20,0,0,4610,46.8566,47.0334,34.0273
43.5397,25.2813,0,25.2813,1.16,6.11556,50,3,0,4613,46.8693,47.046,34.0234
43.548,2.87229,0,2.87229,1.14,6.04267,20,0,0,4613,46.8693,47.046,34.0234
43.5894,23.53,0,23.53,1.14,6.04267,40,2,0,4615,46.8709,47.0475,34.0208
43.6065,11.4182,0,11.4182,1.12,5.96978,40,2,0,4618,46.867,47.0435,34.0169
43.6248,10.3142,0,10.3142,1.12,5.96978,30,1,0,4619,46.9082,47.0847,34.0156
43.634,3.20482,0,3.20482,1.1,5.89689,30,1,0,4620,46.8994,47.0758,34.0143
43.6663,16.4254,0,16.4254,1.1,5.89689,20,0,0,4620,46.8994,47.0758,34.0143
43.7138,41.9905,0,41.9905,1.08,5.824,40,2,0,4622,46.9645,47.1408,34.0117
43.7491,29.4539,0,29.4539,1.06,5.75111,40,2,0,4624,47.0076,47.1838,34.0091
43.7934,38.3127,0,38.3127,1.04,5.67822,50,3,0,4628,47.0787,47.2548,34.0039
43.8168,17.8458,0,17.8458,1.02,5.60533,30,1,0,4629,47.1149,47.291,34.0026
43.8429,19.8599,0,19.8599,1,5.53244,40,2,0,4631,47.1434,47.3194,34
43.8677,20.1114,0,20.1114,0.98,5.45955,60,4,0,4635,47.1314,47.3072,33.9949
43.8935,19.9422,0,19.9422,0.96,5.38666,40,2,0,4637,47.1488,47.3246,33.9923
43.9504,51.3568,0,51.3568,0.94,5.31377,60,4,0,4641,47.2691,47.4447,33.9871
43.9608,4.54799,0,4.54799,0.92,5.24088,20,0,0,4642,47.2594,47.4349,33.9858
43.9775,2.17614,0,2.17614,0.92,5.24088,20,0,0,4642,47.2594,47.4349,33.9858
44,16.5727,0,16.5727,0.9,5.16799,30,1,0,4644,47.245,47.4205,33.9832
44.0067,1.9589,0,1.9589,0.88,5.0951,20,0,0,4644,47.245,47.4205,33.9832
44.0405,14.1849,0,14.1849,0.88,5.0951,30,1,0,4646,47.2447,47.4201,33.9806
44.0483,2.91488,0,2.91488,0.86,5.02221,20,0,0,4646,47.2447,47.4201,33.9806
44.0721,4.58968,0,4.58968,0.86,5.02221,40,2,0,4648,47.2274,47.4028,33.9781
44.1053,28.2967,0,28.2967,0.84,4.94932,40,2,0,4650,47.2329,47.4082,33.9755
44.1445,32.9274,0,32.9274,0.82,4.87643,50,3,0,4653,47.2839,47.4591,33.9716
44.1849,34.5667,0,34.5667,0.8,4.80354,50,3,0,4656,47.3114,47.4865,33.9678
44.1969,6.35872,0,6.35872,0.78,4.73065,20,0,0,4656,47.3114,47.4865,33.9678
44.2454,35.517,0,35.517,0.78,4.73065,40,2,0,4658,47.3819,47.5569,33.9652
44.2544,3.03945,0,3.03945,0.76,4.65775,20,0,0,4658,47.3819,47.5569,33.9652
44.2785,7.93568,0,7.93568,0.76,4.65775,30,1,0,4659,47.3737,47.5486,33.9639
44.3242,40.1543,0,40.1543,0.74,4.58486,50,3,0,4662,47.4224,47.5972,33.9601
44.3413,11.3382,0,11.3382,0.72,4.51197,30,1,0,4663,47.4609,47.6356,33.9588
44.3623,11.5026,0,11.5026,0.72,4.51197,40,2,0,4665,47.4469,47.6217,33.9562
44.3742,7.19683,0,7.19683,0.7,4.43908,30,1,0,4666,47.449,47.6237,33.9549
44.3958,7.32345,0,7.32345,0.7,4.43908,30,1,0,4667,47.4478,47.6225,33.9536
44.4035,3.0115,0,3.0115,0.68,4.36619,30,1,0,4668,47.4381,47.6127,33.9524
44.4392,17.2699,0,17.2699,0.68,4.36619,40,2,0,4670,47.4246,47.5991,33.9498
44.4476,2.47583,0,2.47583,0.66,4.2933,20,0,0,4670,47.4246,47.5991,33.9498
44.4855,21.2439,0,21.2439,0.66,4.2933,40,2,0,4673,47.4346,47.609,33.9459
44.4942,2.62485,0,2.62485,0.64,4.22041,30,1,0,4674,47.4285,47.6029,33.9447
44.5187,6.57972,0,6.57972,0.64,4.22041,40,2,0,4676,47.4147,47.589,33.9421
44.5268,3.22329,0,3.22329,0.62,4.14752,20,0,0,4676,47.4147,47.589,33.9421
44.5497,3.69946,0,3.69946,0.62,4.14752,30,1,0,4677,47.4165,47.5908,33.9408
44.5612,6.75265,0,6.75265,0.6,4.07463,30,1,0,4678,47.4273,47.6015,33.9395
44.6059,29.758,0,29.758,0.6,4.07463,40,2,0,4681,47.4683,47.6424,33.9357
44.6254,13.1131,0,13.1131,0.58,4.00174,40,2,0,4683,47.5007,47.6748,33.9332
44.6391,7.59842,0,7.59842,0.58,4.00174,30,1,0,4685,47.4884,47.6623,33.9306
44.673,27.5204,0,27.5204,0.56,3.92885,40,2,0,4687,47.5099,47.6838,33.928
44.754,68.7648,45.5225,23.2423,0.54,3.92885,1667,6,0,4691,47.5063,47.68,33.9229
44.8043,38.208,0,38.208,0.52,3.92885,30,2,0,4693,47.4978,47.6714,33.9204
44.8242,8.27783,0,8.27783,0.5,3.92885,20,1,0,4695,47.4931,47.6667,33.9178
44.8777,41.9323,0,41.9323,0.5,3.92885,20,1,0,4697,47.4852,47.6587,33.9153
44.9152,23.8306,0,23.8306,0.48,3.92885,30,2,0,4699,47.518,47.6914,33.9128
44.9359,7.1224,0,7.1224,0.46,3.92885,20,1,0,4700,47.516,47.6894,33.9115
44.9572,5.98566,0,5.98566,0.44,3.92885,20,1,0,4701,47.5078,47.6811,33.9102
44.9971,25.5508,0,25.5508,0.42,3.92885,20,1,0,4703,47.5437,47.717,33.9077
45.0297,18.8542,0,18.8542,0.4,3.92885,40,3,0,4706,47.5603,47.7335,33.9039
45.0549,13.9605,0,13.9605,0.38,3.92885,40,3,0,4709,47.563,47.736,33.9
