elapsed_s,total_latency_ms,update_ms,plan_ms,time_to_goal,path_cost,obstacle_checks,queue_operations,collision_count,tree_size,avg_deg_out,avg_deg_in,radius
0.305471,305.132,33.5148,271.617,20,138.649,162756,5839,0,2682,76,79.928,14.4196
0.318322,0.357747,0,0.357747,19.98,139.283,292,2,0,2683,76.0112,79.9381,14.418
0.338932,0.600821,0,0.600821,19.98,139.283,338,2,0,2684,76.0216,79.9471,14.4164
0.341582,0.046553,0,0.046553,19.96,139.085,220,0,0,2684,76.0216,79.9471,14.4164
0.362084,0.032607,0,0.032607,19.96,139.085,220,0,0,2684,76.0216,79.9471,14.4164
0.36686,1.9559,0,1.9559,19.94,138.888,845,18,0,2685,76.0492,79.9739,14.4149
0.385034,0.026251,0,0.026251,19.94,138.888,220,0,0,2685,76.0492,79.9739,14.4149
0.388319,0.561194,0,0.561194,19.92,138.69,335,2,0,2686,76.0834,80.0067,14.4133
0.409426,1.20026,0,1.20026,19.92,138.69,472,6,0,2687,76.1113,80.0342,14.4117
0.412186,0.046213,0,0.046213,19.9,138.492,220,0,0,2687,76.1113,80.0342,14.4117
0.432681,0.131274,0,0.131274,19.9,138.492,220,0,0,2687,76.1113,80.0342,14.4117
0.43615,0.715696,0,0.715696,19.88,138.295,388,6,0,2688,76.1257,80.0487,14.4102
0.45654,0.826504,0,0.826504,19.88,138.295,304,2,0,2689,76.1554,80.0762,14.4086
0.45953,0.18479,0,0.18479,19.86,138.097,232,2,0,2690,76.1535,80.0729,14.4071
0.479707,0.278389,0,0.278389,19.86,138.097,232,2,0,2691,76.1509,80.0687,14.4055
0.483977,1.11621,0,1.11621,19.84,137.9,400,2,0,2692,76.1809,80.0996,14.4039
0.504624,1.3707,0,1.3707,19.84,137.9,833,22,0,2693,76.2009,80.1177,14.4024
0.507263,0.279366,0,0.279366,19.82,137.702,279,2,0,2694,76.2157,80.131,14.4008
0.528994,1.0708,0,1.0708,19.82,137.702,314,2,0,2695,76.2345,80.1484,14.3993
0.532685,0.410218,0,0.410218,19.8,137.505,270,4,0,2696,76.2507,80.1636,14.3977
0.554345,1.7597,0,1.7597,19.8,137.505,1093,0,0,2697,76.2785,80.1898,14.3962
0.559924,0.604359,0,0.604359,19.78,137.307,265,2,0,2698,76.2969,80.2068,14.3946
0.596798,17.4177,0,17.4177,19.78,137.307,4400,257,0,2699,76.3053,80.2193,14.3931
0.600174,0.284124,0,0.284124,19.76,137.11,281,2,0,2700,76.3104,80.223,14.3915
0.621385,1.13084,0,1.13084,19.76,137.11,351,2,0,2701,76.3299,80.2407,14.39
0.624766,0.127885,0,0.127885,19.74,136.912,251,0,0,2701,76.3299,80.2407,14.39
0.645579,0.822407,0,0.822407,19.74,136.912,271,2,0,2702,76.3738,80.2831,14.3884
0.650279,0.357445,0,0.357445,19.72,136.715,307,2,0,2703,76.3866,80.2945,14.3869
0.670688,0.221562,0,0.221562,19.72,136.715,271,0,0,2703,76.3866,80.2945,14.3869
0.676601,0.095473,0,0.095473,19.7,136.517,271,0,0,2703,76.3866,80.2945,14.3869
0.698091,1.28198,0,1.28198,19.7,136.517,522,16,0,2704,76.4016,80.3084,14.3853
0.70175,0.362081,0,0.362081,19.68,136.32,333,2,0,2705,76.4177,80.3231,14.3838
0.72205,0.174634,0,0.174634,19.68,136.32,291,0,0,2705,76.4177,80.3231,14.3838
0.727565,1.54286,0,1.54286,19.66,136.122,468,4,0,2706,76.4612,80.3636,14.3822
0.747301,0.52466,0,0.52466,19.66,136.122,331,2,0,2707,76.4692,80.3702,14.3807
0.752033,0.115636,0,0.115636,19.64,135.924,311,0,0,2707,76.4692,80.3702,14.3807
0.772367,0.074745,0,0.074745,19.64,135.924,311,0,0,2707,76.4692,80.3702,14.3807
0.777291,1.84689,0,1.84689,19.62,135.727,512,20,0,2708,76.5118,80.4147,14.3791
0.796468,0.058333,0,0.058333,19.62,135.727,311,0,0,2708,76.5118,80.4147,14.3791
0.800675,0.355491,0,0.355491,19.6,135.529,331,2,0,2709,76.5183,80.4197,14.3776
0.821367,0.869572,0,0.869572,19.6,135.529,376,2,0,2710,76.5579,80.4579,14.376
0.824305,0.161429,0,0.161429,19.58,135.332,350,2,0,2711,76.5551,80.4537,14.3745
0.845313,0.465582,0,0.465582,19.58,135.332,341,2,0,2712,76.5608,80.458,14.3729
0.850186,0.429526,0,0.429526,19.56,135.134,350,2,0,2713,76.5839,80.4795,14.3714
0.871609,1.49856,0,1.49856,19.56,135.134,685,10,0,2714,76.5969,80.4926,14.3699
0.879604,1.6968,0,1.6968,19.54,134.937,412,2,0,2715,76.6331,80.5256,14.3683
0.900416,2.84504,0,2.84504,19.54,134.937,693,10,0,2716,76.6602,80.5608,14.3668
0.906003,0.97773,0,0.97773,19.52,134.739,474,4,0,2717,76.6739,80.5753,14.3652
0.926551,1.13543,0,1.13543,19.52,134.739,395,2,0,2718,76.7145,80.6144,14.3637
0.933342,1.27481,0,1.27481,19.5,134.542,454,2,0,2719,76.7573,80.6565,14.3622
0.952936,0.920784,0,0.920784,19.5,134.542,487,2,0,2720,76.7772,80.6728,14.3606
0.9559,0.411433,0,0.411433,19.48,134.344,429,2,0,2721,76.7828,80.6773,14.3591
0.976527,0.617611,0,0.617611,19.48,134.344,480,2,0,2722,76.7994,80.6929,14.3575
0.979955,0.336123,0,0.336123,19.46,134.147,380,2,0,2723,76.7984,80.6904,14.356
0.999853,0.104143,0,0.104143,19.46,134.147,361,0,0,2723,76.7984,80.6904,14.356
1.0028,0.032846,0,0.032846,19.44,133.949,381,0,0,2723,76.7984,80.6904,14.356
1.02351,0.004104,0,0.004104,19.44,133.949,381,0,0,2723,76.7984,80.6904,14.356
1.02963,0.786947,0,0.786947,19.42,133.751,516,13,0,2724,76.8054,80.6975,14.3545
1.04908,0.002841,0,0.002841,19.42,133.751,381,0,0,2724,76.8054,80.6975,14.3545
1.06513,12.5985,0,12.5985,19.4,133.554,3504,63,0,2725,76.8246,80.7229,14.3529
1.07277,0.056644,0,0.056644,19.4,133.554,381,0,0,2725,76.8246,80.7229,14.3529
1.07925,1.34617,0,1.34617,19.38,133.356,540,2,0,2726,76.847,80.7443,14.3514
1.09897,0.97235,0,0.97235,19.38,133.356,522,2,0,2727,76.8805,80.7756,14.3499
1.10215,0.598308,0,0.598308,19.36,133.159,528,2,0,2728,76.8999,80.7933,14.3483
1.12204,0.096827,0,0.096827,19.36,133.159,381,0,0,2728,76.8999,80.7933,14.3483
1.12581,0.293152,0,0.293152,19.34,132.961,404,2,0,2729,76.9077,80.7996,14.3468
1.14699,0.615266,0,0.615266,19.34,132.961,395,2,0,2730,76.9205,80.811,14.3453
1.15412,1.0832,0,1.0832,19.32,132.764,497,2,0,2731,76.9385,80.8272,14.3437
1.17377,1.15101,0,1.15101,19.32,132.764,556,10,0,2732,76.9693,80.8561,14.3422
1.1774,0.150946,0,0.150946,19.3,132.566,371,0,0,2732,76.9693,80.8561,14.3422
1.19731,0.062364,0,0.062364,19.3,132.566,371,0,0,2732,76.9693,80.8561,14.3422
1.2004,0.270133,0,0.270133,19.28,132.369,393,2,0,2733,76.9806,80.8657,14.3407
1.22195,0.639007,0,0.639007,19.28,132.369,372,2,0,2734,76.9934,80.8771,14.3392
1.22671,0.082192,0,0.082192,19.26,132.171,367,0,0,2734,76.9934,80.8771,14.3392
1.24642,0.109954,0,0.109954,19.26,132.171,367,0,0,2734,76.9934,80.8771,14.3392
1.25061,0.395642,0,0.395642,19.24,131.974,426,2,0,2735,77.0044,80.887,14.3376
1.2704,0.089776,0,0.089776,19.24,131.974,397,0,0,2735,77.0044,80.887,14.3376
1.27502,1.15339,0,1.15339,19.22,131.776,490,2,0,2736,77.0197,80.9035,14.3361
1.29399,0.104345,0,0.104345,19.22,131.776,407,0,0,2736,77.0197,80.9035,14.3361
1.29683,0.116498,0,0.116498,19.2,131.578,407,0,0,2736,77.0197,80.9035,14.3361
1.31855,0.776518,0,0.776518,19.2,131.578,562,18,0,2737,77.0157,80.8984,14.3346
1.32214,0.691769,0,0.691769,19.18,131.381,546,6,0,2738,77.0409,80.9222,14.3331
1.34407,1.55982,0,1.55982,19.18,131.381,744,2,0,2739,77.0581,80.9376,14.3315
1.35204,1.62034,0,1.62034,19.16,131.183,560,2,0,2740,77.0953,80.9741,14.33
1.36986,0.002214,0,0.002214,19.16,131.183,417,0,0,2740,77.0953,80.9741,14.33
1.37426,0.072196,0,0.072196,19.14,130.986,427,0,0,2740,77.0953,80.9741,14.33
1.39444,0.324177,0,0.324177,19.14,130.986,439,2,0,2741,77.1036,80.981,14.3285
1.40021,0.826996,0,0.826996,19.12,130.788,877,0,0,2742,77.1306,81.0066,14.327
1.4201,0.303819,0,0.303819,19.12,130.788,457,2,0,2743,77.1291,81.0036,14.3254
1.42304,0.048346,0,0.048346,19.1,130.591,437,0,0,2743,77.1291,81.0036,14.3254
1.44407,0.115798,0,0.115798,19.1,130.591,437,0,0,2743,77.1291,81.0036,14.3254
1.44993,0.42721,0,0.42721,19.08,130.393,464,2,0,2744,77.1385,81.0109,14.3239
1.47025,1.00011,0,1.00011,19.08,130.393,622,6,0,2745,77.1413,81.012,14.3224
1.47757,0.104806,0,0.104806,19.06,130.196,437,0,0,2745,77.1413,81.012,14.3224
1.49831,1.10607,0,1.10607,19.06,130.196,529,2,0,2746,77.1894,81.059,14.3209
1.50338,0.19637,0,0.19637,19.04,129.998,447,2,0,2747,77.1842,81.0524,14.3194
1.52459,0.614358,0,0.614358,19.04,129.998,457,2,0,2748,77.1969,81.0637,14.3178
1.53103,0.00253,0,0.00253,19.02,129.801,437,0,0,2748,77.1969,81.0637,14.3178
1.55169,0.738888,0,0.738888,19.02,129.801,506,2,0,2749,77.2215,81.0888,14.3163
1.55514,0.603202,0,0.603202,19,129.603,527,2,0,2750,77.2495,81.1167,14.3148
1.57484,0.106072,0,0.106072,19,129.603,437,0,0,2750,77.2495,81.1167,14.3148
1.58006,0.371871,0,0.371871,18.98,129.405,458,6,0,2751,77.2486,81.1149,14.3133
1.60035,0.004075,0,0.004075,18.98,129.405,428,0,0,2751,77.2486,81.1149,14.3133
1.6076,0.95798,0,0.95798,18.96,129.208,478,2,0,2752,77.3038,81.1675,14.3118
1.62757,1.02114,0,1.02114,18.96,129.208,549,2,0,2753,77.3327,81.1951,14.3103
1.63453,0.672025,0,0.672025,18.94,129.01,465,2,0,2754,77.3351,81.1961,14.3088
1.65433,0.699178,0,0.699178,18.94,129.01,522,2,0,2755,77.3546,81.2145,14.3072
1.65694,0.000821,0,0.000821,18.92,128.813,438,0,0,2755,77.3546,81.2145,14.3072
1.6775,0.060163,0,0.060163,18.92,128.813,438,0,0,2755,77.3546,81.2145,14.3072
1.68096,0.375178,0,0.375178,18.9,128.615,487,2,0,2756,77.3694,81.2282,14.3057
1.70395,3.03082,0,3.03082,18.9,128.615,1173,30,0,2757,77.3885,81.2445,14.3042
1.70664,0.05946,0,0.05946,18.88,128.418,428,0,0,2757,77.3885,81.2445,14.3042
1.7289,1.81938,0,1.81938,18.88,128.418,521,2,0,2758,77.4217,81.2788,14.3027
1.73347,1.06688,0,1.06688,18.86,128.22,504,2,0,2759,77.4404,81.2994,14.3012
1.75273,0.054562,0,0.054562,18.86,128.22,438,0,0,2759,77.4404,81.2994,14.3012
1.75623,0.335783,0,0.335783,18.84,128.023,515,2,0,2760,77.4312,81.2888,14.2997
1.77677,0.529306,0,0.529306,18.84,128.023,473,2,0,2761,77.4498,81.306,14.2982
1.78134,0.662621,0,0.662621,18.82,127.825,754,0,0,2762,77.4689,81.3237,14.2967
1.80163,0.956867,0,0.956867,18.82,127.825,544,2,0,2763,77.4904,81.3449,14.2952
1.80469,0.207375,0,0.207375,18.8,127.768,448,2,0,2764,77.4946,81.3473,14.2937
1.82719,1.57108,0,1.57108,18.8,127.768,597,6,0,2765,77.528,81.3841,14.2922
1.83062,0.326265,0,0.326265,18.78,127.74,482,2,0,2766,77.5315,81.3858,14.2906
1.85228,1.07646,0,1.07646,18.78,127.74,487,2,0,2767,77.5461,81.3968,14.2891
1.85934,1.64322,0,1.64322,18.76,127.713,599,8,0,2768,77.5567,81.409,14.2876
1.87912,0.722029,0,0.722029,18.76,127.713,459,6,0,2769,77.563,81.4139,14.2861
1.88462,0.91901,0,0.91901,18.74,127.685,456,4,0,2770,77.5733,81.4235,14.2846
1.90483,1.17357,0,1.17357,18.74,127.685,547,4,0,2771,77.6102,81.4572,14.2831
1.90778,0.183813,0,0.183813,18.72,127.657,427,2,0,2772,77.6169,81.4621,14.2816
1.92824,0.019589,0,0.019589,18.72,127.657,414,0,0,2772,77.6169,81.4621,14.2816
1.93128,0.045672,0,0.045672,18.7,127.63,414,0,0,2772,77.6169,81.4621,14.2816
1.95348,1.12292,0,1.12292,18.7,127.63,475,2,0,2773,77.639,81.4872,14.2801
1.95917,0.076947,0,0.076947,18.68,127.602,414,0,0,2773,77.639,81.4872,14.2801
1.98135,1.22275,0,1.22275,18.68,127.602,458,2,0,2774,77.6853,81.531,14.2786
1.98586,0.064038,0,0.064038,18.66,127.575,414,0,0,2774,77.6853,81.531,14.2786
2.00677,0.720925,0,0.720925,18.66,127.575,424,2,0,2775,77.7117,81.556,14.2771
2.0128,0.547364,0,0.547364,18.64,127.547,486,2,0,2776,77.7266,81.5695,14.2756
2.03355,1.16386,0,1.16386,18.64,127.547,491,2,0,2777,77.7472,81.5916,14.2741
2.04124,1.53368,0,1.53368,18.62,127.52,827,2,0,2778,77.7664,81.6094,14.2726
2.06038,0.470218,0,0.470218,18.62,127.52,451,2,0,2779,77.769,81.6103,14.2711
2.06491,0.873834,0,0.873834,18.6,127.492,575,6,0,2780,77.786,81.6245,14.2696
2.08574,1.08299,0,1.08299,18.6,127.492,566,14,0,2781,77.7911,81.6282,14.2682
2.09152,0.850664,0,0.850664,18.58,126.991,480,2,0,2782,77.8242,81.6643,14.2667
2.11325,1.9902,0,1.9902,18.58,126.991,570,2,0,2783,77.8505,81.6885,14.2652
2.12036,1.04053,0,1.04053,18.56,126.963,470,2,0,2784,77.8886,81.7245,14.2637
2.14274,2.64153,0,2.64153,18.56,126.963,719,4,0,2785,77.9149,81.7537,14.2622
2.15031,0.771908,0,0.771908,18.54,126.936,443,2,0,2786,77.9246,81.7613,14.2607
2.16931,0.385353,0,0.385353,18.54,126.936,435,2,0,2787,77.9239,81.76,14.2592
2.17451,1.49349,0,1.49349,18.52,126.908,493,2,0,2788,77.9555,81.7927,14.2577
2.19393,0.949294,0,0.949294,18.52,126.908,560,4,0,2789,77.9745,81.8121,14.2562
2.19705,0.249977,0,0.249977,18.5,126.881,385,2,0,2790,77.9932,81.8294,14.2547
2.21781,0.097055,0,0.097055,18.5,126.881,375,0,0,2790,77.9932,81.8294,14.2547
2.22089,0.158831,0,0.158831,18.48,126.853,386,2,0,2791,77.9835,81.8187,14.2532
2.24211,0.695595,0,0.695595,18.48,126.853,497,2,0,2792,78.0011,81.8349,14.2518
2.2465,0.681806,0,0.681806,18.46,126.825,526,4,0,2793,78.0154,81.8507,14.2503
2.26638,0.189152,0,0.189152,18.46,126.825,403,2,0,2794,77.9993,81.8332,14.2488
2.27175,0.166574,0,0.166574,18.44,126.798,375,0,0,2794,77.9993,81.8332,14.2488
2.29319,0.864919,0,0.864919,18.44,126.798,420,2,0,2795,78.0172,81.8497,14.2473
2.29826,0.086842,0,0.086842,18.42,126.77,385,2,0,2796,78.0036,81.8348,14.2458
2.31941,0.751687,0,0.751687,18.42,126.77,435,2,0,2797,78.0336,81.8634,14.2443
2.32204,0.000791,0,0.000791,18.4,126.743,375,0,0,2797,78.0336,81.8634,14.2443
2.34362,0.491499,0,0.491499,18.4,126.743,484,2,0,2798,78.034,81.8631,14.2428
2.34668,0.016799,0,0.016799,18.38,126.715,355,0,0,2798,78.034,81.8631,14.2428
2.36818,0.612344,0,0.612344,18.38,126.715,387,2,0,2799,78.0357,81.8642,14.2414
2.37512,0.408971,0,0.408971,18.36,126.688,368,2,0,2800,78.0343,81.8614,14.2399
2.39443,0.226371,0,0.226371,18.36,126.688,389,2,0,2801,78.0228,81.849,14.2384
2.39978,0.995317,0,0.995317,18.34,126.66,483,2,0,2802,78.0521,81.8772,14.2369
2.42127,1.36911,0,1.36911,18.34,126.66,644,2,0,2803,78.0649,81.8905,14.2354
2.4287,1.11593,0,1.11593,18.32,126.633,436,2,0,2804,78.0913,81.9158,14.234
2.44852,0.924648,0,0.924648,18.32,126.633,436,4,0,2805,78.1266,81.9487,14.2325
2.45258,0.171549,0,0.171549,18.3,126.605,356,0,0,2805,78.1266,81.9487,14.2325
2.47353,0.637771,0,0.637771,18.3,126.605,366,2,0,2806,78.1418,81.9626,14.231
2.47933,0.153836,0,0.153836,18.28,126.577,356,0,0,2806,78.1418,81.9626,14.231
2.50066,1.53851,0,1.53851,18.28,126.577,442,2,0,2807,78.1689,81.9882,14.2295
2.50651,0.298863,0,0.298863,18.26,126.55,386,2,0,2808,78.1692,81.9882,14.228
2.52819,1.33616,0,1.33616,18.26,126.55,545,20,0,2809,78.1709,81.9897,14.2266
2.53537,0.388774,0,0.388774,18.24,126.522,390,2,0,2810,78.1651,81.9826,14.2251
2.55733,1.11766,0,1.11766,18.24,126.522,413,2,0,2811,78.1668,81.9829,14.2236
2.56602,1.30112,0,1.30112,18.22,126.495,505,6,0,2812,78.1689,81.9851,14.2221
2.58536,0.752609,0,0.752609,18.22,126.495,493,2,0,2813,78.1888,82.0057,14.2207
2.59074,1.00257,0,1.00257,18.2,126.467,433,4,0,2814,78.1955,82.0128,14.2192
2.61112,1.10735,0,1.10735,18.2,126.467,471,2,0,2815,78.2192,82.0359,14.2177
2.61428,0.152094,0,0.152094,18.18,126.44,360,2,0,2816,78.2131,82.0284,14.2163
2.63652,1.50766,0,1.50766,18.18,126.44,451,2,0,2817,78.2584,82.0735,14.2148
2.63968,0.055378,0,0.055378,18.16,126.412,350,0,0,2817,78.2584,82.0735,14.2148
2.66039,0.123435,0,0.123435,18.16,126.412,350,0,0,2817,78.2584,82.0735,14.2148
2.66549,0.600123,0,0.600123,18.14,126.385,415,2,0,2818,78.2757,82.0923,14.2133
2.68676,0.753472,0,0.753472,18.14,126.385,483,0,0,2819,78.299,82.1142,14.2118
2.69294,0.199403,0,0.199403,18.12,126.357,369,2,0,2820,78.2911,82.105,14.2104
2.71453,1.1448,0,1.1448,18.12,126.357,429,2,0,2821,78.3378,82.1507,14.2089
2.718,0.408671,0,0.408671,18.1,126.329,422,2,0,2822,78.3469,82.1563,14.2074
2.73907,0.834906,0,0.834906,18.1,126.329,424,2,0,2823,78.3691,82.1828,14.206
2.74224,0.002095,0,0.002095,18.08,126.302,359,0,0,2823,78.3691,82.1828,14.206
2.76261,0.231599,0,0.231599,18.08,126.302,369,2,0,2824,78.3626,82.1749,14.2045
2.76844,0.065364,0,0.065364,18.06,126.274,369,0,0,2824,78.3626,82.1749,14.2045
2.79047,2.043,0,2.043,18.06,126.274,487,2,0,2825,78.4021,82.2149,14.203
2.79563,0.002127,0,0.002127,18.04,126.247,369,0,0,2825,78.4021,82.2149,14.203
2.81638,0.620495,0,0.620495,18.04,126.247,597,4,0,2826,78.4023,82.2144,14.2016
2.82077,0.727748,0,0.727748,18.02,126.219,473,2,0,2827,78.41,82.22,14.2001
2.84175,1.36132,0,1.36132,18.02,126.219,508,2,0,2828,78.4473,82.256,14.1987
2.84769,1.49745,0,1.49745,18,126.192,713,10,0,2829,78.4571,82.2672,14.1972
2.86701,0.577277,0,0.577277,18,126.192,389,2,0,2830,78.464,82.2728,14.1957
2.87388,1.27427,0,1.27427,17.98,126.164,428,2,0,2831,78.5055,82.314,14.1943
2.89345,0.948804,0,0.948804,17.98,126.164,462,2,0,2832,78.5279,82.3372,14.1928
2.89712,0.166494,0,0.166494,17.96,126.137,359,0,0,2832,78.5279,82.3372,14.1928
2.91824,1.13114,0,1.13114,17.96,126.137,458,2,0,2833,78.5404,82.3526,14.1913
2.9212,0.027229,0,0.027229,17.94,126.109,359,0,0,2833,78.5404,82.3526,14.1913
2.94261,0.11839,0,0.11839,17.94,126.109,359,0,0,2833,78.5404,82.3526,14.1913
2.95021,1.39594,0,1.39594,17.92,126.081,624,14,0,2834,78.5526,82.3624,14.1899
2.96893,0.09263,0,0.09263,17.92,126.081,359,0,0,2834,78.5526,82.3624,14.1899
2.97152,0.000782,0,0.000782,17.9,126.054,359,0,0,2834,78.5526,82.3624,14.1899
2.99226,0.271289,0,0.271289,17.9,126.054,370,2,0,2835,78.5478,82.3563,14.1884
2.9951,0.109304,0,0.109304,17.88,126.026,369,2,0,2836,78.5423,82.3494,14.187
3.01571,0.278472,0,0.278472,17.88,126.026,376,2,0,2837,78.5446,82.3504,14.1855
3.02037,0.901804,0,0.901804,17.86,125.999,455,6,0,2838,78.5581,82.3622,14.1841
3.04125,1.28202,0,1.28202,17.86,125.999,434,2,0,2839,78.5808,82.3836,14.1826
3.04772,1.06645,0,1.06645,17.84,125.971,491,2,0,2840,78.5901,82.3937,14.1811
3.06729,0.619456,0,0.619456,17.84,125.971,433,2,0,2841,78.5959,82.397,14.1797
3.07298,0.072251,0,0.072251,17.82,125.944,349,0,0,2841,78.5959,82.397,14.1797
3.09327,0.662363,0,0.662363,17.82,125.944,479,2,0,2842,78.6049,82.4039,14.1782
3.09558,0.012109,0,0.012109,17.8,125.916,355,0,0,2842,78.6049,82.4039,14.1782
3.11697,0.487791,0,0.487791,17.8,125.916,395,2,0,2843,78.5966,82.394,14.1768
3.12254,0.060609,0,0.060609,17.78,125.889,355,0,0,2843,78.5966,82.394,14.1768
3.14357,0.206417,0,0.206417,17.78,125.889,355,0,0,2843,78.5966,82.394,14.1768
3.1501,1.17887,0,1.17887,17.76,125.861,440,2,0,2844,78.6414,82.4385,14.1753
3.16868,0.099707,0,0.099707,17.76,125.861,355,0,0,2844,78.6414,82.4385,14.1753
3.17124,0.099953,0,0.099953,17.74,125.833,365,1,0,2845,78.6246,82.4204,14.1739
3.19167,0.089964,0,0.089964,17.74,125.833,365,0,0,2845,78.6246,82.4204,14.1739
3.19519,0.827449,0,0.827449,17.72,125.806,514,4,0,2846,78.6486,82.4434,14.1724
3.2162,1.10846,0,1.10846,17.72,125.806,459,2,0,2847,78.6863,82.483,14.171
3.21902,0.543075,0,0.543075,17.7,125.778,417,2,0,2848,78.7454,82.5376,14.1695
3.24005,0.938171,0,0.938171,17.7,125.778,488,2,0,2849,78.7694,82.5612,14.1681
3.24262,0.182665,0,0.182665,17.68,125.751,397,2,0,2850,78.7705,82.5611,14.1666
3.26557,1.84885,0,1.84885,17.68,125.751,515,8,0,2851,78.7945,82.5854,14.1652
3.27138,0.137885,0,0.137885,17.66,125.723,375,0,0,2851,78.7945,82.5854,14.1652
3.29121,0.213501,0,0.213501,17.66,125.723,391,2,0,2852,78.7854,82.575,14.1637
3.29761,0.597032,0,0.597032,17.64,125.696,401,2,0,2853,78.7943,82.5836,14.1623
3.31632,0.002488,0,0.002488,17.64,125.696,384,0,0,2853,78.7943,82.5836,14.1623
3.31916,0.206018,0,0.206018,17.62,125.668,488,2,0,2854,78.794,82.582,14.1608
3.34038,0.380981,0,0.380981,17.62,125.668,414,6,0,2855,78.7996,82.5867,14.1594
3.34545,2.70459,0,2.70459,17.6,125.641,1290,20,0,2856,78.8302,82.6201,14.1579
3.36454,1.13238,0,1.13238,17.6,125.641,780,0,0,2857,78.8358,82.6244,14.1565
3.37015,1.48248,0,1.48248,17.58,125.613,498,2,0,2858,78.8744,82.661,14.1551
3.38888,0.003464,0,0.003464,17.58,125.613,384,0,0,2858,78.8744,82.661,14.1551
3.39471,0.958505,0,0.958505,17.56,125.585,422,2,0,2859,78.9042,82.6891,14.1536
3.41401,0.099916,0,0.099916,17.56,125.585,374,0,0,2859,78.9042,82.6891,14.1536
3.41743,0.963402,0,0.963402,17.54,125.558,595,6,0,2860,78.942,82.7231,14.1522
3.43719,0.041336,0,0.041336,17.54,125.558,374,0,0,2860,78.942,82.7231,14.1522
3.44076,0.75781,0,0.75781,17.52,125.53,535,2,0,2861,78.9727,82.7539,14.1507
3.46278,1.46601,0,1.46601,17.52,125.53,460,2,0,2862,79.0112,82.7918,14.1493
3.46818,0.59905,0,0.59905,17.5,125.503,468,6,0,2863,79.0363,82.8142,14.1479
3.48827,0.249683,0,0.249683,17.5,125.503,384,1,0,2864,79.0251,82.8017,14.1464
3.49426,0.003364,0,0.003364,17.48,125.475,374,0,0,2864,79.0251,82.8017,14.1464
3.51458,0.920982,0,0.920982,17.48,125.475,547,4,0,2865,79.0426,82.8199,14.145
3.52072,0.695928,0,0.695928,17.46,125.448,393,2,0,2866,79.053,82.8325,14.1435
3.54092,0.958397,0,0.958397,17.46,125.448,496,4,0,2867,79.082,82.8594,14.1421
3.54375,0.329334,0,0.329334,17.44,125.42,482,6,0,2868,79.1018,82.8776,14.1407
3.56518,0.903134,0,0.903134,17.44,125.42,466,2,0,2869,79.1488,82.924,14.1392
3.57215,0.213826,0,0.213826,17.42,125.393,383,0,0,2869,79.1488,82.924,14.1392
3.59172,0.277234,0,0.277234,17.42,125.393,397,2,0,2870,79.1474,82.9213,14.1378
3.595,0.50259,0,0.50259,17.4,125.365,443,2,0,2871,79.1637,82.9387,14.1363
3.61483,0.267097,0,0.267097,17.4,125.365,447,2,0,2872,79.1581,82.9311,14.1349
3.61825,0.827278,0,0.827278,17.38,125.337,577,8,0,2873,79.1768,82.9478,14.1335
3.63925,1.09319,0,1.09319,17.38,125.337,596,2,0,2874,79.2018,82.9715,14.132
3.6416,0.118972,0,0.118972,17.36,125.31,413,2,0,2875,79.2003,82.9687,14.1306
3.66225,0.024715,0,0.024715,17.36,125.31,403,0,0,2875,79.2003,82.9687,14.1306
3.66524,0.620171,0,0.620171,17.34,125.282,506,2,0,2876,79.2239,82.9924,14.1292
3.68481,0.001924,0,0.001924,17.34,125.282,403,0,0,2876,79.2239,82.9924,14.1292
3.68922,0.070735,0,0.070735,17.32,125.255,408,0,0,2876,79.2239,82.9924,14.1292
3.70942,0.026521,0,0.026521,17.32,125.255,408,0,0,2876,79.2239,82.9924,14.1292
3.71202,0.035846,0,0.035846,17.3,125.227,398,0,0,2876,79.2239,82.9924,14.1292
3.73268,0.002145,0,0.002145,17.3,125.227,398,0,0,2876,79.2239,82.9924,14.1292
3.73538,0.26365,0,0.26365,17.28,125.2,444,2,0,2877,79.2221,82.9899,14.1277
3.75652,0.743251,0,0.743251,17.28,125.2,496,6,0,2878,79.2397,83.0066,14.1263
3.76028,0.487242,0,0.487242,17.26,125.172,412,2,0,2879,79.2511,83.0167,14.1249
3.78011,0.130895,0,0.130895,17.26,125.172,402,0,0,2879,79.2511,83.0167,14.1249
3.78632,1.33486,0,1.33486,17.24,125.145,500,2,0,2880,79.2799,83.0462,14.1235
3.80541,0.086941,0,0.086941,17.24,125.145,402,0,0,2880,79.2799,83.0462,14.1235
3.80877,0.052924,0,0.052924,17.22,125.117,402,0,0,2880,79.2799,83.0462,14.1235
3.82944,0.443136,0,0.443136,17.22,125.117,412,2,0,2881,79.3117,83.0767,14.122
3.83193,0.022452,0,0.022452,17.2,125.089,402,0,0,2881,79.3117,83.0767,14.122
3.85357,1.25595,0,1.25595,17.2,125.089,504,2,0,2882,79.3536,83.1194,14.1206
3.85851,1.20291,0,1.20291,17.18,125.062,472,2,0,2883,79.3899,83.1537,14.1192
3.88024,2.72409,0,2.72409,17.18,125.062,702,6,0,2884,79.4331,83.1924,14.1177
3.88521,0.446879,0,0.446879,17.16,125.034,438,2,0,2885,79.436,83.1945,14.1163
3.90703,1.70116,0,1.70116,17.16,125.034,508,4,0,2886,79.4837,83.2391,14.1149
3.91074,0.802573,0,0.802573,17.14,125.007,557,2,0,2887,79.5095,83.2639,14.1135
3.93133,0.092942,0,0.092942,17.14,125.007,412,0,0,2887,79.5095,83.2639,14.1135
3.94995,12.9261,0,12.9261,17.12,124.979,4717,148,0,2888,79.5007,83.2635,14.112
3.9579,0.829412,0,0.829412,17.12,124.979,522,2,0,2889,79.5209,83.2818,14.1106
3.96056,0.157105,0,0.157105,17.1,124.952,416,2,0,2890,79.5228,83.2824,14.1092
3.98117,0.365326,0,0.365326,17.1,124.952,432,2,0,2891,79.524,83.2829,14.1078
3.98388,0.04737,0,0.04737,17.08,124.924,402,0,0,2891,79.524,83.2829,14.1078
4.00478,0.028516,0,0.028516,17.08,124.924,402,0,0,2891,79.524,83.2829,14.1078
4.00763,0.191947,0,0.191947,17.06,124.897,423,2,0,2892,79.5301,83.2877,14.1064
4.02875,0.081973,0,0.081973,17.06,124.897,402,0,0,2892,79.5301,83.2877,14.1064
4.0361,1.60611,0,1.60611,17.04,124.869,494,2,0,2893,79.5524,83.309,14.1049
4.05688,1.49774,0,1.49774,17.04,124.869,451,2,0,2894,79.5843,83.3417,14.1035
4.0628,0.873609,0,0.873609,17.02,124.841,806,18,0,2895,79.5838,83.3413,14.1021
4.08289,0.76605,0,0.76605,17.02,124.841,415,2,0,2896,79.626,83.3823,14.1007
4.08951,0.391461,0,0.391461,17,124.814,418,2,0,2897,79.6244,83.379,14.0992
4.10843,0.045687,0,0.045687,17,124.814,402,0,0,2897,79.6244,83.379,14.0992
4.11141,0.334828,0,0.334828,16.98,124.786,425,2,0,2898,79.6446,83.3968,14.0978
4.13454,1.92202,0,1.92202,16.98,124.786,487,2,0,2899,79.6861,83.4398,14.0964
4.13903,0.051357,0,0.051357,16.96,124.759,402,0,0,2899,79.6861,83.4398,14.0964
4.16309,2.70382,0,2.70382,16.96,124.759,675,30,0,2900,79.6948,83.4469,14.095
4.16949,0.389954,0,0.389954,16.94,124.731,440,2,0,2901,79.7004,83.4509,14.0936
4.19221,2.05881,0,2.05881,16.94,124.731,580,4,0,2902,79.7164,83.4686,14.0922
4.19888,0.1297,0,0.1297,16.92,124.704,402,0,0,2902,79.7164,83.4686,14.0922
4.21836,0.088099,0,0.088099,16.92,124.704,402,0,0,2902,79.7164,83.4686,14.0922
4.22691,1.43835,0,1.43835,16.9,124.676,618,25,0,2903,79.7151,83.4664,14.0907
4.24444,0.085542,0,0.085542,16.9,124.676,402,0,0,2903,79.7151,83.4664,14.0907
4.24743,0.368354,0,0.368354,16.88,124.649,514,3,0,2904,79.7221,83.4711,14.0893
4.26838,0.096796,0,0.096796,16.88,124.599,412,0,0,2904,79.7221,83.4711,14.0893
4.27406,0.051367,0,0.051367,16.86,124.572,412,0,0,2904,79.7221,83.4711,14.0893
4.29452,0.580316,0,0.580316,16.86,124.572,422,2,0,2905,79.7473,83.495,14.0879
4.2985,0.748989,0,0.748989,16.84,124.544,576,26,0,2906,79.7512,83.5003,14.0865
4.31864,0.003826,0,0.003826,16.84,124.544,412,0,0,2906,79.7512,83.5003,14.0865
4.32457,0.648254,0,0.648254,16.82,124.517,526,3,0,2907,79.7479,83.496,14.0851
4.34436,0.507051,0,0.507051,16.82,124.517,488,4,0,2908,79.7538,83.501,14.0837
4.34708,0.271122,0,0.271122,16.8,124.489,442,2,0,2909,79.779,83.526,14.0823
4.36856,0.10742,0,0.10742,16.8,124.489,422,0,0,2909,79.779,83.526,14.0823
4.37637,1.45216,0,1.45216,16.78,124.461,649,26,0,2910,79.7921,83.5426,14.0809
4.39569,0.580059,0,0.580059,16.78,124.461,546,4,0,2911,79.8056,83.5572,14.0794
4.39842,0.145759,0,0.145759,16.76,124.434,442,2,0,2912,79.7984,83.5484,14.078
4.41887,0.246044,0,0.246044,16.76,124.434,444,2,0,2913,79.7947,83.5434,14.0766
4.42189,0.481668,0,0.481668,16.74,124.406,523,2,0,2914,79.8164,83.5638,14.0752
4.44204,0.26809,0,0.26809,16.74,124.406,446,2,0,2915,79.8144,83.5605,14.0738
4.44526,0.640402,0,0.640402,16.72,124.379,502,2,0,2916,79.8309,83.5754,14.0724
4.46628,0.201352,0,0.201352,16.72,124.379,432,0,0,2916,79.8309,83.5754,14.0724
4.47298,1.35587,0,1.35587,16.7,124.351,521,2,0,2917,79.8543,83.5989,14.071
4.49298,0.926947,0,0.926947,16.7,124.351,500,2,0,2918,79.8879,83.6319,14.0696
4.49571,0.314932,0,0.314932,16.68,124.324,466,2,0,2919,79.9085,83.6516,14.0682
4.51701,1.00888,0,1.00888,16.68,124.324,518,2,0,2920,79.9527,83.6935,14.0668
4.51994,0.500516,0,0.500516,16.66,124.296,478,2,0,2921,79.9945,83.7333,14.0654
4.53995,0.088119,0,0.088119,16.66,124.296,432,0,0,2921,79.9945,83.7333,14.0654
4.54364,1.04163,0,1.04163,16.64,124.269,629,2,0,2922,80.0287,83.771,14.064
4.56381,0.490866,0,0.490866,16.64,124.269,480,2,0,2923,80.0393,83.7804,14.0626
4.56675,0.540225,0,0.540225,16.62,124.241,516,2,0,2924,80.0691,83.8081,14.0612
4.58764,0.709379,0,0.709379,16.62,124.241,710,0,0,2925,80.0937,83.8315,14.0598
4.59058,0.403726,0,0.403726,16.6,124.213,531,2,0,2926,80.1022,83.839,14.0584
4.61112,0.756065,0,0.756065,16.6,124.213,528,2,0,2927,80.1165,83.8541,14.057
4.61386,0.09352,0,0.09352,16.58,124.186,452,0,0,2927,80.1165,83.8541,14.057
4.63649,1.22127,0,1.22127,16.58,124.186,558,2,0,2928,80.1274,83.8641,14.0556
4.64267,0.401003,0,0.401003,16.56,124.158,506,1,0,2929,80.1226,83.858,14.0542
4.66235,0.117382,0,0.117382,16.56,124.158,452,0,0,2929,80.1226,83.858,14.0542
4.66633,0.744392,0,0.744392,16.54,124.131,495,2,0,2930,80.1321,83.8672,14.0528
4.68917,3.45766,0,3.45766,16.54,124.131,1348,0,0,2931,80.1528,83.8867,14.0514
4.69515,0.029016,0,0.029016,16.52,124.103,452,0,0,2931,80.1528,83.8867,14.0514
4.71661,1.2783,0,1.2783,16.52,124.103,531,2,0,2932,80.1855,83.9192,14.05
4.72431,1.43273,0,1.43273,16.5,124.076,539,2,0,2933,80.209,83.9417,14.0486
4.74392,0.858629,0,0.858629,16.5,124.076,458,2,0,2934,80.2304,83.9615,14.0472
4.7476,0.052751,0,0.052751,16.48,124.048,442,0,0,2934,80.2304,83.9615,14.0472
4.76906,0.702976,0,0.702976,16.48,124.048,558,2,0,2935,80.2296,83.9595,14.0458
4.77641,0.911629,0,0.911629,16.46,124.021,620,0,0,2936,80.2459,83.9745,14.0444
4.79764,1.52954,0,1.52954,16.46,124.021,468,4,0,2937,80.2697,84,14.043
4.80534,0.727506,0,0.727506,16.44,123.993,499,4,0,2938,80.275,84.0044,14.0416
4.83225,7.20453,0,7.20453,16.44,123.993,1696,36,0,2939,80.3069,84.0374,14.0402
4.83923,0.475916,0,0.475916,16.42,123.965,442,2,0,2940,80.3119,84.0412,14.0388
4.86053,1.15353,0,1.15353,16.42,123.965,721,20,0,2941,80.3152,84.0428,14.0374
4.86694,0.098624,0,0.098624,16.4,123.837,412,0,0,2941,80.3152,84.0428,14.0374
4.88872,0.99125,0,0.99125,16.4,123.837,432,2,0,2942,80.3481,84.0744,14.036
4.89543,0.47956,0,0.47956,16.38,123.692,432,2,0,2943,80.3459,84.071,14.0346
4.91658,0.778839,0,0.778839,16.38,123.692,432,2,0,2944,80.3577,84.0822,14.0332
4.9247,1.39104,0,1.39104,16.36,123.546,533,8,0,2945,80.3739,84.093,14.0319
4.94319,0.283587,0,0.283587,16.36,123.546,412,2,0,2946,80.37,84.0879,14.0305
4.95139,4.04462,0,4.04462,16.34,123.4,919,34,0,2947,80.3851,84.1089,14.0291
4.96747,0.698823,0,0.698823,16.34,123.4,420,2,0,2948,80.4033,84.1258,14.0277
5.19,218.473,17.5461,200.926,16.32,123.254,116740,4451,0,2948,78.9071,82.9261,14.0277
5.19667,2.28207,0,2.28207,16.3,124.122,2366,96,0,2949,78.8911,82.9108,14.0263
5.21531,0.798277,0,0.798277,16.3,124.122,436,2,0,2950,78.9132,82.9315,14.0249
5.21808,0.036156,0,0.036156,16.28,124.09,299,0,0,2950,78.9132,82.9315,14.0249
5.2385,0.051361,0,0.051361,16.28,124.09,299,0,0,2950,78.9132,82.9315,14.0249
5.24174,0.054692,0,0.054692,16.26,124.057,299,0,0,2950,78.9132,82.9315,14.0249
5.26307,1.1203,0,1.1203,16.26,124.057,470,2,0,2951,78.939,82.9556,14.0235
5.26673,0.412732,0,0.412732,16.24,124.024,337,2,0,2952,78.9583,82.9715,14.0221
5.28731,0.395686,0,0.395686,16.24,124.024,330,2,0,2953,78.9624,82.9743,14.0208
5.29048,0.063204,0,0.063204,16.22,123.991,299,0,0,2953,78.9624,82.9743,14.0208
5.31075,0.023749,0,0.023749,16.22,123.991,299,0,0,2953,78.9624,82.9743,14.0208
5.31432,0.345526,0,0.345526,16.2,123.958,343,6,0,2954,78.9658,82.9763,14.0194
5.3349,0.792164,0,0.792164,16.2,123.958,345,2,0,2955,78.9915,83.0007,14.018
5.33838,0.06065,0,0.06065,16.18,123.925,302,0,0,2955,78.9915,83.0007,14.018
5.36089,2.0031,0,2.0031,16.18,123.925,702,6,0,2956,79.0335,83.0416,14.0166
5.36461,0.403612,0,0.403612,16.16,123.892,344,2,0,2957,79.0389,83.0457,14.0152
5.3851,0.381795,0,0.381795,16.16,123.892,330,2,0,2958,79.0409,83.0463,14.0138
5.38889,0.197171,0,0.197171,16.14,123.859,380,2,0,2959,79.0328,83.0368,14.0125
5.41053,0.833526,0,0.833526,16.14,123.859,383,2,0,2960,79.0564,83.0591,14.0111
5.41503,0.423106,0,0.423106,16.12,123.826,382,2,0,2961,79.0601,83.0625,14.0097
5.43504,0.044806,0,0.044806,16.12,123.826,320,0,0,2961,79.0601,83.0625,14.0097
5.44187,0.413138,0,0.413138,16.1,123.793,350,5,0,2962,79.0571,83.0581,14.0083
5.46146,0.470743,0,0.470743,16.1,123.793,342,2,0,2963,79.0719,83.0722,14.0069
5.4653,0.872148,0,0.872148,16.08,123.76,513,4,0,2964,79.1046,83.1029,14.0056
5.48555,0.40331,0,0.40331,16.08,123.76,366,2,0,2965,79.1035,83.1005,14.0042
5.75617,264.2,31.9936,232.207,16.06,123.727,153796,5065,0,2966,78.7846,82.8409,14.0028
5.76123,1.50286,0,1.50286,16.04,123.694,813,16,0,2967,78.8005,82.848,14.0014
5.78099,0.803751,0,0.803751,16.04,123.694,534,17,0,2968,78.8059,82.8518,14.0001
5.78401,0.045497,0,0.045497,16.02,123.662,329,0,0,2968,78.8059,82.8518,14.0001
5.80485,0.1828,0,0.1828,16.02,123.662,329,0,0,2968,78.8059,82.8518,14.0001
5.8084,0.256941,0,0.256941,16,123.629,413,4,0,2969,78.8117,82.8562,13.9987
5.82878,0.440882,0,0.440882,16,123.629,418,2,0,2970,78.8192,82.8623,13.9973
5.83275,0.58472,0,0.58472,15.98,123.596,424,2,0,2971,78.8465,82.8883,13.9959
5.85286,0.12184,0,0.12184,15.98,123.596,338,0,0,2971,78.8465,82.8883,13.9959
5.85665,0.598455,0,0.598455,15.96,123.563,858,0,0,2972,78.856,82.8964,13.9946
5.87725,0.501254,0,0.501254,15.96,123.563,357,2,0,2973,78.8715,82.9102,13.9932
5.88123,1.02782,0,1.02782,15.94,123.53,445,8,0,2974,78.9089,82.9475,13.9918
5.90068,0.094929,0,0.094929,15.94,123.53,338,0,0,2974,78.9089,82.9475,13.9918
6.13699,232.937,10.5746,222.362,15.92,123.497,144319,3980,0,2975,78.7681,82.8303,13.9904
6.14094,0.517209,0,0.517209,15.9,123.464,415,8,0,2976,78.793,82.8542,13.9891
6.16065,0.025351,0,0.025351,15.9,123.464,355,0,0,2976,78.793,82.8542,13.9891
6.16411,0.445743,0,0.445743,15.88,123.431,544,2,0,2977,78.8042,82.8633,13.9877
6.18497,0.51448,0,0.51448,15.88,123.431,395,4,0,2978,78.8227,82.8805,13.9863
6.18771,0.015188,0,0.015188,15.86,123.398,394,0,0,2978,78.8227,82.8805,13.9863
6.20854,0.303703,0,0.303703,15.86,123.398,414,4,0,2979,78.8288,82.8852,13.985
6.21148,0.038081,0,0.038081,15.84,123.365,394,0,0,2979,78.8288,82.8852,13.985
6.23418,1.95075,0,1.95075,15.84,123.365,960,16,0,2980,78.8567,82.9107,13.9836
6.23707,0.002205,0,0.002205,15.82,123.332,394,0,0,2980,78.8567,82.9107,13.9836
6.258,0.557354,0,0.557354,15.82,123.332,437,2,0,2981,78.8786,82.9312,13.9822
6.26679,6.10893,0,6.10893,15.8,123.299,2436,74,0,2982,78.8954,82.9453,13.9809
6.28507,3.53095,0,3.53095,15.8,123.299,892,10,0,2983,78.9212,82.9745,13.9795
6.28922,0.060231,0,0.060231,15.78,123.266,402,0,0,2983,78.9212,82.9745,13.9795
6.31156,1.9725,0,1.9725,15.78,123.266,761,24,0,2984,78.9708,83.0231,13.9781
6.31744,2.38703,0,2.38703,15.76,123.233,1022,54,0,2985,79.0007,83.0513,13.9768
6.33592,0.335223,0,0.335223,15.76,123.233,434,2,0,2986,78.9953,83.0445,13.9754
6.34115,1.15991,0,1.15991,15.74,123.201,584,2,0,2987,79.0208,83.07,13.974
6.36066,0.597911,0,0.597911,15.74,123.201,451,4,0,2988,79.0395,83.0863,13.9727
6.36448,0.887313,0,0.887313,15.72,123.168,859,4,0,2989,79.0478,83.0933,13.9713
6.38511,0.995892,0,0.995892,15.72,123.168,595,4,0,2990,79.0592,83.1037,13.9699
6.38991,0.773057,0,0.773057,15.7,123.135,756,0,0,2991,79.0662,83.1093,13.9686
6.40951,0.002354,0,0.002354,15.7,123.135,420,0,0,2991,79.0662,83.1093,13.9686
6.41497,0.612813,0,0.612813,15.68,123.102,430,2,0,2992,79.0896,83.1314,13.9672
6.43666,1.56116,0,1.56116,15.68,123.102,493,2,0,2993,79.1196,83.16,13.9659
6.44308,1.21256,0,1.21256,15.66,123.069,930,16,0,2994,79.1229,83.162,13.9645
6.46186,0.14651,0,0.14651,15.66,123.069,420,0,0,2994,79.1229,83.162,13.9645
6.46804,0.029686,0,0.029686,15.64,123.036,420,0,0,2994,79.1229,83.162,13.9645
6.48811,0.23822,0,0.23822,15.64,123.036,420,0,0,2994,79.1229,83.162,13.9645
6.49288,0.12132,0,0.12132,15.62,123.003,420,0,0,2994,79.1229,83.162,13.9645
6.51495,1.42036,0,1.42036,15.62,123.003,508,2,0,2995,79.1386,83.1773,13.9631
6.52175,0.112528,0,0.112528,15.6,122.97,420,0,0,2995,79.1386,83.1773,13.9631
6.54225,0.794006,0,0.794006,15.6,122.97,879,6,0,2996,79.1622,83.1993,13.9618
6.54578,0.149665,0,0.149665,15.58,122.937,420,0,0,2996,79.1622,83.1993,13.9618
6.56711,0.896924,0,0.896924,15.58,122.937,469,2,0,2997,79.1752,83.2112,13.9604
6.57278,1.33062,0,1.33062,15.56,122.904,716,16,0,2998,79.1885,83.2258,13.9591
6.59124,0.120947,0,0.120947,15.56,122.904,420,0,0,2998,79.1885,83.2258,13.9591
6.59912,1.53575,0,1.53575,15.54,122.871,547,2,0,2999,79.2061,83.2427,13.9577
6.61754,0.785739,0,0.785739,15.54,122.871,536,2,0,3000,79.2303,83.2653,13.9563
6.62232,0.618305,0,0.618305,15.52,122.838,490,2,0,3001,79.2433,83.2786,13.955
6.64706,4.80103,0,4.80103,15.52,122.838,1154,16,0,3002,79.2542,83.2911,13.9536
6.65448,1.02676,0,1.02676,15.5,122.805,504,2,0,3003,79.2714,83.3074,13.9523
6.67425,0.271218,0,0.271218,15.5,122.805,420,0,0,3003,79.2714,83.3074,13.9523
6.68257,1.34785,0,1.34785,15.48,122.773,557,2,0,3004,79.2973,83.3316,13.9509
6.70724,6.20045,0,6.20045,15.48,122.773,1465,28,0,3005,79.3188,83.3587,13.9496
6.71181,0.864858,0,0.864858,15.46,122.74,534,6,0,3006,79.3257,83.3653,13.9482
6.73177,0.866298,0,0.866298,15.46,122.74,453,2,0,3007,79.3339,83.3718,13.9469
6.73568,0.059329,0,0.059329,15.44,122.805,380,0,0,3007,79.3339,83.3718,13.9469
6.75531,0.119169,0,0.119169,15.44,122.805,390,0,0,3007,79.3339,83.3718,13.9469
6.75922,0.673617,0,0.673617,15.42,122.722,556,19,0,3008,79.3451,83.382,13.9455
6.78012,0.912709,0,0.912709,15.42,122.722,420,4,0,3009,79.3729,83.4081,13.9441
7.04096,254.716,25.1788,229.537,15.4,122.638,155945,5381,0,3010,79.1432,83.2332,13.9428
7.04425,0.054043,0,0.054043,15.38,122.554,400,0,0,3010,79.1432,83.2332,13.9428
7.06527,0.539753,0,0.539753,15.38,122.554,459,4,0,3011,79.1588,83.2474,13.9414
7.06791,0.001221,0,0.001221,15.36,122.47,400,0,0,3011,79.1588,83.2474,13.9414
7.08869,0.346286,0,0.346286,15.36,122.47,410,2,0,3012,79.1624,83.2497,13.9401
7.09201,0.300104,0,0.300104,15.34,122.386,440,6,0,3013,79.1782,83.2642,13.9387
7.11276,0.872881,0,0.872881,15.34,122.386,557,2,0,3014,79.2113,83.296,13.9374
7.11543,0.063626,0,0.063626,15.32,122.302,410,0,0,3014,79.2113,83.296,13.9374
7.13645,0.589393,0,0.589393,15.32,122.302,532,2,0,3015,79.2259,83.3088,13.936
7.13902,0.034926,0,0.034926,15.3,122.218,410,0,0,3015,79.2259,83.3088,13.936
7.16061,0.705771,0,0.705771,15.3,122.218,429,2,0,3016,79.2394,83.3206,13.9347
7.16519,0.084535,0,0.084535,15.28,122.135,400,0,0,3016,79.2394,83.3206,13.9347
7.18525,0.036641,0,0.036641,15.28,122.135,400,0,0,3016,79.2394,83.3206,13.9347
7.1886,0.095933,0,0.095933,15.26,122.051,400,0,0,3016,79.2394,83.3206,13.9347
7.20883,0.070886,0,0.070886,15.26,122.051,400,0,0,3016,79.2394,83.3206,13.9347
7.21197,0.407789,0,0.407789,15.24,121.967,484,4,0,3017,79.2509,83.3315,13.9334
7.23412,1.19776,0,1.19776,15.24,121.967,508,2,0,3018,79.2631,83.3426,13.932
7.24015,0.594003,0,0.594003,15.22,121.883,487,2,0,3019,79.2812,83.3594,13.9307
7.26195,1.56136,0,1.56136,15.22,121.883,612,4,0,3020,79.3056,83.3821,13.9293
7.35748,89.7621,9.41554,80.3466,15.2,121.799,62609,1785,0,3021,79.3201,83.3976,13.928
7.36094,0.633854,0,0.633854,15.18,122.006,714,0,0,3022,79.3657,83.4418,13.9266
7.38048,0.020635,0,0.020635,15.18,122.006,352,0,0,3022,79.3657,83.4418,13.9266
7.38392,0.733933,0,0.733933,15.16,121.955,1007,0,0,3023,79.3956,83.4704,13.9253
7.40398,0.121212,0,0.121212,15.16,121.955,352,0,0,3023,79.3956,83.4704,13.9253
7.4072,0.663259,0,0.663259,15.14,121.905,468,2,0,3024,79.4322,83.5056,13.9239
7.42774,0.727771,0,0.727771,15.14,121.905,454,14,0,3025,79.4615,83.5339,13.9226
7.43026,0.01206,0,0.01206,15.12,121.855,352,0,0,3025,79.4615,83.5339,13.9226
7.45119,0.642119,0,0.642119,15.12,121.855,392,4,0,3026,79.4861,83.5582,13.9212
7.45443,0.230314,0,0.230314,15.1,121.804,352,2,0,3027,79.4906,83.5613,13.9199
7.47445,0.118374,0,0.118374,15.1,121.804,342,0,0,3027,79.4906,83.5613,13.9199
7.47773,0.659138,0,0.659138,15.08,121.754,702,16,0,3028,79.4993,83.5687,13.9186
7.49792,0.112019,0,0.112019,15.08,121.754,342,0,0,3028,79.4993,83.5687,13.9186
7.5004,0.011686,0,0.011686,15.06,121.703,342,0,0,3028,79.4993,83.5687,13.9186
7.52242,0.843212,0,0.843212,15.06,121.703,418,2,0,3029,79.5163,83.5844,13.9172
7.5264,0.053908,0,0.053908,15.04,121.653,342,0,0,3029,79.5163,83.5844,13.9172
7.54733,1.0352,0,1.0352,15.04,121.653,430,2,0,3030,79.5564,83.6241,13.9159
7.55291,0.105633,0,0.105633,15.02,121.603,348,0,0,3030,79.5564,83.6241,13.9159
7.57456,2.15278,0,2.15278,15.02,121.603,1101,64,0,3031,79.5869,83.6519,13.9145
7.57801,0.41703,0,0.41703,15,121.552,362,2,0,3032,79.59,83.6537,13.9132
7.59856,0.375823,0,0.375823,15,121.552,358,2,0,3033,79.5889,83.6512,13.9119
7.88064,276.779,20.0242,256.755,14.98,121.502,164607,5106,0,3034,79.4684,83.5689,13.9105
7.88368,0.069156,0,0.069156,14.96,121.451,348,0,0,3034,79.4684,83.5689,13.9105
7.90392,0.372431,0,0.372431,14.96,121.451,388,2,0,3035,79.4801,83.5792,13.9092
7.90663,0.192725,0,0.192725,14.94,121.401,420,1,0,3036,79.4825,83.5804,13.9079
7.92816,0.954988,0,0.954988,14.94,121.401,466,2,0,3037,79.5114,83.6075,13.9065
7.93118,0.662548,0,0.662548,14.92,121.351,603,16,0,3038,79.53,83.6251,13.9052
7.9513,0.002416,0,0.002416,14.92,121.351,348,0,0,3038,79.53,83.6251,13.9052
7.95415,0.050579,0,0.050579,14.9,121.3,348,0,0,3038,79.53,83.6251,13.9052
7.97481,0.386042,0,0.386042,14.9,121.3,384,4,0,3039,79.5377,83.6315,13.9038
7.9777,0.062981,0,0.062981,14.88,121.25,348,0,0,3039,79.5377,83.6315,13.9038
7.99896,0.762981,0,0.762981,14.88,121.25,459,2,0,3040,79.5536,83.6461,13.9025
8.00335,0.961673,0,0.961673,14.86,121.2,443,2,0,3041,79.5794,83.6712,13.9012
8.02383,0.925067,0,0.925067,14.86,121.2,800,2,0,3042,79.6032,83.6933,13.8998
8.02621,0.034106,0,0.034106,14.84,121.149,348,0,0,3042,79.6032,83.6933,13.8998
8.0471,0.590549,0,0.590549,14.84,121.149,375,2,0,3043,79.6375,83.7263,13.8985
8.05026,0.113537,0,0.113537,14.82,121.099,348,1,0,3044,79.6357,83.7231,13.8972
8.0706,0.146769,0,0.146769,14.82,121.099,344,0,0,3044,79.6357,83.7231,13.8972
8.07337,0.034091,0,0.034091,14.8,121.048,344,0,0,3044,79.6357,83.7231,13.8972
8.09435,0.503886,0,0.503886,14.8,121.048,374,2,0,3045,79.6729,83.7583,13.8958
8.09797,0.838359,0,0.838359,14.78,120.998,646,4,0,3046,79.7032,83.7859,13.8945
8.11921,0.686597,0,0.686597,14.78,120.998,404,2,0,3047,79.7076,83.789,13.8932
8.12334,0.463836,0,0.463836,14.76,120.948,519,21,0,3048,79.7198,83.8002,13.8919
8.14444,0.80379,0,0.80379,14.76,120.948,365,2,0,3049,79.7448,83.8239,13.8905
8.15285,2.55592,0,2.55592,14.74,120.897,1260,0,0,3050,79.7807,83.8584,13.8892
8.16973,0.080849,0,0.080849,14.74,120.897,338,0,0,3050,79.7807,83.8584,13.8892
8.17295,0.290062,0,0.290062,14.72,120.847,370,2,0,3051,79.7915,83.8679,13.8879
8.1947,0.671824,0,0.671824,14.72,120.847,367,2,0,3052,79.805,83.8804,13.8865
8.19808,0.288192,0,0.288192,14.7,120.797,342,2,0,3053,79.8287,83.9027,13.8852
8.22008,1.76484,0,1.76484,14.7,120.797,835,6,0,3054,79.854,83.9293,13.8839
8.22295,0.283407,0,0.283407,14.68,120.746,342,2,0,3055,79.8743,83.9483,13.8826
8.24459,1.2355,0,1.2355,14.68,120.746,546,36,0,3056,79.8871,83.9604,13.8812
8.25029,0.042291,0,0.042291,14.66,120.696,332,0,0,3056,79.8871,83.9604,13.8812
8.27026,0.721836,0,0.721836,14.66,120.696,445,2,0,3057,79.8986,83.9696,13.8799
8.27308,0.247893,0,0.247893,14.64,120.645,344,2,0,3058,79.9202,83.9899,13.8786
8.29375,0.03793,0,0.03793,14.64,120.645,332,0,0,3058,79.9202,83.9899,13.8786
8.29626,0.062934,0,0.062934,14.62,120.595,316,0,0,3058,79.9202,83.9899,13.8786
8.31968,2.11658,0,2.11658,14.62,120.595,515,2,0,3059,79.9555,84.0271,13.8773
8.32734,1.93566,0,1.93566,14.6,120.545,642,6,0,3060,79.9634,84.0343,13.8759
8.34928,3.00992,0,3.00992,14.6,120.545,796,48,0,3061,79.9739,84.0457,13.8746
8.35559,0.637537,0,0.637537,14.58,120.494,322,2,0,3062,79.9938,84.0643,13.8733
8.37796,2.59869,0,2.59869,14.58,120.494,769,17,0,3063,79.999,84.0692,13.872
8.38216,0.064278,0,0.064278,14.56,120.444,312,0,0,3063,79.999,84.0692,13.872
8.40426,1.47837,0,1.47837,14.56,120.444,399,2,0,3064,80.0121,84.0813,13.8706
8.40709,0.104777,0,0.104777,14.54,120.393,322,1,0,3065,80.0026,84.0705,13.8693
8.42994,1.50909,0,1.50909,14.54,120.393,469,2,0,3066,80.0196,84.0861,13.868
8.43697,0.447161,0,0.447161,14.52,120.343,337,2,0,3067,80.0218,84.0871,13.8667
8.45748,0.316722,0,0.316722,14.52,120.343,340,2,0,3068,80.0225,84.087,13.8654
8.46096,0.180413,0,0.180413,14.5,120.293,332,0,0,3068,80.0225,84.087,13.8654
8.48066,0.091984,0,0.091984,14.5,120.293,332,0,0,3068,80.0225,84.087,13.8654
8.60225,117.83,8.61951,109.211,14.48,120.242,76319,2375,0,3068,79.9032,83.9886,13.8654
8.6051,0.049719,0,0.049719,14.46,120.192,336,0,0,3068,79.9032,83.9886,13.8654
8.6258,0.230731,0,0.230731,14.46,120.192,346,1,0,3069,79.8993,83.9834,13.8641
8.63122,2.93361,0,2.93361,14.44,120.142,1461,42,0,3070,79.9065,83.9899,13.8627
8.64924,0.203264,0,0.203264,14.44,120.142,336,2,0,3071,79.8997,83.9818,13.8614
8.65166,0.038567,0,0.038567,14.42,120.091,328,0,0,3071,79.8997,83.9818,13.8614
8.67264,0.673706,0,0.673706,14.42,120.091,410,2,0,3072,79.9137,83.9941,13.8601
8.67642,0.756838,0,0.756838,14.4,120.041,469,4,0,3073,79.9216,84.001,13.8588
8.69623,0.417497,0,0.417497,14.4,120.041,398,0,0,3074,79.9405,84.0185,13.8575
8.70002,0.601927,0,0.601927,14.38,119.99,389,2,0,3075,79.9636,84.04,13.8562
8.72146,1.31027,0,1.31027,14.38,119.99,727,74,0,3076,79.9782,84.053,13.8548
8.72424,0.299437,0,0.299437,14.36,119.94,492,4,0,3077,79.9896,84.063,13.8535
8.74466,0.073089,0,0.073089,14.36,119.94,332,0,0,3077,79.9896,84.063,13.8535
8.74757,0.052138,0,0.052138,14.34,119.89,346,0,0,3077,79.9896,84.063,13.8535
8.76839,0.165552,0,0.165552,14.34,119.89,346,0,0,3077,79.9896,84.063,13.8535
8.77378,0.308952,0,0.308952,14.32,119.839,360,2,0,3078,80.0094,84.0812,13.8522
8.79487,1.13316,0,1.13316,14.32,119.839,490,4,0,3079,80.0201,84.0909,13.8509
8.80205,1.57307,0,1.57307,14.3,119.789,482,2,0,3080,80.0448,84.1156,13.8496
8.82153,0.736934,0,0.736934,14.3,119.789,459,2,0,3081,80.06,84.1285,13.8483
8.82422,0.062267,0,0.062267,14.28,119.738,330,0,0,3081,80.06,84.1285,13.8483
8.84547,0.062347,0,0.062347,14.28,119.738,330,0,0,3081,80.06,84.1285,13.8483
8.85206,1.02273,0,1.02273,14.26,119.688,454,2,0,3082,80.0892,84.1557,13.847
8.87165,0.183654,0,0.183654,14.26,119.688,330,0,0,3082,80.0892,84.1557,13.847
8.87875,0.991681,0,0.991681,14.24,119.638,466,2,0,3083,80.1103,84.1755,13.8456
8.90018,2.59188,0,2.59188,14.24,119.638,652,60,0,3084,80.1488,84.2143,13.8443
8.90633,0.616973,0,0.616973,14.22,119.587,407,13,0,3085,80.1627,84.2266,13.843
8.92545,0.002008,0,0.002008,14.22,119.587,320,0,0,3085,80.1627,84.2266,13.843
8.92857,0.415692,0,0.415692,14.2,119.537,360,10,0,3086,80.1896,84.2515,13.8417
8.94969,0.179448,0,0.179448,14.2,119.537,320,0,0,3086,80.1896,84.2515,13.8417
8.95491,0.59039,0,0.59039,14.18,119.487,513,4,0,3087,80.2093,84.2695,13.8404
8.97725,1.6596,0,1.6596,14.18,119.487,455,2,0,3088,80.2455,84.3041,13.8391
8.98076,0.002512,0,0.002512,14.16,119.436,330,0,0,3088,80.2455,84.3041,13.8391
9.00075,0.176097,0,0.176097,14.16,119.436,340,1,0,3089,80.2363,84.2936,13.8378
9.00397,0.332973,0,0.332973,14.14,119.386,374,2,0,3090,80.2495,84.3042,13.8365
9.02751,2.70069,0,2.70069,14.14,119.386,893,44,0,3091,80.2543,84.3064,13.8352
9.03493,1.17046,0,1.17046,14.12,119.335,535,2,0,3092,80.2891,84.3396,13.8339
9.05434,0.610628,0,0.610628,14.12,119.335,484,14,0,3093,80.313,84.3621,13.8326
9.05699,0.032012,0,0.032012,14.1,119.285,340,0,0,3093,80.313,84.3621,13.8326
9.07798,0.461023,0,0.461023,14.1,119.285,372,6,0,3094,80.3365,84.3843,13.8313
9.0805,0.001043,0,0.001043,14.08,119.235,340,0,0,3094,80.3365,84.3843,13.8313
9.10098,0.121172,0,0.121172,14.08,119.235,340,0,0,3094,80.3365,84.3843,13.8313
9.10397,0.009146,0,0.009146,14.06,119.184,340,0,0,3094,80.3365,84.3843,13.8313
9.12496,0.386814,0,0.386814,14.06,119.184,350,2,0,3095,80.3299,84.3764,13.83
9.12946,0.018349,0,0.018349,14.04,119.134,330,0,0,3095,80.3299,84.3764,13.83
9.15084,0.004543,0,0.004543,14.04,119.134,330,0,0,3095,80.3299,84.3764,13.83
9.15767,0.608947,0,0.608947,14.02,119.083,370,6,0,3096,80.3395,84.384,13.8287
9.17741,0.25096,0,0.25096,14.02,119.083,344,2,0,3097,80.3358,84.3791,13.8274
9.183,2.78477,0,2.78477,14,119.033,871,48,0,3098,80.3535,84.4015,13.826
9.20166,0.738347,0,0.738347,14,119.033,340,2,0,3099,80.3695,84.4163,13.8247
9.20848,0.725898,0,0.725898,13.98,118.983,378,2,0,3100,80.3748,84.4216,13.8234
9.22702,0.04855,0,0.04855,13.98,118.983,330,0,0,3100,80.3748,84.4216,13.8234
9.23286,0.078261,0,0.078261,13.96,118.932,330,0,0,3100,80.3748,84.4216,13.8234
9.25357,0.003989,0,0.003989,13.96,118.932,330,0,0,3100,80.3748,84.4216,13.8234
9.25849,0.259993,0,0.259993,13.94,118.882,350,2,0,3101,80.3837,84.4292,13.8221
9.27955,0.954261,0,0.954261,13.94,118.882,386,2,0,3102,80.3968,84.4404,13.8208
9.28644,0.417262,0,0.417262,13.92,118.832,436,4,0,3103,80.4032,84.4457,13.8195
9.30696,0.325976,0,0.325976,13.92,118.832,360,2,0,3104,80.4114,84.4526,13.8182
9.31322,0.154798,0,0.154798,13.9,118.781,360,0,0,3104,80.4114,84.4526,13.8182
9.33348,0.005172,0,0.005172,13.9,118.781,360,0,0,3104,80.4114,84.4526,13.8182
9.33785,0.025145,0,0.025145,13.88,118.731,350,0,0,3104,80.4114,84.4526,13.8182
9.35813,0.114366,0,0.114366,13.88,118.731,350,0,0,3104,80.4114,84.4526,13.8182
9.36124,0.638304,0,0.638304,13.86,118.68,546,6,0,3105,80.4496,84.4895,13.8169
9.38305,1.25698,0,1.25698,13.86,118.68,422,2,0,3106,80.4717,84.51,13.8156
9.38833,0.967284,0,0.967284,13.84,118.63,591,10,0,3107,80.5031,84.5385,13.8143
9.40961,0.890354,0,0.890354,13.84,118.63,360,2,0,3108,80.5299,84.564,13.8131
9.41321,0.333123,0,0.333123,13.82,118.58,434,4,0,3109,80.5474,84.5806,13.8118
9.43358,0.002209,0,0.002209,13.82,118.58,350,0,0,3109,80.5474,84.5806,13.8118
9.43712,0.07076,0,0.07076,13.8,118.529,350,0,0,3109,80.5474,84.5806,13.8118
9.45742,0.577998,0,0.577998,13.8,118.529,594,0,0,3110,80.5592,84.591,13.8105
9.46043,0.474927,0,0.474927,13.78,118.479,462,2,0,3111,80.5747,84.6056,13.8092
9.48098,0.304514,0,0.304514,13.78,118.479,460,1,0,3112,80.5684,84.598,13.8079
9.48375,0.036515,0,0.036515,13.76,118.429,370,0,0,3112,80.5684,84.598,13.8079
9.5058,0.7414,0,0.7414,13.76,118.429,428,2,0,3113,80.5763,84.6042,13.8066
9.51223,0.752804,0,0.752804,13.74,118.378,438,2,0,3114,80.5774,84.6053,13.8053
9.54315,11.8071,0,11.8071,13.74,118.378,2209,269,0,3115,80.5814,84.6289,13.804
9.5489,0.980155,0,0.980155,13.72,118.328,489,2,0,3116,80.6271,84.672,13.8027
9.56923,0.511742,0,0.511742,13.72,118.328,408,1,0,3117,80.6355,84.6792,13.8014
9.57607,0.936352,0,0.936352,13.7,118.277,456,2,0,3118,80.6681,84.7117,13.8001
9.59571,0.712541,0,0.712541,13.7,118.277,471,2,0,3119,80.6874,84.7304,13.7988
9.60045,0.706493,0,0.706493,13.68,118.227,390,2,0,3120,80.7106,84.7522,13.7975
9.61963,0.504255,0,0.504255,13.68,118.227,390,2,0,3121,80.7347,84.7751,13.7962
9.62263,0.046407,0,0.046407,13.66,118.177,370,0,0,3121,80.7347,84.7751,13.7962
9.64529,1.43339,0,1.43339,13.66,118.177,457,2,0,3122,80.7614,84.8001,13.7949
9.65156,0.383482,0,0.383482,13.64,118.126,390,1,0,3123,80.7634,84.8008,13.7937
9.67219,0.255289,0,0.255289,13.64,118.126,380,0,0,3123,80.7634,84.8008,13.7937
9.67587,0.08811,0,0.08811,13.62,118.076,380,0,0,3123,80.7634,84.8008,13.7937
9.6967,0.742599,0,0.742599,13.62,118.076,417,2,0,3124,80.774,84.8102,13.7924
9.70324,0.349415,0,0.349415,13.6,118.025,391,2,0,3125,80.7702,84.8051,13.7911
9.72295,0.776344,0,0.776344,13.6,118.025,599,6,0,3126,80.7847,84.8199,13.7898
9.72798,0.055233,0,0.055233,13.58,117.975,380,0,0,3126,80.7847,84.8199,13.7898
9.74894,0.851164,0,0.851164,13.58,117.975,617,6,0,3127,80.7851,84.8216,13.7885
9.7514,0.036856,0,0.036856,13.56,117.925,380,0,0,3127,80.7851,84.8216,13.7885
9.77227,0.121828,0,0.121828,13.56,117.925,380,0,0,3127,80.7851,84.8216,13.7885
9.7749,0.039693,0,0.039693,13.54,117.874,380,0,0,3127,80.7851,84.8216,13.7885
9.79608,0.48905,0,0.48905,13.54,117.874,390,2,0,3128,80.7916,84.8267,13.7872
9.80125,0.47569,0,0.47569,13.52,117.824,438,2,0,3129,80.8057,84.8392,13.7859
9.82105,0.335896,0,0.335896,13.52,117.824,439,2,0,3130,80.7974,84.83,13.7846
9.82541,0.334364,0,0.334364,13.5,117.774,390,2,0,3131,80.7953,84.8266,13.7834
9.84642,0.879319,0,0.879319,13.5,117.774,590,0,0,3132,80.7992,84.8292,13.7821
9.85187,0.002634,0,0.002634,13.48,117.723,370,0,0,3132,80.7992,84.8292,13.7821
9.87263,0.558399,0,0.558399,13.48,117.723,483,12,0,3133,80.8133,84.842,13.7808
9.87708,1.39874,0,1.39874,13.46,117.673,795,10,0,3134,80.8277,84.8567,13.7795
9.8972,0.934135,0,0.934135,13.46,117.673,478,2,0,3135,80.8609,84.889,13.7782
9.89969,0.001206,0,0.001206,13.44,117.622,350,0,0,3135,80.8609,84.889,13.7782
9.92034,0.455136,0,0.455136,13.44,117.622,408,2,0,3136,80.8673,84.8932,13.7769
9.92291,0.001249,0,0.001249,13.42,117.572,350,0,0,3136,80.8673,84.8932,13.7769
9.94372,0.052287,0,0.052287,13.42,117.572,350,0,0,3136,80.8673,84.8932,13.7769
9.94634,0.026233,0,0.026233,13.4,117.522,350,0,0,3136,80.8673,84.8932,13.7769
9.96813,1.06503,0,1.06503,13.4,117.522,740,6,0,3137,80.8712,84.8996,13.7757
9.97101,0.279962,0,0.279962,13.38,117.471,360,2,0,3138,80.8894,84.9165,13.7744
9.99142,0.036575,0,0.036575,13.38,117.471,350,0,0,3138,80.8894,84.9165,13.7744
9.99569,0.962601,0,0.962601,13.36,117.421,544,38,0,3139,80.9172,84.9423,13.7731
10.0153,0.117813,0,0.117813,13.36,117.421,340,0,0,3139,80.9172,84.9423,13.7731
10.0219,0.976188,0,0.976188,13.34,117.37,473,2,0,3140,80.9338,84.9576,13.7718
10.0421,0.004499,0,0.004499,13.34,117.37,340,0,0,3140,80.9338,84.9576,13.7718
10.0485,0.330812,0,0.330812,13.32,117.32,352,2,0,3141,80.928,84.9507,13.7705
10.0689,0.503931,0,0.503931,13.32,117.32,388,4,0,3142,80.95,84.9707,13.7692
10.0724,1.06354,0,1.06354,13.3,117.27,797,14,0,3143,80.9615,84.9806,13.768
10.093,1.2466,0,1.2466,13.3,117.27,566,52,0,3144,80.9914,85.0127,13.7667
10.0968,0.375311,0,0.375311,13.28,117.219,350,2,0,3145,80.9936,85.0137,13.7654
10.1162,0.472838,0,0.472838,13.28,117.219,356,2,0,3146,80.9959,85.0153,13.7641
10.1192,0.097251,0,0.097251,13.26,117.169,352,1,0,3147,80.9892,85.0073,13.7629
10.14,0.144394,0,0.144394,13.26,117.169,340,0,0,3147,80.9892,85.0073,13.7629
10.1459,0.04909,0,0.04909,13.24,117.119,340,0,0,3147,80.9892,85.0073,13.7629
10.1686,1.52986,0,1.52986,13.24,117.119,515,2,0,3148,81.028,85.0432,13.7616
10.1709,0.000871,0,0.000871,13.22,117.068,340,0,0,3148,81.028,85.0432,13.7616
10.1933,1.36544,0,1.36544,13.22,117.068,445,2,0,3149,81.0518,85.0648,13.7603
10.1997,0.094578,0,0.094578,13.2,117.018,340,0,0,3149,81.0518,85.0648,13.7603
10.2195,0.701905,0,0.701905,13.2,117.018,437,2,0,3150,81.0692,85.0803,13.759
10.222,0.055908,0,0.055908,13.18,116.967,340,0,0,3150,81.0692,85.0803,13.759
10.2467,2.7336,0,2.7336,13.18,116.967,577,2,0,3151,81.1019,85.1181,13.7578
10.2519,0.750955,0,0.750955,13.16,116.917,418,4,0,3152,81.1168,85.1301,13.7565
10.2729,0.456411,0,0.456411,13.16,116.917,350,1,0,3153,81.1215,85.1335,13.7552
10.2781,0.282447,0,0.282447,13.14,116.867,389,4,0,3154,81.1208,85.1316,13.7539
10.2999,0.463956,0,0.463956,13.14,116.867,350,2,0,3155,81.1179,85.1274,13.7527
10.3075,0.584001,0,0.584001,13.12,116.816,350,2,0,3156,81.1299,85.1381,13.7514
10.3281,1.11671,0,1.11671,13.12,116.816,511,2,0,3157,81.1688,85.1764,13.7501
10.3305,0.024095,0,0.024095,13.1,116.766,340,0,0,3157,81.1688,85.1764,13.7501
10.3519,0.999202,0,0.999202,13.1,116.766,464,2,0,3158,81.1957,85.2068,13.7488
10.3545,0.109346,0,0.109346,13.08,116.716,350,1,0,3159,81.1871,85.1969,13.7476
10.3759,0.386633,0,0.386633,13.08,116.716,353,2,0,3160,81.1991,85.2076,13.7463
10.3791,0.562988,0,0.562988,13.06,116.665,412,2,0,3161,81.2148,85.2227,13.745
10.4005,0.63937,0,0.63937,13.06,116.665,350,2,0,3162,81.2306,85.2372,13.7438
10.4074,1.32489,0,1.32489,13.04,116.615,482,2,0,3163,81.2668,85.2751,13.7425
10.4276,1.05652,0,1.05652,13.04,116.615,561,12,0,3164,81.2999,85.3056,13.7412
10.4333,0.184576,0,0.184576,13.02,116.564,340,0,0,3164,81.2999,85.3056,13.7412
10.4557,2.51473,0,2.51473,13.02,116.564,620,32,0,3165,81.3264,85.334,13.74
10.4625,0.120454,0,0.120454,13,116.514,330,0,0,3165,81.3264,85.334,13.74
10.4818,0.278458,0,0.278458,13,116.514,346,2,0,3166,81.3203,85.3269,13.7387
10.485,0.479094,0,0.479094,12.98,116.464,658,0,0,3167,81.3407,85.3461,13.7374
10.5061,0.404294,0,0.404294,12.98,116.464,359,2,0,3168,81.3523,85.3564,13.7362
10.509,0.059495,0,0.059495,12.96,116.413,340,0,0,3168,81.3523,85.3564,13.7362
10.5313,1.14102,0,1.14102,12.96,116.413,470,2,0,3169,81.3875,85.3913,13.7349
10.5366,1.03005,0,1.03005,12.94,116.363,630,39,0,3170,81.4174,85.4211,13.7336
10.5571,0.511666,0,0.511666,12.94,116.363,350,2,0,3171,81.4245,85.427,13.7324
10.5661,3.30403,0,3.30403,12.92,116.312,942,19,0,3172,81.454,85.4584,13.7311
10.5832,0.539494,0,0.539494,12.92,116.312,428,3,0,3173,81.4554,85.4595,13.7298
10.5867,0.776681,0,0.776681,12.9,116.262,454,2,0,3174,81.4902,85.4924,13.7286
10.6075,0.699891,0,0.699891,12.9,116.262,397,2,0,3175,81.525,85.5266,13.7273
10.6105,0.428785,0,0.428785,12.88,116.212,402,2,0,3176,81.5362,85.5368,13.726
10.631,0.169795,0,0.169795,12.88,116.212,330,2,0,3177,81.5257,85.525,13.7248
10.6348,0.225645,0,0.225645,12.86,116.161,371,2,0,3178,81.523,85.5211,13.7235
10.656,0.222635,0,0.222635,12.86,116.161,310,0,0,3178,81.523,85.5211,13.7235
10.662,0.713255,0,0.713255,12.84,116.111,402,2,0,3179,81.5319,85.5275,13.7223
10.682,0.747696,0,0.747696,12.84,116.111,396,14,0,3180,81.5579,85.5509,13.721
10.6864,0.239461,0,0.239461,12.82,116.061,300,0,0,3180,81.5579,85.5509,13.721
10.7067,0.227197,0,0.227197,12.82,116.061,310,1,0,3181,81.558,85.5498,13.7197
10.7096,0.002533,0,0.002533,12.8,116.01,300,0,0,3181,81.558,85.5498,13.7197
10.73,0.055861,0,0.055861,12.8,116.01,300,0,0,3181,81.558,85.5498,13.7197
10.7346,0.079356,0,0.079356,12.78,115.96,290,0,0,3181,81.558,85.5498,13.7197
10.7551,0.055053,0,0.055053,12.78,115.96,290,0,0,3181,81.558,85.5498,13.7197
10.7577,0.034051,0,0.034051,12.76,115.909,290,0,0,3181,81.558,85.5498,13.7197
10.7789,0.695543,0,0.695543,12.76,115.909,303,2,0,3182,81.5698,85.5603,13.7185
10.7852,0.417669,0,0.417669,12.74,115.859,303,2,0,3183,81.5674,85.5567,13.7172
10.8057,0.6352,0,0.6352,12.74,115.859,356,2,0,3184,81.5813,85.5697,13.716
10.8086,0.433235,0,0.433235,12.72,115.809,348,2,0,3185,81.6041,85.5925,13.7147
10.83,0.966632,0,0.966632,12.72,115.809,401,2,0,3186,81.6419,85.6277,13.7135
10.8331,0.634267,0,0.634267,12.7,115.758,445,22,0,3187,81.6548,85.6429,13.7122
10.854,0.804836,0,0.804836,12.7,115.758,293,2,0,3188,81.6895,85.675,13.7109
10.8597,0.797964,0,0.797964,12.68,115.708,352,2,0,3189,81.6987,85.683,13.7097
10.8803,1.05974,0,1.05974,12.68,115.708,442,0,0,3190,81.7129,85.6959,13.7084
11.0891,201.371,19.2843,182.087,12.66,115.657,109863,5085,0,3191,80.9301,85.1219,13.7072
11.0932,0.057764,0,0.057764,12.64,115.337,165,0,0,3191,80.9301,85.1219,13.7072
11.1132,0.051316,0,0.051316,12.64,115.337,175,0,0,3191,80.9301,85.1219,13.7072
11.1175,0.545316,0,0.545316,12.62,114.963,574,0,0,3192,80.9543,85.1447,13.7059
11.1368,0.076457,0,0.076457,12.62,114.963,175,0,0,3192,80.9543,85.1447,13.7059
11.1405,0.436145,0,0.436145,12.6,114.588,250,2,0,3193,80.9709,85.16,13.7047
11.1611,0.286119,0,0.286119,12.6,114.588,185,1,0,3194,80.9762,85.1641,13.7034
11.1643,0.039391,0,0.039391,12.58,114.214,185,0,0,3194,80.9762,85.1641,13.7034
11.1852,0.065453,0,0.065453,12.58,114.214,185,0,0,3194,80.9762,85.1641,13.7034
11.1894,0.303896,0,0.303896,12.56,113.84,195,2,0,3195,80.9856,85.1721,13.7022
11.2103,0.909422,0,0.909422,12.56,113.84,401,4,0,3196,81.0175,85.2031,13.7009
11.2136,0.039667,0,0.039667,12.54,113.465,176,0,0,3196,81.0175,85.2031,13.7009
11.2347,0.319458,0,0.319458,12.54,113.465,186,1,0,3197,81.0163,85.2005,13.6997
11.2389,0.613483,0,0.613483,12.52,113.091,286,20,0,3198,81.046,85.2292,13.6984
11.2592,0.028368,0,0.028368,12.52,113.091,186,0,0,3198,81.046,85.2292,13.6984
11.2644,0.500211,0,0.500211,12.5,112.717,256,13,0,3199,81.0585,85.2404,13.6972
11.2856,1.03639,0,1.03639,12.5,112.717,316,26,0,3200,81.0962,85.2759,13.6959
11.2908,2.59974,0,2.59974,12.48,112.342,914,20,0,3201,81.1243,85.3043,13.6947
11.3091,0.744819,0,0.744819,12.48,112.342,253,6,0,3202,81.1568,85.336,13.6934
11.3117,0.139264,0,0.139264,12.46,111.968,196,1,0,3203,81.1586,85.3366,13.6922
11.3331,0.18155,0,0.18155,12.46,111.968,186,0,0,3203,81.1586,85.3366,13.6922
11.3377,0.387116,0,0.387116,12.44,111.594,186,2,0,3204,81.1692,85.3458,13.6909
11.3579,0.158654,0,0.158654,12.44,111.594,176,0,0,3204,81.1692,85.3458,13.6909
11.3614,0.062803,0,0.062803,12.42,111.219,176,0,0,3204,81.1692,85.3458,13.6909
11.383,1.05261,0,1.05261,12.42,111.219,468,8,0,3205,81.1828,85.3576,13.6897
11.3863,0.9607,0,0.9607,12.4,110.845,447,53,0,3206,81.2143,85.388,13.6884
11.4062,0.526992,0,0.526992,12.4,110.845,194,2,0,3207,81.2385,85.411,13.6872
11.4087,0.02725,0,0.02725,12.38,110.47,146,0,0,3207,81.2385,85.411,13.6872
11.4302,0.707166,0,0.707166,12.38,110.47,253,4,0,3208,81.2724,85.4436,13.6859
11.4335,0.894927,0,0.894927,12.36,110.096,442,93,0,3209,81.2848,85.4509,13.6847
11.4536,0.265675,0,0.265675,12.36,110.096,166,1,0,3210,81.2872,85.452,13.6834
11.4586,1.88681,0,1.88681,12.34,109.722,1162,18,0,3211,81.3121,85.4731,13.6822
11.4769,0.058968,0,0.058968,12.34,109.722,166,0,0,3211,81.3121,85.4731,13.6822
11.4802,0.453502,0,0.453502,12.32,109.347,242,2,0,3212,81.3306,85.4907,13.6809
11.5002,0.491418,0,0.491418,12.32,109.347,205,4,0,3213,81.357,85.516,13.6797
11.5033,0.039527,0,0.039527,12.3,108.973,185,0,0,3213,81.357,85.516,13.6797
11.5244,0.481728,0,0.481728,12.3,108.973,205,4,0,3214,81.3743,85.532,13.6785
11.5286,0.537956,0,0.537956,12.28,108.599,194,2,0,3215,81.4075,85.5639,13.6772
11.5485,0.002358,0,0.002358,12.28,108.599,175,0,0,3215,81.4075,85.5639,13.6772
11.5517,0.042295,0,0.042295,12.26,108.224,185,0,0,3215,81.4075,85.5639,13.6772
11.5723,0.307345,0,0.307345,12.26,108.224,195,1,0,3216,81.4064,85.5616,13.676
11.5766,0.372423,0,0.372423,12.24,107.85,249,2,0,3217,81.4075,85.5614,13.6747
11.597,0.07243,0,0.07243,12.24,107.85,204,0,0,3217,81.4075,85.5614,13.6747
11.6006,0.548885,0,0.548885,12.22,107.476,282,10,0,3218,81.4391,85.592,13.6735
11.6212,0.289618,0,0.289618,12.22,107.476,214,1,0,3219,81.4464,85.598,13.6722
11.6245,0.602116,0,0.602116,12.2,107.101,270,3,0,3220,81.455,85.6053,13.671
11.6452,0.475301,0,0.475301,12.2,107.101,247,2,0,3221,81.4632,85.6122,13.6698
11.6493,0.255649,0,0.255649,12.18,106.727,234,1,0,3222,81.4668,85.6145,13.6685
11.6703,0.963636,0,0.963636,12.18,106.727,314,2,0,3223,81.4815,85.6292,13.6673
11.6733,0.043139,0,0.043139,12.16,106.353,224,0,0,3223,81.4815,85.6292,13.6673
11.6948,0.734052,0,0.734052,12.16,106.353,264,2,0,3224,81.5025,85.6486,13.6661
11.8861,187.861,19.2092,168.652,12.14,105.978,106908,4587,0,3224,81.2661,85.4705,13.6661
11.8893,0.029475,0,0.029475,12.12,105.61,184,0,0,3224,81.2661,85.4705,13.6661
11.9103,0.775736,0,0.775736,12.12,105.61,276,4,0,3225,81.2881,85.4912,13.6648
11.9131,0.28933,0,0.28933,12.1,105.235,194,2,0,3226,81.3038,85.5056,13.6636
11.9335,0.484727,0,0.484727,12.1,105.235,249,2,0,3227,81.3232,85.5234,13.6623
11.9363,0.260425,0,0.260425,12.08,104.861,194,2,0,3228,81.3367,85.5356,13.6611
11.9576,0.775327,0,0.775327,12.08,104.861,253,2,0,3229,81.3617,85.5599,13.6599
11.9611,1.21101,0,1.21101,12.06,104.486,548,34,0,3230,81.3932,85.5904,13.6586
11.9808,0.110632,0,0.110632,12.06,104.486,199,0,0,3230,81.3932,85.5904,13.6586
11.9833,0.05039,0,0.05039,12.04,104.112,209,0,0,3230,81.3932,85.5904,13.6586
12.0037,0.097921,0,0.097921,12.04,104.112,209,0,0,3230,81.3932,85.5904,13.6586
12.0072,0.07753,0,0.07753,12.02,103.738,209,0,0,3230,81.3932,85.5904,13.6586
12.0279,0.805496,0,0.805496,12.02,103.738,273,2,0,3231,81.4092,85.6054,13.6574
12.0333,0.794468,0,0.794468,12,103.363,411,0,0,3232,81.4353,85.6303,13.6562
12.0536,0.579784,0,0.579784,12,103.363,284,2,0,3233,81.4547,85.6486,13.6549
12.0562,0.035913,0,0.035913,11.98,102.989,238,0,0,3233,81.4547,85.6486,13.6549
12.0777,0.923142,0,0.923142,11.98,102.989,378,20,0,3234,81.4988,85.692,13.6537
12.0803,0.040381,0,0.040381,11.96,102.615,262,0,0,3234,81.4988,85.692,13.6537
12.1008,0.141008,0,0.141008,11.96,102.615,262,0,0,3234,81.4988,85.692,13.6537
12.1054,1.52465,0,1.52465,11.94,102.24,632,6,0,3235,81.5308,85.723,13.6525
12.1256,0.570301,0,0.570301,11.94,102.24,282,2,0,3236,81.5439,85.7349,13.6512
12.1321,0.791516,0,0.791516,11.92,101.866,360,2,0,3237,81.5561,85.7458,13.65
12.153,1.03037,0,1.03037,11.92,101.866,466,0,0,3238,81.5775,85.7659,13.6488
12.1598,0.716717,0,0.716717,11.9,101.54,267,2,0,3239,81.5965,85.7833,13.6475
12.18,0.162471,0,0.162471,11.9,101.54,257,0,0,3239,81.5965,85.7833,13.6475
12.184,0.067218,0,0.067218,11.88,101.283,247,0,0,3239,81.5965,85.7833,13.6475
12.2042,0.155861,0,0.155861,11.88,101.283,247,0,0,3239,81.5965,85.7833,13.6475
12.2101,0.822479,0,0.822479,11.86,101.026,385,1,0,3240,81.6142,85.7997,13.6463
12.2291,0.170427,0,0.170427,11.86,101.026,242,0,0,3240,81.6142,85.7997,13.6463
12.4269,193.435,19.2013,174.234,11.84,100.769,106260,3912,0,3241,81.4662,85.6736,13.6451
12.4305,0.499769,0,0.499769,11.82,100.512,376,2,0,3242,81.4883,85.694,13.6438
12.4502,0.060259,0,0.060259,11.82,100.512,237,0,0,3242,81.4883,85.694,13.6438
12.4537,0.851404,0,0.851404,11.8,100.255,358,12,0,3243,81.5193,85.7237,13.6426
12.4738,0.113856,0,0.113856,11.8,100.255,237,0,0,3243,81.5193,85.7237,13.6426
12.477,0.606378,0,0.606378,11.78,99.9975,341,14,0,3244,81.5564,85.7596,13.6414
12.4975,0.745156,0,0.745156,11.78,99.9975,315,2,0,3245,81.5723,85.7741,13.6402
12.5002,0.039355,0,0.039355,11.76,99.7405,237,0,0,3245,81.5723,85.7741,13.6402
12.521,0.107966,0,0.107966,11.76,99.7405,237,0,0,3245,81.5723,85.7741,13.6402
12.5239,0.272815,0,0.272815,11.74,99.4834,277,8,0,3246,81.5866,85.7874,13.6389
12.5445,0.255845,0,0.255845,11.74,99.4834,247,1,0,3247,81.5962,85.7958,13.6377
12.5473,0.212247,0,0.212247,11.72,99.2263,257,1,0,3248,81.6031,85.8014,13.6365
12.5686,1.24898,0,1.24898,11.72,99.2263,427,2,0,3249,81.6294,85.8264,13.6353
12.5726,0.713463,0,0.713463,11.7,98.9692,307,4,0,3250,81.6468,85.8425,13.634
12.5922,0.788612,0,0.788612,11.7,98.9692,279,2,0,3251,81.6675,85.8619,13.6328
12.5966,1.54842,0,1.54842,11.68,98.7122,436,6,0,3252,81.6873,85.8807,13.6316
12.6163,0.390224,0,0.390224,11.68,98.7122,237,1,0,3253,81.688,85.8801,13.6304
12.6196,0.00206,0,0.00206,11.66,98.4551,227,0,0,3253,81.688,85.8801,13.6304
12.6404,0.111247,0,0.111247,11.66,98.4551,227,0,0,3253,81.688,85.8801,13.6304
12.6444,0.052068,0,0.052068,11.64,98.198,236,0,0,3253,81.688,85.8801,13.6304
12.667,2.36395,0,2.36395,11.64,98.198,534,10,0,3254,81.7007,85.8924,13.6291
12.6704,0.014178,0,0.014178,11.62,97.9409,236,0,0,3254,81.7007,85.8924,13.6291
12.6914,1.01838,0,1.01838,11.62,97.9409,351,4,0,3255,81.7333,85.9238,13.6279
12.6948,0.434797,0,0.434797,11.6,97.6838,246,1,0,3256,81.731,85.9201,13.6267
12.7151,0.049347,0,0.049347,11.6,97.6838,236,0,0,3256,81.731,85.9201,13.6267
12.7189,0.429408,0,0.429408,11.58,97.4268,281,1,0,3257,81.7458,85.9337,13.6255
12.7392,0.45486,0,0.45486,11.58,97.4268,258,4,0,3258,81.7744,85.961,13.6242
12.7433,0.498402,0,0.498402,11.56,97.1697,246,1,0,3259,81.7812,85.9666,13.623
12.7628,0.083782,0,0.083782,11.56,97.1697,226,0,0,3259,81.7812,85.9666,13.623
12.7694,0.878149,0,0.878149,11.54,96.9126,448,0,0,3260,81.7979,85.9819,13.6218
12.7881,0.307756,0,0.307756,11.54,96.9126,236,1,0,3261,81.8004,85.9831,13.6206
12.794,0.783269,0,0.783269,11.52,96.6555,246,4,0,3262,81.828,86.0095,13.6194
12.8142,0.48991,0,0.48991,11.52,96.6555,239,2,0,3263,81.8498,86.03,13.6181
12.8172,0.380438,0,0.380438,11.5,96.3984,262,2,0,3264,81.8732,86.0533,13.6169
12.8392,0.894555,0,0.894555,11.5,96.3984,302,3,0,3265,81.8919,86.0708,13.6157
12.8438,0.315056,0,0.315056,11.48,96.1414,240,2,0,3266,81.9036,86.0811,13.6145
12.8643,0.519997,0,0.519997,11.48,96.1414,294,2,0,3267,81.9054,86.082,13.6133
12.8676,0.176076,0,0.176076,11.46,95.8843,245,2,0,3268,81.9079,86.0832,13.612
12.8875,0.071678,0,0.071678,11.46,95.8843,235,0,0,3268,81.9079,86.0832,13.612
12.8905,0.16688,0,0.16688,11.44,95.6272,360,0,0,3269,81.9021,86.0762,13.6108
12.9129,1.26937,0,1.26937,11.44,95.6272,319,2,0,3270,81.9382,86.1113,13.6096
12.9189,2.42688,0,2.42688,11.42,95.3701,574,4,0,3271,81.9541,86.1275,13.6084
12.9375,0.270902,0,0.270902,11.42,95.3701,245,1,0,3272,81.9517,86.1238,13.6072
12.9429,0.760285,0,0.760285,11.4,95.113,271,1,0,3273,81.9701,86.1408,13.606
12.9628,0.437138,0,0.437138,11.4,95.113,235,1,0,3274,81.971,86.1405,13.6048
12.9693,0.109409,0,0.109409,11.38,94.856,230,0,0,3274,81.971,86.1405,13.6048
12.9891,0.102193,0,0.102193,11.38,94.856,230,0,0,3274,81.971,86.1405,13.6048
12.9925,0.110552,0,0.110552,11.36,94.5989,230,0,0,3274,81.971,86.1405,13.6048
13.0132,0.571484,0,0.571484,11.36,94.5989,321,2,0,3275,81.9969,86.1652,13.6035
13.0158,0.035683,0,0.035683,11.34,94.3418,240,0,0,3275,81.9969,86.1652,13.6035
13.0387,1.55769,0,1.55769,11.34,94.3418,877,22,0,3276,82.0147,86.1865,13.6023
13.0412,0.014856,0,0.014856,11.32,94.0847,240,0,0,3276,82.0147,86.1865,13.6023
13.0622,0.784736,0,0.784736,11.32,94.0847,282,8,0,3277,82.0397,86.2112,13.6011
13.0654,0.151566,0,0.151566,11.3,93.8277,250,1,0,3278,82.0403,86.2105,13.5999
13.0873,1.66484,0,1.66484,11.3,93.8277,413,4,0,3279,82.0762,86.2461,13.5987
13.0933,0.270265,0,0.270265,11.28,93.5706,270,1,0,3280,82.0683,86.2369,13.5975
13.114,0.143366,0,0.143366,11.28,93.5706,260,0,0,3280,82.0683,86.2369,13.5975
13.1173,0.365946,0,0.365946,11.26,93.3135,360,2,0,3281,82.0792,86.2469,13.5963
13.1378,0.002243,0,0.002243,11.26,93.3135,250,0,0,3281,82.0792,86.2469,13.5963
13.1408,0.044691,0,0.044691,11.24,93.0564,250,0,0,3281,82.0792,86.2469,13.5963
13.1617,0.272072,0,0.272072,11.24,93.0564,250,0,0,3281,82.0792,86.2469,13.5963
13.1661,0.271829,0,0.271829,11.22,92.7993,270,2,0,3282,82.0999,86.2666,13.5951
13.1869,0.715909,0,0.715909,11.22,92.7993,384,1,0,3283,82.1161,86.2814,13.5938
13.1901,0.086709,0,0.086709,11.2,92.5423,240,0,0,3283,82.1161,86.2814,13.5938
13.2112,0.32344,0,0.32344,11.2,92.5423,250,1,0,3284,82.1285,86.2926,13.5926
13.2167,0.123184,0,0.123184,11.18,92.2852,240,0,0,3284,82.1285,86.2926,13.5926
13.2382,0.551948,0,0.551948,11.18,92.2852,250,1,0,3285,82.1358,86.2986,13.5914
13.2454,0.890891,0,0.890891,11.16,92.0281,322,2,0,3286,82.1482,86.3101,13.5902
13.2675,2.27363,0,2.27363,11.16,92.0281,328,2,0,3287,82.188,86.3493,13.589
13.2746,0.873995,0,0.873995,11.14,91.771,286,2,0,3288,82.201,86.3613,13.5878
13.2955,0.985826,0,0.985826,11.14,91.771,326,4,0,3289,82.2116,86.37,13.5866
13.303,1.42479,0,1.42479,11.12,91.5139,317,2,0,3290,82.235,86.3933,13.5854
13.322,0.241408,0,0.241408,11.12,91.5139,260,1,0,3291,82.2215,86.3786,13.5842
13.3256,0.123874,0,0.123874,11.1,91.2569,260,0,0,3291,82.2215,86.3786,13.5842
13.3473,0.672939,0,0.672939,11.1,91.2569,270,2,0,3292,82.233,86.3888,13.583
13.353,0.81779,0,0.81779,11.08,90.9998,366,16,0,3293,82.2675,86.4209,13.5818
13.3743,1.4369,0,1.4369,11.08,90.9998,409,3,0,3294,82.2872,86.4399,13.5806
13.3813,0.578128,0,0.578128,11.06,90.7427,260,2,0,3295,82.2971,86.4486,13.5794
13.4014,0.450844,0,0.450844,11.06,90.7427,275,2,0,3296,82.3098,86.46,13.5782
13.4046,0.130269,0,0.130269,11.04,90.4856,250,0,0,3296,82.3098,86.46,13.5782
13.4265,2.08606,0,2.08606,11.04,90.4856,750,94,0,3297,82.3449,86.492,13.577
13.4314,0.650553,0,0.650553,11.02,90.2285,330,16,0,3298,82.3742,86.5185,13.5758
13.451,0.199382,0,0.199382,11.02,90.2285,270,1,0,3299,82.3631,86.5062,13.5746
13.4539,0.068378,0,0.068378,11,89.9715,270,0,0,3299,82.3631,86.5062,13.5746
13.4755,0.626072,0,0.626072,11,89.9715,319,2,0,3300,82.3824,86.5239,13.5733
13.4799,0.25298,0,0.25298,10.98,89.7716,252,1,0,3301,82.3802,86.5204,13.5721
13.5003,0.059652,0,0.059652,10.98,89.7716,250,0,0,3301,82.3802,86.5204,13.5721
13.5062,0.718424,0,0.718424,10.96,89.6573,292,1,0,3302,82.3976,86.5366,13.5709
13.526,0.082429,0,0.082429,10.96,89.6573,250,0,0,3302,82.3976,86.5366,13.5709
13.5291,0.048621,0,0.048621,10.94,89.5431,250,0,0,3302,82.3976,86.5366,13.5709
13.5509,1.82778,0,1.82778,10.94,89.5431,392,2,0,3303,82.4414,86.5786,13.5697
13.5572,0.421344,0,0.421344,10.92,89.4288,260,1,0,3304,82.4492,86.585,13.5685
13.5779,0.47345,0,0.47345,10.92,89.4288,262,1,0,3305,82.4735,86.6082,13.5673
13.5812,0.156139,0,0.156139,10.9,89.3145,260,0,0,3305,82.4735,86.6082,13.5673
13.6028,0.552236,0,0.552236,10.9,89.3145,270,1,0,3306,82.4785,86.6119,13.5661
13.6079,0.171794,0,0.171794,10.88,89.2003,260,1,0,3307,82.472,86.6042,13.5649
13.6299,1.00005,0,1.00005,10.88,89.2003,344,2,0,3308,82.5082,86.6424,13.5638
13.6357,0.159592,0,0.159592,10.86,89.086,260,0,0,3308,82.5082,86.6424,13.5638
13.6579,2.51591,0,2.51591,10.86,89.086,1217,37,0,3309,82.5328,86.6694,13.5626
13.6634,1.13772,0,1.13772,10.84,88.9717,529,6,0,3310,82.5704,86.7054,13.5614
13.6825,0.597083,0,0.597083,10.84,88.9717,270,1,0,3311,82.585,86.7188,13.5602
13.8675,179.347,28.3532,150.994,10.82,88.8575,101061,4295,0,3312,82.2376,86.4487,13.559
13.8708,0.018664,0,0.018664,10.8,93.3156,219,0,0,3312,82.2376,86.4487,13.559
13.8913,0.187208,0,0.187208,10.8,93.3156,229,1,0,3313,82.2324,86.4422,13.5578
13.8946,0.027993,0,0.027993,10.78,93.2301,219,0,0,3313,82.2324,86.4422,13.5578
13.9153,0.386429,0,0.386429,10.78,93.2301,234,2,0,3314,82.2447,86.4532,13.5566
13.9187,0.140987,0,0.140987,10.76,93.1445,229,1,0,3315,82.2374,86.4446,13.5554
13.9395,0.140346,0,0.140346,10.76,93.1445,219,0,0,3315,82.2374,86.4446,13.5554
13.9432,0.274776,0,0.274776,10.74,93.059,234,1,0,3316,82.2419,86.4478,13.5542
13.964,0.37042,0,0.37042,10.74,93.059,234,1,0,3317,82.2508,86.4555,13.553
13.9675,0.766761,0,0.766761,10.72,92.9734,357,2,0,3318,82.2806,86.4852,13.5518
13.9881,0.449153,0,0.449153,10.72,92.9734,249,2,0,3319,82.3043,86.5077,13.5506
13.991,0.381575,0,0.381575,10.7,92.8878,314,2,0,3320,82.3133,86.5148,13.5494
14.0116,0.61104,0,0.61104,10.7,92.8878,338,2,0,3321,82.3189,86.5191,13.5482
14.0145,0.001821,0,0.001821,10.68,92.8023,234,0,0,3321,82.3189,86.5191,13.5482
14.0355,0.120817,0,0.120817,10.68,92.8023,234,0,0,3321,82.3189,86.5191,13.5482
14.0381,0.043028,0,0.043028,10.66,92.7167,248,0,0,3321,82.3189,86.5191,13.5482
14.0597,0.563142,0,0.563142,10.66,92.7167,258,2,0,3322,82.3374,86.5364,13.547
14.0643,0.398462,0,0.398462,10.64,92.6312,253,1,0,3323,82.3404,86.5381,13.5458
14.0844,0.154311,0,0.154311,10.64,92.6312,243,0,0,3323,82.3404,86.5381,13.5458
14.0896,0.003492,0,0.003492,10.62,92.5456,248,0,0,3323,82.3404,86.5381,13.5458
14.1094,0.11282,0,0.11282,10.62,92.5456,248,0,0,3323,82.3404,86.5381,13.5458
14.1171,1.26813,0,1.26813,10.6,92.46,330,2,0,3324,82.3655,86.5614,13.5446
14.1393,1.98209,0,1.98209,10.6,92.46,498,25,0,3325,82.3961,86.5913,13.5434
14.1459,0.555702,0,0.555702,10.58,92.3745,348,2,0,3326,82.4083,86.6019,13.5423
14.1661,0.153759,0,0.153759,10.58,92.3745,238,0,0,3326,82.4083,86.6019,13.5423
14.1688,0.168468,0,0.168468,10.56,92.2889,248,1,0,3327,82.4145,86.6069,13.5411
14.1897,0.056248,0,0.056248,10.56,92.2889,238,0,0,3327,82.4145,86.6069,13.5411
14.1924,0.032444,0,0.032444,10.54,92.2034,232,0,0,3327,82.4145,86.6069,13.5411
14.2131,0.544907,0,0.544907,10.54,92.2034,242,2,0,3328,82.4336,86.6247,13.5399
14.2177,0.288767,0,0.288767,10.52,92.1178,232,1,0,3329,82.4392,86.629,13.5387
14.239,0.203562,0,0.203562,10.52,92.1178,222,0,0,3329,82.4392,86.629,13.5387
14.2459,0.700256,0,0.700256,10.5,92.0322,232,2,0,3330,82.4643,86.6529,13.5375
14.2661,0.446807,0,0.446807,10.5,92.0322,247,2,0,3331,82.4851,86.6725,13.5363
14.2686,0.154354,0,0.154354,10.48,91.9467,227,1,0,3332,82.476,86.6621,13.5351
14.2901,0.004089,0,0.004089,10.48,91.9467,217,0,0,3332,82.476,86.6621,13.5351
14.2957,0.292206,0,0.292206,10.46,91.8611,227,1,0,3333,82.4863,86.6712,13.5339
14.3192,3.22702,0,3.22702,10.46,91.8611,2109,60,0,3334,82.5027,86.6884,13.5328
14.3224,0.063883,0,0.063883,10.44,91.7755,211,0,0,3334,82.5027,86.6884,13.5328
14.3428,0.465296,0,0.465296,10.44,91.7755,221,1,0,3335,82.5067,86.6912,13.5316
14.3909,44.3276,11.142,33.1856,10.42,91.69,23401,761,0,3336,82.5141,86.7047,13.5304
14.3942,0.053441,0,0.053441,10.4,91.6044,200,0,0,3336,82.5141,86.7047,13.5304
14.4145,0.445255,0,0.445255,10.4,91.6044,210,1,0,3337,82.5334,86.7228,13.5292
14.4175,0.065957,0,0.065957,10.38,91.5189,200,0,0,3337,82.5334,86.7228,13.5292
14.4374,0.039637,0,0.039637,10.38,91.5189,200,0,0,3337,82.5334,86.7228,13.5292
14.4404,0.183169,0,0.183169,10.36,91.4333,216,1,0,3338,82.5419,86.7301,13.528
14.4615,0.542752,0,0.542752,10.36,91.4333,210,1,0,3339,82.5562,86.743,13.5268
14.4664,0.319585,0,0.319585,10.34,91.3477,210,1,0,3340,82.5653,86.7509,13.5256
14.4869,0.193693,0,0.193693,10.34,91.3477,210,1,0,3341,82.5564,86.7408,13.5245
14.4933,2.20592,0,2.20592,10.32,91.2622,531,49,0,3342,82.5916,86.7774,13.5233
14.5118,0.539323,0,0.539323,10.32,91.2622,230,3,0,3343,82.6144,86.7987,13.5221
14.515,0.343962,0,0.343962,10.3,91.1766,260,2,0,3344,82.6253,86.8077,13.5209
14.5346,0.037411,0,0.037411,10.3,91.1766,200,0,0,3344,82.6253,86.8077,13.5209
14.5375,0.17291,0,0.17291,10.28,91.0911,215,1,0,3345,82.6311,86.8123,13.5197
14.5585,0.15148,0,0.15148,10.28,91.0911,205,0,0,3345,82.6311,86.8123,13.5197
14.5637,0.303421,0,0.303421,10.26,91.0055,215,2,0,3346,82.6408,86.8207,13.5186
14.5845,0.181433,0,0.181433,10.26,91.0055,205,0,0,3346,82.6408,86.8207,13.5186
14.5905,0.501062,0,0.501062,10.24,90.9199,205,2,0,3347,82.6516,86.8303,13.5174
14.6111,0.825415,0,0.825415,10.24,90.9199,259,2,0,3348,82.6774,86.8548,13.5162
14.6201,2.60618,0,2.60618,10.22,90.8344,652,78,0,3349,82.7044,86.8827,13.515
14.6369,0.097671,0,0.097671,10.22,90.8344,189,0,0,3349,82.7044,86.8827,13.515
14.6428,0.752091,0,0.752091,10.2,90.7488,249,2,0,3350,82.7293,86.9063,13.5138
14.6632,0.10927,0,0.10927,10.2,90.7488,189,0,0,3350,82.7293,86.9063,13.5138
14.6675,0.648868,0,0.648868,10.18,90.6633,218,2,0,3351,82.7416,86.9176,13.5127
14.6886,0.470681,0,0.470681,10.18,90.6633,199,2,0,3352,82.7434,86.9183,13.5115
14.6964,1.95508,0,1.95508,10.16,90.5777,403,2,0,3353,82.7724,86.9487,13.5103
14.7153,0.412275,0,0.412275,10.16,90.5777,209,2,0,3354,82.7886,86.9639,13.5091
14.7199,0.69837,0,0.69837,10.14,90.4921,217,2,0,3355,82.8134,86.9875,13.5079
14.7397,0.485969,0,0.485969,10.14,90.4921,208,2,0,3356,82.8284,87.0012,13.5068
14.7424,0.046118,0,0.046118,10.12,90.4066,198,0,0,3356,82.8284,87.0012,13.5068
14.7633,0.101108,0,0.101108,10.12,90.4066,198,0,0,3356,82.8284,87.0012,13.5068
14.7667,0.763445,0,0.763445,10.1,90.321,627,10,0,3357,82.8496,87.0211,13.5056
14.787,0.330525,0,0.330525,10.1,90.321,213,2,0,3358,82.863,87.0334,13.5044
14.7904,0.355487,0,0.355487,10.08,90.2355,208,2,0,3359,82.8907,87.0598,13.5032
14.811,0.393733,0,0.393733,10.08,90.2355,224,1,0,3360,82.8985,87.0664,13.5021
14.8161,0.270772,0,0.270772,10.06,90.1499,208,1,0,3361,82.8893,87.0559,13.5009
14.8372,1.39658,0,1.39658,10.06,90.1499,750,0,0,3362,82.9039,87.0693,13.4997
14.843,0.002661,0,0.002661,10.04,90.0643,218,0,0,3362,82.9039,87.0693,13.4997
14.8642,0.112686,0,0.112686,10.04,90.0643,218,0,0,3362,82.9039,87.0693,13.4997
14.8707,0.938044,0,0.938044,10.02,89.9788,268,8,0,3363,82.9313,87.0957,13.4985
14.8905,0.085836,0,0.085836,10.02,89.9788,218,0,0,3363,82.9313,87.0957,13.4985
14.8938,0.384807,0,0.384807,10,89.8932,331,3,0,3364,82.9405,87.1037,13.4974
14.915,0.964587,0,0.964587,10,89.8932,416,2,0,3365,82.9727,87.1349,13.4962
15.0808,163.049,15.8722,147.177,9.98,89.8077,96585,3967,0,3365,82.6915,86.9105,13.4962
15.0844,0.306916,0,0.306916,9.96,90.4598,290,4,0,3366,82.7002,86.918,13.495
15.1043,0.378917,0,0.378917,9.96,90.4598,267,4,0,3367,82.7036,86.9201,13.4939
15.1086,1.4223,0,1.4223,9.94,90.3742,958,30,0,3368,82.72,86.9356,13.4927
15.1285,0.499555,0,0.499555,9.94,90.3742,203,2,0,3369,82.7388,86.9531,13.4915
15.1311,0.169631,0,0.169631,9.92,90.2886,203,1,0,3370,82.7404,86.9534,13.4903
15.152,0.383329,0,0.383329,9.92,90.2886,213,4,0,3371,82.7633,86.9757,13.4892
15.1546,0.163667,0,0.163667,9.9,90.2031,206,1,0,3372,82.7651,86.9763,13.488
15.176,0.667404,0,0.667404,9.9,90.2031,365,2,0,3373,82.8058,87.0157,13.4868
15.1785,0.037651,0,0.037651,9.88,90.1175,193,0,0,3373,82.8058,87.0157,13.4868
15.1991,0.507588,0,0.507588,9.88,90.1175,215,2,0,3374,82.8328,87.0415,13.4857
15.2019,0.052124,0,0.052124,9.86,90.032,173,0,0,3374,82.8328,87.0415,13.4857
15.223,0.324575,0,0.324575,9.86,90.032,251,1,0,3375,82.8302,87.0376,13.4845
15.2257,0.340954,0,0.340954,9.84,89.9464,214,4,0,3376,82.8534,87.0598,13.4833
15.2466,0.382575,0,0.382575,9.84,89.9464,219,1,0,3377,82.8605,87.0657,13.4822
15.2495,0.248643,0,0.248643,9.82,89.8608,178,2,0,3378,82.8816,87.0856,13.481
15.2696,0.090211,0,0.090211,9.82,89.8608,168,0,0,3378,82.8816,87.0856,13.481
15.2725,0.18993,0,0.18993,9.8,89.7753,178,1,0,3379,82.8943,87.0971,13.4798
15.2935,0.286754,0,0.286754,9.8,89.7753,178,1,0,3380,82.8893,87.0908,13.4787
15.2982,0.055498,0,0.055498,9.78,89.6897,168,0,0,3380,82.8893,87.0908,13.4787
15.3194,0.1187,0,0.1187,9.78,89.6897,168,0,0,3380,82.8893,87.0908,13.4787
15.324,0.434021,0,0.434021,9.76,89.6042,270,1,0,3381,82.9045,87.1047,13.4775
15.3447,0.373102,0,0.373102,9.76,89.6042,182,1,0,3382,82.9145,87.1135,13.4763
15.348,0.521213,0,0.521213,9.74,89.5186,183,2,0,3383,82.9288,87.1262,13.4752
15.3684,0.949075,0,0.949075,9.74,89.5186,266,4,0,3384,82.9637,87.1602,13.474
15.3738,0.113083,0,0.113083,9.72,89.433,163,0,0,3384,82.9637,87.1602,13.474
15.3933,0.078803,0,0.078803,9.72,89.433,163,0,0,3384,82.9637,87.1602,13.474
15.3993,0.3675,0,0.3675,9.7,89.3475,168,1,0,3385,82.9648,87.1601,13.4728
15.4197,0.292504,0,0.292504,9.7,89.3475,168,1,0,3386,82.9693,87.1633,13.4717
15.4257,1.40423,0,1.40423,9.68,89.2619,385,15,0,3387,82.99,87.1833,13.4705
15.4449,0.1116,0,0.1116,9.68,89.2619,158,0,0,3387,82.99,87.1833,13.4705
15.4483,0.940357,0,0.940357,9.66,89.1764,391,44,0,3388,83.0254,87.2184,13.4694
15.468,0.373164,0,0.373164,9.66,89.1764,168,1,0,3389,83.0242,87.216,13.4682
15.4712,0.385977,0,0.385977,9.64,89.0908,238,12,0,3390,83.0451,87.2366,13.467
15.4923,0.109993,0,0.109993,9.64,89.0908,158,0,0,3390,83.0451,87.2366,13.467
15.4966,0.046211,0,0.046211,9.62,89.0052,158,0,0,3390,83.0451,87.2366,13.467
15.5186,0.708896,0,0.708896,9.62,89.0052,168,2,0,3391,83.0649,87.2551,13.4659
15.5248,1.16788,0,1.16788,9.6,88.9197,331,4,0,3392,83.0755,87.2627,13.4647
15.5452,0.660282,0,0.660282,9.6,88.9197,158,2,0,3393,83.0931,87.2791,13.4635
15.5524,1.51791,0,1.51791,9.58,88.8341,292,2,0,3394,83.1211,87.3094,13.4624
15.5718,0.470106,0,0.470106,9.58,88.8341,162,2,0,3395,83.1446,87.3317,13.4612
15.5748,0.069153,0,0.069153,9.56,88.7485,152,0,0,3395,83.1446,87.3317,13.4612
15.5956,0.838582,0,0.838582,9.56,88.7485,298,2,0,3396,83.1608,87.346,13.4601
15.5991,0.573474,0,0.573474,9.54,88.663,162,1,0,3397,83.1707,87.3547,13.4589
15.6203,1.22252,0,1.22252,9.54,88.663,1241,0,0,3398,83.2128,87.3955,13.4578
15.6246,0.166855,0,0.166855,9.52,88.5774,152,0,0,3398,83.2128,87.3955,13.4578
15.6453,0.137047,0,0.137047,9.52,88.5774,152,0,0,3398,83.2128,87.3955,13.4578
15.6516,1.22006,0,1.22006,9.5,88.4919,460,4,0,3399,83.2301,87.4128,13.4566
15.6717,0.497517,0,0.497517,9.5,88.4919,162,1,0,3400,83.2356,87.4171,13.4554
15.6768,0.003247,0,0.003247,9.48,88.4063,152,0,0,3400,83.2356,87.4171,13.4554
15.6977,0.94144,0,0.94144,9.48,88.4063,225,2,0,3401,83.2705,87.451,13.4543
15.7006,0.002489,0,0.002489,9.46,88.3207,152,0,0,3401,83.2705,87.451,13.4543
15.7213,0.062425,0,0.062425,9.46,88.3207,152,0,0,3401,83.2705,87.451,13.4543
15.7242,0.073328,0,0.073328,9.44,88.2352,152,0,0,3401,83.2705,87.451,13.4543
15.746,0.595182,0,0.595182,9.44,88.2352,163,2,0,3402,83.2787,87.458,13.4531
15.752,0.52692,0,0.52692,9.42,88.1496,169,1,0,3403,83.2903,87.4684,13.452
15.7727,0.141163,0,0.141163,9.42,88.1496,152,0,0,3403,83.2903,87.4684,13.452
15.7774,0.132626,0,0.132626,9.4,88.0641,142,0,0,3403,83.2903,87.4684,13.452
15.7977,0.40871,0,0.40871,9.4,88.0641,152,2,0,3404,83.3067,87.4835,13.4508
15.8009,0.076248,0,0.076248,9.38,87.9785,142,0,0,3404,83.3067,87.4835,13.4508
15.8221,0.580581,0,0.580581,9.38,87.9785,152,1,0,3405,83.3186,87.4943,13.4497
15.8269,0.073901,0,0.073901,9.36,87.8929,142,0,0,3405,83.3186,87.4943,13.4497
15.8487,0.715968,0,0.715968,9.36,87.8929,152,1,0,3406,83.3315,87.5059,13.4485
15.8531,0.482173,0,0.482173,9.34,87.8074,152,2,0,3407,83.3355,87.5087,13.4473
15.8742,0.221973,0,0.221973,9.34,87.8074,142,0,0,3407,83.3355,87.5087,13.4473
15.8811,0.329915,0,0.329915,9.32,87.7218,152,1,0,3408,83.3237,87.4956,13.4462
15.9014,0.004562,0,0.004562,9.32,87.7218,142,0,0,3408,83.3237,87.4956,13.4462
15.9111,2.67013,0,2.67013,9.3,87.6363,410,4,0,3409,83.3488,87.521,13.445
15.929,0.667063,0,0.667063,9.3,87.6363,289,2,0,3410,83.3669,87.539,13.4439
15.934,2.09707,0,2.09707,9.28,87.5507,908,39,0,3411,83.387,87.5602,13.4427
15.9534,0.639678,0,0.639678,9.28,87.5507,167,2,0,3412,83.3919,87.5639,13.4416
15.9589,0.043046,0,0.043046,9.26,87.4651,132,0,0,3412,83.3919,87.5639,13.4416
15.9796,0.245787,0,0.245787,9.26,87.4651,142,1,0,3413,83.3923,87.5631,13.4404
15.9828,0.298102,0,0.298102,9.24,87.3796,152,3,0,3414,83.4092,87.5791,13.4393
16.0033,0.209271,0,0.209271,9.24,87.3796,142,2,0,3415,83.4105,87.5792,13.4381
16.006,0.123839,0,0.123839,9.22,87.294,142,1,0,3416,83.3996,87.567,13.437
16.0265,0.299471,0,0.299471,9.22,87.294,142,1,0,3417,83.403,87.5692,13.4358
16.0298,0.036828,0,0.036828,9.2,87.2085,132,0,0,3417,83.403,87.5692,13.4358
16.0506,0.130113,0,0.130113,9.2,87.2085,132,0,0,3417,83.403,87.5692,13.4358
16.0539,0.153378,0,0.153378,9.18,87.1229,132,1,0,3418,83.397,87.562,13.4347
16.0753,0.548046,0,0.548046,9.18,87.1229,132,2,0,3419,83.4168,87.5806,13.4335
16.0789,0.475298,0,0.475298,9.16,87.0373,122,2,0,3420,83.4289,87.5915,13.4324
16.1004,0.94773,0,0.94773,9.16,87.0373,277,0,0,3421,83.4554,87.6168,13.4312
16.1049,0.245632,0,0.245632,9.14,86.9518,122,1,0,3422,83.4568,87.6169,13.4301
16.1257,0.856142,0,0.856142,9.14,86.9518,132,2,0,3423,83.48,87.6386,13.4289
16.1336,0.871434,0,0.871434,9.12,86.8662,136,2,0,3424,83.505,87.6624,13.4278
16.1524,0.160443,0,0.160443,9.12,86.8662,112,0,0,3424,83.505,87.6624,13.4278
16.1588,0.105173,0,0.105173,9.1,86.7807,112,0,0,3424,83.505,87.6624,13.4278
16.1802,0.06127,0,0.06127,9.1,86.7807,112,0,0,3424,83.505,87.6624,13.4278
16.1875,0.767381,0,0.767381,9.08,86.6951,172,1,0,3425,83.5197,87.6759,13.4266
16.2077,0.437645,0,0.437645,9.08,86.6951,132,2,0,3426,83.5371,87.6926,13.4255
16.2125,0.090826,0,0.090826,9.06,86.6095,102,0,0,3426,83.5371,87.6926,13.4255
16.2352,1.56286,0,1.56286,9.06,86.6095,391,23,0,3427,83.5556,87.7105,13.4244
16.2385,0.044473,0,0.044473,9.04,86.524,102,0,0,3427,83.5556,87.7105,13.4244
16.2598,0.788935,0,0.788935,9.04,86.524,112,1,0,3428,83.5703,87.724,13.4232
16.2643,0.294387,0,0.294387,9.02,86.4384,213,6,0,3429,83.5757,87.7282,13.4221
16.2848,0.922964,0,0.922964,9.02,86.4384,113,2,0,3430,83.5991,87.7504,13.4209
16.2915,0.145997,0,0.145997,9,86.3528,102,0,0,3430,83.5991,87.7504,13.4209
16.3119,0.04731,0,0.04731,9,86.3528,102,0,0,3430,83.5991,87.7504,13.4209
16.4761,160.937,32.6277,128.31,8.98,86.2673,92475,5149,0,3431,83.0807,87.3538,13.4198
16.4801,0.062604,0,0.062604,8.96,92.722,92,0,0,3431,83.0807,87.3538,13.4198
16.501,0.45156,0,0.45156,8.96,92.722,102,2,0,3432,83.0985,87.3703,13.4186
16.5048,0.593319,0,0.593319,8.94,92.6099,334,16,0,3433,83.1121,87.3825,13.4175
16.5245,0.06858,0,0.06858,8.94,92.6099,92,0,0,3433,83.1121,87.3825,13.4175
16.5304,2.24467,0,2.24467,8.92,92.4978,819,100,0,3434,83.1596,87.4278,13.4164
16.5482,0.066337,0,0.066337,8.92,92.4978,92,0,0,3434,83.1596,87.4278,13.4164
16.5521,0.58399,0,0.58399,8.9,92.3856,218,2,0,3435,83.1988,87.4664,13.4152
16.5729,0.475265,0,0.475265,8.9,92.3856,102,1,0,3436,83.2157,87.482,13.4141
16.5759,0.274868,0,0.274868,8.88,92.2735,102,1,0,3437,83.2252,87.4903,13.4129
16.5966,0.071256,0,0.071256,8.88,92.2735,92,0,0,3437,83.2252,87.4903,13.4129
16.5992,0.00087,0,0.00087,8.86,92.1614,92,0,0,3437,83.2252,87.4903,13.4129
16.6196,0.016687,0,0.016687,8.86,92.1614,92,0,0,3437,83.2252,87.4903,13.4129
16.6225,0.062122,0,0.062122,8.84,92.0492,102,0,0,3437,83.2252,87.4903,13.4129
16.6443,0.470517,0,0.470517,8.84,92.0492,118,1,0,3438,83.2301,87.4939,13.4118
16.6484,0.181644,0,0.181644,8.82,91.9371,112,1,0,3439,83.2291,87.4917,13.4106
16.6699,0.179251,0,0.179251,8.82,91.9371,102,0,0,3439,83.2291,87.4917,13.4106
16.6778,2.11269,0,2.11269,8.8,91.825,422,56,0,3440,83.2663,87.5282,13.4095
16.6963,0.090166,0,0.090166,8.8,91.825,102,0,0,3440,83.2663,87.5282,13.4095
16.6992,0.086002,0,0.086002,8.78,91.7128,92,0,0,3440,83.2663,87.5282,13.4095
16.7196,0.098165,0,0.098165,8.78,91.7128,92,0,0,3440,83.2663,87.5282,13.4095
16.7251,0.265627,0,0.265627,8.76,91.6007,102,1,0,3441,83.2578,87.5185,13.4084
16.7466,0.884071,0,0.884071,8.76,91.6007,182,12,0,3442,83.2865,87.5462,13.4072
16.75,0.015402,0,0.015402,8.74,91.4886,92,0,0,3442,83.2865,87.5462,13.4072
16.7709,0.291734,0,0.291734,8.74,91.4886,102,1,0,3443,83.2997,87.5582,13.4061
16.7752,0.501977,0,0.501977,8.72,91.3764,167,2,0,3444,83.331,87.5883,13.4049
16.7959,0.383055,0,0.383055,8.72,91.3764,102,2,0,3445,83.3385,87.5945,13.4038
16.8027,0.860336,0,0.860336,8.7,91.2643,135,2,0,3446,83.3685,87.6233,13.4027
16.8219,0.142445,0,0.142445,8.7,91.2643,102,0,0,3446,83.3685,87.6233,13.4027
16.8256,0.802469,0,0.802469,8.68,91.1522,306,2,0,3447,83.4038,87.6568,13.4015
16.8453,0.516576,0,0.516576,8.68,91.1522,116,2,0,3448,83.4252,87.6769,13.4004
16.8481,0.257651,0,0.257651,8.66,91.0401,116,2,0,3449,83.4433,87.6938,13.3993
16.8692,0.050353,0,0.050353,8.66,91.0401,106,0,0,3449,83.4433,87.6938,13.3993
16.8745,0.868553,0,0.868553,8.64,90.9279,492,0,0,3450,83.4754,87.7246,13.3981
16.8947,0.18544,0,0.18544,8.64,90.9279,100,0,0,3450,83.4754,87.7246,13.3981
16.9015,0.51235,0,0.51235,8.62,90.8158,110,2,0,3451,83.5025,87.7505,13.397
16.9217,0.473301,0,0.473301,8.62,90.8158,110,2,0,3452,83.5032,87.75,13.3959
16.9279,1.44849,0,1.44849,8.6,90.7037,229,2,0,3453,83.5363,87.7813,13.3947
16.9467,0.515341,0,0.515341,8.6,90.7037,119,2,0,3454,83.564,87.8078,13.3936
16.9496,0.296001,0,0.296001,8.58,90.5915,120,2,0,3455,83.5896,87.8321,13.3925
16.9707,0.459441,0,0.459441,8.58,90.5915,110,1,0,3456,83.5897,87.831,13.3913
16.9753,0.042946,0,0.042946,8.56,90.4794,90,0,0,3456,83.5897,87.831,13.3913
16.9963,0.003612,0,0.003612,8.56,90.4794,90,0,0,3456,83.5897,87.831,13.3913
17.0017,0.897281,0,0.897281,8.54,90.3673,120,2,0,3457,83.6211,87.8609,13.3902
17.022,1.11308,0,1.11308,8.54,90.3673,121,2,0,3458,83.6536,87.8921,13.3891
17.0302,0.48468,0,0.48468,8.52,90.2551,90,1,0,3459,83.6537,87.891,13.3879
17.0489,0.057617,0,0.057617,8.52,90.2551,80,0,0,3459,83.6537,87.891,13.3879
17.0543,2.31214,0,2.31214,8.5,90.143,502,20,0,3460,83.6821,87.9191,13.3868
17.0733,0.004202,0,0.004202,8.5,90.143,80,0,0,3460,83.6821,87.9191,13.3868
17.0761,0.000758,0,0.000758,8.48,90.0309,80,0,0,3460,83.6821,87.9191,13.3868
17.0976,0.524355,0,0.524355,8.48,90.0309,90,1,0,3461,83.6891,87.9249,13.3857
17.1045,1.11713,0,1.11713,8.46,89.9187,320,2,0,3462,83.7117,87.9463,13.3845
17.1267,1.74994,0,1.74994,8.46,89.9187,282,23,0,3463,83.7372,87.9705,13.3834
17.1314,0.323979,0,0.323979,8.44,89.8066,86,1,0,3464,83.746,87.9781,13.3823
17.1512,0.037795,0,0.037795,8.44,89.8066,76,0,0,3464,83.746,87.9781,13.3823
17.1544,0.401013,0,0.401013,8.42,89.6945,122,8,0,3465,83.7729,88.0006,13.3811
17.1758,1.00703,0,1.00703,8.42,89.6945,236,2,0,3466,83.8133,88.0398,13.38
17.1785,0.269738,0,0.269738,8.4,89.5823,91,2,0,3467,83.8391,88.0643,13.3789
17.1995,0.353982,0,0.353982,8.4,89.5823,82,1,0,3468,83.8495,88.0735,13.3778
17.2023,0.375834,0,0.375834,8.38,89.4702,122,6,0,3469,83.8749,88.0995,13.3766
17.2242,1.40698,0,1.40698,8.38,89.4702,95,2,0,3470,83.9167,88.1415,13.3755
17.2296,0.068893,0,0.068893,8.36,89.3581,82,0,0,3470,83.9167,88.1415,13.3755
17.2499,0.453734,0,0.453734,8.36,89.3581,128,4,0,3471,83.93,88.1538,13.3744
17.2534,0.630743,0,0.630743,8.34,89.246,537,0,0,3472,83.9666,88.1892,13.3732
17.2739,0.33775,0,0.33775,8.34,89.246,88,0,0,3473,83.9784,88.1998,13.3721
17.2768,0.203535,0,0.203535,8.32,89.1338,92,1,0,3474,83.9819,88.2021,13.371
17.2974,0.040055,0,0.040055,8.32,89.1338,82,0,0,3474,83.9819,88.2021,13.371
17.3003,0.001056,0,0.001056,8.3,89.0217,82,0,0,3474,83.9819,88.2021,13.371
17.3217,0.446676,0,0.446676,8.3,89.0217,92,1,0,3475,83.9942,88.2132,13.3699
17.3247,0.310184,0,0.310184,8.28,88.9096,142,2,0,3476,84.0063,88.2244,13.3687
17.3455,0.871068,0,0.871068,8.28,88.9096,92,2,0,3477,84.0503,88.2672,13.3676
17.3498,0.207887,0,0.207887,8.26,88.7974,82,0,0,3477,84.0503,88.2672,13.3676
17.3709,0.551083,0,0.551083,8.26,88.7974,116,1,0,3478,84.0584,88.274,13.3665
17.3767,0.413984,0,0.413984,8.24,88.6853,92,1,0,3479,84.0621,88.2765,13.3654
17.3973,0.420187,0,0.420187,8.24,88.6853,112,0,0,3480,84.0773,88.2905,13.3642
17.4001,0.053349,0,0.053349,8.22,88.5732,82,0,0,3480,84.0773,88.2905,13.3642
17.4209,0.062241,0,0.062241,8.22,88.5732,82,0,0,3480,84.0773,88.2905,13.3642
17.5448,120.955,27.8003,93.1547,8.2,88.461,79648,3312,0,3481,83.8943,88.1528,13.3631
17.548,0.042421,0,0.042421,8.18,88.3489,63,0,0,3481,83.8943,88.1528,13.3631
17.5683,0.001891,0,0.001891,8.18,88.3489,63,0,0,3481,83.8943,88.1528,13.3631
17.5719,0.755324,0,0.755324,8.16,88.2368,189,8,0,3482,83.9316,88.189,13.362
17.592,0.039132,0,0.039132,8.16,88.2368,63,0,0,3482,83.9316,88.189,13.362
17.5947,0.093795,0,0.093795,8.14,88.1246,63,0,0,3483,83.921,88.1771,13.3609
17.615,0.039228,0,0.039228,8.14,88.1246,63,0,0,3483,83.921,88.1771,13.3609
17.6187,0.420984,0,0.420984,8.12,88.0125,88,2,0,3484,83.9592,88.2141,13.3598
17.6383,0.02505,0,0.02505,8.12,88.0125,59,0,0,3484,83.9592,88.2141,13.3598
17.6413,0.204641,0,0.204641,8.1,87.9004,65,0,0,3485,83.9549,88.2086,13.3586
17.662,0.118442,0,0.118442,8.1,87.9004,65,0,0,3485,83.9549,88.2086,13.3586
17.6659,0.029259,0,0.029259,8.08,87.7882,71,0,0,3485,83.9549,88.2086,13.3586
17.6867,0.059102,0,0.059102,8.08,87.7882,71,0,0,3485,83.9549,88.2086,13.3586
17.6893,0.02949,0,0.02949,8.06,87.6761,71,0,0,3485,83.9549,88.2086,13.3586
17.7103,0.770484,0,0.770484,8.06,87.6761,436,2,0,3486,83.9802,88.2326,13.3575
17.7129,0.058417,0,0.058417,8.04,87.564,71,0,0,3486,83.9802,88.2326,13.3575
17.7346,0.491173,0,0.491173,8.04,87.564,153,2,0,3487,83.9891,88.2403,13.3564
17.7382,0.352152,0,0.352152,8.02,87.4519,96,2,0,3488,84.0143,88.2643,13.3553
17.7595,0.519951,0,0.519951,8.02,87.4519,87,2,0,3489,84.0212,88.27,13.3542
17.7653,0.264011,0,0.264011,8,87.3397,87,1,0,3490,84.0129,88.2605,13.353
17.7868,0.593411,0,0.593411,8,87.3397,93,2,0,3491,84.0258,88.2721,13.3519
17.7909,0.052173,0,0.052173,7.98,87.2276,77,0,0,3491,84.0258,88.2721,13.3519
17.8114,0.298552,0,0.298552,7.98,87.2276,87,1,0,3492,84.0286,88.2738,13.3508
17.815,0.9215,0,0.9215,7.96,87.1155,315,46,0,3493,84.0601,88.3029,13.3497
17.8355,0.369091,0,0.369091,7.96,87.1155,95,1,0,3494,84.0641,88.3057,13.3486
17.8391,0.714197,0,0.714197,7.94,87.0033,113,2,0,3495,84.081,88.3213,13.3474
17.8598,1.03285,0,1.03285,7.94,87.0033,199,2,0,3496,84.1047,88.343,13.3463
17.8637,0.217066,0,0.217066,7.92,86.8912,85,0,0,3497,84.1092,88.3463,13.3452
17.885,0.520815,0,0.520815,7.92,86.8912,95,1,0,3498,84.1089,88.3448,13.3441
17.8912,0.67342,0,0.67342,7.9,86.7791,142,10,0,3499,84.1172,88.3524,13.343
17.9116,0.737961,0,0.737961,7.9,86.7791,95,3,0,3500,84.1323,88.3663,13.3419
17.9193,0.700471,0,0.700471,7.88,86.6669,75,2,0,3501,84.154,88.3867,13.3408
17.9377,0.037541,0,0.037541,7.88,86.6669,65,0,0,3501,84.154,88.3867,13.3408
17.9407,0.26853,0,0.26853,7.86,86.5548,75,1,0,3502,84.1705,88.4021,13.3396
17.9618,0.552639,0,0.552639,7.86,86.5548,114,4,0,3503,84.1961,88.4268,13.3385
17.9645,0.297962,0,0.297962,7.84,86.4427,115,6,0,3504,84.2152,88.4443,13.3374
17.9854,0.523408,0,0.523408,7.84,86.4427,265,9,0,3505,84.2183,88.4448,13.3363
17.9881,0.042585,0,0.042585,7.82,86.3173,45,0,0,3505,84.2183,88.4448,13.3363
18.0083,0.082593,0,0.082593,7.82,86.3173,55,0,0,3505,84.2183,88.4448,13.3363
18.0112,0.038807,0,0.038807,7.8,86.1175,55,0,0,3505,84.2183,88.4448,13.3363
18.0324,0.38112,0,0.38112,7.8,86.1175,65,2,0,3506,84.231,88.4564,13.3352
18.035,0.162207,0,0.162207,7.78,85.9178,75,1,0,3507,84.2313,88.4554,13.3341
18.0562,0.08216,0,0.08216,7.78,85.9178,65,0,0,3507,84.2313,88.4554,13.3341
18.1631,102.595,23.7683,78.8266,7.76,85.718,52885,4409,0,3508,83.9404,88.2241,13.333
18.168,1.26188,0,1.26188,7.74,85.5183,1079,40,0,3509,83.9661,88.2485,13.3318
18.1878,0.524662,0,0.524662,7.74,85.5183,105,4,0,3510,83.9832,88.2638,13.3307
18.1904,0.037787,0,0.037787,7.72,85.3185,75,0,0,3510,83.9832,88.2638,13.3307
18.2116,0.413805,0,0.413805,7.72,85.3185,106,1,0,3511,84.002,88.2814,13.3296
18.2146,0.296816,0,0.296816,7.7,85.1188,75,2,0,3512,84.0268,88.305,13.3285
18.235,0.310075,0,0.310075,7.7,85.1188,75,1,0,3513,84.0265,88.3034,13.3274
18.2385,0.232255,0,0.232255,7.68,84.919,80,1,0,3514,84.0282,88.3039,13.3263
18.2592,0.092508,0,0.092508,7.68,84.919,70,0,0,3514,84.0282,88.3039,13.3263
18.2631,0.229356,0,0.229356,7.66,84.7193,85,2,0,3515,84.0273,88.3018,13.3252
18.2839,0.147715,0,0.147715,7.66,84.7193,75,0,0,3515,84.0273,88.3018,13.3252
18.2868,0.295356,0,0.295356,7.64,84.5195,90,2,0,3516,84.058,88.3313,13.3241
18.307,0.096287,0,0.096287,7.64,84.5195,80,0,0,3516,84.058,88.3313,13.3241
18.3122,0.393808,0,0.393808,7.62,84.3198,90,2,0,3517,84.0631,88.3352,13.323
18.3321,0.634629,0,0.634629,7.62,84.3198,90,2,0,3518,84.091,88.3619,13.3219
18.339,0.700251,0,0.700251,7.6,84.12,90,1,0,3519,84.0924,88.362,13.3208
18.3587,0.002362,0,0.002362,7.6,84.12,80,0,0,3519,84.0924,88.362,13.3208
18.3613,0.018168,0,0.018168,7.58,83.9203,80,0,0,3519,84.0924,88.362,13.3208
18.383,0.494455,0,0.494455,7.58,83.9203,90,1,0,3520,84.0898,88.3582,13.3196
18.3891,0.423089,0,0.423089,7.56,83.7205,90,2,0,3521,84.1003,88.3675,13.3185
18.4106,0.993073,0,0.993073,7.56,83.7205,100,2,0,3522,84.1269,88.3932,13.3174
18.4151,1.03906,0,1.03906,7.54,83.5208,100,2,0,3523,84.1652,88.43,13.3163
18.4351,0.735139,0,0.735139,7.54,83.5208,90,1,0,3524,84.1768,88.4404,13.3152
18.4425,0.327224,0,0.327224,7.52,83.321,90,1,0,3525,84.1895,88.4519,13.3141
18.4623,0.268649,0,0.268649,7.52,83.321,80,0,0,3525,84.1895,88.4519,13.3141
18.4692,0.161886,0,0.161886,7.5,83.1213,80,0,0,3525,84.1895,88.4519,13.3141
18.49,0.094555,0,0.094555,7.5,83.1213,80,0,0,3525,84.1895,88.4519,13.3141
18.4975,0.88266,0,0.88266,7.48,82.9215,90,1,0,3526,84.2153,88.4765,13.313
18.5176,0.004686,0,0.004686,7.48,82.9215,80,0,0,3526,84.2153,88.4765,13.313
18.5237,0.649065,0,0.649065,7.46,82.7218,90,1,0,3527,84.2214,88.4814,13.3119
18.5446,0.005142,0,0.005142,7.46,82.7218,80,0,0,3527,84.2214,88.4814,13.3119
18.5534,1.44253,0,1.44253,7.44,82.522,439,0,0,3528,84.248,88.5068,13.3108
18.5722,0.364621,0,0.364621,7.44,82.522,80,1,0,3529,84.2564,88.514,13.3097
18.5785,1.01798,0,1.01798,7.42,82.3223,100,2,0,3530,84.2819,88.5385,13.3086
18.5968,0.074332,0,0.074332,7.42,82.3223,70,0,0,3530,84.2819,88.5385,13.3086
18.6017,0.05939,0,0.05939,7.4,82.1225,70,0,0,3530,84.2819,88.5385,13.3086
18.6224,0.1858,0,0.1858,7.4,82.1225,80,1,0,3531,84.2787,88.5341,13.3075
18.6254,0.283511,0,0.283511,7.38,81.9228,80,2,0,3532,84.301,88.5552,13.3064
18.646,0.264012,0,0.264012,7.38,81.9228,80,1,0,3533,84.3014,88.5545,13.3053
18.6523,0.175201,0,0.175201,7.36,81.723,80,0,0,3533,84.3014,88.5545,13.3053
18.6725,0.325615,0,0.325615,7.36,81.723,90,2,0,3534,84.3062,88.558,13.3042
18.6757,0.024628,0,0.024628,7.34,81.5233,80,0,0,3534,84.3062,88.558,13.3042
18.7004,4.6262,0,4.6262,7.34,81.5233,2106,94,0,3535,84.331,88.5808,13.3031
18.7042,0.786233,0,0.786233,7.32,81.3235,100,2,0,3536,84.3594,88.608,13.302
18.7247,0.148312,0,0.148312,7.32,81.3235,80,0,0,3536,84.3594,88.608,13.302
18.7296,0.09789,0,0.09789,7.3,81.1238,80,0,0,3537,84.3435,88.5909,13.3009
18.7512,0.396436,0,0.396436,7.3,81.1238,90,1,0,3538,84.3412,88.5873,13.2998
18.7608,4.01739,0,4.01739,7.28,80.924,1567,54,0,3539,84.3526,88.5985,13.2987
18.7776,0.339092,0,0.339092,7.28,80.924,90,1,0,3540,84.3585,88.6031,13.2976
18.7808,0.368174,0,0.368174,7.26,80.7243,191,2,0,3541,84.375,88.6185,13.2965
18.8025,1.58966,0,1.58966,7.26,80.7243,330,28,0,3542,84.397,88.6398,13.2954
18.8068,0.258668,0,0.258668,7.24,80.5245,90,2,0,3543,84.422,88.6636,13.2943
18.8271,0.556326,0,0.556326,7.24,80.5245,90,2,0,3544,84.4475,88.6879,13.2932
18.8307,0.522779,0,0.522779,7.22,80.3248,114,3,0,3545,84.4559,88.6951,13.2921
18.8528,1.19699,0,1.19699,7.22,80.3248,100,2,0,3546,84.4924,88.731,13.291
18.8593,0.81782,0,0.81782,7.2,80.125,121,2,0,3547,84.5199,88.7573,13.2899
18.881,1.80641,0,1.80641,7.2,80.125,200,19,0,3548,84.5513,88.7897,13.2888
18.8883,1.57554,0,1.57554,7.18,79.9253,200,18,0,3549,84.581,88.8197,13.2877
18.9094,1.48715,0,1.48715,7.18,79.9253,255,2,0,3550,84.6048,88.842,13.2866
18.9166,0.989699,0,0.989699,7.16,79.7255,165,7,0,3551,84.624,88.86,13.2855
18.9359,0.11139,0,0.11139,7.16,79.7255,80,0,0,3551,84.624,88.86,13.2855
18.9416,0.556181,0,0.556181,7.14,79.5258,90,1,0,3552,84.6303,88.8651,13.2844
18.9609,0.724234,0,0.724234,7.14,79.5258,90,1,0,3553,84.6445,88.8781,13.2833
18.9672,0.243519,0,0.243519,7.12,79.326,100,0,0,3553,84.6445,88.8781,13.2833
18.9874,0.085984,0,0.085984,7.12,79.326,100,0,0,3553,84.6445,88.8781,13.2833
18.9909,0.78925,0,0.78925,7.1,79.1263,190,21,0,3554,84.6778,88.9102,13.2822
19.0109,0.129624,0,0.129624,7.1,79.1263,110,0,0,3554,84.6778,88.9102,13.2822
19.0138,0.346704,0,0.346704,7.08,78.9265,125,1,0,3555,84.6928,88.9241,13.2812
19.0341,0.381668,0,0.381668,7.08,78.9265,125,2,0,3556,84.7087,88.9387,13.2801
19.0379,0.422199,0,0.422199,7.06,78.7268,145,3,0,3557,84.7279,88.957,13.279
19.0572,0.166182,0,0.166182,7.06,78.7268,135,1,0,3558,84.7139,88.9418,13.2779
19.0598,0.147083,0,0.147083,7.04,78.527,135,1,0,3559,84.71,88.9368,13.2768
19.0808,0.214821,0,0.214821,7.04,78.527,125,0,0,3560,84.7073,88.9329,13.2757
19.0835,0.188574,0,0.188574,7.02,78.3273,150,2,0,3561,84.7091,88.9334,13.2746
19.1043,0.256989,0,0.256989,7.02,78.3273,140,0,0,3562,84.7094,88.9326,13.2735
19.1077,0.340497,0,0.340497,7,78.1275,160,2,0,3563,84.7311,88.9531,13.2724
19.1279,0.401104,0,0.401104,7,78.1275,195,2,0,3564,84.7371,88.9582,13.2713
19.1316,0.849828,0,0.849828,6.98,77.9278,462,6,0,3565,84.7624,88.9837,13.2702
19.1517,0.228805,0,0.228805,6.98,77.9278,156,0,0,3566,84.7619,88.9821,13.2692
19.1548,0.287237,0,0.287237,6.96,77.728,160,2,0,3567,84.7836,89.0025,13.2681
19.176,0.558125,0,0.558125,6.96,77.728,160,2,0,3568,84.8173,89.035,13.267
19.1789,0.199398,0,0.199398,6.94,77.5283,160,1,0,3569,84.8204,89.037,13.2659
19.199,0.086256,0,0.086256,6.94,77.5283,150,0,0,3569,84.8204,89.037,13.2659
19.2024,0.00168,0,0.00168,6.92,77.3285,150,0,0,3569,84.8204,89.037,13.2659
19.2238,1.41217,0,1.41217,6.92,77.3285,698,44,0,3570,84.8176,89.0364,13.2648
19.2266,0.171498,0,0.171498,6.9,77.1288,170,1,0,3571,84.8174,89.035,13.2637
19.2474,0.053888,0,0.053888,6.9,77.1288,160,0,0,3571,84.8174,89.035,13.2637
19.2503,0.418697,0,0.418697,6.88,76.929,313,4,0,3572,84.8326,89.0484,13.2626
19.2714,0.652798,0,0.652798,6.88,76.929,180,4,0,3573,84.8707,89.0859,13.2615
19.274,0.122165,0,0.122165,6.86,76.7293,160,0,0,3574,84.8629,89.0769,13.2605
19.2944,0.305098,0,0.305098,6.86,76.7293,170,2,0,3575,84.8727,89.0856,13.2594
19.2974,0.001746,0,0.001746,6.84,76.5295,160,0,0,3575,84.8727,89.0856,13.2594
19.3189,0.045455,0,0.045455,6.84,76.5295,160,0,0,3575,84.8727,89.0856,13.2594
19.3282,4.27092,0,4.27092,6.82,76.3298,1643,34,0,3576,84.8845,89.0996,13.2583
19.3447,0.104339,0,0.104339,6.82,75.4628,170,0,0,3576,84.8845,89.0996,13.2583
19.3474,0.180139,0,0.180139,6.8,75.2631,190,1,0,3577,84.8879,89.1018,13.2572
19.3686,0.362774,0,0.362774,6.8,75.2631,190,2,0,3578,84.8988,89.1115,13.2561
19.3728,0.003007,0,0.003007,6.78,75.0633,180,0,0,3578,84.8988,89.1115,13.2561
19.3936,0.581115,0,0.581115,6.78,75.0633,190,1,0,3579,84.907,89.1185,13.255
19.4012,1.0988,0,1.0988,6.76,74.851,230,7,0,3580,84.9453,89.1573,13.2539
19.4197,0.369175,0,0.369175,6.76,74.851,180,1,0,3581,84.9497,89.1606,13.2529
19.4248,0.171633,0,0.171633,6.74,74.6311,170,0,0,3581,84.9497,89.1606,13.2529
19.4459,0.103017,0,0.103017,6.74,74.6311,170,0,0,3581,84.9497,89.1606,13.2529
19.4514,0.108499,0,0.108499,6.72,74.4112,170,0,0,3581,84.9497,89.1606,13.2529
19.4721,0.1489,0,0.1489,6.72,74.4112,170,0,0,3581,84.9497,89.1606,13.2529
19.4752,0.277601,0,0.277601,6.7,74.1912,170,2,0,3582,84.9715,89.1812,13.2518
19.4963,0.766135,0,0.766135,6.7,74.1912,172,1,0,3583,84.99,89.1984,13.2507
19.5028,0.958134,0,0.958134,6.68,73.9713,185,2,0,3584,85.0128,89.2201,13.2496
19.5209,0.196747,0,0.196747,6.68,73.9713,170,1,0,3585,85.0025,89.2086,13.2485
19.5272,0.163478,0,0.163478,6.66,73.7514,160,0,0,3585,85.0025,89.2086,13.2485
19.5488,0.686058,0,0.686058,6.66,73.7514,170,1,0,3586,85.0109,89.2158,13.2475
19.5569,1.09005,0,1.09005,6.64,73.5315,218,2,0,3587,85.0248,89.2289,13.2464
19.5775,0.659572,0,0.659572,6.64,73.5315,170,1,0,3588,85.0329,89.2358,13.2453
19.5845,0.141503,0,0.141503,6.62,73.3116,150,0,0,3588,85.0329,89.2358,13.2453
19.6062,0.926914,0,0.926914,6.62,73.3116,160,2,0,3589,85.0563,89.258,13.2442
19.613,0.707223,0,0.707223,6.6,73.0917,180,1,0,3590,85.0682,89.2688,13.2431
19.6338,0.004053,0,0.004053,6.6,73.0917,170,0,0,3590,85.0682,89.2688,13.2431
19.6383,0.169784,0,0.169784,6.58,72.8718,160,0,0,3590,85.0682,89.2688,13.2431
19.6586,0.547629,0,0.547629,6.58,72.8718,230,2,0,3591,85.0944,89.2938,13.2421
19.6616,0.257269,0,0.257269,6.56,72.6519,170,1,0,3592,85.1111,89.3093,13.241
19.6826,0.203188,0,0.203188,6.56,72.6519,170,1,0,3593,85.1046,89.3017,13.2399
19.6871,0.259438,0,0.259438,6.54,72.432,170,1,0,3594,85.1055,89.3013,13.2388
19.709,1.06051,0,1.06051,6.54,72.432,180,2,0,3595,85.1444,89.3396,13.2377
19.7144,0.453673,0,0.453673,6.52,72.2121,160,0,0,3596,85.1457,89.3398,13.2367
19.7359,0.847239,0,0.847239,6.52,72.2121,170,2,0,3597,85.1679,89.3609,13.2356
19.7402,0.918927,0,0.918927,6.5,71.9921,175,2,0,3598,85.2021,89.3941,13.2345
19.7594,0.072156,0,0.072156,6.5,71.9921,160,0,0,3598,85.2021,89.3941,13.2345
19.7674,0.910023,0,0.910023,6.48,71.7722,160,2,0,3599,85.2278,89.4187,13.2334
19.7853,0.067759,0,0.067759,6.48,71.7722,150,0,0,3599,85.2278,89.4187,13.2334
19.7889,0.483146,0,0.483146,6.46,71.5523,170,2,0,3600,85.2733,89.4631,13.2324
19.8102,0.439593,0,0.439593,6.46,71.5523,170,1,0,3601,85.2721,89.4607,13.2313
19.815,0.017869,0,0.017869,6.44,71.3324,160,0,0,3601,85.2721,89.4607,13.2313
19.8376,1.45681,0,1.45681,6.44,71.3324,246,2,0,3602,85.3054,89.4925,13.2302
19.8435,0.096492,0,0.096492,6.42,71.1125,160,0,0,3602,85.3054,89.4925,13.2302
19.8652,0.772401,0,0.772401,6.42,71.1125,170,1,0,3603,85.3153,89.5012,13.2291
19.8721,1.2422,0,1.2422,6.4,70.8926,180,2,0,3604,85.3524,89.5386,13.2281
19.8909,0.074316,0,0.074316,6.4,70.8926,160,0,0,3604,85.3524,89.5386,13.2281
19.8962,1.03615,0,1.03615,6.38,70.6727,160,2,0,3605,85.3981,89.5831,13.227
19.9145,0.199387,0,0.199387,6.38,70.6727,160,1,0,3606,85.3855,89.5693,13.2259
19.92,0.36401,0,0.36401,6.36,70.4528,160,2,0,3607,85.4031,89.5858,13.2248
19.9414,0.120006,0,0.120006,6.36,70.4528,150,0,0,3607,85.4031,89.5858,13.2248
19.9467,0.001579,0,0.001579,6.34,70.2329,150,0,0,3607,85.4031,89.5858,13.2248
19.9681,0.056578,0,0.056578,6.34,70.2329,150,0,0,3607,85.4031,89.5858,13.2248
19.9746,0.363532,0,0.363532,6.32,70.013,170,1,0,3608,85.3983,89.5798,13.2238
19.9952,0.049394,0,0.049394,6.32,70.013,160,0,0,3608,85.3983,89.5798,13.2238
20.0035,1.5701,0,1.5701,6.3,69.793,269,4,0,3609,85.4206,89.6004,13.2227
20.0221,0.267498,0,0.267498,6.3,69.793,170,1,0,3610,85.4166,89.5953,13.2216
20.026,0.001872,0,0.001872,6.28,69.5731,160,0,0,3610,85.4166,89.5953,13.2216
20.0462,0.44397,0,0.44397,6.28,69.5731,170,1,0,3611,85.4268,89.6043,13.2206
20.0492,0.045988,0,0.045988,6.26,69.3532,160,0,0,3611,85.4268,89.6043,13.2206
20.0712,0.840022,0,0.840022,6.26,69.3532,222,2,0,3612,85.4455,89.6224,13.2195
20.1237,47.0966,21.1753,25.9213,6.24,69.1333,20780,1205,0,3613,85.3648,89.5699,13.2184
20.1277,0.326472,0,0.326472,6.22,68.9134,180,1,0,3614,85.3805,89.5844,13.2173
20.1474,0.351047,0,0.351047,6.22,68.9134,180,1,0,3615,85.395,89.5978,13.2163
20.1506,0.31512,0,0.31512,6.2,68.6935,170,1,0,3616,85.4234,89.625,13.2152
20.1717,0.407604,0,0.407604,6.2,68.6935,170,1,0,3617,85.4412,89.6417,13.2141
20.1753,0.254969,0,0.254969,6.18,68.4736,160,1,0,3618,85.4464,89.6457,13.2131
20.1962,0.318907,0,0.318907,6.18,68.4736,160,1,0,3619,85.4518,89.6499,13.212
20.1993,0.070453,0,0.070453,6.16,68.2537,150,0,0,3619,85.4518,89.6499,13.212
20.2202,0.649228,0,0.649228,6.16,68.2537,160,1,0,3620,85.4751,89.6721,13.2109
20.2261,0.402328,0,0.402328,6.14,68.0338,160,1,0,3621,85.4797,89.6755,13.2099
20.2457,0.570298,0,0.570298,6.14,68.0338,241,2,0,3622,85.5108,89.7054,13.2088
20.2484,0.022089,0,0.022089,6.12,67.8139,150,0,0,3622,85.5108,89.7054,13.2088
20.2694,0.129473,0,0.129473,6.12,67.8139,150,0,0,3622,85.5108,89.7054,13.2088
20.272,0.10735,0,0.10735,6.1,67.5939,170,0,0,3623,85.5026,89.6961,13.2077
20.2939,0.681655,0,0.681655,6.1,67.5939,279,2,0,3624,85.5157,89.7081,13.2067
20.2973,0.274648,0,0.274648,6.08,67.374,180,1,0,3625,85.5291,89.7203,13.2056
20.3181,0.593732,0,0.593732,6.08,67.374,180,1,0,3626,85.5389,89.7289,13.2045
20.325,0.184325,0,0.184325,6.06,67.1541,170,0,0,3626,85.5389,89.7289,13.2045
20.3442,0.36982,0,0.36982,6.06,67.1541,180,1,0,3627,85.5514,89.7403,13.2035
20.3475,0.153099,0,0.153099,6.04,66.9342,180,0,0,3627,85.5514,89.7403,13.2035
20.369,0.880686,0,0.880686,6.04,66.9342,217,2,0,3628,85.5794,89.7671,13.2024
20.3751,0.130461,0,0.130461,6.02,66.7143,180,0,0,3628,85.5794,89.7671,13.2024
20.396,0.456482,0,0.456482,6.02,66.7143,190,1,0,3629,85.5944,89.7809,13.2013
20.3991,0.388582,0,0.388582,6,66.4944,190,1,0,3630,85.6014,89.7868,13.2003
20.4193,0.114061,0,0.114061,6,66.4944,180,0,0,3630,85.6014,89.7868,13.2003
20.4252,0.587918,0,0.587918,5.98,66.2745,180,2,0,3631,85.6257,89.81,13.1992
20.4448,0.497784,0,0.497784,5.98,66.2745,180,1,0,3632,85.6465,89.8296,13.1981
20.4513,0.171087,0,0.171087,5.96,66.0546,180,0,0,3632,85.6465,89.8296,13.1981
20.472,0.515107,0,0.515107,5.96,66.0546,200,2,0,3633,85.6851,89.8676,13.1971
20.4749,0.284658,0,0.284658,5.94,65.8347,190,1,0,3634,85.6924,89.8737,13.196
20.4957,0.272696,0,0.272696,5.94,65.8347,190,1,0,3635,85.6955,89.8757,13.1949
20.4987,0.381634,0,0.381634,5.92,65.6148,232,2,0,3636,85.709,89.8883,13.1939
20.5199,0.964767,0,0.964767,5.92,65.6148,292,0,0,3637,85.7366,89.9148,13.1928
20.5258,0.43414,0,0.43414,5.9,65.3948,263,2,0,3638,85.7529,89.9299,13.1918
20.5452,0.368381,0,0.368381,5.9,65.3948,200,1,0,3639,85.759,89.9349,13.1907
20.5482,0.084683,0,0.084683,5.88,65.1749,200,0,0,3639,85.759,89.9349,13.1907
20.5691,0.059516,0,0.059516,5.88,65.1749,200,0,0,3639,85.759,89.9349,13.1907
20.574,0.749586,0,0.749586,5.86,64.955,210,3,0,3640,85.7777,89.9525,13.1896
20.5945,0.003197,0,0.003197,5.86,64.955,190,0,0,3640,85.7777,89.9525,13.1896
20.6,0.323354,0,0.323354,5.84,64.7351,190,0,0,3641,85.7734,89.947,13.1886
20.6205,0.043397,0,0.043397,5.84,64.7351,190,0,0,3641,85.7734,89.947,13.1886
20.6236,0.130986,0,0.130986,5.82,64.5152,190,0,0,3641,85.7734,89.947,13.1886
20.6444,0.645992,0,0.645992,5.82,64.5152,200,1,0,3642,85.7891,89.9616,13.1875
20.6496,0.091022,0,0.091022,5.8,64.2953,200,0,0,3642,85.7891,89.9616,13.1875
20.6707,0.493832,0,0.493832,5.8,64.2953,210,2,0,3643,85.826,89.9973,13.1865
20.6736,0.045743,0,0.045743,5.78,64.0754,200,0,0,3643,85.826,89.9973,13.1865
20.6948,0.399356,0,0.399356,5.78,64.0754,210,1,0,3644,85.8419,90.0121,13.1854
20.6976,0.240666,0,0.240666,5.76,63.8358,180,1,0,3645,85.8573,90.0263,13.1843
20.7183,0.528117,0,0.528117,5.76,63.8358,200,2,0,3646,85.8769,90.0447,13.1833
20.7226,0.322298,0,0.322298,5.74,63.471,180,1,0,3647,85.8903,90.057,13.1822
20.7417,0.335166,0,0.335166,5.74,63.471,180,1,0,3648,85.8958,90.0614,13.1812
20.7454,0.063984,0,0.063984,5.72,63.1062,170,0,0,3648,85.8958,90.0614,13.1812
20.7675,0.670681,0,0.670681,5.72,63.1062,180,1,0,3649,85.9046,90.0691,13.1801
20.7736,0.107805,0,0.107805,5.7,62.7415,170,0,0,3649,85.9046,90.0691,13.1801
20.7947,0.689926,0,0.689926,5.7,62.7415,232,2,0,3650,85.929,90.0923,13.1791
20.8,0.552349,0,0.552349,5.68,62.3767,200,1,0,3651,85.9359,90.0981,13.178
20.8205,0.190765,0,0.190765,5.68,62.3767,190,0,0,3651,85.9359,90.0981,13.178
20.8266,0.576125,0,0.576125,5.66,62.0119,200,2,0,3652,85.9524,90.1134,13.1769
20.8462,0.084179,0,0.084179,5.66,62.0119,190,0,0,3652,85.9524,90.1134,13.1769
20.8639,14.3467,13.9297,0.416967,5.64,61.6471,1011,24,0,3652,85.9518,90.1134,13.1769
20.871,0.65914,0,0.65914,5.64,61.6471,190,2,0,3653,85.9598,90.1202,13.1759
20.8756,0.418213,0,0.418213,5.62,61.2824,200,1,0,3654,85.9778,90.1371,13.1748
20.8961,0.00301,0,0.00301,5.62,61.2824,190,0,0,3654,85.9778,90.1371,13.1748
20.9011,0.575751,0,0.575751,5.6,60.9176,210,1,0,3655,86.0074,90.1655,13.1738
20.9218,0.435328,0,0.435328,5.6,60.9176,210,2,0,3656,86.029,90.186,13.1727
20.9244,0.008526,0,0.008526,5.58,60.5528,200,0,0,3656,86.029,90.186,13.1727
20.9452,0.577049,0,0.577049,5.58,60.5528,210,2,0,3657,86.0569,90.2127,13.1717
20.9484,0.352305,0,0.352305,5.56,60.1881,230,2,0,3658,86.0842,90.2411,13.1706
20.9697,0.509877,0,0.509877,5.56,60.1881,210,1,0,3659,86.0957,90.2514,13.1696
20.9737,0.370934,0,0.370934,5.54,59.8233,210,1,0,3660,86.1008,90.2555,13.1685
20.994,0.00208,0,0.00208,5.54,59.8233,200,0,0,3660,86.1008,90.2555,13.1685
20.9981,0.499201,0,0.499201,5.52,59.4585,210,1,0,3661,86.1278,90.2813,13.1674
21.0185,0.05638,0,0.05638,5.52,59.4585,200,0,0,3661,86.1278,90.2813,13.1674
21.0239,0.517235,0,0.517235,5.5,59.0937,210,1,0,3662,86.142,90.2944,13.1664
21.044,0.52385,0,0.52385,5.5,59.0937,210,1,0,3663,86.163,90.3142,13.1653
21.047,0.353366,0,0.353366,5.48,58.729,210,2,0,3664,86.1927,90.3428,13.1643
21.0683,0.497641,0,0.497641,5.48,58.729,210,2,0,3665,86.2134,90.3623,13.1632
21.0709,0.001417,0,0.001417,5.46,58.3642,220,0,0,3665,86.2134,90.3623,13.1632
21.0922,0.002323,0,0.002323,5.46,58.3642,220,0,0,3665,86.2134,90.3623,13.1632
21.0963,0.298822,0,0.298822,5.44,57.9994,230,1,0,3666,86.2204,90.3682,13.1622
21.1183,0.878573,0,0.878573,5.44,57.9994,230,1,0,3667,86.2585,90.4052,13.1611
21.1234,0.087294,0,0.087294,5.42,57.6347,240,0,0,3667,86.2585,90.4052,13.1611
21.1438,0.406981,0,0.406981,5.42,57.6347,250,1,0,3668,86.2775,90.4231,13.1601
21.1471,0.361932,0,0.361932,5.4,57.2699,248,2,0,3669,86.3164,90.4609,13.159
21.1684,0.206344,0,0.206344,5.4,57.2699,230,0,0,3669,86.3164,90.4609,13.159
21.1734,0.086837,0,0.086837,5.38,56.9051,220,0,0,3669,86.3164,90.4609,13.159
21.1942,0.186248,0,0.186248,5.38,56.9051,220,0,0,3670,86.3079,90.4512,13.158
21.197,0.028731,0,0.028731,5.36,56.5403,220,0,0,3670,86.3079,90.4512,13.158
21.2194,0.726551,0,0.726551,5.36,56.5403,230,1,0,3671,86.3171,90.4593,13.1569
21.2262,0.518456,0,0.518456,5.34,56.1756,230,1,0,3672,86.3475,90.4886,13.1559
21.247,0.774057,0,0.774057,5.34,56.1756,230,1,0,3673,86.3629,90.5029,13.1548
21.3078,52.9224,24.465,28.4575,5.32,55.8108,20949,1844,0,3674,86.1884,90.3849,13.1538
21.3119,0.302304,0,0.302304,5.3,55.446,220,1,0,3675,86.2101,90.4054,13.1527
21.3321,0.0868,0,0.0868,5.3,55.446,210,0,0,3675,86.2101,90.4054,13.1527
21.3353,0.442214,0,0.442214,5.28,55.0812,220,2,0,3676,86.2519,90.4461,13.1517
21.3567,0.699777,0,0.699777,5.28,55.0812,276,2,0,3677,86.2842,90.4773,13.1507
21.3591,0.043395,0,0.043395,5.26,54.7165,210,0,0,3677,86.2842,90.4773,13.1507
21.3804,0.371087,0,0.371087,5.26,54.7165,220,1,0,3678,86.2904,90.4823,13.1496
21.3841,0.445358,0,0.445358,5.24,54.3517,220,1,0,3679,86.3139,90.5048,13.1486
21.4044,0.480189,0,0.480189,5.24,54.3517,220,1,0,3680,86.3342,90.5239,13.1475
21.4075,0.050641,0,0.050641,5.22,53.9869,200,0,0,3680,86.3342,90.5239,13.1475
21.4287,0.397599,0,0.397599,5.22,53.9869,210,2,0,3681,86.3537,90.5422,13.1465
21.4315,0.216619,0,0.216619,5.2,53.6222,220,1,0,3682,86.365,90.5524,13.1454
21.4523,0.075597,0,0.075597,5.2,53.6222,210,0,0,3682,86.365,90.5524,13.1454
21.455,0.025879,0,0.025879,5.18,53.2574,230,0,0,3682,86.365,90.5524,13.1454
21.4755,0.004068,0,0.004068,5.18,53.2574,230,0,0,3682,86.365,90.5524,13.1454
21.4808,0.426656,0,0.426656,5.16,52.8926,230,1,0,3683,86.3951,90.5813,13.1444
21.5001,0.061532,0,0.061532,5.16,52.8926,220,0,0,3683,86.3951,90.5813,13.1444
21.5056,0.986873,0,0.986873,5.14,52.5544,313,2,0,3684,86.4167,90.6021,13.1433
21.5264,0.390823,0,0.390823,5.14,52.5544,230,1,0,3685,86.4147,90.5989,13.1423
21.5319,0.272169,0,0.272169,5.12,52.2387,220,0,0,3686,86.4099,90.5931,13.1412
21.5526,0.018245,0,0.018245,5.12,52.2387,220,0,0,3686,86.4099,90.5931,13.1412
21.5553,0.042874,0,0.042874,5.1,51.923,220,0,0,3686,86.4099,90.5931,13.1412
21.576,0.059321,0,0.059321,5.1,51.923,220,0,0,3686,86.4099,90.5931,13.1412
21.5816,0.141847,0,0.141847,5.08,51.6073,210,0,0,3686,86.4099,90.5931,13.1412
21.6006,0.268113,0,0.268113,5.08,51.6073,210,0,0,3687,86.4117,90.5937,13.1402
21.6077,0.995961,0,0.995961,5.06,51.2916,220,1,0,3688,86.4482,90.6291,13.1392
21.6286,0.859482,0,0.859482,5.06,51.2916,229,0,0,3689,86.4671,90.6468,13.1381
21.632,0.435418,0,0.435418,5.04,50.9758,220,1,0,3690,86.4992,90.6778,13.1371
21.6532,0.571577,0,0.571577,5.04,50.9758,216,0,0,3691,86.5047,90.6822,13.136
21.6598,0.534852,0,0.534852,5.02,50.6601,220,1,0,3692,86.5092,90.6855,13.135
21.6801,0.079065,0,0.079065,5.02,50.6601,210,0,0,3692,86.5092,90.6855,13.135
21.6829,0.359828,0,0.359828,5,50.3444,230,1,0,3693,86.5332,90.7084,13.1339
21.7039,0.682774,0,0.682774,5,50.3444,230,1,0,3694,86.5439,90.7179,13.1329
21.7362,26.9721,14.2055,12.7666,4.98,50.0287,7559,484,0,3694,86.5376,90.7147,13.1329
21.7401,0.069559,0,0.069559,4.96,49.713,220,0,0,3695,86.5194,90.6953,13.1319
21.7613,0.334056,0,0.334056,4.96,49.713,230,1,0,3696,86.5262,90.701,13.1308
21.765,0.370378,0,0.370378,4.94,49.3973,230,1,0,3697,86.5402,90.7138,13.1298
21.7856,0.097802,0,0.097802,4.94,49.3973,220,0,0,3697,86.5402,90.7138,13.1298
21.7893,0.37986,0,0.37986,4.92,49.0815,240,1,0,3698,86.5503,90.7228,13.1287
21.8103,0.433939,0,0.433939,4.92,49.0815,242,1,0,3699,86.5664,90.7378,13.1277
21.8132,0.200846,0,0.200846,4.9,48.7658,230,1,0,3700,86.5754,90.7457,13.1267
21.8342,0.64197,0,0.64197,4.9,48.7658,230,1,0,3701,86.5861,90.7552,13.1256
21.8402,0.843913,0,0.843913,4.88,48.4501,220,1,0,3702,86.6264,90.7944,13.1246
21.8617,1.01889,0,1.01889,4.88,48.4501,250,4,0,3703,86.6578,90.828,13.1236
21.8659,0.343495,0,0.343495,4.86,48.1344,230,1,0,3704,86.6731,90.8421,13.1225
21.887,0.159784,0,0.159784,4.86,48.1344,220,0,0,3704,86.6731,90.8421,13.1225
21.8926,0.429726,0,0.429726,4.84,47.8187,220,1,0,3705,86.6783,90.8462,13.1215
21.9132,0.360477,0,0.360477,4.84,47.8187,220,1,0,3706,86.6881,90.8548,13.1204
21.9164,0.50198,0,0.50198,4.82,47.5029,210,1,0,3707,86.693,90.8586,13.1194
21.9366,0.423178,0,0.423178,4.82,47.5029,210,1,0,3708,86.6974,90.8619,13.1184
21.9399,0.214105,0,0.214105,4.8,47.1872,210,2,0,3709,86.7059,90.8692,13.1173
21.9597,0.090814,0,0.090814,4.8,47.1872,200,0,0,3709,86.7059,90.8692,13.1173
21.9626,0.178792,0,0.178792,4.78,46.8715,210,1,0,3710,86.707,90.8693,13.1163
21.9851,0.877961,0,0.877961,4.78,46.8715,210,1,0,3711,86.7292,90.8903,13.1153
21.9922,0.728242,0,0.728242,4.76,46.5558,210,2,0,3712,86.7414,90.9014,13.1142
22.0119,0.080161,0,0.080161,4.76,46.5558,200,0,0,3712,86.7414,90.9014,13.1142
22.0168,0.417123,0,0.417123,4.74,46.2401,210,1,0,3713,86.7568,90.9157,13.1132
22.0375,0.643755,0,0.643755,4.74,46.2401,210,1,0,3714,86.7652,90.923,13.1122
22.0454,0.488908,0,0.488908,4.72,45.9244,225,1,0,3715,86.7876,90.9443,13.1111
22.0637,0.062777,0,0.062777,4.72,45.9244,200,0,0,3715,86.7876,90.9443,13.1111
22.0666,0.170232,0,0.170232,4.7,45.6086,210,1,0,3716,86.7879,90.9435,13.1101
22.0875,0.038315,0,0.038315,4.7,45.6086,200,0,0,3716,86.7879,90.9435,13.1101
22.0902,0.153442,0,0.153442,4.68,45.2929,200,1,0,3717,86.7861,90.9405,13.1091
22.1109,0.106116,0,0.106116,4.68,45.2929,190,0,0,3717,86.7861,90.9405,13.1091
22.1137,0.205952,0,0.205952,4.66,44.9772,200,1,0,3718,86.7934,90.9467,13.108
22.1345,0.70535,0,0.70535,4.66,44.9772,210,2,0,3719,86.8295,90.9828,13.107
22.1375,0.28045,0,0.28045,4.64,44.6615,210,3,0,3720,86.8478,90.9997,13.106
22.1583,0.052507,0,0.052507,4.64,44.6615,190,0,0,3720,86.8478,90.9997,13.106
22.1611,0.392938,0,0.392938,4.62,44.3458,200,1,0,3721,86.8834,91.0341,13.1049
22.183,0.581343,0,0.581343,4.62,44.3458,200,1,0,3722,86.8909,91.0406,13.1039
22.1865,0.042167,0,0.042167,4.6,44.0301,190,0,0,3722,86.8909,91.0406,13.1039
22.2075,0.353199,0,0.353199,4.6,44.0301,200,1,0,3723,86.9119,91.0604,13.1029
22.2116,0.070497,0,0.070497,4.58,43.7143,180,0,0,3723,86.9119,91.0604,13.1029
22.2325,0.511749,0,0.511749,4.58,43.7143,190,1,0,3724,86.9315,91.0789,13.1018
22.2353,0.023404,0,0.023404,4.56,43.3986,180,0,0,3724,86.9315,91.0789,13.1018
22.257,0.58308,0,0.58308,4.56,43.3986,190,2,0,3725,86.9761,91.1224,13.1008
22.2596,0.203746,0,0.203746,4.54,43.0829,190,1,0,3726,86.9858,91.131,13.0998
22.2808,0.420207,0,0.420207,4.54,43.0829,190,1,0,3727,87.0048,91.1489,13.0988
22.2847,0.001295,0,0.001295,4.52,42.7672,180,0,0,3727,87.0048,91.1489,13.0988
22.3072,0.692437,0,0.692437,4.52,42.7672,190,1,0,3728,87.0158,91.1588,13.0977
22.3128,0.339561,0,0.339561,4.5,42.4515,190,1,0,3729,87.022,91.1639,13.0967
22.3332,0.160226,0,0.160226,4.5,42.4515,180,0,0,3729,87.022,91.1639,13.0967
22.3407,0.070355,0,0.070355,4.48,42.1358,170,0,0,3729,87.022,91.1639,13.0967
22.3599,0.482314,0,0.482314,4.48,42.1358,180,1,0,3730,87.0365,91.1772,13.0957
22.3663,0.758559,0,0.758559,4.46,41.82,180,1,0,3731,87.0799,91.2195,13.0946
22.3868,0.369189,0,0.369189,4.46,41.82,180,1,0,3732,87.0941,91.2326,13.0936
22.3921,0.14649,0,0.14649,4.44,41.5043,180,0,0,3732,87.0941,91.2326,13.0936
22.4142,1.22107,0,1.22107,4.44,41.5043,200,2,0,3733,87.1396,91.2754,13.0926
22.418,0.501227,0,0.501227,4.42,41.1886,170,0,0,3734,87.1441,91.2788,13.0916
22.4393,0.125494,0,0.125494,4.42,41.1886,170,0,0,3734,87.1441,91.2788,13.0916
22.4437,0.377419,0,0.377419,4.4,40.8729,180,2,0,3735,87.1684,91.3017,13.0905
22.4641,0.276631,0,0.276631,4.4,40.8729,170,0,0,3735,87.1684,91.3017,13.0905
22.4722,0.670337,0,0.670337,4.38,40.5572,180,1,0,3736,87.1812,91.3134,13.0895
22.4907,0.383203,0,0.383203,4.38,40.5572,180,1,0,3737,87.1943,91.3254,13.0885
22.4972,0.842422,0,0.842422,4.36,40.2414,180,1,0,3738,87.2247,91.3547,13.0875
22.5174,0.367679,0,0.367679,4.36,40.2414,180,1,0,3739,87.2332,91.3621,13.0864
22.5201,0.052031,0,0.052031,4.34,40.313,160,0,0,3739,87.2332,91.3621,13.0864
22.5412,0.110821,0,0.110821,4.34,40.313,170,0,0,3739,87.2332,91.3621,13.0864
22.547,0.502998,0,0.502998,4.32,40.1673,170,1,0,3740,87.2372,91.365,13.0854
22.5691,1.05264,0,1.05264,4.32,40.1673,170,1,0,3741,87.267,91.3937,13.0844
22.5726,0.295858,0,0.295858,4.3,40.0217,150,1,0,3742,87.2908,91.4164,13.0834
22.5938,0.927456,0,0.927456,4.3,40.0217,150,1,0,3743,87.312,91.4365,13.0823
22.6327,31.1638,24.0618,7.10203,4.28,39.876,7717,303,0,3744,87.308,91.4335,13.0813
22.6363,0.302383,0,0.302383,4.26,39.7303,139,1,0,3745,87.3284,91.4529,13.0803
22.6558,0.048707,0,0.048707,4.26,39.7303,129,0,0,3745,87.3284,91.4529,13.0803
22.6597,0.373888,0,0.373888,4.24,39.5846,131,0,0,3746,87.3422,91.4656,13.0793
22.6804,0.146095,0,0.146095,4.24,39.5846,129,0,0,3746,87.3422,91.4656,13.0793
22.6833,0.220806,0,0.220806,4.22,39.4389,139,1,0,3747,87.3558,91.478,13.0782
22.7045,0.423579,0,0.423579,4.22,39.4389,139,1,0,3748,87.3677,91.4888,13.0772
22.7082,0.40067,0,0.40067,4.2,39.2932,129,1,0,3749,87.3996,91.5196,13.0762
22.7282,0.052319,0,0.052319,4.2,39.2932,119,0,0,3749,87.3996,91.5196,13.0762
22.7312,0.340986,0,0.340986,4.18,39.1475,139,1,0,3750,87.4331,91.552,13.0752
22.7533,0.79901,0,0.79901,4.18,39.1475,139,1,0,3751,87.4516,91.5694,13.0742
22.7585,0.471599,0,0.471599,4.16,39.0018,139,1,0,3752,87.4707,91.5874,13.0731
22.7792,0.392349,0,0.392349,4.16,39.0018,129,0,0,3753,87.4831,91.5987,13.0721
22.7842,0.05616,0,0.05616,4.14,38.8562,129,0,0,3753,87.4831,91.5987,13.0721
22.8064,0.472636,0,0.472636,4.14,38.8562,139,1,0,3754,87.4806,91.5951,13.0711
22.8119,0.063141,0,0.063141,4.12,38.7105,139,0,0,3754,87.4806,91.5951,13.0711
22.8329,0.240087,0,0.240087,4.12,38.7105,149,1,0,3755,87.4684,91.5819,13.0701
22.8355,0.041479,0,0.041479,4.1,38.5648,139,0,0,3755,87.4684,91.5819,13.0701
22.8564,0.588919,0,0.588919,4.1,38.5648,149,1,0,3756,87.4798,91.5921,13.0691
22.8597,0.244934,0,0.244934,4.08,38.4191,241,2,0,3757,87.4802,91.5914,13.068
22.8817,0.602382,0,0.602382,4.08,38.4191,149,1,0,3758,87.4923,91.6024,13.067
22.8877,0.402173,0,0.402173,4.06,38.2734,149,1,0,3759,87.4924,91.6015,13.066
22.9092,1.11359,0,1.11359,4.06,38.2734,159,2,0,3760,87.5322,91.6407,13.065
22.9157,0.909742,0,0.909742,4.04,38.1277,149,1,0,3761,87.5698,91.6772,13.064
22.9358,0.228069,0,0.228069,4.04,38.1277,149,1,0,3762,87.5665,91.6728,13.063
22.9385,0.170791,0,0.170791,4.02,37.982,149,1,0,3763,87.5679,91.6731,13.0619
22.9592,0.535357,0,0.535357,4.02,37.982,149,1,0,3764,87.5786,91.6828,13.0609
22.9621,0.240461,0,0.240461,4,37.8364,139,1,0,3765,87.5902,91.6932,13.0599
22.9841,0.660014,0,0.660014,4,37.8364,139,1,0,3766,87.6091,91.7111,13.0589
22.9879,0.379306,0,0.379306,3.98,37.6907,139,1,0,3767,87.6392,91.7401,13.0579
23.0097,0.260339,0,0.260339,3.98,37.6907,129,0,0,3767,87.6392,91.7401,13.0579
23.0133,0.037586,0,0.037586,3.96,37.545,129,0,0,3767,87.6392,91.7401,13.0579
23.0359,1.35621,0,1.35621,3.96,37.545,184,1,0,3768,87.6685,91.7683,13.0569
23.0426,0.004145,0,0.004145,3.94,37.3993,129,0,0,3768,87.6685,91.7683,13.0569
23.0647,0.621279,0,0.621279,3.94,37.3993,139,1,0,3769,87.7031,91.8018,13.0558
23.0676,0.198734,0,0.198734,3.92,37.2536,139,2,0,3770,87.7085,91.8061,13.0548
23.0877,0.066485,0,0.066485,3.92,37.2536,129,0,0,3770,87.7085,91.8061,13.0548
23.091,0.354865,0,0.354865,3.9,37.1079,140,1,0,3771,87.7197,91.8162,13.0538
23.1126,0.521453,0,0.521453,3.9,37.1079,140,1,0,3772,87.7426,91.838,13.0528
23.1154,0.051301,0,0.051301,3.88,36.9622,130,0,0,3772,87.7426,91.838,13.0528
23.1371,0.631635,0,0.631635,3.88,36.9622,130,0,0,3773,87.7503,91.8447,13.0518
23.1431,0.379389,0,0.379389,3.86,36.8166,130,0,0,3774,87.7615,91.8548,13.0508
23.1643,0.0641,0,0.0641,3.86,36.8166,130,0,0,3774,87.7615,91.8548,13.0508
23.1695,0.065175,0,0.065175,3.84,36.6709,130,0,0,3774,87.7615,91.8548,13.0508
23.1905,0.826158,0,0.826158,3.84,36.6709,140,1,0,3775,87.7772,91.8694,13.0498
23.198,0.343815,0,0.343815,3.82,36.5252,130,0,0,3776,87.7834,91.8745,13.0487
23.2178,0.24752,0,0.24752,3.82,36.5252,130,0,0,3776,87.7834,91.8745,13.0487
23.2252,0.719851,0,0.719851,3.8,36.3795,150,1,0,3777,87.7967,91.8867,13.0477
23.2454,0.004438,0,0.004438,3.8,36.3795,140,0,0,3777,87.7967,91.8867,13.0477
23.2486,0.320714,0,0.320714,3.78,36.2338,150,1,0,3778,87.8211,91.91,13.0467
23.269,0.001754,0,0.001754,3.78,36.2338,140,0,0,3778,87.8211,91.91,13.0467
23.2725,0.17481,0,0.17481,3.76,36.0881,140,0,0,3779,87.8179,91.9058,13.0457
23.2946,0.465303,0,0.465303,3.76,36.0881,140,0,0,3780,87.813,91.8997,13.0447
23.3011,0.494679,0,0.494679,3.74,35.9424,140,1,0,3781,87.8159,91.9016,13.0437
23.3211,0.468416,0,0.468416,3.74,35.9424,140,1,0,3782,87.8292,91.9138,13.0427
23.3245,0.846768,0,0.846768,3.72,35.7967,140,2,0,3783,87.8636,91.9453,13.0417
23.3452,0.439636,0,0.439636,3.72,35.7967,120,1,0,3784,87.885,91.9656,13.0407
23.4373,89.5607,25.2451,64.3156,3.7,35.6511,25553,6040,0,3784,86.6797,90.9844,13.0407
23.4428,0.323239,0,0.323239,3.68,47.7075,38,1,0,3785,86.7054,91.009,13.0397
23.4631,0.028656,0,0.028656,3.68,47.7075,38,0,0,3785,86.7054,91.009,13.0397
23.4669,0.367835,0,0.367835,3.66,47.5617,48,1,0,3786,86.7242,91.0267,13.0386
23.4872,0.399031,0,0.399031,3.66,47.5617,48,1,0,3787,86.7402,91.0415,13.0376
23.4917,0.04368,0,0.04368,3.64,47.4159,38,0,0,3787,86.7402,91.0415,13.0376
23.5114,0.002173,0,0.002173,3.64,47.4159,38,0,0,3787,86.7402,91.0415,13.0376
23.5161,0.065686,0,0.065686,3.62,47.2701,38,0,0,3787,86.7402,91.0415,13.0376
23.5373,0.111151,0,0.111151,3.62,47.2701,38,0,0,3787,86.7402,91.0415,13.0376
23.5428,0.501569,0,0.501569,3.6,47.1242,48,1,0,3788,86.7664,91.0665,13.0366
23.5638,0.443348,0,0.443348,3.6,47.1242,58,2,0,3789,86.7767,91.076,13.0356
23.5673,0.001289,0,0.001289,3.58,46.9784,38,0,0,3789,86.7767,91.076,13.0356
23.5878,0.331846,0,0.331846,3.58,46.9784,48,1,0,3790,86.7892,91.0873,13.0346
23.5923,0.106924,0,0.106924,3.56,46.8326,48,1,0,3791,86.7771,91.0741,13.0336
23.6122,0.334011,0,0.334011,3.56,46.8326,48,1,0,3792,86.7819,91.0778,13.0326
23.6165,0.082326,0,0.082326,3.54,38.2391,46,0,0,3792,86.7819,91.0778,13.0326
23.6377,0.360012,0,0.360012,3.54,38.2391,56,1,0,3793,86.7917,91.0865,13.0316
23.6412,0.274055,0,0.274055,3.52,38.1143,56,1,0,3794,86.8123,91.106,13.0306
23.6621,0.0986,0,0.0986,3.52,38.1143,46,0,0,3794,86.8123,91.106,13.0306
23.666,0.284311,0,0.284311,3.5,37.9894,56,1,0,3795,86.8298,91.1223,13.0296
23.6867,0.623398,0,0.623398,3.5,37.9894,56,1,0,3796,86.8417,91.133,13.0286
23.6994,6.74297,6.64395,0.099019,3.48,37.8645,1139,18,0,3796,86.8417,91.133,13.0286
23.7129,0.643163,0,0.643163,3.48,37.8645,56,1,0,3797,86.862,91.1522,13.0276
23.7191,0.393619,0,0.393619,3.46,37.7397,56,1,0,3798,86.8668,91.1559,13.0266
23.7399,0.002598,0,0.002598,3.46,37.7397,46,0,0,3798,86.8668,91.1559,13.0266
23.7463,0.573615,0,0.573615,3.44,37.6148,56,1,0,3799,86.8881,91.1761,13.0256
23.7668,0.079969,0,0.079969,3.44,37.6148,46,0,0,3799,86.8881,91.1761,13.0256
23.7703,0.208803,0,0.208803,3.42,37.49,56,1,0,3800,86.9005,91.1874,13.0246
23.7918,0.49547,0,0.49547,3.42,37.49,56,1,0,3801,86.9242,91.2099,13.0236
23.7973,0.028664,0,0.028664,3.4,37.3651,46,0,0,3801,86.9242,91.2099,13.0236
23.8178,0.175706,0,0.175706,3.4,37.3651,46,0,0,3801,86.9242,91.2099,13.0236
23.8237,0.550157,0,0.550157,3.38,37.2403,56,1,0,3802,86.9377,91.2223,13.0226
23.8429,0.574149,0,0.574149,3.38,37.2403,56,1,0,3803,86.9485,91.2319,13.0215
23.8489,0.002984,0,0.002984,3.36,37.1154,46,0,0,3803,86.9485,91.2319,13.0215
23.8707,0.692201,0,0.692201,3.36,37.1154,56,1,0,3804,86.9658,91.2482,13.0205
23.8745,0.00141,0,0.00141,3.34,36.9906,46,0,0,3804,86.9658,91.2482,13.0205
23.896,0.372731,0,0.372731,3.34,36.9906,56,1,0,3805,86.9679,91.2491,13.0195
23.8993,0.228397,0,0.228397,3.32,36.8657,56,1,0,3806,86.9792,91.2593,13.0185
23.9196,0.248947,0,0.248947,3.32,36.8657,56,1,0,3807,86.9724,91.2514,13.0175
23.9237,0.295219,0,0.295219,3.3,36.7409,58,1,0,3808,86.9916,91.2694,13.0165
23.9433,0.023805,0,0.023805,3.3,36.7409,48,0,0,3808,86.9916,91.2694,13.0165
23.9472,0.063795,0,0.063795,3.28,36.616,48,0,0,3808,86.9916,91.2694,13.0165
23.9685,0.444487,0,0.444487,3.28,36.616,58,1,0,3809,87.0173,91.294,13.0155
23.9714,0.056749,0,0.056749,3.26,36.4911,48,0,0,3809,87.0173,91.294,13.0155
23.9925,0.072477,0,0.072477,3.26,36.4911,48,0,0,3809,87.0173,91.294,13.0155
23.9954,0.150342,0,0.150342,3.24,36.3663,48,1,0,3810,87.0165,91.2921,13.0145
24.016,0.268095,0,0.268095,3.24,36.3663,38,0,0,3810,87.0165,91.2921,13.0145
24.0235,0.002962,0,0.002962,3.22,36.2414,38,0,0,3810,87.0165,91.2921,13.0145
24.0431,0.36256,0,0.36256,3.22,36.2414,48,1,0,3811,87.0171,91.2915,13.0135
24.0463,0.056494,0,0.056494,3.2,36.1166,38,0,0,3811,87.0171,91.2915,13.0135
24.068,0.115175,0,0.115175,3.2,36.1166,38,0,0,3811,87.0171,91.2915,13.0135
24.0734,0.365452,0,0.365452,3.18,35.9917,38,1,0,3812,87.0218,91.2951,13.0125
24.094,0.32443,0,0.32443,3.18,35.9917,38,1,0,3813,87.0294,91.3016,13.0115
24.0971,0.047701,0,0.047701,3.16,35.8669,28,0,0,3813,87.0294,91.3016,13.0115
24.1178,0.372513,0,0.372513,3.16,35.8669,38,1,0,3814,87.0385,91.3096,13.0105
24.1233,0.420431,0,0.420431,3.14,35.742,38,2,0,3815,87.0453,91.3153,13.0095
24.1426,0.46723,0,0.46723,3.14,35.742,38,1,0,3816,87.0566,91.3255,13.0085
24.1475,0.254361,0,0.254361,3.12,35.6172,38,1,0,3817,87.049,91.3167,13.0075
24.1689,0.313964,0,0.313964,3.12,35.6172,38,1,0,3818,87.05,91.3167,13.0065
24.1729,0.113739,0,0.113739,3.1,35.4923,28,0,0,3818,87.05,91.3167,13.0065
24.195,0.651137,0,0.651137,3.1,35.4923,38,1,0,3819,87.061,91.3265,13.0055
24.2019,0.643663,0,0.643663,3.08,35.3674,38,1,0,3820,87.0777,91.3421,13.0045
24.2237,0.981945,0,0.981945,3.08,35.3674,65,1,0,3821,87.1039,91.3672,13.0036
24.2313,0.526745,0,0.526745,3.06,35.2426,38,1,0,3822,87.1068,91.3689,13.0026
24.2516,0.086857,0,0.086857,3.06,35.2426,28,0,0,3822,87.1068,91.3689,13.0026
24.258,0.003633,0,0.003633,3.04,35.1177,28,0,0,3822,87.1068,91.3689,13.0026
24.2784,0.134231,0,0.134231,3.04,35.1177,28,0,0,3822,87.1068,91.3689,13.0026
24.2819,0.146808,0,0.146808,3.02,34.9929,40,1,0,3823,87.1044,91.3654,13.0016
24.3034,0.39581,0,0.39581,3.02,34.9929,40,1,0,3824,87.1161,91.376,13.0006
24.3067,0.212656,0,0.212656,3,34.868,40,1,0,3825,87.1239,91.3827,12.9996
24.3281,0.117211,0,0.117211,3,34.868,30,0,0,3825,87.1239,91.3827,12.9996
24.3335,0.318743,0,0.318743,2.98,34.7432,40,1,0,3826,87.1343,91.3921,12.9986
24.3549,0.400709,0,0.400709,2.98,34.7432,40,1,0,3827,87.1348,91.3914,12.9976
24.361,0.606446,0,0.606446,2.96,34.6183,42,1,0,3828,87.1601,91.4156,12.9966
24.3805,0.153769,0,0.153769,2.96,34.6183,32,0,0,3828,87.1601,91.4156,12.9966
24.3849,0.406903,0,0.406903,2.94,34.4935,42,1,0,3829,87.1857,91.4401,12.9956
24.4043,0.030842,0,0.030842,2.94,34.4935,32,0,0,3829,87.1857,91.4401,12.9956
24.4074,0.028386,0,0.028386,2.92,34.3686,42,0,0,3829,87.1857,91.4401,12.9956
24.4289,0.45936,0,0.45936,2.92,34.3686,52,1,0,3830,87.2008,91.454,12.9946
24.4321,0.143823,0,0.143823,2.9,34.2438,52,1,0,3831,87.1999,91.4521,12.9936
24.4535,0.436314,0,0.436314,2.9,34.2438,52,1,0,3832,87.2007,91.4517,12.9926
24.4602,0.357867,0,0.357867,2.88,34.1189,52,1,0,3833,87.1965,91.4464,12.9916
24.4803,0.458102,0,0.458102,2.88,34.1189,72,3,0,3834,87.2068,91.4572,12.9906
24.4852,0.081891,0,0.081891,2.86,33.994,42,0,0,3834,87.2068,91.4572,12.9906
24.5054,0.491484,0,0.491484,2.86,33.994,52,1,0,3835,87.2232,91.4725,12.9896
24.5087,0.232827,0,0.232827,2.84,33.8692,52,1,0,3836,87.2331,91.4812,12.9886
24.5298,0.380764,0,0.380764,2.84,33.8692,55,1,0,3837,87.2481,91.4952,12.9876
24.5326,0.062395,0,0.062395,2.82,33.7443,42,0,0,3837,87.2481,91.4952,12.9876
24.5539,0.354401,0,0.354401,2.82,33.7443,52,1,0,3838,87.2546,91.5005,12.9867
24.5567,0.175472,0,0.175472,2.8,33.6195,50,1,0,3839,87.2607,91.5056,12.9857
24.5778,0.886476,0,0.886476,2.8,33.6195,50,1,0,3840,87.2875,91.5312,12.9847
24.5834,0.214016,0,0.214016,2.78,33.4946,50,1,0,3841,87.2887,91.5314,12.9837
24.6034,0.547509,0,0.547509,2.78,33.4946,50,2,0,3842,87.3175,91.5591,12.9827
24.6093,0.042375,0,0.042375,2.76,33.3698,40,0,0,3842,87.3175,91.5591,12.9827
24.6304,0.422279,0,0.422279,2.76,33.3698,50,1,0,3843,87.3388,91.5792,12.9817
24.6335,0.174991,0,0.174991,2.74,33.2449,50,1,0,3844,87.3379,91.5773,12.9807
24.6543,0.002261,0,0.002261,2.74,33.2449,40,0,0,3844,87.3379,91.5773,12.9807
24.6574,0.283442,0,0.283442,2.72,33.1201,58,1,0,3845,87.3607,91.599,12.9797
24.6776,0.052842,0,0.052842,2.72,33.1201,48,0,0,3845,87.3607,91.599,12.9797
24.685,0.746459,0,0.746459,2.7,32.9952,58,1,0,3846,87.3851,91.6222,12.9787
24.7034,0.40622,0,0.40622,2.7,32.9952,58,1,0,3847,87.3972,91.6332,12.9777
24.7098,0.489788,0,0.489788,2.68,31.5448,82,1,0,3848,87.4252,91.6601,12.9768
24.7308,0.468994,0,0.468994,2.68,31.5448,82,1,0,3849,87.4269,91.6607,12.9758
24.7369,0.427707,0,0.427707,2.66,31.3333,90,1,0,3850,87.4429,91.6756,12.9748
24.7576,0.089386,0,0.089386,2.66,31.3333,80,0,0,3850,87.4429,91.6756,12.9748
24.7606,0.240658,0,0.240658,2.64,31.1219,80,1,0,3851,87.4549,91.6866,12.9738
24.7814,0.002267,0,0.002267,2.64,31.1219,70,0,0,3851,87.4549,91.6866,12.9738
24.7844,0.229864,0,0.229864,2.62,30.9104,70,1,0,3852,87.4637,91.6942,12.9728
24.8048,0.361027,0,0.361027,2.62,30.9104,70,1,0,3853,87.4796,91.7091,12.9718
24.8085,0.07483,0,0.07483,2.6,30.6989,60,0,0,3853,87.4796,91.7091,12.9718
24.8302,0.50565,0,0.50565,2.6,30.6989,124,1,0,3854,87.5065,91.7348,12.9708
24.8336,0.256394,0,0.256394,2.58,30.4875,70,1,0,3855,87.518,91.7453,12.9698
24.855,0.228781,0,0.228781,2.58,30.4875,60,0,0,3855,87.518,91.7453,12.9698
24.8605,0.288313,0,0.288313,2.56,30.276,80,1,0,3856,87.5104,91.7365,12.9689
24.8817,0.487273,0,0.487273,2.56,30.276,80,1,0,3857,87.5152,91.7402,12.9679
24.8886,0.709275,0,0.709275,2.54,30.0645,124,0,0,3858,87.5381,91.7621,12.9669
24.9086,0.575791,0,0.575791,2.54,30.0645,80,1,0,3859,87.5704,91.7932,12.9659
24.9123,0.31195,0,0.31195,2.52,29.8531,80,1,0,3860,87.5948,91.8166,12.9649
24.9321,0.112242,0,0.112242,2.52,29.8531,70,0,0,3860,87.5948,91.8166,12.9649
24.9379,0.254783,0,0.254783,2.5,29.6416,90,1,0,3861,87.598,91.8187,12.9639
24.9593,0.159565,0,0.159565,2.5,29.6416,80,0,0,3861,87.598,91.8187,12.9639
24.9662,0.049598,0,0.049598,2.48,29.4301,80,0,0,3861,87.598,91.8187,12.9639
24.9873,0.389526,0,0.389526,2.48,29.4301,90,1,0,3862,87.6124,91.832,12.963
24.9947,0.490486,0,0.490486,2.46,29.2187,100,1,0,3863,87.6143,91.8328,12.962
25.0152,0.300492,0,0.300492,2.46,29.2187,100,1,0,3864,87.617,91.8344,12.961
25.0191,0.820528,0,0.820528,2.44,29.0072,90,1,0,3865,87.644,91.8603,12.96
25.0384,0.125239,0,0.125239,2.44,29.0072,80,0,0,3865,87.644,91.8603,12.96
25.0424,0.362277,0,0.362277,2.42,28.7957,90,1,0,3866,87.672,91.8872,12.959
25.0625,0.481018,0,0.481018,2.42,28.7957,90,1,0,3867,87.6832,91.8973,12.958
25.0666,0.084151,0,0.084151,2.4,28.5843,90,1,0,3868,87.6699,91.8829,12.9571
25.0884,0.426549,0,0.426549,2.4,28.5843,90,1,0,3869,87.6679,91.8798,12.9561
25.0947,0.499977,0,0.499977,2.38,28.3728,90,1,0,3870,87.6907,91.9016,12.9551
25.1158,0.534102,0,0.534102,2.38,28.3728,90,1,0,3871,87.6954,91.9052,12.9541
25.1226,0.207402,0,0.207402,2.36,28.1613,80,0,0,3871,87.6954,91.9052,12.9541
25.1443,0.415948,0,0.415948,2.36,28.1613,90,1,0,3872,87.7051,91.9137,12.9531
25.1474,0.019899,0,0.019899,2.34,27.9499,80,0,0,3872,87.7051,91.9137,12.9531
25.1683,0.607508,0,0.607508,2.34,27.9499,90,1,0,3873,87.7346,91.9422,12.9522
25.1711,0.029866,0,0.029866,2.32,27.7384,80,0,0,3873,87.7346,91.9422,12.9522
25.1922,0.002213,0,0.002213,2.32,27.7384,80,0,0,3873,87.7346,91.9422,12.9522
25.1967,0.111825,0,0.111825,2.3,27.5269,80,0,0,3873,87.7346,91.9422,12.9522
25.2177,0.111513,0,0.111513,2.3,27.5269,80,0,0,3873,87.7346,91.9422,12.9522
25.2232,0.566731,0,0.566731,2.28,27.3155,90,1,0,3874,87.7501,91.9566,12.9512
25.2446,0.607906,0,0.607906,2.28,27.3155,135,1,0,3875,87.7644,91.9698,12.9502
25.2519,0.543944,0,0.543944,2.26,27.104,100,1,0,3876,87.7727,91.977,12.9492
25.2727,0.937333,0,0.937333,2.26,27.104,100,1,0,3877,87.7846,91.9879,12.9482
25.2838,1.13777,0,1.13777,2.24,26.8925,90,1,0,3878,87.8058,92.008,12.9473
25.3013,0.170958,0,0.170958,2.24,26.8925,80,0,0,3878,87.8058,92.008,12.9473
25.3097,0.664193,0,0.664193,2.22,26.6811,80,1,0,3879,87.8239,92.025,12.9463
25.3287,0.555833,0,0.555833,2.22,26.6811,80,1,0,3880,87.8608,92.0608,12.9453
25.3325,0.549473,0,0.549473,2.2,26.4696,80,1,0,3881,87.8704,92.0693,12.9443
25.3533,0.143797,0,0.143797,2.2,26.4696,70,0,0,3881,87.8704,92.0693,12.9443
25.3574,0.258546,0,0.258546,2.18,26.2581,80,1,0,3882,87.8825,92.0804,12.9434
25.378,0.137454,0,0.137454,2.18,26.2581,70,0,0,3882,87.8825,92.0804,12.9434
25.3813,0.340648,0,0.340648,2.16,26.0467,80,1,0,3883,87.9014,92.0981,12.9424
25.4017,0.448035,0,0.448035,2.16,26.0467,80,1,0,3884,87.9163,92.112,12.9414
25.4053,0.051728,0,0.051728,2.14,25.8352,70,0,0,3884,87.9163,92.112,12.9414
25.4254,0.426313,0,0.426313,2.14,25.8352,80,1,0,3885,87.9341,92.1287,12.9404
25.4289,0.284403,0,0.284403,2.12,25.6237,80,1,0,3886,87.9483,92.1418,12.9394
25.4504,0.347347,0,0.347347,2.12,25.6237,80,1,0,3887,87.9532,92.1456,12.9385
25.4539,0.241005,0,0.241005,2.1,25.4123,80,1,0,3888,87.9627,92.1541,12.9375
25.4744,0.018368,0,0.018368,2.1,25.4123,70,0,0,3888,87.9627,92.1541,12.9375
25.4774,0.065869,0,0.065869,2.08,25.2008,70,0,0,3888,87.9627,92.1541,12.9375
25.4978,0.221391,0,0.221391,2.08,25.2008,80,1,0,3889,87.955,92.1453,12.9365
25.501,0.071021,0,0.071021,2.06,24.9893,70,0,0,3889,87.955,92.1453,12.9365
25.5222,0.184975,0,0.184975,2.06,24.9893,80,1,0,3890,87.946,92.1352,12.9355
25.5254,0.176213,0,0.176213,2.04,24.7779,70,0,0,3890,87.946,92.1352,12.9355
25.5469,0.657189,0,0.657189,2.04,24.7779,80,1,0,3891,87.965,92.1532,12.9346
25.5533,0.420548,0,0.420548,2.02,24.5664,70,1,0,3892,87.9725,92.1596,12.9336
25.5743,0.069014,0,0.069014,2.02,24.5664,60,0,0,3892,87.9725,92.1596,12.9336
25.5783,0.097552,0,0.097552,2,24.3549,60,0,0,3892,87.9725,92.1596,12.9336
25.5985,0.208527,0,0.208527,2,24.3549,70,1,0,3893,87.9699,92.1559,12.9326
25.6019,0.219045,0,0.219045,1.98,24.1435,60,1,0,3894,87.9715,92.1564,12.9317
25.6232,0.54038,0,0.54038,1.98,24.1435,60,1,0,3895,88.0085,92.1923,12.9307
25.6294,0.623922,0,0.623922,1.96,23.932,60,1,0,3896,88.0187,92.2015,12.9297
25.6501,0.474108,0,0.474108,1.96,23.932,60,1,0,3897,88.0449,92.2266,12.9287
25.6533,0.279748,0,0.279748,1.94,23.7205,60,1,0,3898,88.0646,92.2453,12.9278
25.6751,0.671091,0,0.671091,1.94,23.7205,60,1,0,3899,88.0754,92.2549,12.9268
25.679,0.019847,0,0.019847,1.92,23.5091,50,0,0,3899,88.0754,92.2549,12.9268
25.7001,0.726138,0,0.726138,1.92,23.5091,60,1,0,3900,88.0918,92.2703,12.9258
25.7064,0.042384,0,0.042384,1.9,23.2976,50,0,0,3900,88.0918,92.2703,12.9258
25.7261,0.003628,0,0.003628,1.9,23.2976,50,0,0,3900,88.0918,92.2703,12.9258
25.7319,0.124667,0,0.124667,1.88,23.0861,50,0,0,3900,88.0918,92.2703,12.9258
25.7527,0.075797,0,0.075797,1.88,23.0861,50,0,0,3900,88.0918,92.2703,12.9258
25.7555,0.06763,0,0.06763,1.86,22.8747,50,0,0,3900,88.0918,92.2703,12.9258
25.7766,0.063088,0,0.063088,1.86,22.8747,50,0,0,3900,88.0918,92.2703,12.9258
25.7795,0.212713,0,0.212713,1.84,22.6632,60,1,0,3901,88.0984,92.2758,12.9248
25.8004,0.642539,0,0.642539,1.84,22.6632,60,1,0,3902,88.1084,92.2847,12.9239
25.8063,0.294785,0,0.294785,1.82,22.4517,60,1,0,3903,88.1148,92.29,12.9229
25.8261,0.787015,0,0.787015,1.82,22.4517,60,1,0,3904,88.1368,92.311,12.9219
25.8314,0.379987,0,0.379987,1.8,22.2402,60,1,0,3905,88.1485,92.3216,12.921
25.8524,0.387209,0,0.387209,1.8,22.2402,60,1,0,3906,88.1615,92.3336,12.92
25.8556,0.163288,0,0.163288,1.78,23.867,40,1,0,3907,88.1572,92.3281,12.919
25.877,0.456288,0,0.456288,1.78,23.867,50,1,0,3908,88.1755,92.3454,12.9181
25.8798,0.042667,0,0.042667,1.76,23.5552,40,0,0,3908,88.1755,92.3454,12.9181
25.9009,0.094963,0,0.094963,1.76,23.5552,40,0,0,3908,88.1755,92.3454,12.9181
25.9042,0.315768,0,0.315768,1.74,23.2433,59,1,0,3909,88.1962,92.3651,12.9171
25.9244,0.175583,0,0.175583,1.74,23.2433,40,0,0,3909,88.1962,92.3651,12.9171
25.9305,0.086929,0,0.086929,1.72,22.9315,40,0,0,3909,88.1962,92.3651,12.9171
25.9524,0.583439,0,0.583439,1.72,22.9315,50,1,0,3910,88.2036,92.3714,12.9161
25.959,0.542151,0,0.542151,1.7,22.6197,50,1,0,3911,88.2383,92.405,12.9152
25.9798,0.359114,0,0.359114,1.7,22.6197,50,1,0,3912,88.2536,92.4192,12.9142
25.9869,0.831094,0,0.831094,1.68,22.3079,50,1,0,3913,88.2883,92.4528,12.9132
26.0073,0.327813,0,0.327813,1.68,22.3079,50,1,0,3914,88.2946,92.4581,12.9123
26.0344,23.9682,23.4253,0.542863,1.66,20.2854,3990,83,0,3915,88.3075,92.4708,12.9113
26.0391,0.002062,0,0.002062,1.64,20.0606,50,0,0,3915,88.3075,92.4708,12.9113
26.0586,0.075048,0,0.075048,1.64,20.0606,50,0,0,3915,88.3075,92.4708,12.9113
26.062,0.25832,0,0.25832,1.62,19.8358,60,1,0,3916,88.3166,92.4788,12.9103
26.0836,0.594384,0,0.594384,1.62,19.8358,60,1,0,3917,88.3337,92.4948,12.9094
26.0884,0.381942,0,0.381942,1.6,19.611,60,1,0,3918,88.3486,92.5087,12.9084
26.1093,0.424216,0,0.424216,1.6,19.611,60,1,0,3919,88.3537,92.5126,12.9074
26.113,0.173572,0,0.173572,1.58,19.3862,60,1,0,3920,88.3469,92.5048,12.9065
26.1342,0.324306,0,0.324306,1.58,19.3862,60,1,0,3921,88.3494,92.5062,12.9055
26.1376,0.353105,0,0.353105,1.56,19.1614,70,1,0,3922,88.3814,92.5372,12.9045
26.1585,0.742296,0,0.742296,1.56,19.1614,70,1,0,3923,88.3987,92.5534,12.9036
26.1622,0.029141,0,0.029141,1.54,18.9367,60,0,0,3923,88.3987,92.5534,12.9036
26.1843,0.083276,0,0.083276,1.54,18.9367,60,0,0,3923,88.3987,92.5534,12.9036
26.1893,0.316097,0,0.316097,1.52,18.7119,70,1,0,3924,88.4077,92.5614,12.9026
26.2117,0.828536,0,0.828536,1.52,18.7119,70,1,0,3925,88.4448,92.5975,12.9016
26.2163,0.116546,0,0.116546,1.5,18.4871,60,0,0,3925,88.4448,92.5975,12.9016
26.238,0.00408,0,0.00408,1.5,18.4871,60,0,0,3925,88.4448,92.5975,12.9016
26.2461,0.248245,0,0.248245,1.48,18.2623,60,0,0,3925,88.4448,92.5975,12.9016
26.2668,0.250739,0,0.250739,1.48,18.2623,70,1,0,3926,88.4417,92.5932,12.9007
26.2725,0.61661,0,0.61661,1.46,18.0375,60,1,0,3927,88.4637,92.6142,12.8997
26.2922,0.143328,0,0.143328,1.46,18.0375,50,0,0,3927,88.4637,92.6142,12.8997
26.2963,0.254546,0,0.254546,1.44,17.8127,60,1,0,3928,88.4743,92.6237,12.8988
26.3162,0.104452,0,0.104452,1.44,17.8127,50,0,0,3928,88.4743,92.6237,12.8988
26.3201,0.169187,0,0.169187,1.42,17.5879,50,1,0,3929,88.4742,92.6226,12.8978
26.3413,0.526217,0,0.526217,1.42,17.5879,50,1,0,3930,88.4855,92.6328,12.8968
26.3466,0.323988,0,0.323988,1.4,17.3631,40,1,0,3931,88.4823,92.6286,12.8959
26.3677,0.165388,0,0.165388,1.4,17.3631,30,0,0,3931,88.4823,92.6286,12.8959
26.3736,0.176778,0,0.176778,1.38,17.1383,30,0,0,3931,88.4823,92.6286,12.8959
26.394,0.435144,0,0.435144,1.38,17.1383,40,1,0,3932,88.4939,92.6391,12.8949
26.4005,0.466097,0,0.466097,1.36,16.9135,40,1,0,3933,88.4986,92.6428,12.8939
26.4192,0.142756,0,0.142756,1.36,16.9135,30,0,0,3933,88.4986,92.6428,12.8939
26.4256,0.361715,0,0.361715,1.34,16.6887,40,1,0,3934,88.5178,92.6609,12.893
26.4466,0.391816,0,0.391816,1.34,16.6887,40,1,0,3935,88.5288,92.6709,12.892
26.4495,0.03835,0,0.03835,1.32,16.4639,30,0,0,3935,88.5288,92.6709,12.892
26.4714,0.188942,0,0.188942,1.32,16.4639,30,0,0,3935,88.5288,92.6709,12.892
26.476,0.029082,0,0.029082,1.3,16.2391,30,0,0,3935,88.5288,92.6709,12.892
26.4982,0.507067,0,0.507067,1.3,16.2391,40,1,0,3936,88.5277,92.6687,12.8911
26.5057,0.892089,0,0.892089,1.28,16.0144,40,1,0,3937,88.5555,92.6955,12.8901
26.5252,0.50138,0,0.50138,1.28,16.0144,40,1,0,3938,88.5785,92.7174,12.8891
26.53,0.309027,0,0.309027,1.26,15.7896,40,1,0,3939,88.5976,92.7355,12.8882
26.5494,0.198896,0,0.198896,1.26,15.7896,40,1,0,3940,88.6023,92.7391,12.8872
26.5518,0.05526,0,0.05526,1.24,15.5648,20,0,0,3940,88.6023,92.7391,12.8872
26.5727,0.050277,0,0.050277,1.24,15.5648,20,0,0,3940,88.6023,92.7391,12.8872
26.5761,0.319566,0,0.319566,1.22,15.34,30,1,0,3941,88.6141,92.7498,12.8863
26.5967,0.047335,0,0.047335,1.22,15.34,20,0,0,3941,88.6141,92.7498,12.8863
26.6,0.28589,0,0.28589,1.2,15.1152,30,1,0,3942,88.6246,92.7593,12.8853
26.6201,0.271795,0,0.271795,1.2,15.1152,30,1,0,3943,88.6335,92.7672,12.8844
26.6232,0.149501,0,0.149501,1.18,14.8904,30,1,0,3944,88.6268,92.7594,12.8834
26.6444,0.459826,0,0.459826,1.18,14.8904,30,1,0,3945,88.656,92.7876,12.8824
26.6478,0.17033,0,0.17033,1.16,14.6656,30,1,0,3946,88.65,92.7805,12.8815
26.6687,0.276478,0,0.276478,1.16,14.6656,30,1,0,3947,88.6529,92.7824,12.8805
26.6723,0.503403,0,0.503403,1.14,14.4408,30,1,0,3948,88.6791,92.8075,12.8796
26.6931,0.469721,0,0.469721,1.14,14.4408,30,1,0,3949,88.7111,92.8384,12.8786
26.6974,0.440758,0,0.440758,1.12,14.216,40,1,0,3950,88.7223,92.8486,12.8777
26.7177,0.603682,0,0.603682,1.12,14.216,40,1,0,3951,88.7492,92.8745,12.8767
26.721,0.048371,0,0.048371,1.1,13.9912,30,0,0,3951,88.7492,92.8745,12.8767
26.7421,0.087955,0,0.087955,1.1,13.9912,30,0,0,3951,88.7492,92.8745,12.8767
26.745,0.035625,0,0.035625,1.08,13.7664,30,0,0,3951,88.7492,92.8745,12.8767
26.7661,0.313723,0,0.313723,1.08,13.7664,40,1,0,3952,88.7591,92.8834,12.8757
26.7697,0.359874,0,0.359874,1.06,13.5416,40,1,0,3953,88.7781,92.9013,12.8748
26.79,0.535919,0,0.535919,1.06,13.5416,40,1,0,3954,88.8035,92.9256,12.8738
26.7941,0.072121,0,0.072121,1.04,13.3168,30,0,0,3954,88.8035,92.9256,12.8738
26.8141,0.321584,0,0.321584,1.04,13.3168,40,1,0,3955,88.797,92.9181,12.8729
26.8184,0.381219,0,0.381219,1.02,13.0921,40,1,0,3956,88.8056,92.9257,12.8719
26.8392,0.067893,0,0.067893,1.02,13.0921,30,0,0,3956,88.8056,92.9257,12.8719
26.8433,0.134639,0,0.134639,1,12.8673,40,0,0,3956,88.8056,92.9257,12.8719
26.8642,0.276759,0,0.276759,1,12.8673,50,1,0,3957,88.8137,92.9328,12.871
26.8673,0.279341,0,0.279341,0.98,12.6425,50,1,0,3958,88.8332,92.9512,12.87
26.8872,0.002327,0,0.002327,0.98,12.6425,40,0,0,3958,88.8332,92.9512,12.87
26.8909,0.363287,0,0.363287,0.96,12.4177,50,1,0,3959,88.8568,92.9737,12.8691
26.9104,0.002657,0,0.002657,0.96,12.4177,40,0,0,3959,88.8568,92.9737,12.8691
26.915,0.397835,0,0.397835,0.94,12.1929,50,1,0,3960,88.8601,92.976,12.8681
26.9363,0.651599,0,0.651599,0.94,12.1929,50,1,0,3961,88.8793,92.9942,12.8672
26.9408,0.072895,0,0.072895,0.92,11.9681,40,0,0,3961,88.8793,92.9942,12.8672
26.9615,0.064569,0,0.064569,0.92,11.9681,40,0,0,3961,88.8793,92.9942,12.8672
26.9647,0.166618,0,0.166618,0.9,11.7433,50,1,0,3962,88.8773,92.9912,12.8662
26.985,0.404132,0,0.404132,0.9,11.7433,50,1,0,3963,88.8991,93.0119,12.8653
26.9881,0.061624,0,0.061624,0.88,11.5185,40,0,0,3963,88.8991,93.0119,12.8653
27.0089,0.090048,0,0.090048,0.88,11.5185,40,0,0,3963,88.8991,93.0119,12.8653
27.0142,2.23933,2.23767,0.001661,0.86,11.2937,483,0,0,3963,88.8991,93.0119,12.8653
27.0333,0.521394,0,0.521394,0.86,11.2937,60,1,0,3964,88.9321,93.0439,12.8643
27.0366,0.306117,0,0.306117,0.84,11.0689,60,1,0,3965,88.9359,93.0467,12.8634
27.0574,0.091507,0,0.091507,0.84,11.0689,50,0,0,3965,88.9359,93.0467,12.8634
27.0608,0.052294,0,0.052294,0.82,10.8441,50,0,0,3965,88.9359,93.0467,12.8634
27.0812,0.320615,0,0.320615,0.82,10.8441,60,1,0,3966,88.9405,93.0502,12.8624
27.0844,0.002099,0,0.002099,0.8,10.6193,50,0,0,3966,88.9405,93.0502,12.8624
27.1054,0.280966,0,0.280966,0.8,10.6193,60,1,0,3967,88.9468,93.0555,12.8615
27.1085,0.240275,0,0.240275,0.78,10.3945,60,1,0,3968,88.9584,93.066,12.8605
27.1293,0.273759,0,0.273759,0.78,10.3945,60,1,0,3969,88.968,93.0746,12.8596
27.1322,0.072229,0,0.072229,0.76,10.1698,50,0,0,3969,88.968,93.0746,12.8596
27.1526,0.259919,0,0.259919,0.76,10.1698,60,1,0,3970,88.9713,93.0768,12.8586
27.1562,0.050189,0,0.050189,0.74,9.94496,50,0,0,3970,88.9713,93.0768,12.8586
27.1758,0.0461,0,0.0461,0.74,9.94496,50,0,0,3970,88.9713,93.0768,12.8586
27.1792,0.38385,0,0.38385,0.72,9.72017,60,1,0,3971,88.9937,93.0982,12.8577
27.1999,0.349903,0,0.349903,0.72,9.72017,96,1,0,3972,89.0091,93.1125,12.8567
27.2034,0.442122,0,0.442122,0.7,9.49538,50,1,0,3973,89.0443,93.1467,12.8558
27.2238,0.050058,0,0.050058,0.7,9.49538,40,0,0,3973,89.0443,93.1467,12.8558
27.2303,0.476461,0,0.476461,0.68,9.27058,50,1,0,3974,89.0508,93.1522,12.8548
27.2481,0.063417,0,0.063417,0.68,9.27058,40,0,0,3974,89.0508,93.1522,12.8548
27.2508,0.319297,0,0.319297,0.66,9.04579,50,1,0,3975,89.0757,93.1761,12.8539
27.2713,0.048395,0,0.048395,0.66,9.04579,40,0,0,3975,89.0757,93.1761,12.8539
27.2745,0.300619,0,0.300619,0.64,8.821,50,1,0,3976,89.0936,93.1929,12.8529
27.2952,0.128808,0,0.128808,0.64,8.821,40,0,0,3976,89.0936,93.1929,12.8529
27.2987,0.31884,0,0.31884,0.62,8.59621,50,1,0,3977,89.1192,93.2175,12.852
27.3195,0.328666,0,0.328666,0.62,8.59621,50,1,0,3978,89.134,93.2313,12.851
27.3226,0.033879,0,0.033879,0.6,8.37141,40,0,0,3978,89.134,93.2313,12.851
27.3431,0.392188,0,0.392188,0.6,8.37141,50,1,0,3979,89.151,93.2473,12.8501
27.3461,0.12278,0,0.12278,0.58,8.14662,50,1,0,3980,89.1427,93.2379,12.8491
27.367,0.282737,0,0.282737,0.58,8.14662,50,1,0,3981,89.149,93.2432,12.8482
27.3698,0.055918,0,0.055918,0.56,7.92183,30,0,0,3981,89.149,93.2432,12.8482
27.391,0.393146,0,0.393146,0.56,7.92183,40,1,0,3982,89.168,93.2612,12.8472
27.3941,0.036255,0,0.036255,0.54,7.69704,30,0,0,3982,89.168,93.2612,12.8472
27.4145,0.32125,0,0.32125,0.54,7.69704,40,1,0,3983,89.1762,93.2684,12.8463
27.4181,0.18198,0,0.18198,0.52,7.43992,20,1,0,3984,89.1749,93.2661,12.8453
27.438,0.433241,0,0.433241,0.52,7.43992,30,1,0,3985,89.191,93.2811,12.8444
27.4412,0.243988,0,0.243988,0.5,7.15377,30,1,0,3986,89.1979,93.287,12.8435
27.462,0.260436,0,0.260436,0.5,7.15377,30,1,0,3987,89.1984,93.2864,12.8425
27.4656,0.212801,0,0.212801,0.48,6.86762,30,1,0,3988,89.2019,93.2889,12.8416
27.4865,0.3536,0,0.3536,0.48,6.86762,30,1,0,3989,89.2128,93.2988,12.8406
27.4901,0.395866,0,0.395866,0.46,6.58147,30,1,0,3990,89.2441,93.3291,12.8397
27.5101,0.259374,0,0.259374,0.46,6.58147,30,1,0,3991,89.2463,93.3302,12.8387
27.5133,0.142449,0,0.142449,0.44,6.29532,20,0,0,3992,89.2397,93.3226,12.8378
27.5348,0.450273,0,0.450273,0.44,6.29532,30,1,0,3993,89.2484,93.3303,12.8369
27.5387,0.092202,0,0.092202,0.42,6.00916,20,0,0,3993,89.2484,93.3303,12.8369
27.5592,0.073366,0,0.073366,0.42,6.00916,20,0,0,3993,89.2484,93.3303,12.8369
27.5619,0.349429,0,0.349429,0.4,5.72301,30,1,0,3994,89.2692,93.35,12.8359
27.5822,0.401808,0,0.401808,0.4,5.72301,30,1,0,3995,89.2834,93.3632,12.835
27.5865,0.194079,0,0.194079,0.38,5.43686,30,1,0,3996,89.2843,93.3631,12.834
27.6061,0.111404,0,0.111404,0.38,5.43686,20,0,0,3996,89.2843,93.3631,12.834
27.6105,0.496723,0,0.496723,0.36,5.15071,30,1,0,3997,89.3152,93.393,12.8331
27.6313,0.499277,0,0.499277,0.36,5.15071,30,1,0,3998,89.3409,93.4177,12.8321
27.6407,5.64708,5.3304,0.316677,0.34,4.86456,479,4,0,3999,89.3543,93.4301,12.8312
27.6561,0.35025,0,0.35025,0.34,4.86456,30,1,0,4000,89.3618,93.4365,12.8303
27.6597,0.025873,0,0.025873,0.32,4.57841,20,0,0,4000,89.3618,93.4365,12.8303
27.6804,0.599346,0,0.599346,0.32,4.57841,30,1,0,4001,89.3857,93.4594,12.8293
27.685,0.298859,0,0.298859,0.3,4.29226,30,1,0,4002,89.4008,93.4735,12.8284
27.7043,0.095743,0,0.095743,0.3,4.29226,20,0,0,4002,89.4008,93.4735,12.8284
27.7078,0.203761,0,0.203761,0.28,4.00611,30,1,0,4003,89.4042,93.4759,12.8274
27.7286,0.288115,0,0.288115,0.28,4.00611,30,1,0,4004,89.4141,93.4848,12.8265
27.7318,0.144484,0,0.144484,0.26,3.71996,30,1,0,4005,89.4087,93.4784,12.8256
27.7528,0.359579,0,0.359579,0.26,3.71996,30,1,0,4006,89.4249,93.4935,12.8246
27.7563,0.446639,0,0.446639,0.24,3.43381,30,1,0,4007,89.4594,93.5271,12.8237
27.7762,0.068823,0,0.068823,0.24,3.43381,20,0,0,4007,89.4594,93.5271,12.8237
27.7816,0.492576,0,0.492576,0.22,3.14766,30,1,0,4008,89.4768,93.5434,12.8228
27.8012,0.285692,0,0.285692,0.22,3.14766,30,1,0,4009,89.4884,93.554,12.8218
27.8051,0.165999,0,0.165999,0.2,2.86151,20,0,0,4009,89.4884,93.554,12.8218
27.8259,0.475569,0,0.475569,0.2,2.86151,30,1,0,4010,89.5145,93.5791,12.8209
27.8287,0.306101,0,0.306101,0.18,2.57536,30,1,0,4011,89.5425,93.6061,12.8199
27.8495,0.302858,0,0.302858,0.18,2.57536,30,1,0,4012,89.5523,93.6149,12.819
27.8525,0.161489,0,0.161489,0.16,2.28921,30,1,0,4013,89.5544,93.616,12.8181
27.8725,0.063269,0,0.063269,0.16,2.28921,20,0,0,4013,89.5544,93.616,12.8181
27.8756,0.001534,0,0.001534,0.14,2.00305,20,0,0,4013,89.5544,93.616,12.8181
27.8964,0.040573,0,0.040573,0.14,2.00305,20,0,0,4013,89.5544,93.616,12.8181
27.8998,0.304237,0,0.304237,0.12,1.7169,30,1,0,4014,89.5655,93.6261,12.8171
27.9202,0.001883,0,0.001883,0.12,1.7169,20,0,0,4014,89.5655,93.6261,12.8171
27.9235,0.372617,0,0.372617,0.1,1.43075,30,1,0,4015,89.5811,93.6406,12.8162
27.9433,0.03022,0,0.03022,0.1,1.43075,20,0,0,4015,89.5811,93.6406,12.8162
27.9472,0.276663,0,0.276663,0.08,1.1446,30,1,0,4016,89.5981,93.6566,12.8153
27.9666,0.132064,0,0.132064,0.08,1.1446,20,0,0,4016,89.5981,93.6566,12.8153
27.9698,0.001384,0,0.001384,0.06,0.858452,20,0,0,4016,89.5981,93.6566,12.8153
27.9907,0.083477,0,0.083477,0.06,0.858452,20,0,0,4016,89.5981,93.6566,12.8153
27.9939,0.271891,0,0.271891,0.04,0.572301,30,1,0,4017,89.6109,93.6684,12.8143
28.0153,0.038643,0,0.038643,0.04,0.572301,20,0,0,4017,89.6109,93.6684,12.8143
