elapsed_s,total_latency_ms,update_ms,plan_ms,time_to_goal,path_cost,obstacle_checks,queue_operations,collision_count,tree_size,avg_deg_out,avg_deg_in,radius
0.0991015,98.3566,40.0536,58.3031,25,154.613,12219,486,0,535,14.0224,14.0224,40
0.125353,24.2036,0,24.2036,24.98,162.411,3137,76,0,539,14.0538,14.0538,40
0.130427,3.29644,0,3.29644,24.96,162.256,312,3,0,541,14.1091,14.1091,40
0.161774,14.2022,0,14.2022,24.96,162.256,987,0,0,542,14.2786,14.2786,40
0.164105,0.455823,0,0.455823,24.94,162.101,99,0,0,542,14.2786,14.2786,40
0.184514,0.303614,0,0.303614,24.94,162.101,99,0,0,542,14.2786,14.2786,40
0.196194,10.0566,0,10.0566,24.92,161.946,467,8,0,545,14.4991,14.4991,40
0.21088,3.8851,0,3.8851,24.92,161.946,143,5,0,548,14.4763,14.4763,40
0.213095,0.706598,0,0.706598,24.9,161.791,146,2,0,550,14.4491,14.4491,40
0.237013,3.7947,0,3.7947,24.9,161.791,238,4,0,553,14.4774,14.4774,40
0.243074,4.33978,0,4.33978,24.88,161.635,303,0,0,554,14.491,14.491,40
0.26571,6.16286,0,6.16286,24.88,161.635,151,4,0,556,14.5144,14.5144,40
0.278992,11.6422,0,11.6422,24.86,161.479,397,4,0,558,14.8172,14.8172,40
0.288768,0.763544,0,0.763544,24.86,161.479,115,2,0,559,14.7979,14.7979,40
0.294113,3.33355,0,3.33355,24.84,161.322,157,2,0,561,14.7861,14.7861,40
0.319516,8.00293,0,8.00293,24.84,161.322,362,20,0,564,14.8901,14.8901,40
0.327233,5.26521,0,5.26521,24.82,161.166,161,0,0,565,14.9062,14.9062,40
0.35005,7.9275,0,7.9275,24.82,161.166,356,4,0,567,15.0776,15.0776,40
0.352108,0.423731,0,0.423731,24.8,161.008,106,0,0,567,15.0776,15.0776,40
0.376469,3.93199,0,3.93199,24.8,161.008,132,4,0,569,15.0615,15.0615,40
0.379497,0.982795,0,0.982795,24.78,160.85,157,0,0,570,15.0596,15.0596,40
0.406169,6.95052,0,6.95052,24.78,160.85,181,4,0,572,15.1364,15.1364,40
0.411665,3.08822,0,3.08822,24.76,160.692,117,2,0,573,15.1553,15.1553,40
0.430759,1.64771,0,1.64771,24.76,160.692,143,1,0,575,15.1391,15.1391,40
0.432596,0.235453,0,0.235453,24.74,160.532,107,0,0,575,15.1391,15.1391,40
0.454367,0.879789,0,0.879789,24.74,160.532,122,1,0,577,15.0901,15.0901,40
0.464728,7.74225,0,7.74225,24.72,160.373,228,0,0,578,15.2128,15.2128,40
0.482907,5.42216,0,5.42216,24.72,160.373,267,3,0,580,15.2397,15.2397,40
0.485321,0.253616,0,0.253616,24.7,160.212,113,0,0,580,15.2397,15.2397,40
0.509453,3.00396,0,3.00396,24.7,160.212,278,13,0,584,15.2003,15.2003,40
0.518568,7.34727,0,7.34727,24.68,160.05,282,6,0,586,15.3601,15.3601,40
0.536489,4.70269,0,4.70269,24.68,160.05,145,2,0,587,15.3748,15.3748,40
0.53887,0.309423,0,0.309423,24.66,159.888,127,0,0,587,15.3748,15.3748,40
0.561979,3.06182,0,3.06182,24.66,159.888,268,2,0,589,15.3599,15.3599,40
0.566411,2.21954,0,2.21954,24.64,159.725,158,0,0,591,15.3198,15.3198,40
0.587877,3.48084,0,3.48084,24.64,159.725,169,2,0,593,15.2799,15.2799,40
0.591118,1.24482,0,1.24482,24.62,159.561,155,3,0,595,15.2655,15.2655,40
0.613565,3.43352,0,3.43352,24.62,159.561,147,3,0,597,15.2395,15.2395,40
0.616044,0.512919,0,0.512919,24.6,159.395,130,0,0,597,15.2395,15.2395,40
0.639883,3.50272,0,3.50272,24.6,159.395,145,0,0,598,15.2391,15.2391,40
0.642046,0.255631,0,0.255631,24.58,159.229,130,0,0,598,15.2391,15.2391,40
0.663382,0.779393,0,0.779393,24.58,159.229,152,2,0,599,15.2287,15.2287,40
0.665651,0.312816,0,0.312816,24.56,159.062,131,0,0,599,15.2287,15.2287,40
0.687324,0.789529,0,0.789529,24.56,159.062,135,0,0,600,15.2067,15.2067,40
0.697893,8.45178,0,8.45178,24.54,158.893,320,6,0,604,15.3179,15.3179,40
0.71501,4.78937,0,4.78937,24.54,158.893,190,4,0,606,15.3498,15.3498,40
0.725479,7.48283,0,7.48283,24.52,158.724,264,6,0,609,15.4089,15.4089,40
0.740749,2.6373,0,2.6373,24.52,158.724,171,6,0,612,15.3644,15.3644,40
0.749048,6.60316,0,6.60316,24.5,158.553,301,0,0,613,15.4209,15.4209,40
0.767147,3.41943,0,3.41943,24.5,158.553,153,2,0,614,15.4202,15.4202,40
0.774247,5.35216,0,5.35216,24.48,158.381,346,0,0,615,15.4894,15.4894,40
0.790233,0.271971,0,0.271971,24.48,158.381,131,0,0,615,15.4894,15.4894,40
0.794837,2.5661,0,2.5661,24.46,158.207,208,0,0,616,15.5016,15.5016,40
0.818292,5.45723,0,5.45723,24.46,158.207,212,4,0,619,15.5057,15.5057,40
0.824599,4.37581,0,4.37581,24.44,158.033,432,4,0,621,15.6715,15.6715,40
0.841662,0.462188,0,0.462188,24.44,158.033,131,0,0,621,15.6715,15.6715,40
0.857733,13.3061,0,13.3061,24.42,157.856,627,14,0,624,15.8798,15.8798,40
0.870679,5.59214,0,5.59214,24.42,157.856,400,0,0,625,15.9024,15.9024,40
0.876675,3.90226,0,3.90226,24.4,157.679,160,3,0,628,15.9013,15.9013,40
0.895226,1.67237,0,1.67237,24.4,157.679,171,2,0,629,15.9014,15.9014,40
0.898988,1.84904,0,1.84904,24.38,157.5,174,2,0,630,15.9111,15.9111,40
0.921569,3.39359,0,3.39359,24.38,157.5,269,4,0,631,15.9921,15.9921,40
0.93096,7.37792,0,7.37792,24.36,157.32,314,6,0,633,16.2085,16.2085,40
0.948466,4.10467,0,4.10467,24.36,157.32,170,3,0,635,16.1843,16.1843,40
0.953046,2.68758,0,2.68758,24.34,157.138,252,4,0,638,16.1834,16.1834,40
0.973222,1.9007,0,1.9007,24.34,157.138,207,3,0,640,16.2094,16.2094,40
0.976276,0.887539,0,0.887539,24.32,156.954,155,0,0,640,16.2094,16.2094,40
0.997385,0.402829,0,0.402829,24.32,156.954,155,0,0,640,16.2094,16.2094,40
1.00943,8.60116,0,8.60116,24.3,156.769,478,16,0,643,16.2939,16.2939,40
1.02246,1.73537,0,1.73537,24.3,156.769,155,0,0,643,16.2939,16.2939,40
1.02987,4.15245,0,4.15245,24.28,156.582,246,4,0,646,16.2616,16.2616,40
1.0457,0.236854,0,0.236854,24.28,156.582,159,0,0,646,16.2616,16.2616,40
1.04855,0.4512,0,0.4512,24.26,156.394,169,1,0,647,16.2396,16.2396,40
1.06925,2.02027,0,2.02027,24.26,156.394,63,3,0,649,16.2188,16.2188,40
1.07449,4.1953,0,4.1953,24.24,156.204,112,3,0,652,16.2209,16.2209,40
1.09461,3.78005,0,3.78005,24.24,156.204,111,2,0,653,16.3032,16.3032,40
1.1036,8.12274,0,8.12274,24.22,156.012,305,5,0,655,16.374,16.374,40
1.13434,18.2588,0,18.2588,24.22,156.012,622,12,0,658,16.6003,16.6003,40
1.1371,1.72625,0,1.72625,24.2,155.818,25,0,0,659,16.5827,16.5827,40
1.15691,1.08127,0,1.08127,24.2,155.818,20,0,0,659,16.5827,16.5827,40
1.16499,6.98309,0,6.98309,24.18,155.623,50,4,0,662,16.5514,16.5514,40
1.17929,1.05336,0,1.05336,24.18,155.623,20,0,0,662,16.5514,16.5514,40
1.18377,3.50324,0,3.50324,24.16,155.426,144,4,0,665,16.6241,16.6241,40
1.20389,2.93684,0,2.93684,24.16,155.426,60,2,0,667,16.5847,16.5847,40
1.21288,7.42612,0,7.42612,24.14,155.227,40,3,0,669,16.5456,16.5456,40
1.23589,10.2936,0,10.2936,24.14,155.227,167,7,0,672,16.6235,16.6235,40
1.2485,11.0797,0,11.0797,24.12,155.027,114,4,0,674,16.6706,16.6706,40
1.2626,5.11268,0,5.11268,24.12,155.027,176,2,0,675,16.7881,16.7881,40
1.26922,5.72911,0,5.72911,24.1,154.824,40,4,0,677,16.7622,16.7622,40
1.28793,3.97818,0,3.97818,24.1,154.824,30,2,0,678,16.7419,16.7419,40
1.2924,3.32022,0,3.32022,24.08,154.619,30,2,0,679,16.7393,16.7393,40
1.31201,2.70991,0,2.70991,24.08,154.619,51,2,0,680,16.7206,16.7206,40
1.31316,0.374035,0,0.374035,24.06,154.413,20,0,0,680,16.7206,16.7206,40
1.33433,0.988625,0,0.988625,24.06,154.413,20,0,0,680,16.7206,16.7206,40
1.35865,22.9787,0,22.9787,24.04,154.206,245,6,0,682,16.7771,16.7771,40
1.36562,5.80346,0,5.80346,24.02,153.998,332,2,0,684,16.848,16.848,40
1.38349,3.28002,0,3.28002,24.02,153.998,121,2,0,685,16.8628,16.8628,40
1.3872,2.27413,0,2.27413,24,153.789,20,0,0,686,16.8426,16.8426,40
1.40568,0.385228,0,0.385228,24,153.789,20,0,0,686,16.8426,16.8426,40
1.41421,6.89385,0,6.89385,23.98,153.58,144,11,0,688,16.9142,16.9142,40
1.43188,4.24562,0,4.24562,23.98,153.58,169,2,0,690,16.9855,16.9855,40
1.4359,3.3155,0,3.3155,23.96,153.37,128,2,0,691,17.0116,17.0116,40
1.46019,7.16335,0,7.16335,23.96,153.37,85,4,0,694,17.0793,17.0793,40
1.46915,8.18072,0,8.18072,23.94,153.159,380,2,0,696,17.1207,17.1207,40
1.48804,6.65795,0,6.65795,23.94,153.159,210,4,0,699,17.1173,17.1173,40
1.48948,0.606947,0,0.606947,23.92,152.948,20,0,0,699,17.1173,17.1173,40
1.51535,6.1643,0,6.1643,23.92,152.948,150,3,0,701,17.127,17.127,40
1.51717,0.51552,0,0.51552,23.9,152.736,20,0,0,701,17.127,17.127,40
1.54234,5.47156,0,5.47156,23.9,152.736,88,2,0,702,17.141,17.141,40
1.54759,3.76035,0,3.76035,23.88,152.523,85,3,0,704,17.1477,17.1477,40
1.57206,7.85229,0,7.85229,23.88,152.523,38,2,0,705,17.1291,17.1291,40
1.57911,5.59502,0,5.59502,23.86,152.323,38,2,0,706,17.1289,17.1289,40
1.59668,2.78636,0,2.78636,23.86,152.323,25,0,0,706,17.1289,17.1289,40
1.60861,10.1714,0,10.1714,23.84,152.13,273,1,0,708,17.1667,17.1667,40
1.61945,0.786225,0,0.786225,23.84,152.13,25,0,0,708,17.1667,17.1667,40
1.62265,2.17946,0,2.17946,23.82,151.937,50,3,0,710,17.1493,17.1493,40
1.65147,10.369,0,10.369,23.82,151.937,332,3,0,713,17.1851,17.1851,40
1.66142,8.93561,0,8.93561,23.8,151.743,164,7,0,717,17.2678,17.2678,40
1.67785,5.21111,0,5.21111,23.8,151.743,92,2,0,718,17.3022,17.3022,40
1.67991,0.56947,0,0.56947,23.78,151.552,25,0,0,718,17.3022,17.3022,40
1.70141,1.94067,0,1.94067,23.78,151.552,51,1,0,720,17.2792,17.2792,40
1.70978,7.36484,0,7.36484,23.76,151.384,55,5,0,723,17.2808,17.2808,40
1.72425,1.29761,0,1.29761,23.76,151.384,59,0,0,724,17.2735,17.2735,40
1.72623,0.983416,0,0.983416,23.74,151.217,36,1,0,725,17.2524,17.2524,40
1.74682,0.971335,0,0.971335,23.74,151.217,26,0,0,725,17.2524,17.2524,40
1.75783,9.32746,0,9.32746,23.72,151.05,201,14,0,729,17.2661,17.2661,40
1.77024,1.44951,0,1.44951,23.72,151.05,26,0,0,729,17.2661,17.2661,40
1.78327,11.1316,0,11.1316,23.7,150.883,88,5,0,732,17.2951,17.2951,40
1.79392,1.22943,0,1.22943,23.7,150.883,37,1,0,734,17.2507,17.2507,40
1.79628,1.06453,0,1.06453,23.68,150.716,47,0,0,735,17.2408,17.2408,40
1.81841,2.71202,0,2.71202,23.68,150.716,131,2,0,737,17.2673,17.2673,40
1.82269,3.23884,0,3.23884,23.66,150.548,47,2,0,738,17.2805,17.2805,40
1.84084,0.980774,0,0.980774,23.66,150.548,61,0,0,739,17.2666,17.2666,40
1.84712,4.98547,0,4.98547,23.64,150.381,47,2,0,740,17.2541,17.2541,40
1.8635,1.39413,0,1.39413,23.64,150.381,51,0,0,741,17.2497,17.2497,40
1.86488,0.304185,0,0.304185,23.62,150.214,37,0,0,741,17.2497,17.2497,40
1.88586,0.719929,0,0.719929,23.62,150.214,46,0,0,742,17.2412,17.2412,40
1.88732,0.313455,0,0.313455,23.6,150.047,41,0,0,743,17.2194,17.2194,40
1.90999,2.54714,0,2.54714,23.6,150.047,92,2,0,744,17.2245,17.2245,40
1.91465,3.43081,0,3.43081,23.58,149.88,67,2,0,746,17.2024,17.2024,40
1.94142,9.68738,0,9.68738,23.58,149.88,160,6,0,747,17.2784,17.2784,40
1.94286,0.261221,0,0.261221,23.56,149.713,37,0,0,747,17.2784,17.2784,40
1.964,0.961479,0,0.961479,23.56,149.713,37,0,0,748,17.2567,17.2567,40
1.96736,1.43755,0,1.43755,23.54,149.545,42,0,0,749,17.235,17.235,40
2.00268,15.9021,0,15.9021,23.54,149.545,79,4,0,751,17.2224,17.2224,40
2.01859,14.9509,0,14.9509,23.52,149.378,636,25,0,754,17.3024,17.3024,40
2.02914,4.88236,0,4.88236,23.52,149.378,77,5,0,756,17.3373,17.3373,40
2.03374,3.58534,0,3.58534,23.5,149.211,182,2,0,758,17.3496,17.3496,40
2.05366,2.87481,0,2.87481,23.5,149.211,110,2,0,759,17.3755,17.3755,40
2.05502,0.365893,0,0.365893,23.48,149.044,38,0,0,759,17.3755,17.3755,40
2.0782,2.86817,0,2.86817,23.48,149.044,56,2,0,760,17.3579,17.3579,40
2.08194,2.63496,0,2.63496,23.46,148.877,48,2,0,761,17.3653,17.3653,40
2.10126,1.80778,0,1.80778,23.46,148.877,58,2,0,763,17.3565,17.3565,40
2.10256,0.124734,0,0.124734,23.44,148.709,38,0,0,763,17.3565,17.3565,40
2.12578,2.87134,0,2.87134,23.44,148.709,68,1,0,765,17.3255,17.3255,40
2.12895,2.06525,0,2.06525,23.42,148.542,48,2,0,766,17.3225,17.3225,40
2.15414,6.62321,0,6.62321,23.42,148.542,94,4,0,768,17.3555,17.3555,40
2.16496,8.69284,0,8.69284,23.4,148.375,356,4,0,772,17.3847,17.3847,40
2.17741,0.86796,0,0.86796,23.4,148.375,38,0,0,772,17.3847,17.3847,40
2.18372,5.0375,0,5.0375,23.38,148.208,48,2,0,773,17.436,17.436,40
2.20215,3.11123,0,3.11123,23.38,148.208,182,1,0,774,17.4354,17.4354,40
2.21718,13.8423,0,13.8423,23.36,148.041,134,5,0,777,17.4762,17.4762,40
2.23504,11.5529,0,11.5529,23.36,148.041,501,16,0,779,17.5905,17.5905,40
2.23634,0.405514,0,0.405514,23.34,147.874,38,0,0,779,17.5905,17.5905,40
2.26104,4.46303,0,4.46303,23.34,147.874,121,2,0,782,17.5831,17.5831,40
2.26954,7.62808,0,7.62808,23.32,147.706,392,23,0,784,17.7003,17.7003,40
2.28868,6.37312,0,6.37312,23.32,147.706,152,4,0,787,17.7179,17.7179,40
2.28999,0.328138,0,0.328138,23.3,147.539,38,0,0,787,17.7179,17.7179,40
2.31491,4.61136,0,4.61136,23.3,147.539,153,3,0,790,17.6987,17.6987,40
2.32122,4.82129,0,4.82129,23.28,147.372,100,2,0,791,17.7434,17.7434,40
2.3409,4.06093,0,4.06093,23.28,147.372,80,3,0,793,17.7465,17.7465,40
2.34282,0.934413,0,0.934413,23.26,147.205,48,1,0,794,17.7292,17.7292,40
2.36723,4.89107,0,4.89107,23.26,147.205,49,2,0,795,17.7157,17.7157,40
2.37236,3.61708,0,3.61708,23.24,147.038,73,2,0,797,17.6926,17.6926,40
2.39257,3.25258,0,3.25258,23.24,147.038,70,1,0,799,17.6533,17.6533,40
2.39796,3.99619,0,3.99619,23.22,146.87,165,3,0,801,17.7066,17.7066,40
2.42468,9.77512,0,9.77512,23.22,146.87,96,7,0,805,17.805,17.805,40
2.43634,10.2374,0,10.2374,23.2,146.703,75,4,0,808,17.7698,17.7698,40
2.44907,2.66145,0,2.66145,23.2,146.703,193,2,0,809,17.8059,17.8059,40
2.45253,2.1469,0,2.1469,23.18,146.536,102,2,0,810,17.8198,17.8198,40
2.47526,4.30275,0,4.30275,23.18,146.536,100,5,0,812,17.8227,17.8227,40
2.48543,8.35733,0,8.35733,23.16,146.369,344,15,0,814,17.871,17.871,40
2.49944,2.16108,0,2.16108,23.16,146.369,71,2,0,816,17.8431,17.8431,40
2.50814,7.22973,0,7.22973,23.14,146.202,67,3,0,819,17.7863,17.7863,40
2.52338,2.11834,0,2.11834,23.14,146.202,55,1,0,820,17.8195,17.8195,40
2.52659,2.05314,0,2.05314,23.12,146.035,50,2,0,821,17.8088,17.8088,40
2.54629,1.13732,0,1.13732,23.12,146.035,40,0,0,821,17.8088,17.8088,40
2.55029,2.82079,0,2.82079,23.1,145.867,69,3,0,824,17.8119,17.8119,40
2.58538,16.9598,0,16.9598,23.1,145.867,867,11,0,828,18.0374,18.0374,40
2.59843,11.8224,0,11.8224,23.08,145.7,734,1,0,830,18.088,18.088,40
2.60919,2.21469,0,2.21469,23.08,145.7,89,4,0,831,18.1059,18.1059,40
2.61689,6.49252,0,6.49252,23.06,145.533,124,2,0,833,18.102,18.102,40
2.63398,3.11515,0,3.11515,23.06,145.533,84,2,0,834,18.0971,18.0971,40
2.63926,3.60363,0,3.60363,23.04,145.366,52,2,0,835,18.1114,18.1114,40
2.65706,1.28324,0,1.28324,23.04,145.366,40,0,0,835,18.1114,18.1114,40
2.66246,3.97398,0,3.97398,23.02,145.199,153,3,0,837,18.1398,18.1398,40
2.68006,1.03829,0,1.03829,23.02,145.199,40,0,0,837,18.1398,18.1398,40
2.68746,5.68751,0,5.68751,23,145.031,157,4,0,839,18.1847,18.1847,40
2.71236,9.72739,0,9.72739,23,145.031,301,13,0,841,18.3115,18.3115,40
2.71444,0.765407,0,0.765407,22.98,144.864,40,0,0,841,18.3115,18.3115,40
2.73538,1.15202,0,1.15202,22.98,144.864,44,0,0,842,18.2957,18.2957,40
2.73973,2.70957,0,2.70957,22.96,144.697,50,2,0,844,18.3009,18.3009,40
2.75803,0.807439,0,0.807439,22.96,144.697,50,1,0,845,18.2888,18.2888,40
2.76216,2.82578,0,2.82578,22.94,144.53,41,0,0,845,18.2888,18.2888,40
2.78449,4.45068,0,4.45068,22.94,144.53,51,2,0,846,18.3499,18.3499,40
2.79102,5.54753,0,5.54753,22.92,144.363,229,3,0,848,18.4434,18.4434,40
2.80999,3.68724,0,3.68724,22.92,144.363,54,2,0,849,18.4747,18.4747,40
2.81173,0.45422,0,0.45422,22.9,144.196,41,0,0,849,18.4747,18.4747,40
2.83434,2.82397,0,2.82397,22.9,144.196,66,2,0,850,18.4671,18.4671,40
2.84218,6.43653,0,6.43653,22.88,144.028,78,2,0,852,18.52,18.52,40
2.87177,15.6829,0,15.6829,22.88,144.028,396,8,0,854,18.7389,18.7389,40
2.87848,5.25756,0,5.25756,22.86,143.861,87,4,0,857,18.7071,18.7071,40
2.89699,3.72219,0,3.72219,22.86,143.861,56,2,0,858,18.6981,18.6981,40
2.90787,9.24126,0,9.24126,22.84,143.694,307,2,0,860,18.7826,18.7826,40
2.92818,9.5113,0,9.5113,22.84,143.694,124,4,0,862,18.7865,18.7865,40
2.93817,8.44098,0,8.44098,22.82,143.527,284,6,0,866,18.8395,18.8395,40
2.9512,1.02726,0,1.02726,22.82,143.527,41,0,0,866,18.8395,18.8395,40
2.95455,1.76584,0,1.76584,22.8,143.36,95,0,0,867,18.8431,18.8431,40
2.97625,2.88235,0,2.88235,22.8,143.36,51,2,0,868,18.8399,18.8399,40
2.98328,5.5519,0,5.5519,22.78,143.192,180,2,0,871,18.8175,18.8175,40
3.0007,2.48518,0,2.48518,22.78,143.192,51,2,0,872,18.82,18.82,40
3.01554,13.0097,0,13.0097,22.76,143.025,385,4,0,875,18.904,18.904,40
3.02396,1.06924,0,1.06924,22.76,143.025,51,0,0,876,18.8836,18.8836,40
3.02766,2.29146,0,2.29146,22.74,142.858,125,0,0,877,18.9042,18.9042,40
3.05413,8.0397,0,8.0397,22.74,142.858,68,2,0,878,18.8998,18.8998,40
3.05769,2.04912,0,2.04912,22.72,142.691,85,0,0,879,18.8987,18.8987,40
3.08856,12.1206,0,12.1206,22.72,142.691,108,2,0,881,18.9512,18.9512,40
3.0973,7.0293,0,7.0293,22.7,142.524,96,3,0,884,18.957,18.957,40
3.11135,0.570816,0,0.570816,22.7,142.524,51,0,0,884,18.957,18.957,40
3.12204,8.80446,0,8.80446,22.68,142.357,429,6,0,886,19.0429,19.0429,40
3.13888,5.12434,0,5.12434,22.68,142.357,158,4,0,888,19.0586,19.0586,40
3.14146,1.39463,0,1.39463,22.66,142.189,61,2,0,889,19.0405,19.0405,40
3.16484,4.35537,0,4.35537,22.66,142.189,93,3,0,891,19.046,19.046,40
3.17072,4.59741,0,4.59741,22.64,142.022,205,3,0,894,19.0716,19.0716,40
3.19439,7.9253,0,7.9253,22.64,142.022,104,3,0,895,19.0983,19.0983,40
3.20158,5.94733,0,5.94733,22.62,141.855,142,2,0,896,19.1763,19.1763,40
3.23254,16.5589,0,16.5589,22.62,141.855,568,19,0,898,19.2728,19.2728,40
3.23751,3.58574,0,3.58574,22.6,141.688,176,2,0,901,19.2475,19.2475,40
3.26123,7.06419,0,7.06419,22.6,141.688,121,8,0,903,19.2924,19.2924,40
3.26324,0.659606,0,0.659606,22.58,141.521,91,0,0,904,19.2765,19.2765,40
3.29343,10.5631,0,10.5631,22.58,141.521,193,7,0,908,19.3172,19.3172,40
3.29608,1.16836,0,1.16836,22.56,141.353,61,1,0,909,19.2981,19.2981,40
3.31788,2.98577,0,2.98577,22.56,141.353,51,0,0,909,19.2981,19.2981,40
3.32006,1.05646,0,1.05646,22.54,141.186,51,0,0,909,19.2981,19.2981,40
3.3426,2.81176,0,2.81176,22.54,141.186,57,0,0,910,19.2802,19.2802,40
3.34704,3.10128,0,3.10128,22.52,141.019,102,3,0,912,19.2467,19.2467,40
3.36546,0.680008,0,0.680008,22.52,141.019,51,0,0,912,19.2467,19.2467,40
3.38274,15.8873,0,15.8873,22.5,140.852,207,6,0,915,19.2852,19.2852,40
3.39269,5.35438,0,5.35438,22.5,140.852,374,14,0,916,19.3581,19.3581,40
3.39714,2.91673,0,2.91673,22.48,140.685,81,2,0,917,19.3751,19.3751,40
3.42051,6.03051,0,6.03051,22.48,140.685,110,2,0,918,19.3998,19.3998,40
3.4251,3.10714,0,3.10714,22.46,140.518,128,2,0,919,19.4331,19.4331,40
3.44793,5.38996,0,5.38996,22.46,140.518,91,3,0,921,19.4582,19.4582,40
3.45557,6.68263,0,6.68263,22.44,140.35,360,8,0,924,19.4924,19.4924,40
3.47905,9.52006,0,9.52006,22.44,140.35,326,8,0,926,19.5691,19.5691,40
3.48669,6.48094,0,6.48094,22.42,140.183,103,2,0,928,19.5582,19.5582,40
3.50285,2.23904,0,2.23904,22.42,140.183,75,2,0,930,19.5366,19.5366,40
3.50447,0.351459,0,0.351459,22.4,140.016,37,0,0,930,19.5366,19.5366,40
3.52936,4.5279,0,4.5279,22.4,140.016,64,4,0,932,19.5912,19.5912,40
3.53319,2.20751,0,2.20751,22.38,139.849,47,1,0,933,19.5745,19.5745,40
3.55204,0.777995,0,0.777995,22.38,139.849,37,0,0,933,19.5745,19.5745,40
3.58501,31.528,0,31.528,22.36,139.682,2238,92,0,935,19.6642,19.6642,40
3.59418,7.64309,0,7.64309,22.34,139.514,234,4,0,937,19.7236,19.7236,40
3.61192,4.90629,0,4.90629,22.34,139.514,64,2,0,938,19.7431,19.7431,40
3.61666,3.69259,0,3.69259,22.32,139.347,198,0,0,939,19.7465,19.7465,40
3.63946,5.79155,0,5.79155,22.32,139.347,158,4,0,941,19.7545,19.7545,40
3.64541,4.49724,0,4.49724,22.3,139.18,130,2,0,942,19.8291,19.8291,40
3.66505,3.41385,0,3.41385,22.3,139.18,108,3,0,944,19.8146,19.8146,40
3.6687,2.56978,0,2.56978,22.28,139.013,116,2,0,946,19.7875,19.7875,40
3.6928,6.22389,0,6.22389,22.28,139.013,130,2,0,947,19.8574,19.8574,40
3.69891,4.0334,0,4.0334,22.26,138.846,74,4,0,949,19.8346,19.8346,40
3.71786,2.8093,0,2.8093,22.26,138.846,59,2,0,950,19.8411,19.8411,40
3.72092,1.62998,0,1.62998,22.24,138.679,57,1,0,951,19.8244,19.8244,40
3.74422,4.32823,0,4.32823,22.24,138.679,57,2,0,952,19.8046,19.8046,40
3.7462,0.915256,0,0.915256,22.22,138.511,63,1,0,955,19.7455,19.7455,40
3.7688,2.69255,0,2.69255,22.22,138.511,80,2,0,958,19.7359,19.7359,40
3.77848,7.9452,0,7.9452,22.2,138.344,170,5,0,960,19.7656,19.7656,40
3.79233,1.42338,0,1.42338,22.2,138.344,54,0,0,960,19.7656,19.7656,40
3.79966,5.99399,0,5.99399,22.18,138.177,326,5,0,961,19.8543,19.8543,40
3.82919,15.0599,0,15.0599,22.18,138.177,84,6,0,964,19.8216,19.8216,40
3.87808,46.8182,0,46.8182,22.16,138.01,4897,189,0,968,20.062,20.062,40
3.88275,2.85384,0,2.85384,22.14,137.843,79,2,0,969,20.0609,20.0609,40
3.90116,0.913465,0,0.913465,22.14,137.843,64,1,0,970,20.0412,20.0412,40
3.90523,2.63592,0,2.63592,22.12,137.675,74,2,0,972,20.0401,20.0401,40
3.92712,3.79038,0,3.79038,22.12,137.675,96,2,0,974,20.0616,20.0616,40
3.92877,0.510028,0,0.510028,22.1,137.508,76,0,0,975,20.0533,20.0533,40
3.95122,2.56521,0,2.56521,22.1,137.508,95,2,0,976,20.0635,20.0635,40
3.95515,2.47992,0,2.47992,22.08,137.341,75,1,0,978,20.045,20.045,40
3.98111,7.65181,0,7.65181,22.08,137.341,155,4,0,980,20.0908,20.0908,40
3.98348,0.578469,0,0.578469,22.06,137.174,64,1,0,981,20.0785,20.0785,40
4.00855,4.94437,0,4.94437,22.06,137.174,64,1,0,982,20.0876,20.0876,40
4.02997,19.289,0,19.289,22.04,137.007,1132,16,0,984,20.2368,20.2368,40
4.0557,23.5498,0,23.5498,22.02,136.84,1082,21,0,985,20.4234,20.4234,40
4.06596,8.67963,0,8.67963,22,136.672,86,2,0,987,20.4671,20.4671,40
4.08712,9.26343,0,9.26343,22,136.672,165,6,0,991,20.4652,20.4652,40
4.09128,2.75987,0,2.75987,21.98,136.505,95,2,0,992,20.5081,20.5081,40
4.11666,8.10836,0,8.10836,21.98,136.505,239,9,0,994,20.5513,20.5513,40
4.11848,0.568396,0,0.568396,21.96,136.338,60,0,0,994,20.5513,20.5513,40
4.14507,6.62338,0,6.62338,21.96,136.338,333,8,0,995,20.6784,20.6784,40
4.15173,5.22275,0,5.22275,21.94,136.171,87,2,0,996,20.6888,20.6888,40
4.16847,1.18972,0,1.18972,21.94,136.171,78,0,0,997,20.673,20.673,40
4.17672,6.5127,0,6.5127,21.92,136.004,279,5,0,999,20.7588,20.7588,40
4.19185,0.941925,0,0.941925,21.92,136.004,62,0,0,999,20.7588,20.7588,40
4.20188,8.62446,0,8.62446,21.9,135.836,102,4,0,1001,20.7672,20.7672,40
4.21798,4.2909,0,4.2909,21.9,135.836,143,8,0,1002,20.8363,20.8363,40
4.22903,9.49274,0,9.49274,21.88,135.669,683,21,0,1004,20.8576,20.8576,40
4.24153,1.8826,0,1.8826,21.88,135.669,71,0,0,1006,20.8181,20.8181,40
4.24962,1.25856,0,1.25856,21.86,129.343,482,1,0,1007,20.8014,20.8014,40
4.27951,9.62307,0,9.62307,21.86,129.343,659,2,0,1008,20.9137,20.9137,40
4.2936,8.77412,0,8.77412,21.84,129.109,974,1,0,1011,20.9219,20.9219,40
4.30724,0.371638,0,0.371638,21.84,129.109,489,0,0,1011,20.9219,20.9219,40
4.32047,7.6487,0,7.6487,21.82,128.873,662,2,0,1012,21.08,21.08,40
4.33902,4.29682,0,4.29682,21.82,128.873,608,2,0,1014,21.1292,21.1292,40
4.34695,2.26349,0,2.26349,21.8,128.635,532,2,0,1016,21.1152,21.1152,40
4.37044,3.9998,0,3.9998,21.8,128.635,554,2,0,1019,21.0981,21.0981,40
4.38432,8.04632,0,8.04632,21.78,128.395,719,3,0,1021,21.2615,21.2615,40
4.40322,5.05611,0,5.05611,21.78,128.395,560,3,0,1023,21.3118,21.3118,40
4.40983,0.808632,0,0.808632,21.76,128.154,545,1,0,1024,21.2979,21.2979,40
4.43265,1.73247,0,1.73247,21.76,128.154,550,1,0,1026,21.3012,21.3012,40
4.45727,18.1508,0,18.1508,21.74,127.912,822,13,0,1030,21.5553,21.5553,40
4.46464,0.253168,0,0.253168,21.72,127.669,552,0,0,1030,21.5553,21.5553,40
4.48523,0.954685,0,0.954685,21.72,127.669,567,0,0,1031,21.5393,21.5393,40
4.49624,4.36534,0,4.36534,21.7,127.425,568,0,0,1031,21.5393,21.5393,40
4.5146,2.3067,0,2.3067,21.7,127.425,578,1,0,1032,21.5242,21.5242,40
4.52546,9.42154,0,9.42154,21.68,127.181,157,3,0,1034,21.6296,21.6296,40
4.53868,2.22471,0,2.22471,21.68,127.181,83,1,0,1036,21.6245,21.6245,40
4.54193,1.5964,0,1.5964,21.66,126.936,149,1,0,1038,21.6108,21.6108,40
4.56528,4.1876,0,4.1876,21.66,126.936,107,2,0,1040,21.5817,21.5817,40
4.57208,5.47372,0,5.47372,21.64,126.691,79,1,0,1041,21.6695,21.6695,40
4.59087,3.64705,0,3.64705,21.64,126.691,173,0,0,1042,21.6689,21.6689,40
4.59895,5.96587,0,5.96587,21.62,126.444,109,4,0,1045,21.6536,21.6536,40
4.6168,3.45167,0,3.45167,21.62,126.444,103,1,0,1047,21.6246,21.6246,40
4.61959,0.633213,0,0.633213,21.6,126.197,78,0,0,1047,21.6246,21.6246,40
4.6473,8.153,0,8.153,21.6,126.197,147,3,0,1050,21.6305,21.6305,40
4.66146,11.4759,0,11.4759,21.58,125.957,418,2,0,1052,21.7357,21.7357,40
4.67739,7.44346,0,7.44346,21.58,125.957,110,4,0,1055,21.7156,21.7156,40
4.68194,3.09525,0,3.09525,21.56,125.72,203,0,0,1057,21.7001,21.7001,40
4.70518,5.40467,0,5.40467,21.56,125.72,105,2,0,1059,21.6931,21.6931,40
4.70744,0.430068,0,0.430068,21.54,125.482,86,0,0,1059,21.6931,21.6931,40
4.72892,1.05482,0,1.05482,21.54,125.482,86,0,0,1059,21.6931,21.6931,40
4.73172,1.04813,0,1.04813,21.52,125.242,100,0,0,1060,21.6736,21.6736,40
4.75723,5.57948,0,5.57948,21.52,125.242,116,2,0,1062,21.6883,21.6883,40
4.77247,13.4656,0,13.4656,21.5,125.002,896,2,0,1065,21.7681,21.7681,40
4.78349,3.62305,0,3.62305,21.5,125.002,121,2,0,1066,21.7917,21.7917,40
4.78765,2.21908,0,2.21908,21.48,124.76,120,2,0,1068,21.7725,21.7725,40
4.81829,12.2329,0,12.2329,21.48,124.76,323,12,0,1069,21.8793,21.8793,40
4.84867,28.4534,0,28.4534,21.46,124.516,807,6,0,1073,22.1538,22.1538,40
4.85147,0.436533,0,0.436533,21.44,124.271,127,0,0,1073,22.1538,22.1538,40
4.88853,17.137,0,17.137,21.44,124.271,909,4,0,1076,22.2509,22.2509,40
4.89377,3.22237,0,3.22237,21.42,124.025,195,3,0,1078,22.2551,22.2551,40
4.92274,11.7392,0,11.7392,21.42,124.025,320,4,0,1081,22.4681,22.4681,40
4.92614,1.10963,0,1.10963,21.4,123.778,241,0,0,1082,22.4538,22.4538,40
4.95132,5.63722,0,5.63722,21.4,123.778,283,0,0,1083,22.4451,22.4451,40
4.96134,7.9927,0,7.9927,21.38,123.529,332,6,0,1085,22.5548,22.5548,40
4.98613,11.7197,0,11.7197,21.38,123.529,300,3,0,1087,22.6035,22.6035,40
4.99027,1.5232,0,1.5232,21.36,123.28,194,1,0,1088,22.5993,22.5993,40
5.01415,5.0227,0,5.0227,21.36,123.28,214,2,0,1090,22.6248,22.6248,40
5.01734,0.571067,0,0.571067,21.34,123.03,219,0,0,1091,22.6159,22.6159,40
5.04136,3.97267,0,3.97267,21.34,123.03,331,1,0,1093,22.591,22.591,40
5.04525,0.599617,0,0.599617,21.32,122.779,183,0,0,1093,22.591,22.591,40
5.08155,16.6859,0,16.6859,21.32,122.779,854,23,0,1095,22.7434,22.7434,40
5.0865,2.62882,0,2.62882,21.3,122.528,200,2,0,1097,22.7347,22.7347,40
5.11211,7.5786,0,7.5786,21.3,122.528,343,6,0,1101,22.7411,22.7411,40
5.11733,3.00944,0,3.00944,21.28,122.277,262,3,0,1103,22.7489,22.7489,40
5.15115,16.2088,0,16.2088,21.28,122.277,299,9,0,1106,22.7957,22.7957,40
5.15619,2.45548,0,2.45548,21.26,122.025,190,1,0,1107,22.8094,22.8094,40
5.18358,9.54195,0,9.54195,21.26,122.025,652,12,0,1110,22.9018,22.9018,40
5.19867,12.6032,0,12.6032,21.24,121.772,390,2,0,1112,22.8993,22.8993,40
5.21878,12.1942,0,12.1942,21.24,121.772,321,3,0,1114,22.9829,22.9829,40
5.22589,4.85794,0,4.85794,21.22,121.519,203,4,0,1117,22.9937,22.9937,40
5.25855,17.1489,0,17.1489,21.22,121.519,592,2,0,1120,23.0089,23.0089,40
5.27615,15.001,0,15.001,21.2,121.266,389,9,0,1123,23.1932,23.1932,40
5.28639,4.57853,0,4.57853,21.2,121.266,265,3,0,1125,23.2311,23.2311,40
5.29329,4.5538,0,4.5538,21.18,121.022,194,2,0,1127,23.2156,23.2156,40
5.31899,9.33457,0,9.33457,21.18,121.022,319,5,0,1130,23.3221,23.3221,40
5.32748,6.29835,0,6.29835,21.16,120.788,183,2,0,1131,23.3864,23.3864,40
5.34988,7.71859,0,7.71859,21.16,120.788,268,4,0,1134,23.4303,23.4303,40
5.36251,10.4744,0,10.4744,21.14,120.554,264,3,0,1136,23.4824,23.4824,40
5.37489,2.06418,0,2.06418,21.14,120.554,174,1,0,1137,23.4679,23.4679,40
5.38284,5.39549,0,5.39549,21.12,120.32,180,2,0,1139,23.4355,23.4355,40
5.39996,1.96087,0,1.96087,21.12,120.32,199,1,0,1140,23.4447,23.4447,40
5.41364,11.4275,0,11.4275,21.1,120.086,820,8,0,1143,23.5923,23.5923,40
5.42602,2.81511,0,2.81511,21.1,120.086,274,2,0,1144,23.625,23.625,40
5.42944,0.913064,0,0.913064,21.08,119.852,194,0,0,1145,23.6131,23.6131,40
5.4514,1.9414,0,1.9414,21.08,119.852,174,1,0,1146,23.6161,23.6161,40
5.45956,5.37735,0,5.37735,21.06,119.618,174,2,0,1147,23.5963,23.5963,40
5.48346,8.51329,0,8.51329,21.06,119.618,334,3,0,1149,23.584,23.584,40
5.48786,2.03075,0,2.03075,21.04,119.384,164,1,0,1150,23.5678,23.5678,40
5.51343,6.78503,0,6.78503,21.04,119.384,183,3,0,1153,23.5759,23.5759,40
5.51667,0.677445,0,0.677445,21.02,119.15,154,0,0,1153,23.5759,23.5759,40
5.53865,2.20796,0,2.20796,21.02,119.15,164,1,0,1154,23.5633,23.5633,40
5.54784,6.81883,0,6.81883,21,118.916,167,3,0,1156,23.5458,23.5458,40
5.56998,8.52865,0,8.52865,21,118.916,271,2,0,1158,23.5941,23.5941,40
5.59166,18.5546,0,18.5546,20.98,118.682,819,17,0,1160,23.756,23.756,40
5.59758,3.89182,0,3.89182,20.96,118.448,167,1,0,1161,23.7373,23.7373,40
5.61871,3.94355,0,3.94355,20.96,118.448,187,3,0,1164,23.7534,23.7534,40
5.62185,0.637009,0,0.637009,20.94,118.214,167,0,0,1164,23.7534,23.7534,40
5.65999,17.7751,0,17.7751,20.94,118.214,587,16,0,1165,23.8833,23.8833,40
5.66667,4.05088,0,4.05088,20.92,117.98,217,2,0,1166,23.9031,23.9031,40
5.69296,9.69252,0,9.69252,20.92,117.98,260,0,0,1167,23.8929,23.8929,40
5.69576,0.883289,0,0.883289,20.9,117.747,164,0,0,1167,23.8929,23.8929,40
5.72099,5.10353,0,5.10353,20.9,117.747,233,3,0,1170,23.853,23.853,40
5.72452,1.65046,0,1.65046,20.88,117.513,187,1,0,1171,23.8377,23.8377,40
5.74512,1.16942,0,1.16942,20.88,117.513,171,1,0,1172,23.8191,23.8191,40
5.74814,0.742246,0,0.742246,20.86,117.279,161,0,0,1172,23.8191,23.8191,40
5.77474,6.53334,0,6.53334,20.86,117.279,439,0,0,1174,23.8288,23.8288,40
5.78459,6.27768,0,6.27768,20.84,117.045,185,2,0,1176,23.8282,23.8282,40
5.79867,0.642025,0,0.642025,20.84,117.045,165,0,0,1176,23.8282,23.8282,40
5.81358,11.8409,0,11.8409,20.82,116.811,185,3,0,1178,23.8336,23.8336,40
5.82573,3.78393,0,3.78393,20.82,116.811,276,1,0,1180,23.872,23.872,40
5.84015,12.1557,0,12.1557,20.8,116.577,306,4,0,1184,23.8404,23.8404,40
5.85549,6.56154,0,6.56154,20.8,116.577,286,3,0,1188,23.7938,23.7938,40
5.86006,1.90896,0,1.90896,20.78,116.343,178,0,0,1189,23.7746,23.7746,40
5.88685,7.9685,0,7.9685,20.78,116.343,446,2,0,1192,23.8213,23.8213,40
5.89176,2.16086,0,2.16086,20.76,116.109,185,0,0,1192,23.8213,23.8213,40
5.9138,3.54875,0,3.54875,20.76,116.109,261,2,0,1193,23.8332,23.8332,40
5.92443,8.10911,0,8.10911,20.74,115.875,204,2,0,1194,23.8417,23.8417,40
5.94953,12.2205,0,12.2205,20.74,115.875,228,5,0,1197,23.8379,23.8379,40
5.95905,7.3948,0,7.3948,20.72,115.641,464,2,0,1199,23.8307,23.8307,40
5.97673,3.92595,0,3.92595,20.72,115.641,198,1,0,1200,23.8367,23.8367,40
5.98192,2.62804,0,2.62804,20.7,115.407,372,0,0,1201,23.8568,23.8568,40
6.00366,3.76601,0,3.76601,20.7,115.407,223,4,0,1203,23.8362,23.8362,40
6.0252,18.8029,0,18.8029,20.68,115.173,510,12,0,1205,24.0191,24.0191,40
6.03043,2.42873,0,2.42873,20.66,114.939,232,2,0,1207,24.0414,24.0414,40
6.0514,2.09216,0,2.09216,20.66,114.939,262,0,0,1208,24.0406,24.0406,40
6.05638,2.20489,0,2.20489,20.64,114.705,201,1,0,1209,24.0612,24.0612,40
6.08284,7.57776,0,7.57776,20.64,114.705,381,0,0,1210,24.0711,24.0711,40
6.09583,10.1152,0,10.1152,20.62,114.471,334,1,0,1213,24.0338,24.0338,40
6.11648,9.89335,0,9.89335,20.62,114.471,304,4,0,1215,24.1967,24.1967,40
6.12864,9.8554,0,9.8554,20.6,114.238,395,4,0,1217,24.3689,24.3689,40
6.14051,0.667478,0,0.667478,20.6,114.238,191,0,0,1217,24.3689,24.3689,40
6.14475,1.50513,0,1.50513,20.58,114.004,191,0,0,1217,24.3689,24.3689,40
6.16512,1.20416,0,1.20416,20.58,114.004,208,1,0,1219,24.3306,24.3306,40
6.17004,2.15589,0,2.15589,20.56,113.77,256,0,0,1220,24.3279,24.3279,40
6.19755,9.14632,0,9.14632,20.56,113.77,427,3,0,1224,24.3709,24.3709,40
6.20455,4.49485,0,4.49485,20.54,113.536,314,3,0,1226,24.3719,24.3719,40
6.23492,14.3313,0,14.3313,20.54,113.536,507,7,0,1230,24.4398,24.4398,40
6.24216,4.32478,0,4.32478,20.52,113.302,195,3,0,1231,24.489,24.489,40
6.25923,0.838556,0,0.838556,20.52,113.302,170,0,0,1231,24.489,24.489,40
6.26718,4.87166,0,4.87166,20.5,113.068,221,3,0,1234,24.5081,24.5081,40
6.288,5.39678,0,5.39678,20.5,113.068,275,3,0,1236,24.5032,24.5032,40
6.29105,0.761124,0,0.761124,20.48,112.834,170,0,0,1236,24.5032,24.5032,40
6.31727,5.96822,0,5.96822,20.48,112.834,274,3,0,1237,24.5344,24.5344,40
6.34643,25.6548,0,25.6548,20.46,112.6,722,18,0,1240,24.7097,24.7097,40
6.35285,3.29444,0,3.29444,20.44,112.366,263,0,0,1242,24.6924,24.6924,40
6.39262,22.713,0,22.713,20.44,112.366,1805,46,0,1244,24.7524,24.7524,40
6.39809,2.70976,0,2.70976,20.42,112.132,320,0,0,1245,24.7478,24.7478,40
6.42546,9.38012,0,9.38012,20.42,112.132,392,5,0,1247,24.8549,24.8549,40
6.43238,4.72087,0,4.72087,20.4,111.898,227,1,0,1250,24.8032,24.8032,40
6.45887,9.95004,0,9.95004,20.4,111.898,259,1,0,1253,24.8172,24.8172,40
6.46204,0.686251,0,0.686251,20.38,111.664,173,1,0,1254,24.7982,24.7982,40
6.48721,4.93599,0,4.93599,20.38,111.664,253,2,0,1256,24.7675,24.7675,40
6.50148,11.7533,0,11.7533,20.36,111.43,185,4,0,1258,24.7822,24.7822,40
6.51958,9.29161,0,9.29161,20.36,111.43,188,4,0,1261,24.7962,24.7962,40
6.5225,0.741781,0,0.741781,20.34,111.196,163,0,0,1261,24.7962,24.7962,40
6.54495,2.06021,0,2.06021,20.34,111.196,173,1,0,1262,24.8011,24.8011,40
6.55573,7.8608,0,7.8608,20.32,110.962,558,0,0,1263,24.8424,24.8424,40
6.57688,8.01664,0,8.01664,20.32,110.962,193,3,0,1265,24.8688,24.8688,40
6.58553,6.12974,0,6.12974,20.3,110.728,272,6,0,1268,24.8541,24.8541,40
6.60739,6.953,0,6.953,20.3,110.728,196,1,0,1269,24.9094,24.9094,40
6.62836,18.3716,0,18.3716,20.28,110.495,721,6,0,1272,25.0951,25.0951,40
6.63379,2.53345,0,2.53345,20.26,110.261,251,1,0,1273,25.0848,25.0848,40
6.6591,7.35876,0,7.35876,20.26,110.261,229,3,0,1275,25.1255,25.1255,40
6.67105,8.92437,0,8.92437,20.24,110.027,596,0,0,1276,25.1638,25.1638,40
6.68763,5.00734,0,5.00734,20.24,110.027,243,1,0,1278,25.1776,25.1776,40
6.71528,24.9004,0,24.9004,20.22,109.793,1604,1,0,1280,25.2578,25.2578,40
6.72092,2.58206,0,2.58206,20.2,109.559,280,1,0,1281,25.281,25.281,40
6.73959,0.509715,0,0.509715,20.2,109.559,236,0,0,1281,25.281,25.281,40
6.74331,0.71816,0,0.71816,20.18,109.325,249,0,0,1282,25.266,25.266,40
6.77034,6.93354,0,6.93354,20.18,109.325,245,1,0,1283,25.2541,25.2541,40
6.77485,1.54147,0,1.54147,20.16,109.091,263,1,0,1284,25.2399,25.2399,40
6.79597,1.87027,0,1.87027,20.16,109.091,288,0,0,1285,25.2265,25.2265,40
6.80384,4.59573,0,4.59573,20.14,108.857,258,2,0,1288,25.2508,25.2508,40
6.82764,7.49704,0,7.49704,20.14,108.857,341,3,0,1290,25.2946,25.2946,40
6.83504,3.57611,0,3.57611,20.12,108.623,300,1,0,1292,25.2771,25.2771,40
6.85225,0.412916,0,0.412916,20.12,108.623,254,0,0,1292,25.2771,25.2771,40
6.85949,2.136,0,2.136,20.1,108.389,274,0,0,1293,25.263,25.263,40
6.88238,5.11575,0,5.11575,20.1,108.389,306,1,0,1295,25.2409,25.2409,40
6.90391,17.1567,0,17.1567,20.08,108.155,319,4,0,1297,25.2344,25.2344,40
6.90854,1.27744,0,1.27744,20.06,107.921,318,0,0,1298,25.2257,25.2257,40
6.93444,6.43955,0,6.43955,20.06,107.921,438,1,0,1301,25.2444,25.2444,40
6.94609,7.83317,0,7.83317,20.04,107.687,485,2,0,1303,25.3308,25.3308,40
6.96597,7.36123,0,7.36123,20.04,107.687,434,1,0,1305,25.3287,25.3287,40
6.97526,5.79541,0,5.79541,20.02,107.453,290,1,0,1306,25.3936,25.3936,40
6.99278,2.99553,0,2.99553,20.02,107.453,365,0,0,1307,25.3856,25.3856,40
7.01104,14.2627,0,14.2627,20,107.219,555,4,0,1310,25.4252,25.4252,40
7.02406,6.49569,0,6.49569,20,107.219,345,2,0,1313,25.3983,25.3983,40
7.03974,11.9711,0,11.9711,19.98,106.985,330,2,0,1315,25.546,25.546,40
7.04902,0.648143,0,0.648143,19.98,106.985,320,0,0,1315,25.546,25.546,40
7.05795,4.50621,0,4.50621,19.96,106.752,365,3,0,1317,25.5695,25.5695,40
7.07538,1.33753,0,1.33753,19.96,106.752,350,1,0,1318,25.566,25.566,40
7.08348,4.32192,0,4.32192,19.94,106.518,367,3,0,1320,25.5606,25.5606,40
7.1016,1.08646,0,1.08646,19.94,106.518,340,0,0,1320,25.5606,25.5606,40
7.10683,1.30392,0,1.30392,19.92,106.284,360,1,0,1321,25.57,25.57,40
7.13681,10.1653,0,10.1653,19.92,106.284,829,33,0,1323,25.7256,25.7256,40
7.15016,9.42944,0,9.42944,19.9,106.05,411,2,0,1324,25.7538,25.7538,40
7.172,10.3079,0,10.3079,19.9,106.05,390,4,0,1328,25.7221,25.7221,40
7.17705,1.09871,0,1.09871,19.88,105.816,380,1,0,1329,25.7081,25.7081,40
7.20136,4.391,0,4.391,19.88,105.816,370,2,0,1331,25.6965,25.6965,40
7.20687,1.29892,0,1.29892,19.86,105.582,418,1,0,1332,25.6914,25.6914,40
7.22755,0.949551,0,0.949551,19.86,105.582,360,0,0,1332,25.6914,25.6914,40
7.24142,9.90206,0,9.90206,19.84,105.348,473,3,0,1334,25.7639,25.7639,40
7.25829,5.9016,0,5.9016,19.84,105.348,382,3,0,1337,25.7285,25.7285,40
7.27181,8.9097,0,8.9097,19.82,105.114,459,2,0,1341,25.7472,25.7472,40
7.2892,6.24167,0,6.24167,19.82,105.114,393,3,0,1343,25.7416,25.7416,40
7.29809,4.90998,0,4.90998,19.8,104.88,403,4,0,1344,25.7507,25.7507,40
7.3192,5.63406,0,5.63406,19.8,104.88,370,3,0,1346,25.7779,25.7779,40
7.33766,14.5028,0,14.5028,19.78,104.646,543,5,0,1349,25.9407,25.9407,40
7.35234,8.32299,0,8.32299,19.78,104.646,598,6,0,1351,26.0303,26.0303,40
7.35775,1.30131,0,1.30131,19.76,104.412,370,1,0,1352,26.0229,26.0229,40
7.3854,8.53894,0,8.53894,19.76,104.412,380,3,0,1354,26.0687,26.0687,40
7.39502,5.68118,0,5.68118,19.74,104.178,440,1,0,1356,26.1158,26.1158,40
7.4202,10.0835,0,10.0835,19.74,104.178,739,15,0,1359,26.206,26.206,40
7.42816,3.71669,0,3.71669,19.72,103.944,422,3,0,1361,26.2013,26.2013,40
7.45104,6.14495,0,6.14495,19.72,103.944,486,1,0,1362,26.2372,26.2372,40
7.46067,5.44711,0,5.44711,19.7,103.71,401,2,0,1363,26.3059,26.3059,40
7.48729,11.4106,0,11.4106,19.7,103.71,419,2,0,1365,26.3839,26.3839,40
7.49506,3.14224,0,3.14224,19.68,103.476,420,2,0,1366,26.3668,26.3668,40
7.51639,3.71304,0,3.71304,19.68,103.476,420,1,0,1367,26.3723,26.3723,40
7.5244,3.10626,0,3.10626,19.66,103.242,450,2,0,1369,26.374,26.374,40
7.55687,14.9311,0,14.9311,19.66,103.242,525,7,0,1373,26.4253,26.4253,40
7.56227,0.532207,0,0.532207,19.64,103.009,420,0,0,1373,26.4253,26.4253,40
7.58282,0.667134,0,0.667134,19.64,103.009,420,0,0,1373,26.4253,26.4253,40
7.59577,7.84774,0,7.84774,19.62,102.775,680,2,0,1376,26.4251,26.4251,40
7.61235,3.82783,0,3.82783,19.62,102.775,496,3,0,1379,26.3938,26.3938,40
7.62618,8.51379,0,8.51379,19.6,102.541,543,5,0,1381,26.3831,26.3831,40
7.64189,3.67519,0,3.67519,19.6,102.541,468,3,0,1383,26.4027,26.4027,40
7.64796,1.18225,0,1.18225,19.58,102.307,476,1,0,1384,26.3974,26.3974,40
7.66932,0.653141,0,0.653141,19.58,102.307,450,1,0,1385,26.3798,26.3798,40
7.67988,5.32024,0,5.32024,19.56,102.073,468,3,0,1387,26.4376,26.4376,40
7.69894,3.64784,0,3.64784,19.56,102.073,535,2,0,1388,26.4474,26.4474,40
7.71515,11.2654,0,11.2654,19.54,101.839,718,3,0,1390,26.5417,26.5417,40
7.74212,17.3511,0,17.3511,19.54,101.839,578,3,0,1392,26.6487,26.6487,40
7.75831,11.9594,0,11.9594,19.52,101.605,642,4,0,1394,26.6923,26.6923,40
7.77033,2.73973,0,2.73973,19.52,101.605,420,1,0,1395,26.6781,26.6781,40
7.77574,0.957628,0,0.957628,19.5,101.371,410,0,0,1395,26.6781,26.6781,40
7.80092,5.1112,0,5.1112,19.5,101.371,498,3,0,1397,26.6865,26.6865,40
7.81132,5.78657,0,5.78657,19.48,101.137,440,3,0,1399,26.7098,26.7098,40
7.82801,1.28072,0,1.28072,19.48,101.137,445,1,0,1400,26.695,26.695,40
7.83951,6.89285,0,6.89285,19.46,100.903,598,5,0,1403,26.7313,26.7313,40
7.85582,2.30256,0,2.30256,19.46,100.903,430,1,0,1404,26.7293,26.7293,40
7.88796,27.6019,0,27.6019,19.44,103.095,619,7,0,1408,26.9368,26.9368,40
7.89353,0.718457,0,0.718457,19.42,102.833,400,0,0,1408,26.9368,26.9368,40
7.9198,5.0215,0,5.0215,19.42,102.833,440,2,0,1409,26.9588,26.9588,40
7.93309,5.0072,0,5.0072,19.4,102.573,410,1,0,1410,27.0135,27.0135,40
7.96145,15.8281,0,15.8281,19.4,102.573,578,5,0,1412,27.0779,27.0779,40
7.97581,9.69934,0,9.69934,19.38,102.316,430,3,0,1415,27.1343,27.1343,40
7.99624,9.43394,0,9.43394,19.38,102.316,869,25,0,1417,27.2717,27.2717,40
8.01268,11.8569,0,11.8569,19.36,102.06,615,6,0,1421,27.4342,27.4342,40
8.02524,3.50738,0,3.50738,19.36,102.06,400,0,0,1421,27.4342,27.4342,40
8.0335,4.25289,0,4.25289,19.34,101.807,432,2,0,1423,27.4638,27.4638,40
8.05151,1.0589,0,1.0589,19.34,101.807,390,0,0,1423,27.4638,27.4638,40
8.05844,2.4817,0,2.4817,19.32,101.557,410,2,0,1425,27.4674,27.4674,40
8.07762,0.951828,0,0.951828,19.32,101.557,390,0,0,1425,27.4674,27.4674,40
8.0882,5.45838,0,5.45838,19.3,101.309,527,2,0,1426,27.5316,27.5316,40
8.11408,10.6133,0,10.6133,19.3,101.309,426,1,0,1429,27.5479,27.5479,40
8.11923,0.343562,0,0.343562,19.28,101.063,390,0,0,1430,27.5301,27.5301,40
8.14285,3.29147,0,3.29147,19.28,101.063,400,1,0,1431,27.5234,27.5234,40
8.15278,4.97963,0,4.97963,19.26,100.82,420,1,0,1433,27.5534,27.5534,40
8.1715,2.7736,0,2.7736,19.26,100.82,400,2,0,1435,27.5456,27.5456,40
8.18537,8.41106,0,8.41106,19.24,100.579,425,3,0,1437,27.5755,27.5755,40
8.19857,0.669972,0,0.669972,19.24,100.579,400,0,0,1437,27.5755,27.5755,40
8.21013,6.18281,0,6.18281,19.22,100.34,464,0,0,1438,27.5793,27.5793,40
8.23657,11.8176,0,11.8176,19.22,100.34,420,3,0,1440,27.5708,27.5708,40
8.24551,4.05051,0,4.05051,19.2,100.104,430,2,0,1442,27.5603,27.5603,40
8.28195,19.4553,0,19.4553,19.2,100.104,734,3,0,1445,27.6242,27.6242,40
8.28781,0.835256,0,0.835256,19.18,99.8696,420,0,0,1445,27.6242,27.6242,40
8.30912,1.4205,0,1.4205,19.18,99.8696,430,1,0,1446,27.6231,27.6231,40
8.3172,2.85276,0,2.85276,19.16,99.6376,450,1,0,1448,27.607,27.607,40
8.33672,1.819,0,1.819,19.16,99.6376,430,1,0,1449,27.5977,27.5977,40
8.34395,1.99743,0,1.99743,19.14,99.4078,420,1,0,1450,27.5883,27.5883,40
8.38238,19.1511,0,19.1511,19.14,99.4078,548,4,0,1455,27.6667,27.6667,40
8.39315,5.62179,0,5.62179,19.12,99.1803,488,1,0,1457,27.7296,27.7296,40
8.4151,7.11207,0,7.11207,19.12,99.1803,484,3,0,1459,27.8156,27.8156,40
8.42257,2.46978,0,2.46978,19.1,98.9553,440,1,0,1460,27.8007,27.8007,40
8.44776,7.28425,0,7.28425,19.1,98.9553,459,1,0,1463,27.8004,27.8004,40
8.46549,12.2178,0,12.2178,19.08,98.7326,586,7,0,1467,27.8119,27.8119,40
8.48095,6.65423,0,6.65423,19.08,98.7326,490,4,0,1471,27.7933,27.7933,40
8.5022,15.6685,0,15.6685,19.06,98.512,744,2,0,1473,27.8337,27.8337,40
8.51701,9.8442,0,9.8442,19.04,98.2935,470,2,0,1474,27.8202,27.8202,40
8.53867,10.5359,0,10.5359,19.04,98.2935,567,1,0,1477,27.8538,27.8538,40
8.55587,12.2959,0,12.2959,19.02,98.0772,578,0,0,1478,27.9066,27.9066,40
8.57832,13.6236,0,13.6236,19.02,98.0772,490,2,0,1480,27.9581,27.9581,40
8.58678,3.03146,0,3.03146,19,97.863,564,2,0,1482,27.9595,27.9595,40
8.6153,10.77,0,10.77,19,97.863,531,2,0,1485,27.9495,27.9495,40
8.62697,5.75234,0,5.75234,18.98,97.6509,522,2,0,1486,28.0081,28.0081,40
8.65148,10.1079,0,10.1079,18.98,97.6509,510,2,0,1488,28.0087,28.0087,40
8.66515,7.71499,0,7.71499,18.96,97.441,537,0,0,1490,27.9799,27.9799,40
8.69188,13.5801,0,13.5801,18.96,97.441,510,2,0,1492,28.0623,28.0623,40
8.70044,3.30378,0,3.30378,18.94,97.2331,510,1,0,1494,28.0964,28.0964,40
8.71946,1.32524,0,1.32524,18.94,97.2331,500,0,0,1494,28.0964,28.0964,40
8.73223,7.11779,0,7.11779,18.92,97.0273,968,1,0,1496,28.1277,28.1277,40
8.7548,8.40218,0,8.40218,18.92,97.0273,594,3,0,1498,28.1649,28.1649,40
8.76733,7.08087,0,7.08087,18.9,96.824,590,1,0,1500,28.2033,28.2033,40
8.78745,5.71612,0,5.71612,18.9,96.824,530,3,0,1503,28.2202,28.2202,40
8.96343,170.188,30.4371,139.751,18.88,96.6227,25901,986,0,1506,28.2444,28.2444,40
8.97652,7.22799,0,7.22799,18.86,96.4235,773,0,0,1508,28.2374,28.2374,40
9.00271,12.7213,0,12.7213,18.86,96.4235,710,3,0,1511,28.3157,28.3157,40
9.01397,5.28794,0,5.28794,18.84,96.2262,505,2,0,1513,28.3589,28.3589,40
9.03228,3.27979,0,3.27979,18.84,96.2262,485,2,0,1515,28.3644,28.3644,40
9.04274,4.56308,0,4.56308,18.82,96.0308,510,3,0,1518,28.3518,28.3518,40
9.06861,9.624,0,9.624,18.82,96.0308,527,3,0,1520,28.3533,28.3533,40
9.08644,11.9307,0,11.9307,18.8,95.8374,554,4,0,1522,28.4685,28.4685,40
9.1008,5.70327,0,5.70327,18.8,95.8374,492,1,0,1524,28.4495,28.4495,40
9.11506,8.54395,0,8.54395,18.78,95.646,490,1,0,1525,28.4433,28.4433,40
9.13516,8.02506,0,8.02506,18.78,95.646,500,2,0,1527,28.5016,28.5016,40
9.14688,6.03213,0,6.03213,18.76,95.4565,539,2,0,1530,28.4967,28.4967,40
9.16495,3.38449,0,3.38449,18.76,95.4565,516,1,0,1531,28.4905,28.4905,40
9.17237,1.77022,0,1.77022,18.74,95.2689,534,0,0,1532,28.4778,28.4778,40
9.20195,10.1615,0,10.1615,18.74,95.2689,510,1,0,1533,28.4638,28.4638,40
9.21008,2.66724,0,2.66724,18.72,95.0832,520,1,0,1534,28.4798,28.4798,40
9.22931,0.975403,0,0.975403,18.72,95.0832,526,0,0,1535,28.4625,28.4625,40
9.23796,2.68822,0,2.68822,18.7,94.8999,538,3,0,1538,28.4174,28.4174,40
9.26104,4.62274,0,4.62274,18.7,94.8999,511,1,0,1539,28.4568,28.4568,40
9.27314,6.24442,0,6.24442,18.68,94.7183,638,1,0,1541,28.4478,28.4478,40
9.29077,2.82478,0,2.82478,18.68,94.7183,542,2,0,1543,28.455,28.455,40
9.30751,10.6519,0,10.6519,18.66,94.5385,541,4,0,1546,28.4858,28.4858,40
9.3215,3.85711,0,3.85711,18.66,94.5385,510,1,0,1547,28.4712,28.4712,40
9.33164,4.00356,0,4.00356,18.64,94.3605,515,1,0,1548,28.4968,28.4968,40
9.36513,16.6897,0,16.6897,18.64,94.3605,783,6,0,1550,28.5903,28.5903,40
9.37524,4.44856,0,4.44856,18.62,94.1842,521,0,0,1551,28.6022,28.6022,40
9.39796,6.74518,0,6.74518,18.62,94.1842,535,4,0,1554,28.5959,28.5959,40
9.4083,4.35861,0,4.35861,18.6,94.0096,525,2,0,1556,28.6517,28.6517,40
9.4346,10.3511,0,10.3511,18.6,94.0096,553,2,0,1559,28.6299,28.6299,40
9.44087,0.738403,0,0.738403,18.58,93.8368,505,0,0,1559,28.6299,28.6299,40
9.46463,3.75536,0,3.75536,18.58,93.8368,658,0,0,1561,28.6163,28.6163,40
9.47525,4.58273,0,4.58273,18.56,93.6656,525,1,0,1562,28.6953,28.6953,40
9.49678,5.53275,0,5.53275,18.56,93.6656,525,1,0,1563,28.7281,28.7281,40
9.50811,5.31759,0,5.31759,18.54,93.4961,535,2,0,1565,28.7629,28.7629,40
9.54233,19.171,0,19.171,18.54,93.4961,570,4,0,1569,28.8043,28.8043,40
9.72622,177.835,14.3027,163.532,18.52,93.3284,25516,850,0,1569,28.8043,28.8043,40
9.74075,7.60335,0,7.60335,18.5,93.1624,557,1,0,1571,28.7829,28.7829,40
9.76755,14.0389,0,14.0389,18.5,93.1624,705,9,0,1575,28.84,28.84,40
9.78231,8.72303,0,8.72303,18.48,92.9968,560,2,0,1579,28.7999,28.7999,40
9.80339,9.77324,0,9.77324,18.48,92.9968,571,1,0,1582,28.8306,28.8306,40
9.82612,16.0142,0,16.0142,18.46,92.8316,818,2,0,1585,28.824,28.824,40
9.84389,11.63,0,11.63,18.44,92.6668,560,3,0,1587,28.8368,28.8368,40
9.86142,8.60177,0,8.60177,18.44,92.6668,757,2,0,1591,28.8146,28.8146,40
9.87008,2.48126,0,2.48126,18.42,92.5023,545,0,0,1591,28.8146,28.8146,40
9.90046,12.3349,0,12.3349,18.42,92.5023,750,1,0,1592,28.8882,28.8882,40
9.91122,4.31245,0,4.31245,18.4,92.3382,555,1,0,1593,28.9404,28.9404,40
9.94348,16.0058,0,16.0058,18.4,92.3382,611,2,0,1595,28.9317,28.9317,40
9.95758,7.65215,0,7.65215,18.38,92.1743,575,2,0,1597,28.933,28.933,40
9.97654,6.20078,0,6.20078,18.38,92.1743,606,2,0,1601,28.9101,28.9101,40
9.98331,0.793556,0,0.793556,18.36,92.0108,555,0,0,1601,28.9101,28.9101,40
10.0145,10.7888,0,10.7888,18.36,92.0108,565,1,0,1602,28.8958,28.8958,40
10.0216,1.62182,0,1.62182,18.34,91.8474,573,0,0,1603,28.879,28.879,40
10.0563,14.9389,0,14.9389,18.34,91.8474,913,19,0,1605,29.0224,29.0224,40
10.0683,5.64352,0,5.64352,18.32,91.693,573,1,0,1606,29.0691,29.0691,40
10.0876,4.11897,0,4.11897,18.32,91.693,575,2,0,1608,29.0939,29.0939,40
10.0978,3.50145,0,3.50145,18.3,91.5673,575,1,0,1609,29.0845,29.0845,40
10.1355,20.5865,0,20.5865,18.3,91.5673,643,6,0,1612,29.2128,29.2128,40
10.1574,15.8722,0,15.8722,18.28,91.4419,621,2,0,1617,29.1521,29.1521,40
10.1663,2.28335,0,2.28335,18.26,91.3167,576,0,0,1618,29.1459,29.1459,40
10.1892,4.70635,0,4.70635,18.26,91.3167,732,2,0,1621,29.1184,29.1184,40
10.2168,20.8167,0,20.8167,18.24,91.2319,721,6,0,1626,29.2042,29.2042,40
10.2244,1.37433,0,1.37433,18.22,91.1576,580,1,0,1627,29.1868,29.1868,40
10.2518,7.71914,0,7.71914,18.22,91.1576,590,2,0,1629,29.2259,29.2259,40
10.2613,3.12968,0,3.12968,18.2,91.0833,591,2,0,1631,29.2385,29.2385,40
10.2799,0.948745,0,0.948745,18.2,91.0833,565,0,0,1631,29.2385,29.2385,40
10.2896,3.42819,0,3.42819,18.18,91.0091,562,0,0,1632,29.2224,29.2224,40
10.3139,6.94564,0,6.94564,18.18,91.0091,682,1,0,1634,29.235,29.235,40
10.3347,14.7859,0,14.7859,18.16,90.9348,918,4,0,1636,29.3191,29.3191,40
10.345,4.3429,0,4.3429,18.14,90.8605,856,0,0,1637,29.3403,29.3403,40
10.3718,9.88549,0,9.88549,18.14,90.8605,763,2,0,1639,29.4094,29.4094,40
10.5095,131.628,8.18617,123.442,18.12,90.7862,19370,410,0,1641,29.4168,29.4168,40
10.5239,6.801,0,6.801,18.1,90.7119,582,1,0,1643,29.4492,29.4492,40
10.5505,12.7302,0,12.7302,18.1,90.7119,603,2,0,1645,29.4492,29.4492,40
10.5576,1.38053,0,1.38053,18.08,90.6376,566,0,0,1646,29.4338,29.4338,40
10.5808,3.8717,0,3.8717,18.08,90.6376,566,0,0,1646,29.4338,29.4338,40
10.5878,1.17782,0,1.17782,18.06,90.5633,566,0,0,1646,29.4338,29.4338,40
10.616,8.58872,0,8.58872,18.06,90.5633,731,0,0,1648,29.4442,29.4442,40
10.6298,7.88367,0,7.88367,18.04,90.489,625,3,0,1651,29.5058,29.5058,40
10.644,1.13482,0,1.13482,18.04,90.489,586,0,0,1651,29.5058,29.5058,40
10.6565,6.49156,0,6.49156,18.02,90.4147,606,2,0,1653,29.484,29.484,40
10.6799,8.93342,0,8.93342,18.02,90.4147,617,3,0,1657,29.5504,29.5504,40
10.6997,13.8194,0,13.8194,18,90.3404,642,1,0,1659,29.563,29.563,40
10.7158,8.99231,0,8.99231,18,90.3404,667,3,0,1663,29.5971,29.5971,40
10.7235,1.77002,0,1.77002,17.98,90.2661,601,1,0,1664,29.5829,29.5829,40
10.7446,1.40118,0,1.40118,17.98,90.2661,611,0,0,1665,29.5682,29.5682,40
10.7536,2.81568,0,2.81568,17.96,90.1918,593,0,0,1666,29.551,29.551,40
10.7792,7.15583,0,7.15583,17.96,90.1918,617,2,0,1669,29.6159,29.6159,40
10.7894,3.95993,0,3.95993,17.94,90.1175,601,0,0,1669,29.6159,29.6159,40
10.8201,13.4788,0,13.4788,17.94,90.1175,904,2,0,1671,29.7104,29.7104,40
10.8308,4.28359,0,4.28359,17.92,90.0432,626,2,0,1673,29.725,29.725,40
10.853,6.08648,0,6.08648,17.92,90.0432,658,1,0,1675,29.7248,29.7248,40
10.8711,11.4205,0,11.4205,17.9,89.9689,671,2,0,1678,29.6913,29.6913,40
10.8813,1.24975,0,1.24975,17.9,89.9689,626,0,0,1679,29.6766,29.6766,40
10.9039,16.4652,0,16.4652,17.88,89.8946,689,4,0,1683,29.6572,29.6572,40
10.9207,10.418,0,10.418,17.86,89.8203,626,1,0,1684,29.7654,29.7654,40
10.9456,14.7742,0,14.7742,17.86,89.8203,682,3,0,1688,29.7364,29.7364,40
10.9848,33.3784,0,33.3784,17.84,89.746,2240,43,0,1693,29.8228,29.8228,40
10.9957,3.61726,0,3.61726,17.82,89.6717,701,1,0,1695,29.8324,29.8324,40
11.0135,0.983738,0,0.983738,17.82,89.6717,616,0,0,1695,29.8324,29.8324,40
11.0244,3.90476,0,3.90476,17.8,89.5974,636,2,0,1697,29.8085,29.8085,40
11.0602,19.7808,0,19.7808,17.8,89.5974,818,4,0,1700,29.8641,29.8641,40
11.0892,22.4721,0,22.4721,17.78,89.5231,713,6,0,1704,30.0698,30.0698,40
11.1083,11.6889,0,11.6889,17.76,89.4488,648,3,0,1708,30.0585,30.0585,40
11.1198,2.82455,0,2.82455,17.76,89.4488,616,1,0,1709,30.0427,30.0427,40
11.1321,5.65067,0,5.65067,17.74,89.3745,752,1,0,1712,30.0169,30.0169,40
11.1579,10.6761,0,10.6761,17.74,89.3745,643,2,0,1715,30.0344,30.0344,40
11.1691,4.82551,0,4.82551,17.72,89.3002,789,1,0,1717,30.053,30.053,40
11.1925,8.07406,0,8.07406,17.72,89.3002,631,2,0,1719,30.0436,30.0436,40
11.2082,9.29051,0,9.29051,17.7,89.2259,621,2,0,1721,30.0389,30.0389,40
11.224,3.8823,0,3.8823,17.7,89.2259,715,0,0,1722,30.0575,30.0575,40
11.2501,19.9781,0,19.9781,17.68,89.1516,666,4,0,1725,30.2099,30.2099,40
11.4263,169.328,18.2621,151.066,17.66,89.0773,23906,806,0,1726,30.2781,30.2781,40
11.4372,3.01556,0,3.01556,17.64,89.003,656,1,0,1727,30.2785,30.2785,40
11.46,5.33106,0,5.33106,17.64,89.003,766,1,0,1730,30.3272,30.3272,40
11.4826,15.9777,0,15.9777,17.62,88.9287,827,2,0,1733,30.416,30.416,40
11.5043,15.3517,0,15.3517,17.6,88.8544,666,2,0,1736,30.4643,30.4643,40
11.5228,12.3287,0,12.3287,17.58,88.7801,666,1,0,1737,30.5544,30.5544,40
11.5381,6.36471,0,6.36471,17.58,88.7801,676,1,0,1739,30.5256,30.5256,40
11.5551,10.4466,0,10.4466,17.56,88.7058,676,1,0,1740,30.5276,30.5276,40
11.5809,14.9582,0,14.9582,17.56,88.7058,880,4,0,1744,30.6623,30.6623,40
11.6069,19.6378,0,19.6378,17.54,88.6315,834,6,0,1748,30.7838,30.7838,40
11.6273,13.9495,0,13.9495,17.52,88.5572,696,4,0,1752,30.7854,30.7854,40
11.6354,0.844119,0,0.844119,17.5,88.4829,666,0,0,1752,30.7854,30.7854,40
11.668,12.8964,0,12.8964,17.5,88.4829,686,2,0,1754,30.7822,30.7822,40
11.6851,10.9379,0,10.9379,17.48,88.4086,860,1,0,1756,30.8183,30.8183,40
11.7026,7.24708,0,7.24708,17.48,88.4086,686,2,0,1758,30.8111,30.8111,40
11.724,14.8608,0,14.8608,17.46,88.3343,802,1,0,1760,30.9403,30.9403,40
11.7342,3.28146,0,3.28146,17.44,88.26,661,2,0,1762,30.9183,30.9183,40
11.7744,23.0953,0,23.0953,17.44,88.26,895,7,0,1765,31.0261,31.0261,40
11.7955,14.6669,0,14.6669,17.42,88.1857,661,2,0,1767,31.0611,31.0611,40
11.8063,4.83833,0,4.83833,17.4,88.1114,647,1,0,1768,31.052,31.052,40
11.8236,1.24052,0,1.24052,17.4,88.1114,636,0,0,1768,31.052,31.052,40
11.8476,17.6474,0,17.6474,17.38,88.0371,700,5,0,1772,31.0327,31.0327,40
11.8865,32.3721,0,32.3721,17.36,87.9628,1033,15,0,1775,31.1313,31.1313,40
11.8952,1.27467,0,1.27467,17.34,87.8885,646,0,0,1776,31.1149,31.1149,40
11.9165,1.44369,0,1.44369,17.34,87.8885,641,0,0,1776,31.1149,31.1149,40
11.9315,8.07195,0,8.07195,17.32,87.8142,690,2,0,1779,31.077,31.077,40
11.9461,1.91501,0,1.91501,17.32,87.8142,651,1,0,1780,31.0742,31.0742,40
11.9541,1.03771,0,1.03771,17.3,87.7399,641,0,0,1780,31.0742,31.0742,40
11.9785,5.33716,0,5.33716,17.3,87.7399,651,1,0,1781,31.1129,31.1129,40
11.9928,7.01001,0,7.01001,17.28,87.6656,722,2,0,1784,31.102,31.102,40
12.0233,17.2185,0,17.2185,17.28,87.6656,983,0,0,1785,31.1143,31.1143,40
12.0344,4.91162,0,4.91162,17.26,87.5913,643,1,0,1786,31.1025,31.1025,40
12.0588,8.66147,0,8.66147,17.26,87.5913,735,3,0,1788,31.1141,31.1141,40
12.0807,16.0228,0,16.0228,17.24,87.517,729,2,0,1790,31.1894,31.1894,40
12.0992,11.8793,0,11.8793,17.22,87.4427,684,2,0,1793,31.208,31.208,40
12.1177,9.6606,0,9.6606,17.22,87.4427,636,3,0,1795,31.2212,31.2212,40
12.1286,3.81731,0,3.81731,17.2,87.3684,626,1,0,1796,31.2472,31.2472,40
12.1478,2.41117,0,2.41117,17.2,87.3684,626,1,0,1797,31.2332,31.2332,40
12.1656,11.7368,0,11.7368,17.18,87.2942,636,2,0,1799,31.2768,31.2768,40
12.179,4.66665,0,4.66665,17.18,87.2942,641,1,0,1801,31.3032,31.3032,40
12.1924,6.8409,0,6.8409,17.16,87.2199,653,2,0,1804,31.2844,31.2844,40
12.2269,20.8124,0,20.8124,17.16,87.2199,771,16,0,1807,31.3996,31.3996,40
12.3879,154.748,33.3224,121.425,17.14,87.1456,21567,722,0,1809,31.4212,31.4212,40
12.4327,38.3794,0,38.3794,17.12,88.4665,7236,238,0,1810,31.4376,31.4376,40
12.4436,5.65669,0,5.65669,17.1,88.306,430,1,0,1812,31.4349,31.4349,40
12.476,17.3595,0,17.3595,17.1,88.306,470,2,0,1815,31.4612,31.4612,40
12.4846,3.96817,0,3.96817,17.08,88.1463,462,0,0,1817,31.4975,31.4975,40
12.5329,31.553,0,31.553,17.08,88.1463,2002,31,0,1818,31.6293,31.6293,40
12.5549,16.8188,0,16.8188,17.06,88.003,798,2,0,1822,31.6877,31.6877,40
12.5657,5.88192,0,5.88192,17.04,87.872,438,1,0,1823,31.7751,31.7751,40
12.6026,21.63,0,21.63,17.04,87.872,471,4,0,1826,31.7547,31.7547,40
12.6278,20.5478,0,20.5478,17.02,87.7406,784,13,0,1829,31.7884,31.7884,39.9985
12.6344,1.80224,0,1.80224,17,87.6092,465,1,0,1830,31.7803,31.7803,39.9947
12.6753,21.8623,0,21.8623,17,87.6092,509,4,0,1833,31.97,31.9694,39.9833
12.6876,7.42953,0,7.42953,16.98,87.4778,507,3,0,1836,32.0294,32.0289,39.972
12.7164,15.8836,0,15.8836,16.98,87.4778,551,6,0,1841,32.1396,32.1385,39.9531
12.7263,4.20993,0,4.20993,16.96,87.3463,457,2,0,1843,32.1129,32.1118,39.9456
12.745,2.02698,0,2.02698,16.96,87.3463,456,0,0,1845,32.0878,32.0867,39.9381
12.7537,3.40374,0,3.40374,16.94,87.2148,522,2,0,1848,32.066,32.0649,39.9268
12.7859,14.4666,0,14.4666,16.94,87.2148,469,3,0,1850,32.0697,32.0686,39.9194
12.8006,9.98515,0,9.98515,16.92,87.0831,506,3,0,1852,32.047,32.0459,39.9119
12.8176,5.72307,0,5.72307,16.92,87.0831,444,1,0,1853,32.034,32.0329,39.9081
12.8242,1.75497,0,1.75497,16.9,86.9513,444,1,0,1854,32.0442,32.0431,39.9044
12.8466,2.65336,0,2.65336,16.9,86.9513,444,1,0,1855,32.055,32.0539,39.9007
12.861,9.0764,0,9.0764,16.88,86.8193,464,4,0,1858,32.0172,32.0161,39.8895
12.8864,13.4376,0,13.4376,16.88,86.8193,454,2,0,1860,32.0167,32.0156,39.882
12.9059,14.952,0,14.952,16.86,86.6871,575,4,0,1864,32.0832,32.0842,39.8672
12.9158,4.12169,0,4.12169,16.84,86.5853,455,1,0,1865,32.0745,32.0756,39.8635
12.9475,15.3877,0,15.3877,16.84,86.5853,464,1,0,1868,32.0573,32.0584,39.8524
12.9582,5.60562,0,5.60562,16.82,86.498,452,1,0,1869,32.0562,32.0572,39.8487
12.9779,4.84436,0,4.84436,16.82,86.498,494,2,0,1871,32.0599,32.0609,39.8413
12.9899,7.02806,0,7.02806,16.8,86.4108,460,3,0,1874,32.0571,32.0582,39.8302
13.0103,6.32493,0,6.32493,16.8,86.4108,446,1,0,1876,32.0267,32.0277,39.8228
13.028,13.1053,0,13.1053,16.78,86.3235,616,3,0,1879,32.0878,32.0894,39.8118
13.0403,4.14777,0,4.14777,16.78,86.3235,442,1,0,1880,32.1207,32.1223,39.8081
13.0539,8.6626,0,8.6626,16.76,86.2362,437,0,0,1881,32.1292,32.1308,39.8045
13.0819,15.3235,0,15.3235,16.76,86.2362,443,4,0,1883,32.1811,32.1827,39.7971
13.0901,3.83625,0,3.83625,16.74,86.149,422,2,0,1884,32.1704,32.172,39.7935
13.1201,12.2136,0,12.2136,16.74,86.149,467,2,0,1887,32.2268,32.2284,39.7825
13.1381,13.2266,0,13.2266,16.72,86.0617,600,4,0,1890,32.3143,32.3153,39.7715
13.1578,11.745,0,11.745,16.72,86.0617,656,0,0,1891,32.431,32.432,39.7679
13.1716,9.10349,0,9.10349,16.7,85.9744,430,1,0,1892,32.4281,32.4292,39.7642
13.2101,26.5806,0,26.5806,16.7,85.9744,769,10,0,1895,32.5288,32.5346,39.7533
13.2214,6.34373,0,6.34373,16.68,85.8872,446,2,0,1897,32.5783,32.5841,39.746
13.2457,9.44339,0,9.44339,16.68,85.8872,427,2,0,1898,32.5622,32.568,39.7424
13.2594,9.41682,0,9.41682,16.66,85.7999,442,4,0,1899,32.5524,32.5582,39.7387
13.2888,17.6422,0,17.6422,16.66,85.7999,441,3,0,1901,32.5592,32.5655,39.7315
13.3201,26.7362,0,26.7362,16.64,86.9605,923,11,0,1903,32.6164,32.6374,39.7242
13.3412,15.1814,0,15.1814,16.62,86.7852,446,5,0,1906,32.6469,32.6674,39.7134
13.3538,7.76652,0,7.76652,16.6,86.6097,408,1,0,1907,32.6387,32.6592,39.7098
13.3771,10.1457,0,10.1457,16.6,86.6097,432,0,0,1909,32.6134,32.6338,39.7025
13.3866,5.49476,0,5.49476,16.58,86.4342,434,1,0,1911,32.6405,32.6609,39.6953
13.414,11.5431,0,11.5431,16.58,86.4342,427,3,0,1914,32.6468,32.6672,39.6845
13.4282,9.67736,0,9.67736,16.56,86.2584,398,1,0,1915,32.6303,32.6507,39.6809
13.4481,8.51975,0,8.51975,16.56,86.2584,408,2,0,1917,32.6844,32.7047,39.6737
13.4651,12.142,0,12.142,16.54,86.0824,537,5,0,1920,32.7656,32.7859,39.663
13.4825,8.21433,0,8.21433,16.54,86.0824,416,2,0,1923,32.7317,32.752,39.6522
13.5512,63.7613,8.69379,55.0675,16.52,85.9062,9042,271,0,1926,32.5893,32.6064,39.6415
13.5714,14.5452,0,14.5452,16.5,85.7298,394,2,0,1928,32.6151,32.6323,39.6344
13.5834,6.18284,0,6.18284,16.5,85.7298,404,2,0,1930,32.6409,32.658,39.6272
13.6068,18.5796,0,18.5796,16.48,85.5716,543,4,0,1933,32.6746,32.6932,39.6166
13.6197,7.99305,0,7.99305,16.46,85.4157,805,0,0,1934,32.7275,32.7461,39.613
13.6433,10.9483,0,10.9483,16.46,85.4157,497,1,0,1936,32.8342,32.8528,39.6059
13.6538,5.69672,0,5.69672,16.44,85.2588,500,1,0,1937,32.8859,32.9045,39.6023
13.6709,1.69633,0,1.69633,16.44,85.2588,390,1,0,1938,32.8751,32.8937,39.5988
13.683,7.30871,0,7.30871,16.42,85.1007,372,1,0,1939,32.8587,32.8773,39.5953
13.7007,3.9477,0,3.9477,16.42,85.1007,372,1,0,1940,32.8562,32.8747,39.5917
13.7202,14.8396,0,14.8396,16.4,84.9416,382,2,0,1942,32.8975,32.9161,39.5846
13.7431,16.9974,0,16.9974,16.4,84.9416,482,9,0,1943,32.9279,32.9449,39.5811
13.7653,17.2904,0,17.2904,16.38,84.7812,456,1,0,1946,32.9363,32.9532,39.5705
13.7761,5.96981,0,5.96981,16.36,84.6197,384,1,0,1947,32.943,32.9599,39.567
13.7943,3.51809,0,3.51809,16.36,84.6197,384,1,0,1948,32.9779,32.9949,39.5634
13.8087,9.79025,0,9.79025,16.34,84.4569,374,1,0,1949,32.9666,32.9836,39.5599
13.8279,8.00605,0,8.00605,16.34,84.4569,515,0,0,1950,32.9656,32.9826,39.5564
13.8425,10.1101,0,10.1101,16.32,84.2929,410,1,0,1952,33.0743,33.0912,39.5493
13.8615,8.69714,0,8.69714,16.32,84.2929,374,2,0,1954,33.0926,33.1095,39.5423
13.8783,11.8409,0,11.8409,16.3,84.1283,374,2,0,1957,33.1369,33.1538,39.5318
13.9054,18.7364,0,18.7364,16.3,84.1283,384,4,0,1960,33.1393,33.1561,39.5213
13.9176,7.11282,0,7.11282,16.28,83.9628,362,1,0,1961,33.1606,33.1775,39.5178
13.9346,3.35041,0,3.35041,16.28,83.9628,371,1,0,1962,33.1621,33.1789,39.5143
13.941,1.7548,0,1.7548,16.26,83.7961,347,0,0,1963,33.1472,33.164,39.5108
13.9863,25.8608,0,25.8608,16.26,83.7961,384,4,0,1966,33.2304,33.2472,39.5003
14.0052,14.0552,0,14.0552,16.24,83.6282,382,1,0,1968,33.3633,33.3801,39.4933
14.0214,10.166,0,10.166,16.24,83.6282,392,4,0,1970,33.436,33.4518,39.4864
14.0356,9.34754,0,9.34754,16.22,83.4597,366,1,0,1971,33.4749,33.4906,39.4829
14.0569,10.3977,0,10.3977,16.22,83.4597,395,2,0,1974,33.4529,33.4686,39.4725
14.0699,8.0145,0,8.0145,16.2,83.2907,376,2,0,1976,33.4752,33.4909,39.4655
14.0869,4.65048,0,4.65048,16.2,83.2907,384,2,0,1978,33.4717,33.4874,39.4586
14.106,13.9599,0,13.9599,16.18,83.1212,623,1,0,1981,33.472,33.4876,39.4482
14.1249,12.8787,0,12.8787,16.18,83.1212,377,2,0,1983,33.5179,33.5335,39.4413
14.1311,1.10882,0,1.10882,16.16,82.9512,342,0,0,1983,33.5179,33.5335,39.4413
14.1652,15.0919,0,15.0919,16.16,82.9512,365,2,0,1985,33.5486,33.5642,39.4344
14.1799,10.2614,0,10.2614,16.14,82.7806,372,3,0,1988,33.5277,33.5433,39.4241
14.1927,2.56867,0,2.56867,16.14,82.7806,352,1,0,1989,33.5319,33.5475,39.4206
14.1992,1.93157,0,1.93157,16.12,82.6094,414,0,0,1990,33.5312,33.5467,39.4172
14.2197,1.44669,0,1.44669,16.12,82.6094,342,0,0,1990,33.5312,33.5467,39.4172
14.2369,12.2429,0,12.2429,16.1,82.4377,362,4,0,1992,33.6084,33.624,39.4103
14.2558,10.7111,0,10.7111,16.1,82.4377,372,3,0,1995,33.6797,33.6952,39.4
14.266,4.9974,0,4.9974,16.08,82.2653,362,2,0,1997,33.7151,33.7306,39.3931
14.305,23.5926,0,23.5926,16.08,82.2653,375,4,0,2000,33.757,33.7725,39.3829
14.3267,17.1873,0,17.1873,16.06,82.0932,382,3,0,2003,33.7394,33.7564,39.3726
14.344,12.6446,0,12.6446,16.04,81.9513,390,2,0,2006,33.8415,33.8584,39.3624
14.3603,8.51505,0,8.51505,16.04,81.9513,377,2,0,2008,33.8516,33.8685,39.3556
14.37,4.98833,0,4.98833,16.02,81.8093,367,1,0,2009,33.8746,33.8915,39.3522
14.4052,19.2235,0,19.2235,16.02,81.8093,417,1,0,2012,34.0199,34.0368,39.342
14.4238,14.1785,0,14.1785,16,81.6674,414,6,0,2014,34.0755,34.0938,39.3352
14.4344,3.8819,0,3.8819,16,81.6674,358,2,0,2015,34.0873,34.1057,39.3318
14.4407,1.99657,0,1.99657,15.98,81.5255,358,1,0,2016,34.0804,34.0987,39.3284
14.4742,14.312,0,14.312,15.98,81.5255,382,3,0,2018,34.0788,34.0971,39.3216
14.4846,5.79812,0,5.79812,15.96,81.3835,348,1,0,2019,34.1055,34.1238,39.3182
14.5065,6.67873,0,6.67873,15.96,81.3835,354,1,0,2021,34.1212,34.1395,39.3115
14.5155,4.38959,0,4.38959,15.94,81.2416,330,1,0,2022,34.1449,34.1632,39.3081
14.5335,1.29591,0,1.29591,15.94,81.2416,320,0,0,2022,34.1449,34.1632,39.3081
14.5487,10.9109,0,10.9109,15.92,81.0997,420,3,0,2025,34.1353,34.1536,39.298
14.5726,13.6476,0,13.6476,15.92,81.0997,444,1,0,2027,34.1376,34.1559,39.2912
14.5921,15.0407,0,15.0407,15.9,80.9578,974,1,0,2030,34.1468,34.165,39.2811
14.6008,2.43386,0,2.43386,15.9,80.9578,340,1,0,2031,34.1536,34.1718,39.2778
14.6179,12.0654,0,12.0654,15.88,80.8158,362,2,0,2033,34.1579,34.1761,39.2711
14.6324,5.2821,0,5.2821,15.88,80.8158,340,0,0,2035,34.1568,34.1749,39.2644
14.6383,1.35026,0,1.35026,15.86,80.6739,336,0,0,2035,34.1568,34.1749,39.2644
14.6595,1.12306,0,1.12306,15.86,80.6739,336,0,0,2035,34.1568,34.1749,39.2644
14.6751,11.1281,0,11.1281,15.84,80.532,453,2,0,2036,34.2004,34.2195,39.261
14.687,1.56917,0,1.56917,15.84,80.532,354,1,0,2037,34.1851,34.2042,39.2577
14.7922,100.728,17.0412,83.6867,15.82,80.39,13941,603,0,2038,33.9387,34.028,39.2543
14.7994,1.44406,0,1.44406,15.8,80.2481,243,0,0,2038,33.9387,34.028,39.2543
14.8239,5.34999,0,5.34999,15.8,80.2481,255,1,0,2039,33.9676,34.0569,39.251
14.8502,21.7251,0,21.7251,15.78,80.1062,269,1,0,2041,34.0152,34.1044,39.2443
14.8624,8.36756,0,8.36756,15.76,79.9642,263,2,0,2043,34.0724,34.1615,39.2376
14.8807,6.15968,0,6.15968,15.76,79.9642,263,2,0,2045,34.1125,34.2015,39.2309
14.9073,22.4565,0,22.4565,15.74,79.8223,273,3,0,2048,34.1064,34.1958,39.2209
14.9324,21.6892,0,21.6892,15.72,79.6804,296,4,0,2052,34.1623,34.2515,39.2076
14.9459,9.00418,0,9.00418,15.7,79.5385,312,3,0,2054,34.2833,34.3724,39.201
14.9647,7.42449,0,7.42449,15.7,79.5385,286,2,0,2056,34.3137,34.4027,39.1944
14.985,16.4712,0,16.4712,15.68,79.3965,315,4,0,2059,34.3827,34.4716,39.1844
14.9983,8.71136,0,8.71136,15.66,79.2546,258,0,0,2059,34.3827,34.4716,39.1844
15.0152,5.254,0,5.254,15.66,79.2546,268,1,0,2061,34.3916,34.4803,39.1778
15.0253,5.6164,0,5.6164,15.64,79.1127,274,2,0,2062,34.4442,34.533,39.1745
15.0503,10.2893,0,10.2893,15.64,79.1127,326,0,0,2064,34.5111,34.5998,39.1679
15.0674,12.7607,0,12.7607,15.62,78.9707,278,2,0,2066,34.4961,34.5847,39.1613
15.0879,13.0539,0,13.0539,15.62,78.9707,278,2,0,2068,34.5073,34.5957,39.1548
15.1146,22.4061,0,22.4061,15.6,78.8288,700,16,0,2070,34.5725,34.6623,39.1482
15.1306,11.4168,0,11.4168,15.58,78.6869,405,0,0,2071,34.6567,34.7465,39.1449
15.1469,7.36927,0,7.36927,15.58,78.6869,300,1,0,2073,34.6469,34.7366,39.1383
15.1638,12.5099,0,12.5099,15.56,78.545,291,0,0,2075,34.6655,34.7552,39.1318
15.1829,11.1833,0,11.1833,15.56,78.545,311,2,0,2078,34.6516,34.7411,39.1219
15.2032,15.6777,0,15.6777,15.54,78.403,303,3,0,2082,34.6864,34.7747,39.1089
15.2087,1.75492,0,1.75492,15.54,78.403,265,0,0,2083,34.6711,34.7595,39.1056
15.2221,8.92203,0,8.92203,15.52,78.2611,313,2,0,2086,34.6544,34.7426,39.0958
15.2638,29.9531,0,29.9531,15.52,78.2611,849,14,0,2089,34.7726,34.8693,39.086
15.2737,5.60966,0,5.60966,15.5,78.1192,295,1,0,2090,34.8091,34.9057,39.0828
15.29,0.900831,0,0.900831,15.5,78.1192,285,0,0,2090,34.8091,34.9057,39.0828
15.3223,28.4059,0,28.4059,15.48,77.9772,303,1,0,2092,34.9546,35.0511,39.0763
15.3345,7.49563,0,7.49563,15.46,77.8353,323,2,0,2095,34.9632,35.0597,39.0666
15.3619,14.2556,0,14.2556,15.46,77.8353,329,3,0,2099,35.0124,35.1086,39.0536
15.3841,18.4457,0,18.4457,15.44,77.6934,305,3,0,2101,35.0633,35.1594,39.0471
15.4116,23.1378,0,23.1378,15.42,77.5514,301,1,0,2102,35.1622,35.2583,39.0439
15.4368,20.688,0,20.688,15.4,77.4095,314,2,0,2104,35.1773,35.2733,39.0375
15.4455,3.97576,0,3.97576,15.38,77.2676,304,1,0,2105,35.1644,35.2603,39.0342
15.4671,5.27659,0,5.27659,15.38,77.2676,304,2,0,2106,35.1857,35.2816,39.031
15.478,6.68049,0,6.68049,15.36,77.1257,307,1,0,2107,35.2131,35.309,39.0278
15.508,15.4507,0,15.4507,15.36,77.1257,317,2,0,2109,35.2982,35.394,39.0214
15.5288,16.3252,0,16.3252,15.34,76.9837,330,3,0,2112,35.3859,35.4815,39.0117
15.5505,17.173,0,17.173,15.32,76.8418,404,15,0,2116,35.4395,35.535,38.9989
15.5559,0.900605,0,0.900605,15.3,76.6999,300,0,0,2116,35.4395,35.535,38.9989
15.5861,10.286,0,10.286,15.3,76.6999,330,4,0,2119,35.4535,35.5488,38.9893
15.5963,6.14616,0,6.14616,15.28,76.5579,375,2,0,2121,35.4578,35.553,38.9829
15.6377,26.1794,0,26.1794,15.28,76.5579,390,8,0,2125,35.5544,35.6494,38.9701
15.6437,1.63083,0,1.63083,15.26,76.416,322,1,0,2126,35.5513,35.6463,38.9669
15.6636,1.5199,0,1.5199,15.26,76.416,316,1,0,2127,35.543,35.638,38.9637
15.6807,12.6958,0,12.6958,15.24,76.2741,316,2,0,2129,35.6045,35.6994,38.9574
15.6925,3.06441,0,3.06441,15.24,76.2741,306,1,0,2130,35.6272,35.7221,38.9542
15.7112,14.0503,0,14.0503,15.22,76.1322,353,2,0,2133,35.6203,35.715,38.9446
15.7339,15.7866,0,15.7866,15.22,76.1322,349,0,0,2135,35.6979,35.7925,38.9383
15.74,1.16,0,1.16,15.2,75.9902,309,0,0,2135,35.6979,35.7925,38.9383
15.7658,7.01656,0,7.01656,15.2,75.9902,329,2,0,2137,35.6729,35.7674,38.932
15.7841,13.7609,0,13.7609,15.18,75.8483,352,2,0,2139,35.6774,35.7719,38.9256
15.7922,1.95418,0,1.95418,15.18,75.8483,309,0,0,2139,35.6774,35.7719,38.9256
15.8115,14.9028,0,14.9028,15.16,75.7064,341,3,0,2141,35.6483,35.7426,38.9193
15.8246,6.35407,0,6.35407,15.16,75.7064,336,2,0,2143,35.6776,35.7718,38.913
15.8508,21.8038,0,21.8038,15.14,75.5644,334,2,0,2145,35.7352,35.8294,38.9067
15.8697,14.023,0,14.023,15.12,75.4225,369,6,0,2148,35.8268,35.9209,38.8972
15.8968,20.4606,0,20.4606,15.12,75.4225,340,2,0,2150,35.8656,35.9595,38.8909
15.9092,8.29159,0,8.29159,15.1,75.2806,351,2,0,2152,35.855,35.9489,38.8846
15.9341,11.6344,0,11.6344,15.1,75.2806,361,4,0,2156,35.8455,35.9392,38.8721
15.9488,9.79885,0,9.79885,15.08,75.1387,332,1,0,2157,35.8697,35.9634,38.8689
15.9669,7.60362,0,7.60362,15.08,75.1387,405,6,0,2159,35.9245,36.019,38.8627
15.9943,22.5007,0,22.5007,15.06,69.827,385,3,0,2163,35.9524,36.0467,38.8502
16.0159,17.5441,0,17.5441,15.04,69.6273,416,2,0,2166,35.9852,36.0794,38.8408
16.025,4.15478,0,4.15478,15.02,69.4279,347,2,0,2168,35.9958,36.0899,38.8346
16.0677,25.9367,0,25.9367,15.02,69.4279,363,2,0,2171,36.1216,36.2156,38.8252
16.0742,1.80891,0,1.80891,15,69.2289,341,0,0,2172,36.1114,36.2053,38.8221
16.0988,6.00951,0,6.00951,15,69.2289,366,2,0,2174,36.1228,36.2167,38.8159
16.1081,4.17959,0,4.17959,14.98,69.0302,351,0,0,2174,36.1228,36.2167,38.8159
16.1272,2.96693,0,2.96693,14.98,69.0302,371,2,0,2176,36.1222,36.216,38.8097
16.1335,1.31924,0,1.31924,14.96,68.8317,371,0,0,2176,36.1222,36.216,38.8097
16.1824,29.1119,0,29.1119,14.96,68.8317,405,3,0,2179,36.1253,36.2189,38.8004
16.1932,5.84698,0,5.84698,14.94,68.6557,394,2,0,2181,36.1256,36.2192,38.7942
16.2089,1.18451,0,1.18451,14.94,68.6557,374,0,0,2181,36.1256,36.2192,38.7942
16.2231,9.25471,0,9.25471,14.92,68.4874,397,2,0,2183,36.1434,36.2368,38.788
16.2378,2.53744,0,2.53744,14.92,68.4874,397,2,0,2185,36.1259,36.2192,38.7818
16.245,2.05078,0,2.05078,14.9,68.3196,377,0,0,2185,36.1259,36.2192,38.7818
16.2706,6.72144,0,6.72144,14.9,68.3196,432,1,0,2188,36.1321,36.2253,38.7726
16.2827,6.42891,0,6.42891,14.88,68.1659,411,0,0,2189,36.1667,36.2599,38.7695
16.3038,7.24601,0,7.24601,14.88,68.1659,399,1,0,2191,36.1419,36.2351,38.7633
16.3228,13.7039,0,13.7039,14.86,68.0323,421,1,0,2193,36.192,36.285,38.7572
16.3588,29.2922,0,29.2922,14.86,68.0323,471,2,0,2197,36.2289,36.3218,38.7449
16.371,7.0067,0,7.0067,14.84,67.8987,403,2,0,2199,36.2929,36.3856,38.7387
16.3932,8.49129,0,8.49129,14.84,67.8987,434,3,0,2202,36.2965,36.3892,38.7296
16.4062,7.15606,0,7.15606,14.82,67.765,403,2,0,2204,36.3412,36.4338,38.7234
16.4391,19.8091,0,19.8091,14.82,67.765,429,1,0,2207,36.4155,36.5079,38.7143
16.4535,9.72712,0,9.72712,14.8,67.6314,425,1,0,2208,36.5222,36.6146,38.7112
16.4654,1.09592,0,1.09592,14.8,67.6314,376,0,0,2208,36.5222,36.6146,38.7112
16.4754,4.88458,0,4.88458,14.78,67.4977,410,2,0,2210,36.5014,36.5937,38.7051
16.4953,4.06597,0,4.06597,14.78,67.4977,372,0,0,2211,36.498,36.5902,38.7021
16.5035,2.75145,0,2.75145,14.76,67.3641,382,1,0,2213,36.4722,36.5644,38.696
16.5388,17.5689,0,17.5689,14.76,67.3641,402,3,0,2217,36.5192,36.6112,38.6838
16.5488,4.35726,0,4.35726,14.74,67.2304,392,0,0,2219,36.5561,36.648,38.6778
16.5817,16.442,0,16.442,14.74,67.2304,499,3,0,2221,36.5939,36.6875,38.6717
16.594,7.53133,0,7.53133,14.72,67.0968,477,1,0,2223,36.5848,36.6784,38.6656
16.6298,22.2331,0,22.2331,14.72,67.0968,462,2,0,2226,36.6294,36.7228,38.6566
16.6518,16.7599,0,16.7599,14.7,66.9631,561,2,0,2229,36.7272,36.8205,38.6475
16.6664,8.89799,0,8.89799,14.68,66.8295,377,1,0,2230,36.7157,36.809,38.6445
16.68,1.30107,0,1.30107,14.68,66.8295,367,0,0,2230,36.7157,36.809,38.6445
16.6982,12.9199,0,12.9199,14.66,66.6958,419,4,0,2234,36.6996,36.7927,38.6324
16.7109,4.38863,0,4.38863,14.66,66.6958,443,0,0,2235,36.7298,36.8228,38.6294
16.7226,6.2948,0,6.2948,14.64,66.5622,393,1,0,2236,36.7415,36.8345,38.6264
16.7606,22.9196,0,22.9196,14.64,66.5622,464,7,0,2240,36.8152,36.9103,38.6144
16.786,19.8765,0,19.8765,14.62,66.4285,417,2,0,2243,36.8364,36.9313,38.6054
16.803,11.928,0,11.928,14.6,66.2949,407,1,0,2246,36.8304,36.9252,38.5964
16.8331,21.0906,0,21.0906,14.6,66.2949,418,3,0,2250,36.864,36.9587,38.5845
16.8509,12.9877,0,12.9877,14.58,66.1612,433,2,0,2253,36.8584,36.953,38.5755
16.8668,8.69847,0,8.69847,14.58,66.1612,476,2,0,2255,36.9064,37.0009,38.5696
16.8732,1.03494,0,1.03494,14.56,66.0276,395,0,0,2255,36.9064,37.0009,38.5696
16.8985,5.94407,0,5.94407,14.56,66.0276,405,1,0,2256,36.9184,37.0129,38.5666
16.9131,9.03807,0,9.03807,14.54,65.8939,431,2,0,2259,36.8867,36.981,38.5577
16.9581,33.7578,0,33.7578,14.54,65.8939,431,2,0,2261,37.0854,37.1796,38.5517
16.9823,18.8461,0,18.8461,14.52,65.7603,454,2,0,2264,37.1241,37.2182,38.5428
17.0055,18.0711,0,18.0711,14.5,65.6266,452,1,0,2266,37.1492,37.2432,38.5369
17.0155,3.46405,0,3.46405,14.48,65.493,435,1,0,2267,37.1623,37.2563,38.5339
17.0485,15.4376,0,15.4376,14.48,65.493,435,1,0,2268,37.2359,37.3298,38.531
17.0671,13.8061,0,13.8061,14.46,65.3593,463,3,0,2271,37.2779,37.3716,38.5221
17.0893,14.8859,0,14.8859,14.46,65.3593,469,3,0,2274,37.2951,37.3887,38.5133
17.1074,12.8746,0,12.8746,14.44,65.2257,451,1,0,2276,37.3484,37.442,38.5074
17.1218,6.90251,0,6.90251,14.44,65.2257,441,1,0,2278,37.3534,37.4469,38.5015
17.1348,6.77467,0,6.77467,14.42,65.092,444,1,0,2279,37.3484,37.4419,38.4985
17.1602,11.9801,0,11.9801,14.42,65.092,516,2,0,2281,37.4345,37.5278,38.4926
17.1762,9.93183,0,9.93183,14.4,64.9584,454,2,0,2284,37.4479,37.5412,38.4838
17.1938,7.03119,0,7.03119,14.4,64.9584,501,0,0,2286,37.4488,37.542,38.478
17.2129,13.2134,0,13.2134,14.38,64.8247,439,2,0,2288,37.4266,37.5197,38.4721
17.2242,4.1679,0,4.1679,14.38,64.8247,429,1,0,2290,37.4489,37.5419,38.4663
17.2383,8.02816,0,8.02816,14.36,64.6911,472,2,0,2292,37.4878,37.5807,38.4604
17.2517,1.28023,0,1.28023,14.36,64.6911,422,0,0,2292,37.4878,37.5807,38.4604
17.2598,2.36339,0,2.36339,14.34,64.5575,434,1,0,2294,37.4677,37.5606,38.4546
17.287,9.1751,0,9.1751,14.34,64.5575,595,1,0,2296,37.5427,37.6355,38.4487
17.3132,20.1429,0,20.1429,14.32,64.4238,442,2,0,2298,37.5827,37.6754,38.4429
17.3228,4.90873,0,4.90873,14.3,64.2902,452,1,0,2299,37.5785,37.6712,38.44
17.3505,10.886,0,10.886,14.3,64.2902,551,0,0,2300,37.6513,37.7439,38.4371
17.3643,8.00414,0,8.00414,14.28,64.1565,442,1,0,2301,37.6493,37.7419,38.4342
17.3928,16.1378,0,16.1378,14.28,64.1565,439,2,0,2303,37.6622,37.7547,38.4284
17.4152,16.5367,0,16.5367,14.26,64.0229,497,2,0,2307,37.6641,37.7564,38.4167
17.4235,2.48551,0,2.48551,14.24,63.8892,449,1,0,2308,37.6486,37.7409,38.4138
17.4629,21.6769,0,21.6769,14.24,63.8892,469,3,0,2311,37.6646,37.7568,38.4052
17.4757,7.11433,0,7.11433,14.22,63.7556,480,2,0,2314,37.6288,37.7208,38.3965
17.4975,8.25258,0,8.25258,14.22,63.7556,449,0,0,2314,37.6288,37.7208,38.3965
17.5133,10.6283,0,10.6283,14.2,63.6219,499,3,0,2318,37.6385,37.7304,38.3849
17.5273,2.29608,0,2.29608,14.2,63.6219,461,0,0,2319,37.627,37.7188,38.382
17.5378,5.11189,0,5.11189,14.18,63.4883,469,1,0,2320,37.6319,37.7237,38.3792
17.5623,8.44306,0,8.44306,14.18,63.4883,476,1,0,2322,37.6481,37.7399,38.3734
17.5826,14.967,0,14.967,14.16,63.3546,509,0,0,2323,37.7254,37.817,38.3705
17.59,1.06158,0,1.06158,14.14,63.221,459,0,0,2324,37.7139,37.8055,38.3676
17.6115,2.46525,0,2.46525,14.14,63.221,469,1,0,2325,37.7088,37.8004,38.3648
17.62,2.90405,0,2.90405,14.12,63.0873,458,0,0,2326,37.6969,37.7885,38.3619
17.6479,9.42472,0,9.42472,14.12,63.0873,528,1,0,2327,37.7709,37.8625,38.359
17.6622,7.94938,0,7.94938,14.1,62.9537,480,1,0,2329,37.7669,37.8583,38.3533
17.6783,3.5341,0,3.5341,14.1,62.9537,468,1,0,2330,37.7588,37.8502,38.3504
17.6978,13.5623,0,13.5623,14.08,62.82,468,2,0,2332,37.7483,37.8396,38.3447
17.7233,17.8719,0,17.8719,14.08,62.82,568,0,0,2335,37.8317,37.9229,38.3361
17.7302,1.20325,0,1.20325,14.06,62.6864,448,0,0,2335,37.8317,37.9229,38.3361
17.7698,20.1629,0,20.1629,14.06,62.6864,498,5,0,2340,37.8312,37.9222,38.3218
17.7913,15.4685,0,15.4685,14.04,62.5527,467,2,0,2343,37.9496,38.0405,38.3133
17.8145,17.5914,0,17.5914,14.02,62.4191,537,2,0,2346,37.9514,38.0422,38.3047
17.8263,5.85039,0,5.85039,14,62.2854,454,1,0,2348,37.9399,38.0307,38.299
17.8444,4.07063,0,4.07063,14,62.2854,451,1,0,2349,37.9459,38.0366,38.2962
17.9159,65.3629,14.2692,51.0937,13.98,62.1518,5883,150,0,2353,37.6405,37.8164,38.2848
17.9257,3.20408,0,3.20408,13.96,62.0181,467,1,0,2355,37.634,37.8098,38.2792
17.9534,10.4162,0,10.4162,13.96,62.0181,467,1,0,2356,37.6193,37.795,38.2763
17.9655,6.25695,0,6.25695,13.94,61.8845,477,2,0,2358,37.6137,37.7892,38.2707
17.9935,13.5921,0,13.5921,13.94,61.8845,482,2,0,2361,37.5875,37.7628,38.2622
18.0099,10.1255,0,10.1255,13.92,61.7508,486,2,0,2364,37.6332,37.8084,38.2537
18.0251,4.43938,0,4.43938,13.92,61.7508,476,1,0,2366,37.6361,37.8111,38.2481
18.032,0.935022,0,0.935022,13.9,61.6172,457,0,0,2366,37.6361,37.8111,38.2481
18.0728,20.4589,0,20.4589,13.9,61.6172,496,3,0,2369,37.6674,37.8421,38.2397
18.0837,5.5147,0,5.5147,13.88,61.4835,476,1,0,2370,37.6966,37.8713,38.2368
18.1004,0.955014,0,0.955014,13.88,61.4835,457,0,0,2370,37.6966,37.8713,38.2368
18.1072,1.29843,0,1.29843,13.86,61.3499,457,0,0,2370,37.6966,37.8713,38.2368
18.1359,8.98727,0,8.98727,13.86,61.3499,472,0,0,2372,37.6699,37.8444,38.2312
18.1575,16.2612,0,16.2612,13.84,61.2163,497,4,0,2376,37.6595,37.8338,38.22
18.1696,5.76576,0,5.76576,13.82,61.0826,457,1,0,2378,37.648,37.8221,38.2144
18.1912,6.61341,0,6.61341,13.82,61.0826,488,1,0,2381,37.6716,37.8454,38.206
18.2092,12.478,0,12.478,13.8,60.949,466,2,0,2385,37.6285,37.8021,38.1948
18.2201,1.80068,0,1.80068,13.8,60.949,437,0,0,2385,37.6285,37.8021,38.1948
18.2365,10.6032,0,10.6032,13.78,60.8153,457,2,0,2387,37.654,37.8274,38.1892
18.2513,4.64908,0,4.64908,13.78,60.8153,447,1,0,2388,37.6445,37.8178,38.1865
18.2685,11.6026,0,11.6026,13.76,60.6817,467,2,0,2390,37.6305,37.8038,38.1809
18.2941,16.9014,0,16.9014,13.76,60.6817,477,3,0,2393,37.6832,37.8562,38.1725
18.3008,0.766028,0,0.766028,13.74,60.548,437,0,0,2393,37.6832,37.8562,38.1725
18.3219,1.50089,0,1.50089,13.74,60.548,437,0,0,2393,37.6832,37.8562,38.1725
18.3501,22.7492,0,22.7492,13.72,60.4144,456,2,0,2395,37.7065,37.8793,38.167
18.3571,0.829954,0,0.829954,13.7,60.2807,427,0,0,2395,37.7065,37.8793,38.167
18.3814,5.01772,0,5.01772,13.7,60.2807,437,1,0,2396,37.7191,37.8919,38.1642
18.4267,39.0808,0,39.0808,13.68,60.1471,464,3,0,2399,37.8762,38.0488,38.1559
18.4625,30.1482,0,30.1482,13.66,60.0134,633,14,0,2402,37.9163,38.092,38.1476
18.4865,17.8879,0,17.8879,13.64,59.8798,440,2,0,2404,37.9875,38.1631,38.142
18.4942,1.22339,0,1.22339,13.62,59.7461,400,0,0,2404,37.9875,38.1631,38.142
18.5251,11.4945,0,11.4945,13.62,59.7461,427,2,0,2406,38.005,38.1804,38.1365
18.5371,6.8974,0,6.8974,13.6,59.6125,420,2,0,2408,37.9925,38.1678,38.131
18.558,5.95648,0,5.95648,13.6,59.6125,420,2,0,2410,38.0017,38.1768,38.1255
18.5668,3.32528,0,3.32528,13.58,59.4788,420,2,0,2412,37.9946,38.1696,38.12
18.5874,2.51658,0,2.51658,13.58,59.4788,410,1,0,2413,37.9855,38.1604,38.1172
18.6047,12.1389,0,12.1389,13.56,59.3452,437,1,0,2415,38.0021,38.1768,38.1117
18.6259,11.7989,0,11.7989,13.56,59.3452,446,2,0,2417,38.0774,38.252,38.1062
18.6517,20.5667,0,20.5667,13.54,59.2115,438,2,0,2420,38.1322,38.3066,38.098
18.6728,15.4588,0,15.4588,13.52,59.0779,456,2,0,2422,38.1635,38.3377,38.0925
18.7113,32.2685,0,32.2685,13.5,58.9442,450,3,0,2425,38.2107,38.3847,38.0843
18.7224,4.61102,0,4.61102,13.48,58.8106,456,2,0,2427,38.234,38.4079,38.0788
18.7445,6.73346,0,6.73346,13.48,58.8106,450,2,0,2429,38.2091,38.3829,38.0733
18.7847,32.2021,0,32.2021,13.46,58.6769,463,2,0,2431,38.2431,38.4167,38.0678
18.7957,5.18994,0,5.18994,13.44,58.5433,491,2,0,2434,38.2477,38.4211,38.0597
18.8128,1.25405,0,1.25405,13.44,58.5433,433,0,0,2434,38.2477,38.4211,38.0597
18.8296,11.622,0,11.622,13.42,58.4096,443,2,0,2436,38.2262,38.3994,38.0542
18.8532,14.1803,0,14.1803,13.42,58.4096,470,2,0,2438,38.2719,38.445,38.0488
18.8699,10.8944,0,10.8944,13.4,58.276,453,3,0,2441,38.3298,38.5027,38.0406
18.8813,1.56815,0,1.56815,13.4,58.276,423,0,0,2441,38.3298,38.5027,38.0406
18.8924,5.77291,0,5.77291,13.38,58.1423,434,1,0,2443,38.3422,38.5149,38.0352
18.91,1.96513,0,1.96513,13.38,58.1423,423,0,0,2443,38.3422,38.5149,38.0352
18.9286,13.403,0,13.403,13.36,58.0087,465,4,0,2447,38.3314,38.5039,38.0243
18.9569,20.7188,0,20.7188,13.36,58.0087,433,2,0,2449,38.3487,38.521,38.0189
18.9645,1.29982,0,1.29982,13.34,57.8751,413,0,0,2449,38.3487,38.521,38.0189
18.9972,13.7033,0,13.7033,13.34,57.8751,434,2,0,2453,38.3567,38.5287,38.0081
19.0047,1.95555,0,1.95555,13.32,57.7414,423,1,0,2454,38.3468,38.5187,38.0054
19.0366,12.811,0,12.811,13.32,57.7414,433,2,0,2458,38.3096,38.4813,37.9946
19.0482,6.02919,0,6.02919,13.3,57.6078,423,1,0,2459,38.3176,38.4892,37.9919
19.0876,25.024,0,25.024,13.3,57.6078,443,3,0,2462,38.3188,38.4903,37.9838
19.0954,1.53807,0,1.53807,13.28,57.4741,420,0,0,2463,38.3041,38.4754,37.9811
19.129,14.2142,0,14.2142,13.28,57.4741,483,3,0,2465,38.3193,38.4897,37.9758
19.1399,5.68037,0,5.68037,13.26,57.3405,430,1,0,2466,38.3216,38.4919,37.9731
19.1652,9.8121,0,9.8121,13.26,57.3405,440,2,0,2468,38.3359,38.5061,37.9677
19.194,23.0233,0,23.0233,13.24,57.2068,430,2,0,2470,38.3992,38.5692,37.9623
19.2098,10.6835,0,10.6835,13.22,57.0732,523,11,0,2473,38.4711,38.6336,37.9543
19.2238,3.13816,0,3.13816,13.22,57.0732,420,1,0,2474,38.4818,38.6443,37.9516
19.2468,17.6401,0,17.6401,13.2,56.9395,450,3,0,2476,38.5105,38.6729,37.9463
19.2712,18.1569,0,18.1569,13.18,56.8059,727,20,0,2478,38.567,38.7425,37.9409
19.2917,13.6276,0,13.6276,13.16,56.6722,460,2,0,2480,38.5867,38.7621,37.9356
19.3159,18.8487,0,18.8487,13.14,56.5386,491,3,0,2483,38.6754,38.8506,37.9276
19.3246,2.34638,0,2.34638,13.12,56.4049,556,0,0,2484,38.6771,38.8523,37.9249
19.3693,26.3235,0,26.3235,13.12,56.4049,494,3,0,2488,38.7283,38.9031,37.9143
19.3799,4.08335,0,4.08335,13.1,56.2713,447,1,0,2490,38.7024,38.8771,37.909
19.3994,3.34642,0,3.34642,13.1,56.2713,453,1,0,2491,38.7298,38.9045,37.9063
19.4114,5.29575,0,5.29575,13.08,56.1376,447,1,0,2492,38.7167,38.8913,37.9037
19.43,3.91885,0,3.91885,13.08,56.1376,457,2,0,2494,38.6969,38.8713,37.8984
19.4582,21.6613,0,21.6613,13.06,56.004,756,13,0,2495,38.7327,38.9238,37.8957
19.4674,3.33399,0,3.33399,13.04,55.8703,519,1,0,2497,38.7273,38.9183,37.8904
19.4993,14.0934,0,14.0934,13.04,55.8703,491,1,0,2498,38.7658,38.9568,37.8878
19.5073,1.53503,0,1.53503,13.02,55.7367,481,0,0,2498,38.7658,38.9568,37.8878
19.5315,5.35134,0,5.35134,13.02,55.7367,491,1,0,2499,38.7863,38.9772,37.8851
19.5476,9.4832,0,9.4832,13,55.603,511,3,0,2502,38.7566,38.9472,37.8772
19.5687,10.3278,0,10.3278,13,55.603,498,0,0,2504,38.7292,38.9197,37.8719
19.5821,6.82635,0,6.82635,12.98,55.4694,544,1,0,2507,38.7056,38.8959,37.864
19.6004,4.43609,0,4.43609,12.98,55.4694,491,1,0,2508,38.691,38.8812,37.8614
19.6199,12.7624,0,12.7624,12.96,55.3357,491,2,0,2510,38.7028,38.8928,37.8561
19.6414,13.9848,0,13.9848,12.96,55.3357,499,2,0,2513,38.6693,38.8591,37.8482
19.6672,19.3944,0,19.3944,12.94,55.2021,554,3,0,2516,38.785,38.9746,37.8404
19.6819,8.2217,0,8.2217,12.92,55.0684,488,0,0,2516,38.785,38.9746,37.8404
19.6953,1.59204,0,1.59204,12.92,55.0684,488,0,0,2516,38.785,38.9746,37.8404
19.7173,15.107,0,15.107,12.9,54.9348,521,4,0,2520,38.7849,38.9742,37.8299
19.7267,3.39867,0,3.39867,12.88,54.8011,491,1,0,2521,38.7842,38.9734,37.8273
19.7689,24.7176,0,24.7176,12.88,54.8011,521,4,0,2525,38.8214,39.0103,37.8168
19.789,14.2873,0,14.2873,12.86,54.6675,517,3,0,2529,38.8161,39.0047,37.8064
19.8116,16.266,0,16.266,12.84,54.5338,486,0,0,2531,38.8088,38.9972,37.8011
19.8372,19.3164,0,19.3164,12.82,54.4002,520,2,0,2534,38.8942,39.0825,37.7933
19.844,0.797744,0,0.797744,12.8,54.2666,481,0,0,2534,38.8942,39.0825,37.7933
19.8676,3.12828,0,3.12828,12.8,54.2666,501,2,0,2536,38.8774,39.0655,37.7881
19.8743,0.895334,0,0.895334,12.78,54.1329,491,0,0,2536,38.8774,39.0655,37.7881
19.9137,18.9989,0,18.9989,12.78,54.1329,540,4,0,2540,38.9079,39.0957,37.7777
20.0043,83.8146,39.113,44.7015,12.76,53.9993,8104,262,0,2542,38.7191,38.9622,37.7725
20.0308,19.7491,0,19.7491,12.74,53.8656,488,1,0,2545,38.7018,38.9446,37.7648
20.05,13.6261,0,13.6261,12.72,53.732,496,2,0,2550,38.6447,38.8871,37.7518
20.0627,6.67699,0,6.67699,12.72,53.732,493,2,0,2552,38.6462,38.8883,37.7467
20.0713,2.27384,0,2.27384,12.7,53.5983,473,0,0,2553,38.6377,38.8797,37.7441
20.0965,7.46566,0,7.46566,12.7,53.5983,483,1,0,2554,38.6688,38.9107,37.7415
20.1183,15.876,0,15.876,12.68,53.4647,565,3,0,2558,38.6744,38.9159,37.7312
20.1342,10.6614,0,10.6614,12.66,53.331,485,2,0,2560,38.6719,38.9133,37.7261
20.1538,9.16429,0,9.16429,12.66,53.331,490,1,0,2562,38.66,38.9012,37.7209
20.1742,14.6575,0,14.6575,12.64,53.1974,475,0,0,2563,38.6863,38.9274,37.7184
20.1873,7.58048,0,7.58048,12.62,53.0637,475,1,0,2565,38.6967,38.9376,37.7132
20.2254,24.1937,0,24.1937,12.62,53.0637,495,3,0,2568,38.6741,38.9147,37.7055
20.2352,4.27351,0,4.27351,12.6,52.9301,475,1,0,2570,38.6626,38.9031,37.7004
20.254,2.74291,0,2.74291,12.6,52.9301,475,1,0,2571,38.6488,38.8891,37.6978
20.272,12.097,0,12.097,12.58,52.7964,476,1,0,2573,38.6351,38.8752,37.6927
20.2876,7.06129,0,7.06129,12.58,52.7964,489,1,0,2576,38.6642,38.9041,37.6851
20.2962,2.74511,0,2.74511,12.56,52.6628,465,0,0,2576,38.6642,38.9041,37.6851
20.3202,6.34209,0,6.34209,12.56,52.6628,475,1,0,2577,38.6702,38.91,37.6825
20.3348,8.88171,0,8.88171,12.54,52.5291,485,2,0,2579,38.6429,38.8825,37.6774
20.3806,34.066,0,34.066,12.54,52.5291,516,4,0,2583,38.7542,38.9934,37.6672
20.3892,2.93526,0,2.93526,12.52,52.3955,475,1,0,2584,38.7396,38.9787,37.6647
20.4117,4.61471,0,4.61471,12.52,52.3955,475,1,0,2586,38.7262,38.9652,37.6596
20.4214,4.41275,0,4.41275,12.5,52.2618,489,0,0,2588,38.7342,38.973,37.6545
20.4554,16.8998,0,16.8998,12.5,52.2618,483,1,0,2589,38.7377,38.9764,37.652
20.4879,26.2774,0,26.2774,12.48,52.1282,551,3,0,2593,38.7836,39.022,37.6418
20.5009,6.64628,0,6.64628,12.46,51.9945,471,1,0,2594,38.7826,39.0208,37.6393
20.5434,28.8706,0,28.8706,12.46,51.9945,481,2,0,2596,38.8521,39.0901,37.6342
20.5535,4.53076,0,4.53076,12.44,51.8609,497,2,0,2598,38.8437,39.0816,37.6292
20.5809,10.5644,0,10.5644,12.44,51.8609,500,2,0,2601,38.8262,39.0638,37.6216
20.601,14.4622,0,14.4622,12.42,51.7272,519,2,0,2605,38.9083,39.1455,37.6115
20.6419,34.6466,0,34.6466,12.4,51.5936,506,3,0,2608,38.9498,39.1867,37.6039
20.6514,3.9807,0,3.9807,12.38,51.4599,486,1,0,2609,38.9697,39.2066,37.6014
20.6769,8.50329,0,8.50329,12.38,51.4599,566,1,0,2612,38.9847,39.2213,37.5939
20.709,26.2681,0,26.2681,12.36,51.3263,515,2,0,2615,39.0375,39.2738,37.5863
20.717,1.95175,0,1.95175,12.34,51.1926,488,0,0,2616,39.0378,39.2741,37.5838
20.7548,19.0007,0,19.0007,12.34,51.1926,526,4,0,2620,39.0763,39.3122,37.5738
20.7664,5.36591,0,5.36591,12.32,51.059,498,1,0,2621,39.0652,39.301,37.5713
20.7852,3.18737,0,3.18737,12.32,51.059,498,1,0,2622,39.0557,39.2914,37.5688
20.7938,2.17166,0,2.17166,12.3,50.9254,508,1,0,2623,39.0446,39.2802,37.5663
20.8196,7.81746,0,7.81746,12.3,50.9254,508,1,0,2624,39.0983,39.3338,37.5638
20.8461,20.2416,0,20.2416,12.28,50.7917,539,2,0,2626,39.1965,39.4318,37.5588
20.8557,3.69317,0,3.69317,12.26,50.6581,504,0,0,2627,39.1823,39.4176,37.5563
20.8759,2.32829,0,2.32829,12.26,50.6581,504,0,0,2628,39.1689,39.4041,37.5538
20.9125,30.8827,0,30.8827,12.24,50.5244,583,3,0,2630,39.2274,39.4608,37.5488
20.926,6.89647,0,6.89647,12.22,50.3908,537,0,0,2632,39.22,39.4533,37.5438
20.9521,12.4796,0,12.4796,12.22,50.3908,579,4,0,2636,39.2656,39.4985,37.5339
20.9596,1.33938,0,1.33938,12.2,50.2571,537,1,0,2637,39.2537,39.4865,37.5314
20.9997,21.1422,0,21.1422,12.2,50.2571,547,2,0,2639,39.2558,39.4884,37.5264
21.0086,2.2796,0,2.2796,12.18,50.1235,538,1,0,2640,39.2455,39.478,37.524
21.0355,8.05382,0,8.05382,12.18,50.1235,570,2,0,2642,39.2744,39.5068,37.519
21.0481,6.68179,0,6.68179,12.16,49.9898,547,1,0,2645,39.2601,39.4922,37.5116
21.0652,2.12908,0,2.12908,12.16,49.9898,535,1,0,2646,39.246,39.4781,37.5091
21.1079,36.546,0,36.546,12.14,49.8562,545,2,0,2648,39.3954,39.6273,37.5041
21.1172,2.84917,0,2.84917,12.12,49.7225,525,0,0,2648,39.3954,39.6273,37.5041
21.1364,1.3926,0,1.3926,12.12,49.7225,525,0,0,2648,39.3954,39.6273,37.5041
21.1433,1.29801,0,1.29801,12.1,49.5889,522,0,0,2648,39.3954,39.6273,37.5041
21.1707,7.19544,0,7.19544,12.1,49.5889,551,2,0,2650,39.4011,39.6328,37.4992
21.208,30.8727,0,30.8727,12.08,49.4552,664,5,0,2653,39.4599,39.6902,37.4918
21.2198,5.40546,0,5.40546,12.06,49.3216,563,3,0,2656,39.4646,39.6947,37.4844
21.2363,1.50039,0,1.50039,12.06,49.3216,533,0,0,2656,39.4646,39.6947,37.4844
21.326,83.7849,20.7723,63.0126,12.04,49.1879,9068,604,0,2659,39.2911,39.5799,37.477
21.3602,28.2798,0,28.2798,12.02,59.9423,4783,80,0,2661,39.1676,39.4803,37.4721
21.3751,9.24267,0,9.24267,12,59.7571,299,1,0,2664,39.1486,39.461,37.4647
21.3984,11.7784,0,11.7784,12,59.7571,267,1,0,2665,39.1497,39.4619,37.4622
21.4061,3.32059,0,3.32059,11.98,59.5741,269,1,0,2666,39.1407,39.4527,37.4598
21.4309,7.04676,0,7.04676,11.98,59.5741,300,1,0,2668,39.1331,39.4449,37.4549
21.4491,13.8975,0,13.8975,11.96,59.3928,288,2,0,2670,39.1333,39.4449,37.45
21.4592,3.08973,0,3.08973,11.96,59.3928,278,1,0,2671,39.1374,39.4489,37.4475
21.4658,2.02344,0,2.02344,11.94,59.2134,270,0,0,2672,39.1269,39.4382,37.4451
21.4871,2.1736,0,2.1736,11.94,59.2134,270,0,0,2673,39.113,39.4242,37.4426
21.5029,11.0364,0,11.0364,11.92,59.0357,300,3,0,2676,39.145,39.4559,37.4353
21.5245,11.334,0,11.334,11.92,59.0357,270,0,0,2677,39.1307,39.4415,37.4329
21.5672,38.4836,0,38.4836,11.9,58.8597,273,2,0,2680,39.2284,39.5388,37.4255
21.5837,11.7914,0,11.7914,11.88,58.6855,254,0,0,2680,39.2284,39.5388,37.4255
21.5965,3.2209,0,3.2209,11.88,58.6855,274,0,0,2681,39.2309,39.5412,37.4231
21.6052,4.39214,0,4.39214,11.86,58.5129,264,1,0,2682,39.2181,39.5283,37.4207
21.6255,3.05184,0,3.05184,11.86,58.5129,264,1,0,2683,39.2046,39.5147,37.4182
21.6526,22.8436,0,22.8436,11.84,58.3421,368,1,0,2685,39.2898,39.5996,37.4134
21.6584,0.950735,0,0.950735,11.82,58.1729,245,0,0,2685,39.2898,39.5996,37.4134
21.6794,1.33983,0,1.33983,11.82,58.1729,245,0,0,2685,39.2898,39.5996,37.4134
21.6992,15.3305,0,15.3305,11.8,59.2689,246,2,0,2687,39.3282,39.6379,37.4085
21.7082,4.40713,0,4.40713,11.8,59.2689,254,2,0,2689,39.3243,39.6337,37.4036
21.726,12.6683,0,12.6683,11.78,57.8393,255,2,0,2691,39.317,39.6262,37.3988
21.7431,9.50036,0,9.50036,11.78,57.8393,245,2,0,2692,39.3143,39.6233,37.3963
21.749,0.756752,0,0.756752,11.76,59.0012,225,0,0,2692,39.3143,39.6233,37.3963
21.7737,5.35957,0,5.35957,11.76,59.0012,239,1,0,2693,39.3405,39.6495,37.3939
21.7957,16.6886,0,16.6886,11.74,57.5575,249,1,0,2694,39.3534,39.6622,37.3915
21.8306,30.7345,0,30.7345,11.72,57.394,302,3,0,2698,39.4418,39.7502,37.3818
21.8368,1.24728,0,1.24728,11.7,57.231,220,0,0,2698,39.4418,39.7502,37.3818
21.8593,2.90993,0,2.90993,11.7,57.231,230,1,0,2699,39.4642,39.7725,37.3794
21.8648,1.49311,0,1.49311,11.68,57.0684,228,1,0,2700,39.4574,39.7656,37.377
21.8931,8.00253,0,8.00253,11.68,57.0684,231,1,0,2702,39.4375,39.7454,37.3721
21.908,10.486,0,10.486,11.66,56.9064,218,0,0,2702,39.4375,39.7454,37.3721
21.9288,9.93217,0,9.93217,11.66,56.9064,248,3,0,2705,39.4233,39.7309,37.3649
21.94,6.70908,0,6.70908,11.64,56.7447,226,0,0,2706,39.4383,39.7458,37.3625
21.9679,13.1254,0,13.1254,11.64,56.7447,226,1,0,2707,39.4854,39.7928,37.3601
21.9916,19.4479,0,19.4479,11.62,58.2897,245,2,0,2711,39.4378,39.7447,37.3504
22.0133,16.6617,0,16.6617,11.6,56.4827,226,1,0,2712,39.5011,39.8079,37.348
22.0236,5.54619,0,5.54619,11.58,56.3231,216,0,0,2713,39.488,39.7947,37.3456
22.0409,2.38871,0,2.38871,11.58,56.3231,226,1,0,2715,39.47,39.7764,37.3408
22.047,1.45961,0,1.45961,11.56,56.1638,213,0,0,2715,39.47,39.7764,37.3408
22.0728,7.19344,0,7.19344,11.56,56.1638,243,3,0,2718,39.4879,39.794,37.3336
22.1013,23.1443,0,23.1443,11.54,56.0048,269,3,0,2722,39.6242,39.9298,37.324
22.1157,9.53516,0,9.53516,11.52,55.857,223,1,0,2723,39.6559,39.9614,37.3216
22.1319,5.86626,0,5.86626,11.52,55.857,223,1,0,2724,39.6634,39.9688,37.3192
22.1525,16.3305,0,16.3305,11.5,55.7371,238,2,0,2727,39.6348,39.9399,37.312
22.1645,6.87593,0,6.87593,11.48,55.6179,231,2,0,2729,39.627,39.9318,37.3073
22.2012,22.7983,0,22.7983,11.48,55.6179,271,2,0,2732,39.6955,40,37.3001
22.2075,1.44227,0,1.44227,11.46,55.4996,211,0,0,2732,39.6955,40,37.3001
22.2308,4.89196,0,4.89196,11.46,55.4996,231,2,0,2734,39.6942,39.9985,37.2953
22.2526,17.227,0,17.227,11.44,55.3821,239,1,0,2736,39.7171,40.0212,37.2906
22.2605,2.87277,0,2.87277,11.42,55.2657,211,0,0,2737,39.7052,40.0091,37.2882
22.2927,14.1784,0,14.1784,11.42,55.2657,246,2,0,2741,39.7811,40.0846,37.2787
22.3098,12.931,0,12.931,11.4,55.1499,229,2,0,2744,39.7963,40.0995,37.2716
22.3432,25.362,0,25.362,11.4,55.1499,229,2,0,2746,39.8216,40.1245,37.2668
22.3511,2.783,0,2.783,11.38,55.0345,233,1,0,2747,39.8209,40.1238,37.2644
22.3743,5.81789,0,5.81789,11.38,55.0345,225,1,0,2749,39.8378,40.1404,37.2597
22.3976,18.0999,0,18.0999,11.36,54.9196,229,2,0,2751,39.8702,40.1727,37.255
22.4062,4.3354,0,4.3354,11.34,54.805,221,1,0,2752,39.8903,40.1926,37.2526
22.438,14.6518,0,14.6518,11.34,54.805,215,0,0,2753,39.8885,40.1907,37.2502
22.4513,8.41678,0,8.41678,11.32,54.6908,207,0,0,2756,39.8541,40.156,37.2431
22.4679,5.03387,0,5.03387,11.32,54.6908,227,2,0,2758,39.8412,40.1429,37.2384
22.4875,14.8056,0,14.8056,11.3,54.577,227,2,0,2760,39.8804,40.1819,37.2337
22.4985,6.41081,0,6.41081,11.3,54.577,228,0,0,2762,39.8823,40.1836,37.229
22.5085,5.4006,0,5.4006,11.28,54.4634,217,1,0,2763,39.8907,40.1918,37.2266
22.5294,5.8507,0,5.8507,11.28,54.4634,217,1,0,2764,39.8864,40.1874,37.2243
22.5363,2.78276,0,2.78276,11.26,54.3502,207,0,0,2765,39.8741,40.175,37.2219
22.5702,15.0937,0,15.0937,11.26,54.3502,227,2,0,2767,39.9057,40.2064,37.2172
22.6504,75.0681,11.4804,63.5878,11.24,54.2372,8685,122,0,2771,39.834,40.1595,37.2078
22.6642,8.56972,0,8.56972,11.22,54.1777,225,2,0,2774,39.8107,40.1359,37.2008
22.6793,2.84644,0,2.84644,11.22,54.1777,215,1,0,2775,39.8076,40.1326,37.1985
22.6922,8.81496,0,8.81496,11.2,54.1257,225,2,0,2777,39.8196,40.1444,37.1938
22.719,14.4164,0,14.4164,11.2,54.1257,223,1,0,2778,39.8121,40.1368,37.1914
22.7245,1.82491,0,1.82491,11.18,54.0737,215,1,0,2779,39.8093,40.1339,37.1891
22.7459,1.45526,0,1.45526,11.18,54.0737,205,0,0,2779,39.8093,40.1339,37.1891
22.7633,13.4661,0,13.4661,11.16,49.0846,250,1,0,2781,39.8252,40.1496,37.1844
22.7734,2.15463,0,2.15463,11.16,49.0846,223,1,0,2782,39.8188,40.1431,37.1821
22.7993,22.0515,0,22.0515,11.14,48.9223,240,2,0,2784,39.847,40.171,37.1774
22.8218,17.419,0,17.419,11.12,54.095,222,2,0,2786,39.8615,40.1852,37.1727
22.8275,1.39411,0,1.39411,11.1,48.806,208,0,0,2786,39.8615,40.1852,37.1727
22.8505,2.99911,0,2.99911,11.1,48.806,218,1,0,2787,39.8759,40.1995,37.1704
22.8848,30.2474,0,30.2474,11.08,48.6441,224,2,0,2789,39.8921,40.2155,37.1657
22.9017,12.0881,0,12.0881,11.06,48.4826,237,1,0,2791,39.9018,40.225,37.1611
22.9305,20.1034,0,20.1034,11.06,48.4826,232,0,0,2793,39.9703,40.2932,37.1564
22.944,8.37252,0,8.37252,11.04,48.3214,234,3,0,2797,39.9614,40.2839,37.1471
22.9642,8.6019,0,8.6019,11.04,48.3214,224,2,0,2799,39.9689,40.2912,37.1425
22.979,9.74385,0,9.74385,11.02,48.1607,214,1,0,2801,40.0089,40.331,37.1379
22.9948,5.70362,0,5.70362,11.02,48.1607,224,2,0,2803,39.9886,40.3104,37.1332
23.0019,1.9883,0,1.9883,11,48.0002,206,0,0,2804,39.9754,40.2971,37.1309
23.0241,4.27475,0,4.27475,11,48.0002,216,1,0,2806,39.9555,40.2769,37.1263
23.0476,18.962,0,18.962,10.98,47.84,237,3,0,2809,39.9637,40.2848,37.1194
23.059,6.21002,0,6.21002,10.96,47.6801,234,2,0,2811,39.9776,40.2985,37.1147
23.0922,18.6085,0,18.6085,10.96,47.6801,381,1,0,2815,40.0064,40.3268,37.1055
23.1126,15.2655,0,15.2655,10.94,47.522,223,1,0,2817,39.9819,40.3021,37.1009
23.1207,3.33354,0,3.33354,10.92,47.4027,223,1,0,2818,39.9784,40.2984,37.0986
23.1395,1.06157,0,1.06157,10.92,47.4027,213,0,0,2818,39.9784,40.2984,37.0986
23.1458,2.30601,0,2.30601,10.9,47.326,211,0,0,2819,39.9716,40.2916,37.0963
23.1831,17.9777,0,17.9777,10.9,47.326,241,3,0,2822,39.9986,40.3182,37.0894
23.2,12.1718,0,12.1718,10.88,47.2493,245,2,0,2825,39.9862,40.3055,37.0825
23.2126,3.59522,0,3.59522,10.88,47.2493,221,1,0,2827,39.9611,40.2802,37.0779
23.2224,5.49913,0,5.49913,10.86,47.1726,221,1,0,2829,39.9434,40.2623,37.0733
23.2443,5.84979,0,5.84979,10.86,47.1726,221,1,0,2830,39.9318,40.2505,37.0711
23.2643,15.7572,0,15.7572,10.84,47.096,221,1,0,2831,39.9936,40.3123,37.0688
23.2893,20.1165,0,20.1165,10.84,47.096,231,2,0,2833,39.9806,40.299,37.0642
23.3313,37.3301,0,37.3301,10.82,47.0193,229,2,0,2836,40.0511,40.3692,37.0573
23.3553,19.2793,0,19.2793,10.8,46.9426,229,2,0,2838,40.0402,40.358,37.0528
23.3653,5.28794,0,5.28794,10.78,46.8659,230,0,0,2841,40.0581,40.3756,37.0459
23.4097,29.345,0,29.345,10.78,46.8659,249,2,0,2844,40.1086,40.4258,37.0391
23.4307,15.8682,0,15.8682,10.76,46.7892,211,0,0,2845,40.104,40.4211,37.0368
23.4444,8.65373,0,8.65373,10.74,46.7125,276,2,0,2848,40.0941,40.4108,37.03
23.4695,13.5336,0,13.5336,10.74,46.7125,219,1,0,2850,40.0681,40.3846,37.0254
23.4784,3.72158,0,3.72158,10.72,46.6358,221,1,0,2852,40.0568,40.3731,37.0209
23.5169,21.7498,0,21.7498,10.72,46.6358,239,2,0,2854,40.0385,40.3546,37.0164
23.5394,18.5507,0,18.5507,10.7,46.5591,228,1,0,2855,40.1061,40.4221,37.0141
23.5507,6.21562,0,6.21562,10.68,46.4824,237,1,0,2856,40.1229,40.4387,37.0118
23.5665,1.38101,0,1.38101,10.68,46.4824,218,0,0,2856,40.1229,40.4387,37.0118
23.5729,1.78587,0,1.78587,10.66,46.4057,225,0,0,2857,40.1173,40.433,37.0096
23.6115,18.8725,0,18.8725,10.66,46.4057,308,0,0,2858,40.1375,40.4531,37.0073
23.6339,17.9946,0,17.9946,10.64,46.329,221,1,0,2859,40.1308,40.4463,37.005
23.6425,3.57567,0,3.57567,10.62,46.2523,223,1,0,2861,40.1223,40.4376,37.0005
23.6706,10.9823,0,10.9823,10.62,46.2523,250,2,0,2863,40.198,40.5131,36.996
23.7115,36.4668,0,36.4668,10.6,46.1756,218,1,0,2864,40.3017,40.6166,36.9937
23.7269,10.6234,0,10.6234,10.58,46.0989,228,1,0,2865,40.3127,40.6276,36.9915
23.7441,6.84138,0,6.84138,10.58,46.0989,238,2,0,2867,40.3338,40.6484,36.987
23.7514,3.17797,0,3.17797,10.56,46.0222,225,0,0,2868,40.3337,40.6482,36.9847
23.7766,6.76532,0,6.76532,10.56,46.0222,221,1,0,2869,40.3329,40.6473,36.9824
23.788,7.28191,0,7.28191,10.54,45.9455,219,1,0,2871,40.357,40.6712,36.9779
23.8155,12.9984,0,12.9984,10.54,45.9455,277,3,0,2875,40.3805,40.6943,36.9689
23.8217,1.50244,0,1.50244,10.52,45.8689,206,0,0,2875,40.3805,40.6943,36.9689
23.8538,12.2495,0,12.2495,10.52,45.8689,226,2,0,2877,40.4122,40.7258,36.9644
23.8773,18.1248,0,18.1248,10.5,45.7922,232,1,0,2880,40.4115,40.7247,36.9577
23.8883,5.4532,0,5.4532,10.48,45.7155,217,1,0,2881,40.411,40.7241,36.9555
23.9277,24.7988,0,24.7988,10.48,45.7155,226,2,0,2883,40.385,40.6979,36.951
23.9402,8.29348,0,8.29348,10.46,45.6388,216,2,0,2885,40.3636,40.6763,36.9465
23.9781,26.3727,0,26.3727,10.46,45.6388,236,1,0,2887,40.4347,40.7471,36.942
23.9939,10.5725,0,10.5725,10.44,45.5621,216,3,0,2890,40.4031,40.7152,36.9353
24.0079,3.61848,0,3.61848,10.44,45.5621,196,1,0,2891,40.3912,40.7032,36.9331
24.0136,1.12735,0,1.12735,10.42,45.4854,186,0,0,2892,40.3779,40.6898,36.9308
24.0511,17.1401,0,17.1401,10.42,45.4854,222,3,0,2895,40.3979,40.7095,36.9241
24.0582,1.98272,0,1.98272,10.4,45.4087,186,1,0,2896,40.3847,40.6961,36.9219
24.0833,7.18201,0,7.18201,10.4,45.4087,186,1,0,2897,40.3711,40.6824,36.9197
24.1109,22.5653,0,22.5653,10.38,45.332,194,2,0,2899,40.3618,40.673,36.9152
24.1248,9.3331,0,9.3331,10.36,45.2553,202,1,0,2900,40.3769,40.6879,36.913
24.1431,6.13031,0,6.13031,10.36,45.2553,194,0,0,2901,40.365,40.676,36.9108
24.1565,8.77028,0,8.77028,10.34,45.1786,229,3,0,2905,40.3415,40.652,36.9019
24.1716,2.66904,0,2.66904,10.34,45.1786,202,1,0,2906,40.3307,40.6411,36.8996
24.2166,40.4655,23.4914,16.9741,10.32,45.1019,2032,183,0,2910,40.3203,40.6337,36.8908
24.2781,56.5086,0,56.5086,10.3,47.1057,8516,140,0,2912,40.2253,40.5773,36.8863
24.2976,14.4157,0,14.4157,10.28,46.948,200,1,0,2914,40.2296,40.5813,36.8819
24.327,23.7846,0,23.7846,10.28,46.948,200,1,0,2915,40.248,40.5997,36.8797
24.3339,1.79297,0,1.79297,10.26,46.7916,190,0,0,2915,40.248,40.5997,36.8797
24.3644,11.8358,0,11.8358,10.26,46.7916,200,2,0,2917,40.2773,40.6287,36.8753
24.3727,3.70881,0,3.70881,10.24,46.6364,360,0,0,2918,40.2879,40.6391,36.8731
24.4054,14.9427,0,14.9427,10.24,46.6364,357,3,0,2921,40.3465,40.6974,36.8664
24.4265,16.5922,0,16.5922,10.22,46.4829,360,2,0,2923,40.3281,40.6788,36.862
24.4724,40.2262,0,40.2262,10.2,46.3301,403,3,0,2927,40.382,40.7321,36.8532
24.492,14.2379,0,14.2379,10.18,46.178,371,2,0,2929,40.4039,40.7538,36.8488
24.5155,17.3611,0,17.3611,10.18,46.178,364,0,0,2930,40.4116,40.7614,36.8466
24.5271,6.46832,0,6.46832,10.16,46.0267,350,2,0,2932,40.4127,40.7623,36.8422
24.5671,26.233,0,26.233,10.16,46.0267,350,2,0,2934,40.3954,40.7447,36.8378
24.5947,22.2572,0,22.2572,10.14,45.8759,339,1,0,2935,40.4794,40.8286,36.8356
24.6041,3.54895,0,3.54895,10.12,45.7257,330,1,0,2936,40.4714,40.8205,36.8334
24.6225,1.60698,0,1.60698,10.12,45.7257,320,0,0,2936,40.4714,40.8205,36.8334
24.6412,13.9868,0,13.9868,10.1,45.5761,344,1,0,2940,40.4378,40.7864,36.8246
24.6722,23.4515,0,23.4515,10.1,45.5761,406,2,0,2943,40.4336,40.7819,36.8181
24.6778,1.37385,0,1.37385,10.08,45.427,300,0,0,2943,40.4336,40.7819,36.8181
24.7035,5.25082,0,5.25082,10.08,45.427,320,2,0,2946,40.4196,40.7675,36.8115
24.73,22.1999,0,22.1999,10.06,45.2784,330,3,0,2949,40.4547,40.8023,36.805
24.743,8.07622,0,8.07622,10.04,45.139,290,2,0,2950,40.4983,40.8458,36.8028
24.7573,1.40369,0,1.40369,10.04,45.139,280,0,0,2950,40.4983,40.8458,36.8028
24.7827,21.0684,0,21.0684,10.02,45.0314,302,1,0,2952,40.5596,40.9068,36.7984
24.7914,3.34352,0,3.34352,10,44.9243,299,1,0,2954,40.5657,40.9127,36.794
24.8122,3.99687,0,3.99687,10,44.9243,286,1,0,2955,40.5604,40.9073,36.7919
24.8198,2.42627,0,2.42627,9.98,44.8174,280,1,0,2956,40.5497,40.8965,36.7897
24.8483,10.9494,0,10.9494,9.98,44.8174,290,2,0,2958,40.5338,40.8803,36.7853
24.8548,1.29646,0,1.29646,9.96,44.7109,270,0,0,2958,40.5338,40.8803,36.7853
24.8902,16.3625,0,16.3625,9.96,44.7109,290,2,0,2960,40.5459,40.8922,36.781
24.9058,10.2418,0,10.2418,9.94,44.6047,300,2,0,2962,40.5503,40.8964,36.7766
24.9341,17.5505,0,17.5505,9.94,44.6047,324,3,0,2964,40.5334,40.8792,36.7723
24.9443,5.64961,0,5.64961,9.92,44.4988,280,1,0,2965,40.5248,40.8705,36.7701
24.9756,15.6828,0,15.6828,9.92,44.4988,304,1,0,2967,40.5443,40.8898,36.7658
24.9989,17.9624,0,17.9624,9.9,44.3931,301,1,0,2969,40.5318,40.8771,36.7614
25.017,12.8894,0,12.8894,9.88,44.3516,309,3,0,2972,40.5478,40.8927,36.755
25.0291,4.15007,0,4.15007,9.88,44.3516,270,0,0,2972,40.5478,40.8927,36.755
25.0384,4.85492,0,4.85492,9.86,44.318,280,2,0,2973,40.5617,40.9065,36.7528
25.0659,10.9898,0,10.9898,9.86,44.318,304,1,0,2975,40.564,40.9086,36.7485
25.0842,13.6814,0,13.6814,9.84,44.2844,280,2,0,2977,40.5922,40.9365,36.7441
25.1046,12.3781,0,12.3781,9.84,44.2844,273,2,0,2978,40.5836,40.9275,36.742
25.1384,28.3763,0,28.3763,9.82,44.2508,290,3,0,2981,40.6213,40.9648,36.7355
25.1497,6.00318,0,6.00318,9.8,44.2171,270,1,0,2984,40.5975,40.9407,36.729
25.1725,9.04949,0,9.04949,9.8,44.2171,296,3,0,2987,40.5792,40.922,36.7226
25.1787,1.02711,0,1.02711,9.78,44.1835,260,0,0,2987,40.5792,40.922,36.7226
25.2272,29.7585,0,29.7585,9.78,44.1835,298,3,0,2990,40.6334,40.9759,36.7161
25.2463,13.9767,0,13.9767,9.76,44.1499,289,3,0,2993,40.6478,40.99,36.7097
25.2653,12.0954,0,12.0954,9.76,44.1499,297,0,0,2994,40.6777,41.0197,36.7075
25.2737,3.7316,0,3.7316,9.74,44.1163,240,0,0,2996,40.6562,40.998,36.7033
25.3232,31.8814,0,31.8814,9.74,44.1163,288,3,0,3000,40.6723,41.0137,36.6947
25.3366,8.25675,0,8.25675,9.72,44.0826,270,4,0,3001,40.7537,41.0936,36.6925
25.3736,24.4634,0,24.4634,9.72,44.0826,260,2,0,3003,40.7569,41.0966,36.6883
25.3828,4.28168,0,4.28168,9.7,44.049,240,1,0,3005,40.7517,41.0912,36.684
25.4103,11.5389,0,11.5389,9.7,44.049,251,2,0,3007,40.727,41.0662,36.6797
25.4171,1.6452,0,1.6452,9.68,44.0154,230,0,0,3007,40.727,41.0662,36.6797
25.4374,1.65115,0,1.65115,9.68,44.0154,230,0,0,3007,40.727,41.0662,36.6797
25.4466,4.35767,0,4.35767,9.66,43.9818,250,2,0,3009,40.7278,41.0668,36.6755
25.4673,4.83434,0,4.83434,9.66,43.9818,250,1,0,3010,40.7538,41.0927,36.6733
25.4903,17.8997,0,17.8997,9.64,43.9482,250,2,0,3012,40.7699,41.1086,36.6691
25.5059,11.209,0,11.209,9.62,43.9145,254,2,0,3015,40.8129,41.1512,36.6627
25.521,4.9583,0,4.9583,9.62,43.9145,240,1,0,3016,40.8428,41.181,36.6605
25.5266,1.0726,0,1.0726,9.6,43.8809,230,0,0,3016,40.8428,41.181,36.6605
25.5592,12.198,0,12.198,9.6,43.8809,282,1,0,3018,40.8907,41.2286,36.6563
25.5767,13.2357,0,13.2357,9.58,43.8473,254,2,0,3020,40.9318,41.2695,36.652
25.6119,27.4314,0,27.4314,9.58,43.8473,540,4,0,3022,40.9858,41.3243,36.6478
25.626,8.77516,0,8.77516,9.56,43.8137,250,2,0,3024,40.9673,41.3056,36.6435
25.6585,20.1502,0,20.1502,9.56,43.8137,297,2,0,3028,40.9927,41.3306,36.6351
25.6637,1.01622,0,1.01622,9.54,43.78,230,0,0,3028,40.9927,41.3306,36.6351
25.6868,2.3374,0,2.3374,9.54,43.78,240,1,0,3029,40.995,41.3328,36.6329
25.6945,3.43288,0,3.43288,9.52,43.7464,240,1,0,3030,40.9851,41.3228,36.6308
25.7148,2.47763,0,2.47763,9.52,43.7464,230,0,0,3030,40.9851,41.3228,36.6308
25.7607,41.5547,0,41.5547,9.5,43.7128,350,3,0,3035,41.0484,41.3855,36.6203
25.7737,8.16261,0,8.16261,9.48,43.6792,251,2,0,3037,41.023,41.3599,36.616
25.7903,3.73702,0,3.73702,9.48,43.6792,257,2,0,3039,41.0342,41.3708,36.6118
25.7988,4.29548,0,4.29548,9.46,43.6455,230,0,0,3040,41.0211,41.3576,36.6097
25.819,2.69397,0,2.69397,9.46,43.6455,246,1,0,3041,41.0303,41.3667,36.6076
25.8262,2.91482,0,2.91482,9.44,43.6119,240,1,0,3042,41.0371,41.3734,36.6055
25.8512,6.12013,0,6.12013,9.44,43.6119,241,1,0,3043,41.0565,41.3927,36.6034
25.8603,4.97614,0,4.97614,9.42,43.5783,272,1,0,3045,41.0539,41.3898,36.5992
25.8815,4.54594,0,4.54594,9.42,43.5783,240,2,0,3047,41.0417,41.3774,36.595
25.8889,3.11736,0,3.11736,9.4,43.5447,230,1,0,3048,41.0335,41.3691,36.5929
25.9378,30.2251,0,30.2251,9.4,43.5447,240,2,0,3050,41.0574,41.3928,36.5887
25.9526,9.49527,0,9.49527,9.38,43.511,240,2,0,3052,41.0357,41.3709,36.5845
25.964,1.09199,0,1.09199,9.38,43.511,220,0,0,3052,41.0357,41.3709,36.5845
26.0062,37.1218,0,37.1218,9.36,40.4868,244,2,0,3054,41.1205,41.4555,36.5803
26.0205,9.07822,0,9.07822,9.34,40.3274,240,2,0,3056,41.1018,41.4365,36.5761
26.0445,13.4641,0,13.4641,9.34,40.3274,230,1,0,3057,41.1001,41.4347,36.574
26.054,4.8484,0,4.8484,9.32,40.1673,230,1,0,3059,41.0765,41.4109,36.5698
26.0775,7.2961,0,7.2961,9.32,40.1673,230,1,0,3060,41.067,41.4013,36.5677
26.0885,6.86127,0,6.86127,9.3,40.0065,250,3,0,3063,41.0522,41.3862,36.5614
26.1088,5.28518,0,5.28518,9.3,40.0065,240,2,0,3065,41.0662,41.4,36.5573
26.2128,97.9209,48.6914,49.2295,9.28,43.797,11072,244,0,3067,40.9635,41.3401,36.5531
26.2233,3.97523,0,3.97523,9.26,39.9274,228,1,0,3068,40.9612,41.3377,36.551
26.2409,1.30079,0,1.30079,9.26,39.9274,210,0,0,3068,40.9612,41.3377,36.551
26.249,4.23214,0,4.23214,9.24,39.7659,217,1,0,3069,40.9844,41.3607,36.5489
26.2839,17.2916,0,17.2916,9.24,39.7659,259,3,0,3072,41.0505,41.4264,36.5427
26.3012,13.0062,0,13.0062,9.22,39.6036,220,2,0,3074,41.0426,41.4183,36.5385
26.3296,19.7981,0,19.7981,9.22,39.6036,220,2,0,3076,41.0598,41.4353,36.5343
26.3361,1.91962,0,1.91962,9.2,39.4406,200,0,0,3076,41.0598,41.4353,36.5343
26.367,12.5789,0,12.5789,9.2,39.4406,229,2,0,3078,41.1127,41.488,36.5302
26.3842,12.397,0,12.397,9.18,39.277,240,3,0,3081,41.1078,41.4826,36.5239
26.394,1.84,0,1.84,9.18,39.277,210,0,0,3081,41.1078,41.4826,36.5239
26.4082,9.60353,0,9.60353,9.16,39.1136,220,1,0,3085,41.0904,41.4648,36.5156
26.4294,10.3737,0,10.3737,9.16,39.1136,248,3,0,3088,41.138,41.512,36.5094
26.4584,24.0616,0,24.0616,9.14,38.9507,240,3,0,3091,41.2077,41.5814,36.5032
26.4702,6.92822,0,6.92822,9.12,38.7884,239,2,0,3093,41.2108,41.5842,36.4991
26.5097,26.3143,0,26.3143,9.12,38.7884,256,1,0,3096,41.2671,41.6402,36.4929
26.5389,23.9875,0,23.9875,9.1,38.6265,230,2,0,3099,41.2688,41.6415,36.4867
26.5532,9.24929,0,9.24929,9.08,44.5606,250,6,0,3101,41.2735,41.6462,36.4826
26.5697,5.16793,0,5.16793,9.08,44.5606,230,2,0,3103,41.2704,41.6429,36.4785
26.5777,3.33547,0,3.33547,9.06,38.5137,210,1,0,3104,41.2587,41.6311,36.4764
26.5997,3.80111,0,3.80111,9.06,38.5137,210,1,0,3105,41.2696,41.6419,36.4743
26.6074,2.98293,0,2.98293,9.04,38.3522,210,1,0,3107,41.2481,41.6202,36.4702
26.6266,1.53506,0,1.53506,9.04,38.3522,210,1,0,3108,41.2365,41.6084,36.4682
26.6471,15.5846,0,15.5846,9.02,38.1912,210,1,0,3109,41.2235,41.5954,36.4661
26.6607,9.56989,0,9.56989,9,38.0305,200,0,0,3110,41.2122,41.5839,36.4641
26.6778,5.57009,0,5.57009,9,38.0305,210,1,0,3111,41.242,41.6136,36.462
26.6916,9.62386,0,9.62386,8.98,37.8702,211,1,0,3112,41.2323,41.6038,36.46
26.705,1.71201,0,1.71201,8.98,37.8702,200,0,0,3112,41.2323,41.6038,36.46
26.7159,6.46698,0,6.46698,8.96,37.7102,210,1,0,3113,41.2525,41.6238,36.4579
26.7454,14.5491,0,14.5491,8.96,37.7102,220,2,0,3116,41.2487,41.6197,36.4518
26.7861,36.6875,0,36.6875,8.94,37.571,220,2,0,3118,41.2842,41.6549,36.4477
26.8126,21.7697,0,21.7697,8.92,37.4437,275,3,0,3122,41.3905,41.7607,36.4395
26.8316,14.0798,0,14.0798,8.9,37.3167,220,2,0,3124,41.3931,41.7631,36.4354
26.8475,9.33192,0,9.33192,8.9,37.3167,210,1,0,3126,41.3685,41.7383,36.4313
26.8572,5.8613,0,5.8613,8.88,37.2371,201,0,0,3128,41.368,41.7375,36.4272
26.9051,31.7301,0,31.7301,8.88,37.2371,220,2,0,3131,41.352,41.7212,36.4211
26.9193,9.2906,0,9.2906,8.86,37.1576,201,1,0,3133,41.3284,41.6974,36.417
26.9347,3.82679,0,3.82679,8.86,37.1576,200,1,0,3136,41.3099,41.6786,36.4109
26.9581,19.7358,0,19.7358,8.84,37.078,212,2,0,3139,41.381,41.7493,36.4048
26.9677,4.21608,0,4.21608,8.82,36.9984,180,1,0,3140,41.3841,41.7522,36.4028
27.0158,32.3792,0,32.3792,8.82,36.9984,190,2,0,3142,41.4876,41.8555,36.3987
27.0322,10.9734,0,10.9734,8.8,36.9188,190,2,0,3144,41.4641,41.8317,36.3947
27.0681,26.5646,0,26.5646,8.8,36.9188,233,3,0,3147,41.4722,41.8395,36.3886
27.09,17.0545,0,17.0545,8.78,36.8393,190,2,0,3151,41.5036,41.8705,36.3805
27.0989,3.77319,0,3.77319,8.76,36.7597,180,1,0,3152,41.5057,41.8725,36.3785
27.1345,19.6272,0,19.6272,8.76,36.7597,190,2,0,3154,41.4854,41.8519,36.3745
27.1476,8.42003,0,8.42003,8.74,36.6801,170,0,0,3155,41.4726,41.839,36.3724
27.1794,19.2428,0,19.2428,8.74,36.6801,223,2,0,3157,41.5594,41.9256,36.3684
27.1888,4.93701,0,4.93701,8.72,36.6006,170,0,0,3158,41.551,41.917,36.3664
27.2189,13.6761,0,13.6761,8.72,36.6006,174,0,0,3159,41.5454,41.9114,36.3644
27.23,5.55756,0,5.55756,8.7,36.521,180,1,0,3160,41.5459,41.9117,36.3623
27.25,6.28777,0,6.28777,8.7,36.521,190,2,0,3162,41.5297,41.8953,36.3583
27.2569,1.86485,0,1.86485,8.68,36.4414,170,0,0,3162,41.5297,41.8953,36.3583
27.2764,1.54454,0,1.54454,8.68,36.4414,170,0,0,3163,41.5255,41.8909,36.3563
27.2845,3.79941,0,3.79941,8.66,36.3619,190,2,0,3165,41.5153,41.8806,36.3523
27.3199,17.6993,0,17.6993,8.66,36.3619,190,2,0,3167,41.5611,41.9261,36.3483
27.3297,5.67788,0,5.67788,8.64,36.2823,170,1,0,3168,41.5735,41.9384,36.3462
27.3474,3.46746,0,3.46746,8.64,36.2823,170,1,0,3169,41.5731,41.9378,36.3442
27.3557,3.35495,0,3.35495,8.62,36.2027,160,1,0,3170,41.5606,41.9252,36.3422
27.3845,12.369,0,12.369,8.62,36.2027,170,2,0,3173,41.5824,41.9467,36.3362
27.3983,9.33262,0,9.33262,8.6,36.1232,160,1,0,3175,41.566,41.9301,36.3322
27.4123,3.47937,0,3.47937,8.6,36.1232,160,1,0,3176,41.5771,41.9411,36.3302
27.4326,16.3874,0,16.3874,8.58,36.0436,170,2,0,3178,41.5548,41.9185,36.3262
27.464,26.2777,0,26.2777,8.56,35.964,170,2,0,3180,41.6044,41.9679,36.3222
27.4734,4.1258,0,4.1258,8.54,35.8844,160,1,0,3181,41.5967,41.9601,36.3202
27.5037,13.6843,0,13.6843,8.54,35.8844,184,3,0,3184,41.6413,42.0044,36.3142
27.5526,44.5199,0,44.5199,8.52,35.8049,257,1,0,3186,41.7552,42.118,36.3102
27.559,1.69151,0,1.69151,8.5,35.7253,150,0,0,3186,41.7552,42.118,36.3102
27.5992,21.6731,0,21.6731,8.5,35.7253,188,3,0,3189,41.8322,42.1947,36.3042
27.6054,0.877162,0,0.877162,8.48,35.6457,150,0,0,3189,41.8322,42.1947,36.3042
27.6617,36.3671,0,36.3671,8.48,35.6457,153,0,0,3190,41.9285,42.2909,36.3022
27.6724,5.70646,0,5.70646,8.46,35.5662,160,1,0,3191,41.9188,42.2811,36.3002
27.6963,9.06461,0,9.06461,8.46,35.5662,170,2,0,3193,41.9277,42.2897,36.2962
27.7167,16.0644,0,16.0644,8.44,35.4866,172,2,0,3196,41.9305,42.2922,36.2902
27.7344,12.7225,0,12.7225,8.42,35.407,170,2,0,3198,41.9131,42.2745,36.2863
27.7529,11.299,0,11.299,8.42,35.407,160,1,0,3200,41.9203,42.2816,36.2823
27.7632,4.89816,0,4.89816,8.4,35.3275,160,1,0,3201,41.915,42.2762,36.2803
27.7811,3.18091,0,3.18091,8.4,35.3275,160,1,0,3202,41.9207,42.2817,36.2783
27.8116,25.5936,0,25.5936,8.38,35.2479,160,2,0,3204,41.9488,42.3096,36.2744
27.8341,17.6981,0,17.6981,8.36,35.1683,150,1,0,3206,41.9314,42.292,36.2704
27.8568,18.7067,0,18.7067,8.34,35.0887,170,3,0,3209,41.9022,42.2624,36.2644
27.8665,4.66518,0,4.66518,8.32,35.0092,150,1,0,3210,41.8919,42.252,36.2625
27.8997,17.2734,0,17.2734,8.32,35.0092,180,4,0,3214,41.8902,42.2498,36.2546
27.9264,22.7149,0,22.7149,8.3,34.9296,150,2,0,3216,41.9055,42.2649,36.2506
27.9372,5.72515,0,5.72515,8.28,34.85,154,1,0,3217,41.9235,42.2829,36.2486
27.9733,21.3624,0,21.3624,8.28,34.85,140,2,0,3219,41.9289,42.288,36.2447
27.9817,4.63796,0,4.63796,8.26,34.7705,120,1,0,3220,41.9466,42.3056,36.2427
28.0231,24.3212,0,24.3212,8.26,34.7705,130,2,0,3222,42.0109,42.3696,36.2388
28.0314,3.41007,0,3.41007,8.24,34.6909,110,1,0,3223,41.9991,42.3577,36.2368
28.057,8.68217,0,8.68217,8.24,34.6909,110,1,0,3224,42.0012,42.3598,36.2348
28.0632,2.43614,0,2.43614,8.22,34.6113,100,0,0,3225,41.9895,42.3479,36.2329
28.0947,12.2982,0,12.2982,8.22,34.6113,120,2,0,3227,42.0087,42.3669,36.2289
28.1056,7.0125,0,7.0125,8.2,34.5318,110,1,0,3228,42.0093,42.3674,36.227
28.1724,51.9676,0,51.9676,8.2,34.5318,130,3,0,3231,42.0709,42.4287,36.2211
28.1808,3.4362,0,3.4362,8.18,34.4522,110,1,0,3232,42.0597,42.4174,36.2191
28.2029,5.7359,0,5.7359,8.18,34.4522,110,1,0,3233,42.0532,42.4108,36.2171
28.221,13.9853,0,13.9853,8.16,34.3726,130,3,0,3236,42.0816,42.4388,36.2112
28.2358,7.18363,0,7.18363,8.16,34.3726,128,1,0,3237,42.0711,42.4282,36.2093
28.2449,4.92704,0,4.92704,8.14,34.293,100,0,0,3239,42.054,42.4109,36.2054
28.2975,35.9629,0,35.9629,8.14,34.293,120,2,0,3241,42.0617,42.4184,36.2014
28.3074,4.91645,0,4.91645,8.12,34.2135,113,1,0,3242,42.0521,42.4087,36.1995
28.3445,21.3088,0,21.3088,8.12,34.2135,110,1,0,3243,42.0426,42.399,36.1975
28.3543,5.21935,0,5.21935,8.1,34.1339,110,1,0,3244,42.0749,42.4313,36.1956
28.3793,10.4296,0,10.4296,8.1,34.1339,110,1,0,3245,42.1082,42.4644,36.1936
28.4021,17.766,0,17.766,8.08,34.0543,110,1,0,3247,42.1022,42.4583,36.1897
28.4249,18.3162,13.7111,4.60507,8.06,33.9748,644,46,0,3249,42.1127,42.4685,36.1858
28.4334,3.0831,0,3.0831,8.04,33.8952,100,1,0,3250,42.1031,42.4588,36.1839
28.4554,4.52082,0,4.52082,8.04,33.8952,100,1,0,3252,42.0984,42.4539,36.18
28.4881,28.2937,0,28.2937,8.02,33.8156,110,3,0,3255,42.1257,42.4808,36.1741
28.4982,4.7979,0,4.7979,8,33.7361,80,0,0,3257,42.1096,42.4645,36.1702
28.5199,6.15992,0,6.15992,8,33.7361,86,0,0,3258,42.0979,42.4527,36.1683
28.5343,9.987,0,9.987,7.98,33.6565,90,1,0,3260,42.1061,42.4607,36.1644
28.5465,1.09236,0,1.09236,7.98,33.6565,80,0,0,3260,42.1061,42.4607,36.1644
28.559,8.97595,0,8.97595,7.96,33.5769,90,1,0,3261,42.0951,42.4496,36.1624
28.5877,16.8314,0,16.8314,7.96,33.5769,88,0,0,3262,42.1297,42.4841,36.1605
28.5944,1.47209,0,1.47209,7.94,33.4974,80,0,0,3262,42.1297,42.4841,36.1605
28.6223,8.9314,0,8.9314,7.94,33.4974,90,1,0,3263,42.1437,42.498,36.1585
28.6393,13.0724,0,13.0724,7.92,33.4178,120,1,0,3265,42.1237,42.4778,36.1547
28.658,9.88607,0,9.88607,7.92,33.4178,90,1,0,3266,42.113,42.4669,36.1527
28.7017,39.3697,0,39.3697,7.9,33.3382,118,3,0,3269,42.1211,42.4748,36.1469
28.7194,13.1333,0,13.1333,7.88,33.2586,100,2,0,3272,42.1351,42.4884,36.1411
28.7451,18.8521,0,18.8521,7.88,33.2586,100,2,0,3274,42.1133,42.4664,36.1372
28.7567,6.67159,0,6.67159,7.86,33.1791,91,1,0,3276,42.1142,42.467,36.1334
28.7827,12.7323,0,12.7323,7.86,33.1791,100,2,0,3278,42.108,42.4606,36.1295
28.8,12.148,0,12.148,7.84,33.0995,108,2,0,3281,42.1679,42.5203,36.1237
28.8149,6.38933,0,6.38933,7.84,33.0995,99,1,0,3283,42.1508,42.5029,36.1198
28.8249,6.0301,0,6.0301,7.82,33.0199,100,2,0,3285,42.1495,42.5014,36.116
28.8426,2.04152,0,2.04152,7.82,33.0199,90,1,0,3286,42.1403,42.4921,36.1141
28.8541,7.33738,0,7.33738,7.8,32.9404,80,0,0,3286,42.1403,42.4921,36.1141
28.8741,6.47253,0,6.47253,7.8,32.9404,100,2,0,3288,42.142,42.4936,36.1102
28.9023,23.2716,0,23.2716,7.78,32.8608,111,2,0,3290,42.1337,42.4851,36.1063
28.9179,10.6622,0,10.6622,7.76,32.7812,90,1,0,3291,42.1328,42.484,36.1044
28.9305,3.49625,0,3.49625,7.76,32.7812,80,0,0,3291,42.1328,42.484,36.1044
28.9468,12.2686,0,12.2686,7.74,32.7017,90,1,0,3293,42.1233,42.4743,36.1006
28.9581,2.27788,0,2.27788,7.74,32.7017,80,0,0,3294,42.1129,42.4639,36.0987
28.9874,25.6575,0,25.6575,7.72,32.6221,108,2,0,3297,42.1471,42.4977,36.0929
29.0202,28.1713,0,28.1713,7.7,32.5425,100,2,0,3299,42.2161,42.5665,36.0891
29.0432,18.8964,0,18.8964,7.68,32.4629,120,4,0,3303,42.201,42.551,36.0814
29.0565,8.20075,0,8.20075,7.66,32.3834,100,2,0,3305,42.2139,42.5637,36.0776
29.0716,2.93724,0,2.93724,7.66,32.3834,80,0,0,3306,42.2018,42.5514,36.0757
29.1077,32.0492,0,32.0492,7.64,32.3038,100,2,0,3308,42.1835,42.533,36.0718
29.1146,2.0721,0,2.0721,7.62,32.2242,90,1,0,3309,42.1735,42.5228,36.0699
29.1379,5.6941,0,5.6941,7.62,32.2242,90,1,0,3311,42.1649,42.514,36.0661
29.1539,10.9568,0,10.9568,7.6,32.1447,80,0,0,3311,42.1649,42.514,36.0661
29.1764,13.8704,0,13.8704,7.6,32.1447,101,2,0,3313,42.2243,42.5732,36.0623
29.1837,2.51877,0,2.51877,7.58,32.0651,80,0,0,3314,42.2118,42.5607,36.0604
29.2061,4.53409,0,4.53409,7.58,32.0651,90,1,0,3315,42.2072,42.556,36.0585
29.2265,16.3443,0,16.3443,7.56,31.9855,106,1,0,3317,42.2258,42.5743,36.0546
29.2495,18.8092,0,18.8092,7.54,31.906,103,1,0,3319,42.2335,42.5818,36.0508
29.2557,1.42499,0,1.42499,7.52,31.8264,80,0,0,3319,42.2335,42.5818,36.0508
29.2942,19.0385,0,19.0385,7.52,31.8264,106,1,0,3321,42.2418,42.5899,36.047
29.3141,14.8019,0,14.8019,7.5,31.7468,70,0,0,3322,42.2351,42.5831,36.0451
29.3196,1.16886,0,1.16886,7.5,31.7468,70,0,0,3322,42.2351,42.5831,36.0451
29.326,2.27231,0,2.27231,7.48,31.6672,70,0,0,3322,42.2351,42.5831,36.0451
29.3477,2.18985,0,2.18985,7.48,31.6672,70,0,0,3323,42.2251,42.573,36.0432
29.3581,6.68231,0,6.68231,7.46,31.5877,80,1,0,3324,42.2292,42.577,36.0413
29.3757,2.54691,0,2.54691,7.46,31.5877,80,1,0,3325,42.2192,42.5669,36.0394
29.3863,6.96174,0,6.96174,7.44,31.5081,88,1,0,3326,42.2279,42.5755,36.0375
29.4035,2.40499,0,2.40499,7.44,31.5081,80,1,0,3327,42.2164,42.5639,36.0356
29.4322,24.6531,0,24.6531,7.42,31.4285,97,2,0,3329,42.2259,42.5731,36.0318
29.4395,2.69088,0,2.69088,7.4,31.349,70,0,0,3329,42.2259,42.5731,36.0318
29.4753,18.9023,0,18.9023,7.4,31.349,117,2,0,3332,42.2506,42.5975,36.0261
29.5013,21.3443,0,21.3443,7.38,31.2694,82,2,0,3334,42.3002,42.647,36.0223
29.5127,6.45457,0,6.45457,7.36,31.1898,98,3,0,3337,42.3009,42.6473,36.0167
29.5566,30.3498,0,30.3498,7.36,31.1898,90,3,0,3340,42.3293,42.6754,36.011
29.5677,6.07963,0,6.07963,7.34,31.1103,97,1,0,3342,42.3088,42.6547,36.0072
29.5832,1.10743,0,1.10743,7.34,31.1103,60,0,0,3342,42.3088,42.6547,36.0072
29.6098,22.5511,0,22.5511,7.32,31.0307,80,2,0,3344,42.3723,42.718,36.0034
29.632,17.087,0,17.087,7.3,30.9511,80,2,0,3347,42.3738,42.7192,35.9978
29.6493,12.5256,0,12.5256,7.28,30.8716,80,2,0,3350,42.3893,42.7343,35.9921
29.6727,15.9375,0,15.9375,7.28,30.8716,70,1,0,3352,42.3696,42.7145,35.9884
29.6795,1.79502,0,1.79502,7.26,30.792,60,0,0,3352,42.3696,42.7145,35.9884
29.7407,42.3111,0,42.3111,7.26,30.792,392,3,0,3357,42.4358,42.7802,35.9789
29.7527,6.88533,0,6.88533,7.24,30.7124,70,1,0,3359,42.4641,42.8083,35.9752
29.7822,15.6115,0,15.6115,7.24,30.7124,98,3,0,3362,42.4521,42.796,35.9696
29.8266,40.7161,0,40.7161,7.22,30.6328,92,2,0,3365,42.4981,42.8416,35.9639
29.8351,3.93662,0,3.93662,7.2,30.5533,60,0,0,3365,42.4981,42.8416,35.9639
29.8702,19.1795,0,19.1795,7.2,30.5533,80,2,0,3367,42.4767,42.82,35.9602
29.8839,8.8855,0,8.8855,7.18,30.4737,80,1,0,3369,42.4728,42.816,35.9564
29.9131,17.3064,0,17.3064,7.18,30.4737,124,3,0,3373,42.5064,42.8491,35.949
29.9243,7.26111,0,7.26111,7.16,30.3941,68,0,0,3374,42.5006,42.8432,35.9471
29.9423,3.80524,0,3.80524,7.16,30.3941,80,2,0,3376,42.4923,42.8347,35.9434
29.9924,46.1454,0,46.1454,7.14,30.3146,116,4,0,3380,42.5864,42.9284,35.9359
30.0013,3.81614,0,3.81614,7.12,30.235,80,2,0,3382,42.5789,42.9208,35.9322
30.0212,3.92475,0,3.92475,7.12,30.235,70,1,0,3383,42.5794,42.9211,35.9303
30.0317,5.55451,0,5.55451,7.1,30.1554,60,0,0,3384,42.5789,42.9205,35.9284
30.0569,10.9933,0,10.9933,7.1,30.1554,78,1,0,3386,42.5969,42.9383,35.9247
30.0672,5.17453,0,5.17453,7.08,30.0759,70,1,0,3388,42.5759,42.9171,35.921
30.0881,6.10964,0,6.10964,7.08,30.0759,80,2,0,3390,42.5678,42.9088,35.9173
30.1004,7.17674,0,7.17674,7.06,29.9963,70,1,0,3392,42.5769,42.9177,35.9136
30.1311,17.9376,0,17.9376,7.06,29.9963,90,3,0,3396,42.5512,42.8916,35.9061
30.1476,11.3972,0,11.3972,7.04,29.9167,80,2,0,3398,42.5471,42.8873,35.9024
30.1688,13.139,0,13.139,7.04,29.9167,80,2,0,3400,42.6062,42.9462,35.8987
30.1935,18.9613,0,18.9613,7.02,29.8371,80,2,0,3403,42.5895,42.9292,35.8932
30.2004,2.12322,0,2.12322,7,29.7576,70,1,0,3404,42.5852,42.9248,35.8913
30.2339,15.9623,0,15.9623,7,29.7576,80,2,0,3406,42.6433,42.9827,35.8876
30.2568,18.1867,0,18.1867,6.98,29.678,98,2,0,3408,42.6661,43.0053,35.8839
30.2806,18.9801,0,18.9801,6.96,29.5984,70,1,0,3409,42.6914,43.0305,35.8821
30.2869,1.97085,0,1.97085,6.94,29.5189,60,0,0,3409,42.6914,43.0305,35.8821
30.3323,25.8137,0,25.8137,6.94,29.5189,105,0,0,3410,42.6889,43.0279,35.8802
30.3661,29.0209,0,29.0209,6.92,29.4393,78,1,0,3412,42.7142,43.053,35.8765
30.4021,31.2093,0,31.2093,6.9,29.3597,80,2,0,3414,42.7068,43.0454,35.8729
30.4095,2.66269,0,2.66269,6.88,29.2802,60,0,0,3415,42.6966,43.0351,35.871
30.4402,12.5669,0,12.5669,6.88,29.2802,70,1,0,3416,42.7064,43.0448,35.8692
30.4511,6.60597,0,6.60597,6.86,29.2006,70,1,0,3417,42.7357,43.074,35.8673
30.4748,9.02183,0,9.02183,6.86,29.2006,79,1,0,3418,42.7642,43.1024,35.8655
30.4862,7.21754,0,7.21754,6.84,29.121,106,1,0,3420,42.7459,43.0839,35.8618
30.5269,26.2168,0,26.2168,6.84,29.121,87,2,0,3423,42.7642,43.102,35.8563
30.54,8.41943,0,8.41943,6.82,29.0415,80,2,0,3425,42.7477,43.0853,35.8526
30.5539,2.36655,0,2.36655,6.82,29.0415,60,0,0,3425,42.7477,43.0853,35.8526
30.5699,11.3469,0,11.3469,6.8,28.9619,70,2,0,3428,42.7544,43.0916,35.8471
30.5991,20.4605,0,20.4605,6.8,28.9619,70,2,0,3430,42.7965,43.1335,35.8434
30.6176,13.2974,0,13.2974,6.78,28.8823,60,1,0,3431,42.7948,43.1317,35.8416
30.6274,2.36898,0,2.36898,6.78,28.8823,50,0,0,3432,42.7879,43.1247,35.8398
30.6475,16.1313,0,16.1313,6.76,28.8027,80,3,0,3435,42.8277,43.1642,35.8343
30.6566,3.5981,0,3.5981,6.74,28.7232,60,1,0,3437,42.8167,43.153,35.8306
30.6889,16.5305,0,16.5305,6.74,28.7232,108,2,0,3440,42.8453,43.1814,35.8251
30.7257,32.0463,0,32.0463,6.72,28.6436,103,1,0,3443,42.8414,43.1772,35.8197
30.7421,11.4657,0,11.4657,6.7,28.564,76,2,0,3446,42.8656,43.2011,35.8142
30.7524,1.98782,0,1.98782,6.7,28.564,50,0,0,3446,42.8656,43.2011,35.8142
30.7774,20.3032,0,20.3032,6.68,28.4845,71,2,0,3448,42.9014,43.2367,35.8105
30.8628,81.3817,71.3901,9.99164,6.66,28.4049,4547,54,0,3449,42.8904,43.2308,35.8087
30.8724,4.33312,0,4.33312,6.64,28.3253,60,1,0,3450,42.889,43.2293,35.8069
30.9003,11.4842,0,11.4842,6.64,28.3253,70,2,0,3452,42.9218,43.2619,35.8033
30.9183,13.9379,0,13.9379,6.62,28.2458,116,1,0,3455,42.9352,43.275,35.7978
30.9328,7.33978,0,7.33978,6.62,28.2458,60,1,0,3457,42.9514,43.291,35.7942
30.9551,18.4266,0,18.4266,6.6,28.1662,70,2,0,3459,42.9448,43.2842,35.7905
30.9675,7.36707,0,7.36707,6.58,28.0866,60,1,0,3460,42.9647,43.304,35.7887
30.9921,12.4374,0,12.4374,6.58,28.0866,70,2,0,3462,42.9847,43.3238,35.7851
31.0001,2.90874,0,2.90874,6.56,28.007,60,1,0,3463,42.9749,43.3139,35.7833
31.0193,1.50767,0,1.50767,6.56,28.007,50,0,0,3463,42.9749,43.3139,35.7833
31.0361,12.763,0,12.763,6.54,27.9275,60,1,0,3464,43.0072,43.3461,35.7815
31.0524,8.15611,0,8.15611,6.54,27.9275,60,1,0,3465,43.0364,43.3752,35.7797
31.0796,22.342,0,22.342,6.52,27.8479,127,2,0,3467,43.043,43.3816,35.776
31.1206,35.5302,0,35.5302,6.5,27.7683,74,1,0,3469,43.0562,43.3946,35.7724
31.1484,22.6797,0,22.6797,6.48,27.6888,80,3,0,3472,43.0896,43.4277,35.767
31.1573,3.95403,0,3.95403,6.46,27.6092,60,1,0,3473,43.0852,43.4233,35.7652
31.1744,1.16616,0,1.16616,6.46,27.6092,50,0,0,3473,43.0852,43.4233,35.7652
31.1857,7.04426,0,7.04426,6.44,27.5296,80,3,0,3476,43.1033,43.441,35.7598
31.2396,39.2729,0,39.2729,6.44,27.5296,90,4,0,3480,43.1316,43.469,35.7525
31.2839,38.977,0,38.977,6.42,27.4501,83,3,0,3483,43.263,43.6001,35.7471
31.3127,23.7594,0,23.7594,6.4,27.3705,79,2,0,3486,43.2958,43.6325,35.7417
31.3253,7.3183,0,7.3183,6.38,27.2909,60,1,0,3487,43.2845,43.6212,35.7399
31.3497,12.0613,0,12.0613,6.38,27.2909,70,2,0,3489,43.3322,43.6687,35.7363
31.36,5.43945,0,5.43945,6.36,27.2113,67,1,0,3490,43.3344,43.6708,35.7345
31.3994,25.2628,0,25.2628,6.36,27.2113,70,2,0,3492,43.3794,43.7156,35.731
31.4209,16.2744,0,16.2744,6.34,27.1318,68,1,0,3493,43.4017,43.7378,35.7292
31.4382,12.5941,0,12.5941,6.32,27.0522,60,2,0,3495,43.4323,43.7682,35.7256
31.4571,10.934,0,10.934,6.32,27.0522,50,1,0,3496,43.4316,43.7674,35.7238
31.4661,5.06412,0,5.06412,6.3,26.9726,70,3,0,3499,43.4187,43.7542,35.7184
31.4994,16.5635,0,16.5635,6.3,26.9726,102,2,0,3501,43.4536,43.7889,35.7148
31.51,6.40818,0,6.40818,6.28,26.8931,50,1,0,3502,43.4537,43.789,35.713
31.5301,5.03257,0,5.03257,6.28,26.8931,50,1,0,3504,43.4455,43.7805,35.7095
31.5358,1.46671,0,1.46671,6.26,26.8135,30,0,0,3504,43.4455,43.7805,35.7095
31.5704,14.2663,0,14.2663,6.26,26.8135,60,3,0,3507,43.4368,43.7716,35.7041
31.587,12.2466,0,12.2466,6.24,26.7339,60,3,0,3511,43.4366,43.771,35.6969
31.6137,17.5449,0,17.5449,6.24,26.7339,50,2,0,3513,43.4432,43.7774,35.6934
31.6225,3.8927,0,3.8927,6.22,26.6544,40,1,0,3514,43.4405,43.7746,35.6916
31.657,18.5608,0,18.5608,6.22,26.6544,40,1,0,3515,43.4572,43.7912,35.6898
31.6892,26.7578,0,26.7578,6.2,26.5748,40,1,0,3517,43.48,43.8138,35.6863
31.7068,12.3913,0,12.3913,6.18,26.4952,56,2,0,3519,43.4803,43.8139,35.6827
31.7363,21.1183,0,21.1183,6.18,26.4952,60,3,0,3523,43.4533,43.7865,35.6756
31.7569,15.6497,0,15.6497,6.16,26.4157,50,2,0,3525,43.4482,43.7813,35.672
31.765,4.2352,0,4.2352,6.14,26.3361,40,1,0,3526,43.466,43.7989,35.6702
31.8009,18.3113,0,18.3113,6.14,26.3361,30,0,0,3527,43.4633,43.7961,35.6685
31.8086,3.76914,0,3.76914,6.12,26.2565,30,0,0,3529,43.4588,43.7914,35.6649
31.8521,25.7348,0,25.7348,6.12,26.2565,50,2,0,3532,43.4646,43.797,35.6596
31.8853,27.9981,0,27.9981,6.1,26.1769,50,2,0,3536,43.4955,43.8275,35.6525
31.8975,7.29998,0,7.29998,6.08,26.0974,40,1,0,3537,43.4871,43.8191,35.6508
31.9434,32.6464,0,32.6464,6.08,26.0974,50,2,0,3539,43.5177,43.8494,35.6472
31.9744,25.5622,0,25.5622,6.06,26.0178,70,4,0,3543,43.4914,43.8227,35.6401
31.9824,2.80708,0,2.80708,6.04,25.9382,30,0,0,3543,43.4914,43.8227,35.6401
32.0255,26.2248,0,26.2248,6.04,25.9382,40,1,0,3545,43.4962,43.8274,35.6366
32.0326,2.21638,0,2.21638,6.02,25.8587,30,0,0,3545,43.4962,43.8274,35.6366
32.064,13.1665,0,13.1665,6.02,25.8587,50,2,0,3547,43.5393,43.8703,35.6331
32.077,8.91783,0,8.91783,6,25.7791,40,1,0,3548,43.5378,43.8687,35.6313
32.0915,1.57451,0,1.57451,6,25.7791,30,0,0,3548,43.5378,43.8687,35.6313
32.0982,2.88117,0,2.88117,5.98,25.6995,50,2,0,3551,43.5134,43.844,35.626
32.1299,12.8071,0,12.8071,5.98,25.6995,50,2,0,3553,43.5561,43.8866,35.6225
32.1444,10.5502,0,10.5502,5.96,25.62,50,2,0,3555,43.5629,43.8931,35.619
32.19,34.4141,0,34.4141,5.96,25.62,68,2,0,3557,43.5721,43.9022,35.6155
32.2013,6.77889,0,6.77889,5.94,25.5404,40,1,0,3558,43.5843,43.9143,35.6137
32.2285,12.8862,0,12.8862,5.94,25.5404,50,2,0,3561,43.6029,43.9326,35.6085
32.241,8.41892,0,8.41892,5.92,25.4608,40,1,0,3563,43.5863,43.9158,35.6049
32.2593,5.02016,0,5.02016,5.92,25.4608,40,1,0,3565,43.575,43.9043,35.6014
32.2658,2.04424,0,2.04424,5.9,25.3812,30,0,0,3565,43.575,43.9043,35.6014
32.2962,10.9868,0,10.9868,5.9,25.3812,30,0,0,3566,43.5645,43.8937,35.5997
32.3049,4.03408,0,4.03408,5.88,25.3017,40,1,0,3567,43.5562,43.8853,35.5979
32.329,6.78659,0,6.78659,5.88,25.3017,50,2,0,3569,43.5444,43.8734,35.5944
32.3501,16.6552,0,16.6552,5.86,25.2221,60,3,0,3572,43.5557,43.8844,35.5892
32.3854,30.5676,0,30.5676,5.84,25.1425,50,1,0,3575,43.6076,43.9359,35.5839
32.4174,27.2446,0,27.2446,5.82,25.063,40,1,0,3576,43.6888,44.0171,35.5822
32.4347,12.3474,0,12.3474,5.8,24.9834,40,1,0,3577,43.6944,44.0226,35.5804
32.4614,18.1178,0,18.1178,5.8,24.9834,50,2,0,3579,43.7253,44.0534,35.577
32.4688,1.7208,0,1.7208,5.78,24.9038,30,0,0,3579,43.7253,44.0534,35.577
32.4921,5.56372,0,5.56372,5.78,24.9038,49,1,0,3580,43.7279,44.0559,35.5752
32.5248,28.4368,0,28.4368,5.76,24.8243,60,3,0,3583,43.7563,44.084,35.57
32.5401,10.0927,0,10.0927,5.74,24.7447,60,3,0,3586,43.7638,44.0912,35.5648
32.5739,23.1949,0,23.1949,5.74,24.7447,50,2,0,3590,43.7479,44.0749,35.5578
32.6031,24.3717,0,24.3717,5.72,24.6651,30,0,0,3591,43.7494,44.0763,35.5561
32.6248,16.459,0,16.459,5.7,24.5855,30,0,0,3594,43.7276,44.0543,35.5508
32.656,26.8221,0,26.8221,5.68,24.506,50,2,0,3598,43.7899,44.1162,35.5439
32.6817,20.4169,0,20.4169,5.66,24.4264,67,3,0,3601,43.8262,44.1522,35.5387
32.712,25.0469,0,25.0469,5.64,24.3468,50,2,0,3603,43.8948,44.2206,35.5352
32.7252,7.80565,0,7.80565,5.62,24.2673,40,1,0,3605,43.899,44.2247,35.5318
32.7538,15.9406,0,15.9406,5.62,24.2673,77,3,0,3608,43.8805,44.2059,35.5266
32.7663,8.13539,0,8.13539,5.6,24.1877,50,2,0,3610,43.8886,44.2139,35.5231
32.8165,37.0076,0,37.0076,5.6,24.1877,74,2,0,3612,43.969,44.294,35.5197
32.8745,52.5583,20.7739,31.7844,5.58,24.1081,1823,19,0,3616,43.9934,44.3197,35.5128
32.882,2.0747,0,2.0747,5.56,24.0286,30,0,0,3617,43.982,44.3083,35.511
32.9072,6.77776,0,6.77776,5.56,24.0286,30,0,0,3620,43.9671,44.2931,35.5059
32.914,2.55258,0,2.55258,5.54,23.949,30,0,0,3620,43.9671,44.2931,35.5059
32.9569,23.8377,0,23.8377,5.54,23.949,60,3,0,3623,44.0591,44.3848,35.5007
32.9634,1.5254,0,1.5254,5.52,23.8694,30,0,0,3623,44.0591,44.3848,35.5007
32.9958,14.1264,0,14.1264,5.52,23.8694,50,2,0,3625,44.0579,44.3834,35.4973
33.0211,20.3384,0,20.3384,5.5,23.7899,30,0,0,3626,44.0714,44.3969,35.4956
33.0669,41.9594,0,41.9594,5.48,23.7103,66,3,0,3629,44.0722,44.3974,35.4904
33.0803,8.08959,0,8.08959,5.46,23.6307,40,1,0,3630,44.0871,44.4121,35.4887
33.1092,17.5193,0,17.5193,5.46,23.6307,60,3,0,3633,44.1379,44.4627,35.4835
33.1276,13.3751,0,13.3751,5.44,23.5511,60,3,0,3636,44.2087,44.5333,35.4784
33.1493,14.7586,0,14.7586,5.44,23.5511,50,2,0,3639,44.2358,44.56,35.4733
33.161,8.0578,0,8.0578,5.42,23.4716,50,2,0,3643,44.2254,44.5493,35.4664
33.2008,25.9706,0,25.9706,5.42,23.4716,60,3,0,3646,44.2219,44.5455,35.4613
33.2187,12.9423,0,12.9423,5.4,23.392,60,3,0,3649,44.2206,44.544,35.4562
33.2425,15.9948,0,15.9948,5.4,23.392,50,2,0,3651,44.2687,44.5919,35.4527
33.2634,16.7164,0,16.7164,5.38,23.3124,50,2,0,3653,44.2973,44.6203,35.4493
33.2888,19.9671,0,19.9671,5.36,23.2329,60,3,0,3656,44.3403,44.663,35.4442
33.3125,18.183,0,18.183,5.34,23.1533,50,2,0,3658,44.327,44.6495,35.4408
33.3175,1.16494,0,1.16494,5.32,23.0737,40,1,0,3659,44.3178,44.6403,35.4391
33.3611,22.9301,0,22.9301,5.32,23.0737,40,1,0,3660,44.309,44.6314,35.4374
33.3962,29.9023,0,29.9023,5.3,22.9942,50,2,0,3662,44.3678,44.6901,35.434
33.4465,45.018,0,45.018,5.28,22.9146,63,3,0,3665,44.508,44.83,35.4289
33.4606,8.74975,0,8.74975,5.26,22.835,50,2,0,3667,44.5124,44.8342,35.4255
33.474,1.60735,0,1.60735,5.26,22.835,30,0,0,3667,44.5124,44.8342,35.4255
33.4877,9.53933,0,9.53933,5.24,22.7554,40,1,0,3670,44.4965,44.818,35.4204
33.5418,41.7809,0,41.7809,5.24,22.7554,70,4,0,3674,44.5585,44.8797,35.4137
33.5564,8.94198,0,8.94198,5.22,22.6759,40,1,0,3675,44.5478,44.8688,35.412
33.575,7.41012,0,7.41012,5.22,22.6759,40,1,0,3676,44.5849,44.9059,35.4103
33.5988,18.9455,0,18.9455,5.2,22.5963,40,1,0,3677,44.5915,44.9124,35.4086
33.6275,23.8848,0,23.8848,5.18,22.5167,47,1,0,3679,44.5923,44.913,35.4052
33.6362,3.72569,0,3.72569,5.16,22.4372,30,0,0,3680,44.5804,44.9011,35.4035
33.6623,10.213,0,10.213,5.16,22.4372,40,1,0,3682,44.5744,44.8949,35.4001
33.6902,22.9764,0,22.9764,5.14,22.3576,60,3,0,3685,44.6073,44.9275,35.3951
33.7229,27.5624,0,27.5624,5.12,22.278,66,3,0,3689,44.6639,44.9837,35.3883
33.7511,23.1434,0,23.1434,5.1,22.1985,50,2,0,3692,44.7107,45.0303,35.3833
33.7809,24.0287,0,24.0287,5.08,22.1189,40,1,0,3694,44.7658,45.0853,35.3799
33.7969,11.692,0,11.692,5.06,22.0393,50,2,0,3696,44.78,45.0993,35.3766
33.8116,5.1274,0,5.1274,5.06,22.0393,40,1,0,3697,44.7709,45.0901,35.3749
33.8261,10.1531,0,10.1531,5.04,21.9597,40,1,0,3699,44.8086,45.1276,35.3715
33.8647,27.4648,0,27.4648,5.04,21.9597,40,1,0,3701,44.8357,45.1546,35.3682
33.8769,5.64588,0,5.64588,5.02,21.8802,40,1,0,3702,44.8436,45.1623,35.3665
33.9106,18.649,0,18.649,5.02,21.8802,50,2,0,3704,44.8442,45.1628,35.3631
33.9169,2.17503,0,2.17503,5,21.8006,30,0,0,3704,44.8442,45.1628,35.3631
33.9434,7.24981,0,7.24981,5,21.8006,50,2,0,3706,44.8381,45.1565,35.3598
33.9739,26.3965,0,26.3965,4.98,21.721,40,1,0,3708,44.8277,45.1459,35.3564
33.9846,6.0418,0,6.0418,4.96,21.6415,50,2,0,3710,44.8461,45.1642,35.3531
34.0086,9.41567,0,9.41567,4.96,21.6415,50,2,0,3712,44.8246,45.1425,35.3497
34.0182,5.91336,0,5.91336,4.94,21.5619,50,2,0,3715,44.8121,45.1297,35.3447
34.0609,27.0197,0,27.0197,4.94,21.5619,40,1,0,3717,44.8512,45.1687,35.3414
34.0845,18.4204,0,18.4204,4.92,21.4823,40,1,0,3718,44.8553,45.1727,35.3397
34.0901,0.751759,0,0.751759,4.9,21.4028,30,0,0,3718,44.8553,45.1727,35.3397
34.1164,7.11016,0,7.11016,4.9,21.4028,60,3,0,3721,44.8503,45.1674,35.3347
34.1416,20.1356,0,20.1356,4.88,21.3232,40,1,0,3722,44.881,45.198,35.333
34.1656,20.4823,0,20.4823,4.86,21.2436,70,4,0,3726,44.9077,45.2244,35.3263
34.1821,11.519,0,11.519,4.84,21.1641,50,2,0,3728,44.971,45.2876,35.323
34.1989,7.54838,0,7.54838,4.84,21.1641,50,2,0,3730,44.9592,45.2756,35.3197
34.2061,2.53209,0,2.53209,4.82,21.0845,30,0,0,3730,44.9592,45.2756,35.3197
34.235,9.79389,0,9.79389,4.82,21.0845,30,0,0,3731,44.9727,45.2889,35.318
34.2409,1.80767,0,1.80767,4.8,21.0049,30,0,0,3731,44.9727,45.2889,35.318
34.2899,29.0728,0,29.0728,4.8,21.0049,70,4,0,3735,44.9778,45.2937,35.3114
34.3072,12.0345,0,12.0345,4.78,20.9253,50,2,0,3737,44.9925,45.3083,35.3081
34.3294,13.6958,0,13.6958,4.78,20.9253,40,1,0,3738,45.012,45.3277,35.3064
34.3859,52.4523,0,52.4523,4.76,20.8458,60,3,0,3741,45.0495,45.3649,35.3014
34.4006,9.66485,0,9.66485,4.74,20.7662,50,2,0,3744,45.0657,45.3809,35.2965
34.4157,5.49183,0,5.49183,4.74,20.7662,40,1,0,3745,45.0785,45.3936,35.2948
34.4239,2.94063,0,2.94063,4.72,20.6866,30,0,0,3745,45.0785,45.3936,35.2948
34.4559,15.1613,0,15.1613,4.72,20.6866,50,2,0,3747,45.0745,45.3894,35.2915
34.4678,6.73038,0,6.73038,4.7,20.6071,50,2,0,3749,45.087,45.4017,35.2882
34.4853,3.39278,0,3.39278,4.7,20.6071,30,0,0,3750,45.0795,45.3941,35.2865
34.5118,22.5094,0,22.5094,4.68,20.5275,50,2,0,3753,45.1292,45.4436,35.2816
34.524,7.03672,0,7.03672,4.66,20.4479,40,1,0,3754,45.1287,45.443,35.2799
34.546,9.10423,0,9.10423,4.66,20.4479,50,2,0,3756,45.1203,45.4345,35.2766
34.5532,2.06283,0,2.06283,4.64,20.3684,30,0,0,3756,45.1203,45.4345,35.2766
34.5755,4.89892,0,4.89892,4.64,20.3684,50,2,0,3758,45.1275,45.4415,35.2733
34.5954,14.5976,0,14.5976,4.62,20.2888,40,1,0,3759,45.125,45.4389,35.2717
34.6069,7.0263,0,7.0263,4.62,20.2888,30,0,0,3759,45.125,45.4389,35.2717
34.616,3.97638,0,3.97638,4.6,20.2092,40,1,0,3760,45.1144,45.4282,35.27
34.6409,9.35903,0,9.35903,4.6,20.2092,60,3,0,3763,45.1148,45.4284,35.2651
34.6831,37.0661,0,37.0661,4.58,20.1296,50,2,0,3765,45.1216,45.4351,35.2618
34.6975,8.88299,0,8.88299,4.56,20.0501,40,1,0,3766,45.1766,45.4899,35.2601
34.7122,3.81726,0,3.81726,4.56,20.0501,40,1,0,3767,45.1728,45.4861,35.2585
34.7293,12.2273,0,12.2273,4.54,19.9705,40,1,0,3770,45.143,45.456,35.2536
34.749,12.1277,0,12.1277,4.54,19.9705,40,1,0,3771,45.1623,45.4752,35.2519
34.7649,10.9007,0,10.9007,4.52,19.8909,50,2,0,3773,45.1876,45.5004,35.2486
34.8013,27.4403,0,27.4403,4.52,19.8909,60,3,0,3776,45.1732,45.4857,35.2437
34.8175,11.0431,0,11.0431,4.5,19.8114,50,2,0,3778,45.1657,45.478,35.2404
34.8408,13.8534,0,13.8534,4.5,19.8114,70,4,0,3782,45.1766,45.4886,35.2339
34.8536,7.45397,0,7.45397,4.48,19.7318,40,1,0,3783,45.1808,45.4927,35.2322
34.8744,8.56566,0,8.56566,4.48,19.7318,50,2,0,3786,45.201,45.5127,35.2273
34.8863,6.7833,0,6.7833,4.46,19.6522,40,1,0,3787,45.2311,45.5426,35.2257
34.9031,3.78488,0,3.78488,4.46,19.6522,30,0,0,3787,45.2311,45.5426,35.2257
34.9361,28.7564,0,28.7564,4.44,19.5727,50,2,0,3789,45.2396,45.5511,35.2224
34.9638,22.4179,0,22.4179,4.42,19.4931,60,3,0,3792,45.2553,45.5665,35.2175
35.0093,40.5977,0,40.5977,4.4,19.4135,60,3,0,3795,45.224,45.5349,35.2126
35.0203,5.69405,0,5.69405,4.38,19.3339,50,2,0,3797,45.2073,45.518,35.2094
35.0436,9.26913,0,9.26913,4.38,19.3339,40,1,0,3799,45.209,45.5196,35.2061
35.0807,31.8152,14.034,17.7812,4.36,19.2544,732,2,0,3801,45.2413,45.5517,35.2029
35.0984,11.6448,0,11.6448,4.34,19.1748,40,1,0,3803,45.2225,45.5327,35.1996
35.1471,41.2852,0,41.2852,4.34,19.1748,80,5,0,3808,45.2613,45.5712,35.1915
35.1611,8.29686,0,8.29686,4.32,19.0952,60,3,0,3811,45.2742,45.5838,35.1866
35.1832,9.52685,0,9.52685,4.32,19.0952,60,3,0,3814,45.2449,45.5543,35.1817
35.1896,2.203,0,2.203,4.3,19.0157,30,0,0,3814,45.2449,45.5543,35.1817
35.2159,6.79997,0,6.79997,4.3,19.0157,50,2,0,3816,45.2262,45.5354,35.1785
35.2362,16.1037,0,16.1037,4.28,18.9361,40,1,0,3817,45.2481,45.5572,35.1769
35.2456,4.00544,0,4.00544,4.26,18.8565,40,1,0,3818,45.2407,45.5498,35.1753
35.2741,13.0265,0,13.0265,4.26,18.8565,40,1,0,3819,45.2783,45.5873,35.1736
35.3201,40.0026,0,40.0026,4.24,18.777,67,3,0,3823,45.2867,45.5953,35.1672
35.3273,2.03263,0,2.03263,4.22,18.6974,40,1,0,3824,45.2835,45.5921,35.1656
35.3638,17.7111,0,17.7111,4.22,18.6974,65,2,0,3827,45.3076,45.6159,35.1607
35.3822,13.8928,0,13.8928,4.2,18.6178,50,2,0,3829,45.379,45.6871,35.1575
35.4028,12.614,0,12.614,4.2,18.6178,50,2,0,3831,45.3819,45.6899,35.1543
35.4103,1.54062,0,1.54062,4.18,18.5383,30,0,0,3831,45.3819,45.6899,35.1543
35.4556,27.2413,0,27.2413,4.18,18.5383,70,4,0,3836,45.3869,45.6945,35.1462
35.464,3.16625,0,3.16625,4.16,18.4587,50,2,0,3838,45.3726,45.68,35.143
35.4899,8.23716,0,8.23716,4.16,18.4587,60,3,0,3841,45.3491,45.6563,35.1382
35.4962,1.57936,0,1.57936,4.14,18.3791,30,0,0,3841,45.3491,45.6563,35.1382
35.5237,7.45895,0,7.45895,4.14,18.3791,40,1,0,3842,45.3824,45.6895,35.1365
35.5612,33.2779,0,33.2779,4.12,18.2995,60,3,0,3845,45.3727,45.6796,35.1317
35.5823,15.0195,0,15.0195,4.1,18.22,50,2,0,3847,45.4476,45.7544,35.1285
35.5898,2.49003,0,2.49003,4.08,18.1404,40,1,0,3848,45.4389,45.7456,35.1269
35.6306,22.4941,0,22.4941,4.08,18.1404,50,2,0,3850,45.4314,45.7379,35.1237
35.656,19.9273,0,19.9273,4.06,18.0608,40,1,0,3852,45.4494,45.7557,35.1205
35.6674,6.54558,0,6.54558,4.04,17.9813,30,0,0,3853,45.4407,45.747,35.1189
35.7327,49.9936,0,49.9936,4.04,17.9813,59,2,0,3855,45.5082,45.8143,35.1157
35.7523,14.3613,0,14.3613,4.02,17.9017,50,2,0,3857,45.5087,45.8146,35.1125
35.7612,3.95638,0,3.95638,4,17.8221,50,2,0,3859,45.4937,45.7994,35.1093
35.7857,7.0338,0,7.0338,4,17.8221,40,1,0,3860,45.5104,45.8161,35.1077
35.7974,6.46296,0,6.46296,3.98,17.7426,40,1,0,3861,45.5146,45.8203,35.1061
35.8137,1.29,0,1.29,3.98,17.7426,40,1,0,3862,45.5075,45.8131,35.1045
35.8316,12.8149,0,12.8149,3.96,17.663,50,2,0,3864,45.5005,45.8059,35.1013
35.8603,19.8592,0,19.8592,3.96,17.663,50,2,0,3866,45.5256,45.8308,35.0981
35.8889,24.3316,0,24.3316,3.94,17.5834,74,2,0,3869,45.5353,45.8403,35.0933
35.9073,12.6217,0,12.6217,3.92,17.5038,40,1,0,3870,45.5266,45.8315,35.0917
35.9257,10.7504,0,10.7504,3.92,17.5038,50,2,0,3872,45.532,45.8368,35.0885
35.9337,3.84383,0,3.84383,3.9,17.4243,30,0,0,3872,45.532,45.8368,35.0885
35.9616,10.1354,0,10.1354,3.9,17.4243,40,1,0,3873,45.5316,45.8363,35.0869
35.9923,25.7376,0,25.7376,3.88,17.3447,50,2,0,3875,45.6088,45.9133,35.0838
36.0136,15.9224,0,15.9224,3.86,17.2651,70,4,0,3879,45.6383,45.9425,35.0774
36.0258,7.65153,0,7.65153,3.84,17.1856,40,1,0,3880,45.6356,45.9397,35.0758
36.0421,2.05923,0,2.05923,3.84,17.1856,30,0,0,3880,45.6356,45.9397,35.0758
36.0501,3.18559,0,3.18559,3.82,17.106,50,2,0,3882,45.6203,45.9243,35.0726
36.0792,10.6443,0,10.6443,3.82,17.106,50,2,0,3884,45.622,45.9258,35.0695
36.0907,7.04564,0,7.04564,3.8,17.0264,50,2,0,3886,45.6096,45.9133,35.0663
36.1101,4.71838,0,4.71838,3.8,17.0264,40,1,0,3887,45.61,45.9136,35.0647
36.1169,2.38646,0,2.38646,3.78,16.9469,30,0,0,3887,45.61,45.9136,35.0647
36.151,14.5286,0,14.5286,3.78,16.9469,60,3,0,3890,45.6614,45.9648,35.0599
36.1782,22.8692,0,22.8692,3.76,16.8673,50,2,0,3892,45.7264,46.0295,35.0568
36.1991,15.5299,0,15.5299,3.74,16.7877,40,1,0,3894,45.7458,46.0488,35.0536
36.2178,12.877,0,12.877,3.72,16.7082,40,1,0,3895,45.7728,46.0757,35.052
36.2343,10.3019,0,10.3019,3.72,16.7082,30,0,0,3896,45.7628,46.0657,35.0504
36.2649,24.7354,0,24.7354,3.7,16.6286,60,3,0,3899,45.8435,46.1462,35.0457
36.2746,3.80386,0,3.80386,3.68,16.549,40,1,0,3900,45.8351,46.1377,35.0441
36.3007,10.407,0,10.407,3.68,16.549,30,0,0,3901,45.8308,46.1333,35.0425
36.3145,7.59896,0,7.59896,3.66,16.4694,50,2,0,3903,45.8363,46.1386,35.0394
36.3673,41.1576,0,41.1576,3.66,16.4694,60,3,0,3906,45.9186,46.2207,35.0347
36.3826,9.70619,0,9.70619,3.64,16.3899,50,2,0,3908,45.9076,46.2096,35.0315
36.3963,3.98584,0,3.98584,3.64,16.3899,40,1,0,3909,45.9061,46.208,35.0299
36.4113,9.1796,0,9.1796,3.62,16.3103,40,1,0,3910,45.8982,46.2,35.0283
36.4496,27.8685,0,27.8685,3.62,16.3103,50,2,0,3912,45.8995,46.2012,35.0252
36.4737,18.8025,0,18.8025,3.6,16.2307,50,2,0,3914,45.9384,46.2399,35.022
36.4814,2.50253,0,2.50253,3.58,16.1512,30,0,0,3915,45.9318,46.2332,35.0205
36.5191,19.5552,0,19.5552,3.58,16.1512,50,2,0,3917,45.9589,46.2601,35.0173
36.5356,11.5927,0,11.5927,3.56,16.0716,40,2,0,3919,45.9454,46.2465,35.0142
36.5477,2.02222,0,2.02222,3.56,16.0716,20,0,0,3919,45.9454,46.2465,35.0142
36.5775,25.8859,0,25.8859,3.54,15.992,50,3,0,3922,45.9686,46.2695,35.0095
36.5994,16.5941,0,16.5941,3.52,15.9125,46,2,0,3924,45.9829,46.2836,35.0063
36.608,2.57642,0,2.57642,3.5,15.8329,20,0,0,3924,45.9829,46.2836,35.0063
36.6422,16.1487,0,16.1487,3.5,15.8329,40,2,0,3926,45.9847,46.2853,35.0032
36.6552,8.958,0,8.958,3.48,15.7533,30,1,0,3928,45.9641,46.2645,35.0001
36.6716,2.38656,0,2.38656,3.48,15.7533,20,0,0,3928,45.9641,46.2645,35.0001
36.6883,12.7445,0,12.7445,3.46,15.6737,40,2,0,3930,45.9891,46.2893,34.9969
36.7011,3.97734,0,3.97734,3.46,15.6737,20,0,0,3931,45.9804,46.2806,34.9954
36.7273,21.2621,0,21.2621,3.44,15.5942,40,2,0,3933,45.9639,46.2639,34.9922
36.7453,12.9155,0,12.9155,3.42,15.5146,30,1,0,3934,45.9558,46.2557,34.9907
36.7686,16.5695,0,16.5695,3.42,15.5146,40,2,0,3936,45.998,46.2978,34.9876
36.7928,19.1413,0,19.1413,3.4,15.435,40,2,0,3938,46.0543,46.354,34.9844
36.8034,5.19266,0,5.19266,3.38,15.3555,30,1,0,3939,46.0584,46.358,34.9829
36.8264,8.60084,0,8.60084,3.38,15.3555,30,1,0,3941,46.0571,46.3565,34.9797
36.8332,1.37993,0,1.37993,3.36,15.2759,20,0,0,3941,46.0571,46.3565,34.9797
36.8866,35.1451,0,35.1451,3.36,15.2759,40,2,0,3943,46.1468,46.4461,34.9766
36.926,33.9065,0,33.9065,3.34,15.1963,60,4,0,3947,46.129,46.4279,34.9704
36.9778,46.668,0,46.668,3.32,15.1168,39,1,0,3949,46.1545,46.4533,34.9673
37.0041,20.7987,0,20.7987,3.3,15.0372,40,2,0,3951,46.1954,46.4941,34.9642
37.0441,34.1409,0,34.1409,3.28,14.9576,50,3,0,3954,46.2509,46.5493,34.9595
37.0513,1.87384,0,1.87384,3.26,14.878,20,0,0,3954,46.2509,46.5493,34.9595
37.0742,4.21083,0,4.21083,3.26,14.878,30,1,0,3955,46.2432,46.5416,34.9579
37.1004,22.0333,0,22.0333,3.24,14.7985,56,3,0,3959,46.2604,46.5585,34.9517
37.1175,10.0377,0,10.0377,3.22,14.7189,20,0,0,3961,46.2648,46.5627,34.9486
37.1421,14.131,0,14.131,3.22,14.7189,50,3,0,3964,46.3015,46.5991,34.944
37.1881,41.6391,0,41.6391,3.2,14.6393,53,3,0,3967,46.3464,46.6438,34.9393
37.2106,17.2149,0,17.2149,3.18,14.5598,40,2,0,3969,46.3699,46.6672,34.9362
37.23,15.2723,0,15.2723,3.16,14.4802,50,3,0,3972,46.3452,46.6422,34.9316
37.2419,5.87163,0,5.87163,3.16,14.4802,20,0,0,3973,46.3484,46.6454,34.93
37.2562,10.5236,0,10.5236,3.14,14.4006,40,2,0,3976,46.3325,46.6293,34.9254
37.2791,11.4064,0,11.4064,3.14,14.4006,20,0,0,3976,46.3325,46.6293,34.9254
37.2864,3.16867,0,3.16867,3.12,14.3211,30,1,0,3977,46.345,46.6417,34.9238
37.3158,10.9513,0,10.9513,3.12,14.3211,40,2,0,3979,46.3692,46.6657,34.9208
37.3266,5.20062,0,5.20062,3.1,14.2415,40,2,0,3981,46.3642,46.6606,34.9177
37.3465,5.66184,0,5.66184,3.1,14.2415,30,1,0,3983,46.3625,46.6588,34.9146
37.3608,9.14702,0,9.14702,3.08,14.1619,40,2,0,3985,46.3415,46.6376,34.9115
37.3746,3.34023,0,3.34023,3.08,14.1619,30,1,0,3986,46.3329,46.629,34.91
37.3906,11.9671,0,11.9671,3.06,14.0824,40,2,0,3988,46.3363,46.6321,34.9069
37.4061,5.59512,0,5.59512,3.06,14.0824,30,1,0,3989,46.3292,46.625,34.9053
37.4348,24.5583,0,24.5583,3.04,14.0028,40,2,0,3992,46.3379,46.6335,34.9007
37.4456,5.42336,0,5.42336,3.02,13.9232,30,1,0,3993,46.3288,46.6243,34.8992
37.4626,1.6475,0,1.6475,3.02,13.9232,20,0,0,3993,46.3288,46.6243,34.8992
37.4786,11.8157,0,11.8157,3,13.8436,40,2,0,3995,46.3747,46.6701,34.8961
37.508,19.4775,0,19.4775,3,13.8436,30,1,0,3996,46.3641,46.6594,34.8946
37.5608,47.6262,34.4933,13.1329,2.98,13.7641,1985,16,0,3998,46.3772,46.6721,34.8915
37.5753,9.3941,0,9.3941,2.96,13.6845,40,2,0,4000,46.3685,46.6632,34.8884
37.5939,7.13424,0,7.13424,2.96,13.6845,40,2,0,4002,46.3778,46.6724,34.8854
37.6103,12.4592,0,12.4592,2.94,13.6049,30,1,0,4004,46.3904,46.6848,34.8823
37.6355,15.6793,0,15.6793,2.94,13.6049,40,2,0,4006,46.3994,46.6937,34.8793
37.6684,28.6987,0,28.6987,2.92,13.5254,40,2,0,4008,46.4521,46.7463,34.8762
37.6811,7.30349,0,7.30349,2.9,13.4458,20,0,0,4008,46.4521,46.7463,34.8762
37.697,2.54886,0,2.54886,2.9,13.4458,20,0,0,4008,46.4521,46.7463,34.8762
37.7079,6.88907,0,6.88907,2.88,13.3662,30,1,0,4009,46.4433,46.7373,34.8747
37.7332,10.3588,0,10.3588,2.88,13.3662,20,0,0,4010,46.4459,46.7399,34.8731
37.7443,6.35462,0,6.35462,2.86,13.2867,40,2,0,4012,46.424,46.7178,34.8701
37.781,21.42,0,21.42,2.86,13.2867,50,3,0,4015,46.4884,46.7821,34.8655
37.7884,1.89665,0,1.89665,2.84,13.2071,20,0,0,4015,46.4884,46.7821,34.8655
37.8152,9.52848,0,9.52848,2.84,13.2071,40,2,0,4018,46.5164,46.8099,34.8609
37.8631,42.4343,0,42.4343,2.82,13.1275,40,2,0,4021,46.5153,46.8085,34.8563
37.8708,1.47912,0,1.47912,2.8,13.0479,20,0,0,4021,46.5153,46.8085,34.8563
37.9444,54.572,0,54.572,2.8,13.0479,40,2,0,4023,46.5859,46.8789,34.8533
37.9532,3.56801,0,3.56801,2.78,12.9684,30,1,0,4024,46.5783,46.8713,34.8518
38.0099,40.6929,0,40.6929,2.78,12.9684,58,3,0,4028,46.6286,46.9213,34.8457
38.0215,6.37862,0,6.37862,2.76,12.8888,20,0,0,4030,46.6084,46.901,34.8426
38.0488,12.7684,0,12.7684,2.76,12.8888,40,2,0,4032,46.6424,46.9348,34.8396
38.0566,2.52609,0,2.52609,2.74,12.8092,20,0,0,4032,46.6424,46.9348,34.8396
38.0977,24.0212,0,24.0212,2.74,12.8092,50,3,0,4035,46.6406,46.9328,34.835
38.1072,3.84809,0,3.84809,2.72,12.7297,30,1,0,4036,46.6301,46.9222,34.8335
38.136,12.2787,0,12.2787,2.72,12.7297,40,2,0,4038,46.6553,46.9473,34.8305
38.1475,7.18093,0,7.18093,2.7,12.6501,30,1,0,4039,46.6561,46.948,34.829
38.1795,17.345,0,17.345,2.7,12.6501,40,2,0,4041,46.6882,46.98,34.8259
38.1924,7.3652,0,7.3652,2.68,12.5705,30,1,0,4042,46.6997,46.9913,34.8244
38.2155,11.0139,0,11.0139,2.68,12.5705,30,1,0,4043,46.6884,46.98,34.8229
38.2238,2.2609,0,2.2609,2.66,12.491,20,0,0,4043,46.6884,46.98,34.8229
38.2468,5.80008,0,5.80008,2.66,12.491,30,1,0,4044,46.6874,46.979,34.8214
38.2688,15.2803,0,15.2803,2.64,12.4114,40,2,0,4047,46.722,47.0133,34.8168
38.2807,7.38612,0,7.38612,2.62,12.3318,40,2,0,4049,46.7103,47.0015,34.8138
38.3035,8.45741,0,8.45741,2.62,12.3318,30,1,0,4050,46.744,47.0351,34.8123
38.3235,14.6922,0,14.6922,2.6,12.2522,40,2,0,4054,46.7548,47.0456,34.8062
38.3342,6.06165,0,6.06165,2.58,12.1727,40,2,0,4056,46.7359,47.0266,34.8032
38.359,9.44222,0,9.44222,2.58,12.1727,30,1,0,4057,46.7456,47.0362,34.8017
38.3647,1.44671,0,1.44671,2.56,12.0931,20,0,0,4057,46.7456,47.0362,34.8017
38.3884,3.2839,0,3.2839,2.56,12.0931,30,1,0,4058,46.7395,47.0301,34.8002
38.4068,14.2114,0,14.2114,2.54,12.0135,40,2,0,4060,46.7308,47.0212,34.7972
38.423,9.02119,0,9.02119,2.54,12.0135,30,1,0,4061,46.7737,47.064,34.7957
38.432,4.85409,0,4.85409,2.52,11.934,40,2,0,4064,46.7525,47.0426,34.7912
38.4643,15.3295,0,15.3295,2.52,11.934,40,2,0,4066,46.8264,47.1163,34.7882
38.4991,30.0731,0,30.0731,2.5,11.8544,30,1,0,4067,46.8611,47.151,34.7866
38.5181,13.4472,0,13.4472,2.48,11.7748,40,2,0,4069,46.8975,47.1873,34.7836
38.5497,24.7507,0,24.7507,2.48,11.7748,40,2,0,4071,46.9074,47.197,34.7806
38.5728,17.1926,0,17.1926,2.46,11.6953,40,2,0,4073,46.9502,47.2396,34.7776
38.5911,12.3201,0,12.3201,2.44,11.6157,40,2,0,4075,46.9919,47.2812,34.7746
38.6156,17.2945,0,17.2945,2.44,11.6157,50,3,0,4078,47.0387,47.3279,34.7701
38.6226,1.39983,0,1.39983,2.42,11.5361,20,0,0,4078,47.0387,47.3279,34.7701
38.6574,15.4417,0,15.4417,2.42,11.5361,40,2,0,4080,47.0706,47.3596,34.7671
38.671,9.40063,0,9.40063,2.4,11.4566,30,1,0,4081,47.0598,47.3487,34.7656
38.7027,19.0723,0,19.0723,2.4,11.4566,40,2,0,4083,47.0693,47.3581,34.7626
38.7172,8.74287,0,8.74287,2.38,11.377,40,2,0,4085,47.0982,47.3868,34.7596
38.734,6.08038,0,6.08038,2.38,11.377,30,1,0,4086,47.0913,47.3798,34.7581
38.7623,22.3418,0,22.3418,2.36,11.2974,30,1,0,4087,47.1177,47.4062,34.7566
38.7734,5.53421,0,5.53421,2.34,11.2178,40,2,0,4089,47.1017,47.3901,34.7536
38.798,8.34962,0,8.34962,2.34,11.2178,30,1,0,4090,47.0907,47.379,34.7522
38.8194,15.4804,0,15.4804,2.32,11.1383,40,2,0,4093,47.1251,47.4131,34.7477
38.8361,12.4314,0,12.4314,2.3,11.0587,30,1,0,4095,47.1595,47.4474,34.7447
38.8482,2.48649,0,2.48649,2.3,11.0587,20,0,0,4095,47.1595,47.4474,34.7447
38.8632,10.8238,0,10.8238,2.28,10.9791,50,3,0,4098,47.1518,47.4395,34.7402
38.8794,4.89923,0,4.89923,2.28,10.9791,30,1,0,4099,47.1691,47.4567,34.7387
38.8944,10.6705,0,10.6705,2.26,10.8996,40,2,0,4101,47.1756,47.4631,34.7357
38.9298,24.1349,0,24.1349,2.26,10.8996,40,2,0,4104,47.1991,47.4864,34.7313
38.9389,3.08356,0,3.08356,2.24,10.82,20,0,0,4105,47.1886,47.4758,34.7298
38.9664,10.8113,0,10.8113,2.24,10.82,40,2,0,4107,47.2199,47.5069,34.7268
38.9919,19.8657,0,19.8657,2.22,10.7404,30,1,0,4108,47.2086,47.4956,34.7253
39.0028,6.66718,0,6.66718,2.2,10.6609,30,1,0,4111,47.1829,47.4697,34.7208
39.0518,33.7373,0,33.7373,2.2,10.6609,40,2,0,4113,47.2446,47.5312,34.7179
39.0687,10.7474,0,10.7474,2.18,10.5813,30,1,0,4115,47.2287,47.5152,34.7149
39.1149,36.1713,0,36.1713,2.18,10.5813,50,3,0,4118,47.3084,47.5947,34.7105
39.1285,7.38157,0,7.38157,2.16,10.5017,30,1,0,4119,47.3358,47.622,34.709
39.1869,44.9486,0,44.9486,2.16,10.5017,40,2,0,4121,47.3938,47.6799,34.706
39.2142,21.8027,0,21.8027,2.14,10.4221,50,3,0,4124,47.3829,47.6688,34.7016
39.2451,25.1124,0,25.1124,2.12,10.3426,40,2,0,4126,47.373,47.6587,34.6986
39.2632,12.0739,0,12.0739,2.1,10.263,30,1,0,4128,47.4038,47.6894,34.6956
39.2769,5.04632,0,5.04632,2.1,10.263,30,1,0,4129,47.411,47.6965,34.6942
39.3007,18.8704,0,18.8704,2.08,10.1834,40,2,0,4131,47.4626,47.748,34.6912
39.3091,2.54671,0,2.54671,2.06,10.1039,20,0,0,4131,47.4626,47.748,34.6912
39.3403,14.5522,0,14.5522,2.06,10.1039,40,2,0,4133,47.4421,47.7273,34.6883
39.3566,10.0931,0,10.0931,2.04,10.0243,40,2,0,4135,47.4563,47.7415,34.6853
39.3755,8.3134,0,8.3134,2.04,10.0243,40,2,0,4137,47.4496,47.7346,34.6823
39.3977,17.783,0,17.783,2.02,9.94473,40,2,0,4139,47.4948,47.7797,34.6794
39.4477,43.8274,0,43.8274,2,9.86516,40,2,0,4141,47.5354,47.8201,34.6765
39.4565,3.02195,0,3.02195,1.98,9.78559,30,1,0,4142,47.5437,47.8283,34.675
39.4978,23.5701,0,23.5701,1.98,9.78559,40,2,0,4145,47.5501,47.8345,34.6706
39.5178,13.5427,0,13.5427,1.96,9.70602,30,1,0,4146,47.5531,47.8374,34.6691
39.5507,27.335,0,27.335,1.96,9.70602,40,2,0,4148,47.5477,47.832,34.6661
39.5809,24.7641,0,24.7641,1.94,9.62645,30,1,0,4149,47.6271,47.9113,34.6647
39.5957,8.84908,0,8.84908,1.92,9.54688,40,2,0,4151,47.609,47.893,34.6617
39.6198,12.1798,0,12.1798,1.92,9.54688,30,1,0,4152,47.6154,47.8993,34.6603
39.6515,27.3472,0,27.3472,1.9,9.46731,50,3,0,4155,47.613,47.8968,34.6559
39.6749,17.8317,0,17.8317,1.88,9.38774,30,1,0,4157,47.5913,47.8749,34.6529
39.6842,3.83701,0,3.83701,1.86,9.30817,30,1,0,4158,47.583,47.8665,34.6515
39.7108,9.90161,0,9.90161,1.86,9.30817,30,1,0,4160,47.6079,47.8913,34.6485
39.7616,46.2351,0,46.2351,1.84,9.2286,60,4,0,4165,47.6485,47.9316,34.6412
39.7785,11.1118,0,11.1118,1.82,9.14903,40,2,0,4167,47.6914,47.9743,34.6383
39.792,5.47961,0,5.47961,1.82,9.14903,30,1,0,4168,47.6967,47.9796,34.6368
39.8001,2.52597,0,2.52597,1.8,9.06946,20,0,0,4168,47.6967,47.9796,34.6368
39.8257,8.6543,0,8.6543,1.8,9.06946,40,2,0,4170,47.6966,47.9794,34.6339
39.837,5.52323,0,5.52323,1.78,8.98989,20,0,0,4170,47.6966,47.9794,34.6339
39.8606,10.058,0,10.058,1.78,8.98989,40,2,0,4172,47.7423,48.0249,34.631
39.8969,30.5135,0,30.5135,1.76,8.91032,50,3,0,4175,47.7717,48.0541,34.6266
39.911,8.2885,0,8.2885,1.74,8.83075,30,1,0,4176,47.7833,48.0656,34.6251
39.9598,37.7238,0,37.7238,1.74,8.83075,50,3,0,4179,47.8387,48.1208,34.6207
39.9685,3.31891,0,3.31891,1.72,8.75118,20,0,0,4179,47.8387,48.1208,34.6207
40.0038,19.1788,0,19.1788,1.72,8.75118,50,3,0,4182,47.862,48.144,34.6164
40.016,6.50132,0,6.50132,1.7,8.67161,40,2,0,4184,47.8748,48.1565,34.6135
40.0488,19.5022,0,19.5022,1.7,8.67161,40,2,0,4186,47.8638,48.1455,34.6105
40.0588,5.39175,0,5.39175,1.68,8.59204,30,1,0,4187,47.8603,48.1419,34.6091
40.1075,32.5947,0,32.5947,1.68,8.59204,60,4,0,4191,47.8695,48.1508,34.6033
40.1408,26.9412,0,26.9412,1.66,8.51247,30,1,0,4192,47.8984,48.1796,34.6018
40.1697,22.6296,0,22.6296,1.64,8.4329,60,4,0,4196,47.9016,48.1826,34.596
40.1919,15.7667,0,15.7667,1.62,8.35333,40,2,0,4198,47.9443,48.2251,34.5931
40.2015,4.12759,0,4.12759,1.6,8.27376,30,1,0,4199,47.939,48.2198,34.5917
40.2262,9.27237,0,9.27237,1.6,8.27376,30,1,0,4201,47.9226,48.2033,34.5888
40.2508,19.0801,0,19.0801,1.58,8.1942,50,3,0,4204,47.9303,48.2108,34.5844
40.3007,44.6465,0,44.6465,1.56,8.11463,38,1,0,4208,47.9425,48.2227,34.5786
40.3148,7.53221,0,7.53221,1.54,8.03506,30,1,0,4209,47.9356,48.2157,34.5772
40.3393,11.3052,0,11.3052,1.54,8.03506,40,2,0,4212,47.9266,48.2066,34.5728
40.3755,31.3502,0,31.3502,1.52,7.95549,40,2,0,4214,47.9651,48.2449,34.57
40.4142,32.8596,0,32.8596,1.5,7.87592,40,2,0,4216,48.0104,48.2901,34.5671
40.4271,7.1847,0,7.1847,1.48,7.79635,40,2,0,4218,48.0026,48.2821,34.5642
40.4426,3.19862,0,3.19862,1.48,7.79635,20,0,0,4218,48.0026,48.2821,34.5642
40.4589,12.0483,0,12.0483,1.46,7.71678,40,2,0,4220,48.0047,48.2841,34.5613
40.4754,6.5805,0,6.5805,1.46,7.71678,30,1,0,4221,48.0028,48.2822,34.5599
40.4905,10.5886,0,10.5886,1.44,7.63721,40,2,0,4223,47.9955,48.2747,34.557
40.5061,4.21791,0,4.21791,1.44,7.63721,30,1,0,4224,47.986,48.2652,34.5555
40.5651,54.5572,35.0802,19.477,1.42,7.55764,792,3,0,4227,48.0161,48.295,34.5512
40.592,21.0121,0,21.0121,1.4,7.47807,50,3,0,4230,48.0352,48.3139,34.5469
40.6126,14.8954,0,14.8954,1.38,7.3985,50,3,0,4233,48.0612,48.3397,34.5426
40.6236,5.43742,0,5.43742,1.36,7.31893,40,2,0,4235,48.0437,48.3221,34.5397
40.6413,3.75125,0,3.75125,1.36,7.31893,30,1,0,4236,48.0335,48.3119,34.5383
40.6481,2.40467,0,2.40467,1.34,7.23936,20,0,0,4236,48.0335,48.3119,34.5383
40.6876,18.9685,0,18.9685,1.34,7.23936,60,4,0,4240,48.0439,48.3219,34.5325
40.7051,11.6871,0,11.6871,1.32,7.15979,30,1,0,4241,48.0349,48.3129,34.5311
40.7218,9.07962,0,9.07962,1.32,7.15979,30,1,0,4242,48.0575,48.3355,34.5297
40.7365,9.04592,0,9.04592,1.3,7.08022,40,2,0,4245,48.0742,48.3519,34.5254
40.7816,35.0695,0,35.0695,1.3,7.08022,30,1,0,4248,48.0492,48.3267,34.5211
40.7957,8.23327,0,8.23327,1.28,7.00065,50,3,0,4251,48.0358,48.3131,34.5168
40.8102,3.25698,0,3.25698,1.28,7.00065,20,0,0,4252,48.0252,48.3024,34.5154
40.8213,4.6617,0,4.6617,1.26,6.92108,20,0,0,4254,48.0155,48.2927,34.5125
40.8932,57.2067,0,57.2067,1.26,6.92108,50,3,0,4257,48.0724,48.3493,34.5082
40.8999,2.20798,0,2.20798,1.24,6.84151,20,0,0,4257,48.0724,48.3493,34.5082
40.9273,8.54588,0,8.54588,1.24,6.84151,50,3,0,4260,48.0502,48.327,34.5039
40.94,8.21616,0,8.21616,1.22,6.76194,40,2,0,4262,48.0425,48.3191,34.5011
40.9592,5.59625,0,5.59625,1.22,6.76194,30,1,0,4263,48.0439,48.3204,34.4997
40.9694,5.90522,0,5.90522,1.2,6.68237,30,1,0,4265,48.0246,48.3011,34.4968
41.0194,32.7003,0,32.7003,1.2,6.68237,50,3,0,4268,48.0295,48.3058,34.4925
41.0415,16.4528,0,16.4528,1.18,6.6028,40,2,0,4270,48.0351,48.3112,34.4897
41.0496,2.45207,0,2.45207,1.16,6.52323,20,0,0,4270,48.0351,48.3112,34.4897
41.1165,50.2554,0,50.2554,1.16,6.52323,40,2,0,4273,48.0878,48.3637,34.4854
41.1485,26.2717,0,26.2717,1.14,6.44366,40,2,0,4275,48.0798,48.3556,34.4826
41.1626,8.04508,0,8.04508,1.12,6.36409,30,1,0,4276,48.0891,48.3648,34.4812
41.18,6.05849,0,6.05849,1.12,6.36409,30,1,0,4277,48.0947,48.3704,34.4798
41.2065,20.6609,0,20.6609,1.1,6.28452,40,2,0,4279,48.0778,48.3534,34.4769
41.2186,6.53155,0,6.53155,1.08,6.20495,60,4,0,4283,48.0535,48.3287,34.4712
41.2347,3.2904,0,3.2904,1.08,6.20495,20,0,0,4283,48.0535,48.3287,34.4712
41.2625,23.3421,0,23.3421,1.06,6.12538,40,2,0,4285,48.0845,48.3596,34.4684
41.3135,45.0744,0,45.0744,1.04,6.04581,30,1,0,4286,48.1318,48.4069,34.467
41.3223,3.225,0,3.225,1.02,5.96624,20,0,0,4286,48.1318,48.4069,34.467
41.3724,32.4422,0,32.4422,1.02,5.96624,50,3,0,4289,48.1294,48.4043,34.4627
41.3932,15.2635,0,15.2635,1,5.88667,50,3,0,4292,48.126,48.4007,34.4585
41.4175,19.4088,0,19.4088,0.98,5.8071,30,1,0,4293,48.1165,48.3911,34.4571
41.4345,10.5238,0,10.5238,0.96,5.72754,20,0,0,4293,48.1165,48.3911,34.4571
41.456,10.071,0,10.071,0.96,5.72754,30,1,0,4294,48.1227,48.3973,34.4557
41.4764,15.7828,0,15.7828,0.94,5.64797,40,2,0,4296,48.1641,48.4385,34.4529
41.486,3.57387,0,3.57387,0.92,5.5684,30,1,0,4297,48.1596,48.434,34.4514
41.5202,18.6009,0,18.6009,0.92,5.5684,30,1,0,4298,48.2008,48.4751,34.45
41.552,26.0997,0,26.0997,0.9,5.48883,50,3,0,4301,48.2206,48.4948,34.4458
41.5963,38.1762,0,38.1762,0.88,5.40926,30,1,0,4302,48.3099,48.5839,34.4444
41.6036,1.53076,0,1.53076,0.86,5.32969,20,0,0,4302,48.3099,48.5839,34.4444
41.6515,28.8629,0,28.8629,0.86,5.32969,50,3,0,4305,48.3366,48.6105,34.4402
41.6597,2.70139,0,2.70139,0.84,5.25012,20,0,0,4306,48.3263,48.6001,34.4388
41.7008,21.9039,0,21.9039,0.84,5.25012,40,2,0,4308,48.3162,48.5898,34.4359
41.7405,34.9806,0,34.9806,0.82,5.17055,48,2,0,4311,48.351,48.6244,34.4317
41.7728,26.1735,0,26.1735,0.8,5.09098,50,3,0,4314,48.4003,48.6736,34.4275
41.7876,8.3842,0,8.3842,0.78,5.01141,30,1,0,4315,48.4035,48.6767,34.4261
41.8036,5.34784,0,5.34784,0.78,5.01141,20,0,0,4316,48.4025,48.6756,34.4247
41.8247,14.7469,0,14.7469,0.76,4.93184,30,1,0,4318,48.418,48.6911,34.4219
41.8526,23.5406,0,23.5406,0.74,4.85227,30,1,0,4320,48.466,48.7389,34.4191
41.8612,3.2049,0,3.2049,0.72,4.7727,30,1,0,4321,48.473,48.7459,34.4177
41.901,21.9726,0,21.9726,0.72,4.7727,40,2,0,4323,48.5471,48.8198,34.4149
41.9519,44.497,0,44.497,0.7,4.69313,50,3,0,4327,48.5228,48.7952,34.4093
41.97,12.0482,0,12.0482,0.68,4.61356,30,1,0,4328,48.5695,48.842,34.4079
41.9876,9.24301,0,9.24301,0.68,4.61356,30,1,0,4329,48.5717,48.8441,34.4065
41.9944,2.17546,0,2.17546,0.66,4.53399,30,1,0,4331,48.5544,48.8266,34.4037
42.0342,18.8654,0,18.8654,0.66,4.53399,50,3,0,4334,48.5842,48.8563,34.3995
42.0653,25.2677,0,25.2677,0.64,4.45442,50,3,0,4337,48.5843,48.8561,34.3953
42.1018,30.6993,0,30.6993,0.62,4.37485,50,3,0,4340,48.5848,48.8565,34.3911
42.1159,8.19292,0,8.19292,0.6,4.29528,40,2,0,4342,48.5877,48.8593,34.3883
42.1301,3.05586,0,3.05586,0.6,4.29528,20,0,0,4342,48.5877,48.8593,34.3883
42.1539,17.9995,0,17.9995,0.58,4.21571,40,2,0,4344,48.6222,48.8936,34.3855
42.1822,16.58,0,16.58,0.56,4.21571,30,2,0,4346,48.653,48.9243,34.3827
42.2532,57.9434,34.1571,23.7864,0.54,4.21571,2102,5,0,4350,48.7071,48.9782,34.3771
42.269,3.51351,0,3.51351,0.52,4.21571,20,1,0,4351,48.7134,48.9844,34.3758
42.3095,20.7857,0,20.7857,0.52,4.21571,20,1,0,4353,48.7128,48.9837,34.373
42.3247,1.77798,0,1.77798,0.5,4.21571,10,0,0,4354,48.7053,48.9761,34.3716
42.3467,4.13267,0,4.13267,0.5,4.21571,10,0,0,4355,48.6974,48.9681,34.3702
42.3789,19.4387,0,19.4387,0.48,4.21571,30,2,0,4357,48.6998,48.9704,34.3674
42.4057,14.0135,0,14.0135,0.46,4.21571,30,2,0,4359,48.7192,48.9897,34.3646
42.421,1.80404,0,1.80404,0.44,4.21571,10,0,0,4361,48.6975,48.9679,34.3619
42.4682,29.1903,0,29.1903,0.44,4.21571,40,3,0,4365,48.7095,48.9796,34.3563
42.4959,14.6376,0,14.6376,0.42,4.21571,40,3,0,4368,48.6932,48.9631,34.3522
42.5302,21.139,0,21.139,0.4,4.21571,30,2,0,4371,48.6692,48.9389,34.348
42.5687,25.2681,0,25.2681,0.38,4.21571,30,2,0,4373,48.702,48.9716,34.3452
